episode,is_optimal,expected,unexpected
1,1,0.693247,0.000000
2,0,0.698260,0.000000
3,1,0.703302,0.000003
4,1,0.708341,0.000035
5,0,0.713381,0.000028
6,1,0.718477,0.000055
7,0,0.723546,0.000044
8,0,0.728680,0.000035
9,0,0.733866,0.000028
10,0,0.739092,0.000023
11,0,0.744348,0.000018
12,0,0.749620,0.000014
13,0,0.754896,0.000012
14,0,0.760162,0.000009
15,1,0.765403,0.000007
16,1,0.770643,0.000006
17,1,0.775893,0.000005
18,0,0.781157,0.000004
19,1,0.786340,0.000003
20,1,0.791552,0.000002
21,1,0.796790,0.000002
22,1,0.802046,0.000002
23,1,0.807311,0.000001
24,1,0.812571,0.000001
25,1,0.817812,0.000001
26,1,0.823018,0.000001
27,0,0.828171,0.000001
28,0,0.833274,0.000000
29,0,0.838341,0.000000
30,1,0.843380,0.000022
31,1,0.848309,0.000081
32,1,0.853125,0.000166
33,1,0.857819,0.000273
34,1,0.862378,0.000397
35,1,0.866788,0.000538
36,0,0.871031,0.000546
37,1,0.875397,0.000623
38,1,0.879536,0.000749
39,0,0.883435,0.000705
40,1,0.887543,0.000765
41,1,0.891348,0.000897
42,0,0.894846,0.000819
43,1,0.898643,0.000872
44,1,0.902068,0.001017
45,1,0.905120,0.001220
46,0,0.907796,0.001130
47,1,0.910934,0.001190
48,1,0.913621,0.001352
49,1,0.915864,0.001580
50,1,0.917664,0.001848
51,1,0.919025,0.002139
52,1,0.919948,0.002441
53,1,0.920433,0.002746
54,1,0.920481,0.003048
55,0,0.920095,0.002797
56,1,0.920823,0.002751
57,1,0.920991,0.002847
58,1,0.920621,0.003038
59,0,0.919736,0.002643
60,1,0.920162,0.002537
61,1,0.919954,0.002629
62,0,0.919153,0.002141
63,1,0.919716,0.002014
64,0,0.919584,0.001611
65,1,0.920744,0.001389
66,1,0.921132,0.001483
67,1,0.920810,0.001782
68,1,0.919838,0.002207
69,1,0.918268,0.002701
70,1,0.916150,0.003223
71,1,0.913529,0.003745
72,0,0.910448,0.003351
73,1,0.909210,0.003280
74,1,0.907369,0.003427
75,1,0.904978,0.003711
76,1,0.902089,0.004077
77,1,0.898749,0.004484
78,1,0.895000,0.004903
79,1,0.890881,0.005316
80,1,0.886428,0.005709
81,1,0.881675,0.006075
82,1,0.876652,0.006411
83,1,0.871386,0.006714
84,1,0.865904,0.006986
85,0,0.860229,0.005983
86,1,0.857137,0.005441
87,1,0.853619,0.005225
88,0,0.849720,0.004180
89,1,0.848111,0.003485
90,0,0.845943,0.002788
91,1,0.845757,0.002231
92,1,0.844888,0.001901
93,1,0.843405,0.002007
94,0,0.841369,0.001605
95,0,0.841260,0.001284
96,1,0.842755,0.001027
97,1,0.843437,0.000822
98,1,0.843383,0.000917
99,1,0.842666,0.001385
100,1,0.841352,0.002077
101,0,0.839501,0.001662
102,1,0.839462,0.001579
103,1,0.838774,0.001912
104,1,0.837501,0.002503
105,0,0.835701,0.002002
106,0,0.835683,0.001602
107,1,0.837172,0.001282
108,1,0.837888,0.001025
109,1,0.837905,0.001287
110,1,0.837293,0.001880
111,1,0.836114,0.002663
112,1,0.834424,0.003535
113,1,0.832276,0.004425
114,1,0.829716,0.005288
115,1,0.826787,0.006092
116,1,0.823528,0.006820
117,1,0.819974,0.007462
118,0,0.816157,0.006349
119,0,0.814397,0.005079
120,1,0.814384,0.004063
121,1,0.813775,0.003413
122,1,0.812629,0.003306
123,1,0.811000,0.003557
124,1,0.808938,0.004028
125,1,0.806486,0.004623
126,0,0.803686,0.003698
127,1,0.802775,0.003241
128,1,0.801373,0.003266
129,0,0.799528,0.002612
130,1,0.799426,0.002090
131,1,0.798765,0.001967
132,1,0.797598,0.002275
133,0,0.795979,0.001820
134,1,0.796053,0.001456
135,1,0.795561,0.001493
136,1,0.794559,0.001938
137,1,0.793098,0.002629
138,1,0.791224,0.003451
139,1,0.788981,0.004321
140,1,0.786407,0.005183
141,1,0.783536,0.005998
142,1,0.780400,0.006745
143,1,0.777029,0.007409
144,1,0.773448,0.007987
145,1,0.769681,0.008477
146,1,0.765749,0.008884
147,1,0.761673,0.009211
148,1,0.757469,0.009467
149,1,0.753153,0.009658
150,1,0.748741,0.009792
151,1,0.744244,0.009878
152,0,0.739676,0.007902
153,1,0.737317,0.006557
154,1,0.734679,0.005811
155,1,0.731794,0.005486
156,0,0.728687,0.004389
157,1,0.727574,0.003511
158,1,0.726073,0.002809
159,1,0.724225,0.002612
160,1,0.722066,0.002802
161,1,0.719630,0.003238
162,1,0.716945,0.003815
163,1,0.714041,0.004459
164,1,0.710941,0.005118
165,1,0.707668,0.005756
166,1,0.704243,0.006351
167,1,0.700684,0.006888
168,1,0.697008,0.007360
169,1,0.693230,0.007766
170,1,0.689363,0.008106
171,1,0.685421,0.008383
172,1,0.681415,0.008601
173,1,0.677355,0.008767
174,1,0.673249,0.008884
175,1,0.669107,0.008960
176,1,0.664935,0.008999
177,0,0.660741,0.007199
178,1,0.658760,0.005760
179,1,0.656546,0.004669
180,1,0.654123,0.004137
181,1,0.651516,0.003992
182,1,0.648746,0.004106
183,0,0.645833,0.003284
184,1,0.644920,0.002628
185,1,0.643689,0.002102
186,1,0.642172,0.001765
187,1,0.640399,0.001883
188,1,0.638397,0.002293
189,1,0.636193,0.002877
190,1,0.633807,0.003549
191,1,0.631262,0.004248
192,1,0.628576,0.004932
193,1,0.625766,0.005573
194,1,0.622847,0.006156
195,1,0.619833,0.006671
196,1,0.616737,0.007114
197,1,0.613571,0.007486
198,1,0.610344,0.007788
199,1,0.607066,0.008027
200,1,0.603746,0.008206
201,1,0.600390,0.008333
202,1,0.597006,0.008413
203,1,0.593600,0.008452
204,1,0.590178,0.008457
205,1,0.586744,0.008431
206,1,0.583303,0.008381
207,1,0.579860,0.008311
208,1,0.576417,0.008223
209,1,0.572978,0.008123
210,1,0.569546,0.008013
211,1,0.566124,0.007895
212,1,0.562713,0.007772
213,1,0.559317,0.007646
214,1,0.555936,0.007517
215,1,0.552573,0.007389
216,1,0.549230,0.007260
217,1,0.545906,0.007134
218,1,0.542604,0.007009
219,1,0.539325,0.006887
220,1,0.536069,0.006767
221,1,0.532837,0.006651
222,1,0.529630,0.006539
223,1,0.526449,0.006430
224,1,0.523294,0.006324
225,1,0.520165,0.006222
226,1,0.517063,0.006124
227,1,0.513988,0.006028
228,1,0.510941,0.005936
229,1,0.507921,0.005848
230,1,0.504929,0.005762
231,1,0.501965,0.005679
232,1,0.499028,0.005599
233,1,0.496120,0.005521
234,1,0.493239,0.005446
235,1,0.490386,0.005373
236,1,0.487562,0.005302
237,1,0.484764,0.005233
238,1,0.481995,0.005165
239,1,0.479253,0.005100
240,1,0.476538,0.005036
241,1,0.473851,0.004973
242,0,0.471191,0.003979
243,1,0.470415,0.003183
244,1,0.469481,0.002546
245,1,0.468404,0.002037
246,0,0.467200,0.001630
247,1,0.467623,0.001304
248,1,0.467777,0.001043
249,0,0.467689,0.000834
250,1,0.469036,0.000668
251,1,0.470031,0.000534
252,1,0.470708,0.000427
253,1,0.471095,0.000342
254,1,0.471221,0.000273
255,1,0.471111,0.000372
256,1,0.470789,0.000876
257,1,0.470275,0.001618
258,1,0.469590,0.002479
259,1,0.468750,0.003375
260,1,0.467773,0.004248
261,1,0.466673,0.005060
262,1,0.465463,0.005789
263,1,0.464156,0.006423
264,1,0.462762,0.006956
265,1,0.461293,0.007390
266,1,0.459756,0.007730
267,1,0.458160,0.007983
268,1,0.456512,0.008156
269,1,0.454820,0.008258
270,1,0.453089,0.008298
271,1,0.451324,0.008285
272,1,0.449532,0.008226
273,1,0.447715,0.008131
274,1,0.445879,0.008004
275,1,0.444027,0.007853
276,1,0.442161,0.007683
277,1,0.440286,0.007499
278,1,0.438403,0.007305
279,1,0.436515,0.007104
280,1,0.434625,0.006900
281,0,0.432733,0.005520
282,0,0.432430,0.004416
283,1,0.433474,0.003533
284,1,0.434234,0.002826
285,1,0.434737,0.002261
286,1,0.435008,0.001809
287,1,0.435068,0.001447
288,1,0.434938,0.001158
289,1,0.434637,0.000987
290,1,0.434183,0.001212
291,1,0.433590,0.001682
292,1,0.432873,0.002287
293,1,0.432046,0.002950
294,1,0.431119,0.003616
295,1,0.430105,0.004249
296,1,0.429011,0.004826
297,1,0.427848,0.005334
298,1,0.426623,0.005767
299,1,0.425344,0.006124
300,1,0.424017,0.006407
301,0,0.422648,0.005125
302,1,0.422716,0.004100
303,1,0.422607,0.003280
304,1,0.422338,0.002624
305,1,0.421925,0.002099
306,1,0.421383,0.001913
307,1,0.420724,0.002039
308,1,0.419962,0.002360
309,1,0.419107,0.002791
310,1,0.418170,0.003269
311,1,0.417158,0.003752
312,1,0.416081,0.004213
313,1,0.414946,0.004632
314,1,0.413760,0.005001
315,1,0.412528,0.005312
316,1,0.411257,0.005567
317,1,0.409952,0.005765
318,1,0.408616,0.005911
319,0,0.407254,0.004729
320,1,0.407281,0.003783
321,1,0.407149,0.003026
322,1,0.406874,0.002421
323,1,0.406469,0.001937
324,1,0.405949,0.001560
325,1,0.405325,0.001545
326,1,0.404608,0.001765
327,1,0.403808,0.002124
328,1,0.402933,0.002557
329,1,0.401993,0.003014
330,1,0.400994,0.003463
331,1,0.399943,0.003883
332,1,0.398846,0.004260
333,1,0.397708,0.004587
334,1,0.396535,0.004861
335,1,0.395331,0.005083
336,1,0.394100,0.005254
337,1,0.392846,0.005378
338,1,0.391572,0.005460
339,0,0.390281,0.004368
340,1,0.390321,0.003494
341,1,0.390215,0.002796
342,1,0.389977,0.002236
343,1,0.389621,0.001789
344,1,0.389159,0.001431
345,1,0.388601,0.001294
346,1,0.387958,0.001424
347,1,0.387239,0.001720
348,1,0.386452,0.002110
349,1,0.385603,0.002540
350,1,0.384701,0.002974
351,1,0.383751,0.003388
352,1,0.382759,0.003766
353,1,0.381729,0.004098
354,1,0.380667,0.004382
355,1,0.379576,0.004615
356,1,0.378459,0.004800
357,1,0.377321,0.004938
358,1,0.376165,0.005035
359,1,0.374992,0.005093
360,1,0.373806,0.005118
361,1,0.372608,0.005114
362,0,0.371401,0.004091
363,1,0.371463,0.003273
364,1,0.371392,0.002619
365,1,0.371201,0.002095
366,1,0.370901,0.001676
367,1,0.370505,0.001341
368,1,0.370021,0.001073
369,1,0.369459,0.001103
370,1,0.368827,0.001327
371,1,0.368133,0.001667
372,1,0.367383,0.002064
373,1,0.366584,0.002479
374,1,0.365740,0.002882
375,1,0.364858,0.003258
376,1,0.363942,0.003593
377,1,0.362995,0.003884
378,0,0.362021,0.003107
379,1,0.362250,0.002486
380,1,0.362337,0.001988
381,1,0.362297,0.001591
382,1,0.362141,0.001273
383,1,0.361881,0.001018
384,1,0.361527,0.000920
385,1,0.361090,0.001094
386,1,0.360578,0.001435
387,1,0.359999,0.001866
388,1,0.359359,0.002335
389,1,0.358666,0.002803
390,1,0.357925,0.003245
391,1,0.357141,0.003647
392,1,0.356320,0.003999
393,1,0.355466,0.004297
394,1,0.354582,0.004541
395,1,0.353672,0.004732
396,1,0.352740,0.004875
397,1,0.351788,0.004972
398,1,0.350819,0.005029
399,1,0.349835,0.005052
400,0,0.348839,0.004041
401,1,0.349006,0.003233
402,1,0.349047,0.002586
403,1,0.348974,0.002069
404,1,0.348799,0.001655
405,1,0.348532,0.001324
406,1,0.348182,0.001059
407,1,0.347758,0.001078
408,1,0.347267,0.001295
409,1,0.346717,0.001628
410,1,0.346113,0.002020
411,1,0.345462,0.002430
412,1,0.344769,0.002830
413,1,0.344038,0.003201
414,1,0.343274,0.003532
415,1,0.342480,0.003819
416,1,0.341660,0.004058
417,1,0.340818,0.004250
418,1,0.339955,0.004397
419,1,0.339075,0.004503
420,1,0.338180,0.004571
421,1,0.337272,0.004606
422,1,0.336353,0.004611
423,1,0.335424,0.004592
424,1,0.334487,0.004552
425,1,0.333544,0.004494
426,1,0.332595,0.004423
427,1,0.331643,0.004340
428,1,0.330687,0.004248
429,1,0.329728,0.004150
430,1,0.328769,0.004048
431,1,0.327808,0.003943
432,1,0.326848,0.003836
433,1,0.325888,0.003730
434,1,0.324929,0.003624
435,1,0.323972,0.003520
436,1,0.323016,0.003419
437,1,0.322063,0.003320
438,1,0.321113,0.003224
439,1,0.320165,0.003131
440,1,0.319221,0.003042
441,1,0.318280,0.002956
442,1,0.317343,0.002874
443,1,0.316409,0.002796
444,1,0.315480,0.002721
445,1,0.314555,0.002649
446,1,0.313634,0.002581
447,1,0.312718,0.002516
448,1,0.311806,0.002454
449,1,0.310899,0.002395
450,1,0.309996,0.002339
451,1,0.309098,0.002285
452,1,0.308205,0.002234
453,1,0.307316,0.002185
454,1,0.306433,0.002138
455,1,0.305554,0.002093
456,1,0.304681,0.002050
457,1,0.303812,0.002008
458,1,0.302948,0.001969
459,1,0.302089,0.001930
460,1,0.301235,0.001894
461,1,0.300386,0.001858
462,0,0.299542,0.001486
463,1,0.299728,0.001189
464,1,0.299817,0.000951
465,1,0.299818,0.000761
466,1,0.299739,0.000609
467,1,0.299589,0.000487
468,1,0.299374,0.000390
469,1,0.299102,0.000312
470,1,0.298777,0.000249
471,1,0.298406,0.000317
472,1,0.297993,0.000527
473,1,0.297543,0.000817
474,1,0.297060,0.001145
475,1,0.296547,0.001480
476,1,0.296008,0.001803
477,1,0.295446,0.002099
478,1,0.294863,0.002362
479,1,0.294261,0.002587
480,1,0.293644,0.002774
481,1,0.293012,0.002923
482,1,0.292368,0.003036
483,1,0.291713,0.003117
484,1,0.291050,0.003167
485,1,0.290378,0.003192
486,1,0.289699,0.003194
487,1,0.289015,0.003176
488,1,0.288326,0.003143
489,1,0.287633,0.003096
490,1,0.286938,0.003038
491,1,0.286239,0.002972
492,1,0.285539,0.002899
493,1,0.284838,0.002822
494,1,0.284136,0.002742
495,1,0.283434,0.002660
496,1,0.282732,0.002578
497,1,0.282030,0.002495
498,0,0.281329,0.001996
499,1,0.281576,0.001597
500,1,0.281730,0.001278
501,1,0.281800,0.001022
502,1,0.281794,0.000818
503,1,0.281720,0.000654
504,1,0.281584,0.000523
505,1,0.281392,0.000419
506,1,0.281151,0.000335
507,1,0.280866,0.000402
508,1,0.280540,0.000608
509,1,0.280179,0.000891
510,1,0.279785,0.001210
511,1,0.279363,0.001536
512,1,0.278915,0.001849
513,1,0.278445,0.002135
514,1,0.277954,0.002388
515,1,0.277445,0.002604
516,1,0.276921,0.002782
517,1,0.276383,0.002923
518,1,0.275832,0.003028
519,1,0.275271,0.003102
520,1,0.274701,0.003147
521,1,0.274122,0.003167
522,1,0.273536,0.003165
523,1,0.272945,0.003144
524,1,0.272348,0.003108
525,1,0.271747,0.003058
526,1,0.271143,0.002999
527,1,0.270535,0.002932
528,1,0.269926,0.002859
529,1,0.269314,0.002782
530,1,0.268702,0.002702
531,1,0.268088,0.002621
532,1,0.267475,0.002539
533,1,0.266861,0.002458
534,1,0.266247,0.002378
535,1,0.265634,0.002299
536,1,0.265022,0.002223
537,1,0.264410,0.002149
538,1,0.263800,0.002078
539,1,0.263192,0.002010
540,1,0.262584,0.001945
541,1,0.261979,0.001882
542,1,0.261375,0.001823
543,1,0.260774,0.001767
544,1,0.260174,0.001713
545,1,0.259576,0.001662
546,1,0.258981,0.001614
547,1,0.258387,0.001568
548,1,0.257797,0.001525
549,1,0.257208,0.001484
550,1,0.256622,0.001445
551,1,0.256038,0.001408
552,1,0.255457,0.001373
553,1,0.254879,0.001339
554,1,0.254302,0.001308
555,1,0.253729,0.001277
556,1,0.253158,0.001249
557,1,0.252590,0.001221
558,1,0.252024,0.001195
559,1,0.251461,0.001169
560,1,0.250900,0.001145
561,1,0.250342,0.001122
562,1,0.249787,0.001099
563,1,0.249234,0.001077
564,1,0.248684,0.001056
565,1,0.248136,0.001036
566,1,0.247591,0.001016
567,1,0.247049,0.000997
568,1,0.246509,0.000978
569,1,0.245972,0.000960
570,1,0.245437,0.000942
571,1,0.244905,0.000925
572,1,0.244376,0.000908
573,1,0.243849,0.000891
574,1,0.243324,0.000875
575,1,0.242802,0.000858
576,1,0.242283,0.000843
577,1,0.241766,0.000827
578,1,0.241251,0.000812
579,1,0.240739,0.000797
580,1,0.240229,0.000782
581,1,0.239722,0.000768
582,1,0.239217,0.000753
583,1,0.238715,0.000739
584,1,0.238214,0.000725
585,1,0.237717,0.000712
586,1,0.237221,0.000698
587,1,0.236728,0.000685
588,1,0.236237,0.000672
589,1,0.235749,0.000659
590,1,0.235263,0.000646
591,1,0.234779,0.000634
592,1,0.234297,0.000622
593,1,0.233818,0.000609
594,1,0.233340,0.000597
595,1,0.232865,0.000586
596,1,0.232393,0.000574
597,1,0.231922,0.000562
598,1,0.231454,0.000551
599,1,0.230987,0.000540
600,1,0.230523,0.000529
601,1,0.230061,0.000518
602,1,0.229601,0.000508
603,1,0.229143,0.000497
604,1,0.228687,0.000487
605,1,0.228234,0.000477
606,1,0.227782,0.000467
607,1,0.227332,0.000457
608,1,0.226885,0.000448
609,1,0.226439,0.000438
610,1,0.225996,0.000429
611,1,0.225554,0.000420
612,1,0.225114,0.000411
613,1,0.224677,0.000402
614,1,0.224241,0.000393
615,1,0.223807,0.000385
616,1,0.223375,0.000377
617,1,0.222945,0.000368
618,1,0.222517,0.000360
619,1,0.222090,0.000352
620,1,0.221666,0.000345
621,1,0.221243,0.000337
622,1,0.220823,0.000330
623,1,0.220404,0.000322
624,1,0.219987,0.000315
625,1,0.219571,0.000308
626,1,0.219158,0.000301
627,1,0.218746,0.000295
628,1,0.218336,0.000288
629,1,0.217928,0.000281
630,1,0.217521,0.000275
631,1,0.217116,0.000269
632,1,0.216713,0.000263
633,1,0.216312,0.000257
634,1,0.215912,0.000251
635,1,0.215514,0.000245
636,1,0.215118,0.000240
637,1,0.214723,0.000234
638,1,0.214330,0.000229
639,1,0.213938,0.000223
640,1,0.213549,0.000218
641,1,0.213161,0.000213
642,1,0.212774,0.000208
643,1,0.212389,0.000203
644,1,0.212006,0.000198
645,1,0.211624,0.000194
646,1,0.211243,0.000189
647,1,0.210865,0.000185
648,1,0.210488,0.000180
649,1,0.210112,0.000176
650,1,0.209738,0.000172
651,1,0.209365,0.000168
652,1,0.208994,0.000164
653,1,0.208624,0.000160
654,1,0.208256,0.000156
655,1,0.207890,0.000152
656,1,0.207524,0.000149
657,1,0.207161,0.000145
658,1,0.206798,0.000142
659,1,0.206437,0.000138
660,1,0.206078,0.000135
661,1,0.205720,0.000132
662,1,0.205363,0.000129
663,1,0.205008,0.000125
664,1,0.204654,0.000122
665,1,0.204302,0.000119
666,1,0.203951,0.000116
667,1,0.203601,0.000114
668,1,0.203252,0.000111
669,1,0.202905,0.000108
670,1,0.202560,0.000105
671,1,0.202215,0.000103
672,1,0.201872,0.000100
673,1,0.201531,0.000098
674,0,0.201190,0.000078
675,1,0.201501,0.000063
676,1,0.201749,0.000050
677,1,0.201940,0.000040
678,1,0.202078,0.000032
679,1,0.202170,0.000026
680,1,0.202220,0.000021
681,1,0.202232,0.000016
682,1,0.202210,0.000013
683,1,0.202156,0.000011
684,1,0.202075,0.000008
685,1,0.201968,0.000111
686,0,0.201839,0.000089
687,1,0.202325,0.000071
688,1,0.202730,0.000057
689,1,0.203063,0.000046
690,1,0.203330,0.000036
691,1,0.203537,0.000029
692,1,0.203690,0.000023
693,1,0.203795,0.000019
694,1,0.203856,0.000073
695,1,0.203877,0.000311
696,1,0.203863,0.000653
697,1,0.203816,0.001045
698,1,0.203741,0.001446
699,1,0.203639,0.001831
700,1,0.203514,0.002184
701,1,0.203368,0.002495
702,1,0.203204,0.002759
703,1,0.203022,0.002976
704,1,0.202825,0.003146
705,1,0.202614,0.003274
706,1,0.202392,0.003361
707,1,0.202158,0.003414
708,1,0.201915,0.003436
709,1,0.201663,0.003431
710,1,0.201403,0.003405
711,1,0.201137,0.003361
712,1,0.200864,0.003302
713,1,0.200586,0.003231
714,1,0.200303,0.003153
715,1,0.200017,0.003068
716,1,0.199726,0.002979
717,1,0.199432,0.002888
718,1,0.199136,0.002796
719,1,0.198837,0.002704
720,1,0.198536,0.002614
721,1,0.198233,0.002526
722,1,0.197929,0.002441
723,1,0.197623,0.002359
724,1,0.197316,0.002281
725,1,0.197009,0.002206
726,1,0.196701,0.002134
727,1,0.196392,0.002067
728,0,0.196083,0.001654
729,1,0.196387,0.001323
730,1,0.196631,0.001058
731,1,0.196819,0.000847
732,1,0.196958,0.000677
733,1,0.197052,0.000542
734,1,0.197105,0.000433
735,1,0.197121,0.000347
736,1,0.197105,0.000277
737,1,0.197058,0.000297
738,1,0.196985,0.000465
739,1,0.196888,0.000720
740,1,0.196769,0.001019
741,1,0.196631,0.001329
742,1,0.196475,0.001631
743,1,0.196304,0.001911
744,1,0.196118,0.002161
745,1,0.195920,0.002376
746,1,0.195711,0.002556
747,1,0.195491,0.002701
748,1,0.195263,0.002813
749,1,0.195027,0.002894
750,1,0.194783,0.002948
751,1,0.194533,0.002977
752,1,0.194277,0.002986
753,1,0.194017,0.002976
754,1,0.193752,0.002952
755,1,0.193483,0.002915
756,1,0.193211,0.002869
757,1,0.192935,0.002814
758,1,0.192657,0.002754
759,1,0.192377,0.002690
760,1,0.192095,0.002623
761,1,0.191811,0.002554
762,1,0.191526,0.002485
763,1,0.191239,0.002415
764,1,0.190952,0.002347
765,1,0.190664,0.002280
766,1,0.190375,0.002214
767,1,0.190086,0.002151
768,1,0.189796,0.002089
769,1,0.189506,0.002030
770,1,0.189216,0.001973
771,1,0.188926,0.001919
772,1,0.188637,0.001867
773,1,0.188347,0.001817
774,1,0.188058,0.001770
775,1,0.187768,0.001725
776,1,0.187480,0.001681
777,1,0.187191,0.001640
778,1,0.186903,0.001601
779,1,0.186616,0.001563
780,1,0.186329,0.001527
781,1,0.186043,0.001493
782,1,0.185757,0.001459
783,1,0.185472,0.001428
784,1,0.185188,0.001397
785,1,0.184905,0.001367
786,1,0.184622,0.001339
787,1,0.184340,0.001311
788,1,0.184058,0.001284
789,1,0.183778,0.001258
790,1,0.183498,0.001233
791,1,0.183219,0.001208
792,1,0.182940,0.001184
793,1,0.182663,0.001160
794,1,0.182386,0.001137
795,1,0.182110,0.001114
796,1,0.181835,0.001092
797,0,0.181561,0.000873
798,1,0.181864,0.000699
799,1,0.182111,0.000559
800,1,0.182307,0.000447
801,1,0.182457,0.000358
802,1,0.182565,0.000286
803,1,0.182635,0.000229
804,1,0.182672,0.000183
805,1,0.182678,0.000147
806,1,0.182657,0.000117
807,1,0.182610,0.000195
808,1,0.182542,0.000382
809,1,0.182453,0.000630
810,1,0.182347,0.000904
811,1,0.182224,0.001179
812,1,0.182086,0.001439
813,1,0.181936,0.001676
814,1,0.181773,0.001882
815,1,0.181601,0.002057
816,1,0.181419,0.002199
817,1,0.181228,0.002309
818,1,0.181030,0.002391
819,1,0.180825,0.002446
820,1,0.180615,0.002477
821,1,0.180399,0.002489
822,1,0.180178,0.002483
823,1,0.179954,0.002462
824,1,0.179725,0.002430
825,1,0.179494,0.002388
826,1,0.179259,0.002338
827,1,0.179023,0.002283
828,1,0.178783,0.002224
829,1,0.178543,0.002163
830,1,0.178300,0.002100
831,1,0.178056,0.002036
832,1,0.177811,0.001973
833,1,0.177565,0.001911
834,1,0.177318,0.001850
835,1,0.177071,0.001791
836,1,0.176822,0.001734
837,1,0.176574,0.001679
838,1,0.176325,0.001626
839,1,0.176076,0.001577
840,1,0.175827,0.001529
841,1,0.175578,0.001484
842,1,0.175329,0.001441
843,1,0.175081,0.001401
844,1,0.174832,0.001362
845,1,0.174584,0.001326
846,1,0.174336,0.001292
847,1,0.174088,0.001259
848,1,0.173841,0.001228
849,1,0.173594,0.001199
850,1,0.173348,0.001171
851,1,0.173102,0.001145
852,1,0.172856,0.001120
853,1,0.172611,0.001095
854,1,0.172367,0.001072
855,1,0.172123,0.001050
856,1,0.171880,0.001029
857,1,0.171637,0.001008
858,1,0.171395,0.000988
859,1,0.171154,0.000968
860,1,0.170913,0.000949
861,1,0.170673,0.000931
862,1,0.170433,0.000913
863,1,0.170194,0.000895
864,1,0.169956,0.000878
865,1,0.169719,0.000861
866,1,0.169482,0.000844
867,1,0.169246,0.000827
868,1,0.169010,0.000811
869,1,0.168775,0.000795
870,1,0.168541,0.000779
871,1,0.168307,0.000764
872,1,0.168075,0.000748
873,1,0.167842,0.000733
874,1,0.167611,0.000718
875,1,0.167380,0.000703
876,1,0.167150,0.000688
877,1,0.166921,0.000673
878,1,0.166692,0.000659
879,1,0.166464,0.000645
880,1,0.166237,0.000630
881,1,0.166010,0.000616
882,1,0.165784,0.000603
883,1,0.165558,0.000589
884,1,0.165334,0.000575
885,1,0.165110,0.000562
886,1,0.164886,0.000549
887,1,0.164664,0.000536
888,1,0.164442,0.000523
889,1,0.164220,0.000510
890,1,0.163999,0.000498
891,1,0.163779,0.000486
892,1,0.163560,0.000474
893,1,0.163341,0.000462
894,1,0.163123,0.000450
895,1,0.162906,0.000439
896,1,0.162689,0.000427
897,1,0.162473,0.000416
898,1,0.162257,0.000405
899,1,0.162042,0.000394
900,1,0.161828,0.000384
901,1,0.161614,0.000374
902,1,0.161401,0.000364
903,1,0.161189,0.000354
904,1,0.160977,0.000344
905,0,0.160766,0.000275
906,1,0.161063,0.000220
907,1,0.161311,0.000176
908,1,0.161514,0.000141
909,1,0.161676,0.000113
910,1,0.161801,0.000090
911,1,0.161893,0.000072
912,1,0.161955,0.000058
913,1,0.161991,0.000046
914,1,0.162001,0.000037
915,1,0.161990,0.000030
916,1,0.161959,0.000125
917,1,0.161911,0.000303
918,1,0.161846,0.000523
919,1,0.161767,0.000758
920,1,0.161675,0.000990
921,1,0.161571,0.001206
922,1,0.161457,0.001399
923,1,0.161333,0.001565
924,1,0.161202,0.001703
925,1,0.161062,0.001813
926,1,0.160916,0.001897
927,1,0.160764,0.001957
928,1,0.160607,0.001995
929,0,0.160444,0.001596
930,1,0.160772,0.001277
931,1,0.161048,0.001021
932,1,0.161276,0.000817
933,1,0.161461,0.000654
934,1,0.161607,0.000523
935,1,0.161718,0.000418
936,1,0.161797,0.000335
937,1,0.161848,0.000268
938,1,0.161873,0.000286
939,1,0.161875,0.000448
940,1,0.161856,0.000691
941,1,0.161818,0.000976
942,1,0.161764,0.001271
943,1,0.161693,0.001556
944,1,0.161610,0.001820
945,1,0.161514,0.002055
946,1,0.161406,0.002257
947,1,0.161289,0.002425
948,1,0.161163,0.002559
949,1,0.161029,0.002663
950,1,0.160888,0.002738
951,1,0.160740,0.002788
952,1,0.160587,0.002815
953,1,0.160428,0.002823
954,1,0.160265,0.002816
955,1,0.160098,0.002794
956,1,0.159927,0.002763
957,1,0.159752,0.002722
958,1,0.159575,0.002675
959,1,0.159396,0.002624
960,1,0.159214,0.002569
961,1,0.159030,0.002511
962,1,0.158844,0.002453
963,1,0.158657,0.002395
964,1,0.158468,0.002337
965,1,0.158278,0.002280
966,1,0.158087,0.002224
967,1,0.157896,0.002170
968,1,0.157703,0.002118
969,1,0.157510,0.002068
970,1,0.157316,0.002019
971,1,0.157122,0.001973
972,1,0.156928,0.001929
973,1,0.156733,0.001887
974,1,0.156539,0.001846
975,1,0.156344,0.001807
976,1,0.156149,0.001770
977,1,0.155954,0.001735
978,1,0.155759,0.001701
979,1,0.155564,0.001668
980,1,0.155369,0.001636
981,1,0.155175,0.001606
982,1,0.154980,0.001576
983,1,0.154786,0.001547
984,1,0.154592,0.001519
985,1,0.154398,0.001492
986,1,0.154205,0.001465
987,1,0.154012,0.001439
988,1,0.153819,0.001413
989,1,0.153627,0.001387
990,1,0.153435,0.001362
991,1,0.153243,0.001337
992,1,0.153052,0.001313
993,1,0.152861,0.001289
994,1,0.152671,0.001264
995,1,0.152481,0.001240
996,1,0.152291,0.001217
997,1,0.152102,0.001193
998,1,0.151913,0.001169
999,1,0.151725,0.001146
1000,1,0.151537,0.001123
1001,1,0.151349,0.001100
1002,1,0.151162,0.001077
1003,1,0.150976,0.001054
1004,1,0.150790,0.001031
1005,1,0.150604,0.001009
1006,1,0.150419,0.000986
1007,1,0.150234,0.000964
1008,1,0.150050,0.000942
1009,1,0.149866,0.000920
1010,1,0.149683,0.000899
1011,1,0.149500,0.000877
1012,1,0.149318,0.000856
1013,1,0.149136,0.000835
1014,1,0.148954,0.000815
1015,1,0.148773,0.000794
1016,1,0.148593,0.000774
1017,1,0.148413,0.000754
1018,1,0.148233,0.000735
1019,1,0.148054,0.000715
1020,1,0.147876,0.000696
1021,1,0.147698,0.000678
1022,1,0.147520,0.000659
1023,1,0.147343,0.000641
1024,1,0.147166,0.000624
1025,1,0.146990,0.000606
1026,1,0.146814,0.000589
1027,1,0.146639,0.000572
1028,1,0.146464,0.000556
1029,1,0.146289,0.000540
1030,1,0.146115,0.000524
1031,1,0.145942,0.000508
1032,1,0.145769,0.000493
1033,1,0.145596,0.000478
1034,1,0.145424,0.000464
1035,1,0.145252,0.000450
1036,1,0.145081,0.000436
1037,1,0.144910,0.000423
1038,1,0.144740,0.000409
1039,0,0.144570,0.000328
1040,1,0.144856,0.000262
1041,1,0.145098,0.000210
1042,1,0.145300,0.000168
1043,1,0.145464,0.000134
1044,1,0.145596,0.000107
1045,1,0.145698,0.000086
1046,1,0.145774,0.000069
1047,1,0.145824,0.000055
1048,1,0.145853,0.000044
1049,1,0.145863,0.000035
1050,1,0.145854,0.000118
1051,1,0.145829,0.000284
1052,1,0.145790,0.000494
1053,1,0.145738,0.000720
1054,1,0.145674,0.000944
1055,1,0.145600,0.001154
1056,1,0.145516,0.001342
1057,1,0.145424,0.001505
1058,1,0.145324,0.001640
1059,1,0.145218,0.001749
1060,1,0.145105,0.001832
1061,1,0.144987,0.001893
1062,1,0.144864,0.001932
1063,1,0.144736,0.001954
1064,1,0.144605,0.001960
1065,1,0.144470,0.001953
1066,1,0.144332,0.001935
1067,1,0.144192,0.001909
1068,1,0.144048,0.001876
1069,1,0.143903,0.001838
1070,1,0.143756,0.001797
1071,1,0.143607,0.001753
1072,1,0.143456,0.001708
1073,1,0.143305,0.001663
1074,1,0.143152,0.001618
1075,1,0.142998,0.001573
1076,1,0.142843,0.001530
1077,1,0.142687,0.001488
1078,1,0.142531,0.001448
1079,1,0.142375,0.001410
1080,1,0.142217,0.001374
1081,1,0.142060,0.001339
1082,1,0.141902,0.001307
1083,1,0.141744,0.001276
1084,1,0.141586,0.001247
1085,1,0.141427,0.001220
1086,1,0.141269,0.001194
1087,1,0.141110,0.001170
1088,1,0.140952,0.001147
1089,1,0.140794,0.001125
1090,1,0.140635,0.001104
1091,1,0.140477,0.001084
1092,1,0.140319,0.001066
1093,1,0.140161,0.001047
1094,1,0.140003,0.001030
1095,1,0.139846,0.001013
1096,1,0.139689,0.000996
1097,1,0.139531,0.000980
1098,1,0.139375,0.000964
1099,1,0.139218,0.000949
1100,1,0.139062,0.000933
1101,1,0.138906,0.000918
1102,1,0.138750,0.000903
1103,1,0.138594,0.000888
1104,1,0.138439,0.000873
1105,1,0.138284,0.000858
1106,1,0.138130,0.000843
1107,1,0.137975,0.000828
1108,1,0.137821,0.000813
1109,1,0.137668,0.000798
1110,1,0.137515,0.000783
1111,1,0.137362,0.000768
1112,1,0.137209,0.000753
1113,1,0.137057,0.000738
1114,1,0.136905,0.000723
1115,1,0.136753,0.000708
1116,1,0.136602,0.000693
1117,1,0.136451,0.000678
1118,1,0.136301,0.000663
1119,1,0.136150,0.000648
1120,1,0.136000,0.000633
1121,1,0.135851,0.000619
1122,1,0.135702,0.000604
1123,1,0.135553,0.000589
1124,1,0.135404,0.000575
1125,1,0.135256,0.000561
1126,1,0.135109,0.000546
1127,1,0.134961,0.000532
1128,1,0.134814,0.000518
1129,1,0.134667,0.000505
1130,1,0.134521,0.000491
1131,1,0.134375,0.000478
1132,1,0.134229,0.000464
1133,1,0.134084,0.000451
1134,1,0.133939,0.000438
1135,1,0.133794,0.000426
1136,1,0.133650,0.000413
1137,1,0.133506,0.000401
1138,1,0.133362,0.000389
1139,1,0.133219,0.000377
1140,1,0.133076,0.000366
1141,1,0.132933,0.000355
1142,1,0.132791,0.000344
1143,1,0.132649,0.000333
1144,1,0.132507,0.000322
1145,1,0.132366,0.000312
1146,1,0.132225,0.000302
1147,1,0.132084,0.000292
1148,1,0.131944,0.000282
1149,1,0.131804,0.000273
1150,1,0.131664,0.000264
1151,1,0.131525,0.000255
1152,1,0.131386,0.000246
1153,1,0.131247,0.000238
1154,1,0.131109,0.000229
1155,1,0.130971,0.000221
1156,1,0.130833,0.000214
1157,1,0.130696,0.000206
1158,1,0.130559,0.000199
1159,1,0.130422,0.000192
1160,1,0.130285,0.000185
1161,1,0.130149,0.000178
1162,1,0.130013,0.000171
1163,1,0.129878,0.000165
1164,1,0.129743,0.000159
1165,1,0.129608,0.000153
1166,1,0.129473,0.000147
1167,1,0.129339,0.000142
1168,1,0.129205,0.000136
1169,1,0.129071,0.000131
1170,1,0.128938,0.000126
1171,1,0.128805,0.000121
1172,1,0.128672,0.000117
1173,1,0.128539,0.000112
1174,1,0.128407,0.000108
1175,1,0.128275,0.000103
1176,1,0.128144,0.000099
1177,1,0.128013,0.000095
1178,1,0.127882,0.000092
1179,1,0.127751,0.000088
1180,1,0.127621,0.000084
1181,1,0.127491,0.000081
1182,1,0.127361,0.000078
1183,1,0.127231,0.000074
1184,1,0.127102,0.000071
1185,1,0.126973,0.000068
1186,1,0.126844,0.000066
1187,1,0.126716,0.000063
1188,1,0.126588,0.000060
1189,1,0.126460,0.000058
1190,1,0.126333,0.000055
1191,1,0.126205,0.000053
1192,1,0.126078,0.000051
1193,1,0.125952,0.000048
1194,1,0.125825,0.000046
1195,1,0.125699,0.000044
1196,1,0.125573,0.000042
1197,1,0.125448,0.000041
1198,1,0.125323,0.000039
1199,1,0.125198,0.000037
1200,1,0.125073,0.000036
1201,1,0.124948,0.000034
1202,1,0.124824,0.000032
1203,1,0.124700,0.000031
1204,1,0.124577,0.000030
1205,1,0.124453,0.000028
1206,1,0.124330,0.000027
1207,1,0.124207,0.000026
1208,1,0.124085,0.000025
1209,1,0.123962,0.000024
1210,1,0.123840,0.000022
1211,1,0.123719,0.000021
1212,1,0.123597,0.000020
1213,1,0.123476,0.000020
1214,1,0.123355,0.000019
1215,1,0.123234,0.000018
1216,1,0.123113,0.000017
1217,1,0.122993,0.000016
1218,1,0.122873,0.000015
1219,1,0.122754,0.000015
1220,1,0.122634,0.000014
1221,1,0.122515,0.000013
1222,1,0.122396,0.000013
1223,1,0.122277,0.000012
1224,1,0.122159,0.000011
1225,1,0.122040,0.000011
1226,1,0.121922,0.000010
1227,1,0.121805,0.000010
1228,1,0.121687,0.000009
1229,1,0.121570,0.000009
1230,1,0.121453,0.000009
1231,1,0.121336,0.000008
1232,1,0.121220,0.000008
1233,1,0.121104,0.000007
1234,1,0.120988,0.000007
1235,1,0.120872,0.000007
1236,1,0.120756,0.000006
1237,1,0.120641,0.000006
1238,1,0.120526,0.000006
1239,1,0.120411,0.000005
1240,1,0.120297,0.000005
1241,1,0.120182,0.000005
1242,1,0.120068,0.000005
1243,1,0.119954,0.000004
1244,1,0.119841,0.000004
1245,1,0.119727,0.000004
1246,1,0.119614,0.000004
1247,1,0.119501,0.000004
1248,1,0.119388,0.000003
1249,1,0.119276,0.000003
1250,1,0.119164,0.000003
1251,1,0.119052,0.000003
1252,1,0.118940,0.000003
1253,1,0.118828,0.000003
1254,1,0.118717,0.000002
1255,1,0.118606,0.000002
1256,1,0.118495,0.000002
1257,1,0.118384,0.000002
1258,1,0.118274,0.000002
1259,1,0.118164,0.000002
1260,1,0.118054,0.000002
1261,1,0.117944,0.000002
1262,1,0.117835,0.000002
1263,1,0.117725,0.000001
1264,1,0.117616,0.000001
1265,1,0.117507,0.000001
1266,1,0.117399,0.000001
1267,1,0.117290,0.000001
1268,1,0.117182,0.000001
1269,0,0.117074,0.000001
1270,1,0.117327,0.000001
1271,1,0.117545,0.000001
1272,1,0.117731,0.000000
1273,1,0.117887,0.000000
1274,1,0.118018,0.000000
1275,1,0.118125,0.000000
1276,1,0.118211,0.000000
1277,1,0.118277,0.000000
1278,1,0.118326,0.000000
1279,1,0.118359,0.000000
1280,1,0.118379,0.000005
1281,1,0.118385,0.000108
1282,1,0.118380,0.000269
1283,1,0.118365,0.000457
1284,1,0.118340,0.000652
1285,1,0.118307,0.000841
1286,1,0.118267,0.001014
1287,1,0.118219,0.001167
1288,1,0.118166,0.001299
1289,1,0.118107,0.001407
1290,1,0.118043,0.001494
1291,1,0.117975,0.001561
1292,1,0.117903,0.001609
1293,1,0.117827,0.001642
1294,1,0.117748,0.001661
1295,1,0.117667,0.001668
1296,1,0.117582,0.001666
1297,1,0.117496,0.001657
1298,1,0.117407,0.001641
1299,1,0.117316,0.001621
1300,1,0.117224,0.001598
1301,1,0.117131,0.001573
1302,1,0.117036,0.001546
1303,1,0.116940,0.001519
1304,1,0.116843,0.001492
1305,1,0.116745,0.001466
1306,1,0.116646,0.001440
1307,1,0.116546,0.001415
1308,1,0.116446,0.001391
1309,0,0.116345,0.001113
1310,1,0.116598,0.000890
1311,1,0.116816,0.000712
1312,1,0.117002,0.000570
1313,1,0.117159,0.000456
1314,1,0.117290,0.000365
1315,1,0.117397,0.000292
1316,1,0.117483,0.000233
1317,1,0.117550,0.000187
1318,1,0.117600,0.000149
1319,1,0.117634,0.000218
1320,1,0.117654,0.000394
1321,1,0.117661,0.000628
1322,1,0.117657,0.000888
1323,1,0.117642,0.001151
1324,1,0.117618,0.001402
1325,1,0.117586,0.001631
1326,1,0.117547,0.001833
1327,1,0.117500,0.002007
1328,1,0.117448,0.002151
1329,1,0.117390,0.002267
1330,1,0.117327,0.002357
1331,1,0.117260,0.002423
1332,1,0.117189,0.002468
1333,1,0.117114,0.002496
1334,1,0.117036,0.002508
1335,1,0.116955,0.002507
1336,1,0.116872,0.002496
1337,1,0.116786,0.002476
1338,1,0.116698,0.002449
1339,1,0.116608,0.002418
1340,1,0.116517,0.002383
1341,1,0.116424,0.002345
1342,1,0.116329,0.002305
1343,1,0.116234,0.002265
1344,1,0.116137,0.002224
1345,1,0.116040,0.002183
1346,1,0.115941,0.002143
1347,1,0.115842,0.002104
1348,1,0.115742,0.002065
1349,1,0.115642,0.002028
1350,1,0.115541,0.001992
1351,1,0.115440,0.001956
1352,1,0.115338,0.001922
1353,1,0.115236,0.001889
1354,1,0.115134,0.001857
1355,1,0.115031,0.001825
1356,1,0.114928,0.001795
1357,1,0.114825,0.001765
1358,1,0.114722,0.001735
1359,1,0.114619,0.001707
1360,1,0.114516,0.001678
1361,1,0.114412,0.001650
1362,1,0.114309,0.001622
1363,1,0.114206,0.001594
1364,1,0.114102,0.001567
1365,1,0.113999,0.001539
1366,1,0.113896,0.001512
1367,1,0.113792,0.001484
1368,1,0.113689,0.001457
1369,1,0.113586,0.001429
1370,1,0.113483,0.001402
1371,1,0.113380,0.001374
1372,1,0.113277,0.001346
1373,0,0.113175,0.001077
1374,1,0.113426,0.000862
1375,1,0.113643,0.000689
1376,1,0.113829,0.000552
1377,1,0.113985,0.000441
1378,1,0.114117,0.000353
1379,1,0.114225,0.000282
1380,1,0.114312,0.000226
1381,1,0.114380,0.000181
1382,1,0.114431,0.000145
1383,1,0.114467,0.000170
1384,1,0.114488,0.000310
1385,1,0.114498,0.000515
1386,1,0.114496,0.000750
1387,1,0.114484,0.000992
1388,1,0.114462,0.001224
1389,1,0.114433,0.001437
1390,1,0.114396,0.001625
1391,1,0.114352,0.001785
1392,1,0.114303,0.001917
1393,1,0.114248,0.002022
1394,1,0.114188,0.002102
1395,1,0.114124,0.002159
1396,1,0.114056,0.002197
1397,1,0.113985,0.002217
1398,1,0.113910,0.002222
1399,1,0.113832,0.002216
1400,1,0.113752,0.002199
1401,1,0.113670,0.002175
1402,1,0.113586,0.002146
1403,1,0.113499,0.002111
1404,1,0.113412,0.002074
1405,1,0.113322,0.002035
1406,1,0.113232,0.001994
1407,1,0.113140,0.001954
1408,1,0.113047,0.001913
1409,1,0.112954,0.001874
1410,1,0.112859,0.001835
1411,1,0.112764,0.001798
1412,1,0.112668,0.001762
1413,1,0.112572,0.001727
1414,1,0.112475,0.001694
1415,1,0.112377,0.001663
1416,1,0.112280,0.001632
1417,1,0.112182,0.001604
1418,1,0.112083,0.001576
1419,1,0.111985,0.001549
1420,1,0.111886,0.001524
1421,1,0.111787,0.001499
1422,1,0.111688,0.001475
1423,1,0.111589,0.001451
1424,1,0.111490,0.001428
1425,1,0.111391,0.001406
1426,1,0.111292,0.001384
1427,1,0.111192,0.001362
1428,1,0.111093,0.001340
1429,1,0.110994,0.001318
1430,1,0.110895,0.001296
1431,1,0.110796,0.001275
1432,1,0.110697,0.001253
1433,1,0.110598,0.001231
1434,1,0.110499,0.001209
1435,1,0.110400,0.001187
1436,1,0.110302,0.001165
1437,1,0.110203,0.001142
1438,1,0.110105,0.001120
1439,1,0.110007,0.001097
1440,1,0.109908,0.001074
1441,1,0.109810,0.001051
1442,1,0.109712,0.001028
1443,1,0.109615,0.001005
1444,1,0.109517,0.000982
1445,1,0.109420,0.000959
1446,1,0.109322,0.000936
1447,1,0.109225,0.000913
1448,1,0.109128,0.000890
1449,1,0.109032,0.000867
1450,1,0.108935,0.000844
1451,1,0.108839,0.000821
1452,1,0.108742,0.000798
1453,1,0.108646,0.000776
1454,1,0.108550,0.000753
1455,1,0.108454,0.000731
1456,1,0.108359,0.000709
1457,1,0.108263,0.000688
1458,1,0.108168,0.000666
1459,1,0.108073,0.000645
1460,1,0.107978,0.000625
1461,1,0.107883,0.000604
1462,1,0.107789,0.000584
1463,1,0.107694,0.000565
1464,1,0.107600,0.000545
1465,1,0.107506,0.000526
1466,1,0.107412,0.000508
1467,1,0.107318,0.000490
1468,1,0.107225,0.000472
1469,1,0.107131,0.000454
1470,1,0.107038,0.000437
1471,1,0.106945,0.000421
1472,1,0.106852,0.000405
1473,1,0.106759,0.000389
1474,1,0.106667,0.000374
1475,1,0.106575,0.000359
1476,1,0.106482,0.000345
1477,1,0.106390,0.000331
1478,1,0.106299,0.000317
1479,1,0.106207,0.000304
1480,1,0.106115,0.000291
1481,1,0.106024,0.000279
1482,1,0.105933,0.000267
1483,1,0.105842,0.000255
1484,1,0.105751,0.000244
1485,1,0.105660,0.000233
1486,1,0.105570,0.000223
1487,1,0.105480,0.000212
1488,1,0.105389,0.000203
1489,1,0.105300,0.000193
1490,1,0.105210,0.000184
1491,1,0.105120,0.000176
1492,1,0.105031,0.000167
1493,1,0.104941,0.000159
1494,1,0.104852,0.000152
1495,1,0.104763,0.000144
1496,1,0.104674,0.000137
1497,1,0.104586,0.000130
1498,1,0.104497,0.000124
1499,1,0.104409,0.000117
1500,1,0.104321,0.000111
1501,1,0.104233,0.000106
1502,1,0.104145,0.000100
1503,1,0.104057,0.000095
1504,1,0.103969,0.000090
1505,1,0.103882,0.000085
1506,1,0.103795,0.000080
1507,1,0.103708,0.000076
1508,1,0.103621,0.000072
1509,1,0.103534,0.000068
1510,1,0.103447,0.000064
1511,1,0.103361,0.000060
1512,1,0.103275,0.000056
1513,1,0.103189,0.000053
1514,1,0.103103,0.000049
1515,1,0.103017,0.000046
1516,1,0.102931,0.000043
1517,1,0.102846,0.000040
1518,1,0.102760,0.000037
1519,1,0.102675,0.000035
1520,1,0.102590,0.000032
1521,1,0.102505,0.000030
1522,1,0.102420,0.000028
1523,1,0.102336,0.000025
1524,1,0.102251,0.000024
1525,1,0.102167,0.000022
1526,1,0.102083,0.000020
1527,1,0.101999,0.000018
1528,1,0.101915,0.000017
1529,1,0.101831,0.000016
1530,1,0.101748,0.000014
1531,1,0.101664,0.000013
1532,1,0.101581,0.000012
1533,1,0.101498,0.000011
1534,1,0.101415,0.000010
1535,1,0.101332,0.000009
1536,1,0.101249,0.000009
1537,1,0.101167,0.000008
1538,1,0.101084,0.000007
1539,1,0.101002,0.000007
1540,1,0.100920,0.000006
1541,1,0.100838,0.000006
1542,1,0.100756,0.000005
1543,1,0.100675,0.000005
1544,1,0.100593,0.000005
1545,1,0.100512,0.000004
1546,1,0.100430,0.000004
1547,1,0.100349,0.000004
1548,1,0.100268,0.000003
1549,1,0.100187,0.000003
1550,1,0.100107,0.000003
1551,1,0.100026,0.000003
1552,1,0.099946,0.000003
1553,1,0.099865,0.000003
1554,1,0.099785,0.000002
1555,1,0.099705,0.000002
1556,1,0.099625,0.000002
1557,1,0.099546,0.000002
1558,1,0.099466,0.000002
1559,1,0.099387,0.000002
1560,1,0.099307,0.000002
1561,1,0.099228,0.000002
1562,1,0.099149,0.000002
1563,1,0.099070,0.000002
1564,1,0.098991,0.000002
1565,1,0.098913,0.000002
1566,0,0.098834,0.000001
1567,1,0.099067,0.000001
1568,1,0.099270,0.000001
1569,1,0.099445,0.000001
1570,1,0.099595,0.000000
1571,1,0.099723,0.000000
1572,1,0.099830,0.000000
1573,0,0.099919,0.000000
1574,1,0.100297,0.000000
1575,1,0.100631,0.000000
1576,1,0.100925,0.000000
1577,1,0.101183,0.000000
1578,1,0.101407,0.000000
1579,1,0.101602,0.000000
1580,1,0.101770,0.000000
1581,1,0.101913,0.000000
1582,1,0.102034,0.000000
1583,1,0.102136,0.000150
1584,1,0.102220,0.000407
1585,1,0.102287,0.000718
1586,1,0.102340,0.001046
1587,1,0.102380,0.001368
1588,1,0.102408,0.001668
1589,1,0.102425,0.001937
1590,1,0.102433,0.002171
1591,1,0.102432,0.002370
1592,1,0.102423,0.002534
1593,1,0.102407,0.002666
1594,1,0.102385,0.002768
1595,1,0.102357,0.002845
1596,1,0.102323,0.002900
1597,1,0.102285,0.002936
1598,1,0.102243,0.002957
1599,1,0.102197,0.002965
1600,1,0.102147,0.002964
1601,1,0.102095,0.002956
1602,1,0.102039,0.002942
1603,1,0.101981,0.002924
1604,1,0.101920,0.002903
1605,1,0.101858,0.002881
1606,1,0.101793,0.002858
1607,1,0.101727,0.002835
1608,1,0.101659,0.002813
1609,1,0.101590,0.002790
1610,1,0.101519,0.002769
1611,1,0.101447,0.002748
1612,1,0.101374,0.002728
1613,1,0.101301,0.002708
1614,1,0.101226,0.002689
1615,1,0.101151,0.002671
1616,1,0.101075,0.002652
1617,1,0.100998,0.002634
1618,1,0.100921,0.002615
1619,1,0.100843,0.002596
1620,1,0.100765,0.002576
1621,1,0.100686,0.002556
1622,1,0.100607,0.002534
1623,1,0.100527,0.002512
1624,1,0.100448,0.002489
1625,1,0.100368,0.002464
1626,1,0.100288,0.002439
1627,1,0.100208,0.002412
1628,1,0.100127,0.002383
1629,1,0.100047,0.002354
1630,1,0.099966,0.002323
1631,1,0.099885,0.002290
1632,1,0.099804,0.002257
1633,1,0.099723,0.002222
1634,1,0.099643,0.002186
1635,1,0.099562,0.002149
1636,1,0.099481,0.002110
1637,1,0.099400,0.002071
1638,1,0.099319,0.002031
1639,1,0.099238,0.001990
1640,1,0.099157,0.001948
1641,1,0.099076,0.001906
1642,1,0.098995,0.001863
1643,1,0.098915,0.001819
1644,1,0.098834,0.001775
1645,1,0.098753,0.001731
1646,1,0.098673,0.001686
1647,1,0.098593,0.001642
1648,1,0.098512,0.001597
1649,1,0.098432,0.001552
1650,1,0.098352,0.001508
1651,1,0.098272,0.001464
1652,1,0.098192,0.001420
1653,1,0.098112,0.001376
1654,1,0.098032,0.001332
1655,1,0.097953,0.001289
1656,1,0.097873,0.001247
1657,1,0.097794,0.001205
1658,1,0.097715,0.001164
1659,1,0.097636,0.001123
1660,1,0.097557,0.001083
1661,1,0.097478,0.001044
1662,1,0.097399,0.001005
1663,1,0.097320,0.000967
1664,1,0.097242,0.000930
1665,1,0.097164,0.000894
1666,1,0.097085,0.000859
1667,1,0.097007,0.000825
1668,1,0.096929,0.000791
1669,1,0.096851,0.000758
1670,1,0.096774,0.000726
1671,1,0.096696,0.000696
1672,1,0.096619,0.000665
1673,1,0.096541,0.000636
1674,1,0.096464,0.000608
1675,1,0.096387,0.000581
1676,1,0.096310,0.000554
1677,1,0.096233,0.000529
1678,1,0.096157,0.000504
1679,1,0.096080,0.000480
1680,1,0.096004,0.000457
1681,1,0.095927,0.000435
1682,1,0.095851,0.000413
1683,1,0.095775,0.000392
1684,1,0.095699,0.000373
1685,1,0.095623,0.000353
1686,1,0.095548,0.000335
1687,1,0.095472,0.000317
1688,1,0.095397,0.000299
1689,1,0.095321,0.000282
1690,1,0.095246,0.000266
1691,1,0.095171,0.000250
1692,1,0.095096,0.000234
1693,1,0.095022,0.000219
1694,1,0.094947,0.000204
1695,1,0.094872,0.000191
1696,1,0.094798,0.000177
1697,1,0.094724,0.000165
1698,1,0.094650,0.000153
1699,1,0.094576,0.000142
1700,1,0.094502,0.000131
1701,1,0.094428,0.000121
1702,1,0.094354,0.000112
1703,1,0.094281,0.000103
1704,1,0.094207,0.000095
1705,1,0.094134,0.000088
1706,1,0.094061,0.000081
1707,1,0.093988,0.000074
1708,1,0.093915,0.000068
1709,1,0.093842,0.000063
1710,1,0.093769,0.000058
1711,1,0.093697,0.000053
1712,1,0.093624,0.000049
1713,1,0.093552,0.000045
1714,1,0.093480,0.000042
1715,1,0.093408,0.000038
1716,1,0.093336,0.000035
1717,1,0.093264,0.000033
1718,1,0.093192,0.000030
1719,1,0.093121,0.000028
1720,1,0.093049,0.000026
1721,1,0.092978,0.000024
1722,1,0.092906,0.000022
1723,1,0.092835,0.000021
1724,1,0.092764,0.000020
1725,1,0.092693,0.000018
1726,1,0.092623,0.000017
1727,1,0.092552,0.000016
1728,1,0.092481,0.000015
1729,1,0.092411,0.000015
1730,1,0.092341,0.000014
1731,1,0.092270,0.000013
1732,1,0.092200,0.000012
1733,1,0.092130,0.000012
1734,1,0.092060,0.000011
1735,1,0.091991,0.000011
1736,1,0.091921,0.000010
1737,1,0.091851,0.000010
1738,1,0.091782,0.000010
1739,1,0.091713,0.000009
1740,1,0.091643,0.000009
1741,1,0.091574,0.000009
1742,1,0.091505,0.000008
1743,1,0.091436,0.000008
1744,1,0.091368,0.000008
1745,1,0.091299,0.000008
1746,1,0.091231,0.000007
1747,1,0.091162,0.000007
1748,1,0.091094,0.000007
1749,1,0.091026,0.000007
1750,1,0.090957,0.000007
1751,1,0.090889,0.000006
1752,1,0.090822,0.000006
1753,1,0.090754,0.000006
1754,1,0.090686,0.000006
1755,1,0.090619,0.000006
1756,1,0.090551,0.000005
1757,1,0.090484,0.000005
1758,1,0.090416,0.000005
1759,1,0.090349,0.000005
1760,1,0.090282,0.000005
1761,1,0.090215,0.000005
1762,1,0.090149,0.000004
1763,1,0.090082,0.000004
1764,1,0.090015,0.000004
1765,1,0.089949,0.000004
1766,1,0.089882,0.000004
1767,1,0.089816,0.000004
1768,1,0.089750,0.000004
1769,1,0.089684,0.000003
1770,1,0.089618,0.000003
1771,1,0.089552,0.000003
1772,1,0.089486,0.000003
1773,1,0.089420,0.000003
1774,1,0.089355,0.000003
1775,1,0.089289,0.000003
1776,1,0.089224,0.000003
1777,1,0.089159,0.000003
1778,1,0.089093,0.000002
1779,1,0.089028,0.000002
1780,1,0.088963,0.000002
1781,1,0.088898,0.000002
1782,1,0.088834,0.000002
1783,1,0.088769,0.000002
1784,1,0.088704,0.000002
1785,1,0.088640,0.000002
1786,1,0.088575,0.000002
1787,1,0.088511,0.000002
1788,1,0.088447,0.000001
1789,1,0.088383,0.000001
1790,1,0.088319,0.000001
1791,1,0.088255,0.000001
1792,1,0.088191,0.000001
1793,1,0.088127,0.000001
1794,1,0.088064,0.000001
1795,1,0.088000,0.000001
1796,1,0.087937,0.000001
1797,1,0.087874,0.000001
1798,1,0.087810,0.000001
1799,1,0.087747,0.000001
1800,1,0.087684,0.000001
1801,1,0.087621,0.000001
1802,1,0.087558,0.000001
1803,1,0.087496,0.000001
1804,1,0.087433,0.000000
1805,1,0.087371,0.000000
1806,1,0.087308,0.000000
1807,1,0.087246,0.000000
1808,1,0.087183,0.000000
1809,1,0.087121,0.000000
1810,1,0.087059,0.000000
1811,1,0.086997,0.000000
1812,1,0.086935,0.000000
1813,1,0.086873,0.000000
1814,1,0.086812,0.000000
1815,1,0.086750,0.000000
1816,1,0.086689,0.000000
1817,1,0.086627,0.000000
1818,1,0.086566,0.000000
1819,1,0.086504,0.000000
1820,1,0.086443,0.000000
1821,1,0.086382,0.000000
1822,1,0.086321,0.000000
1823,1,0.086260,0.000000
1824,1,0.086200,0.000000
1825,1,0.086139,0.000000
1826,1,0.086078,0.000000
1827,1,0.086018,0.000000
1828,1,0.085957,0.000000
1829,1,0.085897,0.000000
1830,1,0.085837,0.000000
1831,1,0.085776,0.000000
1832,1,0.085716,0.000000
1833,1,0.085656,0.000000
1834,1,0.085596,0.000000
1835,1,0.085536,0.000000
1836,1,0.085477,0.000000
1837,1,0.085417,0.000000
1838,1,0.085357,0.000000
1839,1,0.085298,0.000000
1840,1,0.085239,0.000000
1841,1,0.085179,0.000000
1842,1,0.085120,0.000000
1843,1,0.085061,0.000000
1844,1,0.085002,0.000000
1845,1,0.084943,0.000000
1846,1,0.084884,0.000000
1847,1,0.084825,0.000000
1848,1,0.084766,0.000000
1849,0,0.084708,0.000000
1850,1,0.084921,0.000000
1851,1,0.085108,0.000000
1852,1,0.085271,0.000000
1853,1,0.085412,0.000000
1854,1,0.085533,0.000000
1855,1,0.085637,0.000000
1856,1,0.085724,0.000000
1857,1,0.085797,0.000000
1858,1,0.085857,0.000000
1859,1,0.085905,0.000000
1860,1,0.085942,0.000000
1861,1,0.085970,0.000027
1862,1,0.085989,0.000124
1863,1,0.086001,0.000260
1864,1,0.086005,0.000414
1865,1,0.086003,0.000571
1866,1,0.085996,0.000722
1867,1,0.085983,0.000860
1868,1,0.085965,0.000983
1869,1,0.085944,0.001089
1870,1,0.085919,0.001179
1871,1,0.085890,0.001254
1872,1,0.085858,0.001315
1873,1,0.085824,0.001364
1874,1,0.085787,0.001403
1875,1,0.085748,0.001432
1876,1,0.085707,0.001455
1877,1,0.085664,0.001472
1878,1,0.085619,0.001484
1879,1,0.085573,0.001493
1880,1,0.085526,0.001499
1881,1,0.085478,0.001503
1882,1,0.085428,0.001506
1883,1,0.085378,0.001509
1884,1,0.085326,0.001511
1885,1,0.085274,0.001512
1886,1,0.085221,0.001514
1887,1,0.085168,0.001515
1888,1,0.085114,0.001516
1889,1,0.085059,0.001517
1890,1,0.085004,0.001518
1891,1,0.084949,0.001518
1892,1,0.084893,0.001518
1893,1,0.084837,0.001518
1894,1,0.084781,0.001517
1895,1,0.084724,0.001515
1896,1,0.084667,0.001512
1897,1,0.084610,0.001508
1898,1,0.084553,0.001503
1899,1,0.084496,0.001497
1900,1,0.084438,0.001489
1901,1,0.084381,0.001480
1902,1,0.084323,0.001470
1903,1,0.084266,0.001459
1904,1,0.084208,0.001446
1905,1,0.084150,0.001432
1906,1,0.084092,0.001416
1907,1,0.084034,0.001399
1908,1,0.083977,0.001381
1909,1,0.083919,0.001362
1910,1,0.083861,0.001341
1911,1,0.083803,0.001319
1912,1,0.083745,0.001297
1913,1,0.083687,0.001273
1914,1,0.083630,0.001248
1915,1,0.083572,0.001223
1916,1,0.083514,0.001196
1917,1,0.083456,0.001170
1918,1,0.083399,0.001142
1919,1,0.083341,0.001114
1920,1,0.083284,0.001085
1921,1,0.083226,0.001056
1922,1,0.083169,0.001027
1923,1,0.083111,0.000998
1924,1,0.083054,0.000968
1925,1,0.082997,0.000939
1926,1,0.082940,0.000909
1927,1,0.082883,0.000880
1928,1,0.082826,0.000850
1929,1,0.082769,0.000821
1930,1,0.082712,0.000792
1931,1,0.082655,0.000763
1932,1,0.082598,0.000735
1933,1,0.082542,0.000707
1934,1,0.082485,0.000680
1935,1,0.082429,0.000652
1936,1,0.082372,0.000626
1937,1,0.082316,0.000600
1938,1,0.082260,0.000574
1939,1,0.082203,0.000549
1940,1,0.082147,0.000524
1941,1,0.082091,0.000500
1942,1,0.082035,0.000475
1943,1,0.081979,0.000451
1944,1,0.081923,0.000427
1945,1,0.081868,0.000403
1946,1,0.081812,0.000379
1947,1,0.081756,0.000356
1948,1,0.081701,0.000334
1949,1,0.081645,0.000312
1950,1,0.081590,0.000292
1951,1,0.081535,0.000272
1952,1,0.081479,0.000253
1953,1,0.081424,0.000235
1954,1,0.081369,0.000218
1955,1,0.081314,0.000202
1956,1,0.081259,0.000187
1957,1,0.081204,0.000172
1958,1,0.081150,0.000159
1959,1,0.081095,0.000147
1960,1,0.081040,0.000135
1961,1,0.080986,0.000125
1962,1,0.080931,0.000115
1963,1,0.080877,0.000106
1964,1,0.080823,0.000098
1965,1,0.080769,0.000090
1966,1,0.080714,0.000083
1967,1,0.080660,0.000077
1968,1,0.080606,0.000071
1969,1,0.080552,0.000065
1970,1,0.080498,0.000061
1971,1,0.080445,0.000056
1972,1,0.080391,0.000052
1973,1,0.080337,0.000049
1974,1,0.080284,0.000045
1975,1,0.080230,0.000042
1976,1,0.080177,0.000040
1977,1,0.080124,0.000037
1978,1,0.080070,0.000035
1979,1,0.080017,0.000033
1980,1,0.079964,0.000031
1981,1,0.079911,0.000030
1982,1,0.079858,0.000028
1983,1,0.079805,0.000027
1984,1,0.079752,0.000026
1985,1,0.079699,0.000025
1986,1,0.079647,0.000024
1987,1,0.079594,0.000023
1988,1,0.079542,0.000022
1989,1,0.079489,0.000021
1990,1,0.079437,0.000020
1991,1,0.079384,0.000020
1992,1,0.079332,0.000019
1993,1,0.079280,0.000018
1994,1,0.079228,0.000018
1995,1,0.079176,0.000017
1996,1,0.079124,0.000017
1997,1,0.079072,0.000016
1998,1,0.079020,0.000016
1999,1,0.078968,0.000015
2000,1,0.078917,0.000015
2001,1,0.078865,0.000014
2002,1,0.078813,0.000014
2003,1,0.078762,0.000014
2004,1,0.078711,0.000013
2005,1,0.078659,0.000013
2006,1,0.078608,0.000012
2007,1,0.078557,0.000012
2008,1,0.078506,0.000012
2009,1,0.078454,0.000011
2010,1,0.078403,0.000011
2011,1,0.078352,0.000010
2012,1,0.078302,0.000010
2013,1,0.078251,0.000010
2014,1,0.078200,0.000009
2015,1,0.078149,0.000009
2016,1,0.078099,0.000009
2017,1,0.078048,0.000008
2018,1,0.077998,0.000008
2019,1,0.077947,0.000008
2020,1,0.077897,0.000007
2021,1,0.077847,0.000007
2022,1,0.077797,0.000007
2023,1,0.077746,0.000007
2024,1,0.077696,0.000006
2025,1,0.077646,0.000006
2026,1,0.077596,0.000006
2027,1,0.077547,0.000005
2028,1,0.077497,0.000005
2029,1,0.077447,0.000005
2030,1,0.077397,0.000004
2031,1,0.077348,0.000004
2032,1,0.077298,0.000004
2033,1,0.077249,0.000004
2034,1,0.077199,0.000003
2035,1,0.077150,0.000003
2036,1,0.077101,0.000003
2037,1,0.077051,0.000003
2038,1,0.077002,0.000003
2039,1,0.076953,0.000002
2040,1,0.076904,0.000002
2041,1,0.076855,0.000002
2042,1,0.076806,0.000002
2043,1,0.076757,0.000002
2044,1,0.076709,0.000002
2045,1,0.076660,0.000001
2046,1,0.076611,0.000001
2047,1,0.076563,0.000001
2048,1,0.076514,0.000001
2049,1,0.076466,0.000001
2050,1,0.076417,0.000001
2051,1,0.076369,0.000001
2052,1,0.076321,0.000001
2053,1,0.076272,0.000001
2054,1,0.076224,0.000001
2055,1,0.076176,0.000001
2056,1,0.076128,0.000001
2057,1,0.076080,0.000001
2058,1,0.076032,0.000001
2059,1,0.075985,0.000001
2060,1,0.075937,0.000000
2061,1,0.075889,0.000000
2062,1,0.075841,0.000000
2063,1,0.075794,0.000000
2064,1,0.075746,0.000000
2065,1,0.075699,0.000000
2066,1,0.075651,0.000000
2067,1,0.075604,0.000000
2068,1,0.075557,0.000000
2069,1,0.075509,0.000000
2070,1,0.075462,0.000000
2071,1,0.075415,0.000000
2072,1,0.075368,0.000000
2073,1,0.075321,0.000000
2074,1,0.075274,0.000000
2075,1,0.075227,0.000000
2076,1,0.075180,0.000000
2077,1,0.075134,0.000000
2078,1,0.075087,0.000000
2079,1,0.075040,0.000000
2080,1,0.074994,0.000000
2081,1,0.074947,0.000000
2082,1,0.074901,0.000000
2083,1,0.074854,0.000000
2084,1,0.074808,0.000000
2085,1,0.074762,0.000000
2086,1,0.074715,0.000000
2087,1,0.074669,0.000000
2088,1,0.074623,0.000000
2089,1,0.074577,0.000000
2090,1,0.074531,0.000000
2091,1,0.074485,0.000000
2092,1,0.074439,0.000000
2093,1,0.074393,0.000000
2094,1,0.074348,0.000000
2095,1,0.074302,0.000000
2096,1,0.074256,0.000000
2097,1,0.074211,0.000000
2098,1,0.074165,0.000000
2099,1,0.074120,0.000000
2100,1,0.074074,0.000000
2101,1,0.074029,0.000000
2102,1,0.073983,0.000000
2103,1,0.073938,0.000000
2104,1,0.073893,0.000000
2105,1,0.073848,0.000000
2106,1,0.073803,0.000000
2107,1,0.073758,0.000000
2108,1,0.073713,0.000000
2109,1,0.073668,0.000000
2110,1,0.073623,0.000000
2111,1,0.073578,0.000000
2112,1,0.073533,0.000000
2113,1,0.073489,0.000000
2114,1,0.073444,0.000000
2115,1,0.073399,0.000000
2116,1,0.073355,0.000000
2117,1,0.073310,0.000000
2118,1,0.073266,0.000000
2119,1,0.073221,0.000000
2120,1,0.073177,0.000000
2121,1,0.073133,0.000000
2122,1,0.073089,0.000000
2123,1,0.073044,0.000000
2124,1,0.073000,0.000000
2125,1,0.072956,0.000000
2126,1,0.072912,0.000000
2127,1,0.072868,0.000000
2128,1,0.072824,0.000000
2129,1,0.072780,0.000000
2130,1,0.072737,0.000000
2131,1,0.072693,0.000000
2132,1,0.072649,0.000000
2133,1,0.072606,0.000000
2134,1,0.072562,0.000000
2135,1,0.072518,0.000000
2136,1,0.072475,0.000000
2137,1,0.072431,0.000000
2138,1,0.072388,0.000000
2139,1,0.072345,0.000000
2140,1,0.072301,0.000000
2141,1,0.072258,0.000000
2142,1,0.072215,0.000000
2143,1,0.072172,0.000000
2144,1,0.072129,0.000000
2145,1,0.072086,0.000000
2146,1,0.072043,0.000000
2147,1,0.072000,0.000000
2148,1,0.071957,0.000000
2149,1,0.071914,0.000000
2150,1,0.071872,0.000000
2151,1,0.071829,0.000000
2152,1,0.071786,0.000000
2153,1,0.071744,0.000000
2154,1,0.071701,0.000000
2155,1,0.071658,0.000000
2156,1,0.071616,0.000000
2157,1,0.071574,0.000000
2158,1,0.071531,0.000000
2159,1,0.071489,0.000000
2160,1,0.071447,0.000000
2161,1,0.071404,0.000000
2162,1,0.071362,0.000000
2163,1,0.071320,0.000000
2164,1,0.071278,0.000000
2165,1,0.071236,0.000000
2166,1,0.071194,0.000000
2167,1,0.071152,0.000000
2168,1,0.071110,0.000000
2169,1,0.071068,0.000000
2170,1,0.071027,0.000000
2171,1,0.070985,0.000000
2172,1,0.070943,0.000000
2173,1,0.070902,0.000000
2174,1,0.070860,0.000000
2175,1,0.070818,0.000000
2176,1,0.070777,0.000000
2177,1,0.070736,0.000000
2178,1,0.070694,0.000000
2179,1,0.070653,0.000000
2180,1,0.070612,0.000000
2181,1,0.070570,0.000000
2182,1,0.070529,0.000000
2183,1,0.070488,0.000000
2184,1,0.070447,0.000000
2185,1,0.070406,0.000000
2186,1,0.070365,0.000000
2187,1,0.070324,0.000000
2188,1,0.070283,0.000000
2189,1,0.070242,0.000000
2190,1,0.070201,0.000000
2191,1,0.070161,0.000000
2192,1,0.070120,0.000000
2193,1,0.070079,0.000000
2194,1,0.070038,0.000000
2195,1,0.069998,0.000000
2196,1,0.069957,0.000000
2197,1,0.069917,0.000000
2198,1,0.069876,0.000000
2199,1,0.069836,0.000000
2200,1,0.069796,0.000000
2201,1,0.069755,0.000000
2202,1,0.069715,0.000000
2203,1,0.069675,0.000000
2204,1,0.069635,0.000000
2205,1,0.069595,0.000000
2206,1,0.069555,0.000000
2207,1,0.069515,0.000000
2208,0,0.069475,0.000000
2209,1,0.069661,0.000000
2210,1,0.069826,0.000000
2211,1,0.069971,0.000000
2212,1,0.070097,0.000000
2213,1,0.070207,0.000000
2214,1,0.070302,0.000000
2215,1,0.070384,0.000000
2216,1,0.070454,0.000000
2217,1,0.070513,0.000000
2218,1,0.070562,0.000000
2219,1,0.070603,0.000000
2220,1,0.070635,0.000000
2221,1,0.070660,0.000037
2222,1,0.070679,0.000125
2223,1,0.070692,0.000241
2224,1,0.070699,0.000369
2225,1,0.070702,0.000499
2226,1,0.070701,0.000623
2227,1,0.070696,0.000740
2228,1,0.070687,0.000845
2229,1,0.070675,0.000940
2230,1,0.070660,0.001023
2231,1,0.070643,0.001097
2232,1,0.070624,0.001162
2233,1,0.070602,0.001219
2234,1,0.070579,0.001269
2235,1,0.070554,0.001315
2236,1,0.070527,0.001356
2237,1,0.070499,0.001394
2238,1,0.070470,0.001429
2239,1,0.070439,0.001461
2240,1,0.070408,0.001493
2241,1,0.070375,0.001522
2242,1,0.070342,0.001550
2243,1,0.070308,0.001577
2244,1,0.070273,0.001603
2245,1,0.070238,0.001628
2246,1,0.070202,0.001651
2247,1,0.070166,0.001673
2248,1,0.070129,0.001693
2249,1,0.070092,0.001712
2250,1,0.070054,0.001728
2251,1,0.070016,0.001743
2252,1,0.069978,0.001755
2253,1,0.069940,0.001765
2254,1,0.069901,0.001773
2255,1,0.069862,0.001778
2256,1,0.069823,0.001780
2257,1,0.069784,0.001780
2258,1,0.069744,0.001777
2259,1,0.069704,0.001772
2260,1,0.069665,0.001763
2261,1,0.069625,0.001752
2262,1,0.069585,0.001739
2263,1,0.069545,0.001723
2264,1,0.069505,0.001704
2265,1,0.069465,0.001683
2266,1,0.069425,0.001660
2267,1,0.069385,0.001635
2268,1,0.069345,0.001607
2269,1,0.069304,0.001578
2270,1,0.069264,0.001547
2271,1,0.069224,0.001515
2272,1,0.069184,0.001481
2273,1,0.069143,0.001446
2274,1,0.069103,0.001409
2275,1,0.069063,0.001372
2276,1,0.069023,0.001334
2277,1,0.068983,0.001295
2278,1,0.068943,0.001255
2279,1,0.068902,0.001215
2280,1,0.068862,0.001175
2281,1,0.068822,0.001134
2282,1,0.068782,0.001091
2283,1,0.068742,0.001047
2284,1,0.068702,0.001002
2285,1,0.068662,0.000955
2286,1,0.068622,0.000908
2287,1,0.068582,0.000861
2288,1,0.068542,0.000813
2289,1,0.068503,0.000766
2290,1,0.068463,0.000720
2291,1,0.068423,0.000675
2292,1,0.068383,0.000631
2293,1,0.068344,0.000589
2294,1,0.068304,0.000549
2295,1,0.068265,0.000510
2296,1,0.068225,0.000474
2297,1,0.068186,0.000439
2298,1,0.068146,0.000407
2299,1,0.068107,0.000376
2300,1,0.068067,0.000348
2301,1,0.068028,0.000321
2302,1,0.067989,0.000296
2303,1,0.067950,0.000274
2304,1,0.067910,0.000253
2305,1,0.067871,0.000234
2306,1,0.067832,0.000216
2307,1,0.067793,0.000200
2308,1,0.067754,0.000185
2309,1,0.067715,0.000172
2310,1,0.067676,0.000159
2311,1,0.067637,0.000148
2312,1,0.067598,0.000138
2313,1,0.067560,0.000129
2314,1,0.067521,0.000121
2315,1,0.067482,0.000114
2316,1,0.067443,0.000107
2317,1,0.067405,0.000101
2318,1,0.067366,0.000095
2319,1,0.067328,0.000091
2320,1,0.067289,0.000086
2321,1,0.067251,0.000082
2322,1,0.067212,0.000079
2323,1,0.067174,0.000075
2324,1,0.067136,0.000072
2325,1,0.067097,0.000070
2326,1,0.067059,0.000067
2327,1,0.067021,0.000065
2328,1,0.066983,0.000063
2329,1,0.066945,0.000061
2330,1,0.066907,0.000059
2331,1,0.066868,0.000057
2332,1,0.066830,0.000055
2333,1,0.066793,0.000054
2334,1,0.066755,0.000052
2335,1,0.066717,0.000051
2336,1,0.066679,0.000049
2337,1,0.066641,0.000048
2338,1,0.066603,0.000046
2339,1,0.066566,0.000045
2340,1,0.066528,0.000044
2341,1,0.066491,0.000042
2342,1,0.066453,0.000041
2343,1,0.066415,0.000040
2344,1,0.066378,0.000039
2345,1,0.066341,0.000037
2346,1,0.066303,0.000036
2347,1,0.066266,0.000035
2348,1,0.066228,0.000034
2349,1,0.066191,0.000032
2350,1,0.066154,0.000031
2351,1,0.066117,0.000030
2352,1,0.066080,0.000029
2353,1,0.066043,0.000027
2354,1,0.066005,0.000026
2355,1,0.065968,0.000025
2356,1,0.065931,0.000023
2357,1,0.065894,0.000022
2358,1,0.065858,0.000021
2359,1,0.065821,0.000020
2360,1,0.065784,0.000018
2361,1,0.065747,0.000017
2362,1,0.065710,0.000016
2363,1,0.065674,0.000015
2364,1,0.065637,0.000014
2365,1,0.065600,0.000013
2366,1,0.065564,0.000012
2367,1,0.065527,0.000011
2368,1,0.065491,0.000010
2369,1,0.065454,0.000009
2370,1,0.065418,0.000009
2371,1,0.065382,0.000008
2372,1,0.065345,0.000007
2373,1,0.065309,0.000007
2374,1,0.065273,0.000006
2375,1,0.065236,0.000006
2376,1,0.065200,0.000005
2377,1,0.065164,0.000005
2378,1,0.065128,0.000005
2379,1,0.065092,0.000004
2380,1,0.065056,0.000004
2381,1,0.065020,0.000004
2382,1,0.064984,0.000003
2383,1,0.064948,0.000003
2384,1,0.064912,0.000003
2385,1,0.064876,0.000003
2386,1,0.064841,0.000003
2387,1,0.064805,0.000003
2388,1,0.064769,0.000002
2389,1,0.064733,0.000002
2390,1,0.064698,0.000002
2391,1,0.064662,0.000002
2392,1,0.064627,0.000002
2393,1,0.064591,0.000002
2394,1,0.064556,0.000002
2395,1,0.064520,0.000002
2396,1,0.064485,0.000002
2397,1,0.064449,0.000002
2398,1,0.064414,0.000002
2399,1,0.064379,0.000002
2400,1,0.064343,0.000002
2401,1,0.064308,0.000002
2402,1,0.064273,0.000001
2403,1,0.064238,0.000001
2404,1,0.064203,0.000001
2405,1,0.064168,0.000001
2406,1,0.064133,0.000001
2407,1,0.064098,0.000001
2408,1,0.064063,0.000001
2409,1,0.064028,0.000001
2410,1,0.063993,0.000001
2411,1,0.063958,0.000001
2412,1,0.063923,0.000001
2413,1,0.063888,0.000001
2414,1,0.063854,0.000001
2415,1,0.063819,0.000001
2416,1,0.063784,0.000001
2417,1,0.063750,0.000001
2418,1,0.063715,0.000001
2419,1,0.063681,0.000001
2420,1,0.063646,0.000001
2421,1,0.063612,0.000001
2422,1,0.063577,0.000001
2423,1,0.063543,0.000001
2424,1,0.063508,0.000001
2425,1,0.063474,0.000001
2426,1,0.063440,0.000001
2427,1,0.063405,0.000001
2428,1,0.063371,0.000000
2429,1,0.063337,0.000000
2430,1,0.063303,0.000000
2431,1,0.063269,0.000000
2432,1,0.063235,0.000000
2433,1,0.063201,0.000000
2434,1,0.063166,0.000000
2435,1,0.063133,0.000000
2436,1,0.063099,0.000000
2437,1,0.063065,0.000000
2438,1,0.063031,0.000000
2439,1,0.062997,0.000000
2440,1,0.062963,0.000000
2441,1,0.062929,0.000000
2442,1,0.062896,0.000000
2443,1,0.062862,0.000000
2444,1,0.062828,0.000000
2445,1,0.062795,0.000000
2446,1,0.062761,0.000000
2447,1,0.062727,0.000000
2448,1,0.062694,0.000000
2449,1,0.062660,0.000000
2450,1,0.062627,0.000000
2451,1,0.062594,0.000000
2452,1,0.062560,0.000000
2453,1,0.062527,0.000000
2454,1,0.062493,0.000000
2455,1,0.062460,0.000000
2456,1,0.062427,0.000000
2457,1,0.062394,0.000000
2458,1,0.062360,0.000000
2459,1,0.062327,0.000000
2460,1,0.062294,0.000000
2461,1,0.062261,0.000000
2462,1,0.062228,0.000000
2463,1,0.062195,0.000000
2464,1,0.062162,0.000000
2465,1,0.062129,0.000000
2466,1,0.062096,0.000000
2467,1,0.062063,0.000000
2468,1,0.062030,0.000000
2469,1,0.061998,0.000000
2470,1,0.061965,0.000000
2471,1,0.061932,0.000000
2472,1,0.061899,0.000000
2473,1,0.061867,0.000000
2474,1,0.061834,0.000000
2475,1,0.061801,0.000000
2476,1,0.061769,0.000000
2477,1,0.061736,0.000000
2478,1,0.061704,0.000000
2479,1,0.061671,0.000000
2480,1,0.061639,0.000000
2481,1,0.061606,0.000000
2482,1,0.061574,0.000000
2483,1,0.061542,0.000000
2484,1,0.061509,0.000000
2485,1,0.061477,0.000000
2486,1,0.061445,0.000000
2487,1,0.061413,0.000000
2488,1,0.061380,0.000000
2489,1,0.061348,0.000000
2490,1,0.061316,0.000000
2491,1,0.061284,0.000000
2492,1,0.061252,0.000000
2493,1,0.061220,0.000000
2494,1,0.061188,0.000000
2495,1,0.061156,0.000000
2496,1,0.061124,0.000000
2497,1,0.061092,0.000000
2498,1,0.061060,0.000000
2499,1,0.061028,0.000000
2500,1,0.060997,0.000000
2501,1,0.060965,0.000000
2502,1,0.060933,0.000000
2503,1,0.060901,0.000000
2504,1,0.060870,0.000000
2505,1,0.060838,0.000000
2506,1,0.060806,0.000000
2507,1,0.060775,0.000000
2508,1,0.060743,0.000000
2509,1,0.060712,0.000000
2510,1,0.060680,0.000000
2511,1,0.060649,0.000000
2512,1,0.060617,0.000000
2513,1,0.060586,0.000000
2514,1,0.060555,0.000000
2515,1,0.060523,0.000000
2516,1,0.060492,0.000000
2517,1,0.060461,0.000000
2518,1,0.060429,0.000000
2519,1,0.060398,0.000000
2520,1,0.060367,0.000000
2521,1,0.060336,0.000000
2522,1,0.060305,0.000000
2523,1,0.060274,0.000000
2524,1,0.060243,0.000000
2525,1,0.060212,0.000000
2526,1,0.060181,0.000000
2527,1,0.060150,0.000000
2528,1,0.060119,0.000000
2529,1,0.060088,0.000000
2530,1,0.060057,0.000000
2531,1,0.060026,0.000000
2532,1,0.059995,0.000000
2533,1,0.059964,0.000000
2534,1,0.059934,0.000000
2535,1,0.059903,0.000000
2536,1,0.059872,0.000000
2537,1,0.059842,0.000000
2538,1,0.059811,0.000000
2539,1,0.059780,0.000000
2540,1,0.059750,0.000000
2541,1,0.059719,0.000000
2542,1,0.059689,0.000000
2543,1,0.059658,0.000000
2544,1,0.059628,0.000000
2545,1,0.059597,0.000000
2546,1,0.059567,0.000000
2547,1,0.059536,0.000000
2548,1,0.059506,0.000000
2549,1,0.059476,0.000000
2550,1,0.059446,0.000000
2551,1,0.059415,0.000000
2552,1,0.059385,0.000000
2553,1,0.059355,0.000000
2554,1,0.059325,0.000000
2555,1,0.059295,0.000000
2556,1,0.059264,0.000000
2557,1,0.059234,0.000000
2558,1,0.059204,0.000000
2559,1,0.059174,0.000000
2560,1,0.059144,0.000000
2561,1,0.059114,0.000000
2562,1,0.059084,0.000000
2563,1,0.059054,0.000000
2564,1,0.059025,0.000000
2565,1,0.058995,0.000000
2566,1,0.058965,0.000000
2567,1,0.058935,0.000000
2568,1,0.058905,0.000000
2569,1,0.058876,0.000000
2570,1,0.058846,0.000000
2571,1,0.058816,0.000000
2572,1,0.058786,0.000000
2573,1,0.058757,0.000000
2574,1,0.058727,0.000000
2575,1,0.058698,0.000000
2576,1,0.058668,0.000000
2577,1,0.058639,0.000000
2578,1,0.058609,0.000000
2579,1,0.058580,0.000000
2580,1,0.058550,0.000000
2581,1,0.058521,0.000000
2582,1,0.058491,0.000000
2583,1,0.058462,0.000000
2584,1,0.058433,0.000000
2585,1,0.058403,0.000000
2586,1,0.058374,0.000000
2587,1,0.058345,0.000000
2588,1,0.058316,0.000000
2589,1,0.058287,0.000000
2590,1,0.058257,0.000000
2591,1,0.058228,0.000000
2592,1,0.058199,0.000000
2593,1,0.058170,0.000000
2594,1,0.058141,0.000000
2595,1,0.058112,0.000000
2596,1,0.058083,0.000000
2597,1,0.058054,0.000000
2598,1,0.058025,0.000000
2599,1,0.057996,0.000000
2600,1,0.057967,0.000000
2601,1,0.057938,0.000000
2602,1,0.057910,0.000000
2603,1,0.057881,0.000000
2604,1,0.057852,0.000000
2605,1,0.057823,0.000000
2606,1,0.057795,0.000000
2607,1,0.057766,0.000000
2608,1,0.057737,0.000000
2609,1,0.057709,0.000000
2610,1,0.057680,0.000000
2611,1,0.057651,0.000000
2612,1,0.057623,0.000000
2613,1,0.057594,0.000000
2614,1,0.057566,0.000000
2615,1,0.057537,0.000000
2616,1,0.057509,0.000000
2617,1,0.057480,0.000000
2618,1,0.057452,0.000000
2619,1,0.057424,0.000000
2620,1,0.057395,0.000000
2621,1,0.057367,0.000000
2622,1,0.057339,0.000000
2623,1,0.057310,0.000000
2624,1,0.057282,0.000000
2625,1,0.057254,0.000000
2626,1,0.057226,0.000000
2627,1,0.057197,0.000000
2628,1,0.057169,0.000000
2629,1,0.057141,0.000000
2630,1,0.057113,0.000000
2631,1,0.057085,0.000000
2632,1,0.057057,0.000000
2633,1,0.057029,0.000000
2634,1,0.057001,0.000000
2635,1,0.056973,0.000000
2636,1,0.056945,0.000000
2637,1,0.056917,0.000000
2638,1,0.056889,0.000000
2639,1,0.056861,0.000000
2640,1,0.056834,0.000000
2641,1,0.056806,0.000000
2642,1,0.056778,0.000000
2643,1,0.056750,0.000000
2644,1,0.056722,0.000000
2645,1,0.056695,0.000000
2646,1,0.056667,0.000000
2647,1,0.056639,0.000000
2648,1,0.056612,0.000000
2649,1,0.056584,0.000000
2650,1,0.056556,0.000000
2651,1,0.056529,0.000000
2652,1,0.056501,0.000000
2653,1,0.056474,0.000000
2654,1,0.056446,0.000000
2655,1,0.056419,0.000000
2656,1,0.056391,0.000000
2657,1,0.056364,0.000000
2658,1,0.056337,0.000000
2659,1,0.056309,0.000000
2660,1,0.056282,0.000000
2661,1,0.056255,0.000000
2662,1,0.056227,0.000000
2663,1,0.056200,0.000000
2664,1,0.056173,0.000000
2665,1,0.056146,0.000000
2666,1,0.056118,0.000000
2667,1,0.056091,0.000000
2668,1,0.056064,0.000000
2669,1,0.056037,0.000000
2670,1,0.056010,0.000000
2671,1,0.055983,0.000000
2672,1,0.055956,0.000000
2673,1,0.055929,0.000000
2674,1,0.055902,0.000000
2675,1,0.055875,0.000000
2676,1,0.055848,0.000000
2677,1,0.055821,0.000000
2678,1,0.055794,0.000000
2679,1,0.055767,0.000000
2680,1,0.055740,0.000000
2681,1,0.055713,0.000000
2682,1,0.055687,0.000000
2683,1,0.055660,0.000000
2684,1,0.055633,0.000000
2685,1,0.055606,0.000000
2686,1,0.055580,0.000000
2687,1,0.055553,0.000000
2688,1,0.055526,0.000000
2689,1,0.055500,0.000000
2690,1,0.055473,0.000000
2691,1,0.055446,0.000000
2692,1,0.055420,0.000000
2693,1,0.055393,0.000000
2694,1,0.055367,0.000000
2695,1,0.055340,0.000000
2696,1,0.055314,0.000000
2697,1,0.055287,0.000000
2698,1,0.055261,0.000000
2699,1,0.055234,0.000000
2700,1,0.055208,0.000000
2701,1,0.055182,0.000000
2702,1,0.055155,0.000000
2703,1,0.055129,0.000000
2704,1,0.055103,0.000000
2705,1,0.055076,0.000000
2706,1,0.055050,0.000000
2707,1,0.055024,0.000000
2708,1,0.054998,0.000000
2709,1,0.054972,0.000000
2710,1,0.054945,0.000000
2711,1,0.054919,0.000000
2712,1,0.054893,0.000000
2713,1,0.054867,0.000000
2714,1,0.054841,0.000000
2715,1,0.054815,0.000000
2716,1,0.054789,0.000000
2717,1,0.054763,0.000000
2718,1,0.054737,0.000000
2719,1,0.054711,0.000000
2720,1,0.054685,0.000000
2721,1,0.054659,0.000000
2722,1,0.054633,0.000000
2723,1,0.054607,0.000000
2724,1,0.054582,0.000000
2725,1,0.054556,0.000000
2726,1,0.054530,0.000000
2727,1,0.054504,0.000000
2728,1,0.054478,0.000000
2729,1,0.054453,0.000000
2730,1,0.054427,0.000000
2731,1,0.054401,0.000000
2732,1,0.054376,0.000000
2733,1,0.054350,0.000000
2734,1,0.054324,0.000000
2735,1,0.054299,0.000000
2736,1,0.054273,0.000000
2737,1,0.054248,0.000000
2738,1,0.054222,0.000000
2739,1,0.054197,0.000000
2740,1,0.054171,0.000000
2741,1,0.054146,0.000000
2742,1,0.054120,0.000000
2743,1,0.054095,0.000000
2744,1,0.054069,0.000000
2745,1,0.054044,0.000000
2746,1,0.054019,0.000000
2747,1,0.053993,0.000000
2748,1,0.053968,0.000000
2749,1,0.053943,0.000000
2750,1,0.053917,0.000000
2751,1,0.053892,0.000000
2752,1,0.053867,0.000000
2753,1,0.053842,0.000000
2754,1,0.053817,0.000000
2755,1,0.053791,0.000000
2756,1,0.053766,0.000000
2757,1,0.053741,0.000000
2758,1,0.053716,0.000000
2759,1,0.053691,0.000000
2760,1,0.053666,0.000000
2761,1,0.053641,0.000000
2762,1,0.053616,0.000000
2763,1,0.053591,0.000000
2764,1,0.053566,0.000000
2765,1,0.053541,0.000000
2766,1,0.053516,0.000000
2767,1,0.053491,0.000000
2768,1,0.053466,0.000000
2769,1,0.053441,0.000000
2770,1,0.053416,0.000000
2771,1,0.053392,0.000000
2772,1,0.053367,0.000000
2773,1,0.053342,0.000000
2774,1,0.053317,0.000000
2775,1,0.053293,0.000000
2776,1,0.053268,0.000000
2777,1,0.053243,0.000000
2778,1,0.053218,0.000000
2779,1,0.053194,0.000000
2780,1,0.053169,0.000000
2781,1,0.053145,0.000000
2782,1,0.053120,0.000000
2783,1,0.053095,0.000000
2784,1,0.053071,0.000000
2785,1,0.053046,0.000000
2786,1,0.053022,0.000000
2787,1,0.052997,0.000000
2788,1,0.052973,0.000000
2789,1,0.052948,0.000000
2790,1,0.052924,0.000000
2791,1,0.052900,0.000000
2792,1,0.052875,0.000000
2793,1,0.052851,0.000000
2794,1,0.052826,0.000000
2795,1,0.052802,0.000000
2796,1,0.052778,0.000000
2797,1,0.052753,0.000000
2798,1,0.052729,0.000000
2799,1,0.052705,0.000000
2800,1,0.052681,0.000000
2801,1,0.052657,0.000000
2802,1,0.052632,0.000000
2803,1,0.052608,0.000000
2804,1,0.052584,0.000000
2805,1,0.052560,0.000000
2806,1,0.052536,0.000000
2807,1,0.052512,0.000000
2808,1,0.052488,0.000000
2809,1,0.052464,0.000000
2810,1,0.052440,0.000000
2811,1,0.052416,0.000000
2812,1,0.052392,0.000000
2813,1,0.052368,0.000000
2814,1,0.052344,0.000000
2815,1,0.052320,0.000000
2816,1,0.052296,0.000000
2817,1,0.052272,0.000000
2818,1,0.052248,0.000000
2819,1,0.052224,0.000000
2820,1,0.052200,0.000000
2821,1,0.052176,0.000000
2822,1,0.052153,0.000000
2823,1,0.052129,0.000000
2824,1,0.052105,0.000000
2825,1,0.052081,0.000000
2826,1,0.052058,0.000000
2827,1,0.052034,0.000000
2828,1,0.052010,0.000000
2829,1,0.051987,0.000000
2830,1,0.051963,0.000000
2831,1,0.051939,0.000000
2832,1,0.051916,0.000000
2833,1,0.051892,0.000000
2834,1,0.051869,0.000000
2835,1,0.051845,0.000000
2836,1,0.051822,0.000000
2837,1,0.051798,0.000000
2838,1,0.051775,0.000000
2839,1,0.051751,0.000000
2840,1,0.051728,0.000000
2841,1,0.051704,0.000000
2842,1,0.051681,0.000000
2843,1,0.051657,0.000000
2844,1,0.051634,0.000000
2845,1,0.051611,0.000000
2846,1,0.051587,0.000000
2847,1,0.051564,0.000000
2848,1,0.051541,0.000000
2849,1,0.051517,0.000000
2850,1,0.051494,0.000000
2851,1,0.051471,0.000000
2852,1,0.051448,0.000000
2853,1,0.051425,0.000000
2854,1,0.051401,0.000000
2855,1,0.051378,0.000000
2856,1,0.051355,0.000000
2857,1,0.051332,0.000000
2858,1,0.051309,0.000000
2859,1,0.051286,0.000000
2860,1,0.051263,0.000000
2861,1,0.051240,0.000000
2862,1,0.051217,0.000000
2863,1,0.051194,0.000000
2864,1,0.051171,0.000000
2865,1,0.051148,0.000000
2866,1,0.051125,0.000000
2867,1,0.051102,0.000000
2868,1,0.051079,0.000000
2869,1,0.051056,0.000000
2870,1,0.051033,0.000000
2871,1,0.051010,0.000000
2872,1,0.050987,0.000000
2873,1,0.050964,0.000000
2874,1,0.050942,0.000000
2875,1,0.050919,0.000000
2876,1,0.050896,0.000000
2877,1,0.050873,0.000000
2878,1,0.050850,0.000000
2879,1,0.050828,0.000000
2880,1,0.050805,0.000000
2881,1,0.050782,0.000000
2882,1,0.050760,0.000000
2883,1,0.050737,0.000000
2884,1,0.050714,0.000000
2885,1,0.050692,0.000000
2886,1,0.050669,0.000000
2887,1,0.050647,0.000000
2888,1,0.050624,0.000000
2889,1,0.050601,0.000000
2890,1,0.050579,0.000000
2891,1,0.050556,0.000000
2892,1,0.050534,0.000000
2893,1,0.050511,0.000000
2894,1,0.050489,0.000000
2895,1,0.050467,0.000000
2896,1,0.050444,0.000000
2897,1,0.050422,0.000000
2898,1,0.050399,0.000000
2899,1,0.050377,0.000000
2900,1,0.050355,0.000000
2901,1,0.050332,0.000000
2902,1,0.050310,0.000000
2903,1,0.050288,0.000000
2904,1,0.050265,0.000000
2905,1,0.050243,0.000000
2906,1,0.050221,0.000000
2907,1,0.050199,0.000000
2908,1,0.050176,0.000000
2909,1,0.050154,0.000000
2910,1,0.050132,0.000000
2911,1,0.050110,0.000000
2912,1,0.050088,0.000000
2913,1,0.050066,0.000000
2914,1,0.050044,0.000000
2915,1,0.050021,0.000000
2916,1,0.049999,0.000000
2917,0,0.049977,0.000000
2918,1,0.050130,0.000000
2919,1,0.050265,0.000000
2920,1,0.050385,0.000000
2921,1,0.050491,0.000000
2922,1,0.050584,0.000000
2923,1,0.050666,0.000000
2924,1,0.050738,0.000000
2925,1,0.050801,0.000000
2926,1,0.050856,0.000000
2927,1,0.050903,0.000000
2928,1,0.050943,0.000000
2929,1,0.050977,0.000000
2930,1,0.051006,0.000000
2931,1,0.051029,0.000000
2932,1,0.051049,0.000000
2933,1,0.051064,0.000038
2934,1,0.051076,0.000104
2935,1,0.051084,0.000188
2936,1,0.051090,0.000282
2937,1,0.051093,0.000382
2938,1,0.051093,0.000486
2939,1,0.051091,0.000592
2940,1,0.051088,0.000699
2941,1,0.051082,0.000805
2942,1,0.051075,0.000911
2943,1,0.051066,0.001017
2944,1,0.051056,0.001122
2945,1,0.051045,0.001226
2946,1,0.051033,0.001328
2947,1,0.051019,0.001429
2948,1,0.051005,0.001528
2949,1,0.050990,0.001624
2950,1,0.050974,0.001717
2951,1,0.050957,0.001807
2952,1,0.050940,0.001893
2953,1,0.050922,0.001974
2954,1,0.050904,0.002051
2955,1,0.050885,0.002122
2956,1,0.050866,0.002187
2957,1,0.050846,0.002247
2958,1,0.050826,0.002300
2959,1,0.050806,0.002346
2960,1,0.050785,0.002386
2961,1,0.050764,0.002418
2962,1,0.050743,0.002444
2963,1,0.050722,0.002462
2964,1,0.050700,0.002474
2965,1,0.050679,0.002478
2966,1,0.050657,0.002476
2967,1,0.050635,0.002467
2968,1,0.050613,0.002452
2969,1,0.050590,0.002430
2970,1,0.050568,0.002403
2971,1,0.050546,0.002367
2972,1,0.050523,0.002321
2973,1,0.050501,0.002265
2974,1,0.050478,0.002198
2975,1,0.050456,0.002123
2976,1,0.050433,0.002041
2977,1,0.050410,0.001953
2978,1,0.050387,0.001860
2979,1,0.050365,0.001765
2980,1,0.050342,0.001669
2981,1,0.050319,0.001573
2982,1,0.050296,0.001477
2983,1,0.050273,0.001384
2984,1,0.050251,0.001293
2985,1,0.050228,0.001206
2986,1,0.050205,0.001123
2987,1,0.050182,0.001044
2988,1,0.050159,0.000969
2989,1,0.050136,0.000899
2990,1,0.050114,0.000834
2991,1,0.050091,0.000773
2992,1,0.050068,0.000718
2993,1,0.050045,0.000666
2994,1,0.050022,0.000619
2995,1,0.050000,0.000576
2996,1,0.049977,0.000537
2997,1,0.049954,0.000501
2998,1,0.049931,0.000469
2999,1,0.049909,0.000441
3000,1,0.049886,0.000415
3001,1,0.049863,0.000391
3002,1,0.049840,0.000371
3003,1,0.049818,0.000352
3004,1,0.049795,0.000335
3005,1,0.049772,0.000320
3006,1,0.049750,0.000307
3007,1,0.049727,0.000295
3008,1,0.049705,0.000284
3009,1,0.049682,0.000274
3010,1,0.049659,0.000265
3011,1,0.049637,0.000257
3012,1,0.049614,0.000250
3013,1,0.049592,0.000243
3014,1,0.049569,0.000236
3015,1,0.049547,0.000230
3016,1,0.049524,0.000224
3017,1,0.049502,0.000218
3018,1,0.049479,0.000212
3019,1,0.049457,0.000207
3020,1,0.049435,0.000201
3021,1,0.049412,0.000196
3022,1,0.049390,0.000191
3023,1,0.049368,0.000185
3024,1,0.049345,0.000179
3025,1,0.049323,0.000172
3026,1,0.049301,0.000166
3027,1,0.049278,0.000158
3028,1,0.049256,0.000151
3029,1,0.049234,0.000143
3030,1,0.049212,0.000136
3031,1,0.049189,0.000128
3032,1,0.049167,0.000120
3033,1,0.049145,0.000113
3034,1,0.049123,0.000106
3035,1,0.049101,0.000099
3036,1,0.049079,0.000092
3037,1,0.049057,0.000085
3038,1,0.049035,0.000079
3039,1,0.049012,0.000074
3040,1,0.048990,0.000068
3041,1,0.048968,0.000063
3042,1,0.048946,0.000058
3043,1,0.048924,0.000054
3044,1,0.048902,0.000050
3045,1,0.048880,0.000046
3046,1,0.048859,0.000043
3047,1,0.048837,0.000040
3048,1,0.048815,0.000037
3049,1,0.048793,0.000035
3050,1,0.048771,0.000033
3051,1,0.048749,0.000031
3052,1,0.048727,0.000029
3053,1,0.048706,0.000027
3054,1,0.048684,0.000026
3055,1,0.048662,0.000024
3056,1,0.048640,0.000023
3057,1,0.048618,0.000022
3058,1,0.048597,0.000021
3059,1,0.048575,0.000020
3060,1,0.048553,0.000020
3061,1,0.048532,0.000019
3062,1,0.048510,0.000018
3063,1,0.048488,0.000018
3064,1,0.048467,0.000017
3065,1,0.048445,0.000017
3066,1,0.048424,0.000016
3067,1,0.048402,0.000016
3068,1,0.048380,0.000015
3069,1,0.048359,0.000015
3070,1,0.048337,0.000014
3071,1,0.048316,0.000014
3072,1,0.048294,0.000014
3073,1,0.048273,0.000013
3074,1,0.048251,0.000013
3075,1,0.048230,0.000012
3076,1,0.048209,0.000012
3077,1,0.048187,0.000011
3078,1,0.048166,0.000011
3079,1,0.048144,0.000010
3080,1,0.048123,0.000010
3081,1,0.048102,0.000009
3082,1,0.048080,0.000009
3083,1,0.048059,0.000008
3084,1,0.048038,0.000008
3085,1,0.048017,0.000007
3086,1,0.047995,0.000007
3087,1,0.047974,0.000006
3088,1,0.047953,0.000006
3089,1,0.047932,0.000005
3090,1,0.047911,0.000005
3091,1,0.047889,0.000005
3092,1,0.047868,0.000004
3093,1,0.047847,0.000004
3094,1,0.047826,0.000004
3095,1,0.047805,0.000003
3096,1,0.047784,0.000003
3097,1,0.047763,0.000003
3098,1,0.047742,0.000003
3099,1,0.047721,0.000003
3100,1,0.047700,0.000002
3101,1,0.047679,0.000002
3102,1,0.047658,0.000002
3103,1,0.047637,0.000002
3104,1,0.047616,0.000002
3105,1,0.047595,0.000002
3106,1,0.047574,0.000002
3107,1,0.047553,0.000002
3108,1,0.047532,0.000002
3109,1,0.047511,0.000001
3110,1,0.047490,0.000001
3111,1,0.047470,0.000001
3112,1,0.047449,0.000001
3113,1,0.047428,0.000001
3114,1,0.047407,0.000001
3115,1,0.047386,0.000001
3116,1,0.047366,0.000001
3117,1,0.047345,0.000001
3118,1,0.047324,0.000001
3119,1,0.047304,0.000001
3120,1,0.047283,0.000001
3121,1,0.047262,0.000001
3122,0,0.047241,0.000001
3123,1,0.047393,0.000001
3124,1,0.047529,0.000001
3125,1,0.047649,0.000000
3126,1,0.047755,0.000000
3127,1,0.047849,0.000000
3128,1,0.047931,0.000000
3129,1,0.048004,0.000000
3130,1,0.048067,0.000000
3131,1,0.048123,0.000000
3132,1,0.048170,0.000000
3133,1,0.048211,0.000000
3134,1,0.048247,0.000000
3135,1,0.048276,0.000000
3136,1,0.048301,0.000000
3137,1,0.048322,0.000000
3138,1,0.048338,0.000027
3139,1,0.048351,0.000084
3140,1,0.048361,0.000162
3141,1,0.048368,0.000252
3142,1,0.048372,0.000351
3143,1,0.048373,0.000455
3144,1,0.048373,0.000563
3145,1,0.048371,0.000672
3146,1,0.048366,0.000782
3147,1,0.048360,0.000893
3148,1,0.048353,0.001004
3149,1,0.048344,0.001114
3150,1,0.048335,0.001224
3151,1,0.048324,0.001332
3152,1,0.048312,0.001439
3153,1,0.048299,0.001544
3154,1,0.048285,0.001646
3155,1,0.048270,0.001745
3156,1,0.048255,0.001840
3157,1,0.048239,0.001931
3158,1,0.048223,0.002018
3159,1,0.048206,0.002098
3160,1,0.048188,0.002174
3161,1,0.048170,0.002243
3162,1,0.048152,0.002305
3163,1,0.048133,0.002360
3164,1,0.048114,0.002409
3165,1,0.048095,0.002450
3166,1,0.048075,0.002483
3167,1,0.048056,0.002509
3168,1,0.048036,0.002528
3169,1,0.048016,0.002539
3170,1,0.047995,0.002543
3171,1,0.047975,0.002539
3172,1,0.047954,0.002529
3173,1,0.047933,0.002512
3174,1,0.047913,0.002488
3175,1,0.047892,0.002455
3176,1,0.047871,0.002410
3177,1,0.047849,0.002354
3178,1,0.047828,0.002287
3179,1,0.047807,0.002210
3180,1,0.047786,0.002125
3181,1,0.047764,0.002034
3182,1,0.047743,0.001939
3183,1,0.047722,0.001840
3184,1,0.047700,0.001740
3185,1,0.047679,0.001640
3186,1,0.047657,0.001540
3187,1,0.047636,0.001443
3188,1,0.047615,0.001349
3189,1,0.047593,0.001258
3190,1,0.047572,0.001171
3191,1,0.047550,0.001089
3192,1,0.047529,0.001011
3193,1,0.047507,0.000938
3194,1,0.047486,0.000871
3195,1,0.047464,0.000808
3196,1,0.047443,0.000750
3197,1,0.047421,0.000696
3198,1,0.047400,0.000648
3199,1,0.047378,0.000603
3200,1,0.047357,0.000563
3201,1,0.047335,0.000526
3202,1,0.047314,0.000493
3203,1,0.047293,0.000464
3204,1,0.047271,0.000437
3205,1,0.047250,0.000413
3206,1,0.047228,0.000392
3207,1,0.047207,0.000373
3208,1,0.047186,0.000356
3209,1,0.047164,0.000340
3210,1,0.047143,0.000327
3211,1,0.047122,0.000314
3212,1,0.047100,0.000303
3213,1,0.047079,0.000293
3214,1,0.047058,0.000284
3215,1,0.047037,0.000276
3216,1,0.047015,0.000268
3217,1,0.046994,0.000261
3218,1,0.046973,0.000254
3219,1,0.046952,0.000247
3220,1,0.046931,0.000241
3221,1,0.046910,0.000235
3222,1,0.046888,0.000229
3223,1,0.046867,0.000223
3224,1,0.046846,0.000217
3225,1,0.046825,0.000211
3226,1,0.046804,0.000205
3227,1,0.046783,0.000198
3228,1,0.046762,0.000191
3229,1,0.046741,0.000183
3230,1,0.046720,0.000176
3231,1,0.046699,0.000167
3232,1,0.046678,0.000159
3233,1,0.046657,0.000150
3234,1,0.046636,0.000142
3235,1,0.046615,0.000133
3236,1,0.046594,0.000125
3237,1,0.046574,0.000117
3238,1,0.046553,0.000109
3239,1,0.046532,0.000102
3240,1,0.046511,0.000094
3241,1,0.046490,0.000088
3242,1,0.046469,0.000081
3243,1,0.046449,0.000075
3244,1,0.046428,0.000070
3245,1,0.046407,0.000065
3246,1,0.046386,0.000060
3247,1,0.046366,0.000055
3248,1,0.046345,0.000051
3249,1,0.046324,0.000048
3250,1,0.046304,0.000044
3251,1,0.046283,0.000041
3252,1,0.046262,0.000039
3253,1,0.046242,0.000036
3254,1,0.046221,0.000034
3255,1,0.046201,0.000032
3256,1,0.046180,0.000030
3257,1,0.046159,0.000029
3258,1,0.046139,0.000027
3259,1,0.046118,0.000026
3260,1,0.046098,0.000025
3261,1,0.046077,0.000024
3262,1,0.046057,0.000023
3263,1,0.046036,0.000022
3264,1,0.046016,0.000021
3265,1,0.045996,0.000021
3266,1,0.045975,0.000020
3267,1,0.045955,0.000019
3268,1,0.045934,0.000019
3269,1,0.045914,0.000018
3270,1,0.045894,0.000018
3271,1,0.045873,0.000017
3272,1,0.045853,0.000017
3273,1,0.045833,0.000016
3274,1,0.045813,0.000016
3275,1,0.045792,0.000015
3276,1,0.045772,0.000015
3277,1,0.045752,0.000014
3278,1,0.045732,0.000014
3279,1,0.045711,0.000013
3280,1,0.045691,0.000013
3281,1,0.045671,0.000012
3282,1,0.045651,0.000011
3283,1,0.045631,0.000011
3284,1,0.045611,0.000010
3285,1,0.045591,0.000010
3286,1,0.045571,0.000009
3287,1,0.045550,0.000008
3288,1,0.045530,0.000008
3289,1,0.045510,0.000007
3290,1,0.045490,0.000007
3291,1,0.045470,0.000006
3292,1,0.045450,0.000006
3293,1,0.045430,0.000005
3294,1,0.045410,0.000005
3295,1,0.045390,0.000005
3296,1,0.045371,0.000004
3297,1,0.045351,0.000004
3298,1,0.045331,0.000004
3299,1,0.045311,0.000003
3300,1,0.045291,0.000003
3301,1,0.045271,0.000003
3302,1,0.045251,0.000003
3303,1,0.045232,0.000003
3304,1,0.045212,0.000002
3305,1,0.045192,0.000002
3306,1,0.045172,0.000002
3307,1,0.045152,0.000002
3308,1,0.045133,0.000002
3309,1,0.045113,0.000002
3310,1,0.045093,0.000002
3311,1,0.045074,0.000002
3312,1,0.045054,0.000002
3313,1,0.045034,0.000002
3314,1,0.045015,0.000002
3315,1,0.044995,0.000002
3316,1,0.044975,0.000001
3317,1,0.044956,0.000001
3318,1,0.044936,0.000001
3319,1,0.044917,0.000001
3320,1,0.044897,0.000001
3321,1,0.044877,0.000001
3322,1,0.044858,0.000001
3323,1,0.044838,0.000001
3324,1,0.044819,0.000001
3325,1,0.044799,0.000001
3326,1,0.044780,0.000001
3327,1,0.044761,0.000001
3328,1,0.044741,0.000001
3329,1,0.044722,0.000001
3330,1,0.044702,0.000001
3331,1,0.044683,0.000001
3332,1,0.044664,0.000001
3333,1,0.044644,0.000001
3334,1,0.044625,0.000001
3335,1,0.044605,0.000001
3336,1,0.044586,0.000001
3337,1,0.044567,0.000001
3338,1,0.044548,0.000001
3339,1,0.044528,0.000001
3340,1,0.044509,0.000000
3341,1,0.044490,0.000000
3342,1,0.044471,0.000000
3343,1,0.044451,0.000000
3344,1,0.044432,0.000000
3345,1,0.044413,0.000000
3346,1,0.044394,0.000000
3347,1,0.044375,0.000000
3348,1,0.044356,0.000000
3349,1,0.044336,0.000000
3350,1,0.044317,0.000000
3351,1,0.044298,0.000000
3352,1,0.044279,0.000000
3353,1,0.044260,0.000000
3354,1,0.044241,0.000000
3355,1,0.044222,0.000000
3356,1,0.044203,0.000000
3357,1,0.044184,0.000000
3358,1,0.044165,0.000000
3359,1,0.044146,0.000000
3360,1,0.044127,0.000000
3361,1,0.044108,0.000000
3362,1,0.044089,0.000000
3363,1,0.044070,0.000000
3364,1,0.044051,0.000000
3365,1,0.044032,0.000000
3366,1,0.044013,0.000000
3367,1,0.043995,0.000000
3368,1,0.043976,0.000000
3369,1,0.043957,0.000000
3370,1,0.043938,0.000000
3371,1,0.043919,0.000000
3372,1,0.043901,0.000000
3373,1,0.043882,0.000000
3374,1,0.043863,0.000000
3375,1,0.043844,0.000000
3376,1,0.043825,0.000000
3377,1,0.043807,0.000000
3378,1,0.043788,0.000000
3379,1,0.043769,0.000000
3380,1,0.043751,0.000000
3381,1,0.043732,0.000000
3382,1,0.043713,0.000000
3383,1,0.043695,0.000000
3384,1,0.043676,0.000000
3385,1,0.043657,0.000000
3386,1,0.043639,0.000000
3387,1,0.043620,0.000000
3388,1,0.043602,0.000000
3389,1,0.043583,0.000000
3390,1,0.043565,0.000000
3391,1,0.043546,0.000000
3392,1,0.043528,0.000000
3393,1,0.043509,0.000000
3394,1,0.043491,0.000000
3395,1,0.043472,0.000000
3396,1,0.043454,0.000000
3397,1,0.043435,0.000000
3398,1,0.043417,0.000000
3399,1,0.043398,0.000000
3400,1,0.043380,0.000000
3401,1,0.043362,0.000000
3402,1,0.043343,0.000000
3403,1,0.043325,0.000000
3404,1,0.043306,0.000000
3405,1,0.043288,0.000000
3406,1,0.043270,0.000000
3407,1,0.043251,0.000000
3408,1,0.043233,0.000000
3409,1,0.043215,0.000000
3410,1,0.043197,0.000000
3411,1,0.043178,0.000000
3412,1,0.043160,0.000000
3413,1,0.043142,0.000000
3414,1,0.043124,0.000000
3415,1,0.043105,0.000000
3416,1,0.043087,0.000000
3417,1,0.043069,0.000000
3418,1,0.043051,0.000000
3419,1,0.043033,0.000000
3420,1,0.043015,0.000000
3421,1,0.042997,0.000000
3422,1,0.042978,0.000000
3423,1,0.042960,0.000000
3424,1,0.042942,0.000000
3425,1,0.042924,0.000000
3426,1,0.042906,0.000000
3427,1,0.042888,0.000000
3428,1,0.042870,0.000000
3429,1,0.042852,0.000000
3430,1,0.042834,0.000000
3431,1,0.042816,0.000000
3432,1,0.042798,0.000000
3433,1,0.042780,0.000000
3434,1,0.042762,0.000000
3435,1,0.042744,0.000000
3436,1,0.042726,0.000000
3437,1,0.042708,0.000000
3438,1,0.042690,0.000000
3439,1,0.042673,0.000000
3440,1,0.042655,0.000000
3441,1,0.042637,0.000000
3442,1,0.042619,0.000000
3443,1,0.042601,0.000000
3444,1,0.042583,0.000000
3445,1,0.042566,0.000000
3446,1,0.042548,0.000000
3447,1,0.042530,0.000000
3448,1,0.042512,0.000000
3449,1,0.042494,0.000000
3450,1,0.042477,0.000000
3451,1,0.042459,0.000000
3452,1,0.042441,0.000000
3453,1,0.042424,0.000000
3454,1,0.042406,0.000000
3455,1,0.042388,0.000000
3456,1,0.042371,0.000000
3457,1,0.042353,0.000000
3458,1,0.042335,0.000000
3459,1,0.042318,0.000000
3460,1,0.042300,0.000000
3461,1,0.042282,0.000000
3462,1,0.042265,0.000000
3463,1,0.042247,0.000000
3464,1,0.042230,0.000000
3465,1,0.042212,0.000000
3466,1,0.042195,0.000000
3467,1,0.042177,0.000000
3468,1,0.042160,0.000000
3469,1,0.042142,0.000000
3470,1,0.042125,0.000000
3471,1,0.042107,0.000000
3472,1,0.042090,0.000000
3473,1,0.042072,0.000000
3474,1,0.042055,0.000000
3475,1,0.042037,0.000000
3476,1,0.042020,0.000000
3477,1,0.042002,0.000000
3478,1,0.041985,0.000000
3479,1,0.041968,0.000000
3480,1,0.041950,0.000000
3481,1,0.041933,0.000000
3482,1,0.041916,0.000000
3483,1,0.041898,0.000000
3484,1,0.041881,0.000000
3485,1,0.041864,0.000000
3486,1,0.041846,0.000000
3487,1,0.041829,0.000000
3488,1,0.041812,0.000000
3489,1,0.041795,0.000000
3490,1,0.041777,0.000000
3491,1,0.041760,0.000000
3492,1,0.041743,0.000000
3493,1,0.041726,0.000000
3494,1,0.041709,0.000000
3495,1,0.041691,0.000000
3496,1,0.041674,0.000000
3497,1,0.041657,0.000000
3498,1,0.041640,0.000000
3499,1,0.041623,0.000000
3500,1,0.041606,0.000000
3501,1,0.041589,0.000000
3502,1,0.041571,0.000000
3503,1,0.041554,0.000000
3504,1,0.041537,0.000000
3505,1,0.041520,0.000000
3506,1,0.041503,0.000000
3507,1,0.041486,0.000000
3508,1,0.041469,0.000000
3509,1,0.041452,0.000000
3510,1,0.041435,0.000000
3511,1,0.041418,0.000000
3512,1,0.041401,0.000000
3513,1,0.041384,0.000000
3514,1,0.041367,0.000000
3515,1,0.041350,0.000000
3516,1,0.041333,0.000000
3517,1,0.041316,0.000000
3518,1,0.041300,0.000000
3519,1,0.041283,0.000000
3520,1,0.041266,0.000000
3521,1,0.041249,0.000000
3522,1,0.041232,0.000000
3523,1,0.041215,0.000000
3524,1,0.041198,0.000000
3525,1,0.041182,0.000000
3526,1,0.041165,0.000000
3527,1,0.041148,0.000000
3528,1,0.041131,0.000000
3529,1,0.041114,0.000000
3530,1,0.041098,0.000000
3531,1,0.041081,0.000000
3532,1,0.041064,0.000000
3533,1,0.041047,0.000000
3534,1,0.041031,0.000000
3535,1,0.041014,0.000000
3536,1,0.040997,0.000000
3537,1,0.040981,0.000000
3538,1,0.040964,0.000000
3539,1,0.040947,0.000000
3540,1,0.040931,0.000000
3541,1,0.040914,0.000000
3542,1,0.040897,0.000000
3543,1,0.040881,0.000000
3544,1,0.040864,0.000000
3545,1,0.040848,0.000000
3546,1,0.040831,0.000000
3547,1,0.040814,0.000000
3548,1,0.040798,0.000000
3549,1,0.040781,0.000000
3550,1,0.040765,0.000000
3551,1,0.040748,0.000000
3552,1,0.040732,0.000000
3553,1,0.040715,0.000000
3554,1,0.040699,0.000000
3555,1,0.040682,0.000000
3556,1,0.040666,0.000000
3557,1,0.040649,0.000000
3558,1,0.040633,0.000000
3559,1,0.040617,0.000000
3560,1,0.040600,0.000000
3561,1,0.040584,0.000000
3562,1,0.040567,0.000000
3563,1,0.040551,0.000000
3564,1,0.040535,0.000000
3565,1,0.040518,0.000000
3566,1,0.040502,0.000000
3567,1,0.040485,0.000000
3568,1,0.040469,0.000000
3569,1,0.040453,0.000000
3570,1,0.040437,0.000000
3571,1,0.040420,0.000000
3572,1,0.040404,0.000000
3573,1,0.040388,0.000000
3574,1,0.040371,0.000000
3575,1,0.040355,0.000000
3576,1,0.040339,0.000000
3577,1,0.040323,0.000000
3578,1,0.040306,0.000000
3579,1,0.040290,0.000000
3580,1,0.040274,0.000000
3581,1,0.040258,0.000000
3582,1,0.040242,0.000000
3583,1,0.040226,0.000000
3584,1,0.040209,0.000000
3585,1,0.040193,0.000000
3586,1,0.040177,0.000000
3587,1,0.040161,0.000000
3588,1,0.040145,0.000000
3589,1,0.040129,0.000000
3590,1,0.040113,0.000000
3591,1,0.040097,0.000000
3592,1,0.040081,0.000000
3593,1,0.040065,0.000000
3594,1,0.040048,0.000000
3595,1,0.040032,0.000000
3596,1,0.040016,0.000000
3597,1,0.040000,0.000000
3598,1,0.039984,0.000000
3599,1,0.039968,0.000000
3600,1,0.039952,0.000000
3601,1,0.039936,0.000000
3602,1,0.039921,0.000000
3603,1,0.039905,0.000000
3604,0,0.039889,0.000000
3605,1,0.040030,0.000000
3606,1,0.040157,0.000000
3607,1,0.040269,0.000000
3608,1,0.040370,0.000000
3609,1,0.040458,0.000000
3610,1,0.040537,0.000000
3611,1,0.040606,0.000000
3612,1,0.040668,0.000000
3613,1,0.040721,0.000000
3614,1,0.040768,0.000000
3615,1,0.040809,0.000000
3616,1,0.040845,0.000000
3617,1,0.040875,0.000000
3618,1,0.040901,0.000000
3619,1,0.040923,0.000000
3620,1,0.040942,0.000000
3621,1,0.040957,0.000000
3622,1,0.040969,0.000037
3623,1,0.040979,0.000102
3624,1,0.040986,0.000190
3625,1,0.040991,0.000294
3626,1,0.040994,0.000410
3627,1,0.040995,0.000537
3628,1,0.040995,0.000670
3629,1,0.040993,0.000810
3630,1,0.040990,0.000953
3631,1,0.040985,0.001098
3632,1,0.040979,0.001245
3633,1,0.040972,0.001391
3634,1,0.040964,0.001536
3635,1,0.040956,0.001679
3636,1,0.040946,0.001818
3637,1,0.040936,0.001952
3638,1,0.040925,0.002081
3639,1,0.040914,0.002203
3640,1,0.040902,0.002317
3641,1,0.040889,0.002424
3642,1,0.040876,0.002521
3643,1,0.040863,0.002610
3644,1,0.040849,0.002688
3645,1,0.040835,0.002756
3646,1,0.040820,0.002814
3647,1,0.040806,0.002861
3648,1,0.040791,0.002897
3649,1,0.040775,0.002923
3650,1,0.040760,0.002938
3651,1,0.040745,0.002940
3652,1,0.040729,0.002924
3653,1,0.040713,0.002889
3654,1,0.040697,0.002836
3655,1,0.040681,0.002767
3656,1,0.040665,0.002682
3657,1,0.040649,0.002585
3658,1,0.040632,0.002479
3659,1,0.040616,0.002365
3660,1,0.040599,0.002247
3661,1,0.040583,0.002126
3662,1,0.040566,0.002004
3663,1,0.040550,0.001883
3664,1,0.040533,0.001764
3665,1,0.040516,0.001649
3666,1,0.040500,0.001539
3667,1,0.040483,0.001434
3668,1,0.040466,0.001335
3669,1,0.040449,0.001241
3670,1,0.040433,0.001154
3671,1,0.040416,0.001074
3672,1,0.040399,0.001000
3673,1,0.040382,0.000932
3674,1,0.040365,0.000870
3675,1,0.040349,0.000813
3676,1,0.040332,0.000763
3677,1,0.040315,0.000717
3678,1,0.040298,0.000676
3679,1,0.040281,0.000639
3680,1,0.040265,0.000606
3681,1,0.040248,0.000577
3682,1,0.040231,0.000551
3683,1,0.040214,0.000528
3684,1,0.040197,0.000508
3685,1,0.040181,0.000490
3686,1,0.040164,0.000473
3687,1,0.040147,0.000459
3688,1,0.040130,0.000445
3689,1,0.040114,0.000433
3690,1,0.040097,0.000422
3691,1,0.040080,0.000411
3692,1,0.040063,0.000401
3693,1,0.040047,0.000392
3694,1,0.040030,0.000382
3695,1,0.040013,0.000373
3696,1,0.039997,0.000364
3697,1,0.039980,0.000355
3698,1,0.039963,0.000345
3699,1,0.039947,0.000333
3700,1,0.039930,0.000321
3701,1,0.039913,0.000308
3702,1,0.039897,0.000294
3703,1,0.039880,0.000280
3704,1,0.039863,0.000265
3705,1,0.039847,0.000251
3706,1,0.039830,0.000236
3707,1,0.039814,0.000221
3708,1,0.039797,0.000207
3709,1,0.039781,0.000194
3710,1,0.039764,0.000180
3711,1,0.039748,0.000168
3712,1,0.039731,0.000156
3713,1,0.039715,0.000145
3714,1,0.039698,0.000134
3715,1,0.039682,0.000124
3716,1,0.039665,0.000115
3717,1,0.039649,0.000107
3718,1,0.039632,0.000099
3719,1,0.039616,0.000092
3720,1,0.039599,0.000086
3721,1,0.039583,0.000080
3722,1,0.039567,0.000075
3723,1,0.039550,0.000071
3724,1,0.039534,0.000066
3725,1,0.039517,0.000063
3726,1,0.039501,0.000059
3727,1,0.039485,0.000056
3728,1,0.039468,0.000054
3729,1,0.039452,0.000051
3730,1,0.039436,0.000049
3731,1,0.039420,0.000047
3732,1,0.039403,0.000046
3733,1,0.039387,0.000044
3734,1,0.039371,0.000043
3735,1,0.039354,0.000042
3736,1,0.039338,0.000040
3737,1,0.039322,0.000039
3738,1,0.039306,0.000038
3739,1,0.039290,0.000037
3740,1,0.039273,0.000036
3741,1,0.039257,0.000035
3742,1,0.039241,0.000034
3743,1,0.039225,0.000033
3744,1,0.039209,0.000032
3745,1,0.039193,0.000031
3746,1,0.039177,0.000029
3747,1,0.039160,0.000028
3748,1,0.039144,0.000027
3749,1,0.039128,0.000025
3750,1,0.039112,0.000024
3751,1,0.039096,0.000022
3752,1,0.039080,0.000021
3753,1,0.039064,0.000020
3754,1,0.039048,0.000018
3755,1,0.039032,0.000017
3756,1,0.039016,0.000016
3757,1,0.039000,0.000015
3758,1,0.038984,0.000014
3759,1,0.038968,0.000013
3760,1,0.038952,0.000012
3761,1,0.038936,0.000011
3762,1,0.038920,0.000010
3763,1,0.038904,0.000009
3764,1,0.038888,0.000009
3765,1,0.038873,0.000008
3766,1,0.038857,0.000008
3767,1,0.038841,0.000007
3768,1,0.038825,0.000007
3769,1,0.038809,0.000006
3770,1,0.038793,0.000006
3771,1,0.038777,0.000006
3772,1,0.038762,0.000005
3773,1,0.038746,0.000005
3774,1,0.038730,0.000005
3775,1,0.038714,0.000005
3776,1,0.038698,0.000005
3777,1,0.038683,0.000004
3778,1,0.038667,0.000004
3779,1,0.038651,0.000004
3780,1,0.038635,0.000004
3781,1,0.038620,0.000004
3782,1,0.038604,0.000004
3783,1,0.038588,0.000004
3784,1,0.038573,0.000004
3785,1,0.038557,0.000003
3786,1,0.038541,0.000003
3787,1,0.038525,0.000003
3788,1,0.038510,0.000003
3789,1,0.038494,0.000003
3790,1,0.038479,0.000003
3791,1,0.038463,0.000003
3792,1,0.038447,0.000003
3793,1,0.038432,0.000002
3794,1,0.038416,0.000002
3795,1,0.038401,0.000002
3796,1,0.038385,0.000002
3797,1,0.038370,0.000002
3798,1,0.038354,0.000002
3799,1,0.038338,0.000002
3800,1,0.038323,0.000002
3801,1,0.038307,0.000001
3802,1,0.038292,0.000001
3803,1,0.038276,0.000001
3804,1,0.038261,0.000001
3805,1,0.038245,0.000001
3806,1,0.038230,0.000001
3807,1,0.038215,0.000001
3808,1,0.038199,0.000001
3809,1,0.038184,0.000001
3810,1,0.038168,0.000001
3811,1,0.038153,0.000001
3812,1,0.038138,0.000001
3813,1,0.038122,0.000001
3814,1,0.038107,0.000001
3815,1,0.038091,0.000001
3816,1,0.038076,0.000001
3817,1,0.038061,0.000001
3818,1,0.038045,0.000000
3819,1,0.038030,0.000000
3820,1,0.038015,0.000000
3821,1,0.037999,0.000000
3822,1,0.037984,0.000000
3823,1,0.037969,0.000000
3824,1,0.037954,0.000000
3825,1,0.037938,0.000000
3826,1,0.037923,0.000000
3827,1,0.037908,0.000000
3828,1,0.037893,0.000000
3829,1,0.037878,0.000000
3830,1,0.037862,0.000000
3831,1,0.037847,0.000000
3832,1,0.037832,0.000000
3833,1,0.037817,0.000000
3834,1,0.037802,0.000000
3835,1,0.037786,0.000000
3836,1,0.037771,0.000000
3837,1,0.037756,0.000000
3838,1,0.037741,0.000000
3839,1,0.037726,0.000000
3840,1,0.037711,0.000000
3841,1,0.037696,0.000000
3842,1,0.037681,0.000000
3843,1,0.037666,0.000000
3844,1,0.037651,0.000000
3845,1,0.037636,0.000000
3846,1,0.037620,0.000000
3847,1,0.037605,0.000000
3848,1,0.037590,0.000000
3849,1,0.037575,0.000000
3850,1,0.037560,0.000000
3851,1,0.037545,0.000000
3852,1,0.037530,0.000000
3853,1,0.037516,0.000000
3854,1,0.037501,0.000000
3855,1,0.037486,0.000000
3856,1,0.037471,0.000000
3857,1,0.037456,0.000000
3858,1,0.037441,0.000000
3859,1,0.037426,0.000000
3860,1,0.037411,0.000000
3861,1,0.037396,0.000000
3862,1,0.037381,0.000000
3863,1,0.037366,0.000000
3864,1,0.037352,0.000000
3865,1,0.037337,0.000000
3866,1,0.037322,0.000000
3867,1,0.037307,0.000000
3868,1,0.037292,0.000000
3869,1,0.037277,0.000000
3870,1,0.037263,0.000000
3871,1,0.037248,0.000000
3872,1,0.037233,0.000000
3873,1,0.037218,0.000000
3874,1,0.037204,0.000000
3875,1,0.037189,0.000000
3876,1,0.037174,0.000000
3877,1,0.037159,0.000000
3878,1,0.037145,0.000000
3879,1,0.037130,0.000000
3880,1,0.037115,0.000000
3881,1,0.037101,0.000000
3882,1,0.037086,0.000000
3883,1,0.037071,0.000000
3884,1,0.037057,0.000000
3885,1,0.037042,0.000000
3886,1,0.037027,0.000000
3887,1,0.037013,0.000000
3888,1,0.036998,0.000000
3889,1,0.036983,0.000000
3890,1,0.036969,0.000000
3891,1,0.036954,0.000000
3892,1,0.036940,0.000000
3893,1,0.036925,0.000000
3894,1,0.036911,0.000000
3895,1,0.036896,0.000000
3896,1,0.036881,0.000000
3897,1,0.036867,0.000000
3898,1,0.036852,0.000000
3899,1,0.036838,0.000000
3900,1,0.036823,0.000000
3901,1,0.036809,0.000000
3902,1,0.036794,0.000000
3903,1,0.036780,0.000000
3904,1,0.036765,0.000000
3905,1,0.036751,0.000000
3906,1,0.036737,0.000000
3907,1,0.036722,0.000000
3908,1,0.036708,0.000000
3909,1,0.036693,0.000000
3910,1,0.036679,0.000000
3911,1,0.036664,0.000000
3912,1,0.036650,0.000000
3913,1,0.036636,0.000000
3914,1,0.036621,0.000000
3915,1,0.036607,0.000000
3916,1,0.036593,0.000000
3917,1,0.036578,0.000000
3918,1,0.036564,0.000000
3919,1,0.036550,0.000000
3920,1,0.036535,0.000000
3921,1,0.036521,0.000000
3922,1,0.036507,0.000000
3923,1,0.036492,0.000000
3924,1,0.036478,0.000000
3925,1,0.036464,0.000000
3926,1,0.036450,0.000000
3927,1,0.036435,0.000000
3928,1,0.036421,0.000000
3929,1,0.036407,0.000000
3930,1,0.036393,0.000000
3931,1,0.036379,0.000000
3932,1,0.036364,0.000000
3933,1,0.036350,0.000000
3934,1,0.036336,0.000000
3935,1,0.036322,0.000000
3936,1,0.036308,0.000000
3937,1,0.036293,0.000000
3938,1,0.036279,0.000000
3939,1,0.036265,0.000000
3940,1,0.036251,0.000000
3941,1,0.036237,0.000000
3942,1,0.036223,0.000000
3943,1,0.036209,0.000000
3944,1,0.036195,0.000000
3945,1,0.036181,0.000000
3946,1,0.036166,0.000000
3947,1,0.036152,0.000000
3948,1,0.036138,0.000000
3949,1,0.036124,0.000000
3950,1,0.036110,0.000000
3951,1,0.036096,0.000000
3952,1,0.036082,0.000000
3953,1,0.036068,0.000000
3954,1,0.036054,0.000000
3955,1,0.036040,0.000000
3956,1,0.036026,0.000000
3957,1,0.036012,0.000000
3958,1,0.035998,0.000000
3959,1,0.035984,0.000000
3960,1,0.035970,0.000000
3961,1,0.035956,0.000000
3962,1,0.035943,0.000000
3963,1,0.035929,0.000000
3964,1,0.035915,0.000000
3965,1,0.035901,0.000000
3966,1,0.035887,0.000000
3967,1,0.035873,0.000000
3968,1,0.035859,0.000000
3969,1,0.035845,0.000000
3970,1,0.035831,0.000000
3971,1,0.035818,0.000000
3972,1,0.035804,0.000000
3973,1,0.035790,0.000000
3974,1,0.035776,0.000000
3975,1,0.035762,0.000000
3976,1,0.035748,0.000000
3977,1,0.035735,0.000000
3978,1,0.035721,0.000000
3979,1,0.035707,0.000000
3980,1,0.035693,0.000000
3981,1,0.035680,0.000000
3982,1,0.035666,0.000000
3983,1,0.035652,0.000000
3984,1,0.035638,0.000000
3985,1,0.035625,0.000000
3986,1,0.035611,0.000000
3987,1,0.035597,0.000000
3988,1,0.035584,0.000000
3989,1,0.035570,0.000000
3990,1,0.035556,0.000000
3991,1,0.035542,0.000000
3992,1,0.035529,0.000000
3993,1,0.035515,0.000000
3994,1,0.035502,0.000000
3995,1,0.035488,0.000000
3996,1,0.035474,0.000000
3997,1,0.035461,0.000000
3998,1,0.035447,0.000000
3999,1,0.035433,0.000000
4000,1,0.035420,0.000000
4001,1,0.035406,0.000000
4002,1,0.035393,0.000000
4003,1,0.035379,0.000000
4004,1,0.035366,0.000000
4005,1,0.035352,0.000000
4006,1,0.035338,0.000000
4007,1,0.035325,0.000000
4008,1,0.035311,0.000000
4009,1,0.035298,0.000000
4010,1,0.035284,0.000000
4011,1,0.035271,0.000000
4012,1,0.035257,0.000000
4013,1,0.035244,0.000000
4014,1,0.035230,0.000000
4015,1,0.035217,0.000000
4016,1,0.035204,0.000000
4017,1,0.035190,0.000000
4018,1,0.035177,0.000000
4019,1,0.035163,0.000000
4020,1,0.035150,0.000000
4021,1,0.035136,0.000000
4022,1,0.035123,0.000000
4023,1,0.035110,0.000000
4024,1,0.035096,0.000000
4025,1,0.035083,0.000000
4026,1,0.035069,0.000000
4027,1,0.035056,0.000000
4028,1,0.035043,0.000000
4029,1,0.035029,0.000000
4030,1,0.035016,0.000000
4031,1,0.035003,0.000000
4032,1,0.034989,0.000000
4033,1,0.034976,0.000000
4034,1,0.034963,0.000000
4035,1,0.034949,0.000000
4036,1,0.034936,0.000000
4037,1,0.034923,0.000000
4038,1,0.034910,0.000000
4039,1,0.034896,0.000000
4040,1,0.034883,0.000000
4041,1,0.034870,0.000000
4042,1,0.034857,0.000000
4043,1,0.034843,0.000000
4044,1,0.034830,0.000000
4045,1,0.034817,0.000000
4046,1,0.034804,0.000000
4047,1,0.034790,0.000000
4048,1,0.034777,0.000000
4049,1,0.034764,0.000000
4050,1,0.034751,0.000000
4051,1,0.034738,0.000000
4052,1,0.034725,0.000000
4053,1,0.034711,0.000000
4054,1,0.034698,0.000000
4055,1,0.034685,0.000000
4056,1,0.034672,0.000000
4057,1,0.034659,0.000000
4058,1,0.034646,0.000000
4059,1,0.034633,0.000000
4060,1,0.034620,0.000000
4061,1,0.034607,0.000000
4062,1,0.034593,0.000000
4063,1,0.034580,0.000000
4064,1,0.034567,0.000000
4065,1,0.034554,0.000000
4066,1,0.034541,0.000000
4067,1,0.034528,0.000000
4068,1,0.034515,0.000000
4069,1,0.034502,0.000000
4070,1,0.034489,0.000000
4071,1,0.034476,0.000000
4072,1,0.034463,0.000000
4073,1,0.034450,0.000000
4074,1,0.034437,0.000000
4075,1,0.034424,0.000000
4076,1,0.034411,0.000000
4077,1,0.034398,0.000000
4078,1,0.034385,0.000000
4079,1,0.034372,0.000000
4080,1,0.034359,0.000000
4081,1,0.034347,0.000000
4082,1,0.034334,0.000000
4083,1,0.034321,0.000000
4084,1,0.034308,0.000000
4085,1,0.034295,0.000000
4086,1,0.034282,0.000000
4087,1,0.034269,0.000000
4088,1,0.034256,0.000000
4089,1,0.034243,0.000000
4090,1,0.034231,0.000000
4091,1,0.034218,0.000000
4092,1,0.034205,0.000000
4093,1,0.034192,0.000000
4094,1,0.034179,0.000000
4095,1,0.034166,0.000000
4096,1,0.034154,0.000000
4097,1,0.034141,0.000000
4098,1,0.034128,0.000000
4099,1,0.034115,0.000000
4100,1,0.034102,0.000000
4101,1,0.034090,0.000000
4102,1,0.034077,0.000000
4103,1,0.034064,0.000000
4104,1,0.034051,0.000000
4105,1,0.034039,0.000000
4106,1,0.034026,0.000000
4107,1,0.034013,0.000000
4108,1,0.034001,0.000000
4109,1,0.033988,0.000000
4110,1,0.033975,0.000000
4111,1,0.033962,0.000000
4112,1,0.033950,0.000000
4113,1,0.033937,0.000000
4114,1,0.033924,0.000000
4115,1,0.033912,0.000000
4116,1,0.033899,0.000000
4117,1,0.033886,0.000000
4118,1,0.033874,0.000000
4119,1,0.033861,0.000000
4120,1,0.033849,0.000000
4121,1,0.033836,0.000000
4122,1,0.033823,0.000000
4123,1,0.033811,0.000000
4124,1,0.033798,0.000000
4125,1,0.033786,0.000000
4126,1,0.033773,0.000000
4127,1,0.033760,0.000000
4128,1,0.033748,0.000000
4129,1,0.033735,0.000000
4130,1,0.033723,0.000000
4131,1,0.033710,0.000000
4132,1,0.033698,0.000000
4133,1,0.033685,0.000000
4134,1,0.033673,0.000000
4135,1,0.033660,0.000000
4136,1,0.033648,0.000000
4137,1,0.033635,0.000000
4138,1,0.033623,0.000000
4139,1,0.033610,0.000000
4140,1,0.033598,0.000000
4141,1,0.033585,0.000000
4142,1,0.033573,0.000000
4143,1,0.033560,0.000000
4144,1,0.033548,0.000000
4145,1,0.033535,0.000000
4146,1,0.033523,0.000000
4147,1,0.033511,0.000000
4148,1,0.033498,0.000000
4149,1,0.033486,0.000000
4150,1,0.033473,0.000000
4151,1,0.033461,0.000000
4152,1,0.033449,0.000000
4153,1,0.033436,0.000000
4154,1,0.033424,0.000000
4155,1,0.033411,0.000000
4156,1,0.033399,0.000000
4157,1,0.033387,0.000000
4158,1,0.033374,0.000000
4159,1,0.033362,0.000000
4160,1,0.033350,0.000000
4161,1,0.033337,0.000000
4162,1,0.033325,0.000000
4163,1,0.033313,0.000000
4164,1,0.033301,0.000000
4165,1,0.033288,0.000000
4166,1,0.033276,0.000000
4167,1,0.033264,0.000000
4168,1,0.033251,0.000000
4169,1,0.033239,0.000000
4170,1,0.033227,0.000000
4171,1,0.033215,0.000000
4172,1,0.033202,0.000000
4173,1,0.033190,0.000000
4174,1,0.033178,0.000000
4175,1,0.033166,0.000000
4176,1,0.033154,0.000000
4177,1,0.033141,0.000000
4178,1,0.033129,0.000000
4179,1,0.033117,0.000000
4180,1,0.033105,0.000000
4181,1,0.033093,0.000000
4182,1,0.033080,0.000000
4183,1,0.033068,0.000000
4184,1,0.033056,0.000000
4185,1,0.033044,0.000000
4186,1,0.033032,0.000000
4187,1,0.033020,0.000000
4188,1,0.033008,0.000000
4189,1,0.032995,0.000000
4190,1,0.032983,0.000000
4191,1,0.032971,0.000000
4192,1,0.032959,0.000000
4193,1,0.032947,0.000000
4194,1,0.032935,0.000000
4195,1,0.032923,0.000000
4196,1,0.032911,0.000000
4197,1,0.032899,0.000000
4198,1,0.032887,0.000000
4199,1,0.032875,0.000000
4200,1,0.032863,0.000000
4201,1,0.032851,0.000000
4202,1,0.032839,0.000000
4203,1,0.032827,0.000000
4204,1,0.032815,0.000000
4205,1,0.032803,0.000000
4206,1,0.032791,0.000000
4207,1,0.032779,0.000000
4208,1,0.032767,0.000000
4209,1,0.032755,0.000000
4210,1,0.032743,0.000000
4211,1,0.032731,0.000000
4212,1,0.032719,0.000000
4213,1,0.032707,0.000000
4214,1,0.032695,0.000000
4215,1,0.032683,0.000000
4216,1,0.032671,0.000000
4217,1,0.032659,0.000000
4218,1,0.032647,0.000000
4219,1,0.032635,0.000000
4220,1,0.032623,0.000000
4221,1,0.032611,0.000000
4222,1,0.032600,0.000000
4223,1,0.032588,0.000000
4224,1,0.032576,0.000000
4225,1,0.032564,0.000000
4226,1,0.032552,0.000000
4227,1,0.032540,0.000000
4228,1,0.032528,0.000000
4229,1,0.032517,0.000000
4230,1,0.032505,0.000000
4231,1,0.032493,0.000000
4232,1,0.032481,0.000000
4233,1,0.032469,0.000000
4234,1,0.032457,0.000000
4235,1,0.032446,0.000000
4236,1,0.032434,0.000000
4237,1,0.032422,0.000000
4238,1,0.032410,0.000000
4239,1,0.032399,0.000000
4240,1,0.032387,0.000000
4241,1,0.032375,0.000000
4242,1,0.032363,0.000000
4243,1,0.032352,0.000000
4244,1,0.032340,0.000000
4245,1,0.032328,0.000000
4246,1,0.032316,0.000000
4247,1,0.032305,0.000000
4248,1,0.032293,0.000000
4249,1,0.032281,0.000000
4250,1,0.032270,0.000000
4251,1,0.032258,0.000000
4252,1,0.032246,0.000000
4253,1,0.032234,0.000000
4254,1,0.032223,0.000000
4255,1,0.032211,0.000000
4256,1,0.032199,0.000000
4257,1,0.032188,0.000000
4258,1,0.032176,0.000000
4259,1,0.032165,0.000000
4260,1,0.032153,0.000000
4261,1,0.032141,0.000000
4262,1,0.032130,0.000000
4263,1,0.032118,0.000000
4264,1,0.032106,0.000000
4265,1,0.032095,0.000000
4266,1,0.032083,0.000000
4267,1,0.032072,0.000000
4268,1,0.032060,0.000000
4269,1,0.032049,0.000000
4270,1,0.032037,0.000000
4271,1,0.032025,0.000000
4272,1,0.032014,0.000000
4273,1,0.032002,0.000000
4274,1,0.031991,0.000000
4275,1,0.031979,0.000000
4276,1,0.031968,0.000000
4277,1,0.031956,0.000000
4278,1,0.031945,0.000000
4279,1,0.031933,0.000000
4280,1,0.031922,0.000000
4281,1,0.031910,0.000000
4282,1,0.031899,0.000000
4283,1,0.031887,0.000000
4284,1,0.031876,0.000000
4285,1,0.031864,0.000000
4286,1,0.031853,0.000000
4287,1,0.031841,0.000000
4288,1,0.031830,0.000000
4289,1,0.031819,0.000000
4290,1,0.031807,0.000000
4291,1,0.031796,0.000000
4292,1,0.031784,0.000000
4293,1,0.031773,0.000000
4294,1,0.031761,0.000000
4295,1,0.031750,0.000000
4296,1,0.031739,0.000000
4297,1,0.031727,0.000000
4298,1,0.031716,0.000000
4299,1,0.031704,0.000000
4300,1,0.031693,0.000000
4301,1,0.031682,0.000000
4302,1,0.031670,0.000000
4303,1,0.031659,0.000000
4304,1,0.031648,0.000000
4305,1,0.031636,0.000000
4306,1,0.031625,0.000000
4307,1,0.031614,0.000000
4308,1,0.031602,0.000000
4309,1,0.031591,0.000000
4310,1,0.031580,0.000000
4311,1,0.031568,0.000000
4312,1,0.031557,0.000000
4313,1,0.031546,0.000000
4314,1,0.031535,0.000000
4315,1,0.031523,0.000000
4316,1,0.031512,0.000000
4317,1,0.031501,0.000000
4318,1,0.031490,0.000000
4319,1,0.031478,0.000000
4320,1,0.031467,0.000000
4321,1,0.031456,0.000000
4322,1,0.031445,0.000000
4323,1,0.031433,0.000000
4324,1,0.031422,0.000000
4325,1,0.031411,0.000000
4326,1,0.031400,0.000000
4327,1,0.031389,0.000000
4328,1,0.031377,0.000000
4329,1,0.031366,0.000000
4330,1,0.031355,0.000000
4331,1,0.031344,0.000000
4332,1,0.031333,0.000000
4333,1,0.031321,0.000000
4334,1,0.031310,0.000000
4335,1,0.031299,0.000000
4336,1,0.031288,0.000000
4337,1,0.031277,0.000000
4338,1,0.031266,0.000000
4339,1,0.031255,0.000000
4340,1,0.031244,0.000000
4341,1,0.031232,0.000000
4342,1,0.031221,0.000000
4343,1,0.031210,0.000000
4344,1,0.031199,0.000000
4345,1,0.031188,0.000000
4346,1,0.031177,0.000000
4347,1,0.031166,0.000000
4348,1,0.031155,0.000000
4349,1,0.031144,0.000000
4350,1,0.031133,0.000000
4351,1,0.031122,0.000000
4352,1,0.031111,0.000000
4353,1,0.031100,0.000000
4354,1,0.031089,0.000000
4355,1,0.031077,0.000000
4356,1,0.031066,0.000000
4357,1,0.031055,0.000000
4358,1,0.031044,0.000000
4359,1,0.031033,0.000000
4360,1,0.031022,0.000000
4361,1,0.031011,0.000000
4362,1,0.031000,0.000000
4363,1,0.030989,0.000000
4364,1,0.030979,0.000000
4365,1,0.030968,0.000000
4366,1,0.030957,0.000000
4367,1,0.030946,0.000000
4368,1,0.030935,0.000000
4369,1,0.030924,0.000000
4370,1,0.030913,0.000000
4371,1,0.030902,0.000000
4372,1,0.030891,0.000000
4373,1,0.030880,0.000000
4374,1,0.030869,0.000000
4375,1,0.030858,0.000000
4376,1,0.030847,0.000000
4377,1,0.030836,0.000000
4378,1,0.030826,0.000000
4379,1,0.030815,0.000000
4380,1,0.030804,0.000000
4381,1,0.030793,0.000000
4382,1,0.030782,0.000000
4383,1,0.030771,0.000000
4384,1,0.030760,0.000000
4385,1,0.030749,0.000000
4386,1,0.030739,0.000000
4387,1,0.030728,0.000000
4388,1,0.030717,0.000000
4389,1,0.030706,0.000000
4390,1,0.030695,0.000000
4391,1,0.030685,0.000000
4392,1,0.030674,0.000000
4393,1,0.030663,0.000000
4394,1,0.030652,0.000000
4395,1,0.030641,0.000000
4396,1,0.030631,0.000000
4397,1,0.030620,0.000000
4398,1,0.030609,0.000000
4399,1,0.030598,0.000000
4400,1,0.030587,0.000000
4401,1,0.030577,0.000000
4402,1,0.030566,0.000000
4403,1,0.030555,0.000000
4404,1,0.030545,0.000000
4405,1,0.030534,0.000000
4406,1,0.030523,0.000000
4407,1,0.030512,0.000000
4408,1,0.030502,0.000000
4409,1,0.030491,0.000000
4410,1,0.030480,0.000000
4411,1,0.030470,0.000000
4412,1,0.030459,0.000000
4413,1,0.030448,0.000000
4414,1,0.030437,0.000000
4415,1,0.030427,0.000000
4416,1,0.030416,0.000000
4417,1,0.030405,0.000000
4418,1,0.030395,0.000000
4419,1,0.030384,0.000000
4420,1,0.030374,0.000000
4421,1,0.030363,0.000000
4422,1,0.030352,0.000000
4423,1,0.030342,0.000000
4424,1,0.030331,0.000000
4425,1,0.030320,0.000000
4426,1,0.030310,0.000000
4427,1,0.030299,0.000000
4428,1,0.030289,0.000000
4429,1,0.030278,0.000000
4430,1,0.030267,0.000000
4431,1,0.030257,0.000000
4432,1,0.030246,0.000000
4433,1,0.030236,0.000000
4434,1,0.030225,0.000000
4435,1,0.030215,0.000000
4436,1,0.030204,0.000000
4437,1,0.030193,0.000000
4438,1,0.030183,0.000000
4439,1,0.030172,0.000000
4440,1,0.030162,0.000000
4441,1,0.030151,0.000000
4442,1,0.030141,0.000000
4443,1,0.030130,0.000000
4444,1,0.030120,0.000000
4445,1,0.030109,0.000000
4446,1,0.030099,0.000000
4447,1,0.030088,0.000000
4448,1,0.030078,0.000000
4449,1,0.030067,0.000000
4450,1,0.030057,0.000000
4451,1,0.030046,0.000000
4452,1,0.030036,0.000000
4453,1,0.030026,0.000000
4454,1,0.030015,0.000000
4455,1,0.030005,0.000000
4456,1,0.029994,0.000000
4457,1,0.029984,0.000000
4458,1,0.029973,0.000000
4459,1,0.029963,0.000000
4460,1,0.029952,0.000000
4461,1,0.029942,0.000000
4462,1,0.029932,0.000000
4463,1,0.029921,0.000000
4464,1,0.029911,0.000000
4465,1,0.029900,0.000000
4466,1,0.029890,0.000000
4467,1,0.029880,0.000000
4468,1,0.029869,0.000000
4469,1,0.029859,0.000000
4470,1,0.029849,0.000000
4471,1,0.029838,0.000000
4472,1,0.029828,0.000000
4473,1,0.029818,0.000000
4474,1,0.029807,0.000000
4475,1,0.029797,0.000000
4476,1,0.029787,0.000000
4477,1,0.029776,0.000000
4478,1,0.029766,0.000000
4479,1,0.029756,0.000000
4480,1,0.029745,0.000000
4481,1,0.029735,0.000000
4482,1,0.029725,0.000000
4483,1,0.029714,0.000000
4484,1,0.029704,0.000000
4485,1,0.029694,0.000000
4486,1,0.029684,0.000000
4487,1,0.029673,0.000000
4488,1,0.029663,0.000000
4489,1,0.029653,0.000000
4490,1,0.029642,0.000000
4491,1,0.029632,0.000000
4492,1,0.029622,0.000000
4493,1,0.029612,0.000000
4494,1,0.029602,0.000000
4495,1,0.029591,0.000000
4496,1,0.029581,0.000000
4497,1,0.029571,0.000000
4498,1,0.029561,0.000000
4499,1,0.029550,0.000000
4500,1,0.029540,0.000000
4501,1,0.029530,0.000000
4502,1,0.029520,0.000000
4503,1,0.029510,0.000000
4504,1,0.029499,0.000000
4505,1,0.029489,0.000000
4506,1,0.029479,0.000000
4507,1,0.029469,0.000000
4508,1,0.029459,0.000000
4509,1,0.029449,0.000000
4510,1,0.029439,0.000000
4511,1,0.029428,0.000000
4512,1,0.029418,0.000000
4513,1,0.029408,0.000000
4514,1,0.029398,0.000000
4515,1,0.029388,0.000000
4516,1,0.029378,0.000000
4517,1,0.029368,0.000000
4518,1,0.029358,0.000000
4519,1,0.029347,0.000000
4520,1,0.029337,0.000000
4521,1,0.029327,0.000000
4522,1,0.029317,0.000000
4523,1,0.029307,0.000000
4524,1,0.029297,0.000000
4525,1,0.029287,0.000000
4526,1,0.029277,0.000000
4527,1,0.029267,0.000000
4528,1,0.029257,0.000000
4529,1,0.029247,0.000000
4530,1,0.029237,0.000000
4531,1,0.029227,0.000000
4532,1,0.029217,0.000000
4533,1,0.029207,0.000000
4534,1,0.029197,0.000000
4535,1,0.029187,0.000000
4536,1,0.029177,0.000000
4537,1,0.029167,0.000000
4538,1,0.029157,0.000000
4539,1,0.029147,0.000000
4540,1,0.029137,0.000000
4541,1,0.029127,0.000000
4542,1,0.029117,0.000000
4543,1,0.029107,0.000000
4544,1,0.029097,0.000000
4545,1,0.029087,0.000000
4546,1,0.029077,0.000000
4547,1,0.029067,0.000000
4548,1,0.029057,0.000000
4549,1,0.029047,0.000000
4550,1,0.029037,0.000000
4551,1,0.029027,0.000000
4552,1,0.029017,0.000000
4553,1,0.029007,0.000000
4554,1,0.028997,0.000000
4555,1,0.028987,0.000000
4556,1,0.028977,0.000000
4557,1,0.028968,0.000000
4558,1,0.028958,0.000000
4559,1,0.028948,0.000000
4560,1,0.028938,0.000000
4561,1,0.028928,0.000000
4562,1,0.028918,0.000000
4563,0,0.028908,0.000000
4564,1,0.029033,0.000000
4565,1,0.029145,0.000000
4566,1,0.029245,0.000000
4567,1,0.029334,0.000000
4568,1,0.029414,0.000000
4569,1,0.029485,0.000000
4570,1,0.029549,0.000000
4571,1,0.029605,0.000000
4572,1,0.029656,0.000000
4573,1,0.029700,0.000000
4574,1,0.029740,0.000000
4575,1,0.029775,0.000000
4576,1,0.029806,0.000000
4577,1,0.029833,0.000000
4578,1,0.029857,0.000000
4579,1,0.029877,0.000000
4580,1,0.029895,0.000000
4581,1,0.029911,0.000000
4582,1,0.029924,0.000000
4583,1,0.029935,0.000042
4584,1,0.029944,0.000134
4585,1,0.029951,0.000267
4586,1,0.029956,0.000432
4587,1,0.029960,0.000622
4588,1,0.029963,0.000832
4589,1,0.029965,0.001055
4590,1,0.029965,0.001287
4591,1,0.029964,0.001523
4592,1,0.029963,0.001761
4593,1,0.029960,0.001997
4594,1,0.029957,0.002228
4595,1,0.029953,0.002450
4596,1,0.029948,0.002662
4597,1,0.029942,0.002861
4598,1,0.029936,0.003045
4599,1,0.029930,0.003214
4600,1,0.029923,0.003366
4601,1,0.029916,0.003496
4602,1,0.029908,0.003595
4603,1,0.029900,0.003657
4604,1,0.029892,0.003680
4605,1,0.029883,0.003666
4606,1,0.029874,0.003618
4607,1,0.029865,0.003539
4608,1,0.029856,0.003436
4609,1,0.029847,0.003313
4610,1,0.029837,0.003175
4611,1,0.029828,0.003026
4612,1,0.029818,0.002871
4613,1,0.029808,0.002712
4614,1,0.029798,0.002554
4615,1,0.029788,0.002398
4616,1,0.029778,0.002248
4617,1,0.029768,0.002104
4618,1,0.029757,0.001967
4619,1,0.029747,0.001840
4620,1,0.029737,0.001722
4621,1,0.029726,0.001614
4622,1,0.029716,0.001515
4623,1,0.029705,0.001426
4624,1,0.029695,0.001346
4625,1,0.029684,0.001274
4626,1,0.029674,0.001211
4627,1,0.029663,0.001155
4628,1,0.029652,0.001106
4629,1,0.029642,0.001064
4630,1,0.029631,0.001027
4631,1,0.029620,0.000994
4632,1,0.029610,0.000966
4633,1,0.029599,0.000941
4634,1,0.029588,0.000920
4635,1,0.029578,0.000900
4636,1,0.029567,0.000882
4637,1,0.029556,0.000865
4638,1,0.029545,0.000849
4639,1,0.029535,0.000833
4640,1,0.029524,0.000814
4641,1,0.029513,0.000792
4642,1,0.029502,0.000767
4643,1,0.029492,0.000739
4644,1,0.029481,0.000709
4645,1,0.029470,0.000677
4646,1,0.029460,0.000644
4647,1,0.029449,0.000609
4648,1,0.029438,0.000575
4649,1,0.029427,0.000540
4650,1,0.029417,0.000506
4651,1,0.029406,0.000473
4652,1,0.029395,0.000442
4653,1,0.029385,0.000411
4654,1,0.029374,0.000383
4655,1,0.029363,0.000356
4656,1,0.029352,0.000331
4657,1,0.029342,0.000308
4658,1,0.029331,0.000287
4659,1,0.029320,0.000268
4660,1,0.029310,0.000250
4661,1,0.029299,0.000234
4662,1,0.029288,0.000220
4663,1,0.029278,0.000208
4664,1,0.029267,0.000196
4665,1,0.029256,0.000187
4666,1,0.029246,0.000178
4667,1,0.029235,0.000170
4668,1,0.029224,0.000163
4669,1,0.029214,0.000157
4670,1,0.029203,0.000152
4671,1,0.029193,0.000147
4672,1,0.029182,0.000143
4673,1,0.029171,0.000139
4674,1,0.029161,0.000135
4675,1,0.029150,0.000132
4676,1,0.029140,0.000129
4677,1,0.029129,0.000125
4678,1,0.029118,0.000121
4679,1,0.029108,0.000117
4680,1,0.029097,0.000112
4681,1,0.029087,0.000107
4682,1,0.029076,0.000102
4683,1,0.029066,0.000097
4684,1,0.029055,0.000091
4685,1,0.029045,0.000086
4686,1,0.029034,0.000080
4687,1,0.029024,0.000075
4688,1,0.029013,0.000070
4689,1,0.029003,0.000065
4690,1,0.028992,0.000061
4691,1,0.028982,0.000057
4692,1,0.028971,0.000053
4693,1,0.028961,0.000049
4694,1,0.028950,0.000045
4695,1,0.028940,0.000042
4696,1,0.028929,0.000039
4697,1,0.028919,0.000037
4698,1,0.028908,0.000035
4699,1,0.028898,0.000032
4700,1,0.028887,0.000031
4701,1,0.028877,0.000029
4702,1,0.028866,0.000027
4703,1,0.028856,0.000026
4704,1,0.028846,0.000025
4705,1,0.028835,0.000024
4706,1,0.028825,0.000023
4707,1,0.028814,0.000022
4708,1,0.028804,0.000022
4709,1,0.028794,0.000021
4710,1,0.028783,0.000020
4711,1,0.028773,0.000020
4712,1,0.028762,0.000019
4713,1,0.028752,0.000019
4714,1,0.028742,0.000018
4715,1,0.028731,0.000018
4716,1,0.028721,0.000017
4717,1,0.028711,0.000016
4718,1,0.028700,0.000015
4719,1,0.028690,0.000015
4720,1,0.028680,0.000014
4721,1,0.028669,0.000013
4722,1,0.028659,0.000012
4723,1,0.028649,0.000011
4724,1,0.028638,0.000011
4725,1,0.028628,0.000010
4726,1,0.028618,0.000009
4727,1,0.028608,0.000009
4728,1,0.028597,0.000008
4729,1,0.028587,0.000007
4730,1,0.028577,0.000007
4731,1,0.028567,0.000006
4732,1,0.028556,0.000006
4733,1,0.028546,0.000006
4734,1,0.028536,0.000005
4735,1,0.028526,0.000005
4736,1,0.028515,0.000005
4737,1,0.028505,0.000004
4738,1,0.028495,0.000004
4739,1,0.028485,0.000004
4740,1,0.028474,0.000004
4741,1,0.028464,0.000004
4742,1,0.028454,0.000004
4743,1,0.028444,0.000003
4744,1,0.028434,0.000003
4745,1,0.028424,0.000003
4746,1,0.028413,0.000003
4747,1,0.028403,0.000003
4748,1,0.028393,0.000003
4749,1,0.028383,0.000003
4750,1,0.028373,0.000003
4751,1,0.028363,0.000003
4752,1,0.028352,0.000003
4753,1,0.028342,0.000002
4754,1,0.028332,0.000002
4755,1,0.028322,0.000002
4756,1,0.028312,0.000002
4757,1,0.028302,0.000002
4758,1,0.028292,0.000002
4759,1,0.028282,0.000002
4760,1,0.028272,0.000002
4761,1,0.028261,0.000002
4762,1,0.028251,0.000001
4763,1,0.028241,0.000001
4764,1,0.028231,0.000001
4765,1,0.028221,0.000001
4766,1,0.028211,0.000001
4767,1,0.028201,0.000001
4768,1,0.028191,0.000001
4769,1,0.028181,0.000001
4770,1,0.028171,0.000001
4771,1,0.028161,0.000001
4772,1,0.028151,0.000001
4773,1,0.028141,0.000001
4774,1,0.028131,0.000001
4775,1,0.028121,0.000001
4776,1,0.028111,0.000001
4777,1,0.028101,0.000001
4778,1,0.028091,0.000001
4779,1,0.028081,0.000001
4780,1,0.028071,0.000000
4781,1,0.028061,0.000000
4782,1,0.028051,0.000000
4783,1,0.028041,0.000000
4784,1,0.028031,0.000000
4785,1,0.028021,0.000000
4786,1,0.028011,0.000000
4787,1,0.028001,0.000000
4788,1,0.027991,0.000000
4789,1,0.027981,0.000000
4790,1,0.027971,0.000000
4791,1,0.027961,0.000000
4792,1,0.027951,0.000000
4793,1,0.027942,0.000000
4794,1,0.027932,0.000000
4795,1,0.027922,0.000000
4796,1,0.027912,0.000000
4797,1,0.027902,0.000000
4798,1,0.027892,0.000000
4799,1,0.027882,0.000000
4800,1,0.027872,0.000000
4801,1,0.027862,0.000000
4802,1,0.027853,0.000000
4803,1,0.027843,0.000000
4804,1,0.027833,0.000000
4805,1,0.027823,0.000000
4806,1,0.027813,0.000000
4807,1,0.027803,0.000000
4808,1,0.027794,0.000000
4809,1,0.027784,0.000000
4810,1,0.027774,0.000000
4811,1,0.027764,0.000000
4812,1,0.027754,0.000000
4813,1,0.027745,0.000000
4814,1,0.027735,0.000000
4815,1,0.027725,0.000000
4816,1,0.027715,0.000000
4817,1,0.027705,0.000000
4818,1,0.027696,0.000000
4819,1,0.027686,0.000000
4820,1,0.027676,0.000000
4821,1,0.027666,0.000000
4822,1,0.027657,0.000000
4823,1,0.027647,0.000000
4824,1,0.027637,0.000000
4825,1,0.027627,0.000000
4826,1,0.027618,0.000000
4827,1,0.027608,0.000000
4828,1,0.027598,0.000000
4829,1,0.027588,0.000000
4830,1,0.027579,0.000000
4831,1,0.027569,0.000000
4832,1,0.027559,0.000000
4833,1,0.027550,0.000000
4834,1,0.027540,0.000000
4835,1,0.027530,0.000000
4836,1,0.027521,0.000000
4837,1,0.027511,0.000000
4838,1,0.027501,0.000000
4839,1,0.027492,0.000000
4840,1,0.027482,0.000000
4841,1,0.027472,0.000000
4842,1,0.027463,0.000000
4843,1,0.027453,0.000000
4844,1,0.027443,0.000000
4845,1,0.027434,0.000000
4846,1,0.027424,0.000000
4847,1,0.027414,0.000000
4848,1,0.027405,0.000000
4849,1,0.027395,0.000000
4850,1,0.027386,0.000000
4851,1,0.027376,0.000000
4852,1,0.027366,0.000000
4853,1,0.027357,0.000000
4854,1,0.027347,0.000000
4855,1,0.027338,0.000000
4856,1,0.027328,0.000000
4857,1,0.027319,0.000000
4858,1,0.027309,0.000000
4859,1,0.027299,0.000000
4860,1,0.027290,0.000000
4861,1,0.027280,0.000000
4862,1,0.027271,0.000000
4863,1,0.027261,0.000000
4864,1,0.027252,0.000000
4865,1,0.027242,0.000000
4866,1,0.027233,0.000000
4867,1,0.027223,0.000000
4868,1,0.027214,0.000000
4869,1,0.027204,0.000000
4870,1,0.027195,0.000000
4871,1,0.027185,0.000000
4872,1,0.027176,0.000000
4873,1,0.027166,0.000000
4874,1,0.027157,0.000000
4875,1,0.027147,0.000000
4876,1,0.027138,0.000000
4877,1,0.027128,0.000000
4878,1,0.027119,0.000000
4879,1,0.027109,0.000000
4880,1,0.027100,0.000000
4881,1,0.027090,0.000000
4882,1,0.027081,0.000000
4883,1,0.027072,0.000000
4884,1,0.027062,0.000000
4885,1,0.027053,0.000000
4886,1,0.027043,0.000000
4887,1,0.027034,0.000000
4888,1,0.027025,0.000000
4889,1,0.027015,0.000000
4890,1,0.027006,0.000000
4891,1,0.026996,0.000000
4892,1,0.026987,0.000000
4893,1,0.026978,0.000000
4894,1,0.026968,0.000000
4895,1,0.026959,0.000000
4896,1,0.026949,0.000000
4897,1,0.026940,0.000000
4898,1,0.026931,0.000000
4899,1,0.026921,0.000000
4900,1,0.026912,0.000000
4901,1,0.026903,0.000000
4902,1,0.026893,0.000000
4903,1,0.026884,0.000000
4904,1,0.026875,0.000000
4905,1,0.026865,0.000000
4906,1,0.026856,0.000000
4907,1,0.026847,0.000000
4908,1,0.026837,0.000000
4909,1,0.026828,0.000000
4910,1,0.026819,0.000000
4911,1,0.026809,0.000000
4912,1,0.026800,0.000000
4913,1,0.026791,0.000000
4914,1,0.026782,0.000000
4915,1,0.026772,0.000000
4916,1,0.026763,0.000000
4917,1,0.026754,0.000000
4918,1,0.026745,0.000000
4919,1,0.026735,0.000000
4920,1,0.026726,0.000000
4921,1,0.026717,0.000000
4922,1,0.026708,0.000000
4923,1,0.026698,0.000000
4924,1,0.026689,0.000000
4925,1,0.026680,0.000000
4926,1,0.026671,0.000000
4927,1,0.026661,0.000000
4928,1,0.026652,0.000000
4929,1,0.026643,0.000000
4930,1,0.026634,0.000000
4931,1,0.026625,0.000000
4932,1,0.026615,0.000000
4933,1,0.026606,0.000000
4934,1,0.026597,0.000000
4935,1,0.026588,0.000000
4936,1,0.026579,0.000000
4937,1,0.026570,0.000000
4938,1,0.026560,0.000000
4939,1,0.026551,0.000000
4940,1,0.026542,0.000000
4941,1,0.026533,0.000000
4942,1,0.026524,0.000000
4943,1,0.026515,0.000000
4944,1,0.026505,0.000000
4945,1,0.026496,0.000000
4946,1,0.026487,0.000000
4947,1,0.026478,0.000000
4948,1,0.026469,0.000000
4949,1,0.026460,0.000000
4950,1,0.026451,0.000000
4951,1,0.026442,0.000000
4952,1,0.026433,0.000000
4953,1,0.026423,0.000000
4954,1,0.026414,0.000000
4955,1,0.026405,0.000000
4956,1,0.026396,0.000000
4957,1,0.026387,0.000000
4958,1,0.026378,0.000000
4959,1,0.026369,0.000000
4960,1,0.026360,0.000000
4961,1,0.026351,0.000000
4962,1,0.026342,0.000000
4963,1,0.026333,0.000000
4964,1,0.026324,0.000000
4965,1,0.026315,0.000000
4966,1,0.026306,0.000000
4967,1,0.026297,0.000000
4968,1,0.026288,0.000000
4969,1,0.026279,0.000000
4970,1,0.026270,0.000000
4971,1,0.026261,0.000000
4972,1,0.026252,0.000000
4973,1,0.026243,0.000000
4974,1,0.026234,0.000000
4975,1,0.026225,0.000000
4976,1,0.026216,0.000000
4977,1,0.026207,0.000000
4978,1,0.026198,0.000000
4979,1,0.026189,0.000000
4980,1,0.026180,0.000000
4981,1,0.026171,0.000000
4982,1,0.026162,0.000000
4983,1,0.026153,0.000000
4984,1,0.026144,0.000000
4985,1,0.026135,0.000000
4986,1,0.026126,0.000000
4987,1,0.026117,0.000000
4988,1,0.026108,0.000000
4989,1,0.026099,0.000000
4990,1,0.026090,0.000000
4991,1,0.026082,0.000000
4992,1,0.026073,0.000000
4993,1,0.026064,0.000000
4994,1,0.026055,0.000000
4995,1,0.026046,0.000000
4996,1,0.026037,0.000000
4997,1,0.026028,0.000000
4998,1,0.026019,0.000000
4999,1,0.026010,0.000000
5000,1,0.026001,0.000000
5001,1,0.025993,0.000000
5002,1,0.025984,0.000000
5003,1,0.025975,0.000000
5004,1,0.025966,0.000000
5005,1,0.025957,0.000000
5006,1,0.025948,0.000000
5007,1,0.025940,0.000000
5008,1,0.025931,0.000000
5009,1,0.025922,0.000000
5010,1,0.025913,0.000000
5011,1,0.025904,0.000000
5012,1,0.025895,0.000000
5013,1,0.025887,0.000000
5014,1,0.025878,0.000000
5015,1,0.025869,0.000000
5016,1,0.025860,0.000000
5017,1,0.025851,0.000000
5018,1,0.025843,0.000000
5019,1,0.025834,0.000000
5020,1,0.025825,0.000000
5021,1,0.025816,0.000000
5022,1,0.025807,0.000000
5023,1,0.025799,0.000000
5024,1,0.025790,0.000000
5025,1,0.025781,0.000000
5026,1,0.025772,0.000000
5027,1,0.025764,0.000000
5028,1,0.025755,0.000000
5029,1,0.025746,0.000000
5030,1,0.025737,0.000000
5031,1,0.025729,0.000000
5032,1,0.025720,0.000000
5033,1,0.025711,0.000000
5034,1,0.025703,0.000000
5035,1,0.025694,0.000000
5036,1,0.025685,0.000000
5037,1,0.025676,0.000000
5038,1,0.025668,0.000000
5039,1,0.025659,0.000000
5040,1,0.025650,0.000000
5041,1,0.025642,0.000000
5042,1,0.025633,0.000000
5043,1,0.025624,0.000000
5044,1,0.025616,0.000000
5045,1,0.025607,0.000000
5046,1,0.025598,0.000000
5047,1,0.025590,0.000000
5048,1,0.025581,0.000000
5049,1,0.025572,0.000000
5050,1,0.025564,0.000000
5051,1,0.025555,0.000000
5052,1,0.025546,0.000000
5053,1,0.025538,0.000000
5054,1,0.025529,0.000000
5055,1,0.025520,0.000000
5056,1,0.025512,0.000000
5057,1,0.025503,0.000000
5058,1,0.025495,0.000000
5059,1,0.025486,0.000000
5060,1,0.025477,0.000000
5061,1,0.025469,0.000000
5062,1,0.025460,0.000000
5063,1,0.025452,0.000000
5064,1,0.025443,0.000000
5065,1,0.025434,0.000000
5066,1,0.025426,0.000000
5067,1,0.025417,0.000000
5068,1,0.025409,0.000000
5069,1,0.025400,0.000000
5070,1,0.025392,0.000000
5071,1,0.025383,0.000000
5072,1,0.025374,0.000000
5073,1,0.025366,0.000000
5074,1,0.025357,0.000000
5075,1,0.025349,0.000000
5076,1,0.025340,0.000000
5077,1,0.025332,0.000000
5078,1,0.025323,0.000000
5079,1,0.025315,0.000000
5080,1,0.025306,0.000000
5081,1,0.025298,0.000000
5082,1,0.025289,0.000000
5083,1,0.025281,0.000000
5084,1,0.025272,0.000000
5085,1,0.025264,0.000000
5086,1,0.025255,0.000000
5087,1,0.025247,0.000000
5088,1,0.025238,0.000000
5089,1,0.025230,0.000000
5090,1,0.025221,0.000000
5091,1,0.025213,0.000000
5092,1,0.025204,0.000000
5093,1,0.025196,0.000000
5094,1,0.025187,0.000000
5095,1,0.025179,0.000000
5096,1,0.025171,0.000000
5097,1,0.025162,0.000000
5098,1,0.025154,0.000000
5099,1,0.025145,0.000000
5100,1,0.025137,0.000000
5101,1,0.025128,0.000000
5102,1,0.025120,0.000000
5103,1,0.025111,0.000000
5104,1,0.025103,0.000000
5105,1,0.025095,0.000000
5106,1,0.025086,0.000000
5107,1,0.025078,0.000000
5108,1,0.025069,0.000000
5109,1,0.025061,0.000000
5110,1,0.025053,0.000000
5111,1,0.025044,0.000000
5112,1,0.025036,0.000000
5113,1,0.025027,0.000000
5114,1,0.025019,0.000000
5115,1,0.025011,0.000000
5116,1,0.025002,0.000000
5117,1,0.024994,0.000000
5118,1,0.024986,0.000000
5119,1,0.024977,0.000000
5120,1,0.024969,0.000000
5121,1,0.024961,0.000000
5122,1,0.024952,0.000000
5123,1,0.024944,0.000000
5124,1,0.024936,0.000000
5125,1,0.024927,0.000000
5126,1,0.024919,0.000000
5127,1,0.024911,0.000000
5128,1,0.024902,0.000000
5129,1,0.024894,0.000000
5130,1,0.024886,0.000000
5131,1,0.024877,0.000000
5132,1,0.024869,0.000000
5133,1,0.024861,0.000000
5134,1,0.024852,0.000000
5135,1,0.024844,0.000000
5136,1,0.024836,0.000000
5137,1,0.024828,0.000000
5138,1,0.024819,0.000000
5139,1,0.024811,0.000000
5140,1,0.024803,0.000000
5141,1,0.024795,0.000000
5142,1,0.024786,0.000000
5143,1,0.024778,0.000000
5144,1,0.024770,0.000000
5145,1,0.024762,0.000000
5146,1,0.024753,0.000000
5147,1,0.024745,0.000000
5148,1,0.024737,0.000000
5149,1,0.024729,0.000000
5150,1,0.024720,0.000000
5151,1,0.024712,0.000000
5152,1,0.024704,0.000000
5153,1,0.024696,0.000000
5154,1,0.024687,0.000000
5155,1,0.024679,0.000000
5156,1,0.024671,0.000000
5157,1,0.024663,0.000000
5158,1,0.024655,0.000000
5159,1,0.024646,0.000000
5160,1,0.024638,0.000000
5161,1,0.024630,0.000000
5162,1,0.024622,0.000000
5163,1,0.024614,0.000000
5164,1,0.024606,0.000000
5165,1,0.024597,0.000000
5166,1,0.024589,0.000000
5167,1,0.024581,0.000000
5168,1,0.024573,0.000000
5169,1,0.024565,0.000000
5170,1,0.024557,0.000000
5171,1,0.024549,0.000000
5172,1,0.024540,0.000000
5173,1,0.024532,0.000000
5174,1,0.024524,0.000000
5175,1,0.024516,0.000000
5176,1,0.024508,0.000000
5177,1,0.024500,0.000000
5178,1,0.024492,0.000000
5179,1,0.024484,0.000000
5180,1,0.024475,0.000000
5181,1,0.024467,0.000000
5182,1,0.024459,0.000000
5183,1,0.024451,0.000000
5184,1,0.024443,0.000000
5185,1,0.024435,0.000000
5186,1,0.024427,0.000000
5187,1,0.024419,0.000000
5188,1,0.024411,0.000000
5189,1,0.024403,0.000000
5190,1,0.024395,0.000000
5191,1,0.024386,0.000000
5192,1,0.024378,0.000000
5193,1,0.024370,0.000000
5194,1,0.024362,0.000000
5195,1,0.024354,0.000000
5196,1,0.024346,0.000000
5197,1,0.024338,0.000000
5198,1,0.024330,0.000000
5199,1,0.024322,0.000000
5200,1,0.024314,0.000000
5201,1,0.024306,0.000000
5202,1,0.024298,0.000000
5203,1,0.024290,0.000000
5204,1,0.024282,0.000000
5205,1,0.024274,0.000000
5206,1,0.024266,0.000000
5207,1,0.024258,0.000000
5208,1,0.024250,0.000000
5209,1,0.024242,0.000000
5210,1,0.024234,0.000000
5211,1,0.024226,0.000000
5212,1,0.024218,0.000000
5213,1,0.024210,0.000000
5214,1,0.024202,0.000000
5215,1,0.024194,0.000000
5216,1,0.024186,0.000000
5217,1,0.024178,0.000000
5218,1,0.024170,0.000000
5219,1,0.024162,0.000000
5220,1,0.024154,0.000000
5221,1,0.024146,0.000000
5222,1,0.024138,0.000000
5223,1,0.024130,0.000000
5224,1,0.024123,0.000000
5225,1,0.024115,0.000000
5226,1,0.024107,0.000000
5227,1,0.024099,0.000000
5228,1,0.024091,0.000000
5229,1,0.024083,0.000000
5230,1,0.024075,0.000000
5231,1,0.024067,0.000000
5232,1,0.024059,0.000000
5233,1,0.024051,0.000000
5234,1,0.024043,0.000000
5235,1,0.024035,0.000000
5236,1,0.024028,0.000000
5237,1,0.024020,0.000000
5238,1,0.024012,0.000000
5239,1,0.024004,0.000000
5240,1,0.023996,0.000000
5241,1,0.023988,0.000000
5242,1,0.023980,0.000000
5243,1,0.023972,0.000000
5244,1,0.023965,0.000000
5245,1,0.023957,0.000000
5246,1,0.023949,0.000000
5247,1,0.023941,0.000000
5248,1,0.023933,0.000000
5249,1,0.023925,0.000000
5250,1,0.023918,0.000000
5251,1,0.023910,0.000000
5252,1,0.023902,0.000000
5253,1,0.023894,0.000000
5254,1,0.023886,0.000000
5255,1,0.023878,0.000000
5256,1,0.023871,0.000000
5257,1,0.023863,0.000000
5258,1,0.023855,0.000000
5259,1,0.023847,0.000000
5260,1,0.023839,0.000000
5261,1,0.023832,0.000000
5262,1,0.023824,0.000000
5263,1,0.023816,0.000000
5264,1,0.023808,0.000000
5265,1,0.023800,0.000000
5266,1,0.023793,0.000000
5267,1,0.023785,0.000000
5268,1,0.023777,0.000000
5269,1,0.023769,0.000000
5270,1,0.023762,0.000000
5271,1,0.023754,0.000000
5272,1,0.023746,0.000000
5273,1,0.023738,0.000000
5274,1,0.023730,0.000000
5275,1,0.023723,0.000000
5276,1,0.023715,0.000000
5277,1,0.023707,0.000000
5278,1,0.023700,0.000000
5279,1,0.023692,0.000000
5280,1,0.023684,0.000000
5281,1,0.023676,0.000000
5282,1,0.023669,0.000000
5283,1,0.023661,0.000000
5284,1,0.023653,0.000000
5285,1,0.023645,0.000000
5286,1,0.023638,0.000000
5287,1,0.023630,0.000000
5288,1,0.023622,0.000000
5289,1,0.023615,0.000000
5290,1,0.023607,0.000000
5291,1,0.023599,0.000000
5292,1,0.023592,0.000000
5293,1,0.023584,0.000000
5294,1,0.023576,0.000000
5295,1,0.023569,0.000000
5296,1,0.023561,0.000000
5297,1,0.023553,0.000000
5298,1,0.023546,0.000000
5299,1,0.023538,0.000000
5300,1,0.023530,0.000000
5301,1,0.023523,0.000000
5302,1,0.023515,0.000000
5303,1,0.023507,0.000000
5304,1,0.023500,0.000000
5305,1,0.023492,0.000000
5306,1,0.023484,0.000000
5307,1,0.023477,0.000000
5308,1,0.023469,0.000000
5309,1,0.023462,0.000000
5310,1,0.023454,0.000000
5311,1,0.023446,0.000000
5312,1,0.023439,0.000000
5313,1,0.023431,0.000000
5314,1,0.023423,0.000000
5315,1,0.023416,0.000000
5316,1,0.023408,0.000000
5317,1,0.023401,0.000000
5318,1,0.023393,0.000000
5319,1,0.023385,0.000000
5320,1,0.023378,0.000000
5321,1,0.023370,0.000000
5322,1,0.023363,0.000000
5323,1,0.023355,0.000000
5324,1,0.023348,0.000000
5325,1,0.023340,0.000000
5326,1,0.023332,0.000000
5327,1,0.023325,0.000000
5328,1,0.023317,0.000000
5329,1,0.023310,0.000000
5330,1,0.023302,0.000000
5331,1,0.023295,0.000000
5332,1,0.023287,0.000000
5333,1,0.023280,0.000000
5334,1,0.023272,0.000000
5335,1,0.023265,0.000000
5336,1,0.023257,0.000000
5337,1,0.023250,0.000000
5338,1,0.023242,0.000000
5339,1,0.023234,0.000000
5340,1,0.023227,0.000000
5341,1,0.023219,0.000000
5342,1,0.023212,0.000000
5343,1,0.023204,0.000000
5344,1,0.023197,0.000000
5345,1,0.023189,0.000000
5346,1,0.023182,0.000000
5347,1,0.023174,0.000000
5348,1,0.023167,0.000000
5349,1,0.023160,0.000000
5350,1,0.023152,0.000000
5351,1,0.023145,0.000000
5352,1,0.023137,0.000000
5353,1,0.023130,0.000000
5354,1,0.023122,0.000000
5355,1,0.023115,0.000000
5356,1,0.023107,0.000000
5357,1,0.023100,0.000000
5358,1,0.023092,0.000000
5359,1,0.023085,0.000000
5360,1,0.023077,0.000000
5361,1,0.023070,0.000000
5362,1,0.023063,0.000000
5363,1,0.023055,0.000000
5364,1,0.023048,0.000000
5365,1,0.023040,0.000000
5366,1,0.023033,0.000000
5367,1,0.023025,0.000000
5368,1,0.023018,0.000000
5369,1,0.023011,0.000000
5370,1,0.023003,0.000000
5371,1,0.022996,0.000000
5372,1,0.022988,0.000000
5373,1,0.022981,0.000000
5374,1,0.022974,0.000000
5375,1,0.022966,0.000000
5376,1,0.022959,0.000000
5377,1,0.022951,0.000000
5378,1,0.022944,0.000000
5379,1,0.022937,0.000000
5380,1,0.022929,0.000000
5381,1,0.022922,0.000000
5382,1,0.022915,0.000000
5383,1,0.022907,0.000000
5384,1,0.022900,0.000000
5385,1,0.022892,0.000000
5386,1,0.022885,0.000000
5387,1,0.022878,0.000000
5388,1,0.022870,0.000000
5389,1,0.022863,0.000000
5390,1,0.022856,0.000000
5391,1,0.022848,0.000000
5392,1,0.022841,0.000000
5393,1,0.022834,0.000000
5394,1,0.022826,0.000000
5395,1,0.022819,0.000000
5396,1,0.022812,0.000000
5397,1,0.022804,0.000000
5398,1,0.022797,0.000000
5399,1,0.022790,0.000000
5400,1,0.022782,0.000000
5401,1,0.022775,0.000000
5402,1,0.022768,0.000000
5403,1,0.022761,0.000000
5404,1,0.022753,0.000000
5405,1,0.022746,0.000000
5406,1,0.022739,0.000000
5407,1,0.022731,0.000000
5408,1,0.022724,0.000000
5409,1,0.022717,0.000000
5410,1,0.022710,0.000000
5411,1,0.022702,0.000000
5412,1,0.022695,0.000000
5413,1,0.022688,0.000000
5414,1,0.022680,0.000000
5415,1,0.022673,0.000000
5416,1,0.022666,0.000000
5417,1,0.022659,0.000000
5418,1,0.022651,0.000000
5419,1,0.022644,0.000000
5420,1,0.022637,0.000000
5421,1,0.022630,0.000000
5422,1,0.022622,0.000000
5423,1,0.022615,0.000000
5424,1,0.022608,0.000000
5425,1,0.022601,0.000000
5426,1,0.022594,0.000000
5427,1,0.022586,0.000000
5428,1,0.022579,0.000000
5429,1,0.022572,0.000000
5430,1,0.022565,0.000000
5431,1,0.022558,0.000000
5432,1,0.022550,0.000000
5433,1,0.022543,0.000000
5434,1,0.022536,0.000000
5435,1,0.022529,0.000000
5436,1,0.022522,0.000000
5437,1,0.022514,0.000000
5438,1,0.022507,0.000000
5439,1,0.022500,0.000000
5440,1,0.022493,0.000000
5441,1,0.022486,0.000000
5442,1,0.022478,0.000000
5443,1,0.022471,0.000000
5444,1,0.022464,0.000000
5445,1,0.022457,0.000000
5446,1,0.022450,0.000000
5447,1,0.022443,0.000000
5448,1,0.022435,0.000000
5449,1,0.022428,0.000000
5450,1,0.022421,0.000000
5451,1,0.022414,0.000000
5452,1,0.022407,0.000000
5453,1,0.022400,0.000000
5454,1,0.022393,0.000000
5455,1,0.022386,0.000000
5456,1,0.022378,0.000000
5457,1,0.022371,0.000000
5458,1,0.022364,0.000000
5459,1,0.022357,0.000000
5460,1,0.022350,0.000000
5461,1,0.022343,0.000000
5462,1,0.022336,0.000000
5463,1,0.022329,0.000000
5464,1,0.022321,0.000000
5465,1,0.022314,0.000000
5466,1,0.022307,0.000000
5467,1,0.022300,0.000000
5468,1,0.022293,0.000000
5469,1,0.022286,0.000000
5470,1,0.022279,0.000000
5471,1,0.022272,0.000000
5472,1,0.022265,0.000000
5473,1,0.022258,0.000000
5474,1,0.022251,0.000000
5475,1,0.022244,0.000000
5476,1,0.022237,0.000000
5477,1,0.022229,0.000000
5478,1,0.022222,0.000000
5479,1,0.022215,0.000000
5480,1,0.022208,0.000000
5481,1,0.022201,0.000000
5482,1,0.022194,0.000000
5483,1,0.022187,0.000000
5484,1,0.022180,0.000000
5485,1,0.022173,0.000000
5486,1,0.022166,0.000000
5487,1,0.022159,0.000000
5488,1,0.022152,0.000000
5489,1,0.022145,0.000000
5490,1,0.022138,0.000000
5491,1,0.022131,0.000000
5492,1,0.022124,0.000000
5493,1,0.022117,0.000000
5494,1,0.022110,0.000000
5495,1,0.022103,0.000000
5496,1,0.022096,0.000000
5497,1,0.022089,0.000000
5498,1,0.022082,0.000000
5499,1,0.022075,0.000000
5500,1,0.022068,0.000000
5501,1,0.022061,0.000000
5502,1,0.022054,0.000000
5503,1,0.022047,0.000000
5504,1,0.022040,0.000000
5505,1,0.022033,0.000000
5506,1,0.022026,0.000000
5507,1,0.022019,0.000000
5508,1,0.022012,0.000000
5509,1,0.022005,0.000000
5510,1,0.021998,0.000000
5511,1,0.021991,0.000000
5512,1,0.021984,0.000000
5513,1,0.021977,0.000000
5514,1,0.021970,0.000000
5515,1,0.021964,0.000000
5516,1,0.021957,0.000000
5517,1,0.021950,0.000000
5518,1,0.021943,0.000000
5519,1,0.021936,0.000000
5520,1,0.021929,0.000000
5521,1,0.021922,0.000000
5522,1,0.021915,0.000000
5523,1,0.021908,0.000000
5524,1,0.021901,0.000000
5525,1,0.021894,0.000000
5526,1,0.021887,0.000000
5527,1,0.021881,0.000000
5528,1,0.021874,0.000000
5529,1,0.021867,0.000000
5530,1,0.021860,0.000000
5531,1,0.021853,0.000000
5532,1,0.021846,0.000000
5533,1,0.021839,0.000000
5534,1,0.021832,0.000000
5535,1,0.021825,0.000000
5536,1,0.021819,0.000000
5537,1,0.021812,0.000000
5538,1,0.021805,0.000000
5539,1,0.021798,0.000000
5540,1,0.021791,0.000000
5541,1,0.021784,0.000000
5542,1,0.021777,0.000000
5543,1,0.021770,0.000000
5544,1,0.021764,0.000000
5545,1,0.021757,0.000000
5546,1,0.021750,0.000000
5547,1,0.021743,0.000000
5548,1,0.021736,0.000000
5549,1,0.021729,0.000000
5550,1,0.021723,0.000000
5551,1,0.021716,0.000000
5552,1,0.021709,0.000000
5553,1,0.021702,0.000000
5554,1,0.021695,0.000000
5555,1,0.021688,0.000000
5556,1,0.021682,0.000000
5557,1,0.021675,0.000000
5558,1,0.021668,0.000000
5559,1,0.021661,0.000000
5560,1,0.021654,0.000000
5561,1,0.021648,0.000000
5562,1,0.021641,0.000000
5563,1,0.021634,0.000000
5564,1,0.021627,0.000000
5565,1,0.021620,0.000000
5566,1,0.021614,0.000000
5567,1,0.021607,0.000000
5568,1,0.021600,0.000000
5569,1,0.021593,0.000000
5570,1,0.021586,0.000000
5571,1,0.021580,0.000000
5572,1,0.021573,0.000000
5573,1,0.021566,0.000000
5574,1,0.021559,0.000000
5575,1,0.021553,0.000000
5576,1,0.021546,0.000000
5577,1,0.021539,0.000000
5578,1,0.021532,0.000000
5579,1,0.021526,0.000000
5580,1,0.021519,0.000000
5581,1,0.021512,0.000000
5582,1,0.021505,0.000000
5583,1,0.021499,0.000000
5584,1,0.021492,0.000000
5585,1,0.021485,0.000000
5586,1,0.021478,0.000000
5587,1,0.021472,0.000000
5588,1,0.021465,0.000000
5589,1,0.021458,0.000000
5590,1,0.021452,0.000000
5591,1,0.021445,0.000000
5592,1,0.021438,0.000000
5593,1,0.021431,0.000000
5594,1,0.021425,0.000000
5595,1,0.021418,0.000000
5596,1,0.021411,0.000000
5597,1,0.021405,0.000000
5598,1,0.021398,0.000000
5599,1,0.021391,0.000000
5600,1,0.021385,0.000000
5601,1,0.021378,0.000000
5602,1,0.021371,0.000000
5603,1,0.021365,0.000000
5604,1,0.021358,0.000000
5605,1,0.021351,0.000000
5606,1,0.021345,0.000000
5607,1,0.021338,0.000000
5608,1,0.021331,0.000000
5609,1,0.021325,0.000000
5610,1,0.021318,0.000000
5611,1,0.021311,0.000000
5612,1,0.021305,0.000000
5613,1,0.021298,0.000000
5614,1,0.021291,0.000000
5615,1,0.021285,0.000000
5616,1,0.021278,0.000000
5617,1,0.021271,0.000000
5618,1,0.021265,0.000000
5619,1,0.021258,0.000000
5620,1,0.021251,0.000000
5621,1,0.021245,0.000000
5622,1,0.021238,0.000000
5623,1,0.021232,0.000000
5624,1,0.021225,0.000000
5625,1,0.021218,0.000000
5626,1,0.021212,0.000000
5627,1,0.021205,0.000000
5628,1,0.021199,0.000000
5629,1,0.021192,0.000000
5630,1,0.021185,0.000000
5631,1,0.021179,0.000000
5632,1,0.021172,0.000000
5633,1,0.021166,0.000000
5634,1,0.021159,0.000000
5635,1,0.021152,0.000000
5636,1,0.021146,0.000000
5637,1,0.021139,0.000000
5638,1,0.021133,0.000000
5639,1,0.021126,0.000000
5640,1,0.021119,0.000000
5641,1,0.021113,0.000000
5642,1,0.021106,0.000000
5643,1,0.021100,0.000000
5644,1,0.021093,0.000000
5645,1,0.021087,0.000000
5646,1,0.021080,0.000000
5647,1,0.021074,0.000000
5648,1,0.021067,0.000000
5649,1,0.021060,0.000000
5650,1,0.021054,0.000000
5651,1,0.021047,0.000000
5652,1,0.021041,0.000000
5653,1,0.021034,0.000000
5654,1,0.021028,0.000000
5655,1,0.021021,0.000000
5656,1,0.021015,0.000000
5657,1,0.021008,0.000000
5658,1,0.021002,0.000000
5659,1,0.020995,0.000000
5660,1,0.020989,0.000000
5661,1,0.020982,0.000000
5662,1,0.020976,0.000000
5663,1,0.020969,0.000000
5664,1,0.020963,0.000000
5665,1,0.020956,0.000000
5666,1,0.020950,0.000000
5667,1,0.020943,0.000000
5668,1,0.020937,0.000000
5669,1,0.020930,0.000000
5670,1,0.020924,0.000000
5671,1,0.020917,0.000000
5672,1,0.020911,0.000000
5673,1,0.020904,0.000000
5674,1,0.020898,0.000000
5675,1,0.020891,0.000000
5676,1,0.020885,0.000000
5677,1,0.020878,0.000000
5678,1,0.020872,0.000000
5679,1,0.020865,0.000000
5680,1,0.020859,0.000000
5681,1,0.020852,0.000000
5682,1,0.020846,0.000000
5683,1,0.020839,0.000000
5684,1,0.020833,0.000000
5685,1,0.020827,0.000000
5686,1,0.020820,0.000000
5687,1,0.020814,0.000000
5688,1,0.020807,0.000000
5689,1,0.020801,0.000000
5690,1,0.020794,0.000000
5691,1,0.020788,0.000000
5692,1,0.020782,0.000000
5693,1,0.020775,0.000000
5694,1,0.020769,0.000000
5695,1,0.020762,0.000000
5696,1,0.020756,0.000000
5697,1,0.020749,0.000000
5698,1,0.020743,0.000000
5699,1,0.020737,0.000000
5700,1,0.020730,0.000000
5701,1,0.020724,0.000000
5702,1,0.020717,0.000000
5703,1,0.020711,0.000000
5704,1,0.020705,0.000000
5705,1,0.020698,0.000000
5706,1,0.020692,0.000000
5707,1,0.020685,0.000000
5708,1,0.020679,0.000000
5709,1,0.020673,0.000000
5710,1,0.020666,0.000000
5711,1,0.020660,0.000000
5712,1,0.020654,0.000000
5713,1,0.020647,0.000000
5714,1,0.020641,0.000000
5715,1,0.020634,0.000000
5716,1,0.020628,0.000000
5717,1,0.020622,0.000000
5718,1,0.020615,0.000000
5719,1,0.020609,0.000000
5720,1,0.020603,0.000000
5721,1,0.020596,0.000000
5722,1,0.020590,0.000000
5723,1,0.020584,0.000000
5724,1,0.020577,0.000000
5725,1,0.020571,0.000000
5726,1,0.020565,0.000000
5727,1,0.020558,0.000000
5728,1,0.020552,0.000000
5729,1,0.020546,0.000000
5730,1,0.020539,0.000000
5731,1,0.020533,0.000000
5732,1,0.020527,0.000000
5733,1,0.020520,0.000000
5734,1,0.020514,0.000000
5735,1,0.020508,0.000000
5736,1,0.020501,0.000000
5737,1,0.020495,0.000000
5738,1,0.020489,0.000000
5739,1,0.020482,0.000000
5740,1,0.020476,0.000000
5741,1,0.020470,0.000000
5742,1,0.020464,0.000000
5743,1,0.020457,0.000000
5744,1,0.020451,0.000000
5745,1,0.020445,0.000000
5746,1,0.020438,0.000000
5747,1,0.020432,0.000000
5748,1,0.020426,0.000000
5749,1,0.020420,0.000000
5750,1,0.020413,0.000000
5751,1,0.020407,0.000000
5752,1,0.020401,0.000000
5753,1,0.020394,0.000000
5754,1,0.020388,0.000000
5755,1,0.020382,0.000000
5756,1,0.020376,0.000000
5757,1,0.020369,0.000000
5758,1,0.020363,0.000000
5759,1,0.020357,0.000000
5760,1,0.020351,0.000000
5761,1,0.020344,0.000000
5762,1,0.020338,0.000000
5763,1,0.020332,0.000000
5764,1,0.020326,0.000000
5765,1,0.020320,0.000000
5766,1,0.020313,0.000000
5767,1,0.020307,0.000000
5768,1,0.020301,0.000000
5769,1,0.020295,0.000000
5770,1,0.020288,0.000000
5771,1,0.020282,0.000000
5772,1,0.020276,0.000000
5773,1,0.020270,0.000000
5774,1,0.020264,0.000000
5775,1,0.020257,0.000000
5776,1,0.020251,0.000000
5777,1,0.020245,0.000000
5778,1,0.020239,0.000000
5779,1,0.020232,0.000000
5780,1,0.020226,0.000000
5781,1,0.020220,0.000000
5782,1,0.020214,0.000000
5783,1,0.020208,0.000000
5784,1,0.020202,0.000000
5785,1,0.020195,0.000000
5786,1,0.020189,0.000000
5787,1,0.020183,0.000000
5788,1,0.020177,0.000000
5789,1,0.020171,0.000000
5790,1,0.020164,0.000000
5791,1,0.020158,0.000000
5792,1,0.020152,0.000000
5793,1,0.020146,0.000000
5794,1,0.020140,0.000000
5795,1,0.020134,0.000000
5796,1,0.020128,0.000000
5797,1,0.020121,0.000000
5798,1,0.020115,0.000000
5799,1,0.020109,0.000000
5800,1,0.020103,0.000000
5801,1,0.020097,0.000000
5802,1,0.020091,0.000000
5803,1,0.020084,0.000000
5804,1,0.020078,0.000000
5805,1,0.020072,0.000000
5806,1,0.020066,0.000000
5807,1,0.020060,0.000000
5808,0,0.020054,0.000000
5809,1,0.020167,0.000000
5810,1,0.020270,0.000000
5811,1,0.020362,0.000000
5812,1,0.020444,0.000000
5813,1,0.020518,0.000000
5814,1,0.020585,0.000000
5815,1,0.020645,0.000000
5816,1,0.020699,0.000000
5817,1,0.020747,0.000000
5818,1,0.020790,0.000000
5819,1,0.020829,0.000000
5820,1,0.020864,0.000000
5821,1,0.020896,0.000000
5822,1,0.020924,0.000000
5823,1,0.020949,0.000000
5824,1,0.020971,0.000000
5825,1,0.020991,0.000000
5826,1,0.021008,0.000000
5827,1,0.021024,0.000000
5828,1,0.021037,0.000023
5829,1,0.021049,0.000130
5830,1,0.021059,0.000304
5831,1,0.021067,0.000530
5832,1,0.021074,0.000798
5833,1,0.021080,0.001095
5834,1,0.021085,0.001412
5835,1,0.021088,0.001742
5836,1,0.021090,0.002077
5837,1,0.021092,0.002409
5838,1,0.021092,0.002734
5839,1,0.021092,0.003047
5840,1,0.021091,0.003342
5841,1,0.021090,0.003606
5842,1,0.021088,0.003820
5843,1,0.021085,0.003977
5844,1,0.021083,0.004074
5845,1,0.021079,0.004116
5846,1,0.021075,0.004105
5847,1,0.021071,0.004049
5848,1,0.021067,0.003955
5849,1,0.021062,0.003832
5850,1,0.021058,0.003685
5851,1,0.021052,0.003522
5852,1,0.021047,0.003349
5853,1,0.021042,0.003172
5854,1,0.021036,0.002995
5855,1,0.021031,0.002822
5856,1,0.021025,0.002655
5857,1,0.021019,0.002498
5858,1,0.021013,0.002352
5859,1,0.021007,0.002217
5860,1,0.021001,0.002096
5861,1,0.020994,0.001987
5862,1,0.020988,0.001891
5863,1,0.020981,0.001807
5864,1,0.020975,0.001734
5865,1,0.020968,0.001672
5866,1,0.020962,0.001619
5867,1,0.020955,0.001575
5868,1,0.020949,0.001538
5869,1,0.020942,0.001507
5870,1,0.020935,0.001481
5871,1,0.020928,0.001459
5872,1,0.020922,0.001439
5873,1,0.020915,0.001420
5874,1,0.020908,0.001398
5875,1,0.020901,0.001370
5876,1,0.020894,0.001335
5877,1,0.020887,0.001295
5878,1,0.020881,0.001248
5879,1,0.020874,0.001197
5880,1,0.020867,0.001142
5881,1,0.020860,0.001085
5882,1,0.020853,0.001026
5883,1,0.020846,0.000966
5884,1,0.020839,0.000907
5885,1,0.020832,0.000850
5886,1,0.020825,0.000794
5887,1,0.020818,0.000741
5888,1,0.020811,0.000691
5889,1,0.020804,0.000645
5890,1,0.020797,0.000602
5891,1,0.020790,0.000562
5892,1,0.020784,0.000526
5893,1,0.020777,0.000494
5894,1,0.020770,0.000465
5895,1,0.020763,0.000439
5896,1,0.020756,0.000417
5897,1,0.020749,0.000397
5898,1,0.020742,0.000379
5899,1,0.020735,0.000364
5900,1,0.020728,0.000351
5901,1,0.020721,0.000339
5902,1,0.020714,0.000329
5903,1,0.020707,0.000320
5904,1,0.020700,0.000313
5905,1,0.020693,0.000305
5906,1,0.020686,0.000297
5907,1,0.020680,0.000288
5908,1,0.020673,0.000279
5909,1,0.020666,0.000268
5910,1,0.020659,0.000257
5911,1,0.020652,0.000245
5912,1,0.020645,0.000232
5913,1,0.020638,0.000220
5914,1,0.020631,0.000207
5915,1,0.020624,0.000194
5916,1,0.020617,0.000182
5917,1,0.020610,0.000170
5918,1,0.020604,0.000158
5919,1,0.020597,0.000148
5920,1,0.020590,0.000137
5921,1,0.020583,0.000128
5922,1,0.020576,0.000119
5923,1,0.020569,0.000111
5924,1,0.020562,0.000104
5925,1,0.020555,0.000098
5926,1,0.020549,0.000092
5927,1,0.020542,0.000087
5928,1,0.020535,0.000082
5929,1,0.020528,0.000078
5930,1,0.020521,0.000074
5931,1,0.020514,0.000071
5932,1,0.020507,0.000069
5933,1,0.020501,0.000066
5934,1,0.020494,0.000064
5935,1,0.020487,0.000062
5936,1,0.020480,0.000061
5937,1,0.020473,0.000059
5938,1,0.020466,0.000057
5939,1,0.020460,0.000056
5940,1,0.020453,0.000053
5941,1,0.020446,0.000051
5942,1,0.020439,0.000049
5943,1,0.020432,0.000046
5944,1,0.020426,0.000044
5945,1,0.020419,0.000041
5946,1,0.020412,0.000039
5947,1,0.020405,0.000037
5948,1,0.020398,0.000034
5949,1,0.020392,0.000032
5950,1,0.020385,0.000030
5951,1,0.020378,0.000028
5952,1,0.020371,0.000026
5953,1,0.020364,0.000024
5954,1,0.020358,0.000022
5955,1,0.020351,0.000021
5956,1,0.020344,0.000019
5957,1,0.020337,0.000018
5958,1,0.020331,0.000017
5959,1,0.020324,0.000016
5960,1,0.020317,0.000015
5961,1,0.020310,0.000015
5962,1,0.020304,0.000014
5963,1,0.020297,0.000014
5964,1,0.020290,0.000013
5965,1,0.020283,0.000013
5966,1,0.020277,0.000012
5967,1,0.020270,0.000012
5968,1,0.020263,0.000012
5969,1,0.020257,0.000011
5970,1,0.020250,0.000011
5971,1,0.020243,0.000010
5972,1,0.020236,0.000010
5973,1,0.020230,0.000010
5974,1,0.020223,0.000009
5975,1,0.020216,0.000009
5976,1,0.020210,0.000008
5977,1,0.020203,0.000008
5978,1,0.020196,0.000007
5979,1,0.020190,0.000007
5980,1,0.020183,0.000006
5981,1,0.020176,0.000006
5982,1,0.020169,0.000005
5983,1,0.020163,0.000005
5984,1,0.020156,0.000005
5985,1,0.020149,0.000004
5986,1,0.020143,0.000004
5987,1,0.020136,0.000004
5988,1,0.020129,0.000004
5989,1,0.020123,0.000003
5990,1,0.020116,0.000003
5991,1,0.020110,0.000003
5992,1,0.020103,0.000003
5993,1,0.020096,0.000003
5994,1,0.020090,0.000003
5995,1,0.020083,0.000003
5996,1,0.020076,0.000002
5997,1,0.020070,0.000002
5998,1,0.020063,0.000002
5999,1,0.020056,0.000002
6000,1,0.020050,0.000002
6001,1,0.020043,0.000002
6002,1,0.020037,0.000002
6003,1,0.020030,0.000002
6004,1,0.020023,0.000002
6005,1,0.020017,0.000002
6006,1,0.020010,0.000002
6007,1,0.020004,0.000002
6008,1,0.019997,0.000001
6009,1,0.019990,0.000001
6010,1,0.019984,0.000001
6011,1,0.019977,0.000001
6012,1,0.019971,0.000001
6013,1,0.019964,0.000001
6014,1,0.019958,0.000001
6015,1,0.019951,0.000001
6016,1,0.019944,0.000001
6017,1,0.019938,0.000001
6018,1,0.019931,0.000001
6019,1,0.019925,0.000001
6020,1,0.019918,0.000001
6021,1,0.019912,0.000001
6022,1,0.019905,0.000001
6023,1,0.019898,0.000001
6024,1,0.019892,0.000001
6025,1,0.019885,0.000001
6026,1,0.019879,0.000001
6027,1,0.019872,0.000000
6028,1,0.019866,0.000000
6029,1,0.019859,0.000000
6030,1,0.019853,0.000000
6031,1,0.019846,0.000000
6032,1,0.019840,0.000000
6033,1,0.019833,0.000000
6034,1,0.019827,0.000000
6035,1,0.019820,0.000000
6036,1,0.019814,0.000000
6037,1,0.019807,0.000000
6038,1,0.019801,0.000000
6039,1,0.019794,0.000000
6040,1,0.019788,0.000000
6041,1,0.019781,0.000000
6042,1,0.019775,0.000000
6043,1,0.019768,0.000000
6044,1,0.019762,0.000000
6045,1,0.019755,0.000000
6046,1,0.019749,0.000000
6047,1,0.019742,0.000000
6048,1,0.019736,0.000000
6049,1,0.019729,0.000000
6050,1,0.019723,0.000000
6051,1,0.019716,0.000000
6052,1,0.019710,0.000000
6053,1,0.019704,0.000000
6054,1,0.019697,0.000000
6055,1,0.019691,0.000000
6056,1,0.019684,0.000000
6057,1,0.019678,0.000000
6058,1,0.019671,0.000000
6059,1,0.019665,0.000000
6060,1,0.019659,0.000000
6061,1,0.019652,0.000000
6062,1,0.019646,0.000000
6063,1,0.019639,0.000000
6064,1,0.019633,0.000000
6065,1,0.019626,0.000000
6066,1,0.019620,0.000000
6067,1,0.019614,0.000000
6068,1,0.019607,0.000000
6069,1,0.019601,0.000000
6070,1,0.019594,0.000000
6071,1,0.019588,0.000000
6072,1,0.019582,0.000000
6073,1,0.019575,0.000000
6074,1,0.019569,0.000000
6075,1,0.019562,0.000000
6076,1,0.019556,0.000000
6077,1,0.019550,0.000000
6078,1,0.019543,0.000000
6079,1,0.019537,0.000000
6080,1,0.019531,0.000000
6081,1,0.019524,0.000000
6082,1,0.019518,0.000000
6083,1,0.019511,0.000000
6084,1,0.019505,0.000000
6085,1,0.019499,0.000000
6086,1,0.019492,0.000000
6087,1,0.019486,0.000000
6088,1,0.019480,0.000000
6089,1,0.019473,0.000000
6090,1,0.019467,0.000000
6091,1,0.019461,0.000000
6092,1,0.019454,0.000000
6093,1,0.019448,0.000000
6094,1,0.019442,0.000000
6095,1,0.019435,0.000000
6096,1,0.019429,0.000000
6097,1,0.019423,0.000000
6098,1,0.019416,0.000000
6099,1,0.019410,0.000000
6100,1,0.019404,0.000000
6101,1,0.019397,0.000000
6102,1,0.019391,0.000000
6103,1,0.019385,0.000000
6104,1,0.019379,0.000000
6105,1,0.019372,0.000000
6106,1,0.019366,0.000000
6107,1,0.019360,0.000000
6108,1,0.019353,0.000000
6109,1,0.019347,0.000000
6110,1,0.019341,0.000000
6111,1,0.019335,0.000000
6112,1,0.019328,0.000000
6113,1,0.019322,0.000000
6114,1,0.019316,0.000000
6115,1,0.019310,0.000000
6116,1,0.019303,0.000000
6117,1,0.019297,0.000000
6118,1,0.019291,0.000000
6119,1,0.019284,0.000000
6120,1,0.019278,0.000000
6121,1,0.019272,0.000000
6122,1,0.019266,0.000000
6123,1,0.019260,0.000000
6124,1,0.019253,0.000000
6125,1,0.019247,0.000000
6126,1,0.019241,0.000000
6127,1,0.019235,0.000000
6128,1,0.019228,0.000000
6129,1,0.019222,0.000000
6130,1,0.019216,0.000000
6131,1,0.019210,0.000000
6132,1,0.019203,0.000000
6133,1,0.019197,0.000000
6134,1,0.019191,0.000000
6135,1,0.019185,0.000000
6136,1,0.019179,0.000000
6137,1,0.019172,0.000000
6138,1,0.019166,0.000000
6139,1,0.019160,0.000000
6140,1,0.019154,0.000000
6141,1,0.019148,0.000000
6142,1,0.019141,0.000000
6143,1,0.019135,0.000000
6144,1,0.019129,0.000000
6145,1,0.019123,0.000000
6146,1,0.019117,0.000000
6147,1,0.019111,0.000000
6148,1,0.019104,0.000000
6149,1,0.019098,0.000000
6150,1,0.019092,0.000000
6151,1,0.019086,0.000000
6152,1,0.019080,0.000000
6153,1,0.019074,0.000000
6154,1,0.019067,0.000000
6155,1,0.019061,0.000000
6156,1,0.019055,0.000000
6157,1,0.019049,0.000000
6158,1,0.019043,0.000000
6159,1,0.019037,0.000000
6160,1,0.019031,0.000000
6161,1,0.019024,0.000000
6162,1,0.019018,0.000000
6163,1,0.019012,0.000000
6164,1,0.019006,0.000000
6165,1,0.019000,0.000000
6166,1,0.018994,0.000000
6167,1,0.018988,0.000000
6168,1,0.018982,0.000000
6169,1,0.018976,0.000000
6170,1,0.018969,0.000000
6171,1,0.018963,0.000000
6172,1,0.018957,0.000000
6173,1,0.018951,0.000000
6174,1,0.018945,0.000000
6175,1,0.018939,0.000000
6176,1,0.018933,0.000000
6177,1,0.018927,0.000000
6178,1,0.018921,0.000000
6179,1,0.018915,0.000000
6180,1,0.018909,0.000000
6181,1,0.018902,0.000000
6182,1,0.018896,0.000000
6183,1,0.018890,0.000000
6184,1,0.018884,0.000000
6185,1,0.018878,0.000000
6186,1,0.018872,0.000000
6187,1,0.018866,0.000000
6188,1,0.018860,0.000000
6189,1,0.018854,0.000000
6190,1,0.018848,0.000000
6191,1,0.018842,0.000000
6192,1,0.018836,0.000000
6193,1,0.018830,0.000000
6194,1,0.018824,0.000000
6195,1,0.018818,0.000000
6196,1,0.018812,0.000000
6197,1,0.018806,0.000000
6198,1,0.018800,0.000000
6199,1,0.018794,0.000000
6200,1,0.018788,0.000000
6201,1,0.018782,0.000000
6202,1,0.018776,0.000000
6203,1,0.018770,0.000000
6204,1,0.018763,0.000000
6205,1,0.018757,0.000000
6206,1,0.018751,0.000000
6207,1,0.018745,0.000000
6208,1,0.018739,0.000000
6209,1,0.018733,0.000000
6210,1,0.018727,0.000000
6211,1,0.018721,0.000000
6212,1,0.018716,0.000000
6213,1,0.018710,0.000000
6214,1,0.018704,0.000000
6215,1,0.018698,0.000000
6216,1,0.018692,0.000000
6217,1,0.018686,0.000000
6218,1,0.018680,0.000000
6219,1,0.018674,0.000000
6220,1,0.018668,0.000000
6221,1,0.018662,0.000000
6222,1,0.018656,0.000000
6223,1,0.018650,0.000000
6224,1,0.018644,0.000000
6225,1,0.018638,0.000000
6226,1,0.018632,0.000000
6227,1,0.018626,0.000000
6228,1,0.018620,0.000000
6229,1,0.018614,0.000000
6230,1,0.018608,0.000000
6231,1,0.018602,0.000000
6232,1,0.018596,0.000000
6233,1,0.018590,0.000000
6234,1,0.018584,0.000000
6235,1,0.018579,0.000000
6236,1,0.018573,0.000000
6237,1,0.018567,0.000000
6238,1,0.018561,0.000000
6239,1,0.018555,0.000000
6240,1,0.018549,0.000000
6241,1,0.018543,0.000000
6242,1,0.018537,0.000000
6243,1,0.018531,0.000000
6244,1,0.018525,0.000000
6245,1,0.018519,0.000000
6246,1,0.018513,0.000000
6247,1,0.018508,0.000000
6248,1,0.018502,0.000000
6249,1,0.018496,0.000000
6250,1,0.018490,0.000000
6251,1,0.018484,0.000000
6252,1,0.018478,0.000000
6253,1,0.018472,0.000000
6254,1,0.018466,0.000000
6255,1,0.018461,0.000000
6256,1,0.018455,0.000000
6257,1,0.018449,0.000000
6258,1,0.018443,0.000000
6259,1,0.018437,0.000000
6260,1,0.018431,0.000000
6261,1,0.018425,0.000000
6262,1,0.018419,0.000000
6263,1,0.018414,0.000000
6264,1,0.018408,0.000000
6265,1,0.018402,0.000000
6266,1,0.018396,0.000000
6267,1,0.018390,0.000000
6268,1,0.018384,0.000000
6269,1,0.018379,0.000000
6270,1,0.018373,0.000000
6271,1,0.018367,0.000000
6272,1,0.018361,0.000000
6273,1,0.018355,0.000000
6274,1,0.018349,0.000000
6275,1,0.018344,0.000000
6276,1,0.018338,0.000000
6277,1,0.018332,0.000000
6278,1,0.018326,0.000000
6279,1,0.018320,0.000000
6280,1,0.018315,0.000000
6281,1,0.018309,0.000000
6282,1,0.018303,0.000000
6283,1,0.018297,0.000000
6284,1,0.018291,0.000000
6285,1,0.018286,0.000000
6286,1,0.018280,0.000000
6287,1,0.018274,0.000000
6288,1,0.018268,0.000000
6289,1,0.018262,0.000000
6290,1,0.018257,0.000000
6291,1,0.018251,0.000000
6292,1,0.018245,0.000000
6293,1,0.018239,0.000000
6294,1,0.018234,0.000000
6295,1,0.018228,0.000000
6296,1,0.018222,0.000000
6297,1,0.018216,0.000000
6298,1,0.018210,0.000000
6299,1,0.018205,0.000000
6300,1,0.018199,0.000000
6301,1,0.018193,0.000000
6302,1,0.018187,0.000000
6303,1,0.018182,0.000000
6304,1,0.018176,0.000000
6305,1,0.018170,0.000000
6306,1,0.018164,0.000000
6307,1,0.018159,0.000000
6308,1,0.018153,0.000000
6309,1,0.018147,0.000000
6310,1,0.018142,0.000000
6311,1,0.018136,0.000000
6312,1,0.018130,0.000000
6313,1,0.018124,0.000000
6314,1,0.018119,0.000000
6315,1,0.018113,0.000000
6316,1,0.018107,0.000000
6317,1,0.018102,0.000000
6318,1,0.018096,0.000000
6319,1,0.018090,0.000000
6320,1,0.018084,0.000000
6321,1,0.018079,0.000000
6322,1,0.018073,0.000000
6323,1,0.018067,0.000000
6324,1,0.018062,0.000000
6325,1,0.018056,0.000000
6326,1,0.018050,0.000000
6327,1,0.018045,0.000000
6328,1,0.018039,0.000000
6329,1,0.018033,0.000000
6330,1,0.018027,0.000000
6331,1,0.018022,0.000000
6332,1,0.018016,0.000000
6333,1,0.018010,0.000000
6334,1,0.018005,0.000000
6335,1,0.017999,0.000000
6336,1,0.017993,0.000000
6337,1,0.017988,0.000000
6338,1,0.017982,0.000000
6339,1,0.017976,0.000000
6340,1,0.017971,0.000000
6341,1,0.017965,0.000000
6342,1,0.017960,0.000000
6343,1,0.017954,0.000000
6344,1,0.017948,0.000000
6345,1,0.017943,0.000000
6346,1,0.017937,0.000000
6347,1,0.017931,0.000000
6348,1,0.017926,0.000000
6349,1,0.017920,0.000000
6350,1,0.017914,0.000000
6351,1,0.017909,0.000000
6352,1,0.017903,0.000000
6353,1,0.017898,0.000000
6354,1,0.017892,0.000000
6355,1,0.017886,0.000000
6356,1,0.017881,0.000000
6357,1,0.017875,0.000000
6358,1,0.017869,0.000000
6359,1,0.017864,0.000000
6360,1,0.017858,0.000000
6361,1,0.017853,0.000000
6362,1,0.017847,0.000000
6363,1,0.017841,0.000000
6364,1,0.017836,0.000000
6365,1,0.017830,0.000000
6366,1,0.017825,0.000000
6367,1,0.017819,0.000000
6368,1,0.017814,0.000000
6369,1,0.017808,0.000000
6370,1,0.017802,0.000000
6371,1,0.017797,0.000000
6372,1,0.017791,0.000000
6373,1,0.017786,0.000000
6374,1,0.017780,0.000000
6375,1,0.017775,0.000000
6376,1,0.017769,0.000000
6377,1,0.017763,0.000000
6378,1,0.017758,0.000000
6379,1,0.017752,0.000000
6380,1,0.017747,0.000000
6381,1,0.017741,0.000000
6382,1,0.017736,0.000000
6383,1,0.017730,0.000000
6384,1,0.017724,0.000000
6385,1,0.017719,0.000000
6386,1,0.017713,0.000000
6387,1,0.017708,0.000000
6388,1,0.017702,0.000000
6389,1,0.017697,0.000000
6390,1,0.017691,0.000000
6391,1,0.017686,0.000000
6392,1,0.017680,0.000000
6393,1,0.017675,0.000000
6394,1,0.017669,0.000000
6395,1,0.017664,0.000000
6396,1,0.017658,0.000000
6397,1,0.017653,0.000000
6398,1,0.017647,0.000000
6399,1,0.017642,0.000000
6400,1,0.017636,0.000000
6401,1,0.017631,0.000000
6402,1,0.017625,0.000000
6403,1,0.017620,0.000000
6404,1,0.017614,0.000000
6405,1,0.017609,0.000000
6406,1,0.017603,0.000000
6407,1,0.017598,0.000000
6408,1,0.017592,0.000000
6409,1,0.017587,0.000000
6410,1,0.017581,0.000000
6411,1,0.017576,0.000000
6412,1,0.017570,0.000000
6413,1,0.017565,0.000000
6414,1,0.017559,0.000000
6415,1,0.017554,0.000000
6416,1,0.017548,0.000000
6417,1,0.017543,0.000000
6418,1,0.017537,0.000000
6419,1,0.017532,0.000000
6420,1,0.017526,0.000000
6421,1,0.017521,0.000000
6422,1,0.017516,0.000000
6423,1,0.017510,0.000000
6424,1,0.017505,0.000000
6425,1,0.017499,0.000000
6426,1,0.017494,0.000000
6427,1,0.017488,0.000000
6428,1,0.017483,0.000000
6429,1,0.017477,0.000000
6430,1,0.017472,0.000000
6431,1,0.017467,0.000000
6432,1,0.017461,0.000000
6433,1,0.017456,0.000000
6434,1,0.017450,0.000000
6435,1,0.017445,0.000000
6436,1,0.017439,0.000000
6437,1,0.017434,0.000000
6438,1,0.017429,0.000000
6439,1,0.017423,0.000000
6440,1,0.017418,0.000000
6441,1,0.017412,0.000000
6442,1,0.017407,0.000000
6443,1,0.017402,0.000000
6444,1,0.017396,0.000000
6445,1,0.017391,0.000000
6446,1,0.017385,0.000000
6447,1,0.017380,0.000000
6448,1,0.017375,0.000000
6449,1,0.017369,0.000000
6450,1,0.017364,0.000000
6451,1,0.017358,0.000000
6452,1,0.017353,0.000000
6453,1,0.017348,0.000000
6454,1,0.017342,0.000000
6455,1,0.017337,0.000000
6456,1,0.017331,0.000000
6457,1,0.017326,0.000000
6458,1,0.017321,0.000000
6459,1,0.017315,0.000000
6460,1,0.017310,0.000000
6461,1,0.017305,0.000000
6462,1,0.017299,0.000000
6463,1,0.017294,0.000000
6464,1,0.017289,0.000000
6465,1,0.017283,0.000000
6466,1,0.017278,0.000000
6467,1,0.017272,0.000000
6468,1,0.017267,0.000000
6469,1,0.017262,0.000000
6470,1,0.017256,0.000000
6471,1,0.017251,0.000000
6472,1,0.017246,0.000000
6473,1,0.017240,0.000000
6474,1,0.017235,0.000000
6475,1,0.017230,0.000000
6476,1,0.017224,0.000000
6477,1,0.017219,0.000000
6478,1,0.017214,0.000000
6479,1,0.017208,0.000000
6480,1,0.017203,0.000000
6481,1,0.017198,0.000000
6482,1,0.017192,0.000000
6483,1,0.017187,0.000000
6484,1,0.017182,0.000000
6485,1,0.017177,0.000000
6486,1,0.017171,0.000000
6487,1,0.017166,0.000000
6488,1,0.017161,0.000000
6489,1,0.017155,0.000000
6490,1,0.017150,0.000000
6491,1,0.017145,0.000000
6492,1,0.017139,0.000000
6493,1,0.017134,0.000000
6494,1,0.017129,0.000000
6495,1,0.017124,0.000000
6496,1,0.017118,0.000000
6497,1,0.017113,0.000000
6498,1,0.017108,0.000000
6499,1,0.017102,0.000000
6500,1,0.017097,0.000000
6501,1,0.017092,0.000000
6502,1,0.017087,0.000000
6503,1,0.017081,0.000000
6504,1,0.017076,0.000000
6505,1,0.017071,0.000000
6506,1,0.017066,0.000000
6507,1,0.017060,0.000000
6508,1,0.017055,0.000000
6509,1,0.017050,0.000000
6510,1,0.017045,0.000000
6511,1,0.017039,0.000000
6512,1,0.017034,0.000000
6513,1,0.017029,0.000000
6514,1,0.017024,0.000000
6515,1,0.017018,0.000000
6516,1,0.017013,0.000000
6517,1,0.017008,0.000000
6518,1,0.017003,0.000000
6519,1,0.016997,0.000000
6520,1,0.016992,0.000000
6521,1,0.016987,0.000000
6522,1,0.016982,0.000000
6523,1,0.016976,0.000000
6524,1,0.016971,0.000000
6525,1,0.016966,0.000000
6526,1,0.016961,0.000000
6527,1,0.016956,0.000000
6528,1,0.016950,0.000000
6529,1,0.016945,0.000000
6530,1,0.016940,0.000000
6531,1,0.016935,0.000000
6532,1,0.016930,0.000000
6533,1,0.016924,0.000000
6534,1,0.016919,0.000000
6535,1,0.016914,0.000000
6536,1,0.016909,0.000000
6537,1,0.016904,0.000000
6538,1,0.016898,0.000000
6539,1,0.016893,0.000000
6540,1,0.016888,0.000000
6541,1,0.016883,0.000000
6542,1,0.016878,0.000000
6543,1,0.016872,0.000000
6544,1,0.016867,0.000000
6545,1,0.016862,0.000000
6546,1,0.016857,0.000000
6547,1,0.016852,0.000000
6548,1,0.016847,0.000000
6549,1,0.016841,0.000000
6550,1,0.016836,0.000000
6551,1,0.016831,0.000000
6552,1,0.016826,0.000000
6553,1,0.016821,0.000000
6554,1,0.016816,0.000000
6555,1,0.016810,0.000000
6556,1,0.016805,0.000000
6557,1,0.016800,0.000000
6558,1,0.016795,0.000000
6559,1,0.016790,0.000000
6560,1,0.016785,0.000000
6561,1,0.016780,0.000000
6562,1,0.016774,0.000000
6563,1,0.016769,0.000000
6564,1,0.016764,0.000000
6565,1,0.016759,0.000000
6566,1,0.016754,0.000000
6567,1,0.016749,0.000000
6568,1,0.016744,0.000000
6569,1,0.016738,0.000000
6570,1,0.016733,0.000000
6571,1,0.016728,0.000000
6572,1,0.016723,0.000000
6573,1,0.016718,0.000000
6574,1,0.016713,0.000000
6575,1,0.016708,0.000000
6576,1,0.016703,0.000000
6577,1,0.016698,0.000000
6578,1,0.016692,0.000000
6579,1,0.016687,0.000000
6580,1,0.016682,0.000000
6581,1,0.016677,0.000000
6582,1,0.016672,0.000000
6583,1,0.016667,0.000000
6584,1,0.016662,0.000000
6585,1,0.016657,0.000000
6586,1,0.016652,0.000000
6587,1,0.016647,0.000000
6588,1,0.016641,0.000000
6589,1,0.016636,0.000000
6590,1,0.016631,0.000000
6591,1,0.016626,0.000000
6592,1,0.016621,0.000000
6593,1,0.016616,0.000000
6594,1,0.016611,0.000000
6595,1,0.016606,0.000000
6596,1,0.016601,0.000000
6597,1,0.016596,0.000000
6598,1,0.016591,0.000000
6599,1,0.016586,0.000000
6600,1,0.016581,0.000000
6601,1,0.016576,0.000000
6602,1,0.016571,0.000000
6603,1,0.016565,0.000000
6604,1,0.016560,0.000000
6605,1,0.016555,0.000000
6606,1,0.016550,0.000000
6607,1,0.016545,0.000000
6608,1,0.016540,0.000000
6609,1,0.016535,0.000000
6610,1,0.016530,0.000000
6611,1,0.016525,0.000000
6612,1,0.016520,0.000000
6613,1,0.016515,0.000000
6614,1,0.016510,0.000000
6615,1,0.016505,0.000000
6616,1,0.016500,0.000000
6617,1,0.016495,0.000000
6618,1,0.016490,0.000000
6619,1,0.016485,0.000000
6620,1,0.016480,0.000000
6621,1,0.016475,0.000000
6622,1,0.016470,0.000000
6623,1,0.016465,0.000000
6624,1,0.016460,0.000000
6625,1,0.016455,0.000000
6626,1,0.016450,0.000000
6627,1,0.016445,0.000000
6628,1,0.016440,0.000000
6629,1,0.016435,0.000000
6630,1,0.016430,0.000000
6631,1,0.016425,0.000000
6632,1,0.016420,0.000000
6633,1,0.016415,0.000000
6634,1,0.016410,0.000000
6635,1,0.016405,0.000000
6636,1,0.016400,0.000000
6637,1,0.016395,0.000000
6638,1,0.016390,0.000000
6639,1,0.016385,0.000000
6640,1,0.016380,0.000000
6641,1,0.016375,0.000000
6642,1,0.016370,0.000000
6643,1,0.016365,0.000000
6644,1,0.016360,0.000000
6645,1,0.016355,0.000000
6646,1,0.016350,0.000000
6647,1,0.016345,0.000000
6648,1,0.016340,0.000000
6649,1,0.016335,0.000000
6650,1,0.016330,0.000000
6651,1,0.016325,0.000000
6652,1,0.016320,0.000000
6653,1,0.016315,0.000000
6654,1,0.016311,0.000000
6655,1,0.016306,0.000000
6656,1,0.016301,0.000000
6657,1,0.016296,0.000000
6658,1,0.016291,0.000000
6659,1,0.016286,0.000000
6660,1,0.016281,0.000000
6661,1,0.016276,0.000000
6662,1,0.016271,0.000000
6663,1,0.016266,0.000000
6664,1,0.016261,0.000000
6665,1,0.016256,0.000000
6666,1,0.016251,0.000000
6667,1,0.016246,0.000000
6668,1,0.016241,0.000000
6669,1,0.016237,0.000000
6670,1,0.016232,0.000000
6671,1,0.016227,0.000000
6672,1,0.016222,0.000000
6673,1,0.016217,0.000000
6674,1,0.016212,0.000000
6675,1,0.016207,0.000000
6676,1,0.016202,0.000000
6677,1,0.016197,0.000000
6678,1,0.016192,0.000000
6679,1,0.016187,0.000000
6680,1,0.016183,0.000000
6681,1,0.016178,0.000000
6682,1,0.016173,0.000000
6683,1,0.016168,0.000000
6684,1,0.016163,0.000000
6685,1,0.016158,0.000000
6686,1,0.016153,0.000000
6687,1,0.016148,0.000000
6688,1,0.016143,0.000000
6689,1,0.016139,0.000000
6690,1,0.016134,0.000000
6691,1,0.016129,0.000000
6692,1,0.016124,0.000000
6693,1,0.016119,0.000000
6694,1,0.016114,0.000000
6695,1,0.016109,0.000000
6696,1,0.016104,0.000000
6697,1,0.016100,0.000000
6698,1,0.016095,0.000000
6699,1,0.016090,0.000000
6700,1,0.016085,0.000000
6701,1,0.016080,0.000000
6702,1,0.016075,0.000000
6703,1,0.016070,0.000000
6704,1,0.016066,0.000000
6705,1,0.016061,0.000000
6706,1,0.016056,0.000000
6707,1,0.016051,0.000000
6708,1,0.016046,0.000000
6709,1,0.016041,0.000000
6710,1,0.016037,0.000000
6711,1,0.016032,0.000000
6712,1,0.016027,0.000000
6713,1,0.016022,0.000000
6714,1,0.016017,0.000000
6715,1,0.016012,0.000000
6716,1,0.016008,0.000000
6717,1,0.016003,0.000000
6718,1,0.015998,0.000000
6719,1,0.015993,0.000000
6720,1,0.015988,0.000000
6721,1,0.015984,0.000000
6722,1,0.015979,0.000000
6723,1,0.015974,0.000000
6724,1,0.015969,0.000000
6725,1,0.015964,0.000000
6726,1,0.015959,0.000000
6727,1,0.015955,0.000000
6728,1,0.015950,0.000000
6729,1,0.015945,0.000000
6730,1,0.015940,0.000000
6731,1,0.015935,0.000000
6732,1,0.015931,0.000000
6733,1,0.015926,0.000000
6734,1,0.015921,0.000000
6735,1,0.015916,0.000000
6736,1,0.015912,0.000000
6737,1,0.015907,0.000000
6738,1,0.015902,0.000000
6739,1,0.015897,0.000000
6740,1,0.015892,0.000000
6741,1,0.015888,0.000000
6742,1,0.015883,0.000000
6743,1,0.015878,0.000000
6744,1,0.015873,0.000000
6745,1,0.015869,0.000000
6746,1,0.015864,0.000000
6747,1,0.015859,0.000000
6748,1,0.015854,0.000000
6749,1,0.015849,0.000000
6750,1,0.015845,0.000000
6751,1,0.015840,0.000000
6752,1,0.015835,0.000000
6753,1,0.015830,0.000000
6754,1,0.015826,0.000000
6755,1,0.015821,0.000000
6756,1,0.015816,0.000000
6757,1,0.015811,0.000000
6758,1,0.015807,0.000000
6759,1,0.015802,0.000000
6760,1,0.015797,0.000000
6761,1,0.015792,0.000000
6762,1,0.015788,0.000000
6763,1,0.015783,0.000000
6764,1,0.015778,0.000000
6765,1,0.015774,0.000000
6766,1,0.015769,0.000000
6767,1,0.015764,0.000000
6768,1,0.015759,0.000000
6769,1,0.015755,0.000000
6770,1,0.015750,0.000000
6771,1,0.015745,0.000000
6772,1,0.015740,0.000000
6773,1,0.015736,0.000000
6774,1,0.015731,0.000000
6775,1,0.015726,0.000000
6776,1,0.015722,0.000000
6777,1,0.015717,0.000000
6778,1,0.015712,0.000000
6779,1,0.015708,0.000000
6780,1,0.015703,0.000000
6781,1,0.015698,0.000000
6782,1,0.015693,0.000000
6783,1,0.015689,0.000000
6784,1,0.015684,0.000000
6785,1,0.015679,0.000000
6786,1,0.015675,0.000000
6787,1,0.015670,0.000000
6788,1,0.015665,0.000000
6789,1,0.015661,0.000000
6790,1,0.015656,0.000000
6791,1,0.015651,0.000000
6792,1,0.015647,0.000000
6793,1,0.015642,0.000000
6794,1,0.015637,0.000000
6795,1,0.015632,0.000000
6796,1,0.015628,0.000000
6797,1,0.015623,0.000000
6798,1,0.015618,0.000000
6799,1,0.015614,0.000000
6800,1,0.015609,0.000000
6801,1,0.015604,0.000000
6802,1,0.015600,0.000000
6803,1,0.015595,0.000000
6804,1,0.015590,0.000000
6805,1,0.015586,0.000000
6806,1,0.015581,0.000000
6807,1,0.015577,0.000000
6808,1,0.015572,0.000000
6809,1,0.015567,0.000000
6810,1,0.015563,0.000000
6811,1,0.015558,0.000000
6812,1,0.015553,0.000000
6813,1,0.015549,0.000000
6814,1,0.015544,0.000000
6815,1,0.015539,0.000000
6816,1,0.015535,0.000000
6817,1,0.015530,0.000000
6818,1,0.015525,0.000000
6819,1,0.015521,0.000000
6820,1,0.015516,0.000000
6821,1,0.015512,0.000000
6822,1,0.015507,0.000000
6823,1,0.015502,0.000000
6824,1,0.015498,0.000000
6825,1,0.015493,0.000000
6826,1,0.015488,0.000000
6827,1,0.015484,0.000000
6828,1,0.015479,0.000000
6829,1,0.015475,0.000000
6830,1,0.015470,0.000000
6831,1,0.015465,0.000000
6832,1,0.015461,0.000000
6833,1,0.015456,0.000000
6834,1,0.015452,0.000000
6835,1,0.015447,0.000000
6836,1,0.015442,0.000000
6837,1,0.015438,0.000000
6838,1,0.015433,0.000000
6839,1,0.015429,0.000000
6840,1,0.015424,0.000000
6841,1,0.015419,0.000000
6842,1,0.015415,0.000000
6843,1,0.015410,0.000000
6844,1,0.015406,0.000000
6845,1,0.015401,0.000000
6846,1,0.015396,0.000000
6847,1,0.015392,0.000000
6848,1,0.015387,0.000000
6849,1,0.015383,0.000000
6850,1,0.015378,0.000000
6851,1,0.015374,0.000000
6852,1,0.015369,0.000000
6853,1,0.015364,0.000000
6854,1,0.015360,0.000000
6855,1,0.015355,0.000000
6856,1,0.015351,0.000000
6857,1,0.015346,0.000000
6858,1,0.015342,0.000000
6859,1,0.015337,0.000000
6860,1,0.015333,0.000000
6861,1,0.015328,0.000000
6862,1,0.015323,0.000000
6863,1,0.015319,0.000000
6864,1,0.015314,0.000000
6865,1,0.015310,0.000000
6866,1,0.015305,0.000000
6867,1,0.015301,0.000000
6868,1,0.015296,0.000000
6869,1,0.015292,0.000000
6870,1,0.015287,0.000000
6871,1,0.015282,0.000000
6872,1,0.015278,0.000000
6873,1,0.015273,0.000000
6874,1,0.015269,0.000000
6875,1,0.015264,0.000000
6876,1,0.015260,0.000000
6877,1,0.015255,0.000000
6878,1,0.015251,0.000000
6879,1,0.015246,0.000000
6880,1,0.015242,0.000000
6881,1,0.015237,0.000000
6882,1,0.015233,0.000000
6883,1,0.015228,0.000000
6884,1,0.015224,0.000000
6885,1,0.015219,0.000000
6886,1,0.015215,0.000000
6887,1,0.015210,0.000000
6888,1,0.015206,0.000000
6889,1,0.015201,0.000000
6890,1,0.015197,0.000000
6891,1,0.015192,0.000000
6892,1,0.015188,0.000000
6893,1,0.015183,0.000000
6894,1,0.015179,0.000000
6895,1,0.015174,0.000000
6896,1,0.015170,0.000000
6897,1,0.015165,0.000000
6898,1,0.015161,0.000000
6899,1,0.015156,0.000000
6900,1,0.015152,0.000000
6901,1,0.015147,0.000000
6902,1,0.015143,0.000000
6903,1,0.015138,0.000000
6904,1,0.015134,0.000000
6905,1,0.015129,0.000000
6906,1,0.015125,0.000000
6907,1,0.015120,0.000000
6908,1,0.015116,0.000000
6909,1,0.015111,0.000000
6910,1,0.015107,0.000000
6911,1,0.015102,0.000000
6912,1,0.015098,0.000000
6913,1,0.015094,0.000000
6914,1,0.015089,0.000000
6915,1,0.015085,0.000000
6916,1,0.015080,0.000000
6917,1,0.015076,0.000000
6918,1,0.015071,0.000000
6919,1,0.015067,0.000000
6920,1,0.015062,0.000000
6921,1,0.015058,0.000000
6922,1,0.015053,0.000000
6923,1,0.015049,0.000000
6924,1,0.015045,0.000000
6925,1,0.015040,0.000000
6926,1,0.015036,0.000000
6927,1,0.015031,0.000000
6928,1,0.015027,0.000000
6929,1,0.015022,0.000000
6930,1,0.015018,0.000000
6931,1,0.015013,0.000000
6932,1,0.015009,0.000000
6933,1,0.015005,0.000000
6934,1,0.015000,0.000000
6935,1,0.014996,0.000000
6936,1,0.014991,0.000000
6937,1,0.014987,0.000000
6938,1,0.014982,0.000000
6939,1,0.014978,0.000000
6940,1,0.014974,0.000000
6941,1,0.014969,0.000000
6942,1,0.014965,0.000000
6943,1,0.014960,0.000000
6944,1,0.014956,0.000000
6945,1,0.014952,0.000000
6946,1,0.014947,0.000000
6947,1,0.014943,0.000000
6948,1,0.014938,0.000000
6949,1,0.014934,0.000000
6950,1,0.014930,0.000000
6951,1,0.014925,0.000000
6952,1,0.014921,0.000000
6953,1,0.014916,0.000000
6954,1,0.014912,0.000000
6955,1,0.014908,0.000000
6956,1,0.014903,0.000000
6957,1,0.014899,0.000000
6958,1,0.014894,0.000000
6959,1,0.014890,0.000000
6960,1,0.014886,0.000000
6961,1,0.014881,0.000000
6962,1,0.014877,0.000000
6963,1,0.014872,0.000000
6964,1,0.014868,0.000000
6965,1,0.014864,0.000000
6966,1,0.014859,0.000000
6967,1,0.014855,0.000000
6968,1,0.014851,0.000000
6969,1,0.014846,0.000000
6970,1,0.014842,0.000000
6971,1,0.014838,0.000000
6972,1,0.014833,0.000000
6973,1,0.014829,0.000000
6974,1,0.014824,0.000000
6975,1,0.014820,0.000000
6976,1,0.014816,0.000000
6977,1,0.014811,0.000000
6978,1,0.014807,0.000000
6979,1,0.014803,0.000000
6980,1,0.014798,0.000000
6981,1,0.014794,0.000000
6982,1,0.014790,0.000000
6983,1,0.014785,0.000000
6984,1,0.014781,0.000000
6985,1,0.014777,0.000000
6986,1,0.014772,0.000000
6987,1,0.014768,0.000000
6988,1,0.014764,0.000000
6989,1,0.014759,0.000000
6990,1,0.014755,0.000000
6991,1,0.014751,0.000000
6992,1,0.014746,0.000000
6993,1,0.014742,0.000000
6994,1,0.014738,0.000000
6995,1,0.014733,0.000000
6996,1,0.014729,0.000000
6997,1,0.014725,0.000000
6998,1,0.014720,0.000000
6999,1,0.014716,0.000000
7000,1,0.014712,0.000000
7001,1,0.014707,0.000000
7002,1,0.014703,0.000000
7003,1,0.014699,0.000000
7004,1,0.014694,0.000000
7005,1,0.014690,0.000000
7006,1,0.014686,0.000000
7007,1,0.014681,0.000000
7008,1,0.014677,0.000000
7009,1,0.014673,0.000000
7010,1,0.014669,0.000000
7011,1,0.014664,0.000000
7012,1,0.014660,0.000000
7013,1,0.014656,0.000000
7014,1,0.014651,0.000000
7015,1,0.014647,0.000000
7016,1,0.014643,0.000000
7017,1,0.014638,0.000000
7018,1,0.014634,0.000000
7019,1,0.014630,0.000000
7020,1,0.014626,0.000000
7021,1,0.014621,0.000000
7022,1,0.014617,0.000000
7023,1,0.014613,0.000000
7024,1,0.014609,0.000000
7025,1,0.014604,0.000000
7026,1,0.014600,0.000000
7027,1,0.014596,0.000000
7028,1,0.014591,0.000000
7029,1,0.014587,0.000000
7030,1,0.014583,0.000000
7031,1,0.014579,0.000000
7032,1,0.014574,0.000000
7033,1,0.014570,0.000000
7034,1,0.014566,0.000000
7035,1,0.014562,0.000000
7036,1,0.014557,0.000000
7037,1,0.014553,0.000000
7038,1,0.014549,0.000000
7039,1,0.014545,0.000000
7040,1,0.014540,0.000000
7041,1,0.014536,0.000000
7042,1,0.014532,0.000000
7043,1,0.014528,0.000000
7044,1,0.014523,0.000000
7045,1,0.014519,0.000000
7046,1,0.014515,0.000000
7047,1,0.014511,0.000000
7048,1,0.014506,0.000000
7049,1,0.014502,0.000000
7050,1,0.014498,0.000000
7051,1,0.014494,0.000000
7052,1,0.014489,0.000000
7053,1,0.014485,0.000000
7054,1,0.014481,0.000000
7055,1,0.014477,0.000000
7056,1,0.014472,0.000000
7057,1,0.014468,0.000000
7058,1,0.014464,0.000000
7059,1,0.014460,0.000000
7060,1,0.014456,0.000000
7061,1,0.014451,0.000000
7062,1,0.014447,0.000000
7063,1,0.014443,0.000000
7064,1,0.014439,0.000000
7065,1,0.014434,0.000000
7066,1,0.014430,0.000000
7067,1,0.014426,0.000000
7068,1,0.014422,0.000000
7069,1,0.014418,0.000000
7070,1,0.014413,0.000000
7071,1,0.014409,0.000000
7072,1,0.014405,0.000000
7073,1,0.014401,0.000000
7074,1,0.014397,0.000000
7075,1,0.014392,0.000000
7076,1,0.014388,0.000000
7077,1,0.014384,0.000000
7078,1,0.014380,0.000000
7079,1,0.014376,0.000000
7080,1,0.014371,0.000000
7081,1,0.014367,0.000000
7082,1,0.014363,0.000000
7083,1,0.014359,0.000000
7084,1,0.014355,0.000000
7085,1,0.014351,0.000000
7086,1,0.014346,0.000000
7087,1,0.014342,0.000000
7088,1,0.014338,0.000000
7089,1,0.014334,0.000000
7090,1,0.014330,0.000000
7091,1,0.014325,0.000000
7092,1,0.014321,0.000000
7093,1,0.014317,0.000000
7094,1,0.014313,0.000000
7095,1,0.014309,0.000000
7096,1,0.014305,0.000000
7097,1,0.014300,0.000000
7098,1,0.014296,0.000000
7099,1,0.014292,0.000000
7100,1,0.014288,0.000000
7101,1,0.014284,0.000000
7102,1,0.014280,0.000000
7103,1,0.014276,0.000000
7104,1,0.014271,0.000000
7105,1,0.014267,0.000000
7106,1,0.014263,0.000000
7107,1,0.014259,0.000000
7108,1,0.014255,0.000000
7109,1,0.014251,0.000000
7110,1,0.014247,0.000000
7111,1,0.014242,0.000000
7112,1,0.014238,0.000000
7113,1,0.014234,0.000000
7114,1,0.014230,0.000000
7115,1,0.014226,0.000000
7116,1,0.014222,0.000000
7117,1,0.014218,0.000000
7118,1,0.014213,0.000000
7119,1,0.014209,0.000000
7120,1,0.014205,0.000000
7121,1,0.014201,0.000000
7122,1,0.014197,0.000000
7123,1,0.014193,0.000000
7124,1,0.014189,0.000000
7125,1,0.014185,0.000000
7126,1,0.014180,0.000000
7127,1,0.014176,0.000000
7128,1,0.014172,0.000000
7129,1,0.014168,0.000000
7130,1,0.014164,0.000000
7131,1,0.014160,0.000000
7132,1,0.014156,0.000000
7133,1,0.014152,0.000000
7134,1,0.014148,0.000000
7135,1,0.014143,0.000000
7136,1,0.014139,0.000000
7137,1,0.014135,0.000000
7138,1,0.014131,0.000000
7139,1,0.014127,0.000000
7140,1,0.014123,0.000000
7141,1,0.014119,0.000000
7142,1,0.014115,0.000000
7143,1,0.014111,0.000000
7144,1,0.014107,0.000000
7145,1,0.014102,0.000000
7146,1,0.014098,0.000000
7147,1,0.014094,0.000000
7148,1,0.014090,0.000000
7149,1,0.014086,0.000000
7150,1,0.014082,0.000000
7151,1,0.014078,0.000000
7152,1,0.014074,0.000000
7153,1,0.014070,0.000000
7154,1,0.014066,0.000000
7155,1,0.014062,0.000000
7156,1,0.014058,0.000000
7157,1,0.014054,0.000000
7158,1,0.014049,0.000000
7159,1,0.014045,0.000000
7160,1,0.014041,0.000000
7161,1,0.014037,0.000000
7162,1,0.014033,0.000000
7163,1,0.014029,0.000000
7164,1,0.014025,0.000000
7165,1,0.014021,0.000000
7166,1,0.014017,0.000000
7167,1,0.014013,0.000000
7168,1,0.014009,0.000000
7169,1,0.014005,0.000000
7170,1,0.014001,0.000000
7171,1,0.013997,0.000000
7172,1,0.013993,0.000000
7173,1,0.013989,0.000000
7174,1,0.013985,0.000000
7175,1,0.013981,0.000000
7176,1,0.013976,0.000000
7177,1,0.013972,0.000000
7178,1,0.013968,0.000000
7179,1,0.013964,0.000000
7180,1,0.013960,0.000000
7181,1,0.013956,0.000000
7182,1,0.013952,0.000000
7183,1,0.013948,0.000000
7184,1,0.013944,0.000000
7185,1,0.013940,0.000000
7186,1,0.013936,0.000000
7187,1,0.013932,0.000000
7188,1,0.013928,0.000000
7189,1,0.013924,0.000000
7190,1,0.013920,0.000000
7191,1,0.013916,0.000000
7192,1,0.013912,0.000000
7193,1,0.013908,0.000000
7194,1,0.013904,0.000000
7195,1,0.013900,0.000000
7196,1,0.013896,0.000000
7197,1,0.013892,0.000000
7198,1,0.013888,0.000000
7199,1,0.013884,0.000000
7200,1,0.013880,0.000000
7201,1,0.013876,0.000000
7202,1,0.013872,0.000000
7203,1,0.013868,0.000000
7204,1,0.013864,0.000000
7205,1,0.013860,0.000000
7206,1,0.013856,0.000000
7207,1,0.013852,0.000000
7208,1,0.013848,0.000000
7209,1,0.013844,0.000000
7210,1,0.013840,0.000000
7211,1,0.013836,0.000000
7212,1,0.013832,0.000000
7213,1,0.013828,0.000000
7214,1,0.013824,0.000000
7215,1,0.013820,0.000000
7216,1,0.013816,0.000000
7217,1,0.013812,0.000000
7218,1,0.013808,0.000000
7219,1,0.013804,0.000000
7220,1,0.013800,0.000000
7221,1,0.013796,0.000000
7222,1,0.013792,0.000000
7223,1,0.013788,0.000000
7224,1,0.013784,0.000000
7225,1,0.013780,0.000000
7226,1,0.013776,0.000000
7227,1,0.013772,0.000000
7228,1,0.013768,0.000000
7229,1,0.013764,0.000000
7230,1,0.013760,0.000000
7231,1,0.013756,0.000000
7232,1,0.013752,0.000000
7233,1,0.013748,0.000000
7234,1,0.013745,0.000000
7235,1,0.013741,0.000000
7236,1,0.013737,0.000000
7237,1,0.013733,0.000000
7238,1,0.013729,0.000000
7239,1,0.013725,0.000000
7240,1,0.013721,0.000000
7241,1,0.013717,0.000000
7242,1,0.013713,0.000000
7243,1,0.013709,0.000000
7244,1,0.013705,0.000000
7245,1,0.013701,0.000000
7246,1,0.013697,0.000000
7247,1,0.013693,0.000000
7248,1,0.013689,0.000000
7249,1,0.013685,0.000000
7250,1,0.013681,0.000000
7251,1,0.013677,0.000000
7252,1,0.013674,0.000000
7253,1,0.013670,0.000000
7254,1,0.013666,0.000000
7255,1,0.013662,0.000000
7256,1,0.013658,0.000000
7257,1,0.013654,0.000000
7258,1,0.013650,0.000000
7259,1,0.013646,0.000000
7260,1,0.013642,0.000000
7261,1,0.013638,0.000000
7262,1,0.013634,0.000000
7263,1,0.013630,0.000000
7264,1,0.013626,0.000000
7265,1,0.013623,0.000000
7266,1,0.013619,0.000000
7267,1,0.013615,0.000000
7268,1,0.013611,0.000000
7269,1,0.013607,0.000000
7270,1,0.013603,0.000000
7271,1,0.013599,0.000000
7272,1,0.013595,0.000000
7273,1,0.013591,0.000000
7274,1,0.013587,0.000000
7275,1,0.013583,0.000000
7276,1,0.013580,0.000000
7277,1,0.013576,0.000000
7278,1,0.013572,0.000000
7279,1,0.013568,0.000000
7280,1,0.013564,0.000000
7281,1,0.013560,0.000000
7282,1,0.013556,0.000000
7283,1,0.013552,0.000000
7284,1,0.013548,0.000000
7285,1,0.013545,0.000000
7286,1,0.013541,0.000000
7287,1,0.013537,0.000000
7288,1,0.013533,0.000000
7289,1,0.013529,0.000000
7290,1,0.013525,0.000000
7291,1,0.013521,0.000000
7292,1,0.013517,0.000000
7293,1,0.013514,0.000000
7294,1,0.013510,0.000000
7295,1,0.013506,0.000000
7296,1,0.013502,0.000000
7297,1,0.013498,0.000000
7298,1,0.013494,0.000000
7299,1,0.013490,0.000000
7300,1,0.013486,0.000000
7301,1,0.013483,0.000000
7302,1,0.013479,0.000000
7303,1,0.013475,0.000000
7304,1,0.013471,0.000000
7305,1,0.013467,0.000000
7306,1,0.013463,0.000000
7307,1,0.013459,0.000000
7308,1,0.013456,0.000000
7309,1,0.013452,0.000000
7310,1,0.013448,0.000000
7311,1,0.013444,0.000000
7312,1,0.013440,0.000000
7313,1,0.013436,0.000000
7314,1,0.013433,0.000000
7315,1,0.013429,0.000000
7316,1,0.013425,0.000000
7317,1,0.013421,0.000000
7318,1,0.013417,0.000000
7319,1,0.013413,0.000000
7320,1,0.013409,0.000000
7321,1,0.013406,0.000000
7322,1,0.013402,0.000000
7323,1,0.013398,0.000000
7324,1,0.013394,0.000000
7325,1,0.013390,0.000000
7326,1,0.013387,0.000000
7327,1,0.013383,0.000000
7328,1,0.013379,0.000000
7329,1,0.013375,0.000000
7330,1,0.013371,0.000000
7331,1,0.013367,0.000000
7332,1,0.013364,0.000000
7333,1,0.013360,0.000000
7334,1,0.013356,0.000000
7335,1,0.013352,0.000000
7336,1,0.013348,0.000000
7337,1,0.013344,0.000000
7338,1,0.013341,0.000000
7339,1,0.013337,0.000000
7340,1,0.013333,0.000000
7341,1,0.013329,0.000000
7342,1,0.013325,0.000000
7343,1,0.013322,0.000000
7344,1,0.013318,0.000000
7345,1,0.013314,0.000000
7346,1,0.013310,0.000000
7347,1,0.013306,0.000000
7348,1,0.013303,0.000000
7349,1,0.013299,0.000000
7350,1,0.013295,0.000000
7351,1,0.013291,0.000000
7352,1,0.013287,0.000000
7353,1,0.013284,0.000000
7354,1,0.013280,0.000000
7355,1,0.013276,0.000000
7356,1,0.013272,0.000000
7357,1,0.013269,0.000000
7358,1,0.013265,0.000000
7359,1,0.013261,0.000000
7360,1,0.013257,0.000000
7361,1,0.013253,0.000000
7362,1,0.013250,0.000000
7363,1,0.013246,0.000000
7364,1,0.013242,0.000000
7365,1,0.013238,0.000000
7366,1,0.013234,0.000000
7367,1,0.013231,0.000000
7368,1,0.013227,0.000000
7369,1,0.013223,0.000000
7370,1,0.013219,0.000000
7371,1,0.013216,0.000000
7372,1,0.013212,0.000000
7373,1,0.013208,0.000000
7374,1,0.013204,0.000000
7375,1,0.013201,0.000000
7376,1,0.013197,0.000000
7377,1,0.013193,0.000000
7378,1,0.013189,0.000000
7379,1,0.013186,0.000000
7380,1,0.013182,0.000000
7381,1,0.013178,0.000000
7382,1,0.013174,0.000000
7383,1,0.013171,0.000000
7384,1,0.013167,0.000000
7385,1,0.013163,0.000000
7386,1,0.013159,0.000000
7387,1,0.013156,0.000000
7388,1,0.013152,0.000000
7389,1,0.013148,0.000000
7390,1,0.013144,0.000000
7391,1,0.013141,0.000000
7392,1,0.013137,0.000000
7393,1,0.013133,0.000000
7394,1,0.013129,0.000000
7395,1,0.013126,0.000000
7396,1,0.013122,0.000000
7397,1,0.013118,0.000000
7398,1,0.013114,0.000000
7399,1,0.013111,0.000000
7400,1,0.013107,0.000000
7401,1,0.013103,0.000000
7402,1,0.013100,0.000000
7403,1,0.013096,0.000000
7404,1,0.013092,0.000000
7405,1,0.013088,0.000000
7406,1,0.013085,0.000000
7407,1,0.013081,0.000000
7408,1,0.013077,0.000000
7409,1,0.013073,0.000000
7410,1,0.013070,0.000000
7411,1,0.013066,0.000000
7412,1,0.013062,0.000000
7413,1,0.013059,0.000000
7414,1,0.013055,0.000000
7415,1,0.013051,0.000000
7416,1,0.013047,0.000000
7417,1,0.013044,0.000000
7418,1,0.013040,0.000000
7419,1,0.013036,0.000000
7420,1,0.013033,0.000000
7421,1,0.013029,0.000000
7422,1,0.013025,0.000000
7423,1,0.013022,0.000000
7424,1,0.013018,0.000000
7425,1,0.013014,0.000000
7426,1,0.013010,0.000000
7427,1,0.013007,0.000000
7428,1,0.013003,0.000000
7429,1,0.012999,0.000000
7430,1,0.012996,0.000000
7431,1,0.012992,0.000000
7432,1,0.012988,0.000000
7433,1,0.012985,0.000000
7434,1,0.012981,0.000000
7435,1,0.012977,0.000000
7436,1,0.012974,0.000000
7437,1,0.012970,0.000000
7438,1,0.012966,0.000000
7439,1,0.012963,0.000000
7440,1,0.012959,0.000000
7441,1,0.012955,0.000000
7442,1,0.012952,0.000000
7443,1,0.012948,0.000000
7444,1,0.012944,0.000000
7445,1,0.012941,0.000000
7446,1,0.012937,0.000000
7447,1,0.012933,0.000000
7448,1,0.012930,0.000000
7449,1,0.012926,0.000000
7450,1,0.012922,0.000000
7451,1,0.012919,0.000000
7452,1,0.012915,0.000000
7453,1,0.012911,0.000000
7454,1,0.012908,0.000000
7455,1,0.012904,0.000000
7456,1,0.012900,0.000000
7457,1,0.012897,0.000000
7458,1,0.012893,0.000000
7459,1,0.012889,0.000000
7460,1,0.012886,0.000000
7461,1,0.012882,0.000000
7462,1,0.012878,0.000000
7463,1,0.012875,0.000000
7464,1,0.012871,0.000000
7465,1,0.012867,0.000000
7466,1,0.012864,0.000000
7467,1,0.012860,0.000000
7468,1,0.012856,0.000000
7469,1,0.012853,0.000000
7470,1,0.012849,0.000000
7471,1,0.012846,0.000000
7472,1,0.012842,0.000000
7473,1,0.012838,0.000000
7474,1,0.012835,0.000000
7475,1,0.012831,0.000000
7476,1,0.012827,0.000000
7477,1,0.012824,0.000000
7478,1,0.012820,0.000000
7479,1,0.012817,0.000000
7480,1,0.012813,0.000000
7481,1,0.012809,0.000000
7482,1,0.012806,0.000000
7483,1,0.012802,0.000000
7484,1,0.012798,0.000000
7485,1,0.012795,0.000000
7486,1,0.012791,0.000000
7487,1,0.012788,0.000000
7488,1,0.012784,0.000000
7489,1,0.012780,0.000000
7490,1,0.012777,0.000000
7491,1,0.012773,0.000000
7492,1,0.012770,0.000000
7493,1,0.012766,0.000000
7494,1,0.012762,0.000000
7495,1,0.012759,0.000000
7496,1,0.012755,0.000000
7497,1,0.012751,0.000000
7498,1,0.012748,0.000000
7499,1,0.012744,0.000000
7500,1,0.012741,0.000000
7501,1,0.012737,0.000000
7502,1,0.012733,0.000000
7503,1,0.012730,0.000000
7504,1,0.012726,0.000000
7505,1,0.012723,0.000000
7506,1,0.012719,0.000000
7507,1,0.012715,0.000000
7508,1,0.012712,0.000000
7509,1,0.012708,0.000000
7510,1,0.012705,0.000000
7511,1,0.012701,0.000000
7512,1,0.012698,0.000000
7513,1,0.012694,0.000000
7514,1,0.012690,0.000000
7515,1,0.012687,0.000000
7516,1,0.012683,0.000000
7517,1,0.012680,0.000000
7518,1,0.012676,0.000000
7519,1,0.012673,0.000000
7520,1,0.012669,0.000000
7521,1,0.012665,0.000000
7522,1,0.012662,0.000000
7523,1,0.012658,0.000000
7524,1,0.012655,0.000000
7525,1,0.012651,0.000000
7526,1,0.012648,0.000000
7527,1,0.012644,0.000000
7528,1,0.012640,0.000000
7529,1,0.012637,0.000000
7530,1,0.012633,0.000000
7531,1,0.012630,0.000000
7532,1,0.012626,0.000000
7533,1,0.012623,0.000000
7534,1,0.012619,0.000000
7535,1,0.012615,0.000000
7536,1,0.012612,0.000000
7537,1,0.012608,0.000000
7538,1,0.012605,0.000000
7539,1,0.012601,0.000000
7540,1,0.012598,0.000000
7541,1,0.012594,0.000000
7542,1,0.012591,0.000000
7543,1,0.012587,0.000000
7544,1,0.012584,0.000000
7545,1,0.012580,0.000000
7546,1,0.012576,0.000000
7547,1,0.012573,0.000000
7548,1,0.012569,0.000000
7549,1,0.012566,0.000000
7550,1,0.012562,0.000000
7551,1,0.012559,0.000000
7552,1,0.012555,0.000000
7553,1,0.012552,0.000000
7554,1,0.012548,0.000000
7555,1,0.012545,0.000000
7556,1,0.012541,0.000000
7557,1,0.012538,0.000000
7558,1,0.012534,0.000000
7559,1,0.012530,0.000000
7560,1,0.012527,0.000000
7561,1,0.012523,0.000000
7562,1,0.012520,0.000000
7563,1,0.012516,0.000000
7564,1,0.012513,0.000000
7565,1,0.012509,0.000000
7566,1,0.012506,0.000000
7567,1,0.012502,0.000000
7568,1,0.012499,0.000000
7569,1,0.012495,0.000000
7570,1,0.012492,0.000000
7571,1,0.012488,0.000000
7572,1,0.012485,0.000000
7573,1,0.012481,0.000000
7574,1,0.012478,0.000000
7575,1,0.012474,0.000000
7576,1,0.012471,0.000000
7577,1,0.012467,0.000000
7578,1,0.012464,0.000000
7579,1,0.012460,0.000000
7580,1,0.012457,0.000000
7581,1,0.012453,0.000000
7582,1,0.012450,0.000000
7583,1,0.012446,0.000000
7584,1,0.012443,0.000000
7585,1,0.012439,0.000000
7586,1,0.012436,0.000000
7587,1,0.012432,0.000000
7588,1,0.012429,0.000000
7589,1,0.012425,0.000000
7590,1,0.012422,0.000000
7591,1,0.012418,0.000000
7592,1,0.012415,0.000000
7593,1,0.012411,0.000000
7594,1,0.012408,0.000000
7595,1,0.012404,0.000000
7596,1,0.012401,0.000000
7597,1,0.012397,0.000000
7598,1,0.012394,0.000000
7599,1,0.012390,0.000000
7600,1,0.012387,0.000000
7601,1,0.012383,0.000000
7602,1,0.012380,0.000000
7603,1,0.012377,0.000000
7604,1,0.012373,0.000000
7605,1,0.012370,0.000000
7606,1,0.012366,0.000000
7607,1,0.012363,0.000000
7608,1,0.012359,0.000000
7609,1,0.012356,0.000000
7610,1,0.012352,0.000000
7611,1,0.012349,0.000000
7612,1,0.012345,0.000000
7613,1,0.012342,0.000000
7614,1,0.012338,0.000000
7615,1,0.012335,0.000000
7616,1,0.012331,0.000000
7617,1,0.012328,0.000000
7618,1,0.012325,0.000000
7619,1,0.012321,0.000000
7620,1,0.012318,0.000000
7621,1,0.012314,0.000000
7622,1,0.012311,0.000000
7623,1,0.012307,0.000000
7624,1,0.012304,0.000000
7625,1,0.012300,0.000000
7626,1,0.012297,0.000000
7627,1,0.012293,0.000000
7628,1,0.012290,0.000000
7629,1,0.012287,0.000000
7630,1,0.012283,0.000000
7631,1,0.012280,0.000000
7632,1,0.012276,0.000000
7633,1,0.012273,0.000000
7634,1,0.012269,0.000000
7635,1,0.012266,0.000000
7636,1,0.012263,0.000000
7637,1,0.012259,0.000000
7638,1,0.012256,0.000000
7639,1,0.012252,0.000000
7640,1,0.012249,0.000000
7641,1,0.012245,0.000000
7642,1,0.012242,0.000000
7643,1,0.012238,0.000000
7644,1,0.012235,0.000000
7645,1,0.012232,0.000000
7646,1,0.012228,0.000000
7647,1,0.012225,0.000000
7648,1,0.012221,0.000000
7649,1,0.012218,0.000000
7650,1,0.012215,0.000000
7651,1,0.012211,0.000000
7652,1,0.012208,0.000000
7653,1,0.012204,0.000000
7654,1,0.012201,0.000000
7655,1,0.012197,0.000000
7656,1,0.012194,0.000000
7657,1,0.012191,0.000000
7658,1,0.012187,0.000000
7659,1,0.012184,0.000000
7660,1,0.012180,0.000000
7661,1,0.012177,0.000000
7662,1,0.012174,0.000000
7663,1,0.012170,0.000000
7664,1,0.012167,0.000000
7665,1,0.012163,0.000000
7666,1,0.012160,0.000000
7667,1,0.012157,0.000000
7668,1,0.012153,0.000000
7669,1,0.012150,0.000000
7670,1,0.012146,0.000000
7671,1,0.012143,0.000000
7672,1,0.012140,0.000000
7673,1,0.012136,0.000000
7674,1,0.012133,0.000000
7675,1,0.012129,0.000000
7676,1,0.012126,0.000000
7677,1,0.012123,0.000000
7678,1,0.012119,0.000000
7679,1,0.012116,0.000000
7680,1,0.012113,0.000000
7681,1,0.012109,0.000000
7682,1,0.012106,0.000000
7683,1,0.012102,0.000000
7684,1,0.012099,0.000000
7685,1,0.012096,0.000000
7686,1,0.012092,0.000000
7687,1,0.012089,0.000000
7688,1,0.012086,0.000000
7689,1,0.012082,0.000000
7690,1,0.012079,0.000000
7691,1,0.012075,0.000000
7692,1,0.012072,0.000000
7693,1,0.012069,0.000000
7694,1,0.012065,0.000000
7695,1,0.012062,0.000000
7696,1,0.012059,0.000000
7697,1,0.012055,0.000000
7698,1,0.012052,0.000000
7699,1,0.012048,0.000000
7700,1,0.012045,0.000000
7701,1,0.012042,0.000000
7702,1,0.012038,0.000000
7703,1,0.012035,0.000000
7704,1,0.012032,0.000000
7705,1,0.012028,0.000000
7706,1,0.012025,0.000000
7707,1,0.012022,0.000000
7708,1,0.012018,0.000000
7709,1,0.012015,0.000000
7710,1,0.012012,0.000000
7711,1,0.012008,0.000000
7712,1,0.012005,0.000000
7713,1,0.012002,0.000000
7714,1,0.011998,0.000000
7715,1,0.011995,0.000000
7716,1,0.011991,0.000000
7717,1,0.011988,0.000000
7718,1,0.011985,0.000000
7719,1,0.011981,0.000000
7720,1,0.011978,0.000000
7721,1,0.011975,0.000000
7722,1,0.011971,0.000000
7723,1,0.011968,0.000000
7724,1,0.011965,0.000000
7725,1,0.011961,0.000000
7726,1,0.011958,0.000000
7727,1,0.011955,0.000000
7728,1,0.011951,0.000000
7729,1,0.011948,0.000000
7730,1,0.011945,0.000000
7731,1,0.011941,0.000000
7732,1,0.011938,0.000000
7733,1,0.011935,0.000000
7734,1,0.011932,0.000000
7735,1,0.011928,0.000000
7736,1,0.011925,0.000000
7737,1,0.011922,0.000000
7738,1,0.011918,0.000000
7739,1,0.011915,0.000000
7740,1,0.011912,0.000000
7741,1,0.011908,0.000000
7742,1,0.011905,0.000000
7743,1,0.011902,0.000000
7744,1,0.011898,0.000000
7745,1,0.011895,0.000000
7746,1,0.011892,0.000000
7747,1,0.011888,0.000000
7748,1,0.011885,0.000000
7749,1,0.011882,0.000000
7750,1,0.011879,0.000000
7751,1,0.011875,0.000000
7752,1,0.011872,0.000000
7753,1,0.011869,0.000000
7754,1,0.011865,0.000000
7755,1,0.011862,0.000000
7756,1,0.011859,0.000000
7757,1,0.011855,0.000000
7758,1,0.011852,0.000000
7759,1,0.011849,0.000000
7760,1,0.011846,0.000000
7761,1,0.011842,0.000000
7762,1,0.011839,0.000000
7763,1,0.011836,0.000000
7764,1,0.011832,0.000000
7765,1,0.011829,0.000000
7766,1,0.011826,0.000000
7767,1,0.011823,0.000000
7768,1,0.011819,0.000000
7769,1,0.011816,0.000000
7770,1,0.011813,0.000000
7771,1,0.011809,0.000000
7772,1,0.011806,0.000000
7773,1,0.011803,0.000000
7774,1,0.011800,0.000000
7775,1,0.011796,0.000000
7776,1,0.011793,0.000000
7777,1,0.011790,0.000000
7778,1,0.011786,0.000000
7779,1,0.011783,0.000000
7780,1,0.011780,0.000000
7781,1,0.011777,0.000000
7782,1,0.011773,0.000000
7783,1,0.011770,0.000000
7784,1,0.011767,0.000000
7785,1,0.011764,0.000000
7786,1,0.011760,0.000000
7787,1,0.011757,0.000000
7788,1,0.011754,0.000000
7789,1,0.011750,0.000000
7790,1,0.011747,0.000000
7791,1,0.011744,0.000000
7792,1,0.011741,0.000000
7793,1,0.011737,0.000000
7794,1,0.011734,0.000000
7795,1,0.011731,0.000000
7796,1,0.011728,0.000000
7797,1,0.011724,0.000000
7798,1,0.011721,0.000000
7799,1,0.011718,0.000000
7800,1,0.011715,0.000000
7801,1,0.011711,0.000000
7802,1,0.011708,0.000000
7803,1,0.011705,0.000000
7804,1,0.011702,0.000000
7805,1,0.011698,0.000000
7806,1,0.011695,0.000000
7807,1,0.011692,0.000000
7808,1,0.011689,0.000000
7809,0,0.011685,0.000000
7810,1,0.011788,0.000000
7811,1,0.011882,0.000000
7812,1,0.011966,0.000000
7813,1,0.012042,0.000000
7814,1,0.012111,0.000000
7815,1,0.012174,0.000000
7816,1,0.012230,0.000000
7817,1,0.012281,0.000000
7818,1,0.012328,0.000000
7819,1,0.012370,0.000000
7820,1,0.012409,0.000000
7821,1,0.012444,0.000000
7822,1,0.012476,0.000000
7823,1,0.012504,0.000000
7824,1,0.012531,0.000000
7825,1,0.012554,0.000000
7826,1,0.012576,0.000000
7827,1,0.012595,0.000000
7828,1,0.012612,0.000000
7829,1,0.012628,0.000051
7830,1,0.012641,0.000213
7831,1,0.012653,0.000461
7832,1,0.012664,0.000776
7833,1,0.012673,0.001141
7834,1,0.012681,0.001541
7835,1,0.012688,0.001962
7836,1,0.012694,0.002392
7837,1,0.012698,0.002822
7838,1,0.012702,0.003234
7839,1,0.012705,0.003597
7840,1,0.012708,0.003892
7841,1,0.012710,0.004110
7842,1,0.012711,0.004252
7843,1,0.012711,0.004322
7844,1,0.012712,0.004328
7845,1,0.012711,0.004278
7846,1,0.012711,0.004184
7847,1,0.012710,0.004055
7848,1,0.012709,0.003901
7849,1,0.012708,0.003730
7850,1,0.012706,0.003550
7851,1,0.012704,0.003368
7852,1,0.012702,0.003189
7853,1,0.012700,0.003017
7854,1,0.012697,0.002857
7855,1,0.012695,0.002710
7856,1,0.012692,0.002579
7857,1,0.012689,0.002462
7858,1,0.012686,0.002362
7859,1,0.012683,0.002277
7860,1,0.012680,0.002207
7861,1,0.012677,0.002149
7862,1,0.012674,0.002104
7863,1,0.012671,0.002069
7864,1,0.012667,0.002043
7865,1,0.012664,0.002024
7866,1,0.012660,0.002009
7867,1,0.012656,0.001994
7868,1,0.012653,0.001973
7869,1,0.012649,0.001942
7870,1,0.012645,0.001900
7871,1,0.012642,0.001848
7872,1,0.012638,0.001785
7873,1,0.012634,0.001714
7874,1,0.012630,0.001637
7875,1,0.012626,0.001556
7876,1,0.012623,0.001472
7877,1,0.012619,0.001387
7878,1,0.012615,0.001303
7879,1,0.012611,0.001221
7880,1,0.012607,0.001143
7881,1,0.012603,0.001069
7882,1,0.012599,0.001000
7883,1,0.012595,0.000936
7884,1,0.012591,0.000878
7885,1,0.012587,0.000825
7886,1,0.012583,0.000778
7887,1,0.012579,0.000737
7888,1,0.012575,0.000700
7889,1,0.012571,0.000669
7890,1,0.012568,0.000641
7891,1,0.012564,0.000618
7892,1,0.012560,0.000598
7893,1,0.012556,0.000581
7894,1,0.012552,0.000566
7895,1,0.012548,0.000553
7896,1,0.012544,0.000540
7897,1,0.012540,0.000525
7898,1,0.012536,0.000509
7899,1,0.012532,0.000491
7900,1,0.012528,0.000472
7901,1,0.012524,0.000451
7902,1,0.012520,0.000429
7903,1,0.012516,0.000406
7904,1,0.012512,0.000383
7905,1,0.012508,0.000360
7906,1,0.012504,0.000337
7907,1,0.012500,0.000315
7908,1,0.012496,0.000294
7909,1,0.012492,0.000274
7910,1,0.012488,0.000256
7911,1,0.012484,0.000239
7912,1,0.012480,0.000223
7913,1,0.012476,0.000209
7914,1,0.012472,0.000196
7915,1,0.012468,0.000185
7916,1,0.012464,0.000175
7917,1,0.012460,0.000166
7918,1,0.012456,0.000159
7919,1,0.012452,0.000152
7920,1,0.012448,0.000146
7921,1,0.012444,0.000141
7922,1,0.012440,0.000137
7923,1,0.012436,0.000133
7924,1,0.012432,0.000130
7925,1,0.012428,0.000126
7926,1,0.012424,0.000122
7927,1,0.012420,0.000117
7928,1,0.012416,0.000112
7929,1,0.012412,0.000107
7930,1,0.012409,0.000102
7931,1,0.012405,0.000096
7932,1,0.012401,0.000091
7933,1,0.012397,0.000085
7934,1,0.012393,0.000080
7935,1,0.012389,0.000075
7936,1,0.012385,0.000070
7937,1,0.012381,0.000065
7938,1,0.012377,0.000061
7939,1,0.012373,0.000056
7940,1,0.012369,0.000053
7941,1,0.012365,0.000049
7942,1,0.012361,0.000046
7943,1,0.012357,0.000044
7944,1,0.012353,0.000041
7945,1,0.012350,0.000039
7946,1,0.012346,0.000037
7947,1,0.012342,0.000036
7948,1,0.012338,0.000034
7949,1,0.012334,0.000033
7950,1,0.012330,0.000032
7951,1,0.012326,0.000031
7952,1,0.012322,0.000030
7953,1,0.012318,0.000029
7954,1,0.012314,0.000028
7955,1,0.012310,0.000027
7956,1,0.012306,0.000026
7957,1,0.012303,0.000025
7958,1,0.012299,0.000024
7959,1,0.012295,0.000022
7960,1,0.012291,0.000021
7961,1,0.012287,0.000020
7962,1,0.012283,0.000018
7963,1,0.012279,0.000017
7964,1,0.012275,0.000016
7965,1,0.012271,0.000015
7966,1,0.012268,0.000014
7967,1,0.012264,0.000013
7968,1,0.012260,0.000012
7969,1,0.012256,0.000011
7970,1,0.012252,0.000011
7971,1,0.012248,0.000010
7972,1,0.012244,0.000010
7973,1,0.012240,0.000009
7974,1,0.012237,0.000009
7975,1,0.012233,0.000008
7976,1,0.012229,0.000008
7977,1,0.012225,0.000008
7978,1,0.012221,0.000007
7979,1,0.012217,0.000007
7980,1,0.012213,0.000007
7981,1,0.012209,0.000007
7982,1,0.012206,0.000007
7983,1,0.012202,0.000006
7984,1,0.012198,0.000006
7985,1,0.012194,0.000006
7986,1,0.012190,0.000005
7987,1,0.012186,0.000005
7988,1,0.012182,0.000005
7989,1,0.012179,0.000005
7990,1,0.012175,0.000004
7991,1,0.012171,0.000004
7992,1,0.012167,0.000004
7993,1,0.012163,0.000003
7994,1,0.012159,0.000003
7995,1,0.012156,0.000003
7996,1,0.012152,0.000003
7997,1,0.012148,0.000003
7998,1,0.012144,0.000002
7999,1,0.012140,0.000002
8000,1,0.012136,0.000002
8001,1,0.012133,0.000002
8002,1,0.012129,0.000002
8003,1,0.012125,0.000002
8004,1,0.012121,0.000002
8005,1,0.012117,0.000002
8006,1,0.012114,0.000002
8007,1,0.012110,0.000002
8008,1,0.012106,0.000002
8009,1,0.012102,0.000002
8010,1,0.012098,0.000002
8011,1,0.012094,0.000001
8012,1,0.012091,0.000001
8013,1,0.012087,0.000001
8014,1,0.012083,0.000001
8015,1,0.012079,0.000001
8016,1,0.012075,0.000001
8017,1,0.012072,0.000001
8018,1,0.012068,0.000001
8019,1,0.012064,0.000001
8020,1,0.012060,0.000001
8021,1,0.012056,0.000001
8022,1,0.012053,0.000001
8023,1,0.012049,0.000001
8024,1,0.012045,0.000001
8025,1,0.012041,0.000001
8026,1,0.012038,0.000001
8027,1,0.012034,0.000001
8028,1,0.012030,0.000001
8029,1,0.012026,0.000000
8030,1,0.012022,0.000000
8031,1,0.012019,0.000000
8032,1,0.012015,0.000000
8033,1,0.012011,0.000000
8034,1,0.012007,0.000000
8035,1,0.012004,0.000000
8036,1,0.012000,0.000000
8037,1,0.011996,0.000000
8038,1,0.011992,0.000000
8039,1,0.011989,0.000000
8040,1,0.011985,0.000000
8041,1,0.011981,0.000000
8042,1,0.011977,0.000000
8043,1,0.011974,0.000000
8044,1,0.011970,0.000000
8045,1,0.011966,0.000000
8046,1,0.011962,0.000000
8047,1,0.011959,0.000000
8048,1,0.011955,0.000000
8049,1,0.011951,0.000000
8050,1,0.011947,0.000000
8051,1,0.011944,0.000000
8052,1,0.011940,0.000000
8053,1,0.011936,0.000000
8054,1,0.011932,0.000000
8055,1,0.011929,0.000000
8056,1,0.011925,0.000000
8057,1,0.011921,0.000000
8058,1,0.011917,0.000000
8059,1,0.011914,0.000000
8060,1,0.011910,0.000000
8061,1,0.011906,0.000000
8062,1,0.011903,0.000000
8063,1,0.011899,0.000000
8064,1,0.011895,0.000000
8065,1,0.011891,0.000000
8066,1,0.011888,0.000000
8067,1,0.011884,0.000000
8068,1,0.011880,0.000000
8069,1,0.011876,0.000000
8070,1,0.011873,0.000000
8071,1,0.011869,0.000000
8072,1,0.011865,0.000000
8073,1,0.011862,0.000000
8074,1,0.011858,0.000000
8075,1,0.011854,0.000000
8076,1,0.011851,0.000000
8077,1,0.011847,0.000000
8078,1,0.011843,0.000000
8079,1,0.011839,0.000000
8080,1,0.011836,0.000000
8081,1,0.011832,0.000000
8082,1,0.011828,0.000000
8083,1,0.011825,0.000000
8084,1,0.011821,0.000000
8085,1,0.011817,0.000000
8086,1,0.011814,0.000000
8087,1,0.011810,0.000000
8088,1,0.011806,0.000000
8089,1,0.011803,0.000000
8090,1,0.011799,0.000000
8091,1,0.011795,0.000000
8092,1,0.011792,0.000000
8093,1,0.011788,0.000000
8094,1,0.011784,0.000000
8095,1,0.011781,0.000000
8096,1,0.011777,0.000000
8097,1,0.011773,0.000000
8098,1,0.011770,0.000000
8099,1,0.011766,0.000000
8100,1,0.011762,0.000000
8101,1,0.011759,0.000000
8102,1,0.011755,0.000000
8103,1,0.011751,0.000000
8104,1,0.011748,0.000000
8105,1,0.011744,0.000000
8106,1,0.011740,0.000000
8107,1,0.011737,0.000000
8108,1,0.011733,0.000000
8109,1,0.011729,0.000000
8110,1,0.011726,0.000000
8111,1,0.011722,0.000000
8112,1,0.011718,0.000000
8113,1,0.011715,0.000000
8114,1,0.011711,0.000000
8115,1,0.011708,0.000000
8116,1,0.011704,0.000000
8117,1,0.011700,0.000000
8118,1,0.011697,0.000000
8119,1,0.011693,0.000000
8120,1,0.011689,0.000000
8121,1,0.011686,0.000000
8122,1,0.011682,0.000000
8123,1,0.011678,0.000000
8124,1,0.011675,0.000000
8125,1,0.011671,0.000000
8126,1,0.011668,0.000000
8127,1,0.011664,0.000000
8128,1,0.011660,0.000000
8129,1,0.011657,0.000000
8130,1,0.011653,0.000000
8131,1,0.011650,0.000000
8132,1,0.011646,0.000000
8133,1,0.011642,0.000000
8134,1,0.011639,0.000000
8135,1,0.011635,0.000000
8136,1,0.011631,0.000000
8137,1,0.011628,0.000000
8138,1,0.011624,0.000000
8139,1,0.011621,0.000000
8140,1,0.011617,0.000000
8141,1,0.011613,0.000000
8142,1,0.011610,0.000000
8143,1,0.011606,0.000000
8144,1,0.011603,0.000000
8145,1,0.011599,0.000000
8146,1,0.011596,0.000000
8147,1,0.011592,0.000000
8148,1,0.011588,0.000000
8149,1,0.011585,0.000000
8150,1,0.011581,0.000000
8151,1,0.011578,0.000000
8152,1,0.011574,0.000000
8153,1,0.011570,0.000000
8154,1,0.011567,0.000000
8155,1,0.011563,0.000000
8156,1,0.011560,0.000000
8157,1,0.011556,0.000000
8158,1,0.011553,0.000000
8159,1,0.011549,0.000000
8160,1,0.011545,0.000000
8161,1,0.011542,0.000000
8162,1,0.011538,0.000000
8163,1,0.011535,0.000000
8164,1,0.011531,0.000000
8165,1,0.011528,0.000000
8166,1,0.011524,0.000000
8167,1,0.011521,0.000000
8168,1,0.011517,0.000000
8169,1,0.011513,0.000000
8170,1,0.011510,0.000000
8171,1,0.011506,0.000000
8172,1,0.011503,0.000000
8173,1,0.011499,0.000000
8174,1,0.011496,0.000000
8175,1,0.011492,0.000000
8176,1,0.011489,0.000000
8177,1,0.011485,0.000000
8178,1,0.011482,0.000000
8179,1,0.011478,0.000000
8180,1,0.011474,0.000000
8181,1,0.011471,0.000000
8182,1,0.011467,0.000000
8183,1,0.011464,0.000000
8184,1,0.011460,0.000000
8185,1,0.011457,0.000000
8186,1,0.011453,0.000000
8187,1,0.011450,0.000000
8188,1,0.011446,0.000000
8189,1,0.011443,0.000000
8190,1,0.011439,0.000000
8191,1,0.011436,0.000000
8192,1,0.011432,0.000000
8193,1,0.011429,0.000000
8194,1,0.011425,0.000000
8195,1,0.011422,0.000000
8196,1,0.011418,0.000000
8197,1,0.011415,0.000000
8198,1,0.011411,0.000000
8199,1,0.011408,0.000000
8200,1,0.011404,0.000000
8201,1,0.011401,0.000000
8202,1,0.011397,0.000000
8203,1,0.011393,0.000000
8204,1,0.011390,0.000000
8205,1,0.011386,0.000000
8206,1,0.011383,0.000000
8207,1,0.011379,0.000000
8208,1,0.011376,0.000000
8209,1,0.011373,0.000000
8210,1,0.011369,0.000000
8211,1,0.011366,0.000000
8212,1,0.011362,0.000000
8213,1,0.011359,0.000000
8214,1,0.011355,0.000000
8215,1,0.011352,0.000000
8216,1,0.011348,0.000000
8217,1,0.011345,0.000000
8218,1,0.011341,0.000000
8219,1,0.011338,0.000000
8220,1,0.011334,0.000000
8221,1,0.011331,0.000000
8222,1,0.011327,0.000000
8223,1,0.011324,0.000000
8224,1,0.011320,0.000000
8225,1,0.011317,0.000000
8226,1,0.011313,0.000000
8227,1,0.011310,0.000000
8228,1,0.011306,0.000000
8229,1,0.011303,0.000000
8230,1,0.011299,0.000000
8231,1,0.011296,0.000000
8232,1,0.011293,0.000000
8233,1,0.011289,0.000000
8234,1,0.011286,0.000000
8235,1,0.011282,0.000000
8236,1,0.011279,0.000000
8237,1,0.011275,0.000000
8238,1,0.011272,0.000000
8239,1,0.011268,0.000000
8240,1,0.011265,0.000000
8241,1,0.011261,0.000000
8242,1,0.011258,0.000000
8243,1,0.011255,0.000000
8244,1,0.011251,0.000000
8245,1,0.011248,0.000000
8246,1,0.011244,0.000000
8247,1,0.011241,0.000000
8248,1,0.011237,0.000000
8249,1,0.011234,0.000000
8250,1,0.011231,0.000000
8251,1,0.011227,0.000000
8252,1,0.011224,0.000000
8253,1,0.011220,0.000000
8254,1,0.011217,0.000000
8255,1,0.011213,0.000000
8256,1,0.011210,0.000000
8257,1,0.011207,0.000000
8258,1,0.011203,0.000000
8259,1,0.011200,0.000000
8260,1,0.011196,0.000000
8261,1,0.011193,0.000000
8262,1,0.011189,0.000000
8263,1,0.011186,0.000000
8264,1,0.011183,0.000000
8265,1,0.011179,0.000000
8266,1,0.011176,0.000000
8267,1,0.011172,0.000000
8268,1,0.011169,0.000000
8269,1,0.011166,0.000000
8270,1,0.011162,0.000000
8271,1,0.011159,0.000000
8272,1,0.011155,0.000000
8273,1,0.011152,0.000000
8274,1,0.011149,0.000000
8275,1,0.011145,0.000000
8276,1,0.011142,0.000000
8277,1,0.011138,0.000000
8278,1,0.011135,0.000000
8279,1,0.011132,0.000000
8280,1,0.011128,0.000000
8281,1,0.011125,0.000000
8282,1,0.011121,0.000000
8283,1,0.011118,0.000000
8284,1,0.011115,0.000000
8285,1,0.011111,0.000000
8286,1,0.011108,0.000000
8287,1,0.011105,0.000000
8288,1,0.011101,0.000000
8289,1,0.011098,0.000000
8290,1,0.011094,0.000000
8291,1,0.011091,0.000000
8292,1,0.011088,0.000000
8293,1,0.011084,0.000000
8294,1,0.011081,0.000000
8295,1,0.011078,0.000000
8296,1,0.011074,0.000000
8297,1,0.011071,0.000000
8298,1,0.011067,0.000000
8299,1,0.011064,0.000000
8300,1,0.011061,0.000000
8301,1,0.011057,0.000000
8302,1,0.011054,0.000000
8303,1,0.011051,0.000000
8304,1,0.011047,0.000000
8305,1,0.011044,0.000000
8306,1,0.011041,0.000000
8307,1,0.011037,0.000000
8308,1,0.011034,0.000000
8309,1,0.011030,0.000000
8310,1,0.011027,0.000000
8311,1,0.011024,0.000000
8312,1,0.011020,0.000000
8313,1,0.011017,0.000000
8314,1,0.011014,0.000000
8315,1,0.011010,0.000000
8316,1,0.011007,0.000000
8317,1,0.011004,0.000000
8318,1,0.011000,0.000000
8319,1,0.010997,0.000000
8320,1,0.010994,0.000000
8321,1,0.010990,0.000000
8322,1,0.010987,0.000000
8323,1,0.010984,0.000000
8324,1,0.010980,0.000000
8325,1,0.010977,0.000000
8326,1,0.010974,0.000000
8327,1,0.010970,0.000000
8328,1,0.010967,0.000000
8329,1,0.010964,0.000000
8330,1,0.010960,0.000000
8331,1,0.010957,0.000000
8332,1,0.010954,0.000000
8333,1,0.010950,0.000000
8334,1,0.010947,0.000000
8335,1,0.010944,0.000000
8336,1,0.010941,0.000000
8337,1,0.010937,0.000000
8338,1,0.010934,0.000000
8339,1,0.010931,0.000000
8340,1,0.010927,0.000000
8341,1,0.010924,0.000000
8342,1,0.010921,0.000000
8343,1,0.010917,0.000000
8344,1,0.010914,0.000000
8345,1,0.010911,0.000000
8346,1,0.010907,0.000000
8347,1,0.010904,0.000000
8348,1,0.010901,0.000000
8349,1,0.010898,0.000000
8350,1,0.010894,0.000000
8351,1,0.010891,0.000000
8352,1,0.010888,0.000000
8353,1,0.010884,0.000000
8354,1,0.010881,0.000000
8355,1,0.010878,0.000000
8356,1,0.010875,0.000000
8357,1,0.010871,0.000000
8358,1,0.010868,0.000000
8359,1,0.010865,0.000000
8360,1,0.010861,0.000000
8361,1,0.010858,0.000000
8362,1,0.010855,0.000000
8363,1,0.010852,0.000000
8364,1,0.010848,0.000000
8365,1,0.010845,0.000000
8366,1,0.010842,0.000000
8367,1,0.010839,0.000000
8368,1,0.010835,0.000000
8369,1,0.010832,0.000000
8370,1,0.010829,0.000000
8371,1,0.010825,0.000000
8372,1,0.010822,0.000000
8373,1,0.010819,0.000000
8374,1,0.010816,0.000000
8375,1,0.010812,0.000000
8376,1,0.010809,0.000000
8377,1,0.010806,0.000000
8378,1,0.010803,0.000000
8379,1,0.010799,0.000000
8380,1,0.010796,0.000000
8381,1,0.010793,0.000000
8382,1,0.010790,0.000000
8383,1,0.010786,0.000000
8384,1,0.010783,0.000000
8385,1,0.010780,0.000000
8386,1,0.010777,0.000000
8387,1,0.010773,0.000000
8388,1,0.010770,0.000000
8389,1,0.010767,0.000000
8390,1,0.010764,0.000000
8391,1,0.010760,0.000000
8392,1,0.010757,0.000000
8393,1,0.010754,0.000000
8394,1,0.010751,0.000000
8395,1,0.010747,0.000000
8396,1,0.010744,0.000000
8397,1,0.010741,0.000000
8398,1,0.010738,0.000000
8399,1,0.010735,0.000000
8400,1,0.010731,0.000000
8401,1,0.010728,0.000000
8402,1,0.010725,0.000000
8403,1,0.010722,0.000000
8404,1,0.010718,0.000000
8405,1,0.010715,0.000000
8406,1,0.010712,0.000000
8407,1,0.010709,0.000000
8408,1,0.010706,0.000000
8409,1,0.010702,0.000000
8410,1,0.010699,0.000000
8411,1,0.010696,0.000000
8412,1,0.010693,0.000000
8413,1,0.010689,0.000000
8414,1,0.010686,0.000000
8415,1,0.010683,0.000000
8416,1,0.010680,0.000000
8417,1,0.010677,0.000000
8418,1,0.010673,0.000000
8419,1,0.010670,0.000000
8420,1,0.010667,0.000000
8421,1,0.010664,0.000000
8422,1,0.010661,0.000000
8423,1,0.010657,0.000000
8424,1,0.010654,0.000000
8425,1,0.010651,0.000000
8426,1,0.010648,0.000000
8427,1,0.010645,0.000000
8428,1,0.010641,0.000000
8429,1,0.010638,0.000000
8430,1,0.010635,0.000000
8431,1,0.010632,0.000000
8432,1,0.010629,0.000000
8433,1,0.010626,0.000000
8434,1,0.010622,0.000000
8435,1,0.010619,0.000000
8436,1,0.010616,0.000000
8437,1,0.010613,0.000000
8438,1,0.010610,0.000000
8439,1,0.010606,0.000000
8440,1,0.010603,0.000000
8441,1,0.010600,0.000000
8442,1,0.010597,0.000000
8443,1,0.010594,0.000000
8444,1,0.010591,0.000000
8445,1,0.010587,0.000000
8446,1,0.010584,0.000000
8447,1,0.010581,0.000000
8448,1,0.010578,0.000000
8449,1,0.010575,0.000000
8450,1,0.010572,0.000000
8451,1,0.010568,0.000000
8452,1,0.010565,0.000000
8453,1,0.010562,0.000000
8454,1,0.010559,0.000000
8455,1,0.010556,0.000000
8456,1,0.010553,0.000000
8457,1,0.010549,0.000000
8458,1,0.010546,0.000000
8459,1,0.010543,0.000000
8460,1,0.010540,0.000000
8461,1,0.010537,0.000000
8462,1,0.010534,0.000000
8463,1,0.010531,0.000000
8464,1,0.010527,0.000000
8465,1,0.010524,0.000000
8466,1,0.010521,0.000000
8467,1,0.010518,0.000000
8468,1,0.010515,0.000000
8469,1,0.010512,0.000000
8470,1,0.010509,0.000000
8471,1,0.010505,0.000000
8472,1,0.010502,0.000000
8473,1,0.010499,0.000000
8474,1,0.010496,0.000000
8475,1,0.010493,0.000000
8476,1,0.010490,0.000000
8477,1,0.010487,0.000000
8478,1,0.010484,0.000000
8479,1,0.010480,0.000000
8480,1,0.010477,0.000000
8481,1,0.010474,0.000000
8482,1,0.010471,0.000000
8483,1,0.010468,0.000000
8484,1,0.010465,0.000000
8485,1,0.010462,0.000000
8486,1,0.010459,0.000000
8487,1,0.010455,0.000000
8488,1,0.010452,0.000000
8489,1,0.010449,0.000000
8490,1,0.010446,0.000000
8491,1,0.010443,0.000000
8492,1,0.010440,0.000000
8493,1,0.010437,0.000000
8494,1,0.010434,0.000000
8495,1,0.010431,0.000000
8496,1,0.010427,0.000000
8497,1,0.010424,0.000000
8498,1,0.010421,0.000000
8499,1,0.010418,0.000000
8500,1,0.010415,0.000000
8501,1,0.010412,0.000000
8502,1,0.010409,0.000000
8503,1,0.010406,0.000000
8504,1,0.010403,0.000000
8505,1,0.010400,0.000000
8506,1,0.010396,0.000000
8507,1,0.010393,0.000000
8508,1,0.010390,0.000000
8509,1,0.010387,0.000000
8510,1,0.010384,0.000000
8511,1,0.010381,0.000000
8512,1,0.010378,0.000000
8513,1,0.010375,0.000000
8514,1,0.010372,0.000000
8515,1,0.010369,0.000000
8516,1,0.010366,0.000000
8517,1,0.010362,0.000000
8518,1,0.010359,0.000000
8519,1,0.010356,0.000000
8520,1,0.010353,0.000000
8521,1,0.010350,0.000000
8522,1,0.010347,0.000000
8523,1,0.010344,0.000000
8524,1,0.010341,0.000000
8525,1,0.010338,0.000000
8526,1,0.010335,0.000000
8527,1,0.010332,0.000000
8528,1,0.010329,0.000000
8529,1,0.010326,0.000000
8530,1,0.010323,0.000000
8531,1,0.010319,0.000000
8532,1,0.010316,0.000000
8533,1,0.010313,0.000000
8534,1,0.010310,0.000000
8535,1,0.010307,0.000000
8536,1,0.010304,0.000000
8537,1,0.010301,0.000000
8538,1,0.010298,0.000000
8539,1,0.010295,0.000000
8540,1,0.010292,0.000000
8541,1,0.010289,0.000000
8542,1,0.010286,0.000000
8543,1,0.010283,0.000000
8544,1,0.010280,0.000000
8545,1,0.010277,0.000000
8546,1,0.010274,0.000000
8547,1,0.010271,0.000000
8548,1,0.010268,0.000000
8549,1,0.010265,0.000000
8550,1,0.010262,0.000000
8551,1,0.010258,0.000000
8552,1,0.010255,0.000000
8553,1,0.010252,0.000000
8554,1,0.010249,0.000000
8555,1,0.010246,0.000000
8556,1,0.010243,0.000000
8557,1,0.010240,0.000000
8558,1,0.010237,0.000000
8559,1,0.010234,0.000000
8560,1,0.010231,0.000000
8561,1,0.010228,0.000000
8562,1,0.010225,0.000000
8563,1,0.010222,0.000000
8564,1,0.010219,0.000000
8565,1,0.010216,0.000000
8566,1,0.010213,0.000000
8567,1,0.010210,0.000000
8568,1,0.010207,0.000000
8569,1,0.010204,0.000000
8570,1,0.010201,0.000000
8571,1,0.010198,0.000000
8572,1,0.010195,0.000000
8573,1,0.010192,0.000000
8574,1,0.010189,0.000000
8575,1,0.010186,0.000000
8576,1,0.010183,0.000000
8577,1,0.010180,0.000000
8578,1,0.010177,0.000000
8579,1,0.010174,0.000000
8580,1,0.010171,0.000000
8581,1,0.010168,0.000000
8582,1,0.010165,0.000000
8583,1,0.010162,0.000000
8584,1,0.010159,0.000000
8585,1,0.010156,0.000000
8586,1,0.010153,0.000000
8587,1,0.010150,0.000000
8588,1,0.010147,0.000000
8589,1,0.010144,0.000000
8590,1,0.010141,0.000000
8591,1,0.010138,0.000000
8592,1,0.010135,0.000000
8593,1,0.010132,0.000000
8594,1,0.010129,0.000000
8595,1,0.010126,0.000000
8596,1,0.010123,0.000000
8597,1,0.010120,0.000000
8598,1,0.010117,0.000000
8599,1,0.010114,0.000000
8600,1,0.010111,0.000000
8601,1,0.010108,0.000000
8602,1,0.010105,0.000000
8603,1,0.010102,0.000000
8604,1,0.010099,0.000000
8605,1,0.010096,0.000000
8606,1,0.010093,0.000000
8607,1,0.010090,0.000000
8608,1,0.010087,0.000000
8609,1,0.010084,0.000000
8610,1,0.010081,0.000000
8611,1,0.010078,0.000000
8612,1,0.010075,0.000000
8613,1,0.010072,0.000000
8614,1,0.010069,0.000000
8615,1,0.010066,0.000000
8616,1,0.010063,0.000000
8617,1,0.010061,0.000000
8618,1,0.010058,0.000000
8619,1,0.010055,0.000000
8620,1,0.010052,0.000000
8621,1,0.010049,0.000000
8622,1,0.010046,0.000000
8623,1,0.010043,0.000000
8624,1,0.010040,0.000000
8625,1,0.010037,0.000000
8626,1,0.010034,0.000000
8627,1,0.010031,0.000000
8628,1,0.010028,0.000000
8629,1,0.010025,0.000000
8630,1,0.010022,0.000000
8631,1,0.010019,0.000000
8632,1,0.010016,0.000000
8633,1,0.010013,0.000000
8634,1,0.010010,0.000000
8635,1,0.010007,0.000000
8636,1,0.010004,0.000000
8637,1,0.010001,0.000000
8638,1,0.009999,0.000000
8639,1,0.009996,0.000000
8640,1,0.009993,0.000000
8641,1,0.009990,0.000000
8642,1,0.009987,0.000000
8643,1,0.009984,0.000000
8644,1,0.009981,0.000000
8645,1,0.009978,0.000000
8646,1,0.009975,0.000000
8647,1,0.009972,0.000000
8648,1,0.009969,0.000000
8649,1,0.009966,0.000000
8650,1,0.009963,0.000000
8651,1,0.009960,0.000000
8652,1,0.009958,0.000000
8653,1,0.009955,0.000000
8654,1,0.009952,0.000000
8655,1,0.009949,0.000000
8656,1,0.009946,0.000000
8657,1,0.009943,0.000000
8658,1,0.009940,0.000000
8659,1,0.009937,0.000000
8660,1,0.009934,0.000000
8661,1,0.009931,0.000000
8662,1,0.009928,0.000000
8663,1,0.009925,0.000000
8664,1,0.009923,0.000000
8665,1,0.009920,0.000000
8666,1,0.009917,0.000000
8667,1,0.009914,0.000000
8668,1,0.009911,0.000000
8669,1,0.009908,0.000000
8670,1,0.009905,0.000000
8671,1,0.009902,0.000000
8672,1,0.009899,0.000000
8673,1,0.009896,0.000000
8674,1,0.009894,0.000000
8675,1,0.009891,0.000000
8676,1,0.009888,0.000000
8677,1,0.009885,0.000000
8678,1,0.009882,0.000000
8679,1,0.009879,0.000000
8680,1,0.009876,0.000000
8681,1,0.009873,0.000000
8682,1,0.009870,0.000000
8683,1,0.009868,0.000000
8684,1,0.009865,0.000000
8685,1,0.009862,0.000000
8686,1,0.009859,0.000000
8687,1,0.009856,0.000000
8688,1,0.009853,0.000000
8689,1,0.009850,0.000000
8690,1,0.009847,0.000000
8691,1,0.009844,0.000000
8692,1,0.009842,0.000000
8693,1,0.009839,0.000000
8694,1,0.009836,0.000000
8695,1,0.009833,0.000000
8696,1,0.009830,0.000000
8697,1,0.009827,0.000000
8698,1,0.009824,0.000000
8699,1,0.009821,0.000000
8700,1,0.009819,0.000000
8701,1,0.009816,0.000000
8702,1,0.009813,0.000000
8703,1,0.009810,0.000000
8704,1,0.009807,0.000000
8705,1,0.009804,0.000000
8706,1,0.009801,0.000000
8707,1,0.009799,0.000000
8708,1,0.009796,0.000000
8709,1,0.009793,0.000000
8710,1,0.009790,0.000000
8711,1,0.009787,0.000000
8712,1,0.009784,0.000000
8713,1,0.009781,0.000000
8714,1,0.009779,0.000000
8715,1,0.009776,0.000000
8716,1,0.009773,0.000000
8717,1,0.009770,0.000000
8718,1,0.009767,0.000000
8719,1,0.009764,0.000000
8720,1,0.009761,0.000000
8721,1,0.009759,0.000000
8722,1,0.009756,0.000000
8723,1,0.009753,0.000000
8724,1,0.009750,0.000000
8725,1,0.009747,0.000000
8726,1,0.009744,0.000000
8727,1,0.009742,0.000000
8728,1,0.009739,0.000000
8729,1,0.009736,0.000000
8730,1,0.009733,0.000000
8731,1,0.009730,0.000000
8732,1,0.009727,0.000000
8733,1,0.009725,0.000000
8734,1,0.009722,0.000000
8735,1,0.009719,0.000000
8736,1,0.009716,0.000000
8737,1,0.009713,0.000000
8738,1,0.009710,0.000000
8739,1,0.009708,0.000000
8740,1,0.009705,0.000000
8741,1,0.009702,0.000000
8742,1,0.009699,0.000000
8743,1,0.009696,0.000000
8744,1,0.009693,0.000000
8745,1,0.009691,0.000000
8746,1,0.009688,0.000000
8747,1,0.009685,0.000000
8748,1,0.009682,0.000000
8749,1,0.009679,0.000000
8750,1,0.009677,0.000000
8751,1,0.009674,0.000000
8752,1,0.009671,0.000000
8753,1,0.009668,0.000000
8754,1,0.009665,0.000000
8755,1,0.009662,0.000000
8756,1,0.009660,0.000000
8757,1,0.009657,0.000000
8758,1,0.009654,0.000000
8759,1,0.009651,0.000000
8760,1,0.009648,0.000000
8761,1,0.009646,0.000000
8762,1,0.009643,0.000000
8763,1,0.009640,0.000000
8764,1,0.009637,0.000000
8765,1,0.009634,0.000000
8766,1,0.009632,0.000000
8767,1,0.009629,0.000000
8768,1,0.009626,0.000000
8769,1,0.009623,0.000000
8770,1,0.009620,0.000000
8771,1,0.009618,0.000000
8772,1,0.009615,0.000000
8773,1,0.009612,0.000000
8774,1,0.009609,0.000000
8775,1,0.009606,0.000000
8776,1,0.009604,0.000000
8777,1,0.009601,0.000000
8778,1,0.009598,0.000000
8779,1,0.009595,0.000000
8780,1,0.009593,0.000000
8781,1,0.009590,0.000000
8782,1,0.009587,0.000000
8783,1,0.009584,0.000000
8784,1,0.009581,0.000000
8785,1,0.009579,0.000000
8786,1,0.009576,0.000000
8787,1,0.009573,0.000000
8788,1,0.009570,0.000000
8789,1,0.009568,0.000000
8790,1,0.009565,0.000000
8791,1,0.009562,0.000000
8792,1,0.009559,0.000000
8793,1,0.009556,0.000000
8794,1,0.009554,0.000000
8795,1,0.009551,0.000000
8796,1,0.009548,0.000000
8797,1,0.009545,0.000000
8798,1,0.009543,0.000000
8799,1,0.009540,0.000000
8800,1,0.009537,0.000000
8801,1,0.009534,0.000000
8802,1,0.009532,0.000000
8803,1,0.009529,0.000000
8804,1,0.009526,0.000000
8805,1,0.009523,0.000000
8806,1,0.009521,0.000000
8807,1,0.009518,0.000000
8808,1,0.009515,0.000000
8809,1,0.009512,0.000000
8810,1,0.009510,0.000000
8811,1,0.009507,0.000000
8812,1,0.009504,0.000000
8813,1,0.009501,0.000000
8814,1,0.009499,0.000000
8815,1,0.009496,0.000000
8816,1,0.009493,0.000000
8817,1,0.009490,0.000000
8818,1,0.009488,0.000000
8819,1,0.009485,0.000000
8820,1,0.009482,0.000000
8821,1,0.009479,0.000000
8822,1,0.009477,0.000000
8823,1,0.009474,0.000000
8824,1,0.009471,0.000000
8825,1,0.009468,0.000000
8826,1,0.009466,0.000000
8827,1,0.009463,0.000000
8828,1,0.009460,0.000000
8829,1,0.009457,0.000000
8830,1,0.009455,0.000000
8831,1,0.009452,0.000000
8832,1,0.009449,0.000000
8833,1,0.009446,0.000000
8834,1,0.009444,0.000000
8835,1,0.009441,0.000000
8836,1,0.009438,0.000000
8837,1,0.009436,0.000000
8838,1,0.009433,0.000000
8839,1,0.009430,0.000000
8840,1,0.009427,0.000000
8841,1,0.009425,0.000000
8842,1,0.009422,0.000000
8843,1,0.009419,0.000000
8844,1,0.009417,0.000000
8845,1,0.009414,0.000000
8846,1,0.009411,0.000000
8847,1,0.009408,0.000000
8848,1,0.009406,0.000000
8849,1,0.009403,0.000000
8850,1,0.009400,0.000000
8851,1,0.009398,0.000000
8852,1,0.009395,0.000000
8853,1,0.009392,0.000000
8854,1,0.009389,0.000000
8855,1,0.009387,0.000000
8856,1,0.009384,0.000000
8857,1,0.009381,0.000000
8858,1,0.009379,0.000000
8859,1,0.009376,0.000000
8860,1,0.009373,0.000000
8861,1,0.009370,0.000000
8862,1,0.009368,0.000000
8863,1,0.009365,0.000000
8864,1,0.009362,0.000000
8865,1,0.009360,0.000000
8866,1,0.009357,0.000000
8867,1,0.009354,0.000000
8868,1,0.009352,0.000000
8869,1,0.009349,0.000000
8870,1,0.009346,0.000000
8871,1,0.009343,0.000000
8872,1,0.009341,0.000000
8873,1,0.009338,0.000000
8874,1,0.009335,0.000000
8875,1,0.009333,0.000000
8876,1,0.009330,0.000000
8877,1,0.009327,0.000000
8878,1,0.009325,0.000000
8879,1,0.009322,0.000000
8880,1,0.009319,0.000000
8881,1,0.009317,0.000000
8882,1,0.009314,0.000000
8883,1,0.009311,0.000000
8884,1,0.009309,0.000000
8885,1,0.009306,0.000000
8886,1,0.009303,0.000000
8887,1,0.009301,0.000000
8888,1,0.009298,0.000000
8889,1,0.009295,0.000000
8890,1,0.009293,0.000000
8891,1,0.009290,0.000000
8892,1,0.009287,0.000000
8893,1,0.009285,0.000000
8894,1,0.009282,0.000000
8895,1,0.009279,0.000000
8896,1,0.009277,0.000000
8897,1,0.009274,0.000000
8898,1,0.009271,0.000000
8899,1,0.009269,0.000000
8900,1,0.009266,0.000000
8901,1,0.009263,0.000000
8902,1,0.009261,0.000000
8903,1,0.009258,0.000000
8904,1,0.009255,0.000000
8905,1,0.009253,0.000000
8906,1,0.009250,0.000000
8907,1,0.009247,0.000000
8908,1,0.009245,0.000000
8909,1,0.009242,0.000000
8910,1,0.009239,0.000000
8911,1,0.009237,0.000000
8912,1,0.009234,0.000000
8913,1,0.009231,0.000000
8914,1,0.009229,0.000000
8915,1,0.009226,0.000000
8916,1,0.009223,0.000000
8917,1,0.009221,0.000000
8918,1,0.009218,0.000000
8919,1,0.009215,0.000000
8920,1,0.009213,0.000000
8921,1,0.009210,0.000000
8922,1,0.009208,0.000000
8923,1,0.009205,0.000000
8924,1,0.009202,0.000000
8925,1,0.009200,0.000000
8926,1,0.009197,0.000000
8927,1,0.009194,0.000000
8928,1,0.009192,0.000000
8929,1,0.009189,0.000000
8930,1,0.009186,0.000000
8931,1,0.009184,0.000000
8932,1,0.009181,0.000000
8933,1,0.009179,0.000000
8934,1,0.009176,0.000000
8935,1,0.009173,0.000000
8936,1,0.009171,0.000000
8937,1,0.009168,0.000000
8938,1,0.009165,0.000000
8939,1,0.009163,0.000000
8940,1,0.009160,0.000000
8941,1,0.009158,0.000000
8942,1,0.009155,0.000000
8943,1,0.009152,0.000000
8944,1,0.009150,0.000000
8945,1,0.009147,0.000000
8946,1,0.009144,0.000000
8947,1,0.009142,0.000000
8948,1,0.009139,0.000000
8949,1,0.009137,0.000000
8950,1,0.009134,0.000000
8951,1,0.009131,0.000000
8952,1,0.009129,0.000000
8953,1,0.009126,0.000000
8954,1,0.009124,0.000000
8955,1,0.009121,0.000000
8956,1,0.009118,0.000000
8957,1,0.009116,0.000000
8958,1,0.009113,0.000000
8959,1,0.009110,0.000000
8960,1,0.009108,0.000000
8961,1,0.009105,0.000000
8962,1,0.009103,0.000000
8963,1,0.009100,0.000000
8964,1,0.009097,0.000000
8965,1,0.009095,0.000000
8966,1,0.009092,0.000000
8967,1,0.009090,0.000000
8968,1,0.009087,0.000000
8969,1,0.009084,0.000000
8970,1,0.009082,0.000000
8971,1,0.009079,0.000000
8972,1,0.009077,0.000000
8973,1,0.009074,0.000000
8974,1,0.009071,0.000000
8975,1,0.009069,0.000000
8976,1,0.009066,0.000000
8977,1,0.009064,0.000000
8978,1,0.009061,0.000000
8979,1,0.009059,0.000000
8980,1,0.009056,0.000000
8981,1,0.009053,0.000000
8982,1,0.009051,0.000000
8983,1,0.009048,0.000000
8984,1,0.009046,0.000000
8985,1,0.009043,0.000000
8986,1,0.009040,0.000000
8987,1,0.009038,0.000000
8988,1,0.009035,0.000000
8989,1,0.009033,0.000000
8990,1,0.009030,0.000000
8991,1,0.009028,0.000000
8992,1,0.009025,0.000000
8993,1,0.009022,0.000000
8994,1,0.009020,0.000000
8995,1,0.009017,0.000000
8996,1,0.009015,0.000000
8997,1,0.009012,0.000000
8998,1,0.009010,0.000000
8999,1,0.009007,0.000000
9000,1,0.009004,0.000000
9001,1,0.009002,0.000000
9002,1,0.008999,0.000000
9003,1,0.008997,0.000000
9004,1,0.008994,0.000000
9005,1,0.008992,0.000000
9006,1,0.008989,0.000000
9007,1,0.008986,0.000000
9008,1,0.008984,0.000000
9009,1,0.008981,0.000000
9010,1,0.008979,0.000000
9011,1,0.008976,0.000000
9012,1,0.008974,0.000000
9013,1,0.008971,0.000000
9014,1,0.008969,0.000000
9015,1,0.008966,0.000000
9016,1,0.008963,0.000000
9017,1,0.008961,0.000000
9018,1,0.008958,0.000000
9019,1,0.008956,0.000000
9020,1,0.008953,0.000000
9021,1,0.008951,0.000000
9022,1,0.008948,0.000000
9023,1,0.008946,0.000000
9024,1,0.008943,0.000000
9025,1,0.008941,0.000000
9026,1,0.008938,0.000000
9027,1,0.008935,0.000000
9028,1,0.008933,0.000000
9029,1,0.008930,0.000000
9030,1,0.008928,0.000000
9031,1,0.008925,0.000000
9032,1,0.008923,0.000000
9033,1,0.008920,0.000000
9034,1,0.008918,0.000000
9035,1,0.008915,0.000000
9036,1,0.008913,0.000000
9037,1,0.008910,0.000000
9038,1,0.008908,0.000000
9039,1,0.008905,0.000000
9040,1,0.008902,0.000000
9041,1,0.008900,0.000000
9042,1,0.008897,0.000000
9043,1,0.008895,0.000000
9044,1,0.008892,0.000000
9045,1,0.008890,0.000000
9046,1,0.008887,0.000000
9047,1,0.008885,0.000000
9048,1,0.008882,0.000000
9049,1,0.008880,0.000000
9050,1,0.008877,0.000000
9051,1,0.008875,0.000000
9052,1,0.008872,0.000000
9053,1,0.008870,0.000000
9054,1,0.008867,0.000000
9055,1,0.008865,0.000000
9056,1,0.008862,0.000000
9057,1,0.008860,0.000000
9058,1,0.008857,0.000000
9059,1,0.008855,0.000000
9060,1,0.008852,0.000000
9061,1,0.008850,0.000000
9062,1,0.008847,0.000000
9063,1,0.008844,0.000000
9064,1,0.008842,0.000000
9065,1,0.008839,0.000000
9066,1,0.008837,0.000000
9067,1,0.008834,0.000000
9068,1,0.008832,0.000000
9069,1,0.008829,0.000000
9070,1,0.008827,0.000000
9071,1,0.008824,0.000000
9072,1,0.008822,0.000000
9073,1,0.008819,0.000000
9074,1,0.008817,0.000000
9075,1,0.008814,0.000000
9076,1,0.008812,0.000000
9077,1,0.008809,0.000000
9078,1,0.008807,0.000000
9079,1,0.008804,0.000000
9080,1,0.008802,0.000000
9081,1,0.008799,0.000000
9082,1,0.008797,0.000000
9083,1,0.008794,0.000000
9084,1,0.008792,0.000000
9085,1,0.008789,0.000000
9086,1,0.008787,0.000000
9087,1,0.008784,0.000000
9088,1,0.008782,0.000000
9089,1,0.008780,0.000000
9090,1,0.008777,0.000000
9091,1,0.008775,0.000000
9092,1,0.008772,0.000000
9093,1,0.008770,0.000000
9094,1,0.008767,0.000000
9095,1,0.008765,0.000000
9096,1,0.008762,0.000000
9097,1,0.008760,0.000000
9098,1,0.008757,0.000000
9099,1,0.008755,0.000000
9100,1,0.008752,0.000000
9101,1,0.008750,0.000000
9102,1,0.008747,0.000000
9103,1,0.008745,0.000000
9104,1,0.008742,0.000000
9105,1,0.008740,0.000000
9106,1,0.008737,0.000000
9107,1,0.008735,0.000000
9108,1,0.008732,0.000000
9109,1,0.008730,0.000000
9110,1,0.008727,0.000000
9111,1,0.008725,0.000000
9112,1,0.008723,0.000000
9113,1,0.008720,0.000000
9114,1,0.008718,0.000000
9115,1,0.008715,0.000000
9116,1,0.008713,0.000000
9117,1,0.008710,0.000000
9118,1,0.008708,0.000000
9119,1,0.008705,0.000000
9120,1,0.008703,0.000000
9121,1,0.008700,0.000000
9122,1,0.008698,0.000000
9123,1,0.008695,0.000000
9124,1,0.008693,0.000000
9125,1,0.008691,0.000000
9126,1,0.008688,0.000000
9127,1,0.008686,0.000000
9128,1,0.008683,0.000000
9129,1,0.008681,0.000000
9130,1,0.008678,0.000000
9131,1,0.008676,0.000000
9132,1,0.008673,0.000000
9133,1,0.008671,0.000000
9134,1,0.008668,0.000000
9135,1,0.008666,0.000000
9136,1,0.008664,0.000000
9137,1,0.008661,0.000000
9138,1,0.008659,0.000000
9139,1,0.008656,0.000000
9140,1,0.008654,0.000000
9141,1,0.008651,0.000000
9142,1,0.008649,0.000000
9143,1,0.008646,0.000000
9144,1,0.008644,0.000000
9145,1,0.008642,0.000000
9146,1,0.008639,0.000000
9147,1,0.008637,0.000000
9148,1,0.008634,0.000000
9149,1,0.008632,0.000000
9150,1,0.008629,0.000000
9151,1,0.008627,0.000000
9152,1,0.008625,0.000000
9153,1,0.008622,0.000000
9154,1,0.008620,0.000000
9155,1,0.008617,0.000000
9156,1,0.008615,0.000000
9157,1,0.008612,0.000000
9158,1,0.008610,0.000000
9159,1,0.008608,0.000000
9160,1,0.008605,0.000000
9161,1,0.008603,0.000000
9162,1,0.008600,0.000000
9163,1,0.008598,0.000000
9164,1,0.008595,0.000000
9165,1,0.008593,0.000000
9166,1,0.008591,0.000000
9167,1,0.008588,0.000000
9168,1,0.008586,0.000000
9169,1,0.008583,0.000000
9170,1,0.008581,0.000000
9171,1,0.008578,0.000000
9172,1,0.008576,0.000000
9173,1,0.008574,0.000000
9174,1,0.008571,0.000000
9175,1,0.008569,0.000000
9176,1,0.008566,0.000000
9177,1,0.008564,0.000000
9178,1,0.008562,0.000000
9179,1,0.008559,0.000000
9180,1,0.008557,0.000000
9181,1,0.008554,0.000000
9182,1,0.008552,0.000000
9183,1,0.008550,0.000000
9184,1,0.008547,0.000000
9185,1,0.008545,0.000000
9186,1,0.008542,0.000000
9187,1,0.008540,0.000000
9188,1,0.008538,0.000000
9189,1,0.008535,0.000000
9190,1,0.008533,0.000000
9191,1,0.008530,0.000000
9192,1,0.008528,0.000000
9193,1,0.008526,0.000000
9194,1,0.008523,0.000000
9195,1,0.008521,0.000000
9196,1,0.008518,0.000000
9197,1,0.008516,0.000000
9198,1,0.008514,0.000000
9199,1,0.008511,0.000000
9200,1,0.008509,0.000000
9201,1,0.008506,0.000000
9202,1,0.008504,0.000000
9203,1,0.008502,0.000000
9204,1,0.008499,0.000000
9205,1,0.008497,0.000000
9206,1,0.008494,0.000000
9207,1,0.008492,0.000000
9208,1,0.008490,0.000000
9209,1,0.008487,0.000000
9210,1,0.008485,0.000000
9211,1,0.008482,0.000000
9212,1,0.008480,0.000000
9213,1,0.008478,0.000000
9214,1,0.008475,0.000000
9215,1,0.008473,0.000000
9216,1,0.008471,0.000000
9217,1,0.008468,0.000000
9218,1,0.008466,0.000000
9219,1,0.008463,0.000000
9220,1,0.008461,0.000000
9221,1,0.008459,0.000000
9222,1,0.008456,0.000000
9223,1,0.008454,0.000000
9224,1,0.008452,0.000000
9225,1,0.008449,0.000000
9226,1,0.008447,0.000000
9227,1,0.008444,0.000000
9228,1,0.008442,0.000000
9229,1,0.008440,0.000000
9230,1,0.008437,0.000000
9231,1,0.008435,0.000000
9232,1,0.008433,0.000000
9233,1,0.008430,0.000000
9234,1,0.008428,0.000000
9235,1,0.008426,0.000000
9236,1,0.008423,0.000000
9237,1,0.008421,0.000000
9238,1,0.008418,0.000000
9239,1,0.008416,0.000000
9240,1,0.008414,0.000000
9241,1,0.008411,0.000000
9242,1,0.008409,0.000000
9243,1,0.008407,0.000000
9244,1,0.008404,0.000000
9245,1,0.008402,0.000000
9246,1,0.008400,0.000000
9247,1,0.008397,0.000000
9248,1,0.008395,0.000000
9249,1,0.008393,0.000000
9250,1,0.008390,0.000000
9251,1,0.008388,0.000000
9252,1,0.008385,0.000000
9253,1,0.008383,0.000000
9254,1,0.008381,0.000000
9255,1,0.008378,0.000000
9256,1,0.008376,0.000000
9257,1,0.008374,0.000000
9258,1,0.008371,0.000000
9259,1,0.008369,0.000000
9260,1,0.008367,0.000000
9261,1,0.008364,0.000000
9262,1,0.008362,0.000000
9263,1,0.008360,0.000000
9264,1,0.008357,0.000000
9265,1,0.008355,0.000000
9266,1,0.008353,0.000000
9267,1,0.008350,0.000000
9268,1,0.008348,0.000000
9269,1,0.008346,0.000000
9270,1,0.008343,0.000000
9271,1,0.008341,0.000000
9272,1,0.008339,0.000000
9273,1,0.008336,0.000000
9274,1,0.008334,0.000000
9275,1,0.008332,0.000000
9276,1,0.008329,0.000000
9277,1,0.008327,0.000000
9278,1,0.008325,0.000000
9279,1,0.008322,0.000000
9280,1,0.008320,0.000000
9281,1,0.008318,0.000000
9282,1,0.008315,0.000000
9283,1,0.008313,0.000000
9284,1,0.008311,0.000000
9285,1,0.008308,0.000000
9286,1,0.008306,0.000000
9287,1,0.008304,0.000000
9288,1,0.008301,0.000000
9289,1,0.008299,0.000000
9290,1,0.008297,0.000000
9291,1,0.008294,0.000000
9292,1,0.008292,0.000000
9293,1,0.008290,0.000000
9294,1,0.008288,0.000000
9295,1,0.008285,0.000000
9296,1,0.008283,0.000000
9297,1,0.008281,0.000000
9298,1,0.008278,0.000000
9299,1,0.008276,0.000000
9300,1,0.008274,0.000000
9301,1,0.008271,0.000000
9302,1,0.008269,0.000000
9303,1,0.008267,0.000000
9304,1,0.008264,0.000000
9305,1,0.008262,0.000000
9306,1,0.008260,0.000000
9307,1,0.008257,0.000000
9308,1,0.008255,0.000000
9309,1,0.008253,0.000000
9310,1,0.008251,0.000000
9311,1,0.008248,0.000000
9312,1,0.008246,0.000000
9313,1,0.008244,0.000000
9314,1,0.008241,0.000000
9315,1,0.008239,0.000000
9316,1,0.008237,0.000000
9317,1,0.008234,0.000000
9318,1,0.008232,0.000000
9319,1,0.008230,0.000000
9320,1,0.008228,0.000000
9321,1,0.008225,0.000000
9322,1,0.008223,0.000000
9323,1,0.008221,0.000000
9324,1,0.008218,0.000000
9325,1,0.008216,0.000000
9326,1,0.008214,0.000000
9327,1,0.008212,0.000000
9328,1,0.008209,0.000000
9329,1,0.008207,0.000000
9330,1,0.008205,0.000000
9331,1,0.008202,0.000000
9332,1,0.008200,0.000000
9333,1,0.008198,0.000000
9334,1,0.008196,0.000000
9335,1,0.008193,0.000000
9336,1,0.008191,0.000000
9337,1,0.008189,0.000000
9338,1,0.008186,0.000000
9339,1,0.008184,0.000000
9340,1,0.008182,0.000000
9341,1,0.008180,0.000000
9342,1,0.008177,0.000000
9343,1,0.008175,0.000000
9344,1,0.008173,0.000000
9345,1,0.008170,0.000000
9346,1,0.008168,0.000000
9347,1,0.008166,0.000000
9348,1,0.008164,0.000000
9349,1,0.008161,0.000000
9350,1,0.008159,0.000000
9351,1,0.008157,0.000000
9352,1,0.008155,0.000000
9353,1,0.008152,0.000000
9354,1,0.008150,0.000000
9355,1,0.008148,0.000000
9356,1,0.008145,0.000000
9357,1,0.008143,0.000000
9358,1,0.008141,0.000000
9359,1,0.008139,0.000000
9360,1,0.008136,0.000000
9361,1,0.008134,0.000000
9362,1,0.008132,0.000000
9363,1,0.008130,0.000000
9364,1,0.008127,0.000000
9365,1,0.008125,0.000000
9366,1,0.008123,0.000000
9367,1,0.008121,0.000000
9368,1,0.008118,0.000000
9369,1,0.008116,0.000000
9370,1,0.008114,0.000000
9371,1,0.008112,0.000000
9372,1,0.008109,0.000000
9373,1,0.008107,0.000000
9374,1,0.008105,0.000000
9375,1,0.008103,0.000000
9376,1,0.008100,0.000000
9377,1,0.008098,0.000000
9378,1,0.008096,0.000000
9379,1,0.008094,0.000000
9380,1,0.008091,0.000000
9381,1,0.008089,0.000000
9382,1,0.008087,0.000000
9383,1,0.008085,0.000000
9384,1,0.008082,0.000000
9385,1,0.008080,0.000000
9386,1,0.008078,0.000000
9387,1,0.008076,0.000000
9388,1,0.008073,0.000000
9389,1,0.008071,0.000000
9390,1,0.008069,0.000000
9391,1,0.008067,0.000000
9392,1,0.008064,0.000000
9393,1,0.008062,0.000000
9394,1,0.008060,0.000000
9395,1,0.008058,0.000000
9396,1,0.008055,0.000000
9397,1,0.008053,0.000000
9398,1,0.008051,0.000000
9399,1,0.008049,0.000000
9400,1,0.008046,0.000000
9401,1,0.008044,0.000000
9402,1,0.008042,0.000000
9403,1,0.008040,0.000000
9404,1,0.008038,0.000000
9405,1,0.008035,0.000000
9406,1,0.008033,0.000000
9407,1,0.008031,0.000000
9408,1,0.008029,0.000000
9409,1,0.008026,0.000000
9410,1,0.008024,0.000000
9411,1,0.008022,0.000000
9412,1,0.008020,0.000000
9413,1,0.008017,0.000000
9414,1,0.008015,0.000000
9415,1,0.008013,0.000000
9416,1,0.008011,0.000000
9417,1,0.008009,0.000000
9418,1,0.008006,0.000000
9419,1,0.008004,0.000000
9420,1,0.008002,0.000000
9421,1,0.008000,0.000000
9422,1,0.007998,0.000000
9423,1,0.007995,0.000000
9424,1,0.007993,0.000000
9425,1,0.007991,0.000000
9426,1,0.007989,0.000000
9427,1,0.007986,0.000000
9428,1,0.007984,0.000000
9429,1,0.007982,0.000000
9430,1,0.007980,0.000000
9431,1,0.007978,0.000000
9432,1,0.007975,0.000000
9433,1,0.007973,0.000000
9434,1,0.007971,0.000000
9435,1,0.007969,0.000000
9436,1,0.007967,0.000000
9437,1,0.007964,0.000000
9438,1,0.007962,0.000000
9439,1,0.007960,0.000000
9440,1,0.007958,0.000000
9441,1,0.007956,0.000000
9442,1,0.007953,0.000000
9443,1,0.007951,0.000000
9444,1,0.007949,0.000000
9445,1,0.007947,0.000000
9446,1,0.007945,0.000000
9447,1,0.007942,0.000000
9448,1,0.007940,0.000000
9449,1,0.007938,0.000000
9450,1,0.007936,0.000000
9451,1,0.007934,0.000000
9452,1,0.007931,0.000000
9453,1,0.007929,0.000000
9454,1,0.007927,0.000000
9455,1,0.007925,0.000000
9456,1,0.007923,0.000000
9457,1,0.007920,0.000000
9458,1,0.007918,0.000000
9459,1,0.007916,0.000000
9460,1,0.007914,0.000000
9461,1,0.007912,0.000000
9462,1,0.007909,0.000000
9463,1,0.007907,0.000000
9464,1,0.007905,0.000000
9465,1,0.007903,0.000000
9466,1,0.007901,0.000000
9467,1,0.007898,0.000000
9468,1,0.007896,0.000000
9469,1,0.007894,0.000000
9470,1,0.007892,0.000000
9471,1,0.007890,0.000000
9472,1,0.007888,0.000000
9473,1,0.007885,0.000000
9474,1,0.007883,0.000000
9475,1,0.007881,0.000000
9476,1,0.007879,0.000000
9477,1,0.007877,0.000000
9478,1,0.007875,0.000000
9479,1,0.007872,0.000000
9480,1,0.007870,0.000000
9481,1,0.007868,0.000000
9482,1,0.007866,0.000000
9483,1,0.007864,0.000000
9484,1,0.007861,0.000000
9485,1,0.007859,0.000000
9486,1,0.007857,0.000000
9487,1,0.007855,0.000000
9488,1,0.007853,0.000000
9489,1,0.007851,0.000000
9490,1,0.007848,0.000000
9491,1,0.007846,0.000000
9492,1,0.007844,0.000000
9493,1,0.007842,0.000000
9494,1,0.007840,0.000000
9495,1,0.007838,0.000000
9496,1,0.007835,0.000000
9497,1,0.007833,0.000000
9498,1,0.007831,0.000000
9499,1,0.007829,0.000000
9500,1,0.007827,0.000000
9501,1,0.007825,0.000000
9502,1,0.007822,0.000000
9503,1,0.007820,0.000000
9504,1,0.007818,0.000000
9505,1,0.007816,0.000000
9506,1,0.007814,0.000000
9507,1,0.007812,0.000000
9508,1,0.007810,0.000000
9509,1,0.007807,0.000000
9510,1,0.007805,0.000000
9511,1,0.007803,0.000000
9512,1,0.007801,0.000000
9513,1,0.007799,0.000000
9514,1,0.007797,0.000000
9515,1,0.007795,0.000000
9516,1,0.007792,0.000000
9517,1,0.007790,0.000000
9518,1,0.007788,0.000000
9519,1,0.007786,0.000000
9520,1,0.007784,0.000000
9521,1,0.007782,0.000000
9522,1,0.007779,0.000000
9523,1,0.007777,0.000000
9524,1,0.007775,0.000000
9525,1,0.007773,0.000000
9526,1,0.007771,0.000000
9527,1,0.007769,0.000000
9528,1,0.007767,0.000000
9529,1,0.007764,0.000000
9530,1,0.007762,0.000000
9531,1,0.007760,0.000000
9532,1,0.007758,0.000000
9533,1,0.007756,0.000000
9534,1,0.007754,0.000000
9535,1,0.007752,0.000000
9536,1,0.007750,0.000000
9537,1,0.007747,0.000000
9538,1,0.007745,0.000000
9539,1,0.007743,0.000000
9540,1,0.007741,0.000000
9541,1,0.007739,0.000000
9542,1,0.007737,0.000000
9543,1,0.007735,0.000000
9544,1,0.007732,0.000000
9545,1,0.007730,0.000000
9546,1,0.007728,0.000000
9547,1,0.007726,0.000000
9548,1,0.007724,0.000000
9549,1,0.007722,0.000000
9550,1,0.007720,0.000000
9551,1,0.007718,0.000000
9552,1,0.007715,0.000000
9553,1,0.007713,0.000000
9554,1,0.007711,0.000000
9555,1,0.007709,0.000000
9556,1,0.007707,0.000000
9557,1,0.007705,0.000000
9558,1,0.007703,0.000000
9559,1,0.007701,0.000000
9560,1,0.007699,0.000000
9561,1,0.007696,0.000000
9562,1,0.007694,0.000000
9563,1,0.007692,0.000000
9564,1,0.007690,0.000000
9565,1,0.007688,0.000000
9566,1,0.007686,0.000000
9567,1,0.007684,0.000000
9568,1,0.007682,0.000000
9569,1,0.007679,0.000000
9570,1,0.007677,0.000000
9571,1,0.007675,0.000000
9572,1,0.007673,0.000000
9573,1,0.007671,0.000000
9574,1,0.007669,0.000000
9575,1,0.007667,0.000000
9576,1,0.007665,0.000000
9577,1,0.007663,0.000000
9578,1,0.007661,0.000000
9579,1,0.007658,0.000000
9580,1,0.007656,0.000000
9581,1,0.007654,0.000000
9582,1,0.007652,0.000000
9583,1,0.007650,0.000000
9584,1,0.007648,0.000000
9585,1,0.007646,0.000000
9586,1,0.007644,0.000000
9587,1,0.007642,0.000000
9588,1,0.007640,0.000000
9589,1,0.007637,0.000000
9590,1,0.007635,0.000000
9591,1,0.007633,0.000000
9592,1,0.007631,0.000000
9593,1,0.007629,0.000000
9594,1,0.007627,0.000000
9595,1,0.007625,0.000000
9596,1,0.007623,0.000000
9597,1,0.007621,0.000000
9598,1,0.007619,0.000000
9599,1,0.007616,0.000000
9600,1,0.007614,0.000000
9601,1,0.007612,0.000000
9602,1,0.007610,0.000000
9603,1,0.007608,0.000000
9604,1,0.007606,0.000000
9605,1,0.007604,0.000000
9606,1,0.007602,0.000000
9607,1,0.007600,0.000000
9608,1,0.007598,0.000000
9609,1,0.007596,0.000000
9610,1,0.007594,0.000000
9611,1,0.007591,0.000000
9612,1,0.007589,0.000000
9613,1,0.007587,0.000000
9614,1,0.007585,0.000000
9615,1,0.007583,0.000000
9616,1,0.007581,0.000000
9617,1,0.007579,0.000000
9618,1,0.007577,0.000000
9619,1,0.007575,0.000000
9620,1,0.007573,0.000000
9621,1,0.007571,0.000000
9622,1,0.007569,0.000000
9623,1,0.007567,0.000000
9624,1,0.007564,0.000000
9625,1,0.007562,0.000000
9626,1,0.007560,0.000000
9627,1,0.007558,0.000000
9628,1,0.007556,0.000000
9629,1,0.007554,0.000000
9630,1,0.007552,0.000000
9631,1,0.007550,0.000000
9632,1,0.007548,0.000000
9633,1,0.007546,0.000000
9634,1,0.007544,0.000000
9635,1,0.007542,0.000000
9636,1,0.007540,0.000000
9637,1,0.007538,0.000000
9638,1,0.007535,0.000000
9639,1,0.007533,0.000000
9640,1,0.007531,0.000000
9641,1,0.007529,0.000000
9642,1,0.007527,0.000000
9643,1,0.007525,0.000000
9644,1,0.007523,0.000000
9645,1,0.007521,0.000000
9646,1,0.007519,0.000000
9647,1,0.007517,0.000000
9648,1,0.007515,0.000000
9649,1,0.007513,0.000000
9650,1,0.007511,0.000000
9651,1,0.007509,0.000000
9652,1,0.007507,0.000000
9653,1,0.007505,0.000000
9654,1,0.007503,0.000000
9655,1,0.007500,0.000000
9656,1,0.007498,0.000000
9657,1,0.007496,0.000000
9658,1,0.007494,0.000000
9659,1,0.007492,0.000000
9660,1,0.007490,0.000000
9661,1,0.007488,0.000000
9662,1,0.007486,0.000000
9663,1,0.007484,0.000000
9664,1,0.007482,0.000000
9665,1,0.007480,0.000000
9666,1,0.007478,0.000000
9667,1,0.007476,0.000000
9668,1,0.007474,0.000000
9669,1,0.007472,0.000000
9670,1,0.007470,0.000000
9671,1,0.007468,0.000000
9672,1,0.007466,0.000000
9673,1,0.007464,0.000000
9674,1,0.007462,0.000000
9675,1,0.007460,0.000000
9676,1,0.007458,0.000000
9677,1,0.007456,0.000000
9678,1,0.007453,0.000000
9679,1,0.007451,0.000000
9680,1,0.007449,0.000000
9681,1,0.007447,0.000000
9682,1,0.007445,0.000000
9683,1,0.007443,0.000000
9684,1,0.007441,0.000000
9685,1,0.007439,0.000000
9686,1,0.007437,0.000000
9687,1,0.007435,0.000000
9688,1,0.007433,0.000000
9689,1,0.007431,0.000000
9690,1,0.007429,0.000000
9691,1,0.007427,0.000000
9692,1,0.007425,0.000000
9693,1,0.007423,0.000000
9694,1,0.007421,0.000000
9695,1,0.007419,0.000000
9696,1,0.007417,0.000000
9697,1,0.007415,0.000000
9698,1,0.007413,0.000000
9699,1,0.007411,0.000000
9700,1,0.007409,0.000000
9701,1,0.007407,0.000000
9702,1,0.007405,0.000000
9703,1,0.007403,0.000000
9704,1,0.007401,0.000000
9705,1,0.007399,0.000000
9706,1,0.007397,0.000000
9707,1,0.007395,0.000000
9708,1,0.007393,0.000000
9709,1,0.007391,0.000000
9710,1,0.007389,0.000000
9711,1,0.007387,0.000000
9712,1,0.007385,0.000000
9713,1,0.007383,0.000000
9714,1,0.007381,0.000000
9715,1,0.007379,0.000000
9716,1,0.007377,0.000000
9717,1,0.007375,0.000000
9718,1,0.007373,0.000000
9719,1,0.007371,0.000000
9720,1,0.007369,0.000000
9721,1,0.007366,0.000000
9722,1,0.007364,0.000000
9723,1,0.007362,0.000000
9724,1,0.007360,0.000000
9725,1,0.007358,0.000000
9726,1,0.007356,0.000000
9727,1,0.007354,0.000000
9728,1,0.007352,0.000000
9729,1,0.007350,0.000000
9730,1,0.007348,0.000000
9731,1,0.007346,0.000000
9732,1,0.007344,0.000000
9733,1,0.007342,0.000000
9734,1,0.007340,0.000000
9735,1,0.007338,0.000000
9736,1,0.007336,0.000000
9737,1,0.007334,0.000000
9738,1,0.007332,0.000000
9739,1,0.007330,0.000000
9740,1,0.007328,0.000000
9741,1,0.007326,0.000000
9742,1,0.007324,0.000000
9743,1,0.007322,0.000000
9744,1,0.007320,0.000000
9745,1,0.007318,0.000000
9746,1,0.007316,0.000000
9747,1,0.007314,0.000000
9748,1,0.007313,0.000000
9749,1,0.007311,0.000000
9750,1,0.007309,0.000000
9751,1,0.007307,0.000000
9752,1,0.007305,0.000000
9753,1,0.007303,0.000000
9754,1,0.007301,0.000000
9755,1,0.007299,0.000000
9756,1,0.007297,0.000000
9757,1,0.007295,0.000000
9758,1,0.007293,0.000000
9759,1,0.007291,0.000000
9760,1,0.007289,0.000000
9761,1,0.007287,0.000000
9762,1,0.007285,0.000000
9763,1,0.007283,0.000000
9764,1,0.007281,0.000000
9765,1,0.007279,0.000000
9766,1,0.007277,0.000000
9767,1,0.007275,0.000000
9768,1,0.007273,0.000000
9769,1,0.007271,0.000000
9770,1,0.007269,0.000000
9771,1,0.007267,0.000000
9772,1,0.007265,0.000000
9773,1,0.007263,0.000000
9774,1,0.007261,0.000000
9775,1,0.007259,0.000000
9776,1,0.007257,0.000000
9777,1,0.007255,0.000000
9778,1,0.007253,0.000000
9779,1,0.007251,0.000000
9780,1,0.007249,0.000000
9781,1,0.007247,0.000000
9782,1,0.007245,0.000000
9783,1,0.007243,0.000000
9784,1,0.007241,0.000000
9785,1,0.007239,0.000000
9786,1,0.007237,0.000000
9787,1,0.007235,0.000000
9788,1,0.007233,0.000000
9789,1,0.007231,0.000000
9790,1,0.007229,0.000000
9791,1,0.007227,0.000000
9792,1,0.007226,0.000000
9793,1,0.007224,0.000000
9794,1,0.007222,0.000000
9795,1,0.007220,0.000000
9796,1,0.007218,0.000000
9797,1,0.007216,0.000000
9798,1,0.007214,0.000000
9799,1,0.007212,0.000000
9800,1,0.007210,0.000000
9801,1,0.007208,0.000000
9802,1,0.007206,0.000000
9803,1,0.007204,0.000000
9804,1,0.007202,0.000000
9805,1,0.007200,0.000000
9806,1,0.007198,0.000000
9807,1,0.007196,0.000000
9808,1,0.007194,0.000000
9809,1,0.007192,0.000000
9810,1,0.007190,0.000000
9811,1,0.007188,0.000000
9812,1,0.007186,0.000000
9813,1,0.007184,0.000000
9814,1,0.007182,0.000000
9815,1,0.007181,0.000000
9816,1,0.007179,0.000000
9817,1,0.007177,0.000000
9818,1,0.007175,0.000000
9819,1,0.007173,0.000000
9820,1,0.007171,0.000000
9821,1,0.007169,0.000000
9822,1,0.007167,0.000000
9823,1,0.007165,0.000000
9824,1,0.007163,0.000000
9825,1,0.007161,0.000000
9826,1,0.007159,0.000000
9827,1,0.007157,0.000000
9828,1,0.007155,0.000000
9829,1,0.007153,0.000000
9830,1,0.007151,0.000000
9831,1,0.007149,0.000000
9832,1,0.007147,0.000000
9833,1,0.007146,0.000000
9834,1,0.007144,0.000000
9835,1,0.007142,0.000000
9836,1,0.007140,0.000000
9837,1,0.007138,0.000000
9838,1,0.007136,0.000000
9839,1,0.007134,0.000000
9840,1,0.007132,0.000000
9841,1,0.007130,0.000000
9842,1,0.007128,0.000000
9843,1,0.007126,0.000000
9844,1,0.007124,0.000000
9845,1,0.007122,0.000000
9846,1,0.007120,0.000000
9847,1,0.007118,0.000000
9848,1,0.007117,0.000000
9849,1,0.007115,0.000000
9850,1,0.007113,0.000000
9851,1,0.007111,0.000000
9852,1,0.007109,0.000000
9853,1,0.007107,0.000000
9854,1,0.007105,0.000000
9855,1,0.007103,0.000000
9856,1,0.007101,0.000000
9857,1,0.007099,0.000000
9858,1,0.007097,0.000000
9859,1,0.007095,0.000000
9860,1,0.007093,0.000000
9861,1,0.007092,0.000000
9862,1,0.007090,0.000000
9863,1,0.007088,0.000000
9864,1,0.007086,0.000000
9865,1,0.007084,0.000000
9866,1,0.007082,0.000000
9867,1,0.007080,0.000000
9868,1,0.007078,0.000000
9869,1,0.007076,0.000000
9870,1,0.007074,0.000000
9871,1,0.007072,0.000000
9872,1,0.007070,0.000000
9873,1,0.007069,0.000000
9874,1,0.007067,0.000000
9875,1,0.007065,0.000000
9876,1,0.007063,0.000000
9877,1,0.007061,0.000000
9878,1,0.007059,0.000000
9879,1,0.007057,0.000000
9880,1,0.007055,0.000000
9881,1,0.007053,0.000000
9882,1,0.007051,0.000000
9883,1,0.007049,0.000000
9884,1,0.007048,0.000000
9885,1,0.007046,0.000000
9886,1,0.007044,0.000000
9887,1,0.007042,0.000000
9888,1,0.007040,0.000000
9889,1,0.007038,0.000000
9890,1,0.007036,0.000000
9891,1,0.007034,0.000000
9892,1,0.007032,0.000000
9893,1,0.007030,0.000000
9894,1,0.007028,0.000000
9895,1,0.007027,0.000000
9896,1,0.007025,0.000000
9897,1,0.007023,0.000000
9898,1,0.007021,0.000000
9899,1,0.007019,0.000000
9900,1,0.007017,0.000000
9901,1,0.007015,0.000000
9902,1,0.007013,0.000000
9903,1,0.007011,0.000000
9904,1,0.007010,0.000000
9905,1,0.007008,0.000000
9906,1,0.007006,0.000000
9907,1,0.007004,0.000000
9908,1,0.007002,0.000000
9909,1,0.007000,0.000000
9910,1,0.006998,0.000000
9911,1,0.006996,0.000000
9912,1,0.006994,0.000000
9913,1,0.006992,0.000000
9914,1,0.006991,0.000000
9915,1,0.006989,0.000000
9916,1,0.006987,0.000000
9917,1,0.006985,0.000000
9918,1,0.006983,0.000000
9919,1,0.006981,0.000000
9920,1,0.006979,0.000000
9921,1,0.006977,0.000000
9922,1,0.006976,0.000000
9923,1,0.006974,0.000000
9924,1,0.006972,0.000000
9925,0,0.006970,0.000000
9926,1,0.007065,0.000000
9927,1,0.007152,0.000000
9928,1,0.007231,0.000000
9929,1,0.007303,0.000000
9930,1,0.007368,0.000000
9931,1,0.007427,0.000000
9932,1,0.007482,0.000000
9933,1,0.007531,0.000000
9934,1,0.007576,0.000000
9935,1,0.007617,0.000000
9936,1,0.007655,0.000000
9937,1,0.007690,0.000000
9938,1,0.007721,0.000000
9939,1,0.007750,0.000000
9940,1,0.007777,0.000000
9941,1,0.007801,0.000000
9942,1,0.007823,0.000000
9943,1,0.007843,0.000000
9944,1,0.007861,0.000000
9945,1,0.007877,0.000064
9946,1,0.007892,0.000243
9947,1,0.007905,0.000513
9948,1,0.007916,0.000851
9949,1,0.007927,0.001241
9950,1,0.007936,0.001665
9951,1,0.007944,0.002110
9952,1,0.007951,0.002563
9953,1,0.007957,0.003013
9954,1,0.007962,0.003422
9955,1,0.007966,0.003766
9956,1,0.007970,0.004031
9957,1,0.007973,0.004216
9958,1,0.007975,0.004324
9959,1,0.007977,0.004360
9960,1,0.007979,0.004336
9961,1,0.007980,0.004261
9962,1,0.007981,0.004145
9963,1,0.007982,0.004000
9964,1,0.007982,0.003834
9965,1,0.007982,0.003657
9966,1,0.007982,0.003475
9967,1,0.007981,0.003295
9968,1,0.007981,0.003122
9969,1,0.007980,0.002960
9970,1,0.007979,0.002812
9971,1,0.007978,0.002678
9972,1,0.007977,0.002561
9973,1,0.007975,0.002461
9974,1,0.007974,0.002376
9975,1,0.007972,0.002307
9976,1,0.007971,0.002252
9977,1,0.007969,0.002210
9978,1,0.007967,0.002178
9979,1,0.007965,0.002156
9980,1,0.007963,0.002140
9981,1,0.007961,0.002129
9982,1,0.007959,0.002115
9983,1,0.007957,0.002093
9984,1,0.007955,0.002058
9985,1,0.007953,0.002012
9986,1,0.007951,0.001953
9987,1,0.007948,0.001885
9988,1,0.007946,0.001807
9989,1,0.007944,0.001723
9990,1,0.007941,0.001635
9991,1,0.007939,0.001545
9992,1,0.007936,0.001455
9993,1,0.007934,0.001366
9994,1,0.007932,0.001280
9995,1,0.007929,0.001198
9996,1,0.007927,0.001121
9997,1,0.007924,0.001049
9998,1,0.007922,0.000984
9999,1,0.007919,0.000924
10000,1,0.007917,0.000871
10001,0,0.007914,0.000697
10002,0,0.008027,0.000558
10003,0,0.008227,0.000446
10004,0,0.008497,0.000357
10005,0,0.008829,0.000285
10006,0,0.009215,0.000228
10007,0,0.009652,0.000183
10008,0,0.010136,0.000146
10009,0,0.010667,0.000117
10010,0,0.011242,0.000094
10011,0,0.011860,0.000075
10012,0,0.012520,0.000060
10013,0,0.013222,0.000048
10014,0,0.013964,0.000038
10015,0,0.014745,0.000031
10016,0,0.015564,0.000025
10017,0,0.016419,0.000020
10018,0,0.017309,0.000016
10019,0,0.018231,0.000013
10020,0,0.019182,0.000010
10021,0,0.020160,0.000008
10022,0,0.021162,0.000006
10023,0,0.022184,0.000005
10024,0,0.023221,0.000004
10025,0,0.024271,0.000003
10026,0,0.025327,0.000445
10027,0,0.026386,0.001552
10028,0,0.027442,0.003134
10029,0,0.028490,0.005039
10030,0,0.029526,0.007144
10031,0,0.030544,0.009356
10032,0,0.031540,0.011598
10033,0,0.032509,0.013814
10034,0,0.033446,0.015959
10035,0,0.034347,0.018000
10036,0,0.035210,0.019913
10037,0,0.036031,0.021680
10038,0,0.036808,0.023291
10039,0,0.037539,0.024739
10040,0,0.038222,0.026022
10041,0,0.038856,0.027140
10042,0,0.039442,0.028096
10043,0,0.039979,0.028893
10044,0,0.040467,0.029539
10045,0,0.040909,0.030039
10046,0,0.041305,0.030401
10047,0,0.041656,0.030633
10048,0,0.041965,0.030743
10049,0,0.042234,0.030741
10050,0,0.042465,0.030634
10051,0,0.042659,0.030432
10052,0,0.042821,0.030141
10053,0,0.042950,0.029771
10054,0,0.043051,0.029329
10055,0,0.043125,0.028823
10056,0,0.043175,0.028259
10057,0,0.043202,0.027646
10058,0,0.043209,0.026989
10059,0,0.043197,0.026294
10060,0,0.043169,0.025568
10061,0,0.043125,0.024815
10062,0,0.043068,0.024022
10063,0,0.042999,0.023183
10064,0,0.042920,0.022299
10065,0,0.042831,0.021374
10066,0,0.042733,0.020418
10067,0,0.042628,0.019438
10068,0,0.042517,0.018445
10069,0,0.042400,0.017449
10070,0,0.042279,0.016458
10071,0,0.042153,0.015480
10072,0,0.042023,0.014523
10073,0,0.041891,0.013592
10074,0,0.041756,0.012693
10075,0,0.041618,0.011829
10076,0,0.041480,0.011004
10077,0,0.041339,0.010220
10078,0,0.041198,0.009478
10079,0,0.041056,0.008779
10080,0,0.040913,0.008123
10081,0,0.040770,0.007510
10082,0,0.040626,0.006939
10083,0,0.040483,0.006408
10084,0,0.040339,0.005917
10085,0,0.040196,0.005464
10086,0,0.040053,0.005047
10087,0,0.039911,0.004664
10088,0,0.039769,0.004313
10089,0,0.039628,0.003992
10090,0,0.039488,0.003700
10091,0,0.039348,0.003435
10092,0,0.039209,0.003193
10093,0,0.039071,0.002974
10094,0,0.038933,0.002776
10095,0,0.038797,0.002597
10096,0,0.038661,0.002435
10097,0,0.038527,0.002289
10098,0,0.038393,0.002157
10099,0,0.038260,0.002038
10100,0,0.038129,0.001931
10101,0,0.037998,0.001834
10102,0,0.037868,0.001747
10103,0,0.037740,0.001668
10104,0,0.037612,0.001596
10105,0,0.037486,0.001531
10106,0,0.037360,0.001472
10107,0,0.037236,0.001418
10108,0,0.037112,0.001368
10109,0,0.036990,0.001322
10110,0,0.036868,0.001279
10111,0,0.036748,0.001239
10112,0,0.036629,0.001202
10113,0,0.036510,0.001167
10114,0,0.036393,0.001134
10115,0,0.036277,0.001102
10116,0,0.036161,0.001071
10117,0,0.036047,0.001042
10118,0,0.035934,0.001013
10119,0,0.035821,0.000986
10120,0,0.035710,0.000958
10121,0,0.035599,0.000932
10122,0,0.035490,0.000906
10123,0,0.035381,0.000880
10124,0,0.035274,0.000854
10125,0,0.035167,0.000829
10126,0,0.035061,0.000804
10127,0,0.034956,0.000779
10128,0,0.034852,0.000755
10129,0,0.034749,0.000731
10130,0,0.034647,0.000707
10131,0,0.034545,0.000683
10132,0,0.034445,0.000659
10133,0,0.034345,0.000636
10134,0,0.034246,0.000613
10135,0,0.034148,0.000590
10136,0,0.034051,0.000567
10137,0,0.033954,0.000545
10138,0,0.033858,0.000523
10139,0,0.033764,0.000500
10140,0,0.033669,0.000478
10141,0,0.033576,0.000455
10142,0,0.033483,0.000432
10143,0,0.033391,0.000409
10144,0,0.033300,0.000386
10145,0,0.033210,0.000363
10146,0,0.033120,0.000341
10147,0,0.033031,0.000320
10148,0,0.032942,0.000299
10149,0,0.032855,0.000279
10150,0,0.032768,0.000260
10151,0,0.032681,0.000242
10152,0,0.032595,0.000224
10153,0,0.032510,0.000208
10154,0,0.032426,0.000192
10155,0,0.032342,0.000178
10156,0,0.032259,0.000164
10157,0,0.032176,0.000152
10158,0,0.032094,0.000140
10159,0,0.032013,0.000129
10160,0,0.031932,0.000119
10161,0,0.031852,0.000110
10162,0,0.031773,0.000101
10163,0,0.031694,0.000094
10164,0,0.031615,0.000087
10165,0,0.031537,0.000080
10166,0,0.031460,0.000074
10167,0,0.031383,0.000069
10168,0,0.031307,0.000064
10169,0,0.031231,0.000060
10170,0,0.031156,0.000056
10171,0,0.031081,0.000052
10172,0,0.031007,0.000049
10173,0,0.030933,0.000046
10174,0,0.030860,0.000043
10175,0,0.030787,0.000041
10176,0,0.030715,0.000039
10177,0,0.030643,0.000037
10178,0,0.030572,0.000035
10179,0,0.030501,0.000033
10180,0,0.030431,0.000032
10181,0,0.030361,0.000030
10182,0,0.030292,0.000029
10183,0,0.030223,0.000028
10184,0,0.030155,0.000027
10185,0,0.030087,0.000026
10186,0,0.030019,0.000025
10187,0,0.029952,0.000024
10188,0,0.029885,0.000024
10189,0,0.029819,0.000023
10190,0,0.029753,0.000022
10191,0,0.029687,0.000022
10192,0,0.029622,0.000021
10193,0,0.029558,0.000020
10194,0,0.029493,0.000020
10195,0,0.029429,0.000019
10196,0,0.029366,0.000019
10197,0,0.029303,0.000018
10198,0,0.029240,0.000018
10199,0,0.029178,0.000017
10200,0,0.029116,0.000017
10201,0,0.029054,0.000016
10202,0,0.028993,0.000015
10203,0,0.028932,0.000015
10204,0,0.028872,0.000014
10205,0,0.028812,0.000014
10206,0,0.028752,0.000013
10207,0,0.028692,0.000013
10208,0,0.028633,0.000013
10209,0,0.028574,0.000012
10210,0,0.028516,0.000012
10211,0,0.028458,0.000011
10212,0,0.028400,0.000011
10213,0,0.028343,0.000010
10214,0,0.028286,0.000010
10215,0,0.028229,0.000009
10216,0,0.028173,0.000009
10217,0,0.028116,0.000008
10218,0,0.028061,0.000008
10219,0,0.028005,0.000007
10220,0,0.027950,0.000007
10221,0,0.027895,0.000006
10222,0,0.027840,0.000006
10223,0,0.027786,0.000005
10224,0,0.027732,0.000005
10225,0,0.027678,0.000005
10226,0,0.027625,0.000004
10227,0,0.027572,0.000004
10228,0,0.027519,0.000004
10229,0,0.027467,0.000003
10230,0,0.027414,0.000003
10231,0,0.027362,0.000003
10232,0,0.027311,0.000003
10233,0,0.027259,0.000002
10234,0,0.027208,0.000002
10235,0,0.027157,0.000002
10236,0,0.027106,0.000002
10237,0,0.027056,0.000002
10238,0,0.027006,0.000002
10239,0,0.026956,0.000002
10240,0,0.026906,0.000001
10241,0,0.026857,0.000001
10242,0,0.026808,0.000001
10243,0,0.026759,0.000001
10244,0,0.026711,0.000001
10245,0,0.026662,0.000001
10246,0,0.026614,0.000001
10247,0,0.026566,0.000001
10248,0,0.026519,0.000001
10249,0,0.026471,0.000001
10250,0,0.026424,0.000001
10251,0,0.026377,0.000001
10252,0,0.026330,0.000001
10253,0,0.026284,0.000001
10254,0,0.026238,0.000001
10255,0,0.026192,0.000001
10256,0,0.026146,0.000001
10257,0,0.026100,0.000001
10258,0,0.026055,0.000001
10259,0,0.026010,0.000001
10260,0,0.025965,0.000001
10261,0,0.025920,0.000001
10262,0,0.025876,0.000001
10263,0,0.025831,0.000000
10264,0,0.025787,0.000000
10265,0,0.025743,0.000000
10266,0,0.025700,0.000000
10267,0,0.025656,0.000000
10268,0,0.025613,0.000000
10269,0,0.025570,0.000000
10270,0,0.025527,0.000000
10271,0,0.025484,0.000000
10272,0,0.025442,0.000000
10273,0,0.025400,0.000000
10274,0,0.025357,0.000000
10275,0,0.025316,0.000000
10276,0,0.025274,0.000000
10277,0,0.025232,0.000000
10278,0,0.025191,0.000000
10279,0,0.025150,0.000000
10280,0,0.025109,0.000000
10281,0,0.025068,0.000000
10282,0,0.025027,0.000000
10283,0,0.024987,0.000000
10284,0,0.024947,0.000000
10285,0,0.024907,0.000000
10286,0,0.024867,0.000000
10287,0,0.024827,0.000000
10288,0,0.024788,0.000000
10289,0,0.024748,0.000000
10290,0,0.024709,0.000000
10291,0,0.024670,0.000000
10292,0,0.024631,0.000000
10293,0,0.024592,0.000000
10294,0,0.024554,0.000000
10295,0,0.024516,0.000000
10296,0,0.024477,0.000000
10297,0,0.024439,0.000000
10298,0,0.024401,0.000000
10299,0,0.024364,0.000000
10300,0,0.024326,0.000000
10301,0,0.024289,0.000000
10302,0,0.024252,0.000000
10303,0,0.024214,0.000000
10304,0,0.024177,0.000000
10305,0,0.024141,0.000000
10306,0,0.024104,0.000000
10307,0,0.024068,0.000000
10308,0,0.024031,0.000000
10309,0,0.023995,0.000000
10310,0,0.023959,0.000000
10311,0,0.023923,0.000000
10312,0,0.023887,0.000000
10313,0,0.023852,0.000000
10314,0,0.023816,0.000000
10315,0,0.023781,0.000000
10316,0,0.023746,0.000000
10317,0,0.023711,0.000000
10318,0,0.023676,0.000000
10319,0,0.023641,0.000000
10320,0,0.023607,0.000000
10321,0,0.023572,0.000000
10322,0,0.023538,0.000000
10323,0,0.023503,0.000000
10324,0,0.023469,0.000000
10325,0,0.023435,0.000000
10326,0,0.023402,0.000000
10327,0,0.023368,0.000000
10328,0,0.023334,0.000000
10329,0,0.023301,0.000000
10330,0,0.023268,0.000000
10331,0,0.023235,0.000000
10332,0,0.023201,0.000000
10333,0,0.023169,0.000000
10334,0,0.023136,0.000000
10335,0,0.023103,0.000000
10336,0,0.023071,0.000000
10337,0,0.023038,0.000000
10338,0,0.023006,0.000000
10339,0,0.022974,0.000000
10340,0,0.022942,0.000000
10341,0,0.022910,0.000000
10342,0,0.022878,0.000000
10343,0,0.022846,0.000000
10344,0,0.022815,0.000000
10345,0,0.022783,0.000000
10346,0,0.022752,0.000000
10347,0,0.022721,0.000000
10348,0,0.022689,0.000000
10349,0,0.022658,0.000000
10350,0,0.022628,0.000000
10351,0,0.022597,0.000000
10352,0,0.022566,0.000000
10353,0,0.022536,0.000000
10354,0,0.022505,0.000000
10355,0,0.022475,0.000000
10356,0,0.022445,0.000000
10357,0,0.022414,0.000000
10358,0,0.022384,0.000000
10359,0,0.022354,0.000000
10360,0,0.022325,0.000000
10361,0,0.022295,0.000000
10362,0,0.022265,0.000000
10363,0,0.022236,0.000000
10364,0,0.022207,0.000000
10365,0,0.022177,0.000000
10366,0,0.022148,0.000000
10367,0,0.022119,0.000000
10368,0,0.022090,0.000000
10369,0,0.022061,0.000000
10370,0,0.022032,0.000000
10371,0,0.022004,0.000000
10372,0,0.021975,0.000000
10373,0,0.021947,0.000000
10374,0,0.021918,0.000000
10375,0,0.021890,0.000000
10376,0,0.021862,0.000000
10377,0,0.021834,0.000000
10378,0,0.021806,0.000000
10379,0,0.021778,0.000000
10380,0,0.021750,0.000000
10381,0,0.021722,0.000000
10382,0,0.021695,0.000000
10383,0,0.021667,0.000000
10384,0,0.021640,0.000000
10385,0,0.021612,0.000000
10386,0,0.021585,0.000000
10387,0,0.021558,0.000000
10388,0,0.021531,0.000000
10389,0,0.021504,0.000000
10390,0,0.021477,0.000000
10391,0,0.021450,0.000000
10392,0,0.021424,0.000000
10393,0,0.021397,0.000000
10394,0,0.021370,0.000000
10395,0,0.021344,0.000000
10396,0,0.021318,0.000000
10397,0,0.021291,0.000000
10398,0,0.021265,0.000000
10399,0,0.021239,0.000000
10400,0,0.021213,0.000000
10401,0,0.021187,0.000000
10402,0,0.021161,0.000000
10403,0,0.021135,0.000000
10404,0,0.021110,0.000000
10405,0,0.021084,0.000000
10406,0,0.021058,0.000000
10407,0,0.021033,0.000000
10408,0,0.021008,0.000000
10409,0,0.020982,0.000000
10410,0,0.020957,0.000000
10411,0,0.020932,0.000000
10412,0,0.020907,0.000000
10413,0,0.020882,0.000000
10414,0,0.020857,0.000000
10415,0,0.020832,0.000000
10416,0,0.020808,0.000000
10417,0,0.020783,0.000000
10418,0,0.020758,0.000000
10419,0,0.020734,0.000000
10420,0,0.020709,0.000000
10421,0,0.020685,0.000000
10422,0,0.020661,0.000000
10423,0,0.020636,0.000000
10424,0,0.020612,0.000000
10425,0,0.020588,0.000000
10426,0,0.020564,0.000000
10427,0,0.020540,0.000000
10428,0,0.020516,0.000000
10429,0,0.020493,0.000000
10430,0,0.020469,0.000000
10431,0,0.020445,0.000000
10432,0,0.020422,0.000000
10433,0,0.020398,0.000000
10434,0,0.020375,0.000000
10435,0,0.020351,0.000000
10436,0,0.020328,0.000000
10437,0,0.020305,0.000000
10438,0,0.020282,0.000000
10439,0,0.020259,0.000000
10440,0,0.020236,0.000000
10441,0,0.020213,0.000000
10442,0,0.020190,0.000000
10443,0,0.020167,0.000000
10444,0,0.020144,0.000000
10445,0,0.020122,0.000000
10446,0,0.020099,0.000000
10447,0,0.020077,0.000000
10448,0,0.020054,0.000000
10449,0,0.020032,0.000000
10450,0,0.020009,0.000000
10451,0,0.019987,0.000000
10452,0,0.019965,0.000000
10453,0,0.019943,0.000000
10454,0,0.019921,0.000000
10455,0,0.019898,0.000000
10456,0,0.019877,0.000000
10457,0,0.019855,0.000000
10458,0,0.019833,0.000000
10459,0,0.019811,0.000000
10460,0,0.019789,0.000000
10461,0,0.019768,0.000000
10462,0,0.019746,0.000000
10463,0,0.019724,0.000000
10464,0,0.019703,0.000000
10465,0,0.019682,0.000000
10466,0,0.019660,0.000000
10467,0,0.019639,0.000000
10468,0,0.019618,0.000000
10469,0,0.019596,0.000000
10470,0,0.019575,0.000000
10471,0,0.019554,0.000000
10472,0,0.019533,0.000000
10473,0,0.019512,0.000000
10474,0,0.019491,0.000000
10475,0,0.019471,0.000000
10476,0,0.019450,0.000000
10477,0,0.019429,0.000000
10478,0,0.019408,0.000000
10479,0,0.019388,0.000000
10480,0,0.019367,0.000000
10481,0,0.019347,0.000000
10482,0,0.019326,0.000000
10483,0,0.019306,0.000000
10484,0,0.019286,0.000000
10485,0,0.019265,0.000000
10486,0,0.019245,0.000000
10487,0,0.019225,0.000000
10488,0,0.019205,0.000000
10489,0,0.019185,0.000000
10490,0,0.019165,0.000000
10491,0,0.019145,0.000000
10492,0,0.019125,0.000000
10493,0,0.019105,0.000000
10494,0,0.019085,0.000000
10495,0,0.019066,0.000000
10496,0,0.019046,0.000000
10497,0,0.019026,0.000000
10498,0,0.019007,0.000000
10499,0,0.018987,0.000000
10500,0,0.018968,0.000000
10501,0,0.018948,0.000000
10502,0,0.018929,0.000000
10503,0,0.018909,0.000000
10504,0,0.018890,0.000000
10505,0,0.018871,0.000000
10506,0,0.018852,0.000000
10507,0,0.018833,0.000000
10508,0,0.018813,0.000000
10509,0,0.018794,0.000000
10510,0,0.018775,0.000000
10511,0,0.018756,0.000000
10512,0,0.018738,0.000000
10513,0,0.018719,0.000000
10514,0,0.018700,0.000000
10515,0,0.018681,0.000000
10516,0,0.018663,0.000000
10517,0,0.018644,0.000000
10518,0,0.018625,0.000000
10519,0,0.018607,0.000000
10520,0,0.018588,0.000000
10521,0,0.018570,0.000000
10522,0,0.018551,0.000000
10523,0,0.018533,0.000000
10524,0,0.018515,0.000000
10525,0,0.018496,0.000000
10526,0,0.018478,0.000000
10527,0,0.018460,0.000000
10528,0,0.018442,0.000000
10529,0,0.018424,0.000000
10530,0,0.018406,0.000000
10531,0,0.018388,0.000000
10532,0,0.018370,0.000000
10533,0,0.018352,0.000000
10534,0,0.018334,0.000000
10535,0,0.018316,0.000000
10536,0,0.018298,0.000000
10537,0,0.018280,0.000000
10538,0,0.018263,0.000000
10539,0,0.018245,0.000000
10540,0,0.018227,0.000000
10541,0,0.018210,0.000000
10542,0,0.018192,0.000000
10543,0,0.018175,0.000000
10544,0,0.018157,0.000000
10545,0,0.018140,0.000000
10546,0,0.018123,0.000000
10547,0,0.018105,0.000000
10548,0,0.018088,0.000000
10549,0,0.018071,0.000000
10550,0,0.018053,0.000000
10551,0,0.018036,0.000000
10552,0,0.018019,0.000000
10553,0,0.018002,0.000000
10554,0,0.017985,0.000000
10555,0,0.017968,0.000000
10556,0,0.017951,0.000000
10557,0,0.017934,0.000000
10558,0,0.017917,0.000000
10559,0,0.017900,0.000000
10560,0,0.017884,0.000000
10561,0,0.017867,0.000000
10562,0,0.017850,0.000000
10563,0,0.017833,0.000000
10564,0,0.017817,0.000000
10565,0,0.017800,0.000000
10566,0,0.017784,0.000000
10567,0,0.017767,0.000000
10568,0,0.017751,0.000000
10569,0,0.017734,0.000000
10570,0,0.017718,0.000000
10571,0,0.017701,0.000000
10572,0,0.017685,0.000000
10573,0,0.017669,0.000000
10574,0,0.017652,0.000000
10575,0,0.017636,0.000000
10576,0,0.017620,0.000000
10577,0,0.017604,0.000000
10578,0,0.017588,0.000000
10579,0,0.017572,0.000000
10580,0,0.017556,0.000000
10581,0,0.017540,0.000000
10582,0,0.017524,0.000000
10583,0,0.017508,0.000000
10584,0,0.017492,0.000000
10585,0,0.017476,0.000000
10586,0,0.017460,0.000000
10587,0,0.017444,0.000000
10588,0,0.017429,0.000000
10589,0,0.017413,0.000000
10590,0,0.017397,0.000000
10591,0,0.017381,0.000000
10592,0,0.017366,0.000000
10593,0,0.017350,0.000000
10594,0,0.017335,0.000000
10595,0,0.017319,0.000000
10596,0,0.017304,0.000000
10597,0,0.017288,0.000000
10598,0,0.017273,0.000000
10599,0,0.017257,0.000000
10600,0,0.017242,0.000000
10601,0,0.017227,0.000000
10602,0,0.017212,0.000000
10603,0,0.017196,0.000000
10604,0,0.017181,0.000000
10605,0,0.017166,0.000000
10606,0,0.017151,0.000000
10607,0,0.017136,0.000000
10608,0,0.017121,0.000000
10609,0,0.017105,0.000000
10610,0,0.017090,0.000000
10611,0,0.017075,0.000000
10612,0,0.017061,0.000000
10613,0,0.017046,0.000000
10614,0,0.017031,0.000000
10615,0,0.017016,0.000000
10616,0,0.017001,0.000000
10617,0,0.016986,0.000000
10618,0,0.016971,0.000000
10619,0,0.016957,0.000000
10620,0,0.016942,0.000000
10621,0,0.016927,0.000000
10622,0,0.016913,0.000000
10623,0,0.016898,0.000000
10624,0,0.016884,0.000000
10625,0,0.016869,0.000000
10626,0,0.016855,0.000000
10627,0,0.016840,0.000000
10628,0,0.016826,0.000000
10629,0,0.016811,0.000000
10630,0,0.016797,0.000000
10631,0,0.016782,0.000000
10632,0,0.016768,0.000000
10633,0,0.016754,0.000000
10634,0,0.016739,0.000000
10635,0,0.016725,0.000000
10636,0,0.016711,0.000000
10637,0,0.016697,0.000000
10638,0,0.016683,0.000000
10639,0,0.016669,0.000000
10640,0,0.016654,0.000000
10641,0,0.016640,0.000000
10642,0,0.016626,0.000000
10643,0,0.016612,0.000000
10644,0,0.016598,0.000000
10645,0,0.016584,0.000000
10646,0,0.016570,0.000000
10647,0,0.016557,0.000000
10648,0,0.016543,0.000000
10649,0,0.016529,0.000000
10650,0,0.016515,0.000000
10651,0,0.016501,0.000000
10652,0,0.016488,0.000000
10653,0,0.016474,0.000000
10654,0,0.016460,0.000000
10655,0,0.016446,0.000000
10656,0,0.016433,0.000000
10657,0,0.016419,0.000000
10658,0,0.016406,0.000000
10659,0,0.016392,0.000000
10660,0,0.016378,0.000000
10661,0,0.016365,0.000000
10662,0,0.016351,0.000000
10663,0,0.016338,0.000000
10664,0,0.016325,0.000000
10665,0,0.016311,0.000000
10666,0,0.016298,0.000000
10667,0,0.016284,0.000000
10668,0,0.016271,0.000000
10669,0,0.016258,0.000000
10670,0,0.016245,0.000000
10671,0,0.016231,0.000000
10672,0,0.016218,0.000000
10673,0,0.016205,0.000000
10674,0,0.016192,0.000000
10675,0,0.016179,0.000000
10676,0,0.016165,0.000000
10677,0,0.016152,0.000000
10678,0,0.016139,0.000000
10679,0,0.016126,0.000000
10680,0,0.016113,0.000000
10681,0,0.016100,0.000000
10682,0,0.016087,0.000000
10683,0,0.016074,0.000000
10684,0,0.016061,0.000000
10685,0,0.016049,0.000000
10686,0,0.016036,0.000000
10687,0,0.016023,0.000000
10688,0,0.016010,0.000000
10689,0,0.015997,0.000000
10690,0,0.015985,0.000000
10691,0,0.015972,0.000000
10692,0,0.015959,0.000000
10693,0,0.015946,0.000000
10694,0,0.015934,0.000000
10695,0,0.015921,0.000000
10696,0,0.015908,0.000000
10697,0,0.015896,0.000000
10698,0,0.015883,0.000000
10699,0,0.015871,0.000000
10700,0,0.015858,0.000000
10701,0,0.015846,0.000000
10702,0,0.015833,0.000000
10703,0,0.015821,0.000000
10704,0,0.015808,0.000000
10705,0,0.015796,0.000000
10706,0,0.015783,0.000000
10707,0,0.015771,0.000000
10708,0,0.015759,0.000000
10709,0,0.015746,0.000000
10710,0,0.015734,0.000000
10711,0,0.015722,0.000000
10712,0,0.015710,0.000000
10713,0,0.015697,0.000000
10714,0,0.015685,0.000000
10715,0,0.015673,0.000000
10716,0,0.015661,0.000000
10717,0,0.015649,0.000000
10718,0,0.015637,0.000000
10719,0,0.015625,0.000000
10720,0,0.015612,0.000000
10721,0,0.015600,0.000000
10722,0,0.015588,0.000000
10723,0,0.015576,0.000000
10724,0,0.015564,0.000000
10725,0,0.015552,0.000000
10726,0,0.015541,0.000000
10727,0,0.015529,0.000000
10728,0,0.015517,0.000000
10729,0,0.015505,0.000000
10730,0,0.015493,0.000000
10731,0,0.015481,0.000000
10732,0,0.015469,0.000000
10733,0,0.015458,0.000000
10734,0,0.015446,0.000000
10735,0,0.015434,0.000000
10736,0,0.015422,0.000000
10737,0,0.015411,0.000000
10738,0,0.015399,0.000000
10739,0,0.015387,0.000000
10740,0,0.015376,0.000000
10741,0,0.015364,0.000000
10742,0,0.015352,0.000000
10743,0,0.015341,0.000000
10744,0,0.015329,0.000000
10745,0,0.015318,0.000000
10746,0,0.015306,0.000000
10747,0,0.015295,0.000000
10748,0,0.015283,0.000000
10749,0,0.015272,0.000000
10750,0,0.015260,0.000000
10751,0,0.015249,0.000000
10752,0,0.015238,0.000000
10753,0,0.015226,0.000000
10754,0,0.015215,0.000000
10755,0,0.015204,0.000000
10756,0,0.015192,0.000000
10757,0,0.015181,0.000000
10758,0,0.015170,0.000000
10759,0,0.015158,0.000000
10760,0,0.015147,0.000000
10761,0,0.015136,0.000000
10762,0,0.015125,0.000000
10763,0,0.015114,0.000000
10764,0,0.015102,0.000000
10765,0,0.015091,0.000000
10766,0,0.015080,0.000000
10767,0,0.015069,0.000000
10768,0,0.015058,0.000000
10769,0,0.015047,0.000000
10770,0,0.015036,0.000000
10771,0,0.015025,0.000000
10772,0,0.015014,0.000000
10773,0,0.015003,0.000000
10774,0,0.014992,0.000000
10775,0,0.014981,0.000000
10776,0,0.014970,0.000000
10777,0,0.014959,0.000000
10778,0,0.014948,0.000000
10779,0,0.014937,0.000000
10780,0,0.014926,0.000000
10781,0,0.014916,0.000000
10782,0,0.014905,0.000000
10783,0,0.014894,0.000000
10784,0,0.014883,0.000000
10785,0,0.014872,0.000000
10786,0,0.014862,0.000000
10787,0,0.014851,0.000000
10788,0,0.014840,0.000000
10789,0,0.014830,0.000000
10790,0,0.014819,0.000000
10791,0,0.014808,0.000000
10792,0,0.014798,0.000000
10793,0,0.014787,0.000000
10794,0,0.014776,0.000000
10795,0,0.014766,0.000000
10796,0,0.014755,0.000000
10797,0,0.014745,0.000000
10798,0,0.014734,0.000000
10799,0,0.014724,0.000000
10800,0,0.014713,0.000000
10801,0,0.014703,0.000000
10802,0,0.014692,0.000000
10803,0,0.014682,0.000000
10804,0,0.014671,0.000000
10805,0,0.014661,0.000000
10806,0,0.014650,0.000000
10807,0,0.014640,0.000000
10808,0,0.014630,0.000000
10809,0,0.014619,0.000000
10810,0,0.014609,0.000000
10811,0,0.014599,0.000000
10812,0,0.014588,0.000000
10813,0,0.014578,0.000000
10814,0,0.014568,0.000000
10815,0,0.014558,0.000000
10816,0,0.014547,0.000000
10817,0,0.014537,0.000000
10818,0,0.014527,0.000000
10819,0,0.014517,0.000000
10820,0,0.014507,0.000000
10821,0,0.014497,0.000000
10822,0,0.014486,0.000000
10823,0,0.014476,0.000000
10824,0,0.014466,0.000000
10825,0,0.014456,0.000000
10826,0,0.014446,0.000000
10827,0,0.014436,0.000000
10828,0,0.014426,0.000000
10829,0,0.014416,0.000000
10830,0,0.014406,0.000000
10831,0,0.014396,0.000000
10832,0,0.014386,0.000000
10833,0,0.014376,0.000000
10834,0,0.014366,0.000000
10835,0,0.014356,0.000000
10836,0,0.014346,0.000000
10837,0,0.014336,0.000000
10838,0,0.014327,0.000000
10839,0,0.014317,0.000000
10840,0,0.014307,0.000000
10841,0,0.014297,0.000000
10842,0,0.014287,0.000000
10843,0,0.014277,0.000000
10844,0,0.014268,0.000000
10845,0,0.014258,0.000000
10846,0,0.014248,0.000000
10847,0,0.014238,0.000000
10848,0,0.014229,0.000000
10849,0,0.014219,0.000000
10850,0,0.014209,0.000000
10851,0,0.014200,0.000000
10852,0,0.014190,0.000000
10853,0,0.014180,0.000000
10854,0,0.014171,0.000000
10855,0,0.014161,0.000000
10856,0,0.014151,0.000000
10857,0,0.014142,0.000000
10858,0,0.014132,0.000000
10859,0,0.014123,0.000000
10860,0,0.014113,0.000000
10861,0,0.014104,0.000000
10862,0,0.014094,0.000000
10863,0,0.014085,0.000000
10864,0,0.014075,0.000000
10865,0,0.014066,0.000000
10866,0,0.014056,0.000000
10867,0,0.014047,0.000000
10868,0,0.014037,0.000000
10869,0,0.014028,0.000000
10870,0,0.014019,0.000000
10871,0,0.014009,0.000000
10872,0,0.014000,0.000000
10873,0,0.013990,0.000000
10874,0,0.013981,0.000000
10875,0,0.013972,0.000000
10876,0,0.013962,0.000000
10877,0,0.013953,0.000000
10878,0,0.013944,0.000000
10879,0,0.013935,0.000000
10880,0,0.013925,0.000000
10881,0,0.013916,0.000000
10882,0,0.013907,0.000000
10883,0,0.013898,0.000000
10884,0,0.013889,0.000000
10885,0,0.013879,0.000000
10886,0,0.013870,0.000000
10887,0,0.013861,0.000000
10888,0,0.013852,0.000000
10889,0,0.013843,0.000000
10890,0,0.013834,0.000000
10891,0,0.013824,0.000000
10892,0,0.013815,0.000000
10893,0,0.013806,0.000000
10894,0,0.013797,0.000000
10895,0,0.013788,0.000000
10896,0,0.013779,0.000000
10897,0,0.013770,0.000000
10898,0,0.013761,0.000000
10899,0,0.013752,0.000000
10900,0,0.013743,0.000000
10901,0,0.013734,0.000000
10902,0,0.013725,0.000000
10903,0,0.013716,0.000000
10904,0,0.013707,0.000000
10905,0,0.013698,0.000000
10906,0,0.013690,0.000000
10907,0,0.013681,0.000000
10908,0,0.013672,0.000000
10909,0,0.013663,0.000000
10910,0,0.013654,0.000000
10911,0,0.013645,0.000000
10912,0,0.013636,0.000000
10913,0,0.013628,0.000000
10914,0,0.013619,0.000000
10915,0,0.013610,0.000000
10916,0,0.013601,0.000000
10917,0,0.013592,0.000000
10918,0,0.013584,0.000000
10919,0,0.013575,0.000000
10920,0,0.013566,0.000000
10921,0,0.013558,0.000000
10922,0,0.013549,0.000000
10923,0,0.013540,0.000000
10924,0,0.013531,0.000000
10925,0,0.013523,0.000000
10926,0,0.013514,0.000000
10927,0,0.013506,0.000000
10928,0,0.013497,0.000000
10929,0,0.013488,0.000000
10930,0,0.013480,0.000000
10931,0,0.013471,0.000000
10932,0,0.013463,0.000000
10933,0,0.013454,0.000000
10934,0,0.013445,0.000000
10935,0,0.013437,0.000000
10936,0,0.013428,0.000000
10937,0,0.013420,0.000000
10938,0,0.013411,0.000000
10939,0,0.013403,0.000000
10940,0,0.013394,0.000000
10941,0,0.013386,0.000000
10942,0,0.013377,0.000000
10943,0,0.013369,0.000000
10944,0,0.013361,0.000000
10945,0,0.013352,0.000000
10946,0,0.013344,0.000000
10947,0,0.013335,0.000000
10948,0,0.013327,0.000000
10949,0,0.013319,0.000000
10950,0,0.013310,0.000000
10951,0,0.013302,0.000000
10952,0,0.013294,0.000000
10953,0,0.013285,0.000000
10954,0,0.013277,0.000000
10955,0,0.013269,0.000000
10956,0,0.013260,0.000000
10957,0,0.013252,0.000000
10958,0,0.013244,0.000000
10959,0,0.013235,0.000000
10960,0,0.013227,0.000000
10961,0,0.013219,0.000000
10962,0,0.013211,0.000000
10963,0,0.013203,0.000000
10964,0,0.013194,0.000000
10965,0,0.013186,0.000000
10966,0,0.013178,0.000000
10967,0,0.013170,0.000000
10968,0,0.013162,0.000000
10969,0,0.013154,0.000000
10970,0,0.013145,0.000000
10971,0,0.013137,0.000000
10972,0,0.013129,0.000000
10973,0,0.013121,0.000000
10974,0,0.013113,0.000000
10975,0,0.013105,0.000000
10976,0,0.013097,0.000000
10977,0,0.013089,0.000000
10978,0,0.013081,0.000000
10979,0,0.013073,0.000000
10980,0,0.013065,0.000000
10981,0,0.013057,0.000000
10982,0,0.013049,0.000000
10983,0,0.013041,0.000000
10984,0,0.013033,0.000000
10985,0,0.013025,0.000000
10986,0,0.013017,0.000000
10987,0,0.013009,0.000000
10988,0,0.013001,0.000000
10989,0,0.012993,0.000000
10990,0,0.012985,0.000000
10991,0,0.012977,0.000000
10992,0,0.012969,0.000000
10993,0,0.012961,0.000000
10994,0,0.012953,0.000000
10995,0,0.012946,0.000000
10996,0,0.012938,0.000000
10997,0,0.012930,0.000000
10998,0,0.012922,0.000000
10999,0,0.012914,0.000000
11000,0,0.012906,0.000000
11001,0,0.012899,0.000000
11002,0,0.012891,0.000000
11003,0,0.012883,0.000000
11004,0,0.012875,0.000000
11005,0,0.012868,0.000000
11006,0,0.012860,0.000000
11007,0,0.012852,0.000000
11008,0,0.012844,0.000000
11009,0,0.012837,0.000000
11010,0,0.012829,0.000000
11011,0,0.012821,0.000000
11012,0,0.012814,0.000000
11013,0,0.012806,0.000000
11014,0,0.012798,0.000000
11015,0,0.012791,0.000000
11016,0,0.012783,0.000000
11017,0,0.012775,0.000000
11018,0,0.012768,0.000000
11019,0,0.012760,0.000000
11020,0,0.012752,0.000000
11021,0,0.012745,0.000000
11022,0,0.012737,0.000000
11023,0,0.012730,0.000000
11024,0,0.012722,0.000000
11025,0,0.012714,0.000000
11026,0,0.012707,0.000000
11027,0,0.012699,0.000000
11028,0,0.012692,0.000000
11029,0,0.012684,0.000000
11030,0,0.012677,0.000000
11031,0,0.012669,0.000000
11032,0,0.012662,0.000000
11033,0,0.012654,0.000000
11034,0,0.012647,0.000000
11035,0,0.012639,0.000000
11036,0,0.012632,0.000000
11037,0,0.012625,0.000000
11038,0,0.012617,0.000000
11039,0,0.012610,0.000000
11040,0,0.012602,0.000000
11041,0,0.012595,0.000000
11042,0,0.012587,0.000000
11043,0,0.012580,0.000000
11044,0,0.012573,0.000000
11045,0,0.012565,0.000000
11046,0,0.012558,0.000000
11047,0,0.012551,0.000000
11048,0,0.012543,0.000000
11049,0,0.012536,0.000000
11050,0,0.012529,0.000000
11051,0,0.012521,0.000000
11052,0,0.012514,0.000000
11053,0,0.012507,0.000000
11054,0,0.012499,0.000000
11055,0,0.012492,0.000000
11056,0,0.012485,0.000000
11057,0,0.012478,0.000000
11058,0,0.012470,0.000000
11059,0,0.012463,0.000000
11060,0,0.012456,0.000000
11061,0,0.012449,0.000000
11062,0,0.012442,0.000000
11063,0,0.012434,0.000000
11064,0,0.012427,0.000000
11065,0,0.012420,0.000000
11066,0,0.012413,0.000000
11067,0,0.012406,0.000000
11068,0,0.012398,0.000000
11069,0,0.012391,0.000000
11070,0,0.012384,0.000000
11071,0,0.012377,0.000000
11072,0,0.012370,0.000000
11073,0,0.012363,0.000000
11074,0,0.012356,0.000000
11075,0,0.012349,0.000000
11076,0,0.012341,0.000000
11077,0,0.012334,0.000000
11078,0,0.012327,0.000000
11079,0,0.012320,0.000000
11080,0,0.012313,0.000000
11081,0,0.012306,0.000000
11082,0,0.012299,0.000000
11083,0,0.012292,0.000000
11084,0,0.012285,0.000000
11085,0,0.012278,0.000000
11086,0,0.012271,0.000000
11087,0,0.012264,0.000000
11088,0,0.012257,0.000000
11089,0,0.012250,0.000000
11090,0,0.012243,0.000000
11091,0,0.012236,0.000000
11092,0,0.012229,0.000000
11093,0,0.012222,0.000000
11094,0,0.012215,0.000000
11095,0,0.012208,0.000000
11096,0,0.012202,0.000000
11097,0,0.012195,0.000000
11098,0,0.012188,0.000000
11099,0,0.012181,0.000000
11100,0,0.012174,0.000000
11101,0,0.012167,0.000000
11102,0,0.012160,0.000000
11103,0,0.012153,0.000000
11104,0,0.012147,0.000000
11105,0,0.012140,0.000000
11106,0,0.012133,0.000000
11107,0,0.012126,0.000000
11108,0,0.012119,0.000000
11109,0,0.012112,0.000000
11110,0,0.012106,0.000000
11111,0,0.012099,0.000000
11112,0,0.012092,0.000000
11113,0,0.012085,0.000000
11114,0,0.012078,0.000000
11115,0,0.012072,0.000000
11116,0,0.012065,0.000000
11117,0,0.012058,0.000000
11118,0,0.012051,0.000000
11119,0,0.012045,0.000000
11120,0,0.012038,0.000000
11121,0,0.012031,0.000000
11122,0,0.012025,0.000000
11123,0,0.012018,0.000000
11124,0,0.012011,0.000000
11125,0,0.012005,0.000000
11126,0,0.011998,0.000000
11127,0,0.011991,0.000000
11128,0,0.011985,0.000000
11129,0,0.011978,0.000000
11130,0,0.011971,0.000000
11131,0,0.011965,0.000000
11132,0,0.011958,0.000000
11133,0,0.011951,0.000000
11134,0,0.011945,0.000000
11135,0,0.011938,0.000000
11136,0,0.011932,0.000000
11137,0,0.011925,0.000000
11138,0,0.011918,0.000000
11139,0,0.011912,0.000000
11140,0,0.011905,0.000000
11141,0,0.011899,0.000000
11142,0,0.011892,0.000000
11143,0,0.011886,0.000000
11144,0,0.011879,0.000000
11145,0,0.011873,0.000000
11146,0,0.011866,0.000000
11147,0,0.011860,0.000000
11148,0,0.011853,0.000000
11149,0,0.011847,0.000000
11150,0,0.011840,0.000000
11151,0,0.011834,0.000000
11152,0,0.011827,0.000000
11153,0,0.011821,0.000000
11154,0,0.011814,0.000000
11155,0,0.011808,0.000000
11156,0,0.011801,0.000000
11157,0,0.011795,0.000000
11158,0,0.011788,0.000000
11159,0,0.011782,0.000000
11160,0,0.011776,0.000000
11161,0,0.011769,0.000000
11162,0,0.011763,0.000000
11163,0,0.011756,0.000000
11164,0,0.011750,0.000000
11165,0,0.011744,0.000000
11166,0,0.011737,0.000000
11167,0,0.011731,0.000000
11168,0,0.011725,0.000000
11169,0,0.011718,0.000000
11170,0,0.011712,0.000000
11171,0,0.011705,0.000000
11172,0,0.011699,0.000000
11173,0,0.011693,0.000000
11174,0,0.011687,0.000000
11175,0,0.011680,0.000000
11176,0,0.011674,0.000000
11177,0,0.011668,0.000000
11178,0,0.011661,0.000000
11179,0,0.011655,0.000000
11180,0,0.011649,0.000000
11181,0,0.011643,0.000000
11182,0,0.011636,0.000000
11183,0,0.011630,0.000000
11184,0,0.011624,0.000000
11185,0,0.011618,0.000000
11186,0,0.011611,0.000000
11187,0,0.011605,0.000000
11188,0,0.011599,0.000000
11189,0,0.011593,0.000000
11190,0,0.011586,0.000000
11191,0,0.011580,0.000000
11192,0,0.011574,0.000000
11193,0,0.011568,0.000000
11194,0,0.011562,0.000000
11195,0,0.011556,0.000000
11196,0,0.011549,0.000000
11197,0,0.011543,0.000000
11198,0,0.011537,0.000000
11199,0,0.011531,0.000000
11200,0,0.011525,0.000000
11201,0,0.011519,0.000000
11202,0,0.011513,0.000000
11203,0,0.011507,0.000000
11204,0,0.011500,0.000000
11205,0,0.011494,0.000000
11206,0,0.011488,0.000000
11207,0,0.011482,0.000000
11208,0,0.011476,0.000000
11209,0,0.011470,0.000000
11210,0,0.011464,0.000000
11211,0,0.011458,0.000000
11212,0,0.011452,0.000000
11213,0,0.011446,0.000000
11214,0,0.011440,0.000000
11215,0,0.011434,0.000000
11216,0,0.011428,0.000000
11217,0,0.011422,0.000000
11218,0,0.011416,0.000000
11219,0,0.011410,0.000000
11220,0,0.011404,0.000000
11221,0,0.011398,0.000000
11222,0,0.011392,0.000000
11223,0,0.011386,0.000000
11224,0,0.011380,0.000000
11225,0,0.011374,0.000000
11226,0,0.011368,0.000000
11227,0,0.011362,0.000000
11228,0,0.011356,0.000000
11229,0,0.011350,0.000000
11230,0,0.011344,0.000000
11231,0,0.011338,0.000000
11232,0,0.011332,0.000000
11233,0,0.011326,0.000000
11234,0,0.011320,0.000000
11235,0,0.011314,0.000000
11236,0,0.011309,0.000000
11237,0,0.011303,0.000000
11238,0,0.011297,0.000000
11239,0,0.011291,0.000000
11240,0,0.011285,0.000000
11241,0,0.011279,0.000000
11242,0,0.011273,0.000000
11243,0,0.011267,0.000000
11244,0,0.011262,0.000000
11245,0,0.011256,0.000000
11246,0,0.011250,0.000000
11247,0,0.011244,0.000000
11248,0,0.011238,0.000000
11249,0,0.011232,0.000000
11250,0,0.011227,0.000000
11251,0,0.011221,0.000000
11252,0,0.011215,0.000000
11253,0,0.011209,0.000000
11254,0,0.011203,0.000000
11255,0,0.011198,0.000000
11256,0,0.011192,0.000000
11257,0,0.011186,0.000000
11258,0,0.011180,0.000000
11259,0,0.011175,0.000000
11260,0,0.011169,0.000000
11261,0,0.011163,0.000000
11262,0,0.011157,0.000000
11263,0,0.011152,0.000000
11264,0,0.011146,0.000000
11265,0,0.011140,0.000000
11266,0,0.011135,0.000000
11267,0,0.011129,0.000000
11268,0,0.011123,0.000000
11269,0,0.011117,0.000000
11270,0,0.011112,0.000000
11271,0,0.011106,0.000000
11272,0,0.011100,0.000000
11273,0,0.011095,0.000000
11274,0,0.011089,0.000000
11275,0,0.011083,0.000000
11276,0,0.011078,0.000000
11277,0,0.011072,0.000000
11278,0,0.011066,0.000000
11279,0,0.011061,0.000000
11280,0,0.011055,0.000000
11281,0,0.011050,0.000000
11282,0,0.011044,0.000000
11283,0,0.011038,0.000000
11284,0,0.011033,0.000000
11285,0,0.011027,0.000000
11286,0,0.011022,0.000000
11287,0,0.011016,0.000000
11288,0,0.011010,0.000000
11289,0,0.011005,0.000000
11290,0,0.010999,0.000000
11291,0,0.010994,0.000000
11292,0,0.010988,0.000000
11293,0,0.010983,0.000000
11294,0,0.010977,0.000000
11295,0,0.010971,0.000000
11296,0,0.010966,0.000000
11297,0,0.010960,0.000000
11298,0,0.010955,0.000000
11299,0,0.010949,0.000000
11300,0,0.010944,0.000000
11301,0,0.010938,0.000000
11302,0,0.010933,0.000000
11303,0,0.010927,0.000000
11304,0,0.010922,0.000000
11305,0,0.010916,0.000000
11306,0,0.010911,0.000000
11307,0,0.010905,0.000000
11308,0,0.010900,0.000000
11309,0,0.010894,0.000000
11310,0,0.010889,0.000000
11311,0,0.010884,0.000000
11312,0,0.010878,0.000000
11313,0,0.010873,0.000000
11314,0,0.010867,0.000000
11315,0,0.010862,0.000000
11316,0,0.010856,0.000000
11317,0,0.010851,0.000000
11318,0,0.010846,0.000000
11319,0,0.010840,0.000000
11320,0,0.010835,0.000000
11321,0,0.010829,0.000000
11322,0,0.010824,0.000000
11323,0,0.010819,0.000000
11324,0,0.010813,0.000000
11325,0,0.010808,0.000000
11326,0,0.010802,0.000000
11327,0,0.010797,0.000000
11328,0,0.010792,0.000000
11329,0,0.010786,0.000000
11330,0,0.010781,0.000000
11331,0,0.010776,0.000000
11332,0,0.010770,0.000000
11333,0,0.010765,0.000000
11334,0,0.010760,0.000000
11335,0,0.010754,0.000000
11336,0,0.010749,0.000000
11337,0,0.010744,0.000000
11338,0,0.010738,0.000000
11339,0,0.010733,0.000000
11340,0,0.010728,0.000000
11341,0,0.010722,0.000000
11342,0,0.010717,0.000000
11343,0,0.010712,0.000000
11344,0,0.010707,0.000000
11345,0,0.010701,0.000000
11346,0,0.010696,0.000000
11347,0,0.010691,0.000000
11348,0,0.010686,0.000000
11349,0,0.010680,0.000000
11350,0,0.010675,0.000000
11351,0,0.010670,0.000000
11352,0,0.010665,0.000000
11353,0,0.010659,0.000000
11354,0,0.010654,0.000000
11355,0,0.010649,0.000000
11356,0,0.010644,0.000000
11357,0,0.010639,0.000000
11358,0,0.010633,0.000000
11359,0,0.010628,0.000000
11360,0,0.010623,0.000000
11361,0,0.010618,0.000000
11362,0,0.010613,0.000000
11363,0,0.010607,0.000000
11364,0,0.010602,0.000000
11365,0,0.010597,0.000000
11366,0,0.010592,0.000000
11367,0,0.010587,0.000000
11368,0,0.010582,0.000000
11369,0,0.010576,0.000000
11370,0,0.010571,0.000000
11371,0,0.010566,0.000000
11372,0,0.010561,0.000000
11373,0,0.010556,0.000000
11374,0,0.010551,0.000000
11375,0,0.010546,0.000000
11376,0,0.010541,0.000000
11377,0,0.010535,0.000000
11378,0,0.010530,0.000000
11379,0,0.010525,0.000000
11380,0,0.010520,0.000000
11381,0,0.010515,0.000000
11382,0,0.010510,0.000000
11383,0,0.010505,0.000000
11384,0,0.010500,0.000000
11385,0,0.010495,0.000000
11386,0,0.010490,0.000000
11387,0,0.010485,0.000000
11388,0,0.010480,0.000000
11389,0,0.010474,0.000000
11390,0,0.010469,0.000000
11391,0,0.010464,0.000000
11392,0,0.010459,0.000000
11393,0,0.010454,0.000000
11394,0,0.010449,0.000000
11395,0,0.010444,0.000000
11396,0,0.010439,0.000000
11397,0,0.010434,0.000000
11398,0,0.010429,0.000000
11399,0,0.010424,0.000000
11400,0,0.010419,0.000000
11401,0,0.010414,0.000000
11402,0,0.010409,0.000000
11403,0,0.010404,0.000000
11404,0,0.010399,0.000000
11405,0,0.010394,0.000000
11406,0,0.010389,0.000000
11407,0,0.010384,0.000000
11408,0,0.010379,0.000000
11409,0,0.010374,0.000000
11410,0,0.010370,0.000000
11411,0,0.010365,0.000000
11412,0,0.010360,0.000000
11413,0,0.010355,0.000000
11414,0,0.010350,0.000000
11415,0,0.010345,0.000000
11416,0,0.010340,0.000000
11417,0,0.010335,0.000000
11418,0,0.010330,0.000000
11419,0,0.010325,0.000000
11420,0,0.010320,0.000000
11421,0,0.010315,0.000000
11422,0,0.010311,0.000000
11423,0,0.010306,0.000000
11424,0,0.010301,0.000000
11425,0,0.010296,0.000000
11426,0,0.010291,0.000000
11427,0,0.010286,0.000000
11428,0,0.010281,0.000000
11429,0,0.010276,0.000000
11430,0,0.010272,0.000000
11431,0,0.010267,0.000000
11432,0,0.010262,0.000000
11433,0,0.010257,0.000000
11434,0,0.010252,0.000000
11435,0,0.010247,0.000000
11436,0,0.010242,0.000000
11437,0,0.010238,0.000000
11438,0,0.010233,0.000000
11439,0,0.010228,0.000000
11440,0,0.010223,0.000000
11441,0,0.010218,0.000000
11442,0,0.010214,0.000000
11443,0,0.010209,0.000000
11444,0,0.010204,0.000000
11445,0,0.010199,0.000000
11446,0,0.010194,0.000000
11447,0,0.010190,0.000000
11448,0,0.010185,0.000000
11449,0,0.010180,0.000000
11450,0,0.010175,0.000000
11451,0,0.010171,0.000000
11452,0,0.010166,0.000000
11453,0,0.010161,0.000000
11454,0,0.010156,0.000000
11455,0,0.010151,0.000000
11456,0,0.010147,0.000000
11457,0,0.010142,0.000000
11458,0,0.010137,0.000000
11459,0,0.010133,0.000000
11460,0,0.010128,0.000000
11461,0,0.010123,0.000000
11462,0,0.010118,0.000000
11463,0,0.010114,0.000000
11464,0,0.010109,0.000000
11465,0,0.010104,0.000000
11466,0,0.010100,0.000000
11467,0,0.010095,0.000000
11468,0,0.010090,0.000000
11469,0,0.010085,0.000000
11470,0,0.010081,0.000000
11471,0,0.010076,0.000000
11472,0,0.010071,0.000000
11473,0,0.010067,0.000000
11474,0,0.010062,0.000000
11475,0,0.010057,0.000000
11476,0,0.010053,0.000000
11477,0,0.010048,0.000000
11478,0,0.010043,0.000000
11479,0,0.010039,0.000000
11480,0,0.010034,0.000000
11481,0,0.010030,0.000000
11482,0,0.010025,0.000000
11483,0,0.010020,0.000000
11484,0,0.010016,0.000000
11485,0,0.010011,0.000000
11486,0,0.010006,0.000000
11487,0,0.010002,0.000000
11488,0,0.009997,0.000000
11489,0,0.009993,0.000000
11490,0,0.009988,0.000000
11491,0,0.009983,0.000000
11492,0,0.009979,0.000000
11493,0,0.009974,0.000000
11494,0,0.009970,0.000000
11495,0,0.009965,0.000000
11496,0,0.009960,0.000000
11497,0,0.009956,0.000000
11498,0,0.009951,0.000000
11499,0,0.009947,0.000000
11500,0,0.009942,0.000000
11501,0,0.009938,0.000000
11502,0,0.009933,0.000000
11503,0,0.009929,0.000000
11504,0,0.009924,0.000000
11505,0,0.009919,0.000000
11506,0,0.009915,0.000000
11507,0,0.009910,0.000000
11508,0,0.009906,0.000000
11509,0,0.009901,0.000000
11510,0,0.009897,0.000000
11511,0,0.009892,0.000000
11512,0,0.009888,0.000000
11513,0,0.009883,0.000000
11514,0,0.009879,0.000000
11515,0,0.009874,0.000000
11516,0,0.009870,0.000000
11517,0,0.009865,0.000000
11518,0,0.009861,0.000000
11519,0,0.009856,0.000000
11520,0,0.009852,0.000000
11521,0,0.009847,0.000000
11522,0,0.009843,0.000000
11523,0,0.009838,0.000000
11524,0,0.009834,0.000000
11525,0,0.009829,0.000000
11526,0,0.009825,0.000000
11527,0,0.009821,0.000000
11528,0,0.009816,0.000000
11529,0,0.009812,0.000000
11530,0,0.009807,0.000000
11531,0,0.009803,0.000000
11532,0,0.009798,0.000000
11533,0,0.009794,0.000000
11534,0,0.009790,0.000000
11535,0,0.009785,0.000000
11536,0,0.009781,0.000000
11537,0,0.009776,0.000000
11538,0,0.009772,0.000000
11539,0,0.009767,0.000000
11540,0,0.009763,0.000000
11541,0,0.009759,0.000000
11542,0,0.009754,0.000000
11543,0,0.009750,0.000000
11544,0,0.009745,0.000000
11545,0,0.009741,0.000000
11546,0,0.009737,0.000000
11547,0,0.009732,0.000000
11548,0,0.009728,0.000000
11549,0,0.009724,0.000000
11550,0,0.009719,0.000000
11551,0,0.009715,0.000000
11552,0,0.009710,0.000000
11553,0,0.009706,0.000000
11554,0,0.009702,0.000000
11555,0,0.009697,0.000000
11556,0,0.009693,0.000000
11557,0,0.009689,0.000000
11558,0,0.009684,0.000000
11559,0,0.009680,0.000000
11560,0,0.009676,0.000000
11561,0,0.009671,0.000000
11562,0,0.009667,0.000000
11563,0,0.009663,0.000000
11564,0,0.009658,0.000000
11565,0,0.009654,0.000000
11566,0,0.009650,0.000000
11567,0,0.009646,0.000000
11568,0,0.009641,0.000000
11569,0,0.009637,0.000000
11570,0,0.009633,0.000000
11571,0,0.009628,0.000000
11572,0,0.009624,0.000000
11573,0,0.009620,0.000000
11574,0,0.009616,0.000000
11575,0,0.009611,0.000000
11576,0,0.009607,0.000000
11577,0,0.009603,0.000000
11578,0,0.009598,0.000000
11579,0,0.009594,0.000000
11580,0,0.009590,0.000000
11581,0,0.009586,0.000000
11582,0,0.009581,0.000000
11583,0,0.009577,0.000000
11584,0,0.009573,0.000000
11585,0,0.009569,0.000000
11586,0,0.009564,0.000000
11587,0,0.009560,0.000000
11588,0,0.009556,0.000000
11589,0,0.009552,0.000000
11590,0,0.009548,0.000000
11591,0,0.009543,0.000000
11592,0,0.009539,0.000000
11593,0,0.009535,0.000000
11594,0,0.009531,0.000000
11595,0,0.009527,0.000000
11596,0,0.009522,0.000000
11597,0,0.009518,0.000000
11598,0,0.009514,0.000000
11599,0,0.009510,0.000000
11600,0,0.009506,0.000000
11601,0,0.009501,0.000000
11602,0,0.009497,0.000000
11603,0,0.009493,0.000000
11604,0,0.009489,0.000000
11605,0,0.009485,0.000000
11606,0,0.009481,0.000000
11607,0,0.009476,0.000000
11608,0,0.009472,0.000000
11609,0,0.009468,0.000000
11610,0,0.009464,0.000000
11611,0,0.009460,0.000000
11612,0,0.009456,0.000000
11613,0,0.009451,0.000000
11614,0,0.009447,0.000000
11615,0,0.009443,0.000000
11616,0,0.009439,0.000000
11617,0,0.009435,0.000000
11618,0,0.009431,0.000000
11619,0,0.009427,0.000000
11620,0,0.009423,0.000000
11621,0,0.009418,0.000000
11622,0,0.009414,0.000000
11623,0,0.009410,0.000000
11624,0,0.009406,0.000000
11625,0,0.009402,0.000000
11626,0,0.009398,0.000000
11627,0,0.009394,0.000000
11628,0,0.009390,0.000000
11629,0,0.009386,0.000000
11630,0,0.009382,0.000000
11631,0,0.009378,0.000000
11632,0,0.009373,0.000000
11633,0,0.009369,0.000000
11634,0,0.009365,0.000000
11635,0,0.009361,0.000000
11636,0,0.009357,0.000000
11637,0,0.009353,0.000000
11638,0,0.009349,0.000000
11639,0,0.009345,0.000000
11640,0,0.009341,0.000000
11641,0,0.009337,0.000000
11642,0,0.009333,0.000000
11643,0,0.009329,0.000000
11644,0,0.009325,0.000000
11645,0,0.009321,0.000000
11646,0,0.009317,0.000000
11647,0,0.009313,0.000000
11648,0,0.009309,0.000000
11649,0,0.009305,0.000000
11650,0,0.009301,0.000000
11651,0,0.009297,0.000000
11652,0,0.009293,0.000000
11653,0,0.009289,0.000000
11654,0,0.009285,0.000000
11655,0,0.009281,0.000000
11656,0,0.009277,0.000000
11657,0,0.009273,0.000000
11658,0,0.009269,0.000000
11659,0,0.009265,0.000000
11660,0,0.009261,0.000000
11661,0,0.009257,0.000000
11662,0,0.009253,0.000000
11663,0,0.009249,0.000000
11664,0,0.009245,0.000000
11665,0,0.009241,0.000000
11666,0,0.009237,0.000000
11667,0,0.009233,0.000000
11668,0,0.009229,0.000000
11669,0,0.009225,0.000000
11670,0,0.009221,0.000000
11671,0,0.009217,0.000000
11672,0,0.009213,0.000000
11673,0,0.009209,0.000000
11674,0,0.009205,0.000000
11675,0,0.009201,0.000000
11676,0,0.009197,0.000000
11677,0,0.009193,0.000000
11678,0,0.009189,0.000000
11679,0,0.009185,0.000000
11680,0,0.009182,0.000000
11681,0,0.009178,0.000000
11682,0,0.009174,0.000000
11683,0,0.009170,0.000000
11684,0,0.009166,0.000000
11685,0,0.009162,0.000000
11686,0,0.009158,0.000000
11687,0,0.009154,0.000000
11688,0,0.009150,0.000000
11689,0,0.009146,0.000000
11690,0,0.009142,0.000000
11691,0,0.009139,0.000000
11692,0,0.009135,0.000000
11693,0,0.009131,0.000000
11694,0,0.009127,0.000000
11695,0,0.009123,0.000000
11696,0,0.009119,0.000000
11697,0,0.009115,0.000000
11698,0,0.009111,0.000000
11699,0,0.009108,0.000000
11700,0,0.009104,0.000000
11701,0,0.009100,0.000000
11702,0,0.009096,0.000000
11703,0,0.009092,0.000000
11704,0,0.009088,0.000000
11705,0,0.009084,0.000000
11706,0,0.009081,0.000000
11707,0,0.009077,0.000000
11708,0,0.009073,0.000000
11709,0,0.009069,0.000000
11710,0,0.009065,0.000000
11711,0,0.009061,0.000000
11712,0,0.009058,0.000000
11713,0,0.009054,0.000000
11714,0,0.009050,0.000000
11715,0,0.009046,0.000000
11716,0,0.009042,0.000000
11717,0,0.009039,0.000000
11718,0,0.009035,0.000000
11719,0,0.009031,0.000000
11720,0,0.009027,0.000000
11721,0,0.009023,0.000000
11722,0,0.009020,0.000000
11723,0,0.009016,0.000000
11724,0,0.009012,0.000000
11725,0,0.009008,0.000000
11726,0,0.009004,0.000000
11727,0,0.009001,0.000000
11728,0,0.008997,0.000000
11729,0,0.008993,0.000000
11730,0,0.008989,0.000000
11731,0,0.008985,0.000000
11732,0,0.008982,0.000000
11733,0,0.008978,0.000000
11734,0,0.008974,0.000000
11735,0,0.008970,0.000000
11736,0,0.008967,0.000000
11737,0,0.008963,0.000000
11738,0,0.008959,0.000000
11739,0,0.008955,0.000000
11740,0,0.008952,0.000000
11741,0,0.008948,0.000000
11742,0,0.008944,0.000000
11743,0,0.008940,0.000000
11744,0,0.008937,0.000000
11745,0,0.008933,0.000000
11746,0,0.008929,0.000000
11747,0,0.008926,0.000000
11748,0,0.008922,0.000000
11749,0,0.008918,0.000000
11750,0,0.008914,0.000000
11751,0,0.008911,0.000000
11752,0,0.008907,0.000000
11753,0,0.008903,0.000000
11754,0,0.008900,0.000000
11755,0,0.008896,0.000000
11756,0,0.008892,0.000000
11757,0,0.008888,0.000000
11758,0,0.008885,0.000000
11759,0,0.008881,0.000000
11760,0,0.008877,0.000000
11761,0,0.008874,0.000000
11762,0,0.008870,0.000000
11763,0,0.008866,0.000000
11764,0,0.008863,0.000000
11765,0,0.008859,0.000000
11766,0,0.008855,0.000000
11767,0,0.008852,0.000000
11768,0,0.008848,0.000000
11769,0,0.008844,0.000000
11770,0,0.008841,0.000000
11771,0,0.008837,0.000000
11772,0,0.008833,0.000000
11773,0,0.008830,0.000000
11774,0,0.008826,0.000000
11775,0,0.008822,0.000000
11776,0,0.008819,0.000000
11777,0,0.008815,0.000000
11778,0,0.008811,0.000000
11779,0,0.008808,0.000000
11780,0,0.008804,0.000000
11781,0,0.008801,0.000000
11782,0,0.008797,0.000000
11783,0,0.008793,0.000000
11784,0,0.008790,0.000000
11785,0,0.008786,0.000000
11786,0,0.008782,0.000000
11787,0,0.008779,0.000000
11788,0,0.008775,0.000000
11789,0,0.008772,0.000000
11790,0,0.008768,0.000000
11791,0,0.008764,0.000000
11792,0,0.008761,0.000000
11793,0,0.008757,0.000000
11794,0,0.008754,0.000000
11795,0,0.008750,0.000000
11796,0,0.008746,0.000000
11797,0,0.008743,0.000000
11798,0,0.008739,0.000000
11799,0,0.008736,0.000000
11800,0,0.008732,0.000000
11801,0,0.008729,0.000000
11802,0,0.008725,0.000000
11803,0,0.008721,0.000000
11804,0,0.008718,0.000000
11805,0,0.008714,0.000000
11806,0,0.008711,0.000000
11807,0,0.008707,0.000000
11808,0,0.008704,0.000000
11809,0,0.008700,0.000000
11810,0,0.008696,0.000000
11811,0,0.008693,0.000000
11812,0,0.008689,0.000000
11813,0,0.008686,0.000000
11814,0,0.008682,0.000000
11815,0,0.008679,0.000000
11816,0,0.008675,0.000000
11817,0,0.008672,0.000000
11818,0,0.008668,0.000000
11819,0,0.008665,0.000000
11820,0,0.008661,0.000000
11821,0,0.008658,0.000000
11822,0,0.008654,0.000000
11823,0,0.008651,0.000000
11824,0,0.008647,0.000000
11825,0,0.008643,0.000000
11826,0,0.008640,0.000000
11827,0,0.008636,0.000000
11828,0,0.008633,0.000000
11829,0,0.008629,0.000000
11830,0,0.008626,0.000000
11831,0,0.008622,0.000000
11832,0,0.008619,0.000000
11833,0,0.008615,0.000000
11834,0,0.008612,0.000000
11835,0,0.008608,0.000000
11836,0,0.008605,0.000000
11837,0,0.008602,0.000000
11838,0,0.008598,0.000000
11839,0,0.008595,0.000000
11840,0,0.008591,0.000000
11841,0,0.008588,0.000000
11842,0,0.008584,0.000000
11843,0,0.008581,0.000000
11844,0,0.008577,0.000000
11845,0,0.008574,0.000000
11846,0,0.008570,0.000000
11847,0,0.008567,0.000000
11848,0,0.008563,0.000000
11849,0,0.008560,0.000000
11850,0,0.008556,0.000000
11851,0,0.008553,0.000000
11852,0,0.008550,0.000000
11853,0,0.008546,0.000000
11854,0,0.008543,0.000000
11855,0,0.008539,0.000000
11856,0,0.008536,0.000000
11857,0,0.008532,0.000000
11858,0,0.008529,0.000000
11859,0,0.008526,0.000000
11860,0,0.008522,0.000000
11861,0,0.008519,0.000000
11862,0,0.008515,0.000000
11863,0,0.008512,0.000000
11864,0,0.008508,0.000000
11865,0,0.008505,0.000000
11866,0,0.008502,0.000000
11867,0,0.008498,0.000000
11868,0,0.008495,0.000000
11869,0,0.008491,0.000000
11870,0,0.008488,0.000000
11871,0,0.008485,0.000000
11872,0,0.008481,0.000000
11873,0,0.008478,0.000000
11874,0,0.008474,0.000000
11875,0,0.008471,0.000000
11876,0,0.008468,0.000000
11877,0,0.008464,0.000000
11878,0,0.008461,0.000000
11879,0,0.008457,0.000000
11880,0,0.008454,0.000000
11881,0,0.008451,0.000000
11882,0,0.008447,0.000000
11883,0,0.008444,0.000000
11884,0,0.008441,0.000000
11885,0,0.008437,0.000000
11886,0,0.008434,0.000000
11887,0,0.008430,0.000000
11888,0,0.008427,0.000000
11889,0,0.008424,0.000000
11890,0,0.008420,0.000000
11891,0,0.008417,0.000000
11892,0,0.008414,0.000000
11893,0,0.008410,0.000000
11894,0,0.008407,0.000000
11895,0,0.008404,0.000000
11896,0,0.008400,0.000000
11897,0,0.008397,0.000000
11898,0,0.008394,0.000000
11899,0,0.008390,0.000000
11900,0,0.008387,0.000000
11901,0,0.008384,0.000000
11902,0,0.008380,0.000000
11903,0,0.008377,0.000000
11904,0,0.008374,0.000000
11905,0,0.008370,0.000000
11906,0,0.008367,0.000000
11907,0,0.008364,0.000000
11908,0,0.008360,0.000000
11909,0,0.008357,0.000000
11910,0,0.008354,0.000000
11911,0,0.008350,0.000000
11912,0,0.008347,0.000000
11913,0,0.008344,0.000000
11914,0,0.008341,0.000000
11915,0,0.008337,0.000000
11916,0,0.008334,0.000000
11917,0,0.008331,0.000000
11918,0,0.008327,0.000000
11919,0,0.008324,0.000000
11920,0,0.008321,0.000000
11921,0,0.008318,0.000000
11922,0,0.008314,0.000000
11923,0,0.008311,0.000000
11924,0,0.008308,0.000000
11925,0,0.008304,0.000000
11926,0,0.008301,0.000000
11927,0,0.008298,0.000000
11928,0,0.008295,0.000000
11929,0,0.008291,0.000000
11930,0,0.008288,0.000000
11931,0,0.008285,0.000000
11932,0,0.008282,0.000000
11933,0,0.008278,0.000000
11934,0,0.008275,0.000000
11935,0,0.008272,0.000000
11936,0,0.008269,0.000000
11937,0,0.008265,0.000000
11938,0,0.008262,0.000000
11939,0,0.008259,0.000000
11940,0,0.008256,0.000000
11941,0,0.008252,0.000000
11942,0,0.008249,0.000000
11943,0,0.008246,0.000000
11944,0,0.008243,0.000000
11945,0,0.008239,0.000000
11946,0,0.008236,0.000000
11947,0,0.008233,0.000000
11948,0,0.008230,0.000000
11949,0,0.008227,0.000000
11950,0,0.008223,0.000000
11951,0,0.008220,0.000000
11952,0,0.008217,0.000000
11953,0,0.008214,0.000000
11954,0,0.008210,0.000000
11955,0,0.008207,0.000000
11956,0,0.008204,0.000000
11957,0,0.008201,0.000000
11958,0,0.008198,0.000000
11959,0,0.008194,0.000000
11960,0,0.008191,0.000000
11961,0,0.008188,0.000000
11962,0,0.008185,0.000000
11963,0,0.008182,0.000000
11964,0,0.008179,0.000000
11965,0,0.008175,0.000000
11966,0,0.008172,0.000000
11967,0,0.008169,0.000000
11968,0,0.008166,0.000000
11969,0,0.008163,0.000000
11970,0,0.008159,0.000000
11971,0,0.008156,0.000000
11972,0,0.008153,0.000000
11973,0,0.008150,0.000000
11974,0,0.008147,0.000000
11975,0,0.008144,0.000000
11976,0,0.008140,0.000000
11977,0,0.008137,0.000000
11978,0,0.008134,0.000000
11979,0,0.008131,0.000000
11980,0,0.008128,0.000000
11981,0,0.008125,0.000000
11982,0,0.008122,0.000000
11983,0,0.008118,0.000000
11984,0,0.008115,0.000000
11985,0,0.008112,0.000000
11986,0,0.008109,0.000000
11987,0,0.008106,0.000000
11988,0,0.008103,0.000000
11989,0,0.008100,0.000000
11990,0,0.008096,0.000000
11991,0,0.008093,0.000000
11992,0,0.008090,0.000000
11993,0,0.008087,0.000000
11994,0,0.008084,0.000000
11995,0,0.008081,0.000000
11996,0,0.008078,0.000000
11997,0,0.008075,0.000000
11998,0,0.008071,0.000000
11999,0,0.008068,0.000000
12000,0,0.008065,0.000000
12001,0,0.008062,0.000000
12002,0,0.008059,0.000000
12003,0,0.008056,0.000000
12004,0,0.008053,0.000000
12005,0,0.008050,0.000000
12006,0,0.008047,0.000000
12007,0,0.008043,0.000000
12008,0,0.008040,0.000000
12009,0,0.008037,0.000000
12010,0,0.008034,0.000000
12011,0,0.008031,0.000000
12012,0,0.008028,0.000000
12013,0,0.008025,0.000000
12014,0,0.008022,0.000000
12015,0,0.008019,0.000000
12016,0,0.008016,0.000000
12017,0,0.008013,0.000000
12018,0,0.008010,0.000000
12019,0,0.008006,0.000000
12020,0,0.008003,0.000000
12021,0,0.008000,0.000000
12022,0,0.007997,0.000000
12023,0,0.007994,0.000000
12024,0,0.007991,0.000000
12025,0,0.007988,0.000000
12026,0,0.007985,0.000000
12027,0,0.007982,0.000000
12028,0,0.007979,0.000000
12029,0,0.007976,0.000000
12030,0,0.007973,0.000000
12031,0,0.007970,0.000000
12032,0,0.007967,0.000000
12033,0,0.007964,0.000000
12034,0,0.007961,0.000000
12035,0,0.007958,0.000000
12036,0,0.007955,0.000000
12037,0,0.007952,0.000000
12038,0,0.007948,0.000000
12039,0,0.007945,0.000000
12040,0,0.007942,0.000000
12041,0,0.007939,0.000000
12042,0,0.007936,0.000000
12043,0,0.007933,0.000000
12044,0,0.007930,0.000000
12045,0,0.007927,0.000000
12046,0,0.007924,0.000000
12047,0,0.007921,0.000000
12048,0,0.007918,0.000000
12049,0,0.007915,0.000000
12050,0,0.007912,0.000000
12051,0,0.007909,0.000000
12052,0,0.007906,0.000000
12053,0,0.007903,0.000000
12054,0,0.007900,0.000000
12055,0,0.007897,0.000000
12056,0,0.007894,0.000000
12057,0,0.007891,0.000000
12058,0,0.007888,0.000000
12059,0,0.007885,0.000000
12060,0,0.007882,0.000000
12061,0,0.007879,0.000000
12062,0,0.007876,0.000000
12063,0,0.007873,0.000000
12064,0,0.007870,0.000000
12065,0,0.007867,0.000000
12066,0,0.007864,0.000000
12067,0,0.007861,0.000000
12068,0,0.007858,0.000000
12069,0,0.007855,0.000000
12070,0,0.007852,0.000000
12071,0,0.007849,0.000000
12072,0,0.007847,0.000000
12073,0,0.007844,0.000000
12074,0,0.007841,0.000000
12075,0,0.007838,0.000000
12076,0,0.007835,0.000000
12077,0,0.007832,0.000000
12078,0,0.007829,0.000000
12079,0,0.007826,0.000000
12080,0,0.007823,0.000000
12081,0,0.007820,0.000000
12082,0,0.007817,0.000000
12083,0,0.007814,0.000000
12084,0,0.007811,0.000000
12085,0,0.007808,0.000000
12086,0,0.007805,0.000000
12087,0,0.007802,0.000000
12088,0,0.007799,0.000000
12089,0,0.007796,0.000000
12090,0,0.007793,0.000000
12091,0,0.007790,0.000000
12092,0,0.007788,0.000000
12093,0,0.007785,0.000000
12094,0,0.007782,0.000000
12095,0,0.007779,0.000000
12096,0,0.007776,0.000000
12097,0,0.007773,0.000000
12098,0,0.007770,0.000000
12099,0,0.007767,0.000000
12100,0,0.007764,0.000000
12101,0,0.007761,0.000000
12102,0,0.007758,0.000000
12103,0,0.007755,0.000000
12104,0,0.007753,0.000000
12105,0,0.007750,0.000000
12106,0,0.007747,0.000000
12107,0,0.007744,0.000000
12108,0,0.007741,0.000000
12109,0,0.007738,0.000000
12110,0,0.007735,0.000000
12111,0,0.007732,0.000000
12112,0,0.007729,0.000000
12113,0,0.007726,0.000000
12114,0,0.007724,0.000000
12115,0,0.007721,0.000000
12116,0,0.007718,0.000000
12117,0,0.007715,0.000000
12118,0,0.007712,0.000000
12119,0,0.007709,0.000000
12120,0,0.007706,0.000000
12121,0,0.007703,0.000000
12122,0,0.007701,0.000000
12123,0,0.007698,0.000000
12124,0,0.007695,0.000000
12125,0,0.007692,0.000000
12126,0,0.007689,0.000000
12127,0,0.007686,0.000000
12128,0,0.007683,0.000000
12129,0,0.007680,0.000000
12130,0,0.007678,0.000000
12131,0,0.007675,0.000000
12132,0,0.007672,0.000000
12133,0,0.007669,0.000000
12134,0,0.007666,0.000000
12135,0,0.007663,0.000000
12136,0,0.007660,0.000000
12137,0,0.007658,0.000000
12138,0,0.007655,0.000000
12139,0,0.007652,0.000000
12140,0,0.007649,0.000000
12141,0,0.007646,0.000000
12142,0,0.007643,0.000000
12143,0,0.007641,0.000000
12144,0,0.007638,0.000000
12145,0,0.007635,0.000000
12146,0,0.007632,0.000000
12147,0,0.007629,0.000000
12148,0,0.007626,0.000000
12149,0,0.007624,0.000000
12150,0,0.007621,0.000000
12151,0,0.007618,0.000000
12152,0,0.007615,0.000000
12153,0,0.007612,0.000000
12154,0,0.007609,0.000000
12155,0,0.007607,0.000000
12156,0,0.007604,0.000000
12157,0,0.007601,0.000000
12158,0,0.007598,0.000000
12159,0,0.007595,0.000000
12160,0,0.007593,0.000000
12161,0,0.007590,0.000000
12162,0,0.007587,0.000000
12163,0,0.007584,0.000000
12164,0,0.007581,0.000000
12165,0,0.007579,0.000000
12166,0,0.007576,0.000000
12167,0,0.007573,0.000000
12168,0,0.007570,0.000000
12169,0,0.007567,0.000000
12170,0,0.007565,0.000000
12171,0,0.007562,0.000000
12172,0,0.007559,0.000000
12173,0,0.007556,0.000000
12174,0,0.007553,0.000000
12175,0,0.007551,0.000000
12176,0,0.007548,0.000000
12177,0,0.007545,0.000000
12178,0,0.007542,0.000000
12179,0,0.007540,0.000000
12180,0,0.007537,0.000000
12181,0,0.007534,0.000000
12182,0,0.007531,0.000000
12183,0,0.007528,0.000000
12184,0,0.007526,0.000000
12185,0,0.007523,0.000000
12186,0,0.007520,0.000000
12187,0,0.007517,0.000000
12188,0,0.007515,0.000000
12189,0,0.007512,0.000000
12190,0,0.007509,0.000000
12191,0,0.007506,0.000000
12192,0,0.007504,0.000000
12193,0,0.007501,0.000000
12194,0,0.007498,0.000000
12195,0,0.007495,0.000000
12196,0,0.007493,0.000000
12197,0,0.007490,0.000000
12198,0,0.007487,0.000000
12199,0,0.007484,0.000000
12200,0,0.007482,0.000000
12201,0,0.007479,0.000000
12202,0,0.007476,0.000000
12203,0,0.007473,0.000000
12204,0,0.007471,0.000000
12205,0,0.007468,0.000000
12206,0,0.007465,0.000000
12207,0,0.007463,0.000000
12208,0,0.007460,0.000000
12209,0,0.007457,0.000000
12210,0,0.007454,0.000000
12211,0,0.007452,0.000000
12212,0,0.007449,0.000000
12213,0,0.007446,0.000000
12214,0,0.007443,0.000000
12215,0,0.007441,0.000000
12216,0,0.007438,0.000000
12217,0,0.007435,0.000000
12218,0,0.007433,0.000000
12219,0,0.007430,0.000000
12220,0,0.007427,0.000000
12221,0,0.007425,0.000000
12222,0,0.007422,0.000000
12223,0,0.007419,0.000000
12224,0,0.007416,0.000000
12225,0,0.007414,0.000000
12226,0,0.007411,0.000000
12227,0,0.007408,0.000000
12228,0,0.007406,0.000000
12229,0,0.007403,0.000000
12230,0,0.007400,0.000000
12231,0,0.007398,0.000000
12232,0,0.007395,0.000000
12233,0,0.007392,0.000000
12234,0,0.007390,0.000000
12235,0,0.007387,0.000000
12236,0,0.007384,0.000000
12237,0,0.007381,0.000000
12238,0,0.007379,0.000000
12239,0,0.007376,0.000000
12240,0,0.007373,0.000000
12241,0,0.007371,0.000000
12242,0,0.007368,0.000000
12243,0,0.007365,0.000000
12244,0,0.007363,0.000000
12245,0,0.007360,0.000000
12246,0,0.007357,0.000000
12247,0,0.007355,0.000000
12248,0,0.007352,0.000000
12249,0,0.007349,0.000000
12250,0,0.007347,0.000000
12251,0,0.007344,0.000000
12252,0,0.007341,0.000000
12253,0,0.007339,0.000000
12254,0,0.007336,0.000000
12255,0,0.007334,0.000000
12256,0,0.007331,0.000000
12257,0,0.007328,0.000000
12258,0,0.007326,0.000000
12259,0,0.007323,0.000000
12260,0,0.007320,0.000000
12261,0,0.007318,0.000000
12262,0,0.007315,0.000000
12263,0,0.007312,0.000000
12264,0,0.007310,0.000000
12265,0,0.007307,0.000000
12266,0,0.007304,0.000000
12267,0,0.007302,0.000000
12268,0,0.007299,0.000000
12269,0,0.007297,0.000000
12270,0,0.007294,0.000000
12271,0,0.007291,0.000000
12272,0,0.007289,0.000000
12273,0,0.007286,0.000000
12274,0,0.007283,0.000000
12275,0,0.007281,0.000000
12276,0,0.007278,0.000000
12277,0,0.007276,0.000000
12278,0,0.007273,0.000000
12279,0,0.007270,0.000000
12280,0,0.007268,0.000000
12281,0,0.007265,0.000000
12282,0,0.007263,0.000000
12283,0,0.007260,0.000000
12284,0,0.007257,0.000000
12285,0,0.007255,0.000000
12286,0,0.007252,0.000000
12287,0,0.007250,0.000000
12288,0,0.007247,0.000000
12289,0,0.007244,0.000000
12290,0,0.007242,0.000000
12291,0,0.007239,0.000000
12292,0,0.007237,0.000000
12293,0,0.007234,0.000000
12294,0,0.007231,0.000000
12295,0,0.007229,0.000000
12296,0,0.007226,0.000000
12297,0,0.007224,0.000000
12298,0,0.007221,0.000000
12299,0,0.007218,0.000000
12300,0,0.007216,0.000000
12301,0,0.007213,0.000000
12302,0,0.007211,0.000000
12303,0,0.007208,0.000000
12304,0,0.007206,0.000000
12305,0,0.007203,0.000000
12306,0,0.007200,0.000000
12307,0,0.007198,0.000000
12308,0,0.007195,0.000000
12309,0,0.007193,0.000000
12310,0,0.007190,0.000000
12311,0,0.007188,0.000000
12312,0,0.007185,0.000000
12313,0,0.007182,0.000000
12314,0,0.007180,0.000000
12315,0,0.007177,0.000000
12316,0,0.007175,0.000000
12317,0,0.007172,0.000000
12318,0,0.007170,0.000000
12319,0,0.007167,0.000000
12320,0,0.007165,0.000000
12321,0,0.007162,0.000000
12322,0,0.007159,0.000000
12323,0,0.007157,0.000000
12324,0,0.007154,0.000000
12325,0,0.007152,0.000000
12326,0,0.007149,0.000000
12327,0,0.007147,0.000000
12328,0,0.007144,0.000000
12329,0,0.007142,0.000000
12330,0,0.007139,0.000000
12331,0,0.007137,0.000000
12332,0,0.007134,0.000000
12333,0,0.007132,0.000000
12334,0,0.007129,0.000000
12335,0,0.007126,0.000000
12336,0,0.007124,0.000000
12337,0,0.007121,0.000000
12338,0,0.007119,0.000000
12339,0,0.007116,0.000000
12340,0,0.007114,0.000000
12341,0,0.007111,0.000000
12342,0,0.007109,0.000000
12343,0,0.007106,0.000000
12344,0,0.007104,0.000000
12345,0,0.007101,0.000000
12346,0,0.007099,0.000000
12347,0,0.007096,0.000000
12348,0,0.007094,0.000000
12349,0,0.007091,0.000000
12350,0,0.007089,0.000000
12351,0,0.007086,0.000000
12352,0,0.007084,0.000000
12353,0,0.007081,0.000000
12354,0,0.007079,0.000000
12355,0,0.007076,0.000000
12356,0,0.007074,0.000000
12357,0,0.007071,0.000000
12358,0,0.007069,0.000000
12359,0,0.007066,0.000000
12360,0,0.007064,0.000000
12361,0,0.007061,0.000000
12362,0,0.007059,0.000000
12363,0,0.007056,0.000000
12364,0,0.007054,0.000000
12365,0,0.007051,0.000000
12366,0,0.007049,0.000000
12367,0,0.007046,0.000000
12368,0,0.007044,0.000000
12369,0,0.007041,0.000000
12370,0,0.007039,0.000000
12371,0,0.007036,0.000000
12372,0,0.007034,0.000000
12373,0,0.007031,0.000000
12374,0,0.007029,0.000000
12375,0,0.007026,0.000000
12376,0,0.007024,0.000000
12377,0,0.007021,0.000000
12378,0,0.007019,0.000000
12379,0,0.007017,0.000000
12380,0,0.007014,0.000000
12381,0,0.007012,0.000000
12382,0,0.007009,0.000000
12383,0,0.007007,0.000000
12384,0,0.007004,0.000000
12385,0,0.007002,0.000000
12386,0,0.006999,0.000000
12387,0,0.006997,0.000000
12388,0,0.006994,0.000000
12389,0,0.006992,0.000000
12390,0,0.006990,0.000000
12391,0,0.006987,0.000000
12392,0,0.006985,0.000000
12393,0,0.006982,0.000000
12394,0,0.006980,0.000000
12395,0,0.006977,0.000000
12396,0,0.006975,0.000000
12397,0,0.006972,0.000000
12398,0,0.006970,0.000000
12399,0,0.006968,0.000000
12400,0,0.006965,0.000000
12401,0,0.006963,0.000000
12402,0,0.006960,0.000000
12403,0,0.006958,0.000000
12404,0,0.006955,0.000000
12405,0,0.006953,0.000000
12406,0,0.006950,0.000000
12407,0,0.006948,0.000000
12408,0,0.006946,0.000000
12409,0,0.006943,0.000000
12410,0,0.006941,0.000000
12411,0,0.006938,0.000000
12412,0,0.006936,0.000000
12413,0,0.006933,0.000000
12414,0,0.006931,0.000000
12415,0,0.006929,0.000000
12416,0,0.006926,0.000000
12417,0,0.006924,0.000000
12418,0,0.006921,0.000000
12419,0,0.006919,0.000000
12420,0,0.006917,0.000000
12421,0,0.006914,0.000000
12422,0,0.006912,0.000000
12423,0,0.006909,0.000000
12424,0,0.006907,0.000000
12425,0,0.006905,0.000000
12426,0,0.006902,0.000000
12427,0,0.006900,0.000000
12428,0,0.006897,0.000000
12429,0,0.006895,0.000000
12430,0,0.006893,0.000000
12431,0,0.006890,0.000000
12432,0,0.006888,0.000000
12433,0,0.006885,0.000000
12434,0,0.006883,0.000000
12435,0,0.006881,0.000000
12436,0,0.006878,0.000000
12437,0,0.006876,0.000000
12438,0,0.006873,0.000000
12439,0,0.006871,0.000000
12440,0,0.006869,0.000000
12441,0,0.006866,0.000000
12442,0,0.006864,0.000000
12443,0,0.006861,0.000000
12444,0,0.006859,0.000000
12445,0,0.006857,0.000000
12446,0,0.006854,0.000000
12447,0,0.006852,0.000000
12448,0,0.006850,0.000000
12449,0,0.006847,0.000000
12450,0,0.006845,0.000000
12451,0,0.006843,0.000000
12452,0,0.006840,0.000000
12453,0,0.006838,0.000000
12454,0,0.006835,0.000000
12455,0,0.006833,0.000000
12456,0,0.006831,0.000000
12457,0,0.006828,0.000000
12458,0,0.006826,0.000000
12459,0,0.006824,0.000000
12460,0,0.006821,0.000000
12461,0,0.006819,0.000000
12462,0,0.006817,0.000000
12463,0,0.006814,0.000000
12464,0,0.006812,0.000000
12465,0,0.006809,0.000000
12466,0,0.006807,0.000000
12467,0,0.006805,0.000000
12468,0,0.006802,0.000000
12469,0,0.006800,0.000000
12470,0,0.006798,0.000000
12471,0,0.006795,0.000000
12472,0,0.006793,0.000000
12473,0,0.006791,0.000000
12474,0,0.006788,0.000000
12475,0,0.006786,0.000000
12476,0,0.006784,0.000000
12477,0,0.006781,0.000000
12478,0,0.006779,0.000000
12479,0,0.006777,0.000000
12480,0,0.006774,0.000000
12481,0,0.006772,0.000000
12482,0,0.006770,0.000000
12483,0,0.006767,0.000000
12484,0,0.006765,0.000000
12485,0,0.006763,0.000000
12486,0,0.006760,0.000000
12487,0,0.006758,0.000000
12488,0,0.006756,0.000000
12489,0,0.006753,0.000000
12490,0,0.006751,0.000000
12491,0,0.006749,0.000000
12492,0,0.006746,0.000000
12493,0,0.006744,0.000000
12494,0,0.006742,0.000000
12495,0,0.006739,0.000000
12496,0,0.006737,0.000000
12497,0,0.006735,0.000000
12498,0,0.006733,0.000000
12499,0,0.006730,0.000000
12500,0,0.006728,0.000000
12501,0,0.006726,0.000000
12502,0,0.006723,0.000000
12503,0,0.006721,0.000000
12504,0,0.006719,0.000000
12505,0,0.006716,0.000000
12506,0,0.006714,0.000000
12507,0,0.006712,0.000000
12508,0,0.006710,0.000000
12509,0,0.006707,0.000000
12510,0,0.006705,0.000000
12511,0,0.006703,0.000000
12512,0,0.006700,0.000000
12513,0,0.006698,0.000000
12514,0,0.006696,0.000000
12515,0,0.006693,0.000000
12516,0,0.006691,0.000000
12517,0,0.006689,0.000000
12518,0,0.006687,0.000000
12519,0,0.006684,0.000000
12520,0,0.006682,0.000000
12521,0,0.006680,0.000000
12522,0,0.006677,0.000000
12523,0,0.006675,0.000000
12524,0,0.006673,0.000000
12525,0,0.006671,0.000000
12526,0,0.006668,0.000000
12527,0,0.006666,0.000000
12528,0,0.006664,0.000000
12529,0,0.006662,0.000000
12530,0,0.006659,0.000000
12531,0,0.006657,0.000000
12532,0,0.006655,0.000000
12533,0,0.006652,0.000000
12534,0,0.006650,0.000000
12535,0,0.006648,0.000000
12536,0,0.006646,0.000000
12537,0,0.006643,0.000000
12538,0,0.006641,0.000000
12539,0,0.006639,0.000000
12540,0,0.006637,0.000000
12541,0,0.006634,0.000000
12542,0,0.006632,0.000000
12543,0,0.006630,0.000000
12544,0,0.006628,0.000000
12545,0,0.006625,0.000000
12546,0,0.006623,0.000000
12547,0,0.006621,0.000000
12548,0,0.006619,0.000000
12549,0,0.006616,0.000000
12550,0,0.006614,0.000000
12551,0,0.006612,0.000000
12552,0,0.006610,0.000000
12553,0,0.006607,0.000000
12554,0,0.006605,0.000000
12555,0,0.006603,0.000000
12556,0,0.006601,0.000000
12557,0,0.006598,0.000000
12558,0,0.006596,0.000000
12559,0,0.006594,0.000000
12560,0,0.006592,0.000000
12561,0,0.006589,0.000000
12562,0,0.006587,0.000000
12563,0,0.006585,0.000000
12564,0,0.006583,0.000000
12565,0,0.006581,0.000000
12566,0,0.006578,0.000000
12567,0,0.006576,0.000000
12568,0,0.006574,0.000000
12569,0,0.006572,0.000000
12570,0,0.006569,0.000000
12571,0,0.006567,0.000000
12572,0,0.006565,0.000000
12573,0,0.006563,0.000000
12574,0,0.006561,0.000000
12575,0,0.006558,0.000000
12576,0,0.006556,0.000000
12577,0,0.006554,0.000000
12578,0,0.006552,0.000000
12579,0,0.006549,0.000000
12580,0,0.006547,0.000000
12581,0,0.006545,0.000000
12582,0,0.006543,0.000000
12583,0,0.006541,0.000000
12584,0,0.006538,0.000000
12585,0,0.006536,0.000000
12586,0,0.006534,0.000000
12587,0,0.006532,0.000000
12588,0,0.006530,0.000000
12589,0,0.006527,0.000000
12590,0,0.006525,0.000000
12591,0,0.006523,0.000000
12592,0,0.006521,0.000000
12593,0,0.006519,0.000000
12594,0,0.006516,0.000000
12595,0,0.006514,0.000000
12596,0,0.006512,0.000000
12597,0,0.006510,0.000000
12598,0,0.006508,0.000000
12599,0,0.006505,0.000000
12600,0,0.006503,0.000000
12601,0,0.006501,0.000000
12602,0,0.006499,0.000000
12603,0,0.006497,0.000000
12604,0,0.006494,0.000000
12605,0,0.006492,0.000000
12606,0,0.006490,0.000000
12607,0,0.006488,0.000000
12608,0,0.006486,0.000000
12609,0,0.006484,0.000000
12610,0,0.006481,0.000000
12611,0,0.006479,0.000000
12612,0,0.006477,0.000000
12613,0,0.006475,0.000000
12614,0,0.006473,0.000000
12615,0,0.006471,0.000000
12616,0,0.006468,0.000000
12617,0,0.006466,0.000000
12618,0,0.006464,0.000000
12619,0,0.006462,0.000000
12620,0,0.006460,0.000000
12621,0,0.006458,0.000000
12622,0,0.006455,0.000000
12623,0,0.006453,0.000000
12624,0,0.006451,0.000000
12625,0,0.006449,0.000000
12626,0,0.006447,0.000000
12627,0,0.006445,0.000000
12628,0,0.006442,0.000000
12629,0,0.006440,0.000000
12630,0,0.006438,0.000000
12631,0,0.006436,0.000000
12632,0,0.006434,0.000000
12633,0,0.006432,0.000000
12634,0,0.006429,0.000000
12635,0,0.006427,0.000000
12636,0,0.006425,0.000000
12637,0,0.006423,0.000000
12638,0,0.006421,0.000000
12639,0,0.006419,0.000000
12640,0,0.006417,0.000000
12641,0,0.006414,0.000000
12642,0,0.006412,0.000000
12643,0,0.006410,0.000000
12644,0,0.006408,0.000000
12645,0,0.006406,0.000000
12646,0,0.006404,0.000000
12647,0,0.006402,0.000000
12648,0,0.006399,0.000000
12649,0,0.006397,0.000000
12650,0,0.006395,0.000000
12651,0,0.006393,0.000000
12652,0,0.006391,0.000000
12653,0,0.006389,0.000000
12654,0,0.006387,0.000000
12655,0,0.006385,0.000000
12656,0,0.006382,0.000000
12657,0,0.006380,0.000000
12658,0,0.006378,0.000000
12659,0,0.006376,0.000000
12660,0,0.006374,0.000000
12661,0,0.006372,0.000000
12662,0,0.006370,0.000000
12663,0,0.006368,0.000000
12664,0,0.006365,0.000000
12665,0,0.006363,0.000000
12666,0,0.006361,0.000000
12667,0,0.006359,0.000000
12668,0,0.006357,0.000000
12669,0,0.006355,0.000000
12670,0,0.006353,0.000000
12671,0,0.006351,0.000000
12672,0,0.006349,0.000000
12673,0,0.006346,0.000000
12674,0,0.006344,0.000000
12675,0,0.006342,0.000000
12676,0,0.006340,0.000000
12677,0,0.006338,0.000000
12678,0,0.006336,0.000000
12679,0,0.006334,0.000000
12680,0,0.006332,0.000000
12681,0,0.006330,0.000000
12682,0,0.006328,0.000000
12683,0,0.006325,0.000000
12684,0,0.006323,0.000000
12685,0,0.006321,0.000000
12686,0,0.006319,0.000000
12687,0,0.006317,0.000000
12688,0,0.006315,0.000000
12689,0,0.006313,0.000000
12690,0,0.006311,0.000000
12691,0,0.006309,0.000000
12692,0,0.006307,0.000000
12693,0,0.006304,0.000000
12694,0,0.006302,0.000000
12695,0,0.006300,0.000000
12696,0,0.006298,0.000000
12697,0,0.006296,0.000000
12698,0,0.006294,0.000000
12699,0,0.006292,0.000000
12700,0,0.006290,0.000000
12701,0,0.006288,0.000000
12702,0,0.006286,0.000000
12703,0,0.006284,0.000000
12704,0,0.006282,0.000000
12705,0,0.006280,0.000000
12706,0,0.006277,0.000000
12707,0,0.006275,0.000000
12708,0,0.006273,0.000000
12709,0,0.006271,0.000000
12710,0,0.006269,0.000000
12711,0,0.006267,0.000000
12712,0,0.006265,0.000000
12713,0,0.006263,0.000000
12714,0,0.006261,0.000000
12715,0,0.006259,0.000000
12716,0,0.006257,0.000000
12717,0,0.006255,0.000000
12718,0,0.006253,0.000000
12719,0,0.006251,0.000000
12720,0,0.006249,0.000000
12721,0,0.006246,0.000000
12722,0,0.006244,0.000000
12723,0,0.006242,0.000000
12724,0,0.006240,0.000000
12725,0,0.006238,0.000000
12726,0,0.006236,0.000000
12727,0,0.006234,0.000000
12728,0,0.006232,0.000000
12729,0,0.006230,0.000000
12730,0,0.006228,0.000000
12731,0,0.006226,0.000000
12732,0,0.006224,0.000000
12733,0,0.006222,0.000000
12734,0,0.006220,0.000000
12735,0,0.006218,0.000000
12736,0,0.006216,0.000000
12737,0,0.006214,0.000000
12738,0,0.006212,0.000000
12739,0,0.006210,0.000000
12740,0,0.006208,0.000000
12741,0,0.006206,0.000000
12742,0,0.006203,0.000000
12743,0,0.006201,0.000000
12744,0,0.006199,0.000000
12745,0,0.006197,0.000000
12746,0,0.006195,0.000000
12747,0,0.006193,0.000000
12748,0,0.006191,0.000000
12749,0,0.006189,0.000000
12750,0,0.006187,0.000000
12751,0,0.006185,0.000000
12752,0,0.006183,0.000000
12753,0,0.006181,0.000000
12754,0,0.006179,0.000000
12755,0,0.006177,0.000000
12756,0,0.006175,0.000000
12757,0,0.006173,0.000000
12758,0,0.006171,0.000000
12759,0,0.006169,0.000000
12760,0,0.006167,0.000000
12761,0,0.006165,0.000000
12762,0,0.006163,0.000000
12763,0,0.006161,0.000000
12764,0,0.006159,0.000000
12765,0,0.006157,0.000000
12766,0,0.006155,0.000000
12767,0,0.006153,0.000000
12768,0,0.006151,0.000000
12769,0,0.006149,0.000000
12770,0,0.006147,0.000000
12771,0,0.006145,0.000000
12772,0,0.006143,0.000000
12773,0,0.006141,0.000000
12774,0,0.006139,0.000000
12775,0,0.006137,0.000000
12776,0,0.006135,0.000000
12777,0,0.006133,0.000000
12778,0,0.006131,0.000000
12779,0,0.006129,0.000000
12780,0,0.006127,0.000000
12781,0,0.006125,0.000000
12782,0,0.006123,0.000000
12783,0,0.006121,0.000000
12784,0,0.006119,0.000000
12785,0,0.006117,0.000000
12786,0,0.006115,0.000000
12787,0,0.006113,0.000000
12788,0,0.006111,0.000000
12789,0,0.006109,0.000000
12790,0,0.006107,0.000000
12791,0,0.006105,0.000000
12792,0,0.006103,0.000000
12793,0,0.006101,0.000000
12794,0,0.006099,0.000000
12795,0,0.006097,0.000000
12796,0,0.006095,0.000000
12797,0,0.006093,0.000000
12798,0,0.006091,0.000000
12799,0,0.006089,0.000000
12800,0,0.006087,0.000000
12801,0,0.006085,0.000000
12802,0,0.006083,0.000000
12803,0,0.006081,0.000000
12804,0,0.006079,0.000000
12805,0,0.006077,0.000000
12806,0,0.006075,0.000000
12807,0,0.006073,0.000000
12808,0,0.006071,0.000000
12809,0,0.006069,0.000000
12810,0,0.006067,0.000000
12811,0,0.006065,0.000000
12812,0,0.006063,0.000000
12813,0,0.006061,0.000000
12814,0,0.006059,0.000000
12815,0,0.006057,0.000000
12816,0,0.006055,0.000000
12817,0,0.006054,0.000000
12818,0,0.006052,0.000000
12819,0,0.006050,0.000000
12820,0,0.006048,0.000000
12821,0,0.006046,0.000000
12822,0,0.006044,0.000000
12823,0,0.006042,0.000000
12824,0,0.006040,0.000000
12825,0,0.006038,0.000000
12826,0,0.006036,0.000000
12827,0,0.006034,0.000000
12828,0,0.006032,0.000000
12829,0,0.006030,0.000000
12830,0,0.006028,0.000000
12831,0,0.006026,0.000000
12832,0,0.006024,0.000000
12833,0,0.006022,0.000000
12834,0,0.006020,0.000000
12835,0,0.006018,0.000000
12836,0,0.006016,0.000000
12837,0,0.006014,0.000000
12838,0,0.006013,0.000000
12839,0,0.006011,0.000000
12840,0,0.006009,0.000000
12841,0,0.006007,0.000000
12842,0,0.006005,0.000000
12843,0,0.006003,0.000000
12844,0,0.006001,0.000000
12845,0,0.005999,0.000000
12846,0,0.005997,0.000000
12847,0,0.005995,0.000000
12848,0,0.005993,0.000000
12849,0,0.005991,0.000000
12850,0,0.005989,0.000000
12851,0,0.005987,0.000000
12852,0,0.005985,0.000000
12853,0,0.005983,0.000000
12854,0,0.005982,0.000000
12855,0,0.005980,0.000000
12856,0,0.005978,0.000000
12857,0,0.005976,0.000000
12858,0,0.005974,0.000000
12859,0,0.005972,0.000000
12860,0,0.005970,0.000000
12861,0,0.005968,0.000000
12862,0,0.005966,0.000000
12863,0,0.005964,0.000000
12864,0,0.005962,0.000000
12865,0,0.005960,0.000000
12866,0,0.005958,0.000000
12867,0,0.005957,0.000000
12868,0,0.005955,0.000000
12869,0,0.005953,0.000000
12870,0,0.005951,0.000000
12871,0,0.005949,0.000000
12872,0,0.005947,0.000000
12873,0,0.005945,0.000000
12874,0,0.005943,0.000000
12875,0,0.005941,0.000000
12876,0,0.005939,0.000000
12877,0,0.005937,0.000000
12878,0,0.005936,0.000000
12879,0,0.005934,0.000000
12880,0,0.005932,0.000000
12881,0,0.005930,0.000000
12882,0,0.005928,0.000000
12883,0,0.005926,0.000000
12884,0,0.005924,0.000000
12885,0,0.005922,0.000000
12886,0,0.005920,0.000000
12887,0,0.005918,0.000000
12888,0,0.005916,0.000000
12889,0,0.005915,0.000000
12890,0,0.005913,0.000000
12891,0,0.005911,0.000000
12892,0,0.005909,0.000000
12893,0,0.005907,0.000000
12894,0,0.005905,0.000000
12895,0,0.005903,0.000000
12896,0,0.005901,0.000000
12897,0,0.005899,0.000000
12898,0,0.005898,0.000000
12899,0,0.005896,0.000000
12900,0,0.005894,0.000000
12901,0,0.005892,0.000000
12902,0,0.005890,0.000000
12903,0,0.005888,0.000000
12904,0,0.005886,0.000000
12905,0,0.005884,0.000000
12906,0,0.005882,0.000000
12907,0,0.005881,0.000000
12908,0,0.005879,0.000000
12909,0,0.005877,0.000000
12910,0,0.005875,0.000000
12911,0,0.005873,0.000000
12912,0,0.005871,0.000000
12913,0,0.005869,0.000000
12914,0,0.005867,0.000000
12915,0,0.005866,0.000000
12916,0,0.005864,0.000000
12917,0,0.005862,0.000000
12918,0,0.005860,0.000000
12919,0,0.005858,0.000000
12920,0,0.005856,0.000000
12921,0,0.005854,0.000000
12922,0,0.005852,0.000000
12923,0,0.005851,0.000000
12924,0,0.005849,0.000000
12925,0,0.005847,0.000000
12926,0,0.005845,0.000000
12927,0,0.005843,0.000000
12928,0,0.005841,0.000000
12929,0,0.005839,0.000000
12930,0,0.005838,0.000000
12931,0,0.005836,0.000000
12932,0,0.005834,0.000000
12933,0,0.005832,0.000000
12934,0,0.005830,0.000000
12935,0,0.005828,0.000000
12936,0,0.005826,0.000000
12937,0,0.005825,0.000000
12938,0,0.005823,0.000000
12939,0,0.005821,0.000000
12940,0,0.005819,0.000000
12941,0,0.005817,0.000000
12942,0,0.005815,0.000000
12943,0,0.005813,0.000000
12944,0,0.005812,0.000000
12945,0,0.005810,0.000000
12946,0,0.005808,0.000000
12947,0,0.005806,0.000000
12948,0,0.005804,0.000000
12949,0,0.005802,0.000000
12950,0,0.005801,0.000000
12951,0,0.005799,0.000000
12952,0,0.005797,0.000000
12953,0,0.005795,0.000000
12954,0,0.005793,0.000000
12955,0,0.005791,0.000000
12956,0,0.005789,0.000000
12957,0,0.005788,0.000000
12958,0,0.005786,0.000000
12959,0,0.005784,0.000000
12960,0,0.005782,0.000000
12961,0,0.005780,0.000000
12962,0,0.005778,0.000000
12963,0,0.005777,0.000000
12964,0,0.005775,0.000000
12965,0,0.005773,0.000000
12966,0,0.005771,0.000000
12967,0,0.005769,0.000000
12968,0,0.005767,0.000000
12969,0,0.005766,0.000000
12970,0,0.005764,0.000000
12971,0,0.005762,0.000000
12972,0,0.005760,0.000000
12973,0,0.005758,0.000000
12974,0,0.005757,0.000000
12975,0,0.005755,0.000000
12976,0,0.005753,0.000000
12977,0,0.005751,0.000000
12978,0,0.005749,0.000000
12979,0,0.005747,0.000000
12980,0,0.005746,0.000000
12981,0,0.005744,0.000000
12982,0,0.005742,0.000000
12983,0,0.005740,0.000000
12984,0,0.005738,0.000000
12985,0,0.005737,0.000000
12986,0,0.005735,0.000000
12987,0,0.005733,0.000000
12988,0,0.005731,0.000000
12989,0,0.005729,0.000000
12990,0,0.005727,0.000000
12991,0,0.005726,0.000000
12992,0,0.005724,0.000000
12993,0,0.005722,0.000000
12994,0,0.005720,0.000000
12995,0,0.005718,0.000000
12996,0,0.005717,0.000000
12997,0,0.005715,0.000000
12998,0,0.005713,0.000000
12999,0,0.005711,0.000000
13000,0,0.005709,0.000000
13001,0,0.005708,0.000000
13002,0,0.005706,0.000000
13003,0,0.005704,0.000000
13004,0,0.005702,0.000000
13005,0,0.005700,0.000000
13006,0,0.005699,0.000000
13007,0,0.005697,0.000000
13008,0,0.005695,0.000000
13009,0,0.005693,0.000000
13010,0,0.005691,0.000000
13011,0,0.005690,0.000000
13012,0,0.005688,0.000000
13013,0,0.005686,0.000000
13014,0,0.005684,0.000000
13015,0,0.005682,0.000000
13016,0,0.005681,0.000000
13017,0,0.005679,0.000000
13018,0,0.005677,0.000000
13019,0,0.005675,0.000000
13020,0,0.005674,0.000000
13021,0,0.005672,0.000000
13022,0,0.005670,0.000000
13023,0,0.005668,0.000000
13024,0,0.005666,0.000000
13025,0,0.005665,0.000000
13026,0,0.005663,0.000000
13027,0,0.005661,0.000000
13028,0,0.005659,0.000000
13029,0,0.005658,0.000000
13030,0,0.005656,0.000000
13031,0,0.005654,0.000000
13032,0,0.005652,0.000000
13033,0,0.005650,0.000000
13034,0,0.005649,0.000000
13035,0,0.005647,0.000000
13036,0,0.005645,0.000000
13037,0,0.005643,0.000000
13038,0,0.005642,0.000000
13039,0,0.005640,0.000000
13040,0,0.005638,0.000000
13041,0,0.005636,0.000000
13042,0,0.005634,0.000000
13043,0,0.005633,0.000000
13044,0,0.005631,0.000000
13045,0,0.005629,0.000000
13046,0,0.005627,0.000000
13047,0,0.005626,0.000000
13048,0,0.005624,0.000000
13049,0,0.005622,0.000000
13050,0,0.005620,0.000000
13051,0,0.005619,0.000000
13052,0,0.005617,0.000000
13053,0,0.005615,0.000000
13054,0,0.005613,0.000000
13055,0,0.005612,0.000000
13056,0,0.005610,0.000000
13057,0,0.005608,0.000000
13058,0,0.005606,0.000000
13059,0,0.005605,0.000000
13060,0,0.005603,0.000000
13061,0,0.005601,0.000000
13062,0,0.005599,0.000000
13063,0,0.005598,0.000000
13064,0,0.005596,0.000000
13065,0,0.005594,0.000000
13066,0,0.005592,0.000000
13067,0,0.005591,0.000000
13068,0,0.005589,0.000000
13069,0,0.005587,0.000000
13070,0,0.005585,0.000000
13071,0,0.005584,0.000000
13072,0,0.005582,0.000000
13073,0,0.005580,0.000000
13074,0,0.005578,0.000000
13075,0,0.005577,0.000000
13076,0,0.005575,0.000000
13077,0,0.005573,0.000000
13078,0,0.005571,0.000000
13079,0,0.005570,0.000000
13080,0,0.005568,0.000000
13081,0,0.005566,0.000000
13082,0,0.005564,0.000000
13083,0,0.005563,0.000000
13084,0,0.005561,0.000000
13085,0,0.005559,0.000000
13086,0,0.005557,0.000000
13087,0,0.005556,0.000000
13088,0,0.005554,0.000000
13089,0,0.005552,0.000000
13090,0,0.005551,0.000000
13091,0,0.005549,0.000000
13092,0,0.005547,0.000000
13093,0,0.005545,0.000000
13094,0,0.005544,0.000000
13095,0,0.005542,0.000000
13096,0,0.005540,0.000000
13097,0,0.005538,0.000000
13098,0,0.005537,0.000000
13099,0,0.005535,0.000000
13100,0,0.005533,0.000000
13101,0,0.005532,0.000000
13102,0,0.005530,0.000000
13103,0,0.005528,0.000000
13104,0,0.005526,0.000000
13105,0,0.005525,0.000000
13106,0,0.005523,0.000000
13107,0,0.005521,0.000000
13108,0,0.005520,0.000000
13109,0,0.005518,0.000000
13110,0,0.005516,0.000000
13111,0,0.005514,0.000000
13112,0,0.005513,0.000000
13113,0,0.005511,0.000000
13114,0,0.005509,0.000000
13115,0,0.005508,0.000000
13116,0,0.005506,0.000000
13117,0,0.005504,0.000000
13118,0,0.005502,0.000000
13119,0,0.005501,0.000000
13120,0,0.005499,0.000000
13121,0,0.005497,0.000000
13122,0,0.005496,0.000000
13123,0,0.005494,0.000000
13124,0,0.005492,0.000000
13125,0,0.005490,0.000000
13126,0,0.005489,0.000000
13127,0,0.005487,0.000000
13128,0,0.005485,0.000000
13129,0,0.005484,0.000000
13130,0,0.005482,0.000000
13131,0,0.005480,0.000000
13132,0,0.005479,0.000000
13133,0,0.005477,0.000000
13134,0,0.005475,0.000000
13135,0,0.005473,0.000000
13136,0,0.005472,0.000000
13137,0,0.005470,0.000000
13138,0,0.005468,0.000000
13139,0,0.005467,0.000000
13140,0,0.005465,0.000000
13141,0,0.005463,0.000000
13142,0,0.005462,0.000000
13143,0,0.005460,0.000000
13144,0,0.005458,0.000000
13145,0,0.005457,0.000000
13146,0,0.005455,0.000000
13147,0,0.005453,0.000000
13148,0,0.005452,0.000000
13149,0,0.005450,0.000000
13150,0,0.005448,0.000000
13151,0,0.005446,0.000000
13152,0,0.005445,0.000000
13153,0,0.005443,0.000000
13154,0,0.005441,0.000000
13155,0,0.005440,0.000000
13156,0,0.005438,0.000000
13157,0,0.005436,0.000000
13158,0,0.005435,0.000000
13159,0,0.005433,0.000000
13160,0,0.005431,0.000000
13161,0,0.005430,0.000000
13162,0,0.005428,0.000000
13163,0,0.005426,0.000000
13164,0,0.005425,0.000000
13165,0,0.005423,0.000000
13166,0,0.005421,0.000000
13167,0,0.005420,0.000000
13168,0,0.005418,0.000000
13169,0,0.005416,0.000000
13170,0,0.005415,0.000000
13171,0,0.005413,0.000000
13172,0,0.005411,0.000000
13173,0,0.005410,0.000000
13174,0,0.005408,0.000000
13175,0,0.005406,0.000000
13176,0,0.005405,0.000000
13177,0,0.005403,0.000000
13178,0,0.005401,0.000000
13179,0,0.005400,0.000000
13180,0,0.005398,0.000000
13181,0,0.005396,0.000000
13182,0,0.005395,0.000000
13183,0,0.005393,0.000000
13184,0,0.005391,0.000000
13185,0,0.005390,0.000000
13186,0,0.005388,0.000000
13187,0,0.005386,0.000000
13188,0,0.005385,0.000000
13189,0,0.005383,0.000000
13190,0,0.005381,0.000000
13191,0,0.005380,0.000000
13192,0,0.005378,0.000000
13193,0,0.005376,0.000000
13194,0,0.005375,0.000000
13195,0,0.005373,0.000000
13196,0,0.005371,0.000000
13197,0,0.005370,0.000000
13198,0,0.005368,0.000000
13199,0,0.005366,0.000000
13200,0,0.005365,0.000000
13201,0,0.005363,0.000000
13202,0,0.005362,0.000000
13203,0,0.005360,0.000000
13204,0,0.005358,0.000000
13205,0,0.005357,0.000000
13206,0,0.005355,0.000000
13207,0,0.005353,0.000000
13208,0,0.005352,0.000000
13209,0,0.005350,0.000000
13210,0,0.005348,0.000000
13211,0,0.005347,0.000000
13212,0,0.005345,0.000000
13213,0,0.005343,0.000000
13214,0,0.005342,0.000000
13215,0,0.005340,0.000000
13216,0,0.005339,0.000000
13217,0,0.005337,0.000000
13218,0,0.005335,0.000000
13219,0,0.005334,0.000000
13220,0,0.005332,0.000000
13221,0,0.005330,0.000000
13222,0,0.005329,0.000000
13223,0,0.005327,0.000000
13224,0,0.005325,0.000000
13225,0,0.005324,0.000000
13226,0,0.005322,0.000000
13227,0,0.005321,0.000000
13228,0,0.005319,0.000000
13229,0,0.005317,0.000000
13230,0,0.005316,0.000000
13231,0,0.005314,0.000000
13232,0,0.005312,0.000000
13233,0,0.005311,0.000000
13234,0,0.005309,0.000000
13235,0,0.005308,0.000000
13236,0,0.005306,0.000000
13237,0,0.005304,0.000000
13238,0,0.005303,0.000000
13239,0,0.005301,0.000000
13240,0,0.005299,0.000000
13241,0,0.005298,0.000000
13242,0,0.005296,0.000000
13243,0,0.005295,0.000000
13244,0,0.005293,0.000000
13245,0,0.005291,0.000000
13246,0,0.005290,0.000000
13247,0,0.005288,0.000000
13248,0,0.005287,0.000000
13249,0,0.005285,0.000000
13250,0,0.005283,0.000000
13251,0,0.005282,0.000000
13252,0,0.005280,0.000000
13253,0,0.005278,0.000000
13254,0,0.005277,0.000000
13255,0,0.005275,0.000000
13256,0,0.005274,0.000000
13257,0,0.005272,0.000000
13258,0,0.005270,0.000000
13259,0,0.005269,0.000000
13260,0,0.005267,0.000000
13261,0,0.005266,0.000000
13262,0,0.005264,0.000000
13263,0,0.005262,0.000000
13264,0,0.005261,0.000000
13265,0,0.005259,0.000000
13266,0,0.005258,0.000000
13267,0,0.005256,0.000000
13268,0,0.005254,0.000000
13269,0,0.005253,0.000000
13270,0,0.005251,0.000000
13271,0,0.005250,0.000000
13272,0,0.005248,0.000000
13273,0,0.005246,0.000000
13274,0,0.005245,0.000000
13275,0,0.005243,0.000000
13276,0,0.005242,0.000000
13277,0,0.005240,0.000000
13278,0,0.005238,0.000000
13279,0,0.005237,0.000000
13280,0,0.005235,0.000000
13281,0,0.005234,0.000000
13282,0,0.005232,0.000000
13283,0,0.005230,0.000000
13284,0,0.005229,0.000000
13285,0,0.005227,0.000000
13286,0,0.005226,0.000000
13287,0,0.005224,0.000000
13288,0,0.005223,0.000000
13289,0,0.005221,0.000000
13290,0,0.005219,0.000000
13291,0,0.005218,0.000000
13292,0,0.005216,0.000000
13293,0,0.005215,0.000000
13294,0,0.005213,0.000000
13295,0,0.005211,0.000000
13296,0,0.005210,0.000000
13297,0,0.005208,0.000000
13298,0,0.005207,0.000000
13299,0,0.005205,0.000000
13300,0,0.005204,0.000000
13301,0,0.005202,0.000000
13302,0,0.005200,0.000000
13303,0,0.005199,0.000000
13304,0,0.005197,0.000000
13305,0,0.005196,0.000000
13306,0,0.005194,0.000000
13307,0,0.005192,0.000000
13308,0,0.005191,0.000000
13309,0,0.005189,0.000000
13310,0,0.005188,0.000000
13311,0,0.005186,0.000000
13312,0,0.005185,0.000000
13313,0,0.005183,0.000000
13314,0,0.005181,0.000000
13315,0,0.005180,0.000000
13316,0,0.005178,0.000000
13317,0,0.005177,0.000000
13318,0,0.005175,0.000000
13319,0,0.005174,0.000000
13320,0,0.005172,0.000000
13321,0,0.005170,0.000000
13322,0,0.005169,0.000000
13323,0,0.005167,0.000000
13324,0,0.005166,0.000000
13325,0,0.005164,0.000000
13326,0,0.005163,0.000000
13327,0,0.005161,0.000000
13328,0,0.005160,0.000000
13329,0,0.005158,0.000000
13330,0,0.005156,0.000000
13331,0,0.005155,0.000000
13332,0,0.005153,0.000000
13333,0,0.005152,0.000000
13334,0,0.005150,0.000000
13335,0,0.005149,0.000000
13336,0,0.005147,0.000000
13337,0,0.005146,0.000000
13338,0,0.005144,0.000000
13339,0,0.005142,0.000000
13340,0,0.005141,0.000000
13341,0,0.005139,0.000000
13342,0,0.005138,0.000000
13343,0,0.005136,0.000000
13344,0,0.005135,0.000000
13345,0,0.005133,0.000000
13346,0,0.005132,0.000000
13347,0,0.005130,0.000000
13348,0,0.005128,0.000000
13349,0,0.005127,0.000000
13350,0,0.005125,0.000000
13351,0,0.005124,0.000000
13352,0,0.005122,0.000000
13353,0,0.005121,0.000000
13354,0,0.005119,0.000000
13355,0,0.005118,0.000000
13356,0,0.005116,0.000000
13357,0,0.005115,0.000000
13358,0,0.005113,0.000000
13359,0,0.005111,0.000000
13360,0,0.005110,0.000000
13361,0,0.005108,0.000000
13362,0,0.005107,0.000000
13363,0,0.005105,0.000000
13364,0,0.005104,0.000000
13365,0,0.005102,0.000000
13366,0,0.005101,0.000000
13367,0,0.005099,0.000000
13368,0,0.005098,0.000000
13369,0,0.005096,0.000000
13370,0,0.005095,0.000000
13371,0,0.005093,0.000000
13372,0,0.005092,0.000000
13373,0,0.005090,0.000000
13374,0,0.005088,0.000000
13375,0,0.005087,0.000000
13376,0,0.005085,0.000000
13377,0,0.005084,0.000000
13378,0,0.005082,0.000000
13379,0,0.005081,0.000000
13380,0,0.005079,0.000000
13381,0,0.005078,0.000000
13382,0,0.005076,0.000000
13383,0,0.005075,0.000000
13384,0,0.005073,0.000000
13385,0,0.005072,0.000000
13386,0,0.005070,0.000000
13387,0,0.005069,0.000000
13388,0,0.005067,0.000000
13389,0,0.005066,0.000000
13390,0,0.005064,0.000000
13391,0,0.005063,0.000000
13392,0,0.005061,0.000000
13393,0,0.005059,0.000000
13394,0,0.005058,0.000000
13395,0,0.005056,0.000000
13396,0,0.005055,0.000000
13397,0,0.005053,0.000000
13398,0,0.005052,0.000000
13399,0,0.005050,0.000000
13400,0,0.005049,0.000000
13401,0,0.005047,0.000000
13402,0,0.005046,0.000000
13403,0,0.005044,0.000000
13404,0,0.005043,0.000000
13405,0,0.005041,0.000000
13406,0,0.005040,0.000000
13407,0,0.005038,0.000000
13408,0,0.005037,0.000000
13409,0,0.005035,0.000000
13410,0,0.005034,0.000000
13411,0,0.005032,0.000000
13412,0,0.005031,0.000000
13413,0,0.005029,0.000000
13414,0,0.005028,0.000000
13415,0,0.005026,0.000000
13416,0,0.005025,0.000000
13417,0,0.005023,0.000000
13418,0,0.005022,0.000000
13419,0,0.005020,0.000000
13420,0,0.005019,0.000000
13421,0,0.005017,0.000000
13422,0,0.005016,0.000000
13423,0,0.005014,0.000000
13424,0,0.005013,0.000000
13425,0,0.005011,0.000000
13426,0,0.005010,0.000000
13427,0,0.005008,0.000000
13428,0,0.005007,0.000000
13429,0,0.005005,0.000000
13430,0,0.005004,0.000000
13431,0,0.005002,0.000000
13432,0,0.005001,0.000000
13433,0,0.004999,0.000000
13434,0,0.004998,0.000000
13435,0,0.004996,0.000000
13436,0,0.004995,0.000000
13437,0,0.004993,0.000000
13438,0,0.004992,0.000000
13439,0,0.004990,0.000000
13440,0,0.004989,0.000000
13441,0,0.004987,0.000000
13442,0,0.004986,0.000000
13443,0,0.004984,0.000000
13444,0,0.004983,0.000000
13445,0,0.004981,0.000000
13446,0,0.004980,0.000000
13447,0,0.004978,0.000000
13448,0,0.004977,0.000000
13449,0,0.004975,0.000000
13450,0,0.004974,0.000000
13451,0,0.004972,0.000000
13452,0,0.004971,0.000000
13453,0,0.004969,0.000000
13454,0,0.004968,0.000000
13455,0,0.004966,0.000000
13456,0,0.004965,0.000000
13457,0,0.004963,0.000000
13458,0,0.004962,0.000000
13459,0,0.004961,0.000000
13460,0,0.004959,0.000000
13461,0,0.004958,0.000000
13462,0,0.004956,0.000000
13463,0,0.004955,0.000000
13464,0,0.004953,0.000000
13465,0,0.004952,0.000000
13466,0,0.004950,0.000000
13467,0,0.004949,0.000000
13468,0,0.004947,0.000000
13469,0,0.004946,0.000000
13470,0,0.004944,0.000000
13471,0,0.004943,0.000000
13472,0,0.004941,0.000000
13473,0,0.004940,0.000000
13474,0,0.004938,0.000000
13475,0,0.004937,0.000000
13476,0,0.004935,0.000000
13477,0,0.004934,0.000000
13478,0,0.004933,0.000000
13479,0,0.004931,0.000000
13480,0,0.004930,0.000000
13481,0,0.004928,0.000000
13482,0,0.004927,0.000000
13483,0,0.004925,0.000000
13484,0,0.004924,0.000000
13485,0,0.004922,0.000000
13486,0,0.004921,0.000000
13487,0,0.004919,0.000000
13488,0,0.004918,0.000000
13489,0,0.004916,0.000000
13490,0,0.004915,0.000000
13491,0,0.004914,0.000000
13492,0,0.004912,0.000000
13493,0,0.004911,0.000000
13494,0,0.004909,0.000000
13495,0,0.004908,0.000000
13496,0,0.004906,0.000000
13497,0,0.004905,0.000000
13498,0,0.004903,0.000000
13499,0,0.004902,0.000000
13500,0,0.004900,0.000000
13501,0,0.004899,0.000000
13502,0,0.004898,0.000000
13503,0,0.004896,0.000000
13504,0,0.004895,0.000000
13505,0,0.004893,0.000000
13506,0,0.004892,0.000000
13507,0,0.004890,0.000000
13508,0,0.004889,0.000000
13509,0,0.004887,0.000000
13510,0,0.004886,0.000000
13511,0,0.004884,0.000000
13512,0,0.004883,0.000000
13513,0,0.004882,0.000000
13514,0,0.004880,0.000000
13515,0,0.004879,0.000000
13516,0,0.004877,0.000000
13517,0,0.004876,0.000000
13518,0,0.004874,0.000000
13519,0,0.004873,0.000000
13520,0,0.004871,0.000000
13521,0,0.004870,0.000000
13522,0,0.004869,0.000000
13523,0,0.004867,0.000000
13524,0,0.004866,0.000000
13525,0,0.004864,0.000000
13526,0,0.004863,0.000000
13527,0,0.004861,0.000000
13528,0,0.004860,0.000000
13529,0,0.004858,0.000000
13530,0,0.004857,0.000000
13531,0,0.004856,0.000000
13532,0,0.004854,0.000000
13533,0,0.004853,0.000000
13534,0,0.004851,0.000000
13535,0,0.004850,0.000000
13536,0,0.004848,0.000000
13537,0,0.004847,0.000000
13538,0,0.004846,0.000000
13539,0,0.004844,0.000000
13540,0,0.004843,0.000000
13541,0,0.004841,0.000000
13542,0,0.004840,0.000000
13543,0,0.004838,0.000000
13544,0,0.004837,0.000000
13545,0,0.004836,0.000000
13546,0,0.004834,0.000000
13547,0,0.004833,0.000000
13548,0,0.004831,0.000000
13549,0,0.004830,0.000000
13550,0,0.004828,0.000000
13551,0,0.004827,0.000000
13552,0,0.004826,0.000000
13553,0,0.004824,0.000000
13554,0,0.004823,0.000000
13555,0,0.004821,0.000000
13556,0,0.004820,0.000000
13557,0,0.004818,0.000000
13558,0,0.004817,0.000000
13559,0,0.004816,0.000000
13560,0,0.004814,0.000000
13561,0,0.004813,0.000000
13562,0,0.004811,0.000000
13563,0,0.004810,0.000000
13564,0,0.004809,0.000000
13565,0,0.004807,0.000000
13566,0,0.004806,0.000000
13567,0,0.004804,0.000000
13568,0,0.004803,0.000000
13569,0,0.004801,0.000000
13570,0,0.004800,0.000000
13571,0,0.004799,0.000000
13572,0,0.004797,0.000000
13573,0,0.004796,0.000000
13574,0,0.004794,0.000000
13575,0,0.004793,0.000000
13576,0,0.004792,0.000000
13577,0,0.004790,0.000000
13578,0,0.004789,0.000000
13579,0,0.004787,0.000000
13580,0,0.004786,0.000000
13581,0,0.004784,0.000000
13582,0,0.004783,0.000000
13583,0,0.004782,0.000000
13584,0,0.004780,0.000000
13585,0,0.004779,0.000000
13586,0,0.004777,0.000000
13587,0,0.004776,0.000000
13588,0,0.004775,0.000000
13589,0,0.004773,0.000000
13590,0,0.004772,0.000000
13591,0,0.004770,0.000000
13592,0,0.004769,0.000000
13593,0,0.004768,0.000000
13594,0,0.004766,0.000000
13595,0,0.004765,0.000000
13596,0,0.004763,0.000000
13597,0,0.004762,0.000000
13598,0,0.004761,0.000000
13599,0,0.004759,0.000000
13600,0,0.004758,0.000000
13601,0,0.004756,0.000000
13602,0,0.004755,0.000000
13603,0,0.004754,0.000000
13604,0,0.004752,0.000000
13605,0,0.004751,0.000000
13606,0,0.004749,0.000000
13607,0,0.004748,0.000000
13608,0,0.004747,0.000000
13609,0,0.004745,0.000000
13610,0,0.004744,0.000000
13611,0,0.004742,0.000000
13612,0,0.004741,0.000000
13613,0,0.004740,0.000000
13614,0,0.004738,0.000000
13615,0,0.004737,0.000000
13616,0,0.004736,0.000000
13617,0,0.004734,0.000000
13618,0,0.004733,0.000000
13619,0,0.004731,0.000000
13620,0,0.004730,0.000000
13621,0,0.004729,0.000000
13622,0,0.004727,0.000000
13623,0,0.004726,0.000000
13624,0,0.004724,0.000000
13625,0,0.004723,0.000000
13626,0,0.004722,0.000000
13627,0,0.004720,0.000000
13628,0,0.004719,0.000000
13629,0,0.004718,0.000000
13630,0,0.004716,0.000000
13631,0,0.004715,0.000000
13632,0,0.004713,0.000000
13633,0,0.004712,0.000000
13634,0,0.004711,0.000000
13635,0,0.004709,0.000000
13636,0,0.004708,0.000000
13637,0,0.004706,0.000000
13638,0,0.004705,0.000000
13639,0,0.004704,0.000000
13640,0,0.004702,0.000000
13641,0,0.004701,0.000000
13642,0,0.004700,0.000000
13643,0,0.004698,0.000000
13644,0,0.004697,0.000000
13645,0,0.004695,0.000000
13646,0,0.004694,0.000000
13647,0,0.004693,0.000000
13648,0,0.004691,0.000000
13649,0,0.004690,0.000000
13650,0,0.004689,0.000000
13651,0,0.004687,0.000000
13652,0,0.004686,0.000000
13653,0,0.004685,0.000000
13654,0,0.004683,0.000000
13655,0,0.004682,0.000000
13656,0,0.004680,0.000000
13657,0,0.004679,0.000000
13658,0,0.004678,0.000000
13659,0,0.004676,0.000000
13660,0,0.004675,0.000000
13661,0,0.004674,0.000000
13662,0,0.004672,0.000000
13663,0,0.004671,0.000000
13664,0,0.004669,0.000000
13665,0,0.004668,0.000000
13666,0,0.004667,0.000000
13667,0,0.004665,0.000000
13668,0,0.004664,0.000000
13669,0,0.004663,0.000000
13670,0,0.004661,0.000000
13671,0,0.004660,0.000000
13672,0,0.004659,0.000000
13673,0,0.004657,0.000000
13674,0,0.004656,0.000000
13675,0,0.004655,0.000000
13676,0,0.004653,0.000000
13677,0,0.004652,0.000000
13678,0,0.004650,0.000000
13679,0,0.004649,0.000000
13680,0,0.004648,0.000000
13681,0,0.004646,0.000000
13682,0,0.004645,0.000000
13683,0,0.004644,0.000000
13684,0,0.004642,0.000000
13685,0,0.004641,0.000000
13686,0,0.004640,0.000000
13687,0,0.004638,0.000000
13688,0,0.004637,0.000000
13689,0,0.004636,0.000000
13690,0,0.004634,0.000000
13691,0,0.004633,0.000000
13692,0,0.004632,0.000000
13693,0,0.004630,0.000000
13694,0,0.004629,0.000000
13695,0,0.004627,0.000000
13696,0,0.004626,0.000000
13697,0,0.004625,0.000000
13698,0,0.004623,0.000000
13699,0,0.004622,0.000000
13700,0,0.004621,0.000000
13701,0,0.004619,0.000000
13702,0,0.004618,0.000000
13703,0,0.004617,0.000000
13704,0,0.004615,0.000000
13705,0,0.004614,0.000000
13706,0,0.004613,0.000000
13707,0,0.004611,0.000000
13708,0,0.004610,0.000000
13709,0,0.004609,0.000000
13710,0,0.004607,0.000000
13711,0,0.004606,0.000000
13712,0,0.004605,0.000000
13713,0,0.004603,0.000000
13714,0,0.004602,0.000000
13715,0,0.004601,0.000000
13716,0,0.004599,0.000000
13717,0,0.004598,0.000000
13718,0,0.004597,0.000000
13719,0,0.004595,0.000000
13720,0,0.004594,0.000000
13721,0,0.004593,0.000000
13722,0,0.004591,0.000000
13723,0,0.004590,0.000000
13724,0,0.004589,0.000000
13725,0,0.004587,0.000000
13726,0,0.004586,0.000000
13727,0,0.004585,0.000000
13728,0,0.004583,0.000000
13729,0,0.004582,0.000000
13730,0,0.004581,0.000000
13731,0,0.004579,0.000000
13732,0,0.004578,0.000000
13733,0,0.004577,0.000000
13734,0,0.004575,0.000000
13735,0,0.004574,0.000000
13736,0,0.004573,0.000000
13737,0,0.004571,0.000000
13738,0,0.004570,0.000000
13739,0,0.004569,0.000000
13740,0,0.004567,0.000000
13741,0,0.004566,0.000000
13742,0,0.004565,0.000000
13743,0,0.004563,0.000000
13744,0,0.004562,0.000000
13745,0,0.004561,0.000000
13746,0,0.004559,0.000000
13747,0,0.004558,0.000000
13748,0,0.004557,0.000000
13749,0,0.004555,0.000000
13750,0,0.004554,0.000000
13751,0,0.004553,0.000000
13752,0,0.004552,0.000000
13753,0,0.004550,0.000000
13754,0,0.004549,0.000000
13755,0,0.004548,0.000000
13756,0,0.004546,0.000000
13757,0,0.004545,0.000000
13758,0,0.004544,0.000000
13759,0,0.004542,0.000000
13760,0,0.004541,0.000000
13761,0,0.004540,0.000000
13762,0,0.004538,0.000000
13763,0,0.004537,0.000000
13764,0,0.004536,0.000000
13765,0,0.004534,0.000000
13766,0,0.004533,0.000000
13767,0,0.004532,0.000000
13768,0,0.004531,0.000000
13769,0,0.004529,0.000000
13770,0,0.004528,0.000000
13771,0,0.004527,0.000000
13772,0,0.004525,0.000000
13773,0,0.004524,0.000000
13774,0,0.004523,0.000000
13775,0,0.004521,0.000000
13776,0,0.004520,0.000000
13777,0,0.004519,0.000000
13778,0,0.004517,0.000000
13779,0,0.004516,0.000000
13780,0,0.004515,0.000000
13781,0,0.004514,0.000000
13782,0,0.004512,0.000000
13783,0,0.004511,0.000000
13784,0,0.004510,0.000000
13785,0,0.004508,0.000000
13786,0,0.004507,0.000000
13787,0,0.004506,0.000000
13788,0,0.004504,0.000000
13789,0,0.004503,0.000000
13790,0,0.004502,0.000000
13791,0,0.004501,0.000000
13792,0,0.004499,0.000000
13793,0,0.004498,0.000000
13794,0,0.004497,0.000000
13795,0,0.004495,0.000000
13796,0,0.004494,0.000000
13797,0,0.004493,0.000000
13798,0,0.004491,0.000000
13799,0,0.004490,0.000000
13800,0,0.004489,0.000000
13801,0,0.004488,0.000000
13802,0,0.004486,0.000000
13803,0,0.004485,0.000000
13804,0,0.004484,0.000000
13805,0,0.004482,0.000000
13806,0,0.004481,0.000000
13807,0,0.004480,0.000000
13808,0,0.004479,0.000000
13809,0,0.004477,0.000000
13810,0,0.004476,0.000000
13811,0,0.004475,0.000000
13812,0,0.004473,0.000000
13813,0,0.004472,0.000000
13814,0,0.004471,0.000000
13815,0,0.004470,0.000000
13816,0,0.004468,0.000000
13817,0,0.004467,0.000000
13818,0,0.004466,0.000000
13819,0,0.004464,0.000000
13820,0,0.004463,0.000000
13821,0,0.004462,0.000000
13822,0,0.004461,0.000000
13823,0,0.004459,0.000000
13824,0,0.004458,0.000000
13825,0,0.004457,0.000000
13826,0,0.004455,0.000000
13827,0,0.004454,0.000000
13828,0,0.004453,0.000000
13829,0,0.004452,0.000000
13830,0,0.004450,0.000000
13831,0,0.004449,0.000000
13832,0,0.004448,0.000000
13833,0,0.004446,0.000000
13834,0,0.004445,0.000000
13835,0,0.004444,0.000000
13836,0,0.004443,0.000000
13837,0,0.004441,0.000000
13838,0,0.004440,0.000000
13839,0,0.004439,0.000000
13840,0,0.004437,0.000000
13841,0,0.004436,0.000000
13842,0,0.004435,0.000000
13843,0,0.004434,0.000000
13844,0,0.004432,0.000000
13845,0,0.004431,0.000000
13846,0,0.004430,0.000000
13847,0,0.004429,0.000000
13848,0,0.004427,0.000000
13849,0,0.004426,0.000000
13850,0,0.004425,0.000000
13851,0,0.004423,0.000000
13852,0,0.004422,0.000000
13853,0,0.004421,0.000000
13854,0,0.004420,0.000000
13855,0,0.004418,0.000000
13856,0,0.004417,0.000000
13857,0,0.004416,0.000000
13858,0,0.004415,0.000000
13859,0,0.004413,0.000000
13860,0,0.004412,0.000000
13861,0,0.004411,0.000000
13862,0,0.004410,0.000000
13863,0,0.004408,0.000000
13864,0,0.004407,0.000000
13865,0,0.004406,0.000000
13866,0,0.004404,0.000000
13867,0,0.004403,0.000000
13868,0,0.004402,0.000000
13869,0,0.004401,0.000000
13870,0,0.004399,0.000000
13871,0,0.004398,0.000000
13872,0,0.004397,0.000000
13873,0,0.004396,0.000000
13874,0,0.004394,0.000000
13875,0,0.004393,0.000000
13876,0,0.004392,0.000000
13877,0,0.004391,0.000000
13878,0,0.004389,0.000000
13879,0,0.004388,0.000000
13880,0,0.004387,0.000000
13881,0,0.004386,0.000000
13882,0,0.004384,0.000000
13883,0,0.004383,0.000000
13884,0,0.004382,0.000000
13885,0,0.004381,0.000000
13886,0,0.004379,0.000000
13887,0,0.004378,0.000000
13888,0,0.004377,0.000000
13889,0,0.004376,0.000000
13890,0,0.004374,0.000000
13891,0,0.004373,0.000000
13892,0,0.004372,0.000000
13893,0,0.004371,0.000000
13894,0,0.004369,0.000000
13895,0,0.004368,0.000000
13896,0,0.004367,0.000000
13897,0,0.004366,0.000000
13898,0,0.004364,0.000000
13899,0,0.004363,0.000000
13900,0,0.004362,0.000000
13901,0,0.004361,0.000000
13902,0,0.004359,0.000000
13903,0,0.004358,0.000000
13904,0,0.004357,0.000000
13905,0,0.004356,0.000000
13906,0,0.004354,0.000000
13907,0,0.004353,0.000000
13908,0,0.004352,0.000000
13909,0,0.004351,0.000000
13910,0,0.004349,0.000000
13911,0,0.004348,0.000000
13912,0,0.004347,0.000000
13913,0,0.004346,0.000000
13914,0,0.004344,0.000000
13915,0,0.004343,0.000000
13916,0,0.004342,0.000000
13917,0,0.004341,0.000000
13918,0,0.004339,0.000000
13919,0,0.004338,0.000000
13920,0,0.004337,0.000000
13921,0,0.004336,0.000000
13922,0,0.004335,0.000000
13923,0,0.004333,0.000000
13924,0,0.004332,0.000000
13925,0,0.004331,0.000000
13926,0,0.004330,0.000000
13927,0,0.004328,0.000000
13928,0,0.004327,0.000000
13929,0,0.004326,0.000000
13930,0,0.004325,0.000000
13931,0,0.004323,0.000000
13932,0,0.004322,0.000000
13933,0,0.004321,0.000000
13934,0,0.004320,0.000000
13935,0,0.004318,0.000000
13936,0,0.004317,0.000000
13937,0,0.004316,0.000000
13938,0,0.004315,0.000000
13939,0,0.004314,0.000000
13940,0,0.004312,0.000000
13941,0,0.004311,0.000000
13942,0,0.004310,0.000000
13943,0,0.004309,0.000000
13944,0,0.004307,0.000000
13945,0,0.004306,0.000000
13946,0,0.004305,0.000000
13947,0,0.004304,0.000000
13948,0,0.004303,0.000000
13949,0,0.004301,0.000000
13950,0,0.004300,0.000000
13951,0,0.004299,0.000000
13952,0,0.004298,0.000000
13953,0,0.004296,0.000000
13954,0,0.004295,0.000000
13955,0,0.004294,0.000000
13956,0,0.004293,0.000000
13957,0,0.004292,0.000000
13958,0,0.004290,0.000000
13959,0,0.004289,0.000000
13960,0,0.004288,0.000000
13961,0,0.004287,0.000000
13962,0,0.004285,0.000000
13963,0,0.004284,0.000000
13964,0,0.004283,0.000000
13965,0,0.004282,0.000000
13966,0,0.004281,0.000000
13967,0,0.004279,0.000000
13968,0,0.004278,0.000000
13969,0,0.004277,0.000000
13970,0,0.004276,0.000000
13971,0,0.004274,0.000000
13972,0,0.004273,0.000000
13973,0,0.004272,0.000000
13974,0,0.004271,0.000000
13975,0,0.004270,0.000000
13976,0,0.004268,0.000000
13977,0,0.004267,0.000000
13978,0,0.004266,0.000000
13979,0,0.004265,0.000000
13980,0,0.004264,0.000000
13981,0,0.004262,0.000000
13982,0,0.004261,0.000000
13983,0,0.004260,0.000000
13984,0,0.004259,0.000000
13985,0,0.004258,0.000000
13986,0,0.004256,0.000000
13987,0,0.004255,0.000000
13988,0,0.004254,0.000000
13989,0,0.004253,0.000000
13990,0,0.004251,0.000000
13991,0,0.004250,0.000000
13992,0,0.004249,0.000000
13993,0,0.004248,0.000000
13994,0,0.004247,0.000000
13995,0,0.004245,0.000000
13996,0,0.004244,0.000000
13997,0,0.004243,0.000000
13998,0,0.004242,0.000000
13999,0,0.004241,0.000000
14000,0,0.004239,0.000000
14001,0,0.004238,0.000000
14002,0,0.004237,0.000000
14003,0,0.004236,0.000000
14004,0,0.004235,0.000000
14005,0,0.004233,0.000000
14006,0,0.004232,0.000000
14007,0,0.004231,0.000000
14008,0,0.004230,0.000000
14009,0,0.004229,0.000000
14010,0,0.004227,0.000000
14011,0,0.004226,0.000000
14012,0,0.004225,0.000000
14013,0,0.004224,0.000000
14014,0,0.004223,0.000000
14015,0,0.004221,0.000000
14016,0,0.004220,0.000000
14017,0,0.004219,0.000000
14018,0,0.004218,0.000000
14019,0,0.004217,0.000000
14020,0,0.004216,0.000000
14021,0,0.004214,0.000000
14022,0,0.004213,0.000000
14023,0,0.004212,0.000000
14024,0,0.004211,0.000000
14025,0,0.004210,0.000000
14026,0,0.004208,0.000000
14027,0,0.004207,0.000000
14028,0,0.004206,0.000000
14029,0,0.004205,0.000000
14030,0,0.004204,0.000000
14031,0,0.004202,0.000000
14032,0,0.004201,0.000000
14033,0,0.004200,0.000000
14034,0,0.004199,0.000000
14035,0,0.004198,0.000000
14036,0,0.004196,0.000000
14037,0,0.004195,0.000000
14038,0,0.004194,0.000000
14039,0,0.004193,0.000000
14040,0,0.004192,0.000000
14041,0,0.004191,0.000000
14042,0,0.004189,0.000000
14043,0,0.004188,0.000000
14044,0,0.004187,0.000000
14045,0,0.004186,0.000000
14046,0,0.004185,0.000000
14047,0,0.004183,0.000000
14048,0,0.004182,0.000000
14049,0,0.004181,0.000000
14050,0,0.004180,0.000000
14051,0,0.004179,0.000000
14052,0,0.004178,0.000000
14053,0,0.004176,0.000000
14054,0,0.004175,0.000000
14055,0,0.004174,0.000000
14056,0,0.004173,0.000000
14057,0,0.004172,0.000000
14058,0,0.004170,0.000000
14059,0,0.004169,0.000000
14060,0,0.004168,0.000000
14061,0,0.004167,0.000000
14062,0,0.004166,0.000000
14063,0,0.004165,0.000000
14064,0,0.004163,0.000000
14065,0,0.004162,0.000000
14066,0,0.004161,0.000000
14067,0,0.004160,0.000000
14068,0,0.004159,0.000000
14069,0,0.004158,0.000000
14070,0,0.004156,0.000000
14071,0,0.004155,0.000000
14072,0,0.004154,0.000000
14073,0,0.004153,0.000000
14074,0,0.004152,0.000000
14075,0,0.004151,0.000000
14076,0,0.004149,0.000000
14077,0,0.004148,0.000000
14078,0,0.004147,0.000000
14079,0,0.004146,0.000000
14080,0,0.004145,0.000000
14081,0,0.004144,0.000000
14082,0,0.004142,0.000000
14083,0,0.004141,0.000000
14084,0,0.004140,0.000000
14085,0,0.004139,0.000000
14086,0,0.004138,0.000000
14087,0,0.004137,0.000000
14088,0,0.004135,0.000000
14089,0,0.004134,0.000000
14090,0,0.004133,0.000000
14091,0,0.004132,0.000000
14092,0,0.004131,0.000000
14093,0,0.004130,0.000000
14094,0,0.004128,0.000000
14095,0,0.004127,0.000000
14096,0,0.004126,0.000000
14097,0,0.004125,0.000000
14098,0,0.004124,0.000000
14099,0,0.004123,0.000000
14100,0,0.004121,0.000000
14101,0,0.004120,0.000000
14102,0,0.004119,0.000000
14103,0,0.004118,0.000000
14104,0,0.004117,0.000000
14105,0,0.004116,0.000000
14106,0,0.004114,0.000000
14107,0,0.004113,0.000000
14108,0,0.004112,0.000000
14109,0,0.004111,0.000000
14110,0,0.004110,0.000000
14111,0,0.004109,0.000000
14112,0,0.004108,0.000000
14113,0,0.004106,0.000000
14114,0,0.004105,0.000000
14115,0,0.004104,0.000000
14116,0,0.004103,0.000000
14117,0,0.004102,0.000000
14118,0,0.004101,0.000000
14119,0,0.004099,0.000000
14120,0,0.004098,0.000000
14121,0,0.004097,0.000000
14122,0,0.004096,0.000000
14123,0,0.004095,0.000000
14124,0,0.004094,0.000000
14125,0,0.004093,0.000000
14126,0,0.004091,0.000000
14127,0,0.004090,0.000000
14128,0,0.004089,0.000000
14129,0,0.004088,0.000000
14130,0,0.004087,0.000000
14131,0,0.004086,0.000000
14132,0,0.004085,0.000000
14133,0,0.004083,0.000000
14134,0,0.004082,0.000000
14135,0,0.004081,0.000000
14136,0,0.004080,0.000000
14137,0,0.004079,0.000000
14138,0,0.004078,0.000000
14139,0,0.004077,0.000000
14140,0,0.004075,0.000000
14141,0,0.004074,0.000000
14142,0,0.004073,0.000000
14143,0,0.004072,0.000000
14144,0,0.004071,0.000000
14145,0,0.004070,0.000000
14146,0,0.004069,0.000000
14147,0,0.004067,0.000000
14148,0,0.004066,0.000000
14149,0,0.004065,0.000000
14150,0,0.004064,0.000000
14151,0,0.004063,0.000000
14152,0,0.004062,0.000000
14153,0,0.004061,0.000000
14154,0,0.004059,0.000000
14155,0,0.004058,0.000000
14156,0,0.004057,0.000000
14157,0,0.004056,0.000000
14158,0,0.004055,0.000000
14159,0,0.004054,0.000000
14160,0,0.004053,0.000000
14161,0,0.004051,0.000000
14162,0,0.004050,0.000000
14163,0,0.004049,0.000000
14164,0,0.004048,0.000000
14165,0,0.004047,0.000000
14166,0,0.004046,0.000000
14167,0,0.004045,0.000000
14168,0,0.004044,0.000000
14169,0,0.004042,0.000000
14170,0,0.004041,0.000000
14171,0,0.004040,0.000000
14172,0,0.004039,0.000000
14173,0,0.004038,0.000000
14174,0,0.004037,0.000000
14175,0,0.004036,0.000000
14176,0,0.004034,0.000000
14177,0,0.004033,0.000000
14178,0,0.004032,0.000000
14179,0,0.004031,0.000000
14180,0,0.004030,0.000000
14181,0,0.004029,0.000000
14182,0,0.004028,0.000000
14183,0,0.004027,0.000000
14184,0,0.004025,0.000000
14185,0,0.004024,0.000000
14186,0,0.004023,0.000000
14187,0,0.004022,0.000000
14188,0,0.004021,0.000000
14189,0,0.004020,0.000000
14190,0,0.004019,0.000000
14191,0,0.004018,0.000000
14192,0,0.004016,0.000000
14193,0,0.004015,0.000000
14194,0,0.004014,0.000000
14195,0,0.004013,0.000000
14196,0,0.004012,0.000000
14197,0,0.004011,0.000000
14198,0,0.004010,0.000000
14199,0,0.004009,0.000000
14200,0,0.004008,0.000000
14201,0,0.004006,0.000000
14202,0,0.004005,0.000000
14203,0,0.004004,0.000000
14204,0,0.004003,0.000000
14205,0,0.004002,0.000000
14206,0,0.004001,0.000000
14207,0,0.004000,0.000000
14208,0,0.003999,0.000000
14209,0,0.003997,0.000000
14210,0,0.003996,0.000000
14211,0,0.003995,0.000000
14212,0,0.003994,0.000000
14213,0,0.003993,0.000000
14214,0,0.003992,0.000000
14215,0,0.003991,0.000000
14216,0,0.003990,0.000000
14217,0,0.003989,0.000000
14218,0,0.003987,0.000000
14219,0,0.003986,0.000000
14220,0,0.003985,0.000000
14221,0,0.003984,0.000000
14222,0,0.003983,0.000000
14223,0,0.003982,0.000000
14224,0,0.003981,0.000000
14225,0,0.003980,0.000000
14226,0,0.003979,0.000000
14227,0,0.003977,0.000000
14228,0,0.003976,0.000000
14229,0,0.003975,0.000000
14230,0,0.003974,0.000000
14231,0,0.003973,0.000000
14232,0,0.003972,0.000000
14233,0,0.003971,0.000000
14234,0,0.003970,0.000000
14235,0,0.003969,0.000000
14236,0,0.003968,0.000000
14237,0,0.003966,0.000000
14238,0,0.003965,0.000000
14239,0,0.003964,0.000000
14240,0,0.003963,0.000000
14241,0,0.003962,0.000000
14242,0,0.003961,0.000000
14243,0,0.003960,0.000000
14244,0,0.003959,0.000000
14245,0,0.003958,0.000000
14246,0,0.003956,0.000000
14247,0,0.003955,0.000000
14248,0,0.003954,0.000000
14249,0,0.003953,0.000000
14250,0,0.003952,0.000000
14251,0,0.003951,0.000000
14252,0,0.003950,0.000000
14253,0,0.003949,0.000000
14254,0,0.003948,0.000000
14255,0,0.003947,0.000000
14256,0,0.003945,0.000000
14257,0,0.003944,0.000000
14258,0,0.003943,0.000000
14259,0,0.003942,0.000000
14260,0,0.003941,0.000000
14261,0,0.003940,0.000000
14262,0,0.003939,0.000000
14263,0,0.003938,0.000000
14264,0,0.003937,0.000000
14265,0,0.003936,0.000000
14266,0,0.003935,0.000000
14267,0,0.003933,0.000000
14268,0,0.003932,0.000000
14269,0,0.003931,0.000000
14270,0,0.003930,0.000000
14271,0,0.003929,0.000000
14272,0,0.003928,0.000000
14273,0,0.003927,0.000000
14274,0,0.003926,0.000000
14275,0,0.003925,0.000000
14276,0,0.003924,0.000000
14277,0,0.003923,0.000000
14278,0,0.003921,0.000000
14279,0,0.003920,0.000000
14280,0,0.003919,0.000000
14281,0,0.003918,0.000000
14282,0,0.003917,0.000000
14283,0,0.003916,0.000000
14284,0,0.003915,0.000000
14285,0,0.003914,0.000000
14286,0,0.003913,0.000000
14287,0,0.003912,0.000000
14288,0,0.003911,0.000000
14289,0,0.003909,0.000000
14290,0,0.003908,0.000000
14291,0,0.003907,0.000000
14292,0,0.003906,0.000000
14293,0,0.003905,0.000000
14294,0,0.003904,0.000000
14295,0,0.003903,0.000000
14296,0,0.003902,0.000000
14297,0,0.003901,0.000000
14298,0,0.003900,0.000000
14299,0,0.003899,0.000000
14300,0,0.003898,0.000000
14301,0,0.003897,0.000000
14302,0,0.003895,0.000000
14303,0,0.003894,0.000000
14304,0,0.003893,0.000000
14305,0,0.003892,0.000000
14306,0,0.003891,0.000000
14307,0,0.003890,0.000000
14308,0,0.003889,0.000000
14309,0,0.003888,0.000000
14310,0,0.003887,0.000000
14311,0,0.003886,0.000000
14312,0,0.003885,0.000000
14313,0,0.003884,0.000000
14314,0,0.003882,0.000000
14315,0,0.003881,0.000000
14316,0,0.003880,0.000000
14317,0,0.003879,0.000000
14318,0,0.003878,0.000000
14319,0,0.003877,0.000000
14320,0,0.003876,0.000000
14321,0,0.003875,0.000000
14322,0,0.003874,0.000000
14323,0,0.003873,0.000000
14324,0,0.003872,0.000000
14325,0,0.003871,0.000000
14326,0,0.003870,0.000000
14327,0,0.003869,0.000000
14328,0,0.003867,0.000000
14329,0,0.003866,0.000000
14330,0,0.003865,0.000000
14331,0,0.003864,0.000000
14332,0,0.003863,0.000000
14333,0,0.003862,0.000000
14334,0,0.003861,0.000000
14335,0,0.003860,0.000000
14336,0,0.003859,0.000000
14337,0,0.003858,0.000000
14338,0,0.003857,0.000000
14339,0,0.003856,0.000000
14340,0,0.003855,0.000000
14341,0,0.003854,0.000000
14342,0,0.003853,0.000000
14343,0,0.003851,0.000000
14344,0,0.003850,0.000000
14345,0,0.003849,0.000000
14346,0,0.003848,0.000000
14347,0,0.003847,0.000000
14348,0,0.003846,0.000000
14349,0,0.003845,0.000000
14350,0,0.003844,0.000000
14351,0,0.003843,0.000000
14352,0,0.003842,0.000000
14353,0,0.003841,0.000000
14354,0,0.003840,0.000000
14355,0,0.003839,0.000000
14356,0,0.003838,0.000000
14357,0,0.003837,0.000000
14358,0,0.003836,0.000000
14359,0,0.003834,0.000000
14360,0,0.003833,0.000000
14361,0,0.003832,0.000000
14362,0,0.003831,0.000000
14363,0,0.003830,0.000000
14364,0,0.003829,0.000000
14365,0,0.003828,0.000000
14366,0,0.003827,0.000000
14367,0,0.003826,0.000000
14368,0,0.003825,0.000000
14369,0,0.003824,0.000000
14370,0,0.003823,0.000000
14371,0,0.003822,0.000000
14372,0,0.003821,0.000000
14373,0,0.003820,0.000000
14374,0,0.003819,0.000000
14375,0,0.003818,0.000000
14376,0,0.003817,0.000000
14377,0,0.003815,0.000000
14378,0,0.003814,0.000000
14379,0,0.003813,0.000000
14380,0,0.003812,0.000000
14381,0,0.003811,0.000000
14382,0,0.003810,0.000000
14383,0,0.003809,0.000000
14384,0,0.003808,0.000000
14385,0,0.003807,0.000000
14386,0,0.003806,0.000000
14387,0,0.003805,0.000000
14388,0,0.003804,0.000000
14389,0,0.003803,0.000000
14390,0,0.003802,0.000000
14391,0,0.003801,0.000000
14392,0,0.003800,0.000000
14393,0,0.003799,0.000000
14394,0,0.003798,0.000000
14395,0,0.003797,0.000000
14396,0,0.003796,0.000000
14397,0,0.003794,0.000000
14398,0,0.003793,0.000000
14399,0,0.003792,0.000000
14400,0,0.003791,0.000000
14401,0,0.003790,0.000000
14402,0,0.003789,0.000000
14403,0,0.003788,0.000000
14404,0,0.003787,0.000000
14405,0,0.003786,0.000000
14406,0,0.003785,0.000000
14407,0,0.003784,0.000000
14408,0,0.003783,0.000000
14409,0,0.003782,0.000000
14410,0,0.003781,0.000000
14411,0,0.003780,0.000000
14412,0,0.003779,0.000000
14413,0,0.003778,0.000000
14414,0,0.003777,0.000000
14415,0,0.003776,0.000000
14416,0,0.003775,0.000000
14417,0,0.003774,0.000000
14418,0,0.003773,0.000000
14419,0,0.003772,0.000000
14420,0,0.003771,0.000000
14421,0,0.003770,0.000000
14422,0,0.003768,0.000000
14423,0,0.003767,0.000000
14424,0,0.003766,0.000000
14425,0,0.003765,0.000000
14426,0,0.003764,0.000000
14427,0,0.003763,0.000000
14428,0,0.003762,0.000000
14429,0,0.003761,0.000000
14430,0,0.003760,0.000000
14431,0,0.003759,0.000000
14432,0,0.003758,0.000000
14433,0,0.003757,0.000000
14434,0,0.003756,0.000000
14435,0,0.003755,0.000000
14436,0,0.003754,0.000000
14437,0,0.003753,0.000000
14438,0,0.003752,0.000000
14439,0,0.003751,0.000000
14440,0,0.003750,0.000000
14441,0,0.003749,0.000000
14442,0,0.003748,0.000000
14443,0,0.003747,0.000000
14444,0,0.003746,0.000000
14445,0,0.003745,0.000000
14446,0,0.003744,0.000000
14447,0,0.003743,0.000000
14448,0,0.003742,0.000000
14449,0,0.003741,0.000000
14450,0,0.003740,0.000000
14451,0,0.003739,0.000000
14452,0,0.003738,0.000000
14453,0,0.003737,0.000000
14454,0,0.003735,0.000000
14455,0,0.003734,0.000000
14456,0,0.003733,0.000000
14457,0,0.003732,0.000000
14458,0,0.003731,0.000000
14459,0,0.003730,0.000000
14460,0,0.003729,0.000000
14461,0,0.003728,0.000000
14462,0,0.003727,0.000000
14463,0,0.003726,0.000000
14464,0,0.003725,0.000000
14465,0,0.003724,0.000000
14466,0,0.003723,0.000000
14467,0,0.003722,0.000000
14468,0,0.003721,0.000000
14469,0,0.003720,0.000000
14470,0,0.003719,0.000000
14471,0,0.003718,0.000000
14472,0,0.003717,0.000000
14473,0,0.003716,0.000000
14474,0,0.003715,0.000000
14475,0,0.003714,0.000000
14476,0,0.003713,0.000000
14477,0,0.003712,0.000000
14478,0,0.003711,0.000000
14479,0,0.003710,0.000000
14480,0,0.003709,0.000000
14481,0,0.003708,0.000000
14482,0,0.003707,0.000000
14483,0,0.003706,0.000000
14484,0,0.003705,0.000000
14485,0,0.003704,0.000000
14486,0,0.003703,0.000000
14487,0,0.003702,0.000000
14488,0,0.003701,0.000000
14489,0,0.003700,0.000000
14490,0,0.003699,0.000000
14491,0,0.003698,0.000000
14492,0,0.003697,0.000000
14493,0,0.003696,0.000000
14494,0,0.003695,0.000000
14495,0,0.003694,0.000000
14496,0,0.003693,0.000000
14497,0,0.003692,0.000000
14498,0,0.003691,0.000000
14499,0,0.003690,0.000000
14500,0,0.003689,0.000000
14501,0,0.003688,0.000000
14502,0,0.003687,0.000000
14503,0,0.003686,0.000000
14504,0,0.003685,0.000000
14505,0,0.003684,0.000000
14506,0,0.003683,0.000000
14507,0,0.003682,0.000000
14508,0,0.003681,0.000000
14509,0,0.003680,0.000000
14510,0,0.003679,0.000000
14511,0,0.003678,0.000000
14512,0,0.003677,0.000000
14513,0,0.003676,0.000000
14514,0,0.003675,0.000000
14515,0,0.003674,0.000000
14516,0,0.003673,0.000000
14517,0,0.003672,0.000000
14518,0,0.003671,0.000000
14519,0,0.003670,0.000000
14520,0,0.003669,0.000000
14521,0,0.003668,0.000000
14522,0,0.003667,0.000000
14523,0,0.003666,0.000000
14524,0,0.003665,0.000000
14525,0,0.003664,0.000000
14526,0,0.003663,0.000000
14527,0,0.003662,0.000000
14528,0,0.003661,0.000000
14529,0,0.003660,0.000000
14530,0,0.003659,0.000000
14531,0,0.003658,0.000000
14532,0,0.003657,0.000000
14533,0,0.003656,0.000000
14534,0,0.003655,0.000000
14535,0,0.003654,0.000000
14536,0,0.003653,0.000000
14537,0,0.003652,0.000000
14538,0,0.003651,0.000000
14539,0,0.003650,0.000000
14540,0,0.003649,0.000000
14541,0,0.003648,0.000000
14542,0,0.003647,0.000000
14543,0,0.003646,0.000000
14544,0,0.003645,0.000000
14545,0,0.003644,0.000000
14546,0,0.003643,0.000000
14547,0,0.003642,0.000000
14548,0,0.003641,0.000000
14549,0,0.003640,0.000000
14550,0,0.003639,0.000000
14551,0,0.003638,0.000000
14552,0,0.003637,0.000000
14553,0,0.003636,0.000000
14554,0,0.003635,0.000000
14555,0,0.003634,0.000000
14556,0,0.003633,0.000000
14557,0,0.003632,0.000000
14558,0,0.003631,0.000000
14559,0,0.003630,0.000000
14560,0,0.003629,0.000000
14561,0,0.003628,0.000000
14562,0,0.003627,0.000000
14563,0,0.003626,0.000000
14564,0,0.003625,0.000000
14565,0,0.003624,0.000000
14566,0,0.003623,0.000000
14567,0,0.003622,0.000000
14568,0,0.003621,0.000000
14569,0,0.003620,0.000000
14570,0,0.003619,0.000000
14571,0,0.003618,0.000000
14572,0,0.003617,0.000000
14573,0,0.003616,0.000000
14574,0,0.003615,0.000000
14575,0,0.003614,0.000000
14576,0,0.003613,0.000000
14577,0,0.003612,0.000000
14578,0,0.003611,0.000000
14579,0,0.003610,0.000000
14580,0,0.003609,0.000000
14581,0,0.003608,0.000000
14582,0,0.003607,0.000000
14583,0,0.003606,0.000000
14584,0,0.003605,0.000000
14585,0,0.003604,0.000000
14586,0,0.003603,0.000000
14587,0,0.003602,0.000000
14588,0,0.003601,0.000000
14589,0,0.003600,0.000000
14590,0,0.003599,0.000000
14591,0,0.003598,0.000000
14592,0,0.003597,0.000000
14593,0,0.003596,0.000000
14594,0,0.003595,0.000000
14595,0,0.003594,0.000000
14596,0,0.003593,0.000000
14597,0,0.003592,0.000000
14598,0,0.003591,0.000000
14599,0,0.003590,0.000000
14600,0,0.003589,0.000000
14601,0,0.003588,0.000000
14602,0,0.003587,0.000000
14603,0,0.003587,0.000000
14604,0,0.003586,0.000000
14605,0,0.003585,0.000000
14606,0,0.003584,0.000000
14607,0,0.003583,0.000000
14608,0,0.003582,0.000000
14609,0,0.003581,0.000000
14610,0,0.003580,0.000000
14611,0,0.003579,0.000000
14612,0,0.003578,0.000000
14613,0,0.003577,0.000000
14614,0,0.003576,0.000000
14615,0,0.003575,0.000000
14616,0,0.003574,0.000000
14617,0,0.003573,0.000000
14618,0,0.003572,0.000000
14619,0,0.003571,0.000000
14620,0,0.003570,0.000000
14621,0,0.003569,0.000000
14622,0,0.003568,0.000000
14623,0,0.003567,0.000000
14624,0,0.003566,0.000000
14625,0,0.003565,0.000000
14626,0,0.003564,0.000000
14627,0,0.003563,0.000000
14628,0,0.003562,0.000000
14629,0,0.003561,0.000000
14630,0,0.003560,0.000000
14631,0,0.003559,0.000000
14632,0,0.003558,0.000000
14633,0,0.003557,0.000000
14634,0,0.003556,0.000000
14635,0,0.003555,0.000000
14636,0,0.003554,0.000000
14637,0,0.003554,0.000000
14638,0,0.003553,0.000000
14639,0,0.003552,0.000000
14640,0,0.003551,0.000000
14641,0,0.003550,0.000000
14642,0,0.003549,0.000000
14643,0,0.003548,0.000000
14644,0,0.003547,0.000000
14645,0,0.003546,0.000000
14646,0,0.003545,0.000000
14647,0,0.003544,0.000000
14648,0,0.003543,0.000000
14649,0,0.003542,0.000000
14650,0,0.003541,0.000000
14651,0,0.003540,0.000000
14652,0,0.003539,0.000000
14653,0,0.003538,0.000000
14654,0,0.003537,0.000000
14655,0,0.003536,0.000000
14656,0,0.003535,0.000000
14657,0,0.003534,0.000000
14658,0,0.003533,0.000000
14659,0,0.003532,0.000000
14660,0,0.003531,0.000000
14661,0,0.003530,0.000000
14662,0,0.003530,0.000000
14663,0,0.003529,0.000000
14664,0,0.003528,0.000000
14665,0,0.003527,0.000000
14666,0,0.003526,0.000000
14667,0,0.003525,0.000000
14668,0,0.003524,0.000000
14669,0,0.003523,0.000000
14670,0,0.003522,0.000000
14671,0,0.003521,0.000000
14672,0,0.003520,0.000000
14673,0,0.003519,0.000000
14674,0,0.003518,0.000000
14675,0,0.003517,0.000000
14676,0,0.003516,0.000000
14677,0,0.003515,0.000000
14678,0,0.003514,0.000000
14679,0,0.003513,0.000000
14680,0,0.003512,0.000000
14681,0,0.003511,0.000000
14682,0,0.003510,0.000000
14683,0,0.003509,0.000000
14684,0,0.003509,0.000000
14685,0,0.003508,0.000000
14686,0,0.003507,0.000000
14687,0,0.003506,0.000000
14688,0,0.003505,0.000000
14689,0,0.003504,0.000000
14690,0,0.003503,0.000000
14691,0,0.003502,0.000000
14692,0,0.003501,0.000000
14693,0,0.003500,0.000000
14694,0,0.003499,0.000000
14695,0,0.003498,0.000000
14696,0,0.003497,0.000000
14697,0,0.003496,0.000000
14698,0,0.003495,0.000000
14699,0,0.003494,0.000000
14700,0,0.003493,0.000000
14701,0,0.003492,0.000000
14702,0,0.003492,0.000000
14703,0,0.003491,0.000000
14704,0,0.003490,0.000000
14705,0,0.003489,0.000000
14706,0,0.003488,0.000000
14707,0,0.003487,0.000000
14708,0,0.003486,0.000000
14709,0,0.003485,0.000000
14710,0,0.003484,0.000000
14711,0,0.003483,0.000000
14712,0,0.003482,0.000000
14713,0,0.003481,0.000000
14714,0,0.003480,0.000000
14715,0,0.003479,0.000000
14716,0,0.003478,0.000000
14717,0,0.003477,0.000000
14718,0,0.003476,0.000000
14719,0,0.003475,0.000000
14720,0,0.003475,0.000000
14721,0,0.003474,0.000000
14722,0,0.003473,0.000000
14723,0,0.003472,0.000000
14724,0,0.003471,0.000000
14725,0,0.003470,0.000000
14726,0,0.003469,0.000000
14727,0,0.003468,0.000000
14728,0,0.003467,0.000000
14729,0,0.003466,0.000000
14730,0,0.003465,0.000000
14731,0,0.003464,0.000000
14732,0,0.003463,0.000000
14733,0,0.003462,0.000000
14734,0,0.003461,0.000000
14735,0,0.003461,0.000000
14736,0,0.003460,0.000000
14737,0,0.003459,0.000000
14738,0,0.003458,0.000000
14739,0,0.003457,0.000000
14740,0,0.003456,0.000000
14741,0,0.003455,0.000000
14742,0,0.003454,0.000000
14743,0,0.003453,0.000000
14744,0,0.003452,0.000000
14745,0,0.003451,0.000000
14746,0,0.003450,0.000000
14747,0,0.003449,0.000000
14748,0,0.003448,0.000000
14749,0,0.003447,0.000000
14750,0,0.003447,0.000000
14751,0,0.003446,0.000000
14752,0,0.003445,0.000000
14753,0,0.003444,0.000000
14754,0,0.003443,0.000000
14755,0,0.003442,0.000000
14756,0,0.003441,0.000000
14757,0,0.003440,0.000000
14758,0,0.003439,0.000000
14759,0,0.003438,0.000000
14760,0,0.003437,0.000000
14761,0,0.003436,0.000000
14762,0,0.003435,0.000000
14763,0,0.003434,0.000000
14764,0,0.003434,0.000000
14765,0,0.003433,0.000000
14766,0,0.003432,0.000000
14767,0,0.003431,0.000000
14768,0,0.003430,0.000000
14769,0,0.003429,0.000000
14770,0,0.003428,0.000000
14771,0,0.003427,0.000000
14772,0,0.003426,0.000000
14773,0,0.003425,0.000000
14774,0,0.003424,0.000000
14775,0,0.003423,0.000000
14776,0,0.003422,0.000000
14777,0,0.003422,0.000000
14778,0,0.003421,0.000000
14779,0,0.003420,0.000000
14780,0,0.003419,0.000000
14781,0,0.003418,0.000000
14782,0,0.003417,0.000000
14783,0,0.003416,0.000000
14784,0,0.003415,0.000000
14785,0,0.003414,0.000000
14786,0,0.003413,0.000000
14787,0,0.003412,0.000000
14788,0,0.003411,0.000000
14789,0,0.003411,0.000000
14790,0,0.003410,0.000000
14791,0,0.003409,0.000000
14792,0,0.003408,0.000000
14793,0,0.003407,0.000000
14794,0,0.003406,0.000000
14795,0,0.003405,0.000000
14796,0,0.003404,0.000000
14797,0,0.003403,0.000000
14798,0,0.003402,0.000000
14799,0,0.003401,0.000000
14800,0,0.003400,0.000000
14801,0,0.003400,0.000000
14802,0,0.003399,0.000000
14803,0,0.003398,0.000000
14804,0,0.003397,0.000000
14805,0,0.003396,0.000000
14806,0,0.003395,0.000000
14807,0,0.003394,0.000000
14808,0,0.003393,0.000000
14809,0,0.003392,0.000000
14810,0,0.003391,0.000000
14811,0,0.003390,0.000000
14812,0,0.003389,0.000000
14813,0,0.003389,0.000000
14814,0,0.003388,0.000000
14815,0,0.003387,0.000000
14816,0,0.003386,0.000000
14817,0,0.003385,0.000000
14818,0,0.003384,0.000000
14819,0,0.003383,0.000000
14820,0,0.003382,0.000000
14821,0,0.003381,0.000000
14822,0,0.003380,0.000000
14823,0,0.003379,0.000000
14824,0,0.003379,0.000000
14825,0,0.003378,0.000000
14826,0,0.003377,0.000000
14827,0,0.003376,0.000000
14828,0,0.003375,0.000000
14829,0,0.003374,0.000000
14830,0,0.003373,0.000000
14831,0,0.003372,0.000000
14832,0,0.003371,0.000000
14833,0,0.003370,0.000000
14834,0,0.003370,0.000000
14835,0,0.003369,0.000000
14836,0,0.003368,0.000000
14837,0,0.003367,0.000000
14838,0,0.003366,0.000000
14839,0,0.003365,0.000000
14840,0,0.003364,0.000000
14841,0,0.003363,0.000000
14842,0,0.003362,0.000000
14843,0,0.003361,0.000000
14844,0,0.003360,0.000000
14845,0,0.003360,0.000000
14846,0,0.003359,0.000000
14847,0,0.003358,0.000000
14848,0,0.003357,0.000000
14849,0,0.003356,0.000000
14850,0,0.003355,0.000000
14851,0,0.003354,0.000000
14852,0,0.003353,0.000000
14853,0,0.003352,0.000000
14854,0,0.003351,0.000000
14855,0,0.003351,0.000000
14856,0,0.003350,0.000000
14857,0,0.003349,0.000000
14858,0,0.003348,0.000000
14859,0,0.003347,0.000000
14860,0,0.003346,0.000000
14861,0,0.003345,0.000000
14862,0,0.003344,0.000000
14863,0,0.003343,0.000000
14864,0,0.003343,0.000000
14865,0,0.003342,0.000000
14866,0,0.003341,0.000000
14867,0,0.003340,0.000000
14868,0,0.003339,0.000000
14869,0,0.003338,0.000000
14870,0,0.003337,0.000000
14871,0,0.003336,0.000000
14872,0,0.003335,0.000000
14873,0,0.003334,0.000000
14874,0,0.003334,0.000000
14875,0,0.003333,0.000000
14876,0,0.003332,0.000000
14877,0,0.003331,0.000000
14878,0,0.003330,0.000000
14879,0,0.003329,0.000000
14880,0,0.003328,0.000000
14881,0,0.003327,0.000000
14882,0,0.003326,0.000000
14883,0,0.003326,0.000000
14884,0,0.003325,0.000000
14885,0,0.003324,0.000000
14886,0,0.003323,0.000000
14887,0,0.003322,0.000000
14888,0,0.003321,0.000000
14889,0,0.003320,0.000000
14890,0,0.003319,0.000000
14891,0,0.003318,0.000000
14892,0,0.003318,0.000000
14893,0,0.003317,0.000000
14894,0,0.003316,0.000000
14895,0,0.003315,0.000000
14896,0,0.003314,0.000000
14897,0,0.003313,0.000000
14898,0,0.003312,0.000000
14899,0,0.003311,0.000000
14900,0,0.003310,0.000000
14901,0,0.003310,0.000000
14902,0,0.003309,0.000000
14903,0,0.003308,0.000000
14904,0,0.003307,0.000000
14905,0,0.003306,0.000000
14906,0,0.003305,0.000000
14907,0,0.003304,0.000000
14908,0,0.003303,0.000000
14909,0,0.003302,0.000000
14910,0,0.003302,0.000000
14911,0,0.003301,0.000000
14912,0,0.003300,0.000000
14913,0,0.003299,0.000000
14914,0,0.003298,0.000000
14915,0,0.003297,0.000000
14916,0,0.003296,0.000000
14917,0,0.003295,0.000000
14918,0,0.003295,0.000000
14919,0,0.003294,0.000000
14920,0,0.003293,0.000000
14921,0,0.003292,0.000000
14922,0,0.003291,0.000000
14923,0,0.003290,0.000000
14924,0,0.003289,0.000000
14925,0,0.003288,0.000000
14926,0,0.003288,0.000000
14927,0,0.003287,0.000000
14928,0,0.003286,0.000000
14929,0,0.003285,0.000000
14930,0,0.003284,0.000000
14931,0,0.003283,0.000000
14932,0,0.003282,0.000000
14933,0,0.003281,0.000000
14934,0,0.003280,0.000000
14935,0,0.003280,0.000000
14936,0,0.003279,0.000000
14937,0,0.003278,0.000000
14938,0,0.003277,0.000000
14939,0,0.003276,0.000000
14940,0,0.003275,0.000000
14941,0,0.003274,0.000000
14942,0,0.003273,0.000000
14943,0,0.003273,0.000000
14944,0,0.003272,0.000000
14945,0,0.003271,0.000000
14946,0,0.003270,0.000000
14947,0,0.003269,0.000000
14948,0,0.003268,0.000000
14949,0,0.003267,0.000000
14950,0,0.003267,0.000000
14951,0,0.003266,0.000000
14952,0,0.003265,0.000000
14953,0,0.003264,0.000000
14954,0,0.003263,0.000000
14955,0,0.003262,0.000000
14956,0,0.003261,0.000000
14957,0,0.003260,0.000000
14958,0,0.003260,0.000000
14959,0,0.003259,0.000000
14960,0,0.003258,0.000000
14961,0,0.003257,0.000000
14962,0,0.003256,0.000000
14963,0,0.003255,0.000000
14964,0,0.003254,0.000000
14965,0,0.003253,0.000000
14966,0,0.003253,0.000000
14967,0,0.003252,0.000000
14968,0,0.003251,0.000000
14969,0,0.003250,0.000000
14970,0,0.003249,0.000000
14971,0,0.003248,0.000000
14972,0,0.003247,0.000000
14973,0,0.003247,0.000000
14974,0,0.003246,0.000000
14975,0,0.003245,0.000000
14976,0,0.003244,0.000000
14977,0,0.003243,0.000000
14978,0,0.003242,0.000000
14979,0,0.003241,0.000000
14980,0,0.003240,0.000000
14981,0,0.003240,0.000000
14982,0,0.003239,0.000000
14983,0,0.003238,0.000000
14984,0,0.003237,0.000000
14985,0,0.003236,0.000000
14986,0,0.003235,0.000000
14987,0,0.003234,0.000000
14988,0,0.003234,0.000000
14989,0,0.003233,0.000000
14990,0,0.003232,0.000000
14991,0,0.003231,0.000000
14992,0,0.003230,0.000000
14993,0,0.003229,0.000000
14994,0,0.003228,0.000000
14995,0,0.003228,0.000000
14996,0,0.003227,0.000000
14997,0,0.003226,0.000000
14998,0,0.003225,0.000000
14999,0,0.003224,0.000000
15000,0,0.003223,0.000000
15001,0,0.003222,0.000000
15002,0,0.003222,0.000000
15003,0,0.003221,0.000000
15004,0,0.003220,0.000000
15005,0,0.003219,0.000000
15006,0,0.003218,0.000000
15007,0,0.003217,0.000000
15008,0,0.003216,0.000000
15009,0,0.003216,0.000000
15010,0,0.003215,0.000000
15011,0,0.003214,0.000000
15012,0,0.003213,0.000000
15013,0,0.003212,0.000000
15014,0,0.003211,0.000000
15015,0,0.003210,0.000000
15016,0,0.003210,0.000000
15017,0,0.003209,0.000000
15018,0,0.003208,0.000000
15019,0,0.003207,0.000000
15020,0,0.003206,0.000000
15021,0,0.003205,0.000000
15022,0,0.003204,0.000000
15023,0,0.003204,0.000000
15024,0,0.003203,0.000000
15025,0,0.003202,0.000000
15026,0,0.003201,0.000000
15027,0,0.003200,0.000000
15028,0,0.003199,0.000000
15029,0,0.003198,0.000000
15030,0,0.003198,0.000000
15031,0,0.003197,0.000000
15032,0,0.003196,0.000000
15033,0,0.003195,0.000000
15034,0,0.003194,0.000000
15035,0,0.003193,0.000000
15036,0,0.003193,0.000000
15037,0,0.003192,0.000000
15038,0,0.003191,0.000000
15039,0,0.003190,0.000000
15040,0,0.003189,0.000000
15041,0,0.003188,0.000000
15042,0,0.003187,0.000000
15043,0,0.003187,0.000000
15044,0,0.003186,0.000000
15045,0,0.003185,0.000000
15046,0,0.003184,0.000000
15047,0,0.003183,0.000000
15048,0,0.003182,0.000000
15049,0,0.003182,0.000000
15050,0,0.003181,0.000000
15051,0,0.003180,0.000000
15052,0,0.003179,0.000000
15053,0,0.003178,0.000000
15054,0,0.003177,0.000000
15055,0,0.003176,0.000000
15056,0,0.003176,0.000000
15057,0,0.003175,0.000000
15058,0,0.003174,0.000000
15059,0,0.003173,0.000000
15060,0,0.003172,0.000000
15061,0,0.003171,0.000000
15062,0,0.003171,0.000000
15063,0,0.003170,0.000000
15064,0,0.003169,0.000000
15065,0,0.003168,0.000000
15066,0,0.003167,0.000000
15067,0,0.003166,0.000000
15068,0,0.003166,0.000000
15069,0,0.003165,0.000000
15070,0,0.003164,0.000000
15071,0,0.003163,0.000000
15072,0,0.003162,0.000000
15073,0,0.003161,0.000000
15074,0,0.003161,0.000000
15075,0,0.003160,0.000000
15076,0,0.003159,0.000000
15077,0,0.003158,0.000000
15078,0,0.003157,0.000000
15079,0,0.003156,0.000000
15080,0,0.003155,0.000000
15081,0,0.003155,0.000000
15082,0,0.003154,0.000000
15083,0,0.003153,0.000000
15084,0,0.003152,0.000000
15085,0,0.003151,0.000000
15086,0,0.003150,0.000000
15087,0,0.003150,0.000000
15088,0,0.003149,0.000000
15089,0,0.003148,0.000000
15090,0,0.003147,0.000000
15091,0,0.003146,0.000000
15092,0,0.003145,0.000000
15093,0,0.003145,0.000000
15094,0,0.003144,0.000000
15095,0,0.003143,0.000000
15096,0,0.003142,0.000000
15097,0,0.003141,0.000000
15098,0,0.003140,0.000000
15099,0,0.003140,0.000000
15100,0,0.003139,0.000000
15101,0,0.003138,0.000000
15102,0,0.003137,0.000000
15103,0,0.003136,0.000000
15104,0,0.003135,0.000000
15105,0,0.003135,0.000000
15106,0,0.003134,0.000000
15107,0,0.003133,0.000000
15108,0,0.003132,0.000000
15109,0,0.003131,0.000000
15110,0,0.003130,0.000000
15111,0,0.003130,0.000000
15112,0,0.003129,0.000000
15113,0,0.003128,0.000000
15114,0,0.003127,0.000000
15115,0,0.003126,0.000000
15116,0,0.003126,0.000000
15117,0,0.003125,0.000000
15118,0,0.003124,0.000000
15119,0,0.003123,0.000000
15120,0,0.003122,0.000000
15121,0,0.003121,0.000000
15122,0,0.003121,0.000000
15123,0,0.003120,0.000000
15124,0,0.003119,0.000000
15125,0,0.003118,0.000000
15126,0,0.003117,0.000000
15127,0,0.003116,0.000000
15128,0,0.003116,0.000000
15129,0,0.003115,0.000000
15130,0,0.003114,0.000000
15131,0,0.003113,0.000000
15132,0,0.003112,0.000000
15133,0,0.003111,0.000000
15134,0,0.003111,0.000000
15135,0,0.003110,0.000000
15136,0,0.003109,0.000000
15137,0,0.003108,0.000000
15138,0,0.003107,0.000000
15139,0,0.003107,0.000000
15140,0,0.003106,0.000000
15141,0,0.003105,0.000000
15142,0,0.003104,0.000000
15143,0,0.003103,0.000000
15144,0,0.003102,0.000000
15145,0,0.003102,0.000000
15146,0,0.003101,0.000000
15147,0,0.003100,0.000000
15148,0,0.003099,0.000000
15149,0,0.003098,0.000000
15150,0,0.003098,0.000000
15151,0,0.003097,0.000000
15152,0,0.003096,0.000000
15153,0,0.003095,0.000000
15154,0,0.003094,0.000000
15155,0,0.003093,0.000000
15156,0,0.003093,0.000000
15157,0,0.003092,0.000000
15158,0,0.003091,0.000000
15159,0,0.003090,0.000000
15160,0,0.003089,0.000000
15161,0,0.003089,0.000000
15162,0,0.003088,0.000000
15163,0,0.003087,0.000000
15164,0,0.003086,0.000000
15165,0,0.003085,0.000000
15166,0,0.003084,0.000000
15167,0,0.003084,0.000000
15168,0,0.003083,0.000000
15169,0,0.003082,0.000000
15170,0,0.003081,0.000000
15171,0,0.003080,0.000000
15172,0,0.003080,0.000000
15173,0,0.003079,0.000000
15174,0,0.003078,0.000000
15175,0,0.003077,0.000000
15176,0,0.003076,0.000000
15177,0,0.003076,0.000000
15178,0,0.003075,0.000000
15179,0,0.003074,0.000000
15180,0,0.003073,0.000000
15181,0,0.003072,0.000000
15182,0,0.003071,0.000000
15183,0,0.003071,0.000000
15184,0,0.003070,0.000000
15185,0,0.003069,0.000000
15186,0,0.003068,0.000000
15187,0,0.003067,0.000000
15188,0,0.003067,0.000000
15189,0,0.003066,0.000000
15190,0,0.003065,0.000000
15191,0,0.003064,0.000000
15192,0,0.003063,0.000000
15193,0,0.003063,0.000000
15194,0,0.003062,0.000000
15195,0,0.003061,0.000000
15196,0,0.003060,0.000000
15197,0,0.003059,0.000000
15198,0,0.003059,0.000000
15199,0,0.003058,0.000000
15200,0,0.003057,0.000000
15201,0,0.003056,0.000000
15202,0,0.003055,0.000000
15203,0,0.003054,0.000000
15204,0,0.003054,0.000000
15205,0,0.003053,0.000000
15206,0,0.003052,0.000000
15207,0,0.003051,0.000000
15208,0,0.003050,0.000000
15209,0,0.003050,0.000000
15210,0,0.003049,0.000000
15211,0,0.003048,0.000000
15212,0,0.003047,0.000000
15213,0,0.003046,0.000000
15214,0,0.003046,0.000000
15215,0,0.003045,0.000000
15216,0,0.003044,0.000000
15217,0,0.003043,0.000000
15218,0,0.003042,0.000000
15219,0,0.003042,0.000000
15220,0,0.003041,0.000000
15221,0,0.003040,0.000000
15222,0,0.003039,0.000000
15223,0,0.003038,0.000000
15224,0,0.003038,0.000000
15225,0,0.003037,0.000000
15226,0,0.003036,0.000000
15227,0,0.003035,0.000000
15228,0,0.003034,0.000000
15229,0,0.003034,0.000000
15230,0,0.003033,0.000000
15231,0,0.003032,0.000000
15232,0,0.003031,0.000000
15233,0,0.003030,0.000000
15234,0,0.003030,0.000000
15235,0,0.003029,0.000000
15236,0,0.003028,0.000000
15237,0,0.003027,0.000000
15238,0,0.003026,0.000000
15239,0,0.003026,0.000000
15240,0,0.003025,0.000000
15241,0,0.003024,0.000000
15242,0,0.003023,0.000000
15243,0,0.003022,0.000000
15244,0,0.003022,0.000000
15245,0,0.003021,0.000000
15246,0,0.003020,0.000000
15247,0,0.003019,0.000000
15248,0,0.003019,0.000000
15249,0,0.003018,0.000000
15250,0,0.003017,0.000000
15251,0,0.003016,0.000000
15252,0,0.003015,0.000000
15253,0,0.003015,0.000000
15254,0,0.003014,0.000000
15255,0,0.003013,0.000000
15256,0,0.003012,0.000000
15257,0,0.003011,0.000000
15258,0,0.003011,0.000000
15259,0,0.003010,0.000000
15260,0,0.003009,0.000000
15261,0,0.003008,0.000000
15262,0,0.003007,0.000000
15263,0,0.003007,0.000000
15264,0,0.003006,0.000000
15265,0,0.003005,0.000000
15266,0,0.003004,0.000000
15267,0,0.003003,0.000000
15268,0,0.003003,0.000000
15269,0,0.003002,0.000000
15270,0,0.003001,0.000000
15271,0,0.003000,0.000000
15272,0,0.003000,0.000000
15273,0,0.002999,0.000000
15274,0,0.002998,0.000000
15275,0,0.002997,0.000000
15276,0,0.002996,0.000000
15277,0,0.002996,0.000000
15278,0,0.002995,0.000000
15279,0,0.002994,0.000000
15280,0,0.002993,0.000000
15281,0,0.002992,0.000000
15282,0,0.002992,0.000000
15283,0,0.002991,0.000000
15284,0,0.002990,0.000000
15285,0,0.002989,0.000000
15286,0,0.002989,0.000000
15287,0,0.002988,0.000000
15288,0,0.002987,0.000000
15289,0,0.002986,0.000000
15290,0,0.002985,0.000000
15291,0,0.002985,0.000000
15292,0,0.002984,0.000000
15293,0,0.002983,0.000000
15294,0,0.002982,0.000000
15295,0,0.002981,0.000000
15296,0,0.002981,0.000000
15297,0,0.002980,0.000000
15298,0,0.002979,0.000000
15299,0,0.002978,0.000000
15300,0,0.002978,0.000000
15301,0,0.002977,0.000000
15302,0,0.002976,0.000000
15303,0,0.002975,0.000000
15304,0,0.002974,0.000000
15305,0,0.002974,0.000000
15306,0,0.002973,0.000000
15307,0,0.002972,0.000000
15308,0,0.002971,0.000000
15309,0,0.002970,0.000000
15310,0,0.002970,0.000000
15311,0,0.002969,0.000000
15312,0,0.002968,0.000000
15313,0,0.002967,0.000000
15314,0,0.002967,0.000000
15315,0,0.002966,0.000000
15316,0,0.002965,0.000000
15317,0,0.002964,0.000000
15318,0,0.002963,0.000000
15319,0,0.002963,0.000000
15320,0,0.002962,0.000000
15321,0,0.002961,0.000000
15322,0,0.002960,0.000000
15323,0,0.002960,0.000000
15324,0,0.002959,0.000000
15325,0,0.002958,0.000000
15326,0,0.002957,0.000000
15327,0,0.002957,0.000000
15328,0,0.002956,0.000000
15329,0,0.002955,0.000000
15330,0,0.002954,0.000000
15331,0,0.002953,0.000000
15332,0,0.002953,0.000000
15333,0,0.002952,0.000000
15334,0,0.002951,0.000000
15335,0,0.002950,0.000000
15336,0,0.002950,0.000000
15337,0,0.002949,0.000000
15338,0,0.002948,0.000000
15339,0,0.002947,0.000000
15340,0,0.002946,0.000000
15341,0,0.002946,0.000000
15342,0,0.002945,0.000000
15343,0,0.002944,0.000000
15344,0,0.002943,0.000000
15345,0,0.002943,0.000000
15346,0,0.002942,0.000000
15347,0,0.002941,0.000000
15348,0,0.002940,0.000000
15349,0,0.002940,0.000000
15350,0,0.002939,0.000000
15351,0,0.002938,0.000000
15352,0,0.002937,0.000000
15353,0,0.002936,0.000000
15354,0,0.002936,0.000000
15355,0,0.002935,0.000000
15356,0,0.002934,0.000000
15357,0,0.002933,0.000000
15358,0,0.002933,0.000000
15359,0,0.002932,0.000000
15360,0,0.002931,0.000000
15361,0,0.002930,0.000000
15362,0,0.002930,0.000000
15363,0,0.002929,0.000000
15364,0,0.002928,0.000000
15365,0,0.002927,0.000000
15366,0,0.002926,0.000000
15367,0,0.002926,0.000000
15368,0,0.002925,0.000000
15369,0,0.002924,0.000000
15370,0,0.002923,0.000000
15371,0,0.002923,0.000000
15372,0,0.002922,0.000000
15373,0,0.002921,0.000000
15374,0,0.002920,0.000000
15375,0,0.002920,0.000000
15376,0,0.002919,0.000000
15377,0,0.002918,0.000000
15378,0,0.002917,0.000000
15379,0,0.002917,0.000000
15380,0,0.002916,0.000000
15381,0,0.002915,0.000000
15382,0,0.002914,0.000000
15383,0,0.002913,0.000000
15384,0,0.002913,0.000000
15385,0,0.002912,0.000000
15386,0,0.002911,0.000000
15387,0,0.002910,0.000000
15388,0,0.002910,0.000000
15389,0,0.002909,0.000000
15390,0,0.002908,0.000000
15391,0,0.002907,0.000000
15392,0,0.002907,0.000000
15393,0,0.002906,0.000000
15394,0,0.002905,0.000000
15395,0,0.002904,0.000000
15396,0,0.002904,0.000000
15397,0,0.002903,0.000000
15398,0,0.002902,0.000000
15399,0,0.002901,0.000000
15400,0,0.002901,0.000000
15401,0,0.002900,0.000000
15402,0,0.002899,0.000000
15403,0,0.002898,0.000000
15404,0,0.002897,0.000000
15405,0,0.002897,0.000000
15406,0,0.002896,0.000000
15407,0,0.002895,0.000000
15408,0,0.002894,0.000000
15409,0,0.002894,0.000000
15410,0,0.002893,0.000000
15411,0,0.002892,0.000000
15412,0,0.002891,0.000000
15413,0,0.002891,0.000000
15414,0,0.002890,0.000000
15415,0,0.002889,0.000000
15416,0,0.002888,0.000000
15417,0,0.002888,0.000000
15418,0,0.002887,0.000000
15419,0,0.002886,0.000000
15420,0,0.002885,0.000000
15421,0,0.002885,0.000000
15422,0,0.002884,0.000000
15423,0,0.002883,0.000000
15424,0,0.002882,0.000000
15425,0,0.002882,0.000000
15426,0,0.002881,0.000000
15427,0,0.002880,0.000000
15428,0,0.002879,0.000000
15429,0,0.002879,0.000000
15430,0,0.002878,0.000000
15431,0,0.002877,0.000000
15432,0,0.002876,0.000000
15433,0,0.002876,0.000000
15434,0,0.002875,0.000000
15435,0,0.002874,0.000000
15436,0,0.002873,0.000000
15437,0,0.002873,0.000000
15438,0,0.002872,0.000000
15439,0,0.002871,0.000000
15440,0,0.002870,0.000000
15441,0,0.002870,0.000000
15442,0,0.002869,0.000000
15443,0,0.002868,0.000000
15444,0,0.002867,0.000000
15445,0,0.002867,0.000000
15446,0,0.002866,0.000000
15447,0,0.002865,0.000000
15448,0,0.002864,0.000000
15449,0,0.002864,0.000000
15450,0,0.002863,0.000000
15451,0,0.002862,0.000000
15452,0,0.002861,0.000000
15453,0,0.002861,0.000000
15454,0,0.002860,0.000000
15455,0,0.002859,0.000000
15456,0,0.002858,0.000000
15457,0,0.002858,0.000000
15458,0,0.002857,0.000000
15459,0,0.002856,0.000000
15460,0,0.002855,0.000000
15461,0,0.002855,0.000000
15462,0,0.002854,0.000000
15463,0,0.002853,0.000000
15464,0,0.002852,0.000000
15465,0,0.002852,0.000000
15466,0,0.002851,0.000000
15467,0,0.002850,0.000000
15468,0,0.002849,0.000000
15469,0,0.002849,0.000000
15470,0,0.002848,0.000000
15471,0,0.002847,0.000000
15472,0,0.002847,0.000000
15473,0,0.002846,0.000000
15474,0,0.002845,0.000000
15475,0,0.002844,0.000000
15476,0,0.002844,0.000000
15477,0,0.002843,0.000000
15478,0,0.002842,0.000000
15479,0,0.002841,0.000000
15480,0,0.002841,0.000000
15481,0,0.002840,0.000000
15482,0,0.002839,0.000000
15483,0,0.002838,0.000000
15484,0,0.002838,0.000000
15485,0,0.002837,0.000000
15486,0,0.002836,0.000000
15487,0,0.002835,0.000000
15488,0,0.002835,0.000000
15489,0,0.002834,0.000000
15490,0,0.002833,0.000000
15491,0,0.002832,0.000000
15492,0,0.002832,0.000000
15493,0,0.002831,0.000000
15494,0,0.002830,0.000000
15495,0,0.002830,0.000000
15496,0,0.002829,0.000000
15497,0,0.002828,0.000000
15498,0,0.002827,0.000000
15499,0,0.002827,0.000000
15500,0,0.002826,0.000000
15501,0,0.002825,0.000000
15502,0,0.002824,0.000000
15503,0,0.002824,0.000000
15504,0,0.002823,0.000000
15505,0,0.002822,0.000000
15506,0,0.002821,0.000000
15507,0,0.002821,0.000000
15508,0,0.002820,0.000000
15509,0,0.002819,0.000000
15510,0,0.002818,0.000000
15511,0,0.002818,0.000000
15512,0,0.002817,0.000000
15513,0,0.002816,0.000000
15514,0,0.002816,0.000000
15515,0,0.002815,0.000000
15516,0,0.002814,0.000000
15517,0,0.002813,0.000000
15518,0,0.002813,0.000000
15519,0,0.002812,0.000000
15520,0,0.002811,0.000000
15521,0,0.002810,0.000000
15522,0,0.002810,0.000000
15523,0,0.002809,0.000000
15524,0,0.002808,0.000000
15525,0,0.002807,0.000000
15526,0,0.002807,0.000000
15527,0,0.002806,0.000000
15528,0,0.002805,0.000000
15529,0,0.002805,0.000000
15530,0,0.002804,0.000000
15531,0,0.002803,0.000000
15532,0,0.002802,0.000000
15533,0,0.002802,0.000000
15534,0,0.002801,0.000000
15535,0,0.002800,0.000000
15536,0,0.002799,0.000000
15537,0,0.002799,0.000000
15538,0,0.002798,0.000000
15539,0,0.002797,0.000000
15540,0,0.002797,0.000000
15541,0,0.002796,0.000000
15542,0,0.002795,0.000000
15543,0,0.002794,0.000000
15544,0,0.002794,0.000000
15545,0,0.002793,0.000000
15546,0,0.002792,0.000000
15547,0,0.002791,0.000000
15548,0,0.002791,0.000000
15549,0,0.002790,0.000000
15550,0,0.002789,0.000000
15551,0,0.002789,0.000000
15552,0,0.002788,0.000000
15553,0,0.002787,0.000000
15554,0,0.002786,0.000000
15555,0,0.002786,0.000000
15556,0,0.002785,0.000000
15557,0,0.002784,0.000000
15558,0,0.002784,0.000000
15559,0,0.002783,0.000000
15560,0,0.002782,0.000000
15561,0,0.002781,0.000000
15562,0,0.002781,0.000000
15563,0,0.002780,0.000000
15564,0,0.002779,0.000000
15565,0,0.002778,0.000000
15566,0,0.002778,0.000000
15567,0,0.002777,0.000000
15568,0,0.002776,0.000000
15569,0,0.002776,0.000000
15570,0,0.002775,0.000000
15571,0,0.002774,0.000000
15572,0,0.002773,0.000000
15573,0,0.002773,0.000000
15574,0,0.002772,0.000000
15575,0,0.002771,0.000000
15576,0,0.002771,0.000000
15577,0,0.002770,0.000000
15578,0,0.002769,0.000000
15579,0,0.002768,0.000000
15580,0,0.002768,0.000000
15581,0,0.002767,0.000000
15582,0,0.002766,0.000000
15583,0,0.002765,0.000000
15584,0,0.002765,0.000000
15585,0,0.002764,0.000000
15586,0,0.002763,0.000000
15587,0,0.002763,0.000000
15588,0,0.002762,0.000000
15589,0,0.002761,0.000000
15590,0,0.002760,0.000000
15591,0,0.002760,0.000000
15592,0,0.002759,0.000000
15593,0,0.002758,0.000000
15594,0,0.002758,0.000000
15595,0,0.002757,0.000000
15596,0,0.002756,0.000000
15597,0,0.002755,0.000000
15598,0,0.002755,0.000000
15599,0,0.002754,0.000000
15600,0,0.002753,0.000000
15601,0,0.002753,0.000000
15602,0,0.002752,0.000000
15603,0,0.002751,0.000000
15604,0,0.002750,0.000000
15605,0,0.002750,0.000000
15606,0,0.002749,0.000000
15607,0,0.002748,0.000000
15608,0,0.002748,0.000000
15609,0,0.002747,0.000000
15610,0,0.002746,0.000000
15611,0,0.002745,0.000000
15612,0,0.002745,0.000000
15613,0,0.002744,0.000000
15614,0,0.002743,0.000000
15615,0,0.002743,0.000000
15616,0,0.002742,0.000000
15617,0,0.002741,0.000000
15618,0,0.002741,0.000000
15619,0,0.002740,0.000000
15620,0,0.002739,0.000000
15621,0,0.002738,0.000000
15622,0,0.002738,0.000000
15623,0,0.002737,0.000000
15624,0,0.002736,0.000000
15625,0,0.002736,0.000000
15626,0,0.002735,0.000000
15627,0,0.002734,0.000000
15628,0,0.002733,0.000000
15629,0,0.002733,0.000000
15630,0,0.002732,0.000000
15631,0,0.002731,0.000000
15632,0,0.002731,0.000000
15633,0,0.002730,0.000000
15634,0,0.002729,0.000000
15635,0,0.002728,0.000000
15636,0,0.002728,0.000000
15637,0,0.002727,0.000000
15638,0,0.002726,0.000000
15639,0,0.002726,0.000000
15640,0,0.002725,0.000000
15641,0,0.002724,0.000000
15642,0,0.002724,0.000000
15643,0,0.002723,0.000000
15644,0,0.002722,0.000000
15645,0,0.002721,0.000000
15646,0,0.002721,0.000000
15647,0,0.002720,0.000000
15648,0,0.002719,0.000000
15649,0,0.002719,0.000000
15650,0,0.002718,0.000000
15651,0,0.002717,0.000000
15652,0,0.002716,0.000000
15653,0,0.002716,0.000000
15654,0,0.002715,0.000000
15655,0,0.002714,0.000000
15656,0,0.002714,0.000000
15657,0,0.002713,0.000000
15658,0,0.002712,0.000000
15659,0,0.002712,0.000000
15660,0,0.002711,0.000000
15661,0,0.002710,0.000000
15662,0,0.002709,0.000000
15663,0,0.002709,0.000000
15664,0,0.002708,0.000000
15665,0,0.002707,0.000000
15666,0,0.002707,0.000000
15667,0,0.002706,0.000000
15668,0,0.002705,0.000000
15669,0,0.002705,0.000000
15670,0,0.002704,0.000000
15671,0,0.002703,0.000000
15672,0,0.002702,0.000000
15673,0,0.002702,0.000000
15674,0,0.002701,0.000000
15675,0,0.002700,0.000000
15676,0,0.002700,0.000000
15677,0,0.002699,0.000000
15678,0,0.002698,0.000000
15679,0,0.002698,0.000000
15680,0,0.002697,0.000000
15681,0,0.002696,0.000000
15682,0,0.002695,0.000000
15683,0,0.002695,0.000000
15684,0,0.002694,0.000000
15685,0,0.002693,0.000000
15686,0,0.002693,0.000000
15687,0,0.002692,0.000000
15688,0,0.002691,0.000000
15689,0,0.002691,0.000000
15690,0,0.002690,0.000000
15691,0,0.002689,0.000000
15692,0,0.002689,0.000000
15693,0,0.002688,0.000000
15694,0,0.002687,0.000000
15695,0,0.002686,0.000000
15696,0,0.002686,0.000000
15697,0,0.002685,0.000000
15698,0,0.002684,0.000000
15699,0,0.002684,0.000000
15700,0,0.002683,0.000000
15701,0,0.002682,0.000000
15702,0,0.002682,0.000000
15703,0,0.002681,0.000000
15704,0,0.002680,0.000000
15705,0,0.002679,0.000000
15706,0,0.002679,0.000000
15707,0,0.002678,0.000000
15708,0,0.002677,0.000000
15709,0,0.002677,0.000000
15710,0,0.002676,0.000000
15711,0,0.002675,0.000000
15712,0,0.002675,0.000000
15713,0,0.002674,0.000000
15714,0,0.002673,0.000000
15715,0,0.002673,0.000000
15716,0,0.002672,0.000000
15717,0,0.002671,0.000000
15718,0,0.002670,0.000000
15719,0,0.002670,0.000000
15720,0,0.002669,0.000000
15721,0,0.002668,0.000000
15722,0,0.002668,0.000000
15723,0,0.002667,0.000000
15724,0,0.002666,0.000000
15725,0,0.002666,0.000000
15726,0,0.002665,0.000000
15727,0,0.002664,0.000000
15728,0,0.002664,0.000000
15729,0,0.002663,0.000000
15730,0,0.002662,0.000000
15731,0,0.002662,0.000000
15732,0,0.002661,0.000000
15733,0,0.002660,0.000000
15734,0,0.002659,0.000000
15735,0,0.002659,0.000000
15736,0,0.002658,0.000000
15737,0,0.002657,0.000000
15738,0,0.002657,0.000000
15739,0,0.002656,0.000000
15740,0,0.002655,0.000000
15741,0,0.002655,0.000000
15742,0,0.002654,0.000000
15743,0,0.002653,0.000000
15744,0,0.002653,0.000000
15745,0,0.002652,0.000000
15746,0,0.002651,0.000000
15747,0,0.002651,0.000000
15748,0,0.002650,0.000000
15749,0,0.002649,0.000000
15750,0,0.002649,0.000000
15751,0,0.002648,0.000000
15752,0,0.002647,0.000000
15753,0,0.002646,0.000000
15754,0,0.002646,0.000000
15755,0,0.002645,0.000000
15756,0,0.002644,0.000000
15757,0,0.002644,0.000000
15758,0,0.002643,0.000000
15759,0,0.002642,0.000000
15760,0,0.002642,0.000000
15761,0,0.002641,0.000000
15762,0,0.002640,0.000000
15763,0,0.002640,0.000000
15764,0,0.002639,0.000000
15765,0,0.002638,0.000000
15766,0,0.002638,0.000000
15767,0,0.002637,0.000000
15768,0,0.002636,0.000000
15769,0,0.002636,0.000000
15770,0,0.002635,0.000000
15771,0,0.002634,0.000000
15772,0,0.002634,0.000000
15773,0,0.002633,0.000000
15774,0,0.002632,0.000000
15775,0,0.002632,0.000000
15776,0,0.002631,0.000000
15777,0,0.002630,0.000000
15778,0,0.002629,0.000000
15779,0,0.002629,0.000000
15780,0,0.002628,0.000000
15781,0,0.002627,0.000000
15782,0,0.002627,0.000000
15783,0,0.002626,0.000000
15784,0,0.002625,0.000000
15785,0,0.002625,0.000000
15786,0,0.002624,0.000000
15787,0,0.002623,0.000000
15788,0,0.002623,0.000000
15789,0,0.002622,0.000000
15790,0,0.002621,0.000000
15791,0,0.002621,0.000000
15792,0,0.002620,0.000000
15793,0,0.002619,0.000000
15794,0,0.002619,0.000000
15795,0,0.002618,0.000000
15796,0,0.002617,0.000000
15797,0,0.002617,0.000000
15798,0,0.002616,0.000000
15799,0,0.002615,0.000000
15800,0,0.002615,0.000000
15801,0,0.002614,0.000000
15802,0,0.002613,0.000000
15803,0,0.002613,0.000000
15804,0,0.002612,0.000000
15805,0,0.002611,0.000000
15806,0,0.002611,0.000000
15807,0,0.002610,0.000000
15808,0,0.002609,0.000000
15809,0,0.002609,0.000000
15810,0,0.002608,0.000000
15811,0,0.002607,0.000000
15812,0,0.002607,0.000000
15813,0,0.002606,0.000000
15814,0,0.002605,0.000000
15815,0,0.002605,0.000000
15816,0,0.002604,0.000000
15817,0,0.002603,0.000000
15818,0,0.002603,0.000000
15819,0,0.002602,0.000000
15820,0,0.002601,0.000000
15821,0,0.002601,0.000000
15822,0,0.002600,0.000000
15823,0,0.002599,0.000000
15824,0,0.002599,0.000000
15825,0,0.002598,0.000000
15826,0,0.002597,0.000000
15827,0,0.002597,0.000000
15828,0,0.002596,0.000000
15829,0,0.002595,0.000000
15830,0,0.002595,0.000000
15831,0,0.002594,0.000000
15832,0,0.002593,0.000000
15833,0,0.002593,0.000000
15834,0,0.002592,0.000000
15835,0,0.002591,0.000000
15836,0,0.002591,0.000000
15837,0,0.002590,0.000000
15838,0,0.002589,0.000000
15839,0,0.002589,0.000000
15840,0,0.002588,0.000000
15841,0,0.002587,0.000000
15842,0,0.002587,0.000000
15843,0,0.002586,0.000000
15844,0,0.002585,0.000000
15845,0,0.002585,0.000000
15846,0,0.002584,0.000000
15847,0,0.002583,0.000000
15848,0,0.002583,0.000000
15849,0,0.002582,0.000000
15850,0,0.002581,0.000000
15851,0,0.002581,0.000000
15852,0,0.002580,0.000000
15853,0,0.002579,0.000000
15854,0,0.002579,0.000000
15855,0,0.002578,0.000000
15856,0,0.002577,0.000000
15857,0,0.002577,0.000000
15858,0,0.002576,0.000000
15859,0,0.002575,0.000000
15860,0,0.002575,0.000000
15861,0,0.002574,0.000000
15862,0,0.002573,0.000000
15863,0,0.002573,0.000000
15864,0,0.002572,0.000000
15865,0,0.002571,0.000000
15866,0,0.002571,0.000000
15867,0,0.002570,0.000000
15868,0,0.002569,0.000000
15869,0,0.002569,0.000000
15870,0,0.002568,0.000000
15871,0,0.002567,0.000000
15872,0,0.002567,0.000000
15873,0,0.002566,0.000000
15874,0,0.002565,0.000000
15875,0,0.002565,0.000000
15876,0,0.002564,0.000000
15877,0,0.002563,0.000000
15878,0,0.002563,0.000000
15879,0,0.002562,0.000000
15880,0,0.002561,0.000000
15881,0,0.002561,0.000000
15882,0,0.002560,0.000000
15883,0,0.002559,0.000000
15884,0,0.002559,0.000000
15885,0,0.002558,0.000000
15886,0,0.002557,0.000000
15887,0,0.002557,0.000000
15888,0,0.002556,0.000000
15889,0,0.002555,0.000000
15890,0,0.002555,0.000000
15891,0,0.002554,0.000000
15892,0,0.002554,0.000000
15893,0,0.002553,0.000000
15894,0,0.002552,0.000000
15895,0,0.002552,0.000000
15896,0,0.002551,0.000000
15897,0,0.002550,0.000000
15898,0,0.002550,0.000000
15899,0,0.002549,0.000000
15900,0,0.002548,0.000000
15901,0,0.002548,0.000000
15902,0,0.002547,0.000000
15903,0,0.002546,0.000000
15904,0,0.002546,0.000000
15905,0,0.002545,0.000000
15906,0,0.002544,0.000000
15907,0,0.002544,0.000000
15908,0,0.002543,0.000000
15909,0,0.002542,0.000000
15910,0,0.002542,0.000000
15911,0,0.002541,0.000000
15912,0,0.002540,0.000000
15913,0,0.002540,0.000000
15914,0,0.002539,0.000000
15915,0,0.002538,0.000000
15916,0,0.002538,0.000000
15917,0,0.002537,0.000000
15918,0,0.002537,0.000000
15919,0,0.002536,0.000000
15920,0,0.002535,0.000000
15921,0,0.002535,0.000000
15922,0,0.002534,0.000000
15923,0,0.002533,0.000000
15924,0,0.002533,0.000000
15925,0,0.002532,0.000000
15926,0,0.002531,0.000000
15927,0,0.002531,0.000000
15928,0,0.002530,0.000000
15929,0,0.002529,0.000000
15930,0,0.002529,0.000000
15931,0,0.002528,0.000000
15932,0,0.002527,0.000000
15933,0,0.002527,0.000000
15934,0,0.002526,0.000000
15935,0,0.002525,0.000000
15936,0,0.002525,0.000000
15937,0,0.002524,0.000000
15938,0,0.002524,0.000000
15939,0,0.002523,0.000000
15940,0,0.002522,0.000000
15941,0,0.002522,0.000000
15942,0,0.002521,0.000000
15943,0,0.002520,0.000000
15944,0,0.002520,0.000000
15945,0,0.002519,0.000000
15946,0,0.002518,0.000000
15947,0,0.002518,0.000000
15948,0,0.002517,0.000000
15949,0,0.002516,0.000000
15950,0,0.002516,0.000000
15951,0,0.002515,0.000000
15952,0,0.002515,0.000000
15953,0,0.002514,0.000000
15954,0,0.002513,0.000000
15955,0,0.002513,0.000000
15956,0,0.002512,0.000000
15957,0,0.002511,0.000000
15958,0,0.002511,0.000000
15959,0,0.002510,0.000000
15960,0,0.002509,0.000000
15961,0,0.002509,0.000000
15962,0,0.002508,0.000000
15963,0,0.002507,0.000000
15964,0,0.002507,0.000000
15965,0,0.002506,0.000000
15966,0,0.002506,0.000000
15967,0,0.002505,0.000000
15968,0,0.002504,0.000000
15969,0,0.002504,0.000000
15970,0,0.002503,0.000000
15971,0,0.002502,0.000000
15972,0,0.002502,0.000000
15973,0,0.002501,0.000000
15974,0,0.002500,0.000000
15975,0,0.002500,0.000000
15976,0,0.002499,0.000000
15977,0,0.002498,0.000000
15978,0,0.002498,0.000000
15979,0,0.002497,0.000000
15980,0,0.002497,0.000000
15981,0,0.002496,0.000000
15982,0,0.002495,0.000000
15983,0,0.002495,0.000000
15984,0,0.002494,0.000000
15985,0,0.002493,0.000000
15986,0,0.002493,0.000000
15987,0,0.002492,0.000000
15988,0,0.002491,0.000000
15989,0,0.002491,0.000000
15990,0,0.002490,0.000000
15991,0,0.002490,0.000000
15992,0,0.002489,0.000000
15993,0,0.002488,0.000000
15994,0,0.002488,0.000000
15995,0,0.002487,0.000000
15996,0,0.002486,0.000000
15997,0,0.002486,0.000000
15998,0,0.002485,0.000000
15999,0,0.002484,0.000000
16000,0,0.002484,0.000000
16001,0,0.002483,0.000000
16002,0,0.002483,0.000000
16003,0,0.002482,0.000000
16004,0,0.002481,0.000000
16005,0,0.002481,0.000000
16006,0,0.002480,0.000000
16007,0,0.002479,0.000000
16008,0,0.002479,0.000000
16009,0,0.002478,0.000000
16010,0,0.002477,0.000000
16011,0,0.002477,0.000000
16012,0,0.002476,0.000000
16013,0,0.002476,0.000000
16014,0,0.002475,0.000000
16015,0,0.002474,0.000000
16016,0,0.002474,0.000000
16017,0,0.002473,0.000000
16018,0,0.002472,0.000000
16019,0,0.002472,0.000000
16020,0,0.002471,0.000000
16021,0,0.002471,0.000000
16022,0,0.002470,0.000000
16023,0,0.002469,0.000000
16024,0,0.002469,0.000000
16025,0,0.002468,0.000000
16026,0,0.002467,0.000000
16027,0,0.002467,0.000000
16028,0,0.002466,0.000000
16029,0,0.002465,0.000000
16030,0,0.002465,0.000000
16031,0,0.002464,0.000000
16032,0,0.002464,0.000000
16033,0,0.002463,0.000000
16034,0,0.002462,0.000000
16035,0,0.002462,0.000000
16036,0,0.002461,0.000000
16037,0,0.002460,0.000000
16038,0,0.002460,0.000000
16039,0,0.002459,0.000000
16040,0,0.002459,0.000000
16041,0,0.002458,0.000000
16042,0,0.002457,0.000000
16043,0,0.002457,0.000000
16044,0,0.002456,0.000000
16045,0,0.002455,0.000000
16046,0,0.002455,0.000000
16047,0,0.002454,0.000000
16048,0,0.002454,0.000000
16049,0,0.002453,0.000000
16050,0,0.002452,0.000000
16051,0,0.002452,0.000000
16052,0,0.002451,0.000000
16053,0,0.002450,0.000000
16054,0,0.002450,0.000000
16055,0,0.002449,0.000000
16056,0,0.002449,0.000000
16057,0,0.002448,0.000000
16058,0,0.002447,0.000000
16059,0,0.002447,0.000000
16060,0,0.002446,0.000000
16061,0,0.002445,0.000000
16062,0,0.002445,0.000000
16063,0,0.002444,0.000000
16064,0,0.002444,0.000000
16065,0,0.002443,0.000000
16066,0,0.002442,0.000000
16067,0,0.002442,0.000000
16068,0,0.002441,0.000000
16069,0,0.002440,0.000000
16070,0,0.002440,0.000000
16071,0,0.002439,0.000000
16072,0,0.002439,0.000000
16073,0,0.002438,0.000000
16074,0,0.002437,0.000000
16075,0,0.002437,0.000000
16076,0,0.002436,0.000000
16077,0,0.002435,0.000000
16078,0,0.002435,0.000000
16079,0,0.002434,0.000000
16080,0,0.002434,0.000000
16081,0,0.002433,0.000000
16082,0,0.002432,0.000000
16083,0,0.002432,0.000000
16084,0,0.002431,0.000000
16085,0,0.002430,0.000000
16086,0,0.002430,0.000000
16087,0,0.002429,0.000000
16088,0,0.002429,0.000000
16089,0,0.002428,0.000000
16090,0,0.002427,0.000000
16091,0,0.002427,0.000000
16092,0,0.002426,0.000000
16093,0,0.002425,0.000000
16094,0,0.002425,0.000000
16095,0,0.002424,0.000000
16096,0,0.002424,0.000000
16097,0,0.002423,0.000000
16098,0,0.002422,0.000000
16099,0,0.002422,0.000000
16100,0,0.002421,0.000000
16101,0,0.002421,0.000000
16102,0,0.002420,0.000000
16103,0,0.002419,0.000000
16104,0,0.002419,0.000000
16105,0,0.002418,0.000000
16106,0,0.002417,0.000000
16107,0,0.002417,0.000000
16108,0,0.002416,0.000000
16109,0,0.002416,0.000000
16110,0,0.002415,0.000000
16111,0,0.002414,0.000000
16112,0,0.002414,0.000000
16113,0,0.002413,0.000000
16114,0,0.002413,0.000000
16115,0,0.002412,0.000000
16116,0,0.002411,0.000000
16117,0,0.002411,0.000000
16118,0,0.002410,0.000000
16119,0,0.002409,0.000000
16120,0,0.002409,0.000000
16121,0,0.002408,0.000000
16122,0,0.002408,0.000000
16123,0,0.002407,0.000000
16124,0,0.002406,0.000000
16125,0,0.002406,0.000000
16126,0,0.002405,0.000000
16127,0,0.002405,0.000000
16128,0,0.002404,0.000000
16129,0,0.002403,0.000000
16130,0,0.002403,0.000000
16131,0,0.002402,0.000000
16132,0,0.002402,0.000000
16133,0,0.002401,0.000000
16134,0,0.002400,0.000000
16135,0,0.002400,0.000000
16136,0,0.002399,0.000000
16137,0,0.002398,0.000000
16138,0,0.002398,0.000000
16139,0,0.002397,0.000000
16140,0,0.002397,0.000000
16141,0,0.002396,0.000000
16142,0,0.002395,0.000000
16143,0,0.002395,0.000000
16144,0,0.002394,0.000000
16145,0,0.002394,0.000000
16146,0,0.002393,0.000000
16147,0,0.002392,0.000000
16148,0,0.002392,0.000000
16149,0,0.002391,0.000000
16150,0,0.002391,0.000000
16151,0,0.002390,0.000000
16152,0,0.002389,0.000000
16153,0,0.002389,0.000000
16154,0,0.002388,0.000000
16155,0,0.002387,0.000000
16156,0,0.002387,0.000000
16157,0,0.002386,0.000000
16158,0,0.002386,0.000000
16159,0,0.002385,0.000000
16160,0,0.002384,0.000000
16161,0,0.002384,0.000000
16162,0,0.002383,0.000000
16163,0,0.002383,0.000000
16164,0,0.002382,0.000000
16165,0,0.002381,0.000000
16166,0,0.002381,0.000000
16167,0,0.002380,0.000000
16168,0,0.002380,0.000000
16169,0,0.002379,0.000000
16170,0,0.002378,0.000000
16171,0,0.002378,0.000000
16172,0,0.002377,0.000000
16173,0,0.002377,0.000000
16174,0,0.002376,0.000000
16175,0,0.002375,0.000000
16176,0,0.002375,0.000000
16177,0,0.002374,0.000000
16178,0,0.002374,0.000000
16179,0,0.002373,0.000000
16180,0,0.002372,0.000000
16181,0,0.002372,0.000000
16182,0,0.002371,0.000000
16183,0,0.002371,0.000000
16184,0,0.002370,0.000000
16185,0,0.002369,0.000000
16186,0,0.002369,0.000000
16187,0,0.002368,0.000000
16188,0,0.002368,0.000000
16189,0,0.002367,0.000000
16190,0,0.002366,0.000000
16191,0,0.002366,0.000000
16192,0,0.002365,0.000000
16193,0,0.002365,0.000000
16194,0,0.002364,0.000000
16195,0,0.002363,0.000000
16196,0,0.002363,0.000000
16197,0,0.002362,0.000000
16198,0,0.002362,0.000000
16199,0,0.002361,0.000000
16200,0,0.002360,0.000000
16201,0,0.002360,0.000000
16202,0,0.002359,0.000000
16203,0,0.002359,0.000000
16204,0,0.002358,0.000000
16205,0,0.002357,0.000000
16206,0,0.002357,0.000000
16207,0,0.002356,0.000000
16208,0,0.002356,0.000000
16209,0,0.002355,0.000000
16210,0,0.002354,0.000000
16211,0,0.002354,0.000000
16212,0,0.002353,0.000000
16213,0,0.002353,0.000000
16214,0,0.002352,0.000000
16215,0,0.002351,0.000000
16216,0,0.002351,0.000000
16217,0,0.002350,0.000000
16218,0,0.002350,0.000000
16219,0,0.002349,0.000000
16220,0,0.002348,0.000000
16221,0,0.002348,0.000000
16222,0,0.002347,0.000000
16223,0,0.002347,0.000000
16224,0,0.002346,0.000000
16225,0,0.002345,0.000000
16226,0,0.002345,0.000000
16227,0,0.002344,0.000000
16228,0,0.002344,0.000000
16229,0,0.002343,0.000000
16230,0,0.002342,0.000000
16231,0,0.002342,0.000000
16232,0,0.002341,0.000000
16233,0,0.002341,0.000000
16234,0,0.002340,0.000000
16235,0,0.002339,0.000000
16236,0,0.002339,0.000000
16237,0,0.002338,0.000000
16238,0,0.002338,0.000000
16239,0,0.002337,0.000000
16240,0,0.002336,0.000000
16241,0,0.002336,0.000000
16242,0,0.002335,0.000000
16243,0,0.002335,0.000000
16244,0,0.002334,0.000000
16245,0,0.002333,0.000000
16246,0,0.002333,0.000000
16247,0,0.002332,0.000000
16248,0,0.002332,0.000000
16249,0,0.002331,0.000000
16250,0,0.002331,0.000000
16251,0,0.002330,0.000000
16252,0,0.002329,0.000000
16253,0,0.002329,0.000000
16254,0,0.002328,0.000000
16255,0,0.002328,0.000000
16256,0,0.002327,0.000000
16257,0,0.002326,0.000000
16258,0,0.002326,0.000000
16259,0,0.002325,0.000000
16260,0,0.002325,0.000000
16261,0,0.002324,0.000000
16262,0,0.002323,0.000000
16263,0,0.002323,0.000000
16264,0,0.002322,0.000000
16265,0,0.002322,0.000000
16266,0,0.002321,0.000000
16267,0,0.002320,0.000000
16268,0,0.002320,0.000000
16269,0,0.002319,0.000000
16270,0,0.002319,0.000000
16271,0,0.002318,0.000000
16272,0,0.002318,0.000000
16273,0,0.002317,0.000000
16274,0,0.002316,0.000000
16275,0,0.002316,0.000000
16276,0,0.002315,0.000000
16277,0,0.002315,0.000000
16278,0,0.002314,0.000000
16279,0,0.002313,0.000000
16280,0,0.002313,0.000000
16281,0,0.002312,0.000000
16282,0,0.002312,0.000000
16283,0,0.002311,0.000000
16284,0,0.002311,0.000000
16285,0,0.002310,0.000000
16286,0,0.002309,0.000000
16287,0,0.002309,0.000000
16288,0,0.002308,0.000000
16289,0,0.002308,0.000000
16290,0,0.002307,0.000000
16291,0,0.002306,0.000000
16292,0,0.002306,0.000000
16293,0,0.002305,0.000000
16294,0,0.002305,0.000000
16295,0,0.002304,0.000000
16296,0,0.002304,0.000000
16297,0,0.002303,0.000000
16298,0,0.002302,0.000000
16299,0,0.002302,0.000000
16300,0,0.002301,0.000000
16301,0,0.002301,0.000000
16302,0,0.002300,0.000000
16303,0,0.002299,0.000000
16304,0,0.002299,0.000000
16305,0,0.002298,0.000000
16306,0,0.002298,0.000000
16307,0,0.002297,0.000000
16308,0,0.002297,0.000000
16309,0,0.002296,0.000000
16310,0,0.002295,0.000000
16311,0,0.002295,0.000000
16312,0,0.002294,0.000000
16313,0,0.002294,0.000000
16314,0,0.002293,0.000000
16315,0,0.002292,0.000000
16316,0,0.002292,0.000000
16317,0,0.002291,0.000000
16318,0,0.002291,0.000000
16319,0,0.002290,0.000000
16320,0,0.002290,0.000000
16321,0,0.002289,0.000000
16322,0,0.002288,0.000000
16323,0,0.002288,0.000000
16324,0,0.002287,0.000000
16325,0,0.002287,0.000000
16326,0,0.002286,0.000000
16327,0,0.002285,0.000000
16328,0,0.002285,0.000000
16329,0,0.002284,0.000000
16330,0,0.002284,0.000000
16331,0,0.002283,0.000000
16332,0,0.002283,0.000000
16333,0,0.002282,0.000000
16334,0,0.002281,0.000000
16335,0,0.002281,0.000000
16336,0,0.002280,0.000000
16337,0,0.002280,0.000000
16338,0,0.002279,0.000000
16339,0,0.002279,0.000000
16340,0,0.002278,0.000000
16341,0,0.002277,0.000000
16342,0,0.002277,0.000000
16343,0,0.002276,0.000000
16344,0,0.002276,0.000000
16345,0,0.002275,0.000000
16346,0,0.002275,0.000000
16347,0,0.002274,0.000000
16348,0,0.002273,0.000000
16349,0,0.002273,0.000000
16350,0,0.002272,0.000000
16351,0,0.002272,0.000000
16352,0,0.002271,0.000000
16353,0,0.002270,0.000000
16354,0,0.002270,0.000000
16355,0,0.002269,0.000000
16356,0,0.002269,0.000000
16357,0,0.002268,0.000000
16358,0,0.002268,0.000000
16359,0,0.002267,0.000000
16360,0,0.002266,0.000000
16361,0,0.002266,0.000000
16362,0,0.002265,0.000000
16363,0,0.002265,0.000000
16364,0,0.002264,0.000000
16365,0,0.002264,0.000000
16366,0,0.002263,0.000000
16367,0,0.002262,0.000000
16368,0,0.002262,0.000000
16369,0,0.002261,0.000000
16370,0,0.002261,0.000000
16371,0,0.002260,0.000000
16372,0,0.002260,0.000000
16373,0,0.002259,0.000000
16374,0,0.002258,0.000000
16375,0,0.002258,0.000000
16376,0,0.002257,0.000000
16377,0,0.002257,0.000000
16378,0,0.002256,0.000000
16379,0,0.002256,0.000000
16380,0,0.002255,0.000000
16381,0,0.002254,0.000000
16382,0,0.002254,0.000000
16383,0,0.002253,0.000000
16384,0,0.002253,0.000000
16385,0,0.002252,0.000000
16386,0,0.002252,0.000000
16387,0,0.002251,0.000000
16388,0,0.002250,0.000000
16389,0,0.002250,0.000000
16390,0,0.002249,0.000000
16391,0,0.002249,0.000000
16392,0,0.002248,0.000000
16393,0,0.002248,0.000000
16394,0,0.002247,0.000000
16395,0,0.002247,0.000000
16396,0,0.002246,0.000000
16397,0,0.002245,0.000000
16398,0,0.002245,0.000000
16399,0,0.002244,0.000000
16400,0,0.002244,0.000000
16401,0,0.002243,0.000000
16402,0,0.002243,0.000000
16403,0,0.002242,0.000000
16404,0,0.002241,0.000000
16405,0,0.002241,0.000000
16406,0,0.002240,0.000000
16407,0,0.002240,0.000000
16408,0,0.002239,0.000000
16409,0,0.002239,0.000000
16410,0,0.002238,0.000000
16411,0,0.002237,0.000000
16412,0,0.002237,0.000000
16413,0,0.002236,0.000000
16414,0,0.002236,0.000000
16415,0,0.002235,0.000000
16416,0,0.002235,0.000000
16417,0,0.002234,0.000000
16418,0,0.002233,0.000000
16419,0,0.002233,0.000000
16420,0,0.002232,0.000000
16421,0,0.002232,0.000000
16422,0,0.002231,0.000000
16423,0,0.002231,0.000000
16424,0,0.002230,0.000000
16425,0,0.002230,0.000000
16426,0,0.002229,0.000000
16427,0,0.002228,0.000000
16428,0,0.002228,0.000000
16429,0,0.002227,0.000000
16430,0,0.002227,0.000000
16431,0,0.002226,0.000000
16432,0,0.002226,0.000000
16433,0,0.002225,0.000000
16434,0,0.002224,0.000000
16435,0,0.002224,0.000000
16436,0,0.002223,0.000000
16437,0,0.002223,0.000000
16438,0,0.002222,0.000000
16439,0,0.002222,0.000000
16440,0,0.002221,0.000000
16441,0,0.002221,0.000000
16442,0,0.002220,0.000000
16443,0,0.002219,0.000000
16444,0,0.002219,0.000000
16445,0,0.002218,0.000000
16446,0,0.002218,0.000000
16447,0,0.002217,0.000000
16448,0,0.002217,0.000000
16449,0,0.002216,0.000000
16450,0,0.002216,0.000000
16451,0,0.002215,0.000000
16452,0,0.002214,0.000000
16453,0,0.002214,0.000000
16454,0,0.002213,0.000000
16455,0,0.002213,0.000000
16456,0,0.002212,0.000000
16457,0,0.002212,0.000000
16458,0,0.002211,0.000000
16459,0,0.002210,0.000000
16460,0,0.002210,0.000000
16461,0,0.002209,0.000000
16462,0,0.002209,0.000000
16463,0,0.002208,0.000000
16464,0,0.002208,0.000000
16465,0,0.002207,0.000000
16466,0,0.002207,0.000000
16467,0,0.002206,0.000000
16468,0,0.002205,0.000000
16469,0,0.002205,0.000000
16470,0,0.002204,0.000000
16471,0,0.002204,0.000000
16472,0,0.002203,0.000000
16473,0,0.002203,0.000000
16474,0,0.002202,0.000000
16475,0,0.002202,0.000000
16476,0,0.002201,0.000000
16477,0,0.002200,0.000000
16478,0,0.002200,0.000000
16479,0,0.002199,0.000000
16480,0,0.002199,0.000000
16481,0,0.002198,0.000000
16482,0,0.002198,0.000000
16483,0,0.002197,0.000000
16484,0,0.002197,0.000000
16485,0,0.002196,0.000000
16486,0,0.002195,0.000000
16487,0,0.002195,0.000000
16488,0,0.002194,0.000000
16489,0,0.002194,0.000000
16490,0,0.002193,0.000000
16491,0,0.002193,0.000000
16492,0,0.002192,0.000000
16493,0,0.002192,0.000000
16494,0,0.002191,0.000000
16495,0,0.002191,0.000000
16496,0,0.002190,0.000000
16497,0,0.002189,0.000000
16498,0,0.002189,0.000000
16499,0,0.002188,0.000000
16500,0,0.002188,0.000000
16501,0,0.002187,0.000000
16502,0,0.002187,0.000000
16503,0,0.002186,0.000000
16504,0,0.002186,0.000000
16505,0,0.002185,0.000000
16506,0,0.002184,0.000000
16507,0,0.002184,0.000000
16508,0,0.002183,0.000000
16509,0,0.002183,0.000000
16510,0,0.002182,0.000000
16511,0,0.002182,0.000000
16512,0,0.002181,0.000000
16513,0,0.002181,0.000000
16514,0,0.002180,0.000000
16515,0,0.002180,0.000000
16516,0,0.002179,0.000000
16517,0,0.002178,0.000000
16518,0,0.002178,0.000000
16519,0,0.002177,0.000000
16520,0,0.002177,0.000000
16521,0,0.002176,0.000000
16522,0,0.002176,0.000000
16523,0,0.002175,0.000000
16524,0,0.002175,0.000000
16525,0,0.002174,0.000000
16526,0,0.002173,0.000000
16527,0,0.002173,0.000000
16528,0,0.002172,0.000000
16529,0,0.002172,0.000000
16530,0,0.002171,0.000000
16531,0,0.002171,0.000000
16532,0,0.002170,0.000000
16533,0,0.002170,0.000000
16534,0,0.002169,0.000000
16535,0,0.002169,0.000000
16536,0,0.002168,0.000000
16537,0,0.002167,0.000000
16538,0,0.002167,0.000000
16539,0,0.002166,0.000000
16540,0,0.002166,0.000000
16541,0,0.002165,0.000000
16542,0,0.002165,0.000000
16543,0,0.002164,0.000000
16544,0,0.002164,0.000000
16545,0,0.002163,0.000000
16546,0,0.002163,0.000000
16547,0,0.002162,0.000000
16548,0,0.002161,0.000000
16549,0,0.002161,0.000000
16550,0,0.002160,0.000000
16551,0,0.002160,0.000000
16552,0,0.002159,0.000000
16553,0,0.002159,0.000000
16554,0,0.002158,0.000000
16555,0,0.002158,0.000000
16556,0,0.002157,0.000000
16557,0,0.002157,0.000000
16558,0,0.002156,0.000000
16559,0,0.002156,0.000000
16560,0,0.002155,0.000000
16561,0,0.002154,0.000000
16562,0,0.002154,0.000000
16563,0,0.002153,0.000000
16564,0,0.002153,0.000000
16565,0,0.002152,0.000000
16566,0,0.002152,0.000000
16567,0,0.002151,0.000000
16568,0,0.002151,0.000000
16569,0,0.002150,0.000000
16570,0,0.002150,0.000000
16571,0,0.002149,0.000000
16572,0,0.002148,0.000000
16573,0,0.002148,0.000000
16574,0,0.002147,0.000000
16575,0,0.002147,0.000000
16576,0,0.002146,0.000000
16577,0,0.002146,0.000000
16578,0,0.002145,0.000000
16579,0,0.002145,0.000000
16580,0,0.002144,0.000000
16581,0,0.002144,0.000000
16582,0,0.002143,0.000000
16583,0,0.002143,0.000000
16584,0,0.002142,0.000000
16585,0,0.002141,0.000000
16586,0,0.002141,0.000000
16587,0,0.002140,0.000000
16588,0,0.002140,0.000000
16589,0,0.002139,0.000000
16590,0,0.002139,0.000000
16591,0,0.002138,0.000000
16592,0,0.002138,0.000000
16593,0,0.002137,0.000000
16594,0,0.002137,0.000000
16595,0,0.002136,0.000000
16596,0,0.002136,0.000000
16597,0,0.002135,0.000000
16598,0,0.002134,0.000000
16599,0,0.002134,0.000000
16600,0,0.002133,0.000000
16601,0,0.002133,0.000000
16602,0,0.002132,0.000000
16603,0,0.002132,0.000000
16604,0,0.002131,0.000000
16605,0,0.002131,0.000000
16606,0,0.002130,0.000000
16607,0,0.002130,0.000000
16608,0,0.002129,0.000000
16609,0,0.002129,0.000000
16610,0,0.002128,0.000000
16611,0,0.002128,0.000000
16612,0,0.002127,0.000000
16613,0,0.002126,0.000000
16614,0,0.002126,0.000000
16615,0,0.002125,0.000000
16616,0,0.002125,0.000000
16617,0,0.002124,0.000000
16618,0,0.002124,0.000000
16619,0,0.002123,0.000000
16620,0,0.002123,0.000000
16621,0,0.002122,0.000000
16622,0,0.002122,0.000000
16623,0,0.002121,0.000000
16624,0,0.002121,0.000000
16625,0,0.002120,0.000000
16626,0,0.002120,0.000000
16627,0,0.002119,0.000000
16628,0,0.002118,0.000000
16629,0,0.002118,0.000000
16630,0,0.002117,0.000000
16631,0,0.002117,0.000000
16632,0,0.002116,0.000000
16633,0,0.002116,0.000000
16634,0,0.002115,0.000000
16635,0,0.002115,0.000000
16636,0,0.002114,0.000000
16637,0,0.002114,0.000000
16638,0,0.002113,0.000000
16639,0,0.002113,0.000000
16640,0,0.002112,0.000000
16641,0,0.002112,0.000000
16642,0,0.002111,0.000000
16643,0,0.002110,0.000000
16644,0,0.002110,0.000000
16645,0,0.002109,0.000000
16646,0,0.002109,0.000000
16647,0,0.002108,0.000000
16648,0,0.002108,0.000000
16649,0,0.002107,0.000000
16650,0,0.002107,0.000000
16651,0,0.002106,0.000000
16652,0,0.002106,0.000000
16653,0,0.002105,0.000000
16654,0,0.002105,0.000000
16655,0,0.002104,0.000000
16656,0,0.002104,0.000000
16657,0,0.002103,0.000000
16658,0,0.002103,0.000000
16659,0,0.002102,0.000000
16660,0,0.002102,0.000000
16661,0,0.002101,0.000000
16662,0,0.002100,0.000000
16663,0,0.002100,0.000000
16664,0,0.002099,0.000000
16665,0,0.002099,0.000000
16666,0,0.002098,0.000000
16667,0,0.002098,0.000000
16668,0,0.002097,0.000000
16669,0,0.002097,0.000000
16670,0,0.002096,0.000000
16671,0,0.002096,0.000000
16672,0,0.002095,0.000000
16673,0,0.002095,0.000000
16674,0,0.002094,0.000000
16675,0,0.002094,0.000000
16676,0,0.002093,0.000000
16677,0,0.002093,0.000000
16678,0,0.002092,0.000000
16679,0,0.002092,0.000000
16680,0,0.002091,0.000000
16681,0,0.002090,0.000000
16682,0,0.002090,0.000000
16683,0,0.002089,0.000000
16684,0,0.002089,0.000000
16685,0,0.002088,0.000000
16686,0,0.002088,0.000000
16687,0,0.002087,0.000000
16688,0,0.002087,0.000000
16689,0,0.002086,0.000000
16690,0,0.002086,0.000000
16691,0,0.002085,0.000000
16692,0,0.002085,0.000000
16693,0,0.002084,0.000000
16694,0,0.002084,0.000000
16695,0,0.002083,0.000000
16696,0,0.002083,0.000000
16697,0,0.002082,0.000000
16698,0,0.002082,0.000000
16699,0,0.002081,0.000000
16700,0,0.002081,0.000000
16701,0,0.002080,0.000000
16702,0,0.002079,0.000000
16703,0,0.002079,0.000000
16704,0,0.002078,0.000000
16705,0,0.002078,0.000000
16706,0,0.002077,0.000000
16707,0,0.002077,0.000000
16708,0,0.002076,0.000000
16709,0,0.002076,0.000000
16710,0,0.002075,0.000000
16711,0,0.002075,0.000000
16712,0,0.002074,0.000000
16713,0,0.002074,0.000000
16714,0,0.002073,0.000000
16715,0,0.002073,0.000000
16716,0,0.002072,0.000000
16717,0,0.002072,0.000000
16718,0,0.002071,0.000000
16719,0,0.002071,0.000000
16720,0,0.002070,0.000000
16721,0,0.002070,0.000000
16722,0,0.002069,0.000000
16723,0,0.002069,0.000000
16724,0,0.002068,0.000000
16725,0,0.002068,0.000000
16726,0,0.002067,0.000000
16727,0,0.002067,0.000000
16728,0,0.002066,0.000000
16729,0,0.002065,0.000000
16730,0,0.002065,0.000000
16731,0,0.002064,0.000000
16732,0,0.002064,0.000000
16733,0,0.002063,0.000000
16734,0,0.002063,0.000000
16735,0,0.002062,0.000000
16736,0,0.002062,0.000000
16737,0,0.002061,0.000000
16738,0,0.002061,0.000000
16739,0,0.002060,0.000000
16740,0,0.002060,0.000000
16741,0,0.002059,0.000000
16742,0,0.002059,0.000000
16743,0,0.002058,0.000000
16744,0,0.002058,0.000000
16745,0,0.002057,0.000000
16746,0,0.002057,0.000000
16747,0,0.002056,0.000000
16748,0,0.002056,0.000000
16749,0,0.002055,0.000000
16750,0,0.002055,0.000000
16751,0,0.002054,0.000000
16752,0,0.002054,0.000000
16753,0,0.002053,0.000000
16754,0,0.002053,0.000000
16755,0,0.002052,0.000000
16756,0,0.002052,0.000000
16757,0,0.002051,0.000000
16758,0,0.002051,0.000000
16759,0,0.002050,0.000000
16760,0,0.002050,0.000000
16761,0,0.002049,0.000000
16762,0,0.002048,0.000000
16763,0,0.002048,0.000000
16764,0,0.002047,0.000000
16765,0,0.002047,0.000000
16766,0,0.002046,0.000000
16767,0,0.002046,0.000000
16768,0,0.002045,0.000000
16769,0,0.002045,0.000000
16770,0,0.002044,0.000000
16771,0,0.002044,0.000000
16772,0,0.002043,0.000000
16773,0,0.002043,0.000000
16774,0,0.002042,0.000000
16775,0,0.002042,0.000000
16776,0,0.002041,0.000000
16777,0,0.002041,0.000000
16778,0,0.002040,0.000000
16779,0,0.002040,0.000000
16780,0,0.002039,0.000000
16781,0,0.002039,0.000000
16782,0,0.002038,0.000000
16783,0,0.002038,0.000000
16784,0,0.002037,0.000000
16785,0,0.002037,0.000000
16786,0,0.002036,0.000000
16787,0,0.002036,0.000000
16788,0,0.002035,0.000000
16789,0,0.002035,0.000000
16790,0,0.002034,0.000000
16791,0,0.002034,0.000000
16792,0,0.002033,0.000000
16793,0,0.002033,0.000000
16794,0,0.002032,0.000000
16795,0,0.002032,0.000000
16796,0,0.002031,0.000000
16797,0,0.002031,0.000000
16798,0,0.002030,0.000000
16799,0,0.002030,0.000000
16800,0,0.002029,0.000000
16801,0,0.002029,0.000000
16802,0,0.002028,0.000000
16803,0,0.002028,0.000000
16804,0,0.002027,0.000000
16805,0,0.002027,0.000000
16806,0,0.002026,0.000000
16807,0,0.002026,0.000000
16808,0,0.002025,0.000000
16809,0,0.002025,0.000000
16810,0,0.002024,0.000000
16811,0,0.002024,0.000000
16812,0,0.002023,0.000000
16813,0,0.002023,0.000000
16814,0,0.002022,0.000000
16815,0,0.002022,0.000000
16816,0,0.002021,0.000000
16817,0,0.002021,0.000000
16818,0,0.002020,0.000000
16819,0,0.002019,0.000000
16820,0,0.002019,0.000000
16821,0,0.002018,0.000000
16822,0,0.002018,0.000000
16823,0,0.002017,0.000000
16824,0,0.002017,0.000000
16825,0,0.002016,0.000000
16826,0,0.002016,0.000000
16827,0,0.002015,0.000000
16828,0,0.002015,0.000000
16829,0,0.002014,0.000000
16830,0,0.002014,0.000000
16831,0,0.002013,0.000000
16832,0,0.002013,0.000000
16833,0,0.002012,0.000000
16834,0,0.002012,0.000000
16835,0,0.002011,0.000000
16836,0,0.002011,0.000000
16837,0,0.002010,0.000000
16838,0,0.002010,0.000000
16839,0,0.002009,0.000000
16840,0,0.002009,0.000000
16841,0,0.002008,0.000000
16842,0,0.002008,0.000000
16843,0,0.002007,0.000000
16844,0,0.002007,0.000000
16845,0,0.002006,0.000000
16846,0,0.002006,0.000000
16847,0,0.002005,0.000000
16848,0,0.002005,0.000000
16849,0,0.002004,0.000000
16850,0,0.002004,0.000000
16851,0,0.002003,0.000000
16852,0,0.002003,0.000000
16853,0,0.002002,0.000000
16854,0,0.002002,0.000000
16855,0,0.002001,0.000000
16856,0,0.002001,0.000000
16857,0,0.002000,0.000000
16858,0,0.002000,0.000000
16859,0,0.001999,0.000000
16860,0,0.001999,0.000000
16861,0,0.001998,0.000000
16862,0,0.001998,0.000000
16863,0,0.001997,0.000000
16864,0,0.001997,0.000000
16865,0,0.001996,0.000000
16866,0,0.001996,0.000000
16867,0,0.001995,0.000000
16868,0,0.001995,0.000000
16869,0,0.001994,0.000000
16870,0,0.001994,0.000000
16871,0,0.001993,0.000000
16872,0,0.001993,0.000000
16873,0,0.001992,0.000000
16874,0,0.001992,0.000000
16875,0,0.001991,0.000000
16876,0,0.001991,0.000000
16877,0,0.001990,0.000000
16878,0,0.001990,0.000000
16879,0,0.001989,0.000000
16880,0,0.001989,0.000000
16881,0,0.001988,0.000000
16882,0,0.001988,0.000000
16883,0,0.001987,0.000000
16884,0,0.001987,0.000000
16885,0,0.001986,0.000000
16886,0,0.001986,0.000000
16887,0,0.001986,0.000000
16888,0,0.001985,0.000000
16889,0,0.001985,0.000000
16890,0,0.001984,0.000000
16891,0,0.001984,0.000000
16892,0,0.001983,0.000000
16893,0,0.001983,0.000000
16894,0,0.001982,0.000000
16895,0,0.001982,0.000000
16896,0,0.001981,0.000000
16897,0,0.001981,0.000000
16898,0,0.001980,0.000000
16899,0,0.001980,0.000000
16900,0,0.001979,0.000000
16901,0,0.001979,0.000000
16902,0,0.001978,0.000000
16903,0,0.001978,0.000000
16904,0,0.001977,0.000000
16905,0,0.001977,0.000000
16906,0,0.001976,0.000000
16907,0,0.001976,0.000000
16908,0,0.001975,0.000000
16909,0,0.001975,0.000000
16910,0,0.001974,0.000000
16911,0,0.001974,0.000000
16912,0,0.001973,0.000000
16913,0,0.001973,0.000000
16914,0,0.001972,0.000000
16915,0,0.001972,0.000000
16916,0,0.001971,0.000000
16917,0,0.001971,0.000000
16918,0,0.001970,0.000000
16919,0,0.001970,0.000000
16920,0,0.001969,0.000000
16921,0,0.001969,0.000000
16922,0,0.001968,0.000000
16923,0,0.001968,0.000000
16924,0,0.001967,0.000000
16925,0,0.001967,0.000000
16926,0,0.001966,0.000000
16927,0,0.001966,0.000000
16928,0,0.001965,0.000000
16929,0,0.001965,0.000000
16930,0,0.001964,0.000000
16931,0,0.001964,0.000000
16932,0,0.001963,0.000000
16933,0,0.001963,0.000000
16934,0,0.001962,0.000000
16935,0,0.001962,0.000000
16936,0,0.001961,0.000000
16937,0,0.001961,0.000000
16938,0,0.001960,0.000000
16939,0,0.001960,0.000000
16940,0,0.001959,0.000000
16941,0,0.001959,0.000000
16942,0,0.001958,0.000000
16943,0,0.001958,0.000000
16944,0,0.001958,0.000000
16945,0,0.001957,0.000000
16946,0,0.001957,0.000000
16947,0,0.001956,0.000000
16948,0,0.001956,0.000000
16949,0,0.001955,0.000000
16950,0,0.001955,0.000000
16951,0,0.001954,0.000000
16952,0,0.001954,0.000000
16953,0,0.001953,0.000000
16954,0,0.001953,0.000000
16955,0,0.001952,0.000000
16956,0,0.001952,0.000000
16957,0,0.001951,0.000000
16958,0,0.001951,0.000000
16959,0,0.001950,0.000000
16960,0,0.001950,0.000000
16961,0,0.001949,0.000000
16962,0,0.001949,0.000000
16963,0,0.001948,0.000000
16964,0,0.001948,0.000000
16965,0,0.001947,0.000000
16966,0,0.001947,0.000000
16967,0,0.001946,0.000000
16968,0,0.001946,0.000000
16969,0,0.001945,0.000000
16970,0,0.001945,0.000000
16971,0,0.001944,0.000000
16972,0,0.001944,0.000000
16973,0,0.001943,0.000000
16974,0,0.001943,0.000000
16975,0,0.001942,0.000000
16976,0,0.001942,0.000000
16977,0,0.001941,0.000000
16978,0,0.001941,0.000000
16979,0,0.001941,0.000000
16980,0,0.001940,0.000000
16981,0,0.001940,0.000000
16982,0,0.001939,0.000000
16983,0,0.001939,0.000000
16984,0,0.001938,0.000000
16985,0,0.001938,0.000000
16986,0,0.001937,0.000000
16987,0,0.001937,0.000000
16988,0,0.001936,0.000000
16989,0,0.001936,0.000000
16990,0,0.001935,0.000000
16991,0,0.001935,0.000000
16992,0,0.001934,0.000000
16993,0,0.001934,0.000000
16994,0,0.001933,0.000000
16995,0,0.001933,0.000000
16996,0,0.001932,0.000000
16997,0,0.001932,0.000000
16998,0,0.001931,0.000000
16999,0,0.001931,0.000000
17000,0,0.001930,0.000000
17001,0,0.001930,0.000000
17002,0,0.001929,0.000000
17003,0,0.001929,0.000000
17004,0,0.001928,0.000000
17005,0,0.001928,0.000000
17006,0,0.001928,0.000000
17007,0,0.001927,0.000000
17008,0,0.001927,0.000000
17009,0,0.001926,0.000000
17010,0,0.001926,0.000000
17011,0,0.001925,0.000000
17012,0,0.001925,0.000000
17013,0,0.001924,0.000000
17014,0,0.001924,0.000000
17015,0,0.001923,0.000000
17016,0,0.001923,0.000000
17017,0,0.001922,0.000000
17018,0,0.001922,0.000000
17019,0,0.001921,0.000000
17020,0,0.001921,0.000000
17021,0,0.001920,0.000000
17022,0,0.001920,0.000000
17023,0,0.001919,0.000000
17024,0,0.001919,0.000000
17025,0,0.001918,0.000000
17026,0,0.001918,0.000000
17027,0,0.001917,0.000000
17028,0,0.001917,0.000000
17029,0,0.001917,0.000000
17030,0,0.001916,0.000000
17031,0,0.001916,0.000000
17032,0,0.001915,0.000000
17033,0,0.001915,0.000000
17034,0,0.001914,0.000000
17035,0,0.001914,0.000000
17036,0,0.001913,0.000000
17037,0,0.001913,0.000000
17038,0,0.001912,0.000000
17039,0,0.001912,0.000000
17040,0,0.001911,0.000000
17041,0,0.001911,0.000000
17042,0,0.001910,0.000000
17043,0,0.001910,0.000000
17044,0,0.001909,0.000000
17045,0,0.001909,0.000000
17046,0,0.001908,0.000000
17047,0,0.001908,0.000000
17048,0,0.001908,0.000000
17049,0,0.001907,0.000000
17050,0,0.001907,0.000000
17051,0,0.001906,0.000000
17052,0,0.001906,0.000000
17053,0,0.001905,0.000000
17054,0,0.001905,0.000000
17055,0,0.001904,0.000000
17056,0,0.001904,0.000000
17057,0,0.001903,0.000000
17058,0,0.001903,0.000000
17059,0,0.001902,0.000000
17060,0,0.001902,0.000000
17061,0,0.001901,0.000000
17062,0,0.001901,0.000000
17063,0,0.001900,0.000000
17064,0,0.001900,0.000000
17065,0,0.001899,0.000000
17066,0,0.001899,0.000000
17067,0,0.001899,0.000000
17068,0,0.001898,0.000000
17069,0,0.001898,0.000000
17070,0,0.001897,0.000000
17071,0,0.001897,0.000000
17072,0,0.001896,0.000000
17073,0,0.001896,0.000000
17074,0,0.001895,0.000000
17075,0,0.001895,0.000000
17076,0,0.001894,0.000000
17077,0,0.001894,0.000000
17078,0,0.001893,0.000000
17079,0,0.001893,0.000000
17080,0,0.001892,0.000000
17081,0,0.001892,0.000000
17082,0,0.001891,0.000000
17083,0,0.001891,0.000000
17084,0,0.001891,0.000000
17085,0,0.001890,0.000000
17086,0,0.001890,0.000000
17087,0,0.001889,0.000000
17088,0,0.001889,0.000000
17089,0,0.001888,0.000000
17090,0,0.001888,0.000000
17091,0,0.001887,0.000000
17092,0,0.001887,0.000000
17093,0,0.001886,0.000000
17094,0,0.001886,0.000000
17095,0,0.001885,0.000000
17096,0,0.001885,0.000000
17097,0,0.001884,0.000000
17098,0,0.001884,0.000000
17099,0,0.001884,0.000000
17100,0,0.001883,0.000000
17101,0,0.001883,0.000000
17102,0,0.001882,0.000000
17103,0,0.001882,0.000000
17104,0,0.001881,0.000000
17105,0,0.001881,0.000000
17106,0,0.001880,0.000000
17107,0,0.001880,0.000000
17108,0,0.001879,0.000000
17109,0,0.001879,0.000000
17110,0,0.001878,0.000000
17111,0,0.001878,0.000000
17112,0,0.001877,0.000000
17113,0,0.001877,0.000000
17114,0,0.001877,0.000000
17115,0,0.001876,0.000000
17116,0,0.001876,0.000000
17117,0,0.001875,0.000000
17118,0,0.001875,0.000000
17119,0,0.001874,0.000000
17120,0,0.001874,0.000000
17121,0,0.001873,0.000000
17122,0,0.001873,0.000000
17123,0,0.001872,0.000000
17124,0,0.001872,0.000000
17125,0,0.001871,0.000000
17126,0,0.001871,0.000000
17127,0,0.001870,0.000000
17128,0,0.001870,0.000000
17129,0,0.001870,0.000000
17130,0,0.001869,0.000000
17131,0,0.001869,0.000000
17132,0,0.001868,0.000000
17133,0,0.001868,0.000000
17134,0,0.001867,0.000000
17135,0,0.001867,0.000000
17136,0,0.001866,0.000000
17137,0,0.001866,0.000000
17138,0,0.001865,0.000000
17139,0,0.001865,0.000000
17140,0,0.001864,0.000000
17141,0,0.001864,0.000000
17142,0,0.001864,0.000000
17143,0,0.001863,0.000000
17144,0,0.001863,0.000000
17145,0,0.001862,0.000000
17146,0,0.001862,0.000000
17147,0,0.001861,0.000000
17148,0,0.001861,0.000000
17149,0,0.001860,0.000000
17150,0,0.001860,0.000000
17151,0,0.001859,0.000000
17152,0,0.001859,0.000000
17153,0,0.001858,0.000000
17154,0,0.001858,0.000000
17155,0,0.001858,0.000000
17156,0,0.001857,0.000000
17157,0,0.001857,0.000000
17158,0,0.001856,0.000000
17159,0,0.001856,0.000000
17160,0,0.001855,0.000000
17161,0,0.001855,0.000000
17162,0,0.001854,0.000000
17163,0,0.001854,0.000000
17164,0,0.001853,0.000000
17165,0,0.001853,0.000000
17166,0,0.001852,0.000000
17167,0,0.001852,0.000000
17168,0,0.001852,0.000000
17169,0,0.001851,0.000000
17170,0,0.001851,0.000000
17171,0,0.001850,0.000000
17172,0,0.001850,0.000000
17173,0,0.001849,0.000000
17174,0,0.001849,0.000000
17175,0,0.001848,0.000000
17176,0,0.001848,0.000000
17177,0,0.001847,0.000000
17178,0,0.001847,0.000000
17179,0,0.001847,0.000000
17180,0,0.001846,0.000000
17181,0,0.001846,0.000000
17182,0,0.001845,0.000000
17183,0,0.001845,0.000000
17184,0,0.001844,0.000000
17185,0,0.001844,0.000000
17186,0,0.001843,0.000000
17187,0,0.001843,0.000000
17188,0,0.001842,0.000000
17189,0,0.001842,0.000000
17190,0,0.001841,0.000000
17191,0,0.001841,0.000000
17192,0,0.001841,0.000000
17193,0,0.001840,0.000000
17194,0,0.001840,0.000000
17195,0,0.001839,0.000000
17196,0,0.001839,0.000000
17197,0,0.001838,0.000000
17198,0,0.001838,0.000000
17199,0,0.001837,0.000000
17200,0,0.001837,0.000000
17201,0,0.001836,0.000000
17202,0,0.001836,0.000000
17203,0,0.001836,0.000000
17204,0,0.001835,0.000000
17205,0,0.001835,0.000000
17206,0,0.001834,0.000000
17207,0,0.001834,0.000000
17208,0,0.001833,0.000000
17209,0,0.001833,0.000000
17210,0,0.001832,0.000000
17211,0,0.001832,0.000000
17212,0,0.001831,0.000000
17213,0,0.001831,0.000000
17214,0,0.001831,0.000000
17215,0,0.001830,0.000000
17216,0,0.001830,0.000000
17217,0,0.001829,0.000000
17218,0,0.001829,0.000000
17219,0,0.001828,0.000000
17220,0,0.001828,0.000000
17221,0,0.001827,0.000000
17222,0,0.001827,0.000000
17223,0,0.001827,0.000000
17224,0,0.001826,0.000000
17225,0,0.001826,0.000000
17226,0,0.001825,0.000000
17227,0,0.001825,0.000000
17228,0,0.001824,0.000000
17229,0,0.001824,0.000000
17230,0,0.001823,0.000000
17231,0,0.001823,0.000000
17232,0,0.001822,0.000000
17233,0,0.001822,0.000000
17234,0,0.001822,0.000000
17235,0,0.001821,0.000000
17236,0,0.001821,0.000000
17237,0,0.001820,0.000000
17238,0,0.001820,0.000000
17239,0,0.001819,0.000000
17240,0,0.001819,0.000000
17241,0,0.001818,0.000000
17242,0,0.001818,0.000000
17243,0,0.001818,0.000000
17244,0,0.001817,0.000000
17245,0,0.001817,0.000000
17246,0,0.001816,0.000000
17247,0,0.001816,0.000000
17248,0,0.001815,0.000000
17249,0,0.001815,0.000000
17250,0,0.001814,0.000000
17251,0,0.001814,0.000000
17252,0,0.001813,0.000000
17253,0,0.001813,0.000000
17254,0,0.001813,0.000000
17255,0,0.001812,0.000000
17256,0,0.001812,0.000000
17257,0,0.001811,0.000000
17258,0,0.001811,0.000000
17259,0,0.001810,0.000000
17260,0,0.001810,0.000000
17261,0,0.001809,0.000000
17262,0,0.001809,0.000000
17263,0,0.001809,0.000000
17264,0,0.001808,0.000000
17265,0,0.001808,0.000000
17266,0,0.001807,0.000000
17267,0,0.001807,0.000000
17268,0,0.001806,0.000000
17269,0,0.001806,0.000000
17270,0,0.001805,0.000000
17271,0,0.001805,0.000000
17272,0,0.001805,0.000000
17273,0,0.001804,0.000000
17274,0,0.001804,0.000000
17275,0,0.001803,0.000000
17276,0,0.001803,0.000000
17277,0,0.001802,0.000000
17278,0,0.001802,0.000000
17279,0,0.001801,0.000000
17280,0,0.001801,0.000000
17281,0,0.001801,0.000000
17282,0,0.001800,0.000000
17283,0,0.001800,0.000000
17284,0,0.001799,0.000000
17285,0,0.001799,0.000000
17286,0,0.001798,0.000000
17287,0,0.001798,0.000000
17288,0,0.001797,0.000000
17289,0,0.001797,0.000000
17290,0,0.001797,0.000000
17291,0,0.001796,0.000000
17292,0,0.001796,0.000000
17293,0,0.001795,0.000000
17294,0,0.001795,0.000000
17295,0,0.001794,0.000000
17296,0,0.001794,0.000000
17297,0,0.001793,0.000000
17298,0,0.001793,0.000000
17299,0,0.001793,0.000000
17300,0,0.001792,0.000000
17301,0,0.001792,0.000000
17302,0,0.001791,0.000000
17303,0,0.001791,0.000000
17304,0,0.001790,0.000000
17305,0,0.001790,0.000000
17306,0,0.001789,0.000000
17307,0,0.001789,0.000000
17308,0,0.001789,0.000000
17309,0,0.001788,0.000000
17310,0,0.001788,0.000000
17311,0,0.001787,0.000000
17312,0,0.001787,0.000000
17313,0,0.001786,0.000000
17314,0,0.001786,0.000000
17315,0,0.001785,0.000000
17316,0,0.001785,0.000000
17317,0,0.001785,0.000000
17318,0,0.001784,0.000000
17319,0,0.001784,0.000000
17320,0,0.001783,0.000000
17321,0,0.001783,0.000000
17322,0,0.001782,0.000000
17323,0,0.001782,0.000000
17324,0,0.001782,0.000000
17325,0,0.001781,0.000000
17326,0,0.001781,0.000000
17327,0,0.001780,0.000000
17328,0,0.001780,0.000000
17329,0,0.001779,0.000000
17330,0,0.001779,0.000000
17331,0,0.001778,0.000000
17332,0,0.001778,0.000000
17333,0,0.001778,0.000000
17334,0,0.001777,0.000000
17335,0,0.001777,0.000000
17336,0,0.001776,0.000000
17337,0,0.001776,0.000000
17338,0,0.001775,0.000000
17339,0,0.001775,0.000000
17340,0,0.001774,0.000000
17341,0,0.001774,0.000000
17342,0,0.001774,0.000000
17343,0,0.001773,0.000000
17344,0,0.001773,0.000000
17345,0,0.001772,0.000000
17346,0,0.001772,0.000000
17347,0,0.001771,0.000000
17348,0,0.001771,0.000000
17349,0,0.001771,0.000000
17350,0,0.001770,0.000000
17351,0,0.001770,0.000000
17352,0,0.001769,0.000000
17353,0,0.001769,0.000000
17354,0,0.001768,0.000000
17355,0,0.001768,0.000000
17356,0,0.001767,0.000000
17357,0,0.001767,0.000000
17358,0,0.001767,0.000000
17359,0,0.001766,0.000000
17360,0,0.001766,0.000000
17361,0,0.001765,0.000000
17362,0,0.001765,0.000000
17363,0,0.001764,0.000000
17364,0,0.001764,0.000000
17365,0,0.001764,0.000000
17366,0,0.001763,0.000000
17367,0,0.001763,0.000000
17368,0,0.001762,0.000000
17369,0,0.001762,0.000000
17370,0,0.001761,0.000000
17371,0,0.001761,0.000000
17372,0,0.001761,0.000000
17373,0,0.001760,0.000000
17374,0,0.001760,0.000000
17375,0,0.001759,0.000000
17376,0,0.001759,0.000000
17377,0,0.001758,0.000000
17378,0,0.001758,0.000000
17379,0,0.001757,0.000000
17380,0,0.001757,0.000000
17381,0,0.001757,0.000000
17382,0,0.001756,0.000000
17383,0,0.001756,0.000000
17384,0,0.001755,0.000000
17385,0,0.001755,0.000000
17386,0,0.001754,0.000000
17387,0,0.001754,0.000000
17388,0,0.001754,0.000000
17389,0,0.001753,0.000000
17390,0,0.001753,0.000000
17391,0,0.001752,0.000000
17392,0,0.001752,0.000000
17393,0,0.001751,0.000000
17394,0,0.001751,0.000000
17395,0,0.001751,0.000000
17396,0,0.001750,0.000000
17397,0,0.001750,0.000000
17398,0,0.001749,0.000000
17399,0,0.001749,0.000000
17400,0,0.001748,0.000000
17401,0,0.001748,0.000000
17402,0,0.001748,0.000000
17403,0,0.001747,0.000000
17404,0,0.001747,0.000000
17405,0,0.001746,0.000000
17406,0,0.001746,0.000000
17407,0,0.001745,0.000000
17408,0,0.001745,0.000000
17409,0,0.001745,0.000000
17410,0,0.001744,0.000000
17411,0,0.001744,0.000000
17412,0,0.001743,0.000000
17413,0,0.001743,0.000000
17414,0,0.001742,0.000000
17415,0,0.001742,0.000000
17416,0,0.001742,0.000000
17417,0,0.001741,0.000000
17418,0,0.001741,0.000000
17419,0,0.001740,0.000000
17420,0,0.001740,0.000000
17421,0,0.001739,0.000000
17422,0,0.001739,0.000000
17423,0,0.001739,0.000000
17424,0,0.001738,0.000000
17425,0,0.001738,0.000000
17426,0,0.001737,0.000000
17427,0,0.001737,0.000000
17428,0,0.001736,0.000000
17429,0,0.001736,0.000000
17430,0,0.001736,0.000000
17431,0,0.001735,0.000000
17432,0,0.001735,0.000000
17433,0,0.001734,0.000000
17434,0,0.001734,0.000000
17435,0,0.001733,0.000000
17436,0,0.001733,0.000000
17437,0,0.001733,0.000000
17438,0,0.001732,0.000000
17439,0,0.001732,0.000000
17440,0,0.001731,0.000000
17441,0,0.001731,0.000000
17442,0,0.001730,0.000000
17443,0,0.001730,0.000000
17444,0,0.001730,0.000000
17445,0,0.001729,0.000000
17446,0,0.001729,0.000000
17447,0,0.001728,0.000000
17448,0,0.001728,0.000000
17449,0,0.001727,0.000000
17450,0,0.001727,0.000000
17451,0,0.001727,0.000000
17452,0,0.001726,0.000000
17453,0,0.001726,0.000000
17454,0,0.001725,0.000000
17455,0,0.001725,0.000000
17456,0,0.001724,0.000000
17457,0,0.001724,0.000000
17458,0,0.001724,0.000000
17459,0,0.001723,0.000000
17460,0,0.001723,0.000000
17461,0,0.001722,0.000000
17462,0,0.001722,0.000000
17463,0,0.001722,0.000000
17464,0,0.001721,0.000000
17465,0,0.001721,0.000000
17466,0,0.001720,0.000000
17467,0,0.001720,0.000000
17468,0,0.001719,0.000000
17469,0,0.001719,0.000000
17470,0,0.001719,0.000000
17471,0,0.001718,0.000000
17472,0,0.001718,0.000000
17473,0,0.001717,0.000000
17474,0,0.001717,0.000000
17475,0,0.001716,0.000000
17476,0,0.001716,0.000000
17477,0,0.001716,0.000000
17478,0,0.001715,0.000000
17479,0,0.001715,0.000000
17480,0,0.001714,0.000000
17481,0,0.001714,0.000000
17482,0,0.001713,0.000000
17483,0,0.001713,0.000000
17484,0,0.001713,0.000000
17485,0,0.001712,0.000000
17486,0,0.001712,0.000000
17487,0,0.001711,0.000000
17488,0,0.001711,0.000000
17489,0,0.001711,0.000000
17490,0,0.001710,0.000000
17491,0,0.001710,0.000000
17492,0,0.001709,0.000000
17493,0,0.001709,0.000000
17494,0,0.001708,0.000000
17495,0,0.001708,0.000000
17496,0,0.001708,0.000000
17497,0,0.001707,0.000000
17498,0,0.001707,0.000000
17499,0,0.001706,0.000000
17500,0,0.001706,0.000000
17501,0,0.001705,0.000000
17502,0,0.001705,0.000000
17503,0,0.001705,0.000000
17504,0,0.001704,0.000000
17505,0,0.001704,0.000000
17506,0,0.001703,0.000000
17507,0,0.001703,0.000000
17508,0,0.001703,0.000000
17509,0,0.001702,0.000000
17510,0,0.001702,0.000000
17511,0,0.001701,0.000000
17512,0,0.001701,0.000000
17513,0,0.001700,0.000000
17514,0,0.001700,0.000000
17515,0,0.001700,0.000000
17516,0,0.001699,0.000000
17517,0,0.001699,0.000000
17518,0,0.001698,0.000000
17519,0,0.001698,0.000000
17520,0,0.001698,0.000000
17521,0,0.001697,0.000000
17522,0,0.001697,0.000000
17523,0,0.001696,0.000000
17524,0,0.001696,0.000000
17525,0,0.001695,0.000000
17526,0,0.001695,0.000000
17527,0,0.001695,0.000000
17528,0,0.001694,0.000000
17529,0,0.001694,0.000000
17530,0,0.001693,0.000000
17531,0,0.001693,0.000000
17532,0,0.001693,0.000000
17533,0,0.001692,0.000000
17534,0,0.001692,0.000000
17535,0,0.001691,0.000000
17536,0,0.001691,0.000000
17537,0,0.001690,0.000000
17538,0,0.001690,0.000000
17539,0,0.001690,0.000000
17540,0,0.001689,0.000000
17541,0,0.001689,0.000000
17542,0,0.001688,0.000000
17543,0,0.001688,0.000000
17544,0,0.001688,0.000000
17545,0,0.001687,0.000000
17546,0,0.001687,0.000000
17547,0,0.001686,0.000000
17548,0,0.001686,0.000000
17549,0,0.001685,0.000000
17550,0,0.001685,0.000000
17551,0,0.001685,0.000000
17552,0,0.001684,0.000000
17553,0,0.001684,0.000000
17554,0,0.001683,0.000000
17555,0,0.001683,0.000000
17556,0,0.001683,0.000000
17557,0,0.001682,0.000000
17558,0,0.001682,0.000000
17559,0,0.001681,0.000000
17560,0,0.001681,0.000000
17561,0,0.001681,0.000000
17562,0,0.001680,0.000000
17563,0,0.001680,0.000000
17564,0,0.001679,0.000000
17565,0,0.001679,0.000000
17566,0,0.001678,0.000000
17567,0,0.001678,0.000000
17568,0,0.001678,0.000000
17569,0,0.001677,0.000000
17570,0,0.001677,0.000000
17571,0,0.001676,0.000000
17572,0,0.001676,0.000000
17573,0,0.001676,0.000000
17574,0,0.001675,0.000000
17575,0,0.001675,0.000000
17576,0,0.001674,0.000000
17577,0,0.001674,0.000000
17578,0,0.001674,0.000000
17579,0,0.001673,0.000000
17580,0,0.001673,0.000000
17581,0,0.001672,0.000000
17582,0,0.001672,0.000000
17583,0,0.001671,0.000000
17584,0,0.001671,0.000000
17585,0,0.001671,0.000000
17586,0,0.001670,0.000000
17587,0,0.001670,0.000000
17588,0,0.001669,0.000000
17589,0,0.001669,0.000000
17590,0,0.001669,0.000000
17591,0,0.001668,0.000000
17592,0,0.001668,0.000000
17593,0,0.001667,0.000000
17594,0,0.001667,0.000000
17595,0,0.001667,0.000000
17596,0,0.001666,0.000000
17597,0,0.001666,0.000000
17598,0,0.001665,0.000000
17599,0,0.001665,0.000000
17600,0,0.001665,0.000000
17601,0,0.001664,0.000000
17602,0,0.001664,0.000000
17603,0,0.001663,0.000000
17604,0,0.001663,0.000000
17605,0,0.001662,0.000000
17606,0,0.001662,0.000000
17607,0,0.001662,0.000000
17608,0,0.001661,0.000000
17609,0,0.001661,0.000000
17610,0,0.001660,0.000000
17611,0,0.001660,0.000000
17612,0,0.001660,0.000000
17613,0,0.001659,0.000000
17614,0,0.001659,0.000000
17615,0,0.001658,0.000000
17616,0,0.001658,0.000000
17617,0,0.001658,0.000000
17618,0,0.001657,0.000000
17619,0,0.001657,0.000000
17620,0,0.001656,0.000000
17621,0,0.001656,0.000000
17622,0,0.001656,0.000000
17623,0,0.001655,0.000000
17624,0,0.001655,0.000000
17625,0,0.001654,0.000000
17626,0,0.001654,0.000000
17627,0,0.001654,0.000000
17628,0,0.001653,0.000000
17629,0,0.001653,0.000000
17630,0,0.001652,0.000000
17631,0,0.001652,0.000000
17632,0,0.001652,0.000000
17633,0,0.001651,0.000000
17634,0,0.001651,0.000000
17635,0,0.001650,0.000000
17636,0,0.001650,0.000000
17637,0,0.001649,0.000000
17638,0,0.001649,0.000000
17639,0,0.001649,0.000000
17640,0,0.001648,0.000000
17641,0,0.001648,0.000000
17642,0,0.001647,0.000000
17643,0,0.001647,0.000000
17644,0,0.001647,0.000000
17645,0,0.001646,0.000000
17646,0,0.001646,0.000000
17647,0,0.001645,0.000000
17648,0,0.001645,0.000000
17649,0,0.001645,0.000000
17650,0,0.001644,0.000000
17651,0,0.001644,0.000000
17652,0,0.001643,0.000000
17653,0,0.001643,0.000000
17654,0,0.001643,0.000000
17655,0,0.001642,0.000000
17656,0,0.001642,0.000000
17657,0,0.001641,0.000000
17658,0,0.001641,0.000000
17659,0,0.001641,0.000000
17660,0,0.001640,0.000000
17661,0,0.001640,0.000000
17662,0,0.001639,0.000000
17663,0,0.001639,0.000000
17664,0,0.001639,0.000000
17665,0,0.001638,0.000000
17666,0,0.001638,0.000000
17667,0,0.001637,0.000000
17668,0,0.001637,0.000000
17669,0,0.001637,0.000000
17670,0,0.001636,0.000000
17671,0,0.001636,0.000000
17672,0,0.001635,0.000000
17673,0,0.001635,0.000000
17674,0,0.001635,0.000000
17675,0,0.001634,0.000000
17676,0,0.001634,0.000000
17677,0,0.001633,0.000000
17678,0,0.001633,0.000000
17679,0,0.001633,0.000000
17680,0,0.001632,0.000000
17681,0,0.001632,0.000000
17682,0,0.001631,0.000000
17683,0,0.001631,0.000000
17684,0,0.001631,0.000000
17685,0,0.001630,0.000000
17686,0,0.001630,0.000000
17687,0,0.001629,0.000000
17688,0,0.001629,0.000000
17689,0,0.001629,0.000000
17690,0,0.001628,0.000000
17691,0,0.001628,0.000000
17692,0,0.001627,0.000000
17693,0,0.001627,0.000000
17694,0,0.001627,0.000000
17695,0,0.001626,0.000000
17696,0,0.001626,0.000000
17697,0,0.001625,0.000000
17698,0,0.001625,0.000000
17699,0,0.001625,0.000000
17700,0,0.001624,0.000000
17701,0,0.001624,0.000000
17702,0,0.001623,0.000000
17703,0,0.001623,0.000000
17704,0,0.001623,0.000000
17705,0,0.001622,0.000000
17706,0,0.001622,0.000000
17707,0,0.001621,0.000000
17708,0,0.001621,0.000000
17709,0,0.001621,0.000000
17710,0,0.001620,0.000000
17711,0,0.001620,0.000000
17712,0,0.001619,0.000000
17713,0,0.001619,0.000000
17714,0,0.001619,0.000000
17715,0,0.001618,0.000000
17716,0,0.001618,0.000000
17717,0,0.001617,0.000000
17718,0,0.001617,0.000000
17719,0,0.001617,0.000000
17720,0,0.001616,0.000000
17721,0,0.001616,0.000000
17722,0,0.001616,0.000000
17723,0,0.001615,0.000000
17724,0,0.001615,0.000000
17725,0,0.001614,0.000000
17726,0,0.001614,0.000000
17727,0,0.001614,0.000000
17728,0,0.001613,0.000000
17729,0,0.001613,0.000000
17730,0,0.001612,0.000000
17731,0,0.001612,0.000000
17732,0,0.001612,0.000000
17733,0,0.001611,0.000000
17734,0,0.001611,0.000000
17735,0,0.001610,0.000000
17736,0,0.001610,0.000000
17737,0,0.001610,0.000000
17738,0,0.001609,0.000000
17739,0,0.001609,0.000000
17740,0,0.001608,0.000000
17741,0,0.001608,0.000000
17742,0,0.001608,0.000000
17743,0,0.001607,0.000000
17744,0,0.001607,0.000000
17745,0,0.001606,0.000000
17746,0,0.001606,0.000000
17747,0,0.001606,0.000000
17748,0,0.001605,0.000000
17749,0,0.001605,0.000000
17750,0,0.001604,0.000000
17751,0,0.001604,0.000000
17752,0,0.001604,0.000000
17753,0,0.001603,0.000000
17754,0,0.001603,0.000000
17755,0,0.001603,0.000000
17756,0,0.001602,0.000000
17757,0,0.001602,0.000000
17758,0,0.001601,0.000000
17759,0,0.001601,0.000000
17760,0,0.001601,0.000000
17761,0,0.001600,0.000000
17762,0,0.001600,0.000000
17763,0,0.001599,0.000000
17764,0,0.001599,0.000000
17765,0,0.001599,0.000000
17766,0,0.001598,0.000000
17767,0,0.001598,0.000000
17768,0,0.001597,0.000000
17769,0,0.001597,0.000000
17770,0,0.001597,0.000000
17771,0,0.001596,0.000000
17772,0,0.001596,0.000000
17773,0,0.001595,0.000000
17774,0,0.001595,0.000000
17775,0,0.001595,0.000000
17776,0,0.001594,0.000000
17777,0,0.001594,0.000000
17778,0,0.001594,0.000000
17779,0,0.001593,0.000000
17780,0,0.001593,0.000000
17781,0,0.001592,0.000000
17782,0,0.001592,0.000000
17783,0,0.001592,0.000000
17784,0,0.001591,0.000000
17785,0,0.001591,0.000000
17786,0,0.001590,0.000000
17787,0,0.001590,0.000000
17788,0,0.001590,0.000000
17789,0,0.001589,0.000000
17790,0,0.001589,0.000000
17791,0,0.001588,0.000000
17792,0,0.001588,0.000000
17793,0,0.001588,0.000000
17794,0,0.001587,0.000000
17795,0,0.001587,0.000000
17796,0,0.001587,0.000000
17797,0,0.001586,0.000000
17798,0,0.001586,0.000000
17799,0,0.001585,0.000000
17800,0,0.001585,0.000000
17801,0,0.001585,0.000000
17802,0,0.001584,0.000000
17803,0,0.001584,0.000000
17804,0,0.001583,0.000000
17805,0,0.001583,0.000000
17806,0,0.001583,0.000000
17807,0,0.001582,0.000000
17808,0,0.001582,0.000000
17809,0,0.001582,0.000000
17810,0,0.001581,0.000000
17811,0,0.001581,0.000000
17812,0,0.001580,0.000000
17813,0,0.001580,0.000000
17814,0,0.001580,0.000000
17815,0,0.001579,0.000000
17816,0,0.001579,0.000000
17817,0,0.001578,0.000000
17818,0,0.001578,0.000000
17819,0,0.001578,0.000000
17820,0,0.001577,0.000000
17821,0,0.001577,0.000000
17822,0,0.001577,0.000000
17823,0,0.001576,0.000000
17824,0,0.001576,0.000000
17825,0,0.001575,0.000000
17826,0,0.001575,0.000000
17827,0,0.001575,0.000000
17828,0,0.001574,0.000000
17829,0,0.001574,0.000000
17830,0,0.001573,0.000000
17831,0,0.001573,0.000000
17832,0,0.001573,0.000000
17833,0,0.001572,0.000000
17834,0,0.001572,0.000000
17835,0,0.001572,0.000000
17836,0,0.001571,0.000000
17837,0,0.001571,0.000000
17838,0,0.001570,0.000000
17839,0,0.001570,0.000000
17840,0,0.001570,0.000000
17841,0,0.001569,0.000000
17842,0,0.001569,0.000000
17843,0,0.001568,0.000000
17844,0,0.001568,0.000000
17845,0,0.001568,0.000000
17846,0,0.001567,0.000000
17847,0,0.001567,0.000000
17848,0,0.001567,0.000000
17849,0,0.001566,0.000000
17850,0,0.001566,0.000000
17851,0,0.001565,0.000000
17852,0,0.001565,0.000000
17853,0,0.001565,0.000000
17854,0,0.001564,0.000000
17855,0,0.001564,0.000000
17856,0,0.001563,0.000000
17857,0,0.001563,0.000000
17858,0,0.001563,0.000000
17859,0,0.001562,0.000000
17860,0,0.001562,0.000000
17861,0,0.001562,0.000000
17862,0,0.001561,0.000000
17863,0,0.001561,0.000000
17864,0,0.001560,0.000000
17865,0,0.001560,0.000000
17866,0,0.001560,0.000000
17867,0,0.001559,0.000000
17868,0,0.001559,0.000000
17869,0,0.001559,0.000000
17870,0,0.001558,0.000000
17871,0,0.001558,0.000000
17872,0,0.001557,0.000000
17873,0,0.001557,0.000000
17874,0,0.001557,0.000000
17875,0,0.001556,0.000000
17876,0,0.001556,0.000000
17877,0,0.001555,0.000000
17878,0,0.001555,0.000000
17879,0,0.001555,0.000000
17880,0,0.001554,0.000000
17881,0,0.001554,0.000000
17882,0,0.001554,0.000000
17883,0,0.001553,0.000000
17884,0,0.001553,0.000000
17885,0,0.001552,0.000000
17886,0,0.001552,0.000000
17887,0,0.001552,0.000000
17888,0,0.001551,0.000000
17889,0,0.001551,0.000000
17890,0,0.001551,0.000000
17891,0,0.001550,0.000000
17892,0,0.001550,0.000000
17893,0,0.001549,0.000000
17894,0,0.001549,0.000000
17895,0,0.001549,0.000000
17896,0,0.001548,0.000000
17897,0,0.001548,0.000000
17898,0,0.001548,0.000000
17899,0,0.001547,0.000000
17900,0,0.001547,0.000000
17901,0,0.001546,0.000000
17902,0,0.001546,0.000000
17903,0,0.001546,0.000000
17904,0,0.001545,0.000000
17905,0,0.001545,0.000000
17906,0,0.001545,0.000000
17907,0,0.001544,0.000000
17908,0,0.001544,0.000000
17909,1,0.001543,0.000000
17910,0,0.001585,0.000000
17911,0,0.001624,0.000000
17912,0,0.001659,0.000000
17913,0,0.001692,0.000000
17914,0,0.001723,0.000000
17915,0,0.001750,0.000000
17916,0,0.001776,0.000000
17917,0,0.001800,0.000000
17918,0,0.001822,0.000000
17919,0,0.001843,0.000000
17920,0,0.001862,0.000000
17921,0,0.001879,0.000000
17922,0,0.001895,0.000000
17923,0,0.001910,0.000000
17924,0,0.001924,0.000000
17925,0,0.001937,0.000000
17926,0,0.001949,0.000000
17927,0,0.001960,0.000000
17928,0,0.001970,0.000000
17929,0,0.001979,0.000093
17930,0,0.001988,0.000307
17931,0,0.001995,0.000618
17932,0,0.002002,0.001001
17933,0,0.002008,0.001436
17934,0,0.002014,0.001905
17935,0,0.002019,0.002393
17936,0,0.002023,0.002885
17937,0,0.002027,0.003335
17938,0,0.002031,0.003713
17939,0,0.002034,0.004009
17940,0,0.002037,0.004217
17941,0,0.002039,0.004342
17942,0,0.002042,0.004391
17943,0,0.002044,0.004374
17944,0,0.002045,0.004304
17945,0,0.002047,0.004191
17946,0,0.002049,0.004047
17947,0,0.002050,0.003882
17948,0,0.002051,0.003706
17949,0,0.002052,0.003527
17950,0,0.002053,0.003351
17951,0,0.002054,0.003183
17952,0,0.002054,0.003027
17953,0,0.002055,0.002887
17954,0,0.002055,0.002764
17955,0,0.002056,0.002658
17956,0,0.002056,0.002570
17957,0,0.002056,0.002500
17958,0,0.002057,0.002445
17959,0,0.002057,0.002404
17960,0,0.002057,0.002376
17961,0,0.002057,0.002358
17962,0,0.002057,0.002348
17963,0,0.002057,0.002343
17964,0,0.002057,0.002333
17965,0,0.002057,0.002311
17966,0,0.002057,0.002276
17967,0,0.002057,0.002226
17968,0,0.002056,0.002161
17969,0,0.002056,0.002085
17970,0,0.002056,0.001999
17971,0,0.002056,0.001906
17972,0,0.002055,0.001808
17973,0,0.002055,0.001708
17974,0,0.002055,0.001608
17975,0,0.002055,0.001510
17976,0,0.002054,0.001415
17977,0,0.002054,0.001326
17978,0,0.002054,0.001242
17979,0,0.002053,0.001165
17980,0,0.002053,0.001095
17981,0,0.002053,0.001032
17982,0,0.002052,0.000976
17983,0,0.002052,0.000927
17984,0,0.002052,0.000884
17985,0,0.002051,0.000848
17986,0,0.002051,0.000817
17987,0,0.002051,0.000790
17988,0,0.002050,0.000768
17989,0,0.002050,0.000749
17990,0,0.002049,0.000733
17991,0,0.002049,0.000715
17992,0,0.002049,0.000697
17993,0,0.002048,0.000675
17994,0,0.002048,0.000651
17995,0,0.002048,0.000625
17996,0,0.002047,0.000597
17997,0,0.002047,0.000567
17998,0,0.002046,0.000537
17999,0,0.002046,0.000506
18000,0,0.002046,0.000475
18001,0,0.002045,0.000445
18002,0,0.002045,0.000416
18003,0,0.002044,0.000389
18004,0,0.002044,0.000363
18005,0,0.002044,0.000339
18006,0,0.002043,0.000317
18007,0,0.002043,0.000297
18008,0,0.002042,0.000279
18009,0,0.002042,0.000264
18010,0,0.002042,0.000250
18011,0,0.002041,0.000237
18012,0,0.002041,0.000227
18013,0,0.002040,0.000218
18014,0,0.002040,0.000210
18015,0,0.002040,0.000204
18016,0,0.002039,0.000198
18017,0,0.002039,0.000192
18018,0,0.002038,0.000187
18019,0,0.002038,0.000181
18020,0,0.002038,0.000174
18021,0,0.002037,0.000167
18022,0,0.002037,0.000160
18023,0,0.002036,0.000152
18024,0,0.002036,0.000143
18025,0,0.002036,0.000135
18026,0,0.002035,0.000127
18027,0,0.002035,0.000119
18028,0,0.002034,0.000111
18029,0,0.002034,0.000104
18030,0,0.002034,0.000097
18031,0,0.002033,0.000090
18032,0,0.002033,0.000084
18033,0,0.002032,0.000079
18034,0,0.002032,0.000074
18035,0,0.002032,0.000070
18036,0,0.002031,0.000066
18037,0,0.002031,0.000062
18038,0,0.002030,0.000059
18039,0,0.002030,0.000057
18040,0,0.002030,0.000055
18041,0,0.002029,0.000053
18042,0,0.002029,0.000051
18043,0,0.002028,0.000050
18044,0,0.002028,0.000048
18045,0,0.002028,0.000047
18046,0,0.002027,0.000045
18047,0,0.002027,0.000043
18048,0,0.002026,0.000041
18049,0,0.002026,0.000039
18050,0,0.002026,0.000037
18051,0,0.002025,0.000035
18052,0,0.002025,0.000033
18053,0,0.002024,0.000031
18054,0,0.002024,0.000029
18055,0,0.002024,0.000027
18056,0,0.002023,0.000025
18057,0,0.002023,0.000023
18058,0,0.002022,0.000022
18059,0,0.002022,0.000020
18060,0,0.002022,0.000019
18061,0,0.002021,0.000018
18062,0,0.002021,0.000017
18063,0,0.002020,0.000016
18064,0,0.002020,0.000015
18065,0,0.002020,0.000015
18066,0,0.002019,0.000014
18067,0,0.002019,0.000014
18068,0,0.002018,0.000013
18069,0,0.002018,0.000013
18070,0,0.002018,0.000012
18071,0,0.002017,0.000012
18072,0,0.002017,0.000011
18073,0,0.002016,0.000011
18074,0,0.002016,0.000011
18075,0,0.002016,0.000010
18076,0,0.002015,0.000009
18077,0,0.002015,0.000009
18078,0,0.002014,0.000008
18079,0,0.002014,0.000008
18080,0,0.002014,0.000007
18081,0,0.002013,0.000007
18082,0,0.002013,0.000006
18083,0,0.002012,0.000006
18084,0,0.002012,0.000006
18085,0,0.002012,0.000005
18086,0,0.002011,0.000005
18087,0,0.002011,0.000005
18088,0,0.002010,0.000004
18089,0,0.002010,0.000004
18090,0,0.002010,0.000004
18091,0,0.002009,0.000004
18092,0,0.002009,0.000004
18093,0,0.002008,0.000003
18094,0,0.002008,0.000003
18095,0,0.002008,0.000003
18096,0,0.002007,0.000003
18097,0,0.002007,0.000003
18098,0,0.002006,0.000003
18099,0,0.002006,0.000003
18100,0,0.002006,0.000003
18101,0,0.002005,0.000003
18102,0,0.002005,0.000002
18103,0,0.002004,0.000002
18104,0,0.002004,0.000002
18105,0,0.002004,0.000002
18106,0,0.002003,0.000002
18107,0,0.002003,0.000002
18108,0,0.002002,0.000002
18109,0,0.002002,0.000002
18110,0,0.002002,0.000001
18111,0,0.002001,0.000001
18112,0,0.002001,0.000001
18113,0,0.002000,0.000001
18114,0,0.002000,0.000001
18115,0,0.002000,0.000001
18116,0,0.001999,0.000001
18117,0,0.001999,0.000001
18118,0,0.001999,0.000001
18119,0,0.001998,0.000001
18120,0,0.001998,0.000001
18121,0,0.001997,0.000001
18122,0,0.001997,0.000001
18123,0,0.001997,0.000001
18124,0,0.001996,0.000001
18125,0,0.001996,0.000001
18126,0,0.001995,0.000001
18127,0,0.001995,0.000001
18128,0,0.001995,0.000001
18129,0,0.001994,0.000001
18130,0,0.001994,0.000001
18131,0,0.001993,0.000001
18132,0,0.001993,0.000000
18133,0,0.001993,0.000000
18134,0,0.001992,0.000000
18135,0,0.001992,0.000000
18136,0,0.001991,0.000000
18137,0,0.001991,0.000000
18138,0,0.001991,0.000000
18139,0,0.001990,0.000000
18140,0,0.001990,0.000000
18141,0,0.001989,0.000000
18142,0,0.001989,0.000000
18143,0,0.001989,0.000000
18144,0,0.001988,0.000000
18145,0,0.001988,0.000000
18146,0,0.001987,0.000000
18147,0,0.001987,0.000000
18148,0,0.001987,0.000000
18149,0,0.001986,0.000000
18150,0,0.001986,0.000000
18151,0,0.001985,0.000000
18152,0,0.001985,0.000000
18153,0,0.001985,0.000000
18154,0,0.001984,0.000000
18155,0,0.001984,0.000000
18156,0,0.001983,0.000000
18157,0,0.001983,0.000000
18158,0,0.001983,0.000000
18159,0,0.001982,0.000000
18160,0,0.001982,0.000000
18161,0,0.001981,0.000000
18162,0,0.001981,0.000000
18163,0,0.001981,0.000000
18164,0,0.001980,0.000000
18165,0,0.001980,0.000000
18166,0,0.001979,0.000000
18167,0,0.001979,0.000000
18168,0,0.001979,0.000000
18169,0,0.001978,0.000000
18170,0,0.001978,0.000000
18171,0,0.001978,0.000000
18172,0,0.001977,0.000000
18173,0,0.001977,0.000000
18174,0,0.001976,0.000000
18175,0,0.001976,0.000000
18176,0,0.001976,0.000000
18177,0,0.001975,0.000000
18178,0,0.001975,0.000000
18179,0,0.001974,0.000000
18180,0,0.001974,0.000000
18181,0,0.001974,0.000000
18182,0,0.001973,0.000000
18183,0,0.001973,0.000000
18184,0,0.001972,0.000000
18185,0,0.001972,0.000000
18186,0,0.001972,0.000000
18187,0,0.001971,0.000000
18188,0,0.001971,0.000000
18189,0,0.001970,0.000000
18190,0,0.001970,0.000000
18191,0,0.001970,0.000000
18192,0,0.001969,0.000000
18193,0,0.001969,0.000000
18194,0,0.001968,0.000000
18195,0,0.001968,0.000000
18196,0,0.001968,0.000000
18197,0,0.001967,0.000000
18198,0,0.001967,0.000000
18199,0,0.001966,0.000000
18200,0,0.001966,0.000000
18201,0,0.001966,0.000000
18202,0,0.001965,0.000000
18203,0,0.001965,0.000000
18204,0,0.001964,0.000000
18205,0,0.001964,0.000000
18206,0,0.001964,0.000000
18207,0,0.001963,0.000000
18208,0,0.001963,0.000000
18209,0,0.001963,0.000000
18210,0,0.001962,0.000000
18211,0,0.001962,0.000000
18212,0,0.001961,0.000000
18213,0,0.001961,0.000000
18214,0,0.001961,0.000000
18215,0,0.001960,0.000000
18216,0,0.001960,0.000000
18217,0,0.001959,0.000000
18218,0,0.001959,0.000000
18219,0,0.001959,0.000000
18220,0,0.001958,0.000000
18221,0,0.001958,0.000000
18222,0,0.001957,0.000000
18223,0,0.001957,0.000000
18224,0,0.001957,0.000000
18225,0,0.001956,0.000000
18226,0,0.001956,0.000000
18227,0,0.001955,0.000000
18228,0,0.001955,0.000000
18229,0,0.001955,0.000000
18230,0,0.001954,0.000000
18231,0,0.001954,0.000000
18232,0,0.001954,0.000000
18233,0,0.001953,0.000000
18234,0,0.001953,0.000000
18235,0,0.001952,0.000000
18236,0,0.001952,0.000000
18237,0,0.001952,0.000000
18238,0,0.001951,0.000000
18239,0,0.001951,0.000000
18240,0,0.001950,0.000000
18241,0,0.001950,0.000000
18242,0,0.001950,0.000000
18243,0,0.001949,0.000000
18244,0,0.001949,0.000000
18245,0,0.001948,0.000000
18246,0,0.001948,0.000000
18247,0,0.001948,0.000000
18248,0,0.001947,0.000000
18249,0,0.001947,0.000000
18250,0,0.001946,0.000000
18251,0,0.001946,0.000000
18252,0,0.001946,0.000000
18253,0,0.001945,0.000000
18254,0,0.001945,0.000000
18255,0,0.001944,0.000000
18256,0,0.001944,0.000000
18257,0,0.001944,0.000000
18258,0,0.001943,0.000000
18259,0,0.001943,0.000000
18260,0,0.001943,0.000000
18261,0,0.001942,0.000000
18262,0,0.001942,0.000000
18263,0,0.001941,0.000000
18264,0,0.001941,0.000000
18265,0,0.001941,0.000000
18266,0,0.001940,0.000000
18267,0,0.001940,0.000000
18268,0,0.001939,0.000000
18269,0,0.001939,0.000000
18270,0,0.001939,0.000000
18271,0,0.001938,0.000000
18272,0,0.001938,0.000000
18273,0,0.001937,0.000000
18274,0,0.001937,0.000000
18275,0,0.001937,0.000000
18276,0,0.001936,0.000000
18277,0,0.001936,0.000000
18278,0,0.001936,0.000000
18279,0,0.001935,0.000000
18280,0,0.001935,0.000000
18281,0,0.001934,0.000000
18282,0,0.001934,0.000000
18283,0,0.001934,0.000000
18284,0,0.001933,0.000000
18285,0,0.001933,0.000000
18286,0,0.001932,0.000000
18287,0,0.001932,0.000000
18288,0,0.001932,0.000000
18289,0,0.001931,0.000000
18290,0,0.001931,0.000000
18291,0,0.001930,0.000000
18292,0,0.001930,0.000000
18293,0,0.001930,0.000000
18294,0,0.001929,0.000000
18295,0,0.001929,0.000000
18296,0,0.001929,0.000000
18297,0,0.001928,0.000000
18298,0,0.001928,0.000000
18299,0,0.001927,0.000000
18300,0,0.001927,0.000000
18301,0,0.001927,0.000000
18302,0,0.001926,0.000000
18303,0,0.001926,0.000000
18304,0,0.001925,0.000000
18305,0,0.001925,0.000000
18306,0,0.001925,0.000000
18307,0,0.001924,0.000000
18308,0,0.001924,0.000000
18309,0,0.001923,0.000000
18310,0,0.001923,0.000000
18311,0,0.001923,0.000000
18312,0,0.001922,0.000000
18313,0,0.001922,0.000000
18314,0,0.001922,0.000000
18315,0,0.001921,0.000000
18316,0,0.001921,0.000000
18317,0,0.001920,0.000000
18318,0,0.001920,0.000000
18319,0,0.001920,0.000000
18320,0,0.001919,0.000000
18321,0,0.001919,0.000000
18322,0,0.001918,0.000000
18323,0,0.001918,0.000000
18324,0,0.001918,0.000000
18325,0,0.001917,0.000000
18326,0,0.001917,0.000000
18327,0,0.001916,0.000000
18328,0,0.001916,0.000000
18329,0,0.001916,0.000000
18330,0,0.001915,0.000000
18331,0,0.001915,0.000000
18332,0,0.001915,0.000000
18333,0,0.001914,0.000000
18334,0,0.001914,0.000000
18335,0,0.001913,0.000000
18336,0,0.001913,0.000000
18337,0,0.001913,0.000000
18338,0,0.001912,0.000000
18339,0,0.001912,0.000000
18340,0,0.001911,0.000000
18341,0,0.001911,0.000000
18342,0,0.001911,0.000000
18343,0,0.001910,0.000000
18344,0,0.001910,0.000000
18345,0,0.001910,0.000000
18346,0,0.001909,0.000000
18347,0,0.001909,0.000000
18348,0,0.001908,0.000000
18349,0,0.001908,0.000000
18350,0,0.001908,0.000000
18351,0,0.001907,0.000000
18352,0,0.001907,0.000000
18353,0,0.001906,0.000000
18354,0,0.001906,0.000000
18355,0,0.001906,0.000000
18356,0,0.001905,0.000000
18357,0,0.001905,0.000000
18358,0,0.001904,0.000000
18359,0,0.001904,0.000000
18360,0,0.001904,0.000000
18361,0,0.001903,0.000000
18362,0,0.001903,0.000000
18363,0,0.001903,0.000000
18364,0,0.001902,0.000000
18365,0,0.001902,0.000000
18366,0,0.001901,0.000000
18367,0,0.001901,0.000000
18368,0,0.001901,0.000000
18369,0,0.001900,0.000000
18370,0,0.001900,0.000000
18371,0,0.001899,0.000000
18372,0,0.001899,0.000000
18373,0,0.001899,0.000000
18374,0,0.001898,0.000000
18375,0,0.001898,0.000000
18376,0,0.001898,0.000000
18377,0,0.001897,0.000000
18378,0,0.001897,0.000000
18379,0,0.001896,0.000000
18380,0,0.001896,0.000000
18381,0,0.001896,0.000000
18382,0,0.001895,0.000000
18383,0,0.001895,0.000000
18384,0,0.001894,0.000000
18385,0,0.001894,0.000000
18386,0,0.001894,0.000000
18387,0,0.001893,0.000000
18388,0,0.001893,0.000000
18389,0,0.001893,0.000000
18390,0,0.001892,0.000000
18391,0,0.001892,0.000000
18392,0,0.001891,0.000000
18393,0,0.001891,0.000000
18394,0,0.001891,0.000000
18395,0,0.001890,0.000000
18396,0,0.001890,0.000000
18397,0,0.001889,0.000000
18398,0,0.001889,0.000000
18399,0,0.001889,0.000000
18400,0,0.001888,0.000000
18401,0,0.001888,0.000000
18402,0,0.001888,0.000000
18403,0,0.001887,0.000000
18404,0,0.001887,0.000000
18405,0,0.001886,0.000000
18406,0,0.001886,0.000000
18407,0,0.001886,0.000000
18408,0,0.001885,0.000000
18409,0,0.001885,0.000000
18410,0,0.001884,0.000000
18411,0,0.001884,0.000000
18412,0,0.001884,0.000000
18413,0,0.001883,0.000000
18414,0,0.001883,0.000000
18415,0,0.001883,0.000000
18416,0,0.001882,0.000000
18417,0,0.001882,0.000000
18418,0,0.001881,0.000000
18419,0,0.001881,0.000000
18420,0,0.001881,0.000000
18421,0,0.001880,0.000000
18422,0,0.001880,0.000000
18423,0,0.001880,0.000000
18424,0,0.001879,0.000000
18425,0,0.001879,0.000000
18426,0,0.001878,0.000000
18427,0,0.001878,0.000000
18428,0,0.001878,0.000000
18429,0,0.001877,0.000000
18430,0,0.001877,0.000000
18431,0,0.001876,0.000000
18432,0,0.001876,0.000000
18433,0,0.001876,0.000000
18434,0,0.001875,0.000000
18435,0,0.001875,0.000000
18436,0,0.001875,0.000000
18437,0,0.001874,0.000000
18438,0,0.001874,0.000000
18439,0,0.001873,0.000000
18440,0,0.001873,0.000000
18441,0,0.001873,0.000000
18442,0,0.001872,0.000000
18443,0,0.001872,0.000000
18444,0,0.001871,0.000000
18445,0,0.001871,0.000000
18446,0,0.001871,0.000000
18447,0,0.001870,0.000000
18448,0,0.001870,0.000000
18449,0,0.001870,0.000000
18450,0,0.001869,0.000000
18451,0,0.001869,0.000000
18452,0,0.001868,0.000000
18453,0,0.001868,0.000000
18454,0,0.001868,0.000000
18455,0,0.001867,0.000000
18456,0,0.001867,0.000000
18457,0,0.001867,0.000000
18458,0,0.001866,0.000000
18459,0,0.001866,0.000000
18460,0,0.001865,0.000000
18461,0,0.001865,0.000000
18462,0,0.001865,0.000000
18463,0,0.001864,0.000000
18464,0,0.001864,0.000000
18465,0,0.001863,0.000000
18466,0,0.001863,0.000000
18467,0,0.001863,0.000000
18468,0,0.001862,0.000000
18469,0,0.001862,0.000000
18470,0,0.001862,0.000000
18471,0,0.001861,0.000000
18472,0,0.001861,0.000000
18473,0,0.001860,0.000000
18474,0,0.001860,0.000000
18475,0,0.001860,0.000000
18476,0,0.001859,0.000000
18477,0,0.001859,0.000000
18478,0,0.001859,0.000000
18479,0,0.001858,0.000000
18480,0,0.001858,0.000000
18481,0,0.001857,0.000000
18482,0,0.001857,0.000000
18483,0,0.001857,0.000000
18484,0,0.001856,0.000000
18485,0,0.001856,0.000000
18486,0,0.001856,0.000000
18487,0,0.001855,0.000000
18488,0,0.001855,0.000000
18489,0,0.001854,0.000000
18490,0,0.001854,0.000000
18491,0,0.001854,0.000000
18492,0,0.001853,0.000000
18493,0,0.001853,0.000000
18494,0,0.001852,0.000000
18495,0,0.001852,0.000000
18496,0,0.001852,0.000000
18497,0,0.001851,0.000000
18498,0,0.001851,0.000000
18499,0,0.001851,0.000000
18500,0,0.001850,0.000000
18501,0,0.001850,0.000000
18502,0,0.001849,0.000000
18503,0,0.001849,0.000000
18504,0,0.001849,0.000000
18505,0,0.001848,0.000000
18506,0,0.001848,0.000000
18507,0,0.001848,0.000000
18508,0,0.001847,0.000000
18509,0,0.001847,0.000000
18510,0,0.001846,0.000000
18511,0,0.001846,0.000000
18512,0,0.001846,0.000000
18513,0,0.001845,0.000000
18514,0,0.001845,0.000000
18515,0,0.001845,0.000000
18516,0,0.001844,0.000000
18517,0,0.001844,0.000000
18518,0,0.001843,0.000000
18519,0,0.001843,0.000000
18520,0,0.001843,0.000000
18521,0,0.001842,0.000000
18522,0,0.001842,0.000000
18523,0,0.001842,0.000000
18524,0,0.001841,0.000000
18525,0,0.001841,0.000000
18526,0,0.001840,0.000000
18527,0,0.001840,0.000000
18528,0,0.001840,0.000000
18529,0,0.001839,0.000000
18530,0,0.001839,0.000000
18531,0,0.001839,0.000000
18532,0,0.001838,0.000000
18533,0,0.001838,0.000000
18534,0,0.001837,0.000000
18535,0,0.001837,0.000000
18536,0,0.001837,0.000000
18537,0,0.001836,0.000000
18538,0,0.001836,0.000000
18539,0,0.001835,0.000000
18540,0,0.001835,0.000000
18541,0,0.001835,0.000000
18542,0,0.001834,0.000000
18543,0,0.001834,0.000000
18544,0,0.001834,0.000000
18545,0,0.001833,0.000000
18546,0,0.001833,0.000000
18547,0,0.001832,0.000000
18548,0,0.001832,0.000000
18549,0,0.001832,0.000000
18550,0,0.001831,0.000000
18551,0,0.001831,0.000000
18552,0,0.001831,0.000000
18553,0,0.001830,0.000000
18554,0,0.001830,0.000000
18555,0,0.001829,0.000000
18556,0,0.001829,0.000000
18557,0,0.001829,0.000000
18558,0,0.001828,0.000000
18559,0,0.001828,0.000000
18560,0,0.001828,0.000000
18561,0,0.001827,0.000000
18562,0,0.001827,0.000000
18563,0,0.001826,0.000000
18564,0,0.001826,0.000000
18565,0,0.001826,0.000000
18566,0,0.001825,0.000000
18567,0,0.001825,0.000000
18568,0,0.001825,0.000000
18569,0,0.001824,0.000000
18570,0,0.001824,0.000000
18571,0,0.001823,0.000000
18572,0,0.001823,0.000000
18573,0,0.001823,0.000000
18574,0,0.001822,0.000000
18575,0,0.001822,0.000000
18576,0,0.001822,0.000000
18577,0,0.001821,0.000000
18578,0,0.001821,0.000000
18579,0,0.001820,0.000000
18580,0,0.001820,0.000000
18581,0,0.001820,0.000000
18582,0,0.001819,0.000000
18583,0,0.001819,0.000000
18584,0,0.001819,0.000000
18585,0,0.001818,0.000000
18586,0,0.001818,0.000000
18587,0,0.001817,0.000000
18588,0,0.001817,0.000000
18589,0,0.001817,0.000000
18590,0,0.001816,0.000000
18591,0,0.001816,0.000000
18592,0,0.001816,0.000000
18593,0,0.001815,0.000000
18594,0,0.001815,0.000000
18595,0,0.001814,0.000000
18596,0,0.001814,0.000000
18597,0,0.001814,0.000000
18598,0,0.001813,0.000000
18599,0,0.001813,0.000000
18600,0,0.001813,0.000000
18601,0,0.001812,0.000000
18602,0,0.001812,0.000000
18603,0,0.001811,0.000000
18604,0,0.001811,0.000000
18605,0,0.001811,0.000000
18606,0,0.001810,0.000000
18607,0,0.001810,0.000000
18608,0,0.001810,0.000000
18609,0,0.001809,0.000000
18610,0,0.001809,0.000000
18611,0,0.001809,0.000000
18612,0,0.001808,0.000000
18613,0,0.001808,0.000000
18614,0,0.001807,0.000000
18615,0,0.001807,0.000000
18616,0,0.001807,0.000000
18617,0,0.001806,0.000000
18618,0,0.001806,0.000000
18619,0,0.001806,0.000000
18620,0,0.001805,0.000000
18621,0,0.001805,0.000000
18622,0,0.001804,0.000000
18623,0,0.001804,0.000000
18624,0,0.001804,0.000000
18625,0,0.001803,0.000000
18626,0,0.001803,0.000000
18627,0,0.001803,0.000000
18628,0,0.001802,0.000000
18629,0,0.001802,0.000000
18630,0,0.001801,0.000000
18631,0,0.001801,0.000000
18632,0,0.001801,0.000000
18633,0,0.001800,0.000000
18634,0,0.001800,0.000000
18635,0,0.001800,0.000000
18636,0,0.001799,0.000000
18637,0,0.001799,0.000000
18638,0,0.001798,0.000000
18639,0,0.001798,0.000000
18640,0,0.001798,0.000000
18641,0,0.001797,0.000000
18642,0,0.001797,0.000000
18643,0,0.001797,0.000000
18644,0,0.001796,0.000000
18645,0,0.001796,0.000000
18646,0,0.001795,0.000000
18647,0,0.001795,0.000000
18648,0,0.001795,0.000000
18649,0,0.001794,0.000000
18650,0,0.001794,0.000000
18651,0,0.001794,0.000000
18652,0,0.001793,0.000000
18653,0,0.001793,0.000000
18654,0,0.001793,0.000000
18655,0,0.001792,0.000000
18656,0,0.001792,0.000000
18657,0,0.001791,0.000000
18658,0,0.001791,0.000000
18659,0,0.001791,0.000000
18660,0,0.001790,0.000000
18661,0,0.001790,0.000000
18662,0,0.001790,0.000000
18663,0,0.001789,0.000000
18664,0,0.001789,0.000000
18665,0,0.001788,0.000000
18666,0,0.001788,0.000000
18667,0,0.001788,0.000000
18668,0,0.001787,0.000000
18669,0,0.001787,0.000000
18670,0,0.001787,0.000000
18671,0,0.001786,0.000000
18672,0,0.001786,0.000000
18673,0,0.001785,0.000000
18674,0,0.001785,0.000000
18675,0,0.001785,0.000000
18676,0,0.001784,0.000000
18677,0,0.001784,0.000000
18678,0,0.001784,0.000000
18679,0,0.001783,0.000000
18680,0,0.001783,0.000000
18681,0,0.001783,0.000000
18682,0,0.001782,0.000000
18683,0,0.001782,0.000000
18684,0,0.001781,0.000000
18685,0,0.001781,0.000000
18686,0,0.001781,0.000000
18687,0,0.001780,0.000000
18688,0,0.001780,0.000000
18689,0,0.001780,0.000000
18690,0,0.001779,0.000000
18691,0,0.001779,0.000000
18692,0,0.001778,0.000000
18693,0,0.001778,0.000000
18694,0,0.001778,0.000000
18695,0,0.001777,0.000000
18696,0,0.001777,0.000000
18697,0,0.001777,0.000000
18698,0,0.001776,0.000000
18699,0,0.001776,0.000000
18700,0,0.001776,0.000000
18701,0,0.001775,0.000000
18702,0,0.001775,0.000000
18703,0,0.001774,0.000000
18704,0,0.001774,0.000000
18705,0,0.001774,0.000000
18706,0,0.001773,0.000000
18707,0,0.001773,0.000000
18708,0,0.001773,0.000000
18709,0,0.001772,0.000000
18710,0,0.001772,0.000000
18711,0,0.001771,0.000000
18712,0,0.001771,0.000000
18713,0,0.001771,0.000000
18714,0,0.001770,0.000000
18715,0,0.001770,0.000000
18716,0,0.001770,0.000000
18717,0,0.001769,0.000000
18718,0,0.001769,0.000000
18719,0,0.001769,0.000000
18720,0,0.001768,0.000000
18721,0,0.001768,0.000000
18722,0,0.001767,0.000000
18723,0,0.001767,0.000000
18724,0,0.001767,0.000000
18725,0,0.001766,0.000000
18726,0,0.001766,0.000000
18727,0,0.001766,0.000000
18728,0,0.001765,0.000000
18729,0,0.001765,0.000000
18730,0,0.001765,0.000000
18731,0,0.001764,0.000000
18732,0,0.001764,0.000000
18733,0,0.001763,0.000000
18734,0,0.001763,0.000000
18735,0,0.001763,0.000000
18736,0,0.001762,0.000000
18737,0,0.001762,0.000000
18738,0,0.001762,0.000000
18739,0,0.001761,0.000000
18740,0,0.001761,0.000000
18741,0,0.001760,0.000000
18742,0,0.001760,0.000000
18743,0,0.001760,0.000000
18744,0,0.001759,0.000000
18745,0,0.001759,0.000000
18746,0,0.001759,0.000000
18747,0,0.001758,0.000000
18748,0,0.001758,0.000000
18749,0,0.001758,0.000000
18750,0,0.001757,0.000000
18751,0,0.001757,0.000000
18752,0,0.001756,0.000000
18753,0,0.001756,0.000000
18754,0,0.001756,0.000000
18755,0,0.001755,0.000000
18756,0,0.001755,0.000000
18757,0,0.001755,0.000000
18758,0,0.001754,0.000000
18759,0,0.001754,0.000000
18760,0,0.001754,0.000000
18761,0,0.001753,0.000000
18762,0,0.001753,0.000000
18763,0,0.001752,0.000000
18764,0,0.001752,0.000000
18765,0,0.001752,0.000000
18766,0,0.001751,0.000000
18767,0,0.001751,0.000000
18768,0,0.001751,0.000000
18769,0,0.001750,0.000000
18770,0,0.001750,0.000000
18771,0,0.001750,0.000000
18772,0,0.001749,0.000000
18773,0,0.001749,0.000000
18774,0,0.001748,0.000000
18775,0,0.001748,0.000000
18776,0,0.001748,0.000000
18777,0,0.001747,0.000000
18778,0,0.001747,0.000000
18779,0,0.001747,0.000000
18780,0,0.001746,0.000000
18781,0,0.001746,0.000000
18782,0,0.001746,0.000000
18783,0,0.001745,0.000000
18784,0,0.001745,0.000000
18785,0,0.001744,0.000000
18786,0,0.001744,0.000000
18787,0,0.001744,0.000000
18788,0,0.001743,0.000000
18789,0,0.001743,0.000000
18790,0,0.001743,0.000000
18791,0,0.001742,0.000000
18792,0,0.001742,0.000000
18793,0,0.001742,0.000000
18794,0,0.001741,0.000000
18795,0,0.001741,0.000000
18796,0,0.001740,0.000000
18797,0,0.001740,0.000000
18798,0,0.001740,0.000000
18799,0,0.001739,0.000000
18800,0,0.001739,0.000000
18801,0,0.001739,0.000000
18802,0,0.001738,0.000000
18803,0,0.001738,0.000000
18804,0,0.001738,0.000000
18805,0,0.001737,0.000000
18806,0,0.001737,0.000000
18807,0,0.001736,0.000000
18808,0,0.001736,0.000000
18809,0,0.001736,0.000000
18810,0,0.001735,0.000000
18811,0,0.001735,0.000000
18812,0,0.001735,0.000000
18813,0,0.001734,0.000000
18814,0,0.001734,0.000000
18815,0,0.001734,0.000000
18816,0,0.001733,0.000000
18817,0,0.001733,0.000000
18818,0,0.001732,0.000000
18819,0,0.001732,0.000000
18820,0,0.001732,0.000000
18821,0,0.001731,0.000000
18822,0,0.001731,0.000000
18823,0,0.001731,0.000000
18824,0,0.001730,0.000000
18825,0,0.001730,0.000000
18826,0,0.001730,0.000000
18827,0,0.001729,0.000000
18828,0,0.001729,0.000000
18829,0,0.001729,0.000000
18830,0,0.001728,0.000000
18831,0,0.001728,0.000000
18832,0,0.001727,0.000000
18833,0,0.001727,0.000000
18834,0,0.001727,0.000000
18835,0,0.001726,0.000000
18836,0,0.001726,0.000000
18837,0,0.001726,0.000000
18838,0,0.001725,0.000000
18839,0,0.001725,0.000000
18840,0,0.001725,0.000000
18841,0,0.001724,0.000000
18842,0,0.001724,0.000000
18843,0,0.001723,0.000000
18844,0,0.001723,0.000000
18845,0,0.001723,0.000000
18846,0,0.001722,0.000000
18847,0,0.001722,0.000000
18848,0,0.001722,0.000000
18849,0,0.001721,0.000000
18850,0,0.001721,0.000000
18851,0,0.001721,0.000000
18852,0,0.001720,0.000000
18853,0,0.001720,0.000000
18854,0,0.001719,0.000000
18855,0,0.001719,0.000000
18856,0,0.001719,0.000000
18857,0,0.001718,0.000000
18858,0,0.001718,0.000000
18859,0,0.001718,0.000000
18860,0,0.001717,0.000000
18861,0,0.001717,0.000000
18862,0,0.001717,0.000000
18863,0,0.001716,0.000000
18864,0,0.001716,0.000000
18865,0,0.001716,0.000000
18866,0,0.001715,0.000000
18867,0,0.001715,0.000000
18868,0,0.001714,0.000000
18869,0,0.001714,0.000000
18870,0,0.001714,0.000000
18871,0,0.001713,0.000000
18872,0,0.001713,0.000000
18873,0,0.001713,0.000000
18874,0,0.001712,0.000000
18875,0,0.001712,0.000000
18876,0,0.001712,0.000000
18877,0,0.001711,0.000000
18878,0,0.001711,0.000000
18879,0,0.001711,0.000000
18880,0,0.001710,0.000000
18881,0,0.001710,0.000000
18882,0,0.001709,0.000000
18883,0,0.001709,0.000000
18884,0,0.001709,0.000000
18885,0,0.001708,0.000000
18886,0,0.001708,0.000000
18887,0,0.001708,0.000000
18888,0,0.001707,0.000000
18889,0,0.001707,0.000000
18890,0,0.001707,0.000000
18891,0,0.001706,0.000000
18892,0,0.001706,0.000000
18893,0,0.001706,0.000000
18894,0,0.001705,0.000000
18895,0,0.001705,0.000000
18896,0,0.001704,0.000000
18897,0,0.001704,0.000000
18898,0,0.001704,0.000000
18899,0,0.001703,0.000000
18900,0,0.001703,0.000000
18901,0,0.001703,0.000000
18902,0,0.001702,0.000000
18903,0,0.001702,0.000000
18904,0,0.001702,0.000000
18905,0,0.001701,0.000000
18906,0,0.001701,0.000000
18907,0,0.001701,0.000000
18908,0,0.001700,0.000000
18909,0,0.001700,0.000000
18910,0,0.001699,0.000000
18911,0,0.001699,0.000000
18912,0,0.001699,0.000000
18913,0,0.001698,0.000000
18914,0,0.001698,0.000000
18915,0,0.001698,0.000000
18916,0,0.001697,0.000000
18917,0,0.001697,0.000000
18918,0,0.001697,0.000000
18919,0,0.001696,0.000000
18920,0,0.001696,0.000000
18921,0,0.001696,0.000000
18922,0,0.001695,0.000000
18923,0,0.001695,0.000000
18924,0,0.001694,0.000000
18925,0,0.001694,0.000000
18926,0,0.001694,0.000000
18927,0,0.001693,0.000000
18928,0,0.001693,0.000000
18929,0,0.001693,0.000000
18930,0,0.001692,0.000000
18931,0,0.001692,0.000000
18932,0,0.001692,0.000000
18933,0,0.001691,0.000000
18934,0,0.001691,0.000000
18935,0,0.001691,0.000000
18936,0,0.001690,0.000000
18937,0,0.001690,0.000000
18938,0,0.001689,0.000000
18939,0,0.001689,0.000000
18940,0,0.001689,0.000000
18941,0,0.001688,0.000000
18942,0,0.001688,0.000000
18943,0,0.001688,0.000000
18944,0,0.001687,0.000000
18945,0,0.001687,0.000000
18946,0,0.001687,0.000000
18947,0,0.001686,0.000000
18948,0,0.001686,0.000000
18949,0,0.001686,0.000000
18950,0,0.001685,0.000000
18951,0,0.001685,0.000000
18952,0,0.001685,0.000000
18953,0,0.001684,0.000000
18954,0,0.001684,0.000000
18955,0,0.001683,0.000000
18956,0,0.001683,0.000000
18957,0,0.001683,0.000000
18958,0,0.001682,0.000000
18959,0,0.001682,0.000000
18960,0,0.001682,0.000000
18961,0,0.001681,0.000000
18962,0,0.001681,0.000000
18963,0,0.001681,0.000000
18964,0,0.001680,0.000000
18965,0,0.001680,0.000000
18966,0,0.001680,0.000000
18967,0,0.001679,0.000000
18968,0,0.001679,0.000000
18969,0,0.001679,0.000000
18970,0,0.001678,0.000000
18971,0,0.001678,0.000000
18972,0,0.001677,0.000000
18973,0,0.001677,0.000000
18974,0,0.001677,0.000000
18975,0,0.001676,0.000000
18976,0,0.001676,0.000000
18977,0,0.001676,0.000000
18978,0,0.001675,0.000000
18979,0,0.001675,0.000000
18980,0,0.001675,0.000000
18981,0,0.001674,0.000000
18982,0,0.001674,0.000000
18983,0,0.001674,0.000000
18984,0,0.001673,0.000000
18985,0,0.001673,0.000000
18986,0,0.001673,0.000000
18987,0,0.001672,0.000000
18988,0,0.001672,0.000000
18989,0,0.001671,0.000000
18990,0,0.001671,0.000000
18991,0,0.001671,0.000000
18992,0,0.001670,0.000000
18993,0,0.001670,0.000000
18994,0,0.001670,0.000000
18995,0,0.001669,0.000000
18996,0,0.001669,0.000000
18997,0,0.001669,0.000000
18998,0,0.001668,0.000000
18999,0,0.001668,0.000000
19000,0,0.001668,0.000000
19001,0,0.001667,0.000000
19002,0,0.001667,0.000000
19003,0,0.001667,0.000000
19004,0,0.001666,0.000000
19005,0,0.001666,0.000000
19006,0,0.001665,0.000000
19007,0,0.001665,0.000000
19008,0,0.001665,0.000000
19009,0,0.001664,0.000000
19010,0,0.001664,0.000000
19011,0,0.001664,0.000000
19012,0,0.001663,0.000000
19013,0,0.001663,0.000000
19014,0,0.001663,0.000000
19015,0,0.001662,0.000000
19016,0,0.001662,0.000000
19017,0,0.001662,0.000000
19018,0,0.001661,0.000000
19019,0,0.001661,0.000000
19020,0,0.001661,0.000000
19021,0,0.001660,0.000000
19022,0,0.001660,0.000000
19023,0,0.001660,0.000000
19024,0,0.001659,0.000000
19025,0,0.001659,0.000000
19026,0,0.001658,0.000000
19027,0,0.001658,0.000000
19028,0,0.001658,0.000000
19029,0,0.001657,0.000000
19030,0,0.001657,0.000000
19031,0,0.001657,0.000000
19032,0,0.001656,0.000000
19033,0,0.001656,0.000000
19034,0,0.001656,0.000000
19035,0,0.001655,0.000000
19036,0,0.001655,0.000000
19037,0,0.001655,0.000000
19038,0,0.001654,0.000000
19039,0,0.001654,0.000000
19040,0,0.001654,0.000000
19041,0,0.001653,0.000000
19042,0,0.001653,0.000000
19043,0,0.001653,0.000000
19044,0,0.001652,0.000000
19045,0,0.001652,0.000000
19046,0,0.001651,0.000000
19047,0,0.001651,0.000000
19048,0,0.001651,0.000000
19049,0,0.001650,0.000000
19050,0,0.001650,0.000000
19051,0,0.001650,0.000000
19052,0,0.001649,0.000000
19053,0,0.001649,0.000000
19054,0,0.001649,0.000000
19055,0,0.001648,0.000000
19056,0,0.001648,0.000000
19057,0,0.001648,0.000000
19058,0,0.001647,0.000000
19059,0,0.001647,0.000000
19060,0,0.001647,0.000000
19061,0,0.001646,0.000000
19062,0,0.001646,0.000000
19063,0,0.001646,0.000000
19064,0,0.001645,0.000000
19065,0,0.001645,0.000000
19066,0,0.001644,0.000000
19067,0,0.001644,0.000000
19068,0,0.001644,0.000000
19069,0,0.001643,0.000000
19070,0,0.001643,0.000000
19071,0,0.001643,0.000000
19072,0,0.001642,0.000000
19073,0,0.001642,0.000000
19074,0,0.001642,0.000000
19075,0,0.001641,0.000000
19076,0,0.001641,0.000000
19077,0,0.001641,0.000000
19078,0,0.001640,0.000000
19079,0,0.001640,0.000000
19080,0,0.001640,0.000000
19081,0,0.001639,0.000000
19082,0,0.001639,0.000000
19083,0,0.001639,0.000000
19084,0,0.001638,0.000000
19085,0,0.001638,0.000000
19086,0,0.001638,0.000000
19087,0,0.001637,0.000000
19088,0,0.001637,0.000000
19089,0,0.001637,0.000000
19090,0,0.001636,0.000000
19091,0,0.001636,0.000000
19092,0,0.001635,0.000000
19093,0,0.001635,0.000000
19094,0,0.001635,0.000000
19095,0,0.001634,0.000000
19096,0,0.001634,0.000000
19097,0,0.001634,0.000000
19098,0,0.001633,0.000000
19099,0,0.001633,0.000000
19100,0,0.001633,0.000000
19101,0,0.001632,0.000000
19102,0,0.001632,0.000000
19103,0,0.001632,0.000000
19104,0,0.001631,0.000000
19105,0,0.001631,0.000000
19106,0,0.001631,0.000000
19107,0,0.001630,0.000000
19108,0,0.001630,0.000000
19109,0,0.001630,0.000000
19110,0,0.001629,0.000000
19111,0,0.001629,0.000000
19112,0,0.001629,0.000000
19113,0,0.001628,0.000000
19114,0,0.001628,0.000000
19115,0,0.001628,0.000000
19116,0,0.001627,0.000000
19117,0,0.001627,0.000000
19118,0,0.001626,0.000000
19119,0,0.001626,0.000000
19120,0,0.001626,0.000000
19121,0,0.001625,0.000000
19122,0,0.001625,0.000000
19123,0,0.001625,0.000000
19124,0,0.001624,0.000000
19125,0,0.001624,0.000000
19126,0,0.001624,0.000000
19127,0,0.001623,0.000000
19128,0,0.001623,0.000000
19129,0,0.001623,0.000000
19130,0,0.001622,0.000000
19131,0,0.001622,0.000000
19132,0,0.001622,0.000000
19133,0,0.001621,0.000000
19134,0,0.001621,0.000000
19135,0,0.001621,0.000000
19136,0,0.001620,0.000000
19137,0,0.001620,0.000000
19138,0,0.001620,0.000000
19139,0,0.001619,0.000000
19140,0,0.001619,0.000000
19141,0,0.001619,0.000000
19142,0,0.001618,0.000000
19143,0,0.001618,0.000000
19144,0,0.001618,0.000000
19145,0,0.001617,0.000000
19146,0,0.001617,0.000000
19147,0,0.001616,0.000000
19148,0,0.001616,0.000000
19149,0,0.001616,0.000000
19150,0,0.001615,0.000000
19151,0,0.001615,0.000000
19152,0,0.001615,0.000000
19153,0,0.001614,0.000000
19154,0,0.001614,0.000000
19155,0,0.001614,0.000000
19156,0,0.001613,0.000000
19157,0,0.001613,0.000000
19158,0,0.001613,0.000000
19159,0,0.001612,0.000000
19160,0,0.001612,0.000000
19161,0,0.001612,0.000000
19162,0,0.001611,0.000000
19163,0,0.001611,0.000000
19164,0,0.001611,0.000000
19165,0,0.001610,0.000000
19166,0,0.001610,0.000000
19167,0,0.001610,0.000000
19168,0,0.001609,0.000000
19169,0,0.001609,0.000000
19170,0,0.001609,0.000000
19171,0,0.001608,0.000000
19172,0,0.001608,0.000000
19173,0,0.001608,0.000000
19174,0,0.001607,0.000000
19175,0,0.001607,0.000000
19176,0,0.001607,0.000000
19177,0,0.001606,0.000000
19178,0,0.001606,0.000000
19179,0,0.001606,0.000000
19180,0,0.001605,0.000000
19181,0,0.001605,0.000000
19182,0,0.001605,0.000000
19183,0,0.001604,0.000000
19184,0,0.001604,0.000000
19185,0,0.001603,0.000000
19186,0,0.001603,0.000000
19187,0,0.001603,0.000000
19188,0,0.001602,0.000000
19189,0,0.001602,0.000000
19190,0,0.001602,0.000000
19191,0,0.001601,0.000000
19192,0,0.001601,0.000000
19193,0,0.001601,0.000000
19194,0,0.001600,0.000000
19195,0,0.001600,0.000000
19196,0,0.001600,0.000000
19197,0,0.001599,0.000000
19198,0,0.001599,0.000000
19199,0,0.001599,0.000000
19200,0,0.001598,0.000000
19201,0,0.001598,0.000000
19202,0,0.001598,0.000000
19203,0,0.001597,0.000000
19204,0,0.001597,0.000000
19205,0,0.001597,0.000000
19206,0,0.001596,0.000000
19207,0,0.001596,0.000000
19208,0,0.001596,0.000000
19209,0,0.001595,0.000000
19210,0,0.001595,0.000000
19211,0,0.001595,0.000000
19212,0,0.001594,0.000000
19213,0,0.001594,0.000000
19214,0,0.001594,0.000000
19215,0,0.001593,0.000000
19216,0,0.001593,0.000000
19217,0,0.001593,0.000000
19218,0,0.001592,0.000000
19219,0,0.001592,0.000000
19220,0,0.001592,0.000000
19221,0,0.001591,0.000000
19222,0,0.001591,0.000000
19223,0,0.001591,0.000000
19224,0,0.001590,0.000000
19225,0,0.001590,0.000000
19226,0,0.001590,0.000000
19227,0,0.001589,0.000000
19228,0,0.001589,0.000000
19229,0,0.001589,0.000000
19230,0,0.001588,0.000000
19231,0,0.001588,0.000000
19232,0,0.001588,0.000000
19233,0,0.001587,0.000000
19234,0,0.001587,0.000000
19235,0,0.001587,0.000000
19236,0,0.001586,0.000000
19237,0,0.001586,0.000000
19238,0,0.001585,0.000000
19239,0,0.001585,0.000000
19240,0,0.001585,0.000000
19241,0,0.001584,0.000000
19242,0,0.001584,0.000000
19243,0,0.001584,0.000000
19244,0,0.001583,0.000000
19245,0,0.001583,0.000000
19246,0,0.001583,0.000000
19247,0,0.001582,0.000000
19248,0,0.001582,0.000000
19249,0,0.001582,0.000000
19250,0,0.001581,0.000000
19251,0,0.001581,0.000000
19252,0,0.001581,0.000000
19253,0,0.001580,0.000000
19254,0,0.001580,0.000000
19255,0,0.001580,0.000000
19256,0,0.001579,0.000000
19257,0,0.001579,0.000000
19258,0,0.001579,0.000000
19259,0,0.001578,0.000000
19260,0,0.001578,0.000000
19261,0,0.001578,0.000000
19262,0,0.001577,0.000000
19263,0,0.001577,0.000000
19264,0,0.001577,0.000000
19265,0,0.001576,0.000000
19266,0,0.001576,0.000000
19267,0,0.001576,0.000000
19268,0,0.001575,0.000000
19269,0,0.001575,0.000000
19270,0,0.001575,0.000000
19271,0,0.001574,0.000000
19272,0,0.001574,0.000000
19273,0,0.001574,0.000000
19274,0,0.001573,0.000000
19275,0,0.001573,0.000000
19276,0,0.001573,0.000000
19277,0,0.001572,0.000000
19278,0,0.001572,0.000000
19279,0,0.001572,0.000000
19280,0,0.001571,0.000000
19281,0,0.001571,0.000000
19282,0,0.001571,0.000000
19283,0,0.001570,0.000000
19284,0,0.001570,0.000000
19285,0,0.001570,0.000000
19286,0,0.001569,0.000000
19287,0,0.001569,0.000000
19288,0,0.001569,0.000000
19289,0,0.001568,0.000000
19290,0,0.001568,0.000000
19291,0,0.001568,0.000000
19292,0,0.001567,0.000000
19293,0,0.001567,0.000000
19294,0,0.001567,0.000000
19295,0,0.001566,0.000000
19296,0,0.001566,0.000000
19297,0,0.001566,0.000000
19298,0,0.001565,0.000000
19299,0,0.001565,0.000000
19300,0,0.001565,0.000000
19301,0,0.001564,0.000000
19302,0,0.001564,0.000000
19303,0,0.001564,0.000000
19304,0,0.001563,0.000000
19305,0,0.001563,0.000000
19306,0,0.001563,0.000000
19307,0,0.001562,0.000000
19308,0,0.001562,0.000000
19309,0,0.001562,0.000000
19310,0,0.001561,0.000000
19311,0,0.001561,0.000000
19312,0,0.001561,0.000000
19313,0,0.001560,0.000000
19314,0,0.001560,0.000000
19315,0,0.001560,0.000000
19316,0,0.001559,0.000000
19317,0,0.001559,0.000000
19318,0,0.001559,0.000000
19319,0,0.001558,0.000000
19320,0,0.001558,0.000000
19321,0,0.001558,0.000000
19322,0,0.001557,0.000000
19323,0,0.001557,0.000000
19324,0,0.001557,0.000000
19325,0,0.001556,0.000000
19326,0,0.001556,0.000000
19327,0,0.001556,0.000000
19328,0,0.001555,0.000000
19329,0,0.001555,0.000000
19330,0,0.001555,0.000000
19331,0,0.001554,0.000000
19332,0,0.001554,0.000000
19333,0,0.001554,0.000000
19334,0,0.001553,0.000000
19335,0,0.001553,0.000000
19336,0,0.001553,0.000000
19337,0,0.001552,0.000000
19338,0,0.001552,0.000000
19339,0,0.001552,0.000000
19340,0,0.001551,0.000000
19341,0,0.001551,0.000000
19342,0,0.001551,0.000000
19343,0,0.001550,0.000000
19344,0,0.001550,0.000000
19345,0,0.001550,0.000000
19346,0,0.001549,0.000000
19347,0,0.001549,0.000000
19348,0,0.001549,0.000000
19349,0,0.001548,0.000000
19350,0,0.001548,0.000000
19351,0,0.001548,0.000000
19352,0,0.001547,0.000000
19353,0,0.001547,0.000000
19354,0,0.001547,0.000000
19355,0,0.001546,0.000000
19356,0,0.001546,0.000000
19357,0,0.001546,0.000000
19358,0,0.001545,0.000000
19359,0,0.001545,0.000000
19360,0,0.001545,0.000000
19361,0,0.001544,0.000000
19362,0,0.001544,0.000000
19363,0,0.001544,0.000000
19364,0,0.001543,0.000000
19365,0,0.001543,0.000000
19366,0,0.001543,0.000000
19367,0,0.001542,0.000000
19368,0,0.001542,0.000000
19369,0,0.001542,0.000000
19370,0,0.001541,0.000000
19371,0,0.001541,0.000000
19372,0,0.001541,0.000000
19373,0,0.001540,0.000000
19374,0,0.001540,0.000000
19375,0,0.001540,0.000000
19376,0,0.001539,0.000000
19377,0,0.001539,0.000000
19378,0,0.001539,0.000000
19379,0,0.001538,0.000000
19380,0,0.001538,0.000000
19381,0,0.001538,0.000000
19382,0,0.001537,0.000000
19383,0,0.001537,0.000000
19384,0,0.001537,0.000000
19385,0,0.001536,0.000000
19386,0,0.001536,0.000000
19387,0,0.001536,0.000000
19388,0,0.001535,0.000000
19389,0,0.001535,0.000000
19390,0,0.001535,0.000000
19391,0,0.001534,0.000000
19392,0,0.001534,0.000000
19393,0,0.001534,0.000000
19394,0,0.001533,0.000000
19395,0,0.001533,0.000000
19396,0,0.001533,0.000000
19397,0,0.001532,0.000000
19398,0,0.001532,0.000000
19399,0,0.001532,0.000000
19400,0,0.001531,0.000000
19401,0,0.001531,0.000000
19402,0,0.001531,0.000000
19403,0,0.001530,0.000000
19404,0,0.001530,0.000000
19405,0,0.001530,0.000000
19406,0,0.001529,0.000000
19407,0,0.001529,0.000000
19408,0,0.001529,0.000000
19409,0,0.001528,0.000000
19410,0,0.001528,0.000000
19411,0,0.001528,0.000000
19412,0,0.001528,0.000000
19413,0,0.001527,0.000000
19414,0,0.001527,0.000000
19415,0,0.001527,0.000000
19416,0,0.001526,0.000000
19417,0,0.001526,0.000000
19418,0,0.001526,0.000000
19419,0,0.001525,0.000000
19420,0,0.001525,0.000000
19421,0,0.001525,0.000000
19422,0,0.001524,0.000000
19423,0,0.001524,0.000000
19424,0,0.001524,0.000000
19425,0,0.001523,0.000000
19426,0,0.001523,0.000000
19427,0,0.001523,0.000000
19428,0,0.001522,0.000000
19429,0,0.001522,0.000000
19430,0,0.001522,0.000000
19431,0,0.001521,0.000000
19432,0,0.001521,0.000000
19433,0,0.001521,0.000000
19434,0,0.001520,0.000000
19435,0,0.001520,0.000000
19436,0,0.001520,0.000000
19437,0,0.001519,0.000000
19438,0,0.001519,0.000000
19439,0,0.001519,0.000000
19440,0,0.001518,0.000000
19441,0,0.001518,0.000000
19442,0,0.001518,0.000000
19443,0,0.001517,0.000000
19444,0,0.001517,0.000000
19445,0,0.001517,0.000000
19446,0,0.001516,0.000000
19447,0,0.001516,0.000000
19448,0,0.001516,0.000000
19449,0,0.001515,0.000000
19450,0,0.001515,0.000000
19451,0,0.001515,0.000000
19452,0,0.001514,0.000000
19453,0,0.001514,0.000000
19454,0,0.001514,0.000000
19455,0,0.001513,0.000000
19456,0,0.001513,0.000000
19457,0,0.001513,0.000000
19458,0,0.001512,0.000000
19459,0,0.001512,0.000000
19460,0,0.001512,0.000000
19461,0,0.001511,0.000000
19462,0,0.001511,0.000000
19463,0,0.001511,0.000000
19464,0,0.001511,0.000000
19465,0,0.001510,0.000000
19466,0,0.001510,0.000000
19467,0,0.001510,0.000000
19468,0,0.001509,0.000000
19469,0,0.001509,0.000000
19470,0,0.001509,0.000000
19471,0,0.001508,0.000000
19472,0,0.001508,0.000000
19473,0,0.001508,0.000000
19474,0,0.001507,0.000000
19475,0,0.001507,0.000000
19476,0,0.001507,0.000000
19477,0,0.001506,0.000000
19478,0,0.001506,0.000000
19479,0,0.001506,0.000000
19480,0,0.001505,0.000000
19481,0,0.001505,0.000000
19482,0,0.001505,0.000000
19483,0,0.001504,0.000000
19484,0,0.001504,0.000000
19485,0,0.001504,0.000000
19486,0,0.001503,0.000000
19487,0,0.001503,0.000000
19488,0,0.001503,0.000000
19489,0,0.001502,0.000000
19490,0,0.001502,0.000000
19491,0,0.001502,0.000000
19492,0,0.001501,0.000000
19493,0,0.001501,0.000000
19494,0,0.001501,0.000000
19495,0,0.001500,0.000000
19496,0,0.001500,0.000000
19497,0,0.001500,0.000000
19498,0,0.001499,0.000000
19499,0,0.001499,0.000000
19500,0,0.001499,0.000000
19501,0,0.001499,0.000000
19502,0,0.001498,0.000000
19503,0,0.001498,0.000000
19504,0,0.001498,0.000000
19505,0,0.001497,0.000000
19506,0,0.001497,0.000000
19507,0,0.001497,0.000000
19508,0,0.001496,0.000000
19509,0,0.001496,0.000000
19510,0,0.001496,0.000000
19511,0,0.001495,0.000000
19512,0,0.001495,0.000000
19513,0,0.001495,0.000000
19514,0,0.001494,0.000000
19515,0,0.001494,0.000000
19516,0,0.001494,0.000000
19517,0,0.001493,0.000000
19518,0,0.001493,0.000000
19519,0,0.001493,0.000000
19520,0,0.001492,0.000000
19521,0,0.001492,0.000000
19522,0,0.001492,0.000000
19523,0,0.001491,0.000000
19524,0,0.001491,0.000000
19525,0,0.001491,0.000000
19526,0,0.001490,0.000000
19527,0,0.001490,0.000000
19528,0,0.001490,0.000000
19529,0,0.001489,0.000000
19530,0,0.001489,0.000000
19531,0,0.001489,0.000000
19532,0,0.001489,0.000000
19533,0,0.001488,0.000000
19534,0,0.001488,0.000000
19535,0,0.001488,0.000000
19536,0,0.001487,0.000000
19537,0,0.001487,0.000000
19538,0,0.001487,0.000000
19539,0,0.001486,0.000000
19540,0,0.001486,0.000000
19541,0,0.001486,0.000000
19542,0,0.001485,0.000000
19543,0,0.001485,0.000000
19544,0,0.001485,0.000000
19545,0,0.001484,0.000000
19546,0,0.001484,0.000000
19547,0,0.001484,0.000000
19548,0,0.001483,0.000000
19549,0,0.001483,0.000000
19550,0,0.001483,0.000000
19551,0,0.001482,0.000000
19552,0,0.001482,0.000000
19553,0,0.001482,0.000000
19554,0,0.001481,0.000000
19555,0,0.001481,0.000000
19556,0,0.001481,0.000000
19557,0,0.001481,0.000000
19558,0,0.001480,0.000000
19559,0,0.001480,0.000000
19560,0,0.001480,0.000000
19561,0,0.001479,0.000000
19562,0,0.001479,0.000000
19563,0,0.001479,0.000000
19564,0,0.001478,0.000000
19565,0,0.001478,0.000000
19566,0,0.001478,0.000000
19567,0,0.001477,0.000000
19568,0,0.001477,0.000000
19569,0,0.001477,0.000000
19570,0,0.001476,0.000000
19571,0,0.001476,0.000000
19572,0,0.001476,0.000000
19573,0,0.001475,0.000000
19574,0,0.001475,0.000000
19575,0,0.001475,0.000000
19576,0,0.001474,0.000000
19577,0,0.001474,0.000000
19578,0,0.001474,0.000000
19579,0,0.001473,0.000000
19580,0,0.001473,0.000000
19581,0,0.001473,0.000000
19582,0,0.001473,0.000000
19583,0,0.001472,0.000000
19584,0,0.001472,0.000000
19585,0,0.001472,0.000000
19586,0,0.001471,0.000000
19587,0,0.001471,0.000000
19588,0,0.001471,0.000000
19589,0,0.001470,0.000000
19590,0,0.001470,0.000000
19591,0,0.001470,0.000000
19592,0,0.001469,0.000000
19593,0,0.001469,0.000000
19594,0,0.001469,0.000000
19595,0,0.001468,0.000000
19596,0,0.001468,0.000000
19597,0,0.001468,0.000000
19598,0,0.001467,0.000000
19599,0,0.001467,0.000000
19600,0,0.001467,0.000000
19601,0,0.001466,0.000000
19602,0,0.001466,0.000000
19603,0,0.001466,0.000000
19604,0,0.001466,0.000000
19605,0,0.001465,0.000000
19606,0,0.001465,0.000000
19607,0,0.001465,0.000000
19608,0,0.001464,0.000000
19609,0,0.001464,0.000000
19610,0,0.001464,0.000000
19611,0,0.001463,0.000000
19612,0,0.001463,0.000000
19613,0,0.001463,0.000000
19614,0,0.001462,0.000000
19615,0,0.001462,0.000000
19616,0,0.001462,0.000000
19617,0,0.001461,0.000000
19618,0,0.001461,0.000000
19619,0,0.001461,0.000000
19620,0,0.001460,0.000000
19621,0,0.001460,0.000000
19622,0,0.001460,0.000000
19623,0,0.001460,0.000000
19624,0,0.001459,0.000000
19625,0,0.001459,0.000000
19626,0,0.001459,0.000000
19627,0,0.001458,0.000000
19628,0,0.001458,0.000000
19629,0,0.001458,0.000000
19630,0,0.001457,0.000000
19631,0,0.001457,0.000000
19632,0,0.001457,0.000000
19633,0,0.001456,0.000000
19634,0,0.001456,0.000000
19635,0,0.001456,0.000000
19636,0,0.001455,0.000000
19637,0,0.001455,0.000000
19638,0,0.001455,0.000000
19639,0,0.001454,0.000000
19640,0,0.001454,0.000000
19641,0,0.001454,0.000000
19642,0,0.001454,0.000000
19643,0,0.001453,0.000000
19644,0,0.001453,0.000000
19645,0,0.001453,0.000000
19646,0,0.001452,0.000000
19647,0,0.001452,0.000000
19648,0,0.001452,0.000000
19649,0,0.001451,0.000000
19650,0,0.001451,0.000000
19651,0,0.001451,0.000000
19652,0,0.001450,0.000000
19653,0,0.001450,0.000000
19654,0,0.001450,0.000000
19655,0,0.001449,0.000000
19656,0,0.001449,0.000000
19657,0,0.001449,0.000000
19658,0,0.001448,0.000000
19659,0,0.001448,0.000000
19660,0,0.001448,0.000000
19661,0,0.001448,0.000000
19662,0,0.001447,0.000000
19663,0,0.001447,0.000000
19664,0,0.001447,0.000000
19665,0,0.001446,0.000000
19666,0,0.001446,0.000000
19667,0,0.001446,0.000000
19668,0,0.001445,0.000000
19669,0,0.001445,0.000000
19670,0,0.001445,0.000000
19671,0,0.001444,0.000000
19672,0,0.001444,0.000000
19673,0,0.001444,0.000000
19674,0,0.001443,0.000000
19675,0,0.001443,0.000000
19676,0,0.001443,0.000000
19677,0,0.001443,0.000000
19678,0,0.001442,0.000000
19679,0,0.001442,0.000000
19680,0,0.001442,0.000000
19681,0,0.001441,0.000000
19682,0,0.001441,0.000000
19683,0,0.001441,0.000000
19684,0,0.001440,0.000000
19685,0,0.001440,0.000000
19686,0,0.001440,0.000000
19687,0,0.001439,0.000000
19688,0,0.001439,0.000000
19689,0,0.001439,0.000000
19690,0,0.001438,0.000000
19691,0,0.001438,0.000000
19692,0,0.001438,0.000000
19693,0,0.001438,0.000000
19694,0,0.001437,0.000000
19695,0,0.001437,0.000000
19696,0,0.001437,0.000000
19697,0,0.001436,0.000000
19698,0,0.001436,0.000000
19699,0,0.001436,0.000000
19700,0,0.001435,0.000000
19701,0,0.001435,0.000000
19702,0,0.001435,0.000000
19703,0,0.001434,0.000000
19704,0,0.001434,0.000000
19705,0,0.001434,0.000000
19706,0,0.001433,0.000000
19707,0,0.001433,0.000000
19708,0,0.001433,0.000000
19709,0,0.001433,0.000000
19710,0,0.001432,0.000000
19711,0,0.001432,0.000000
19712,0,0.001432,0.000000
19713,0,0.001431,0.000000
19714,0,0.001431,0.000000
19715,0,0.001431,0.000000
19716,0,0.001430,0.000000
19717,0,0.001430,0.000000
19718,0,0.001430,0.000000
19719,0,0.001429,0.000000
19720,0,0.001429,0.000000
19721,0,0.001429,0.000000
19722,0,0.001429,0.000000
19723,0,0.001428,0.000000
19724,0,0.001428,0.000000
19725,0,0.001428,0.000000
19726,0,0.001427,0.000000
19727,0,0.001427,0.000000
19728,0,0.001427,0.000000
19729,0,0.001426,0.000000
19730,0,0.001426,0.000000
19731,0,0.001426,0.000000
19732,0,0.001425,0.000000
19733,0,0.001425,0.000000
19734,0,0.001425,0.000000
19735,0,0.001424,0.000000
19736,0,0.001424,0.000000
19737,0,0.001424,0.000000
19738,0,0.001424,0.000000
19739,0,0.001423,0.000000
19740,0,0.001423,0.000000
19741,0,0.001423,0.000000
19742,0,0.001422,0.000000
19743,0,0.001422,0.000000
19744,0,0.001422,0.000000
19745,0,0.001421,0.000000
19746,0,0.001421,0.000000
19747,0,0.001421,0.000000
19748,0,0.001420,0.000000
19749,0,0.001420,0.000000
19750,0,0.001420,0.000000
19751,0,0.001420,0.000000
19752,0,0.001419,0.000000
19753,0,0.001419,0.000000
19754,0,0.001419,0.000000
19755,0,0.001418,0.000000
19756,0,0.001418,0.000000
19757,0,0.001418,0.000000
19758,0,0.001417,0.000000
19759,0,0.001417,0.000000
19760,0,0.001417,0.000000
19761,0,0.001416,0.000000
19762,0,0.001416,0.000000
19763,0,0.001416,0.000000
19764,0,0.001416,0.000000
19765,0,0.001415,0.000000
19766,0,0.001415,0.000000
19767,0,0.001415,0.000000
19768,0,0.001414,0.000000
19769,0,0.001414,0.000000
19770,0,0.001414,0.000000
19771,0,0.001413,0.000000
19772,0,0.001413,0.000000
19773,0,0.001413,0.000000
19774,0,0.001412,0.000000
19775,0,0.001412,0.000000
19776,0,0.001412,0.000000
19777,0,0.001412,0.000000
19778,0,0.001411,0.000000
19779,0,0.001411,0.000000
19780,0,0.001411,0.000000
19781,0,0.001410,0.000000
19782,0,0.001410,0.000000
19783,0,0.001410,0.000000
19784,0,0.001409,0.000000
19785,0,0.001409,0.000000
19786,0,0.001409,0.000000
19787,0,0.001408,0.000000
19788,0,0.001408,0.000000
19789,0,0.001408,0.000000
19790,0,0.001408,0.000000
19791,0,0.001407,0.000000
19792,0,0.001407,0.000000
19793,0,0.001407,0.000000
19794,0,0.001406,0.000000
19795,0,0.001406,0.000000
19796,0,0.001406,0.000000
19797,0,0.001405,0.000000
19798,0,0.001405,0.000000
19799,0,0.001405,0.000000
19800,0,0.001404,0.000000
19801,0,0.001404,0.000000
19802,0,0.001404,0.000000
19803,0,0.001404,0.000000
19804,0,0.001403,0.000000
19805,0,0.001403,0.000000
19806,0,0.001403,0.000000
19807,0,0.001402,0.000000
19808,0,0.001402,0.000000
19809,0,0.001402,0.000000
19810,0,0.001401,0.000000
19811,0,0.001401,0.000000
19812,0,0.001401,0.000000
19813,0,0.001400,0.000000
19814,0,0.001400,0.000000
19815,0,0.001400,0.000000
19816,0,0.001400,0.000000
19817,0,0.001399,0.000000
19818,0,0.001399,0.000000
19819,0,0.001399,0.000000
19820,0,0.001398,0.000000
19821,0,0.001398,0.000000
19822,0,0.001398,0.000000
19823,0,0.001397,0.000000
19824,0,0.001397,0.000000
19825,0,0.001397,0.000000
19826,0,0.001397,0.000000
19827,0,0.001396,0.000000
19828,0,0.001396,0.000000
19829,0,0.001396,0.000000
19830,0,0.001395,0.000000
19831,0,0.001395,0.000000
19832,0,0.001395,0.000000
19833,0,0.001394,0.000000
19834,0,0.001394,0.000000
19835,0,0.001394,0.000000
19836,0,0.001393,0.000000
19837,0,0.001393,0.000000
19838,0,0.001393,0.000000
19839,0,0.001393,0.000000
19840,0,0.001392,0.000000
19841,0,0.001392,0.000000
19842,0,0.001392,0.000000
19843,0,0.001391,0.000000
19844,0,0.001391,0.000000
19845,0,0.001391,0.000000
19846,0,0.001390,0.000000
19847,0,0.001390,0.000000
19848,0,0.001390,0.000000
19849,0,0.001390,0.000000
19850,0,0.001389,0.000000
19851,0,0.001389,0.000000
19852,0,0.001389,0.000000
19853,0,0.001388,0.000000
19854,0,0.001388,0.000000
19855,0,0.001388,0.000000
19856,0,0.001387,0.000000
19857,0,0.001387,0.000000
19858,0,0.001387,0.000000
19859,0,0.001387,0.000000
19860,0,0.001386,0.000000
19861,0,0.001386,0.000000
19862,0,0.001386,0.000000
19863,0,0.001385,0.000000
19864,0,0.001385,0.000000
19865,0,0.001385,0.000000
19866,0,0.001384,0.000000
19867,0,0.001384,0.000000
19868,0,0.001384,0.000000
19869,0,0.001383,0.000000
19870,0,0.001383,0.000000
19871,0,0.001383,0.000000
19872,0,0.001383,0.000000
19873,0,0.001382,0.000000
19874,0,0.001382,0.000000
19875,0,0.001382,0.000000
19876,0,0.001381,0.000000
19877,0,0.001381,0.000000
19878,0,0.001381,0.000000
19879,0,0.001380,0.000000
19880,0,0.001380,0.000000
19881,0,0.001380,0.000000
19882,0,0.001380,0.000000
19883,0,0.001379,0.000000
19884,0,0.001379,0.000000
19885,0,0.001379,0.000000
19886,0,0.001378,0.000000
19887,0,0.001378,0.000000
19888,0,0.001378,0.000000
19889,0,0.001377,0.000000
19890,0,0.001377,0.000000
19891,0,0.001377,0.000000
19892,0,0.001377,0.000000
19893,0,0.001376,0.000000
19894,0,0.001376,0.000000
19895,0,0.001376,0.000000
19896,0,0.001375,0.000000
19897,0,0.001375,0.000000
19898,0,0.001375,0.000000
19899,0,0.001374,0.000000
19900,0,0.001374,0.000000
19901,0,0.001374,0.000000
19902,0,0.001374,0.000000
19903,0,0.001373,0.000000
19904,0,0.001373,0.000000
19905,0,0.001373,0.000000
19906,0,0.001372,0.000000
19907,0,0.001372,0.000000
19908,0,0.001372,0.000000
19909,0,0.001371,0.000000
19910,0,0.001371,0.000000
19911,0,0.001371,0.000000
19912,0,0.001371,0.000000
19913,0,0.001370,0.000000
19914,0,0.001370,0.000000
19915,0,0.001370,0.000000
19916,0,0.001369,0.000000
19917,0,0.001369,0.000000
19918,0,0.001369,0.000000
19919,0,0.001368,0.000000
19920,0,0.001368,0.000000
19921,0,0.001368,0.000000
19922,0,0.001368,0.000000
19923,0,0.001367,0.000000
19924,0,0.001367,0.000000
19925,0,0.001367,0.000000
19926,0,0.001366,0.000000
19927,0,0.001366,0.000000
19928,0,0.001366,0.000000
19929,0,0.001365,0.000000
19930,0,0.001365,0.000000
19931,0,0.001365,0.000000
19932,0,0.001365,0.000000
19933,0,0.001364,0.000000
19934,0,0.001364,0.000000
19935,0,0.001364,0.000000
19936,0,0.001363,0.000000
19937,0,0.001363,0.000000
19938,0,0.001363,0.000000
19939,0,0.001362,0.000000
19940,0,0.001362,0.000000
19941,0,0.001362,0.000000
19942,0,0.001362,0.000000
19943,0,0.001361,0.000000
19944,0,0.001361,0.000000
19945,0,0.001361,0.000000
19946,0,0.001360,0.000000
19947,0,0.001360,0.000000
19948,0,0.001360,0.000000
19949,0,0.001359,0.000000
19950,0,0.001359,0.000000
19951,0,0.001359,0.000000
19952,0,0.001359,0.000000
19953,0,0.001358,0.000000
19954,0,0.001358,0.000000
19955,0,0.001358,0.000000
19956,0,0.001357,0.000000
19957,0,0.001357,0.000000
19958,0,0.001357,0.000000
19959,0,0.001357,0.000000
19960,0,0.001356,0.000000
19961,0,0.001356,0.000000
19962,0,0.001356,0.000000
19963,0,0.001355,0.000000
19964,0,0.001355,0.000000
19965,0,0.001355,0.000000
19966,0,0.001354,0.000000
19967,0,0.001354,0.000000
19968,0,0.001354,0.000000
19969,0,0.001354,0.000000
19970,0,0.001353,0.000000
19971,0,0.001353,0.000000
19972,0,0.001353,0.000000
19973,0,0.001352,0.000000
19974,0,0.001352,0.000000
19975,0,0.001352,0.000000
19976,0,0.001351,0.000000
19977,0,0.001351,0.000000
19978,0,0.001351,0.000000
19979,0,0.001351,0.000000
19980,0,0.001350,0.000000
19981,0,0.001350,0.000000
19982,0,0.001350,0.000000
19983,0,0.001349,0.000000
19984,0,0.001349,0.000000
19985,0,0.001349,0.000000
19986,0,0.001349,0.000000
19987,0,0.001348,0.000000
19988,0,0.001348,0.000000
19989,0,0.001348,0.000000
19990,0,0.001347,0.000000
19991,0,0.001347,0.000000
19992,0,0.001347,0.000000
19993,0,0.001346,0.000000
19994,0,0.001346,0.000000
19995,0,0.001346,0.000000
19996,0,0.001346,0.000000
19997,0,0.001345,0.000000
19998,0,0.001345,0.000000
19999,0,0.001345,0.000000
20000,0,0.001344,0.000000
