episode,is_optimal,expected,unexpected,ach,sigma_ne,argmax_fallback
0,0,0.693247,0.000000,0.010464,0.376027,0
1,0,1.484206,0.000047,0.010464,0.376027,0
2,0,0.350547,0.000167,0.010464,0.376678,0
3,1,1.638274,0.000133,0.010464,0.378383,0
4,1,0.417985,0.000107,0.010464,0.377904,1
5,0,2.091075,0.000085,0.010464,0.377523,0
6,1,0.077835,0.000068,0.010464,0.377221,1
7,1,1.656163,0.000055,0.010464,0.376980,1
8,1,0.291406,0.000044,0.010464,0.376788,0
9,1,1.852911,0.000039,0.010464,0.376635,1
10,0,0.132910,0.000031,0.010464,0.376566,1
11,1,2.041338,0.000025,0.010464,0.376458,0
12,0,0.081933,0.000020,0.010464,0.376371,0
13,0,1.760282,0.000016,0.010464,0.376302,1
14,1,0.243493,0.000013,0.010464,0.376247,0
15,1,1.889541,0.000010,0.010464,0.376203,1
16,1,0.126805,0.000090,0.010464,0.376168,1
17,0,1.442815,0.000072,0.010464,0.377292,0
18,0,0.638537,0.000058,0.010464,0.377036,1
19,1,1.809690,0.000046,0.010464,0.376833,0
20,1,0.163709,0.000079,0.010464,0.376671,0
21,1,1.578253,0.000231,0.010464,0.377130,0
22,0,0.224627,0.000185,0.010464,0.379321,0
23,1,2.405124,0.000251,0.010464,0.378646,1
24,1,0.024877,0.000446,0.010464,0.379613,1
25,1,0.555722,0.000756,0.010464,0.382573,0
26,1,1.198234,0.001165,0.010464,0.387583,0
27,1,0.397638,0.001655,0.010464,0.394780,1
28,0,1.180727,0.001591,0.010464,0.404338,1
29,1,1.477718,0.001724,0.010464,0.403018,0
30,1,0.201602,0.002013,0.010464,0.405758,0
31,0,1.153159,0.001778,0.010464,0.411988,0
32,0,1.573329,0.001423,0.010464,0.406907,1
33,0,0.690321,0.001138,0.010464,0.399673,1
34,1,2.093542,0.000911,0.010464,0.394281,0
35,0,0.053380,0.000728,0.010464,0.390214,1
36,1,1.748416,0.000583,0.010464,0.387115,1
37,0,0.141342,0.000466,0.010464,0.384732,1
38,1,2.283869,0.000373,0.010464,0.382887,0
39,1,0.033987,0.000332,0.010464,0.381449,0
40,1,0.669999,0.000486,0.010464,0.380823,0
41,1,1.039035,0.000799,0.010464,0.383203,0
42,1,0.535552,0.001237,0.010464,0.388306,1
43,1,1.042603,0.001769,0.010464,0.396113,0
44,1,0.446292,0.002371,0.010464,0.406715,0
45,1,0.989104,0.003018,0.010464,0.420192,1
46,0,0.421863,0.002856,0.010464,0.436497,0
47,1,3.267982,0.002942,0.010464,0.432248,0
48,0,0.010000,0.002439,0.010464,0.434488,0
49,1,0.196048,0.002281,0.010464,0.421820,0
50,1,1.072634,0.002386,0.010464,0.418090,1
51,1,0.380639,0.002686,0.010464,0.420565,0
52,0,0.960668,0.002276,0.010464,0.427896,1
53,1,2.323364,0.002204,0.010464,0.417973,0
54,1,0.014864,0.002383,0.010464,0.416297,1
55,0,0.201751,0.001907,0.010464,0.420491,0
56,1,3.318263,0.001786,0.010464,0.409649,0
57,1,0.010000,0.001942,0.010464,0.407072,1
58,0,0.012741,0.001554,0.010464,0.410420,0
59,1,1.443180,0.001421,0.010464,0.402269,1
60,1,0.162260,0.001577,0.010464,0.399635,1
61,1,0.901213,0.001943,0.010464,0.402740,1
62,1,0.455600,0.002456,0.010464,0.410440,1
63,0,0.806888,0.002092,0.010464,0.422236,0
64,1,2.888077,0.002077,0.010464,0.413748,1
65,0,0.010000,0.001662,0.010464,0.413416,1
66,1,0.534927,0.001394,0.010464,0.404474,0
67,1,0.858426,0.001463,0.010464,0.399106,1
68,0,0.502658,0.001170,0.010464,0.400462,1
69,1,3.283332,0.000961,0.010464,0.394872,1
70,0,0.010000,0.000769,0.010464,0.391095,1
71,1,0.193044,0.000615,0.010464,0.387789,1
72,0,1.019949,0.000492,0.010464,0.385252,0
73,1,2.051508,0.000394,0.010464,0.383291,1
74,1,0.035842,0.000315,0.010464,0.381764,0
75,1,0.444684,0.000529,0.010464,0.380570,0
76,0,0.925851,0.000423,0.010464,0.383880,1
77,1,2.386156,0.000343,0.010464,0.382224,1
78,1,0.012533,0.000562,0.010464,0.380990,1
79,1,0.175127,0.000997,0.010464,0.384398,1
80,1,0.872353,0.001583,0.010464,0.391736,1
81,1,0.451848,0.002266,0.010464,0.402857,1
82,0,0.769685,0.001981,0.010464,0.417741,0
83,0,3.066422,0.001585,0.010464,0.411283,0
84,1,0.027489,0.001268,0.010464,0.402905,0
85,1,0.346519,0.001210,0.010464,0.396698,0
86,1,0.943630,0.001440,0.010464,0.395614,0
87,1,0.405106,0.001875,0.010464,0.400020,1
88,1,0.814844,0.002449,0.010464,0.408970,1
89,1,0.450137,0.003111,0.010464,0.422068,0
90,1,0.704358,0.003823,0.010464,0.438983,1
91,1,0.481423,0.004553,0.010464,0.459175,1
92,1,0.615485,0.005281,0.010464,0.481782,1
93,1,0.494812,0.005988,0.010464,0.505665,1
94,1,0.549570,0.006663,0.010464,0.529592,0
95,1,0.490689,0.007298,0.010464,0.552453,1
96,1,0.503134,0.007886,0.010464,0.573424,1
97,0,0.474557,0.006960,0.010464,0.592025,1
98,0,4.515264,0.005568,0.010464,0.562356,0
99,1,0.010000,0.004454,0.010464,0.515340,0
100,0,0.010000,0.003564,0.010464,0.478628,1
101,1,1.739875,0.002851,0.010464,0.451594,1
102,1,0.047905,0.002281,0.010464,0.432107,0
103,1,0.345401,0.002054,0.010464,0.418075,1
104,0,0.685751,0.001643,0.010464,0.412889,1
105,1,3.628261,0.001314,0.010464,0.404086,1
106,0,0.010000,0.001051,0.010464,0.397578,0
107,1,0.088979,0.000841,0.010464,0.392706,0
108,1,0.582057,0.000673,0.010464,0.389017,1
109,1,0.622247,0.000664,0.010464,0.386197,1
110,1,0.557062,0.000968,0.010464,0.386056,1
111,0,0.575707,0.000774,0.010464,0.391211,1
112,0,3.797468,0.000619,0.010464,0.387878,1
113,1,0.010000,0.000495,0.010464,0.385321,1
114,1,0.057180,0.000396,0.010464,0.383344,0
115,1,0.451678,0.000353,0.010464,0.381806,1
116,1,0.721954,0.000638,0.010464,0.381148,1
117,1,0.480996,0.001148,0.010464,0.385620,1
118,0,0.631145,0.000919,0.010464,0.394466,1
119,1,3.690515,0.000781,0.010464,0.390354,0
120,1,0.010000,0.000989,0.010464,0.387995,1
121,0,0.010000,0.000791,0.010464,0.391595,0
122,0,0.626574,0.000633,0.010464,0.388170,0
123,1,3.323056,0.000506,0.010464,0.385546,1
124,1,0.010000,0.000405,0.010464,0.383519,0
125,1,0.010000,0.000363,0.010464,0.381942,0
126,0,0.088610,0.000290,0.010464,0.381295,0
127,1,3.317764,0.000232,0.010464,0.380202,1
128,1,0.010000,0.000228,0.010464,0.379342,1
129,1,0.010000,0.000539,0.010464,0.379277,1
130,1,0.077958,0.001068,0.010464,0.384032,1
131,0,0.482889,0.000854,0.010464,0.393006,0
132,1,3.818866,0.000770,0.010464,0.389246,1
133,1,0.010000,0.001012,0.010464,0.387806,1
134,0,0.010000,0.000810,0.010464,0.392007,0
135,1,0.478774,0.000648,0.010464,0.388485,0
136,1,0.747393,0.000769,0.010464,0.385788,1
137,1,0.491631,0.001159,0.010464,0.387800,0
138,1,0.660574,0.001730,0.010464,0.394658,1
139,1,0.502780,0.002416,0.010464,0.405882,1
140,1,0.588064,0.003167,0.010464,0.421272,0
141,1,0.502730,0.003945,0.010464,0.440495,1
142,1,0.533225,0.004722,0.010464,0.462848,1
143,1,0.490637,0.005478,0.010464,0.487231,1
144,0,0.493242,0.004757,0.010464,0.512296,0
145,1,4.434298,0.004461,0.010464,0.488357,0
146,1,0.010000,0.004470,0.010464,0.478831,0
147,0,0.010000,0.003576,0.010464,0.479120,0
148,1,0.082514,0.002957,0.010464,0.451951,0
149,1,0.437093,0.002777,0.010464,0.434874,0
150,1,0.584564,0.002909,0.010464,0.430202,0
151,1,0.470036,0.003257,0.010464,0.433620,1
152,1,0.516381,0.003746,0.010464,0.442954,0
153,0,0.468811,0.002997,0.010464,0.456903,0
154,0,4.514679,0.002397,0.010464,0.435924,0
155,1,0.010000,0.001918,0.010464,0.420830,1
156,1,0.010000,0.001534,0.010464,0.409896,1
157,1,0.073614,0.001351,0.010464,0.401883,1
158,1,0.395208,0.001519,0.010464,0.398290,1
159,0,0.587303,0.001215,0.010464,0.401571,1
160,1,4.090777,0.000972,0.010464,0.395702,1
161,0,0.010000,0.000778,0.010464,0.391290,1
162,0,0.025652,0.000622,0.010464,0.387938,0
163,0,2.434555,0.000498,0.010464,0.385367,0
164,0,0.185100,0.000398,0.010464,0.383380,0
165,0,3.232369,0.000319,0.010464,0.381834,0
166,1,0.011501,0.000255,0.010464,0.380625,0
167,1,0.215334,0.000204,0.010464,0.379675,1
168,1,1.098266,0.000163,0.010464,0.378926,0
169,1,0.364339,0.000130,0.010464,0.378334,1
170,0,0.975291,0.000104,0.010464,0.377864,0
171,1,2.278617,0.000083,0.010464,0.377492,1
172,1,0.017054,0.000067,0.010464,0.377196,1
173,1,0.228875,0.000084,0.010464,0.376960,1
174,1,0.920765,0.000404,0.010464,0.377203,1
175,1,0.413011,0.000937,0.010464,0.381929,1
176,1,0.794496,0.001610,0.010464,0.390668,1
177,0,0.456400,0.001288,0.010464,0.403411,0
178,1,3.719008,0.001342,0.010464,0.397075,1
179,0,0.010000,0.001073,0.010464,0.398099,0
180,1,0.062954,0.000859,0.010464,0.393098,0
181,1,0.542830,0.000945,0.010464,0.389316,0
182,1,0.731315,0.001299,0.010464,0.390815,0
183,1,0.529839,0.001836,0.010464,0.397277,0
184,1,0.661493,0.002494,0.010464,0.408138,1
185,1,0.524735,0.003222,0.010464,0.423157,1
186,1,0.597334,0.003983,0.010464,0.441997,1
187,1,0.516764,0.004749,0.010464,0.463992,1
188,1,0.544996,0.005499,0.010464,0.488094,1
189,0,0.501696,0.004861,0.010464,0.513001,0
190,1,4.239244,0.004619,0.010464,0.491739,0
191,1,0.010000,0.004664,0.010464,0.483904,1
192,0,0.010000,0.003731,0.010464,0.485338,1
193,1,0.147202,0.003197,0.010464,0.456469,0
194,0,0.617573,0.002558,0.010464,0.441320,0
195,1,3.721688,0.002046,0.010464,0.424718,0
196,1,0.010000,0.001706,0.010464,0.412724,1
197,1,0.010000,0.001750,0.010464,0.405382,0
198,0,0.014647,0.001400,0.010464,0.406309,1
199,1,2.194207,0.001120,0.010464,0.399230,1
200,1,0.013277,0.001074,0.010464,0.393948,1
201,1,0.118894,0.001342,0.010464,0.393116,1
202,1,0.550204,0.001825,0.010464,0.398111,0
203,0,0.537103,0.001460,0.010464,0.407902,0
204,1,4.024583,0.001233,0.010464,0.400409,1
205,1,0.010000,0.001370,0.010464,0.396045,1
206,1,0.010000,0.001761,0.010464,0.398653,0
207,1,0.010000,0.002320,0.010464,0.406535,0
208,0,0.035591,0.001856,0.010464,0.418998,0
209,1,3.192702,0.001628,0.010464,0.408560,0
210,1,0.010000,0.001755,0.010464,0.403773,0
211,1,0.010000,0.002130,0.010464,0.406414,1
212,0,0.042436,0.001704,0.010464,0.414597,0
213,0,3.333874,0.001363,0.010464,0.405340,0
214,1,0.022996,0.001090,0.010464,0.398511,1
215,1,0.214779,0.000872,0.010464,0.393408,1
216,1,0.725972,0.000755,0.010464,0.389551,1
217,1,0.452592,0.000982,0.010464,0.387554,1
218,1,0.618411,0.001446,0.010464,0.391464,0
219,1,0.481065,0.002067,0.010464,0.400138,1
220,1,0.545537,0.002780,0.010464,0.413177,1
221,1,0.482548,0.003540,0.010464,0.430283,1
222,1,0.497196,0.004311,0.010464,0.450905,0
223,1,0.468263,0.005069,0.010464,0.474103,1
224,1,0.463638,0.005796,0.010464,0.498609,1
225,1,0.447421,0.006479,0.010464,0.523058,1
226,1,0.437466,0.007111,0.010464,0.546248,1
227,1,0.425383,0.007687,0.010464,0.567325,1
228,1,0.414822,0.008205,0.010464,0.585829,0
229,1,0.404251,0.008665,0.010464,0.601641,1
230,0,0.394229,0.007300,0.010464,0.614873,1
231,1,5.297740,0.006477,0.010464,0.573498,0
232,1,0.010000,0.006050,0.010464,0.546167,0
233,1,0.010000,0.005908,0.010464,0.531683,0
234,1,0.010000,0.005965,0.010464,0.526856,1
235,1,0.010000,0.006156,0.010464,0.528807,1
236,1,0.010000,0.006433,0.010464,0.535317,1
237,1,0.010000,0.006757,0.010464,0.544683,0
238,0,0.010000,0.005405,0.010464,0.555587,0
239,0,3.184153,0.004324,0.010464,0.509851,0
240,1,0.102959,0.003459,0.010464,0.474518,0
241,1,0.374690,0.002768,0.010464,0.448619,1
242,1,0.477290,0.002214,0.010464,0.429968,0
243,1,0.419138,0.001948,0.010464,0.416529,0
244,1,0.427940,0.002026,0.010464,0.410546,0
245,1,0.409529,0.002340,0.010464,0.412275,1
246,1,0.401991,0.002808,0.010464,0.419478,0
247,1,0.391106,0.003367,0.010464,0.431002,1
248,1,0.381815,0.003971,0.010464,0.446008,1
249,1,0.372503,0.004587,0.010464,0.463623,0
250,1,0.363628,0.005190,0.010464,0.482855,0
251,1,0.355045,0.005765,0.010464,0.502648,1
252,1,0.346771,0.006300,0.010464,0.522025,1
253,0,0.338784,0.005040,0.010464,0.540204,1
254,1,5.848083,0.004129,0.010464,0.497657,1
255,1,0.010000,0.003683,0.010464,0.468441,0
256,0,0.010000,0.002947,0.010464,0.455070,0
257,1,0.010000,0.002357,0.010464,0.434605,1
258,1,0.010000,0.001886,0.010464,0.419879,0
259,1,0.029602,0.001509,0.010464,0.409203,1
260,1,0.119342,0.001504,0.010464,0.401371,1
261,1,0.307499,0.001763,0.010464,0.401280,1
262,1,0.381388,0.002195,0.010464,0.406583,0
263,1,0.357601,0.002733,0.010464,0.416099,1
264,0,0.352655,0.002187,0.010464,0.429096,0
265,1,5.712782,0.001749,0.010464,0.415898,1
266,0,0.010000,0.001399,0.010464,0.406294,0
267,1,0.010000,0.001120,0.010464,0.399218,1
268,1,0.010000,0.000896,0.010464,0.393939,0
269,1,0.010712,0.000717,0.010464,0.389955,0
270,1,0.051510,0.000577,0.010464,0.386917,1
271,1,0.192790,0.000778,0.010464,0.384647,0
272,0,0.383529,0.000622,0.010464,0.387945,0
273,1,5.365769,0.000498,0.010464,0.385373,1
274,0,0.010000,0.000398,0.010464,0.383384,0
275,1,0.010000,0.000319,0.010464,0.381837,1
276,1,0.010000,0.000255,0.010464,0.380627,1
277,1,0.032835,0.000204,0.010464,0.379677,1
278,1,0.157675,0.000163,0.010464,0.378927,0
279,1,0.410251,0.000406,0.010464,0.378335,0
280,1,0.421741,0.000888,0.010464,0.381961,0
281,1,0.403074,0.001519,0.010464,0.389816,1
282,1,0.395828,0.002235,0.010464,0.401575,1
283,1,0.385201,0.002987,0.010464,0.417008,1
284,0,0.376104,0.002389,0.010464,0.435659,0
285,1,5.474415,0.001911,0.010464,0.420640,0
286,1,0.010000,0.001757,0.010464,0.409757,0
287,1,0.010000,0.001919,0.010464,0.406455,1
288,1,0.010000,0.002293,0.010464,0.409915,0
289,1,0.010000,0.002803,0.010464,0.418375,0
290,1,0.010000,0.003389,0.010464,0.430879,1
291,1,0.010000,0.004010,0.010464,0.446644,0
292,0,0.010000,0.003208,0.010464,0.464796,0
293,1,2.416638,0.002566,0.010464,0.441603,1
294,1,0.010000,0.002266,0.010464,0.424922,1
295,1,0.014893,0.002305,0.010464,0.417741,1
296,1,0.062121,0.002575,0.010464,0.418642,0
297,1,0.198241,0.002995,0.010464,0.425133,0
298,1,0.350820,0.003504,0.010464,0.435872,1
299,1,0.352593,0.004059,0.010464,0.449899,1
300,1,0.342505,0.004625,0.010464,0.466294,0
301,0,0.335004,0.003700,0.010464,0.484087,0
302,1,5.887351,0.002960,0.010464,0.455558,0
303,1,0.010000,0.002538,0.010464,0.434957,0
304,0,0.010000,0.002030,0.010464,0.424220,0
305,1,0.010000,0.001624,0.010464,0.412362,1
306,1,0.010000,0.001299,0.010464,0.403699,1
307,0,0.025821,0.001039,0.010464,0.397290,0
308,1,3.866386,0.000832,0.010464,0.392489,0
309,1,0.010000,0.000665,0.010464,0.388852,0
310,1,0.010000,0.000532,0.010464,0.386070,1
311,1,0.010000,0.000426,0.010464,0.383925,1
312,1,0.010000,0.000621,0.010464,0.382259,0
313,1,0.033348,0.001053,0.010464,0.385350,1
314,1,0.128238,0.001635,0.010464,0.392734,0
315,1,0.310711,0.002303,0.010464,0.403927,1
316,0,0.372429,0.001842,0.010464,0.418587,0
317,1,5.600840,0.001474,0.010464,0.408260,0
318,0,0.010000,0.001179,0.010464,0.400674,0
319,1,0.010000,0.000943,0.010464,0.395031,0
320,1,0.010000,0.000755,0.010464,0.390783,1
321,1,0.015333,0.000604,0.010464,0.387550,0
322,1,0.074578,0.000565,0.010464,0.385068,0
323,1,0.258084,0.000842,0.010464,0.384449,1
324,1,0.416065,0.001327,0.010464,0.389025,1
325,1,0.379728,0.001942,0.010464,0.397826,0
326,1,0.378493,0.002628,0.010464,0.410431,0
327,1,0.367279,0.003339,0.010464,0.426441,1
328,1,0.359089,0.004046,0.010464,0.445236,1
329,1,0.350557,0.004726,0.010464,0.465908,0
330,1,0.342462,0.005365,0.010464,0.487364,0
331,1,0.334620,0.005954,0.010464,0.508508,1
332,1,0.327051,0.006486,0.010464,0.528428,0
333,1,0.319739,0.006960,0.010464,0.546492,0
334,1,0.312671,0.007376,0.010464,0.562366,1
335,1,0.305837,0.007735,0.010464,0.575959,1
336,0,0.299227,0.006188,0.010464,0.587349,0
337,1,6.262956,0.004979,0.010464,0.536400,0
338,1,0.010000,0.004287,0.010464,0.495626,1
339,1,0.010000,0.003971,0.010464,0.473357,0
340,1,0.010000,0.003919,0.010464,0.463612,1
341,1,0.010000,0.004050,0.010464,0.462066,1
342,1,0.010000,0.004300,0.010464,0.466028,0
343,1,0.010000,0.004621,0.010464,0.473749,0
344,0,0.010000,0.003697,0.010464,0.483958,0
345,1,0.232092,0.002958,0.010464,0.455465,1
346,1,0.336483,0.002366,0.010464,0.434889,1
347,1,0.330052,0.002053,0.010464,0.420084,1
348,1,0.322471,0.002056,0.010464,0.412881,1
349,1,0.315331,0.002273,0.010464,0.412935,1
350,0,0.308408,0.001819,0.010464,0.417906,0
351,1,6.164871,0.001455,0.010464,0.407763,0
352,1,0.010000,0.001164,0.010464,0.400306,0
353,1,0.010000,0.000931,0.010464,0.394755,1
354,1,0.010000,0.000946,0.010464,0.390574,1
355,1,0.010000,0.001211,0.010464,0.390833,1
356,1,0.010000,0.001638,0.010464,0.395620,0
357,1,0.010000,0.002163,0.010464,0.403986,1
358,1,0.010000,0.002738,0.010464,0.415364,1
359,1,0.010000,0.003328,0.010464,0.429221,0
360,1,0.010000,0.003907,0.010464,0.444919,1
361,1,0.010000,0.004460,0.010464,0.461710,1
362,1,0.010000,0.004974,0.010464,0.478802,0
363,1,0.024665,0.005443,0.010464,0.495467,0
364,0,0.063764,0.004354,0.010464,0.511116,0
365,1,5.882132,0.003483,0.010464,0.475463,0
366,0,0.010000,0.002787,0.010464,0.449302,0
367,1,0.010000,0.002229,0.010464,0.430460,1
368,1,0.010000,0.001784,0.010464,0.416884,0
369,1,0.010000,0.001427,0.010464,0.407016,0
370,1,0.019700,0.001141,0.010464,0.399753,0
371,1,0.065503,0.000932,0.010464,0.394341,0
372,1,0.171139,0.001041,0.010464,0.390588,0
373,1,0.283664,0.001364,0.010464,0.392511,0
374,1,0.305620,0.001823,0.010464,0.398524,1
375,1,0.298181,0.002360,0.010464,0.407849,0
376,1,0.291860,0.002932,0.010464,0.419941,0
377,1,0.285698,0.003510,0.010464,0.434232,1
378,1,0.279732,0.004070,0.010464,0.450048,1
379,1,0.273953,0.004598,0.010464,0.466630,0
380,1,0.268353,0.005086,0.010464,0.483223,0
381,1,0.262925,0.005527,0.010464,0.499165,0
382,1,0.257661,0.005919,0.010464,0.513950,1
383,1,0.252556,0.006262,0.010464,0.527248,1
384,1,0.247602,0.006556,0.010464,0.538896,0
385,1,0.242793,0.006804,0.010464,0.548856,1
386,0,0.238125,0.005444,0.010464,0.557181,0
387,1,6.946757,0.004355,0.010464,0.511136,1
388,1,0.010000,0.003484,0.010464,0.475478,1
389,1,0.010000,0.002871,0.010464,0.449313,1
390,1,0.010000,0.002608,0.010464,0.432622,0
391,1,0.010000,0.002593,0.010464,0.425967,0
392,0,0.010000,0.002075,0.010464,0.425589,0
393,1,0.010000,0.001660,0.010464,0.413356,0
394,0,0.010000,0.001328,0.010464,0.404430,0
395,1,3.223184,0.001062,0.010464,0.397834,1
396,1,0.010000,0.000850,0.010464,0.392898,1
397,1,0.010000,0.000680,0.010464,0.389164,0
398,1,0.010000,0.000544,0.010464,0.386310,1
399,0,0.011461,0.000435,0.010464,0.384110,0
400,1,3.834100,0.000348,0.010464,0.382403,0
401,1,0.010000,0.000278,0.010464,0.381071,1
402,1,0.010000,0.000223,0.010464,0.380025,0
403,1,0.010000,0.000178,0.010464,0.379203,1
404,1,0.010000,0.000143,0.010464,0.378553,0
405,1,0.010000,0.000379,0.010464,0.378038,0
406,1,0.030890,0.000821,0.010464,0.381546,0
407,1,0.091791,0.001390,0.010464,0.388681,0
408,1,0.202904,0.002026,0.010464,0.399035,0
409,1,0.284241,0.002688,0.010464,0.412280,0
410,1,0.291327,0.003344,0.010464,0.427949,1
411,1,0.285063,0.003974,0.010464,0.445367,1
412,1,0.279119,0.004563,0.010464,0.463702,1
413,1,0.273359,0.005103,0.010464,0.482081,1
414,1,0.267778,0.005589,0.010464,0.499725,0
415,1,0.262367,0.006019,0.010464,0.516038,1
416,1,0.257120,0.006394,0.010464,0.530644,0
417,0,0.252030,0.005115,0.010464,0.543364,0
418,1,6.786065,0.004092,0.010464,0.500132,0
419,1,0.010000,0.003274,0.010464,0.467309,0
420,1,0.010000,0.002803,0.010464,0.443414,0
421,1,0.010000,0.002655,0.010464,0.430883,0
422,1,0.010000,0.002730,0.010464,0.427126,1
423,0,0.010000,0.002184,0.010464,0.429018,0
424,1,0.010000,0.001747,0.010464,0.415842,0
425,1,0.010000,0.001398,0.010464,0.406252,0
426,1,0.030180,0.001118,0.010464,0.399187,0
427,1,0.085319,0.000924,0.010464,0.393916,1
428,1,0.184539,0.001028,0.010464,0.390457,0
429,1,0.264345,0.001331,0.010464,0.392286,0
430,1,0.278006,0.001761,0.010464,0.397904,1
431,1,0.273065,0.002263,0.010464,0.406545,1
432,1,0.267514,0.002797,0.010464,0.417663,0
433,1,0.262112,0.003334,0.010464,0.430716,1
434,1,0.256873,0.003854,0.010464,0.445091,1
435,1,0.251791,0.004345,0.010464,0.460122,1
436,1,0.246859,0.004796,0.010464,0.475156,1
437,1,0.242073,0.005203,0.010464,0.489621,0
438,1,0.237425,0.005565,0.010464,0.503075,1
439,1,0.232912,0.005880,0.010464,0.515223,0
440,1,0.228527,0.006149,0.010464,0.525905,0
441,1,0.224266,0.006376,0.010464,0.535073,1
442,1,0.220125,0.006562,0.010464,0.542757,1
443,1,0.216098,0.006710,0.010464,0.549037,0
444,1,0.212181,0.006824,0.010464,0.554022,0
445,1,0.208372,0.006907,0.010464,0.557830,1
446,1,0.204665,0.006961,0.010464,0.560585,0
447,1,0.201057,0.006991,0.010464,0.562402,0
448,1,0.197544,0.006999,0.010464,0.563390,1
449,1,0.194124,0.006988,0.010464,0.563649,0
450,1,0.190792,0.006959,0.010464,0.563269,1
451,1,0.187547,0.006916,0.010464,0.562332,1
452,1,0.184384,0.006861,0.010464,0.560910,1
453,1,0.181302,0.006795,0.010464,0.559070,1
454,1,0.178297,0.006720,0.010464,0.556872,0
455,1,0.175367,0.006638,0.010464,0.554369,0
456,1,0.172509,0.006550,0.010464,0.551611,1
457,1,0.169722,0.006457,0.010464,0.548640,0
458,1,0.167002,0.006360,0.010464,0.545497,1
459,1,0.164347,0.006260,0.010464,0.542216,0
460,1,0.161756,0.006158,0.010464,0.538831,0
461,1,0.159226,0.006055,0.010464,0.535370,0
462,1,0.156756,0.005951,0.010464,0.531858,0
463,1,0.154344,0.005846,0.010464,0.528317,0
464,1,0.151987,0.005742,0.010464,0.524768,1
465,1,0.149685,0.005638,0.010464,0.521227,0
466,1,0.147435,0.005535,0.010464,0.517710,1
467,1,0.145236,0.005433,0.010464,0.514229,1
468,1,0.143086,0.005333,0.010464,0.510795,1
469,1,0.140984,0.005234,0.010464,0.507417,0
470,1,0.138929,0.005137,0.010464,0.504102,1
471,1,0.136919,0.005041,0.010464,0.500857,1
472,1,0.134952,0.004948,0.010464,0.497686,0
473,1,0.133028,0.004856,0.010464,0.494593,1
474,1,0.131146,0.004766,0.010464,0.491580,0
475,1,0.129303,0.004678,0.010464,0.488649,1
476,1,0.127500,0.004592,0.010464,0.485802,1
477,1,0.125734,0.004509,0.010464,0.483037,1
478,1,0.124005,0.004427,0.010464,0.480356,0
479,1,0.122312,0.004347,0.010464,0.477757,1
480,1,0.120654,0.004269,0.010464,0.475240,1
481,1,0.119030,0.004194,0.010464,0.472803,0
482,1,0.117438,0.004120,0.010464,0.470445,1
483,1,0.115879,0.004048,0.010464,0.468163,1
484,1,0.114351,0.003977,0.010464,0.465956,1
485,0,0.112853,0.003182,0.010464,0.463822,0
486,1,8.568930,0.002546,0.010464,0.440901,1
487,1,0.010000,0.002036,0.010464,0.424417,1
488,1,0.010000,0.001629,0.010464,0.412505,1
489,1,0.010000,0.001303,0.010464,0.403804,1
490,1,0.010000,0.001043,0.010464,0.397368,1
491,1,0.010000,0.000834,0.010464,0.392548,0
492,1,0.010000,0.000667,0.010464,0.388897,0
493,0,0.010000,0.000534,0.010464,0.386105,0
494,1,0.010000,0.000427,0.010464,0.383952,0
495,1,0.010000,0.000342,0.010464,0.382280,0
496,1,0.010000,0.000273,0.010464,0.380974,0
497,0,0.010000,0.000219,0.010464,0.379949,0
498,1,1.430206,0.000175,0.010464,0.379143,1
499,1,0.024101,0.000140,0.010464,0.378505,1
500,0,0.049503,0.000112,0.010464,0.378000,0
501,1,6.410176,0.000090,0.010464,0.377600,1
502,1,0.010000,0.000072,0.010464,0.377282,1
503,1,0.010000,0.000057,0.010464,0.377028,1
504,1,0.010000,0.000046,0.010464,0.376826,0
505,1,0.010000,0.000037,0.010464,0.376666,1
506,1,0.010000,0.000029,0.010464,0.376537,0
507,1,0.010000,0.000023,0.010464,0.376435,0
508,1,0.010000,0.000019,0.010464,0.376353,0
509,1,0.010000,0.000224,0.010464,0.376287,0
510,1,0.010000,0.000602,0.010464,0.379219,1
511,1,0.010000,0.001083,0.010464,0.385037,0
512,0,0.010000,0.000867,0.010464,0.393279,0
513,1,0.887686,0.000693,0.010464,0.389453,1
514,1,0.104937,0.000555,0.010464,0.386532,0
515,1,0.175656,0.000444,0.010464,0.384282,0
516,1,0.220332,0.000355,0.010464,0.382537,1
517,1,0.230951,0.000383,0.010464,0.381175,1
518,0,0.229339,0.000306,0.010464,0.381597,0
519,1,7.042754,0.000245,0.010464,0.380439,1
520,1,0.010000,0.000196,0.010464,0.379529,1
521,1,0.010000,0.000157,0.010464,0.378810,1
522,1,0.010000,0.000125,0.010464,0.378242,0
523,0,0.010000,0.000100,0.010464,0.377792,0
524,1,0.010000,0.000080,0.010464,0.377434,1
525,1,0.010000,0.000064,0.010464,0.377150,1
526,1,0.010000,0.000051,0.010464,0.376923,0
527,1,0.011572,0.000041,0.010464,0.376743,1
528,1,0.033027,0.000033,0.010464,0.376599,1
529,1,0.083596,0.000256,0.010464,0.376484,0
530,1,0.166389,0.000673,0.010464,0.379695,0
531,1,0.234423,0.001208,0.010464,0.386203,0
532,1,0.252735,0.001805,0.010464,0.395577,1
533,1,0.250722,0.002423,0.010464,0.407473,1
534,1,0.246115,0.003034,0.010464,0.421451,0
535,1,0.241382,0.003617,0.010464,0.436913,1
536,1,0.236759,0.004161,0.010464,0.453148,0
537,1,0.232265,0.004656,0.010464,0.469420,0
538,1,0.227899,0.005098,0.010464,0.485070,0
539,1,0.223655,0.005488,0.010464,0.499585,0
540,1,0.219531,0.005824,0.010464,0.512627,1
541,1,0.215520,0.006109,0.010464,0.524019,0
542,0,0.211620,0.004887,0.010464,0.533715,0
543,1,7.262342,0.003910,0.010464,0.492617,1
544,1,0.010000,0.003128,0.010464,0.461785,1
545,1,0.010000,0.002502,0.010464,0.439435,1
546,1,0.010000,0.002156,0.010464,0.423361,1
547,1,0.010000,0.002086,0.010464,0.415192,1
548,1,0.010000,0.002205,0.010464,0.413603,0
549,1,0.010000,0.002448,0.010464,0.416319,1
550,1,0.010000,0.002767,0.010464,0.422056,0
551,1,0.010000,0.003125,0.010464,0.429961,1
552,1,0.010000,0.003497,0.010464,0.439367,1
553,1,0.010000,0.003863,0.010464,0.449683,1
554,1,0.010000,0.004212,0.010464,0.460381,0
555,1,0.010000,0.004534,0.010464,0.470999,0
556,1,0.010000,0.004825,0.010464,0.481160,0
557,1,0.010000,0.005083,0.010464,0.490581,1
558,1,0.010000,0.005306,0.010464,0.499070,1
559,1,0.010000,0.005496,0.010464,0.506521,1
560,1,0.010000,0.005652,0.010464,0.512890,1
561,1,0.010000,0.005778,0.010464,0.518187,0
562,1,0.010000,0.005875,0.010464,0.522456,1
563,1,0.010000,0.005946,0.010464,0.525760,0
564,0,0.014692,0.004757,0.010464,0.528176,0
565,0,5.784365,0.003806,0.010464,0.488359,0
566,1,0.010000,0.003045,0.010464,0.458671,1
567,1,0.010000,0.002436,0.010464,0.437195,1
568,1,0.010000,0.001949,0.010464,0.421747,0
569,1,0.010000,0.001559,0.010464,0.410564,0
570,1,0.019915,0.001247,0.010464,0.402375,0
571,1,0.047486,0.000998,0.010464,0.396303,0
572,1,0.098505,0.000798,0.010464,0.391744,1
573,1,0.162579,0.000710,0.010464,0.388284,1
574,1,0.206163,0.000857,0.010464,0.386814,0
575,1,0.219273,0.001159,0.010464,0.389295,1
576,1,0.219121,0.001556,0.010464,0.394665,0
577,1,0.215898,0.002003,0.010464,0.402309,1
578,1,0.212147,0.002468,0.010464,0.411753,0
579,1,0.208372,0.002929,0.010464,0.422530,1
580,1,0.204673,0.003371,0.010464,0.434151,0
581,1,0.201067,0.003782,0.010464,0.446119,1
582,1,0.197554,0.004157,0.010464,0.457968,1
583,1,0.194134,0.004491,0.010464,0.469299,0
584,1,0.190802,0.004785,0.010464,0.479804,1
585,1,0.187557,0.005038,0.010464,0.489276,0
586,1,0.184394,0.005252,0.010464,0.497595,1
587,1,0.181311,0.005429,0.010464,0.504720,1
588,1,0.178306,0.005572,0.010464,0.510662,1
589,1,0.175376,0.005683,0.010464,0.515474,1
590,1,0.172518,0.005765,0.010464,0.519231,1
591,0,0.169730,0.004612,0.010464,0.522022,0
592,1,7.788927,0.003690,0.010464,0.483671,1
593,1,0.010000,0.002952,0.010464,0.455256,1
594,1,0.010000,0.002361,0.010464,0.434739,0
595,1,0.010000,0.001889,0.010464,0.419976,1
596,1,0.010000,0.001511,0.010464,0.409273,0
597,1,0.010000,0.001392,0.010464,0.401423,1
598,1,0.010000,0.001459,0.010464,0.399074,0
599,1,0.010000,0.001650,0.010464,0.400386,1
600,1,0.010000,0.001918,0.010464,0.404232,1
601,1,0.010000,0.002229,0.010464,0.409906,0
602,0,0.010000,0.001784,0.010464,0.416883,0
603,1,0.010000,0.001427,0.010464,0.407015,0
604,1,0.010000,0.001141,0.010464,0.399753,0
605,1,0.019216,0.000913,0.010464,0.394340,1
606,1,0.040926,0.000731,0.010464,0.390259,0
607,1,0.078191,0.000584,0.010464,0.387150,0
608,1,0.126154,0.000560,0.010464,0.384759,1
609,1,0.166247,0.000730,0.010464,0.384364,0
610,0,0.185923,0.000584,0.010464,0.387135,0
611,1,7.407305,0.000467,0.010464,0.384748,0
612,1,0.010000,0.000374,0.010464,0.382899,1
613,1,0.010000,0.000299,0.010464,0.381459,1
614,1,0.010000,0.000239,0.010464,0.380330,1
615,1,0.010000,0.000191,0.010464,0.379443,1
616,1,0.010000,0.000234,0.010464,0.378743,1
617,1,0.010000,0.000478,0.010464,0.379361,1
618,1,0.010000,0.000851,0.010464,0.383065,1
619,1,0.010000,0.001299,0.010464,0.389179,0
620,1,0.010000,0.001782,0.010464,0.397279,0
621,1,0.010000,0.002273,0.010464,0.406986,0
622,0,0.010000,0.001818,0.010464,0.417887,0
623,1,0.051392,0.001454,0.010464,0.407748,0
624,1,0.105906,0.001164,0.010464,0.400296,1
625,1,0.171348,0.000931,0.010464,0.394748,0
626,1,0.212218,0.000745,0.010464,0.390568,0
627,1,0.222779,0.000664,0.010464,0.387386,0
628,1,0.221730,0.000813,0.010464,0.386053,1
629,1,0.218243,0.001114,0.010464,0.388545,1
630,1,0.214384,0.001507,0.010464,0.393835,0
631,1,0.210538,0.001948,0.010464,0.401328,1
632,1,0.206778,0.002408,0.010464,0.410558,1
633,1,0.203115,0.002862,0.010464,0.421074,1
634,1,0.199549,0.003297,0.010464,0.432400,1
635,1,0.196076,0.003701,0.010464,0.444056,0
636,0,0.192694,0.002961,0.010464,0.455593,0
637,1,7.495757,0.002369,0.010464,0.434982,1
638,1,0.010000,0.001895,0.010464,0.420151,1
639,1,0.010000,0.001516,0.010464,0.409401,0
640,1,0.010000,0.001213,0.010464,0.401517,0
641,1,0.010000,0.001073,0.010464,0.395662,0
642,1,0.010000,0.001161,0.010464,0.393087,1
643,1,0.010000,0.001401,0.010464,0.394696,0
644,1,0.010000,0.001736,0.010464,0.399248,1
645,1,0.010000,0.002124,0.010464,0.406015,1
646,1,0.010000,0.002533,0.010464,0.414462,0
647,1,0.010000,0.002942,0.010464,0.424107,0
648,1,0.010000,0.003336,0.010464,0.434485,1
649,1,0.010000,0.003704,0.010464,0.445144,0
650,1,0.010000,0.004041,0.010464,0.455677,1
651,1,0.010000,0.004342,0.010464,0.465740,1
652,1,0.010000,0.004606,0.010464,0.475069,0
653,1,0.010000,0.004834,0.010464,0.483485,0
654,1,0.010000,0.005027,0.010464,0.490883,0
655,1,0.010000,0.005186,0.010464,0.497223,0
656,1,0.010000,0.005314,0.010464,0.502511,1
657,1,0.010000,0.005413,0.010464,0.506791,0
658,1,0.010000,0.005486,0.010464,0.510123,0
659,1,0.010000,0.005536,0.010464,0.512585,1
660,1,0.010000,0.005565,0.010464,0.514258,1
661,1,0.013865,0.005575,0.010464,0.515225,1
662,1,0.023996,0.005569,0.010464,0.515566,0
663,1,0.039453,0.005548,0.010464,0.515359,1
664,1,0.060291,0.005516,0.010464,0.514675,0
665,1,0.083912,0.005473,0.010464,0.513582,1
666,1,0.105448,0.005422,0.010464,0.512140,1
667,1,0.120906,0.005363,0.010464,0.510404,0
668,1,0.129664,0.005298,0.010464,0.508425,0
669,1,0.133498,0.005228,0.010464,0.506248,1
670,1,0.134458,0.005155,0.010464,0.503912,0
671,1,0.133941,0.005078,0.010464,0.501454,0
672,1,0.132716,0.004999,0.010464,0.498904,1
673,1,0.131169,0.004918,0.010464,0.496290,1
674,1,0.129487,0.004837,0.010464,0.493635,0
675,1,0.127760,0.004755,0.010464,0.490961,0
676,1,0.126029,0.004673,0.010464,0.488284,1
677,1,0.124314,0.004591,0.010464,0.485620,1
678,1,0.122625,0.004509,0.010464,0.482980,0
679,1,0.120966,0.004429,0.010464,0.480375,1
680,1,0.119338,0.004349,0.010464,0.477815,0
681,1,0.117742,0.004271,0.010464,0.475304,1
682,1,0.116178,0.004194,0.010464,0.472849,1
683,1,0.114644,0.004118,0.010464,0.470453,0
684,1,0.113141,0.004044,0.010464,0.468120,1
685,1,0.111667,0.003972,0.010464,0.465852,0
686,1,0.110222,0.003901,0.010464,0.463649,0
687,1,0.108806,0.003832,0.010464,0.461512,0
688,1,0.107416,0.003764,0.010464,0.459442,1
689,1,0.106054,0.003698,0.010464,0.457438,1
690,1,0.104718,0.003634,0.010464,0.455499,0
691,1,0.103407,0.003571,0.010464,0.453624,1
692,1,0.102120,0.003510,0.010464,0.451811,1
693,1,0.100858,0.003451,0.010464,0.450059,1
694,1,0.099620,0.003393,0.010464,0.448366,0
695,1,0.098404,0.003336,0.010464,0.446731,1
696,1,0.097211,0.003281,0.010464,0.445152,1
697,1,0.096039,0.003228,0.010464,0.443626,0
698,1,0.094889,0.003176,0.010464,0.442152,0
699,1,0.093760,0.003125,0.010464,0.440728,1
700,1,0.092651,0.003075,0.010464,0.439351,1
701,1,0.091561,0.003027,0.010464,0.438021,1
702,1,0.090492,0.002980,0.010464,0.436736,1
703,1,0.089441,0.002935,0.010464,0.435492,0
704,1,0.088408,0.002890,0.010464,0.434290,1
705,1,0.087393,0.002847,0.010464,0.433127,1
706,1,0.086396,0.002804,0.010464,0.432001,0
707,1,0.085416,0.002763,0.010464,0.430911,0
708,1,0.084453,0.002723,0.010464,0.429855,1
709,1,0.083507,0.002684,0.010464,0.428833,1
710,1,0.082576,0.002645,0.010464,0.427842,1
711,1,0.081661,0.002608,0.010464,0.426881,1
712,1,0.080762,0.002571,0.010464,0.425949,1
713,1,0.079877,0.002535,0.010464,0.425045,0
714,1,0.079007,0.002501,0.010464,0.424168,1
715,1,0.078151,0.002466,0.010464,0.423317,1
716,1,0.077310,0.002433,0.010464,0.422490,1
717,1,0.076482,0.002401,0.010464,0.421686,1
718,1,0.075667,0.002369,0.010464,0.420906,0
719,1,0.074865,0.002337,0.010464,0.420146,1
720,0,0.074077,0.001870,0.010464,0.419408,0
721,1,9.148889,0.001496,0.010464,0.408859,0
722,1,0.010000,0.001197,0.010464,0.401117,1
723,1,0.010000,0.000957,0.010464,0.395363,0
724,1,0.010000,0.000766,0.010464,0.391034,1
725,1,0.010000,0.000613,0.010464,0.387742,0
726,1,0.010000,0.000490,0.010464,0.385216,1
727,1,0.010000,0.000392,0.010464,0.383263,0
728,1,0.010000,0.000314,0.010464,0.381742,1
729,1,0.010000,0.000251,0.010464,0.380553,0
730,1,0.010000,0.000201,0.010464,0.379618,1
731,1,0.010000,0.000258,0.010464,0.378881,1
732,1,0.010000,0.000401,0.010464,0.379729,0
733,1,0.010000,0.000596,0.010464,0.381877,1
734,1,0.010000,0.000818,0.010464,0.384939,0
735,1,0.010000,0.001052,0.010464,0.388630,1
736,1,0.010000,0.001284,0.010464,0.392718,1
737,1,0.010000,0.001507,0.010464,0.397009,0
738,1,0.010000,0.001714,0.010464,0.401335,1
739,1,0.010000,0.001902,0.010464,0.405557,1
740,1,0.010000,0.002071,0.010464,0.409562,1
741,1,0.010000,0.002218,0.010464,0.413267,1
742,1,0.010000,0.002344,0.010464,0.416612,1
743,1,0.010000,0.002450,0.010464,0.419563,0
744,1,0.010000,0.002538,0.010464,0.422103,1
745,1,0.010000,0.002608,0.010464,0.424234,0
746,1,0.010000,0.002663,0.010464,0.425968,1
747,1,0.010000,0.002703,0.010464,0.427327,0
748,1,0.010000,0.002731,0.010464,0.428339,0
749,1,0.010000,0.002747,0.010464,0.429034,1
750,1,0.010000,0.002754,0.010464,0.429448,1
751,1,0.010000,0.002751,0.010464,0.429611,0
752,1,0.010000,0.002742,0.010464,0.429558,1
753,1,0.010000,0.002726,0.010464,0.429318,1
754,1,0.010000,0.002705,0.010464,0.428920,1
755,1,0.010000,0.002680,0.010464,0.428391,1
756,1,0.010000,0.002651,0.010464,0.427754,0
757,1,0.010000,0.002619,0.010464,0.427030,1
758,1,0.010000,0.002585,0.010464,0.426238,1
759,1,0.010000,0.002549,0.010464,0.425394,1
760,1,0.010000,0.002512,0.010464,0.424512,1
761,1,0.010000,0.002474,0.010464,0.423604,1
762,1,0.010000,0.002436,0.010464,0.422681,0
763,1,0.010000,0.002397,0.010464,0.421750,1
764,1,0.010000,0.002358,0.010464,0.420820,0
765,1,0.010000,0.002319,0.010464,0.419897,1
766,1,0.010000,0.002281,0.010464,0.418984,0
767,1,0.010000,0.002243,0.010464,0.418086,0
768,1,0.010000,0.002206,0.010464,0.417206,0
769,1,0.010000,0.002170,0.010464,0.416346,0
770,1,0.010000,0.002134,0.010464,0.415508,0
771,1,0.010000,0.002099,0.010464,0.414693,0
772,1,0.010000,0.002065,0.010464,0.413902,0
773,1,0.010000,0.002031,0.010464,0.413136,1
774,1,0.010000,0.001999,0.010464,0.412394,1
775,1,0.010000,0.001968,0.010464,0.411676,1
776,1,0.010000,0.001937,0.010464,0.410983,1
777,1,0.010000,0.001907,0.010464,0.410313,1
778,1,0.010000,0.001878,0.010464,0.409666,0
779,1,0.010000,0.001850,0.010464,0.409042,0
780,1,0.010000,0.001823,0.010464,0.408440,1
781,1,0.010000,0.001797,0.010464,0.407859,0
782,1,0.010000,0.001771,0.010464,0.407299,1
783,1,0.010000,0.001747,0.010464,0.406758,1
784,1,0.010000,0.001722,0.010464,0.406236,1
785,1,0.010000,0.001699,0.010464,0.405731,0
786,1,0.010000,0.001676,0.010464,0.405244,1
787,1,0.010000,0.001654,0.010464,0.404774,0
788,1,0.010000,0.001633,0.010464,0.404319,0
789,1,0.010000,0.001612,0.010464,0.403879,1
790,1,0.010000,0.001592,0.010464,0.403453,0
791,1,0.010000,0.001572,0.010464,0.403041,0
792,1,0.010000,0.001553,0.010464,0.402642,0
793,1,0.010000,0.001534,0.010464,0.402255,0
794,1,0.010000,0.001516,0.010464,0.401880,1
795,1,0.010000,0.001498,0.010464,0.401516,0
796,1,0.010000,0.001481,0.010464,0.401162,0
797,1,0.010000,0.001464,0.010464,0.400819,0
798,1,0.010000,0.001448,0.010464,0.400485,1
799,1,0.010000,0.001432,0.010464,0.400161,0
800,1,0.010000,0.001416,0.010464,0.399845,1
801,1,0.010000,0.001400,0.010464,0.399538,0
802,1,0.010000,0.001385,0.010464,0.399238,0
803,1,0.010000,0.001371,0.010464,0.398947,0
804,1,0.010173,0.001356,0.010464,0.398662,1
805,1,0.011661,0.001342,0.010464,0.398384,0
806,1,0.013268,0.001329,0.010464,0.398113,0
807,1,0.014980,0.001315,0.010464,0.397849,1
808,1,0.016774,0.001302,0.010464,0.397590,0
809,1,0.018623,0.001289,0.010464,0.397338,0
810,1,0.020496,0.001276,0.010464,0.397091,1
811,1,0.022359,0.001263,0.010464,0.396849,1
812,1,0.024179,0.001251,0.010464,0.396612,1
813,1,0.025924,0.001239,0.010464,0.396381,0
814,1,0.027566,0.001227,0.010464,0.396154,1
815,1,0.029085,0.001216,0.010464,0.395931,0
816,1,0.030463,0.001204,0.010464,0.395714,0
817,1,0.031693,0.001193,0.010464,0.395500,0
818,1,0.032771,0.001182,0.010464,0.395291,0
819,1,0.033700,0.001171,0.010464,0.395085,0
820,1,0.034486,0.001160,0.010464,0.394883,0
821,1,0.035138,0.001150,0.010464,0.394686,1
822,1,0.035667,0.001139,0.010464,0.394491,1
823,1,0.036086,0.001129,0.010464,0.394300,0
824,1,0.036406,0.001119,0.010464,0.394113,1
825,1,0.036640,0.001109,0.010464,0.393929,1
826,1,0.036800,0.001099,0.010464,0.393748,0
827,1,0.036894,0.001090,0.010464,0.393570,1
828,1,0.036933,0.001080,0.010464,0.393395,1
829,1,0.036925,0.001071,0.010464,0.393222,1
830,1,0.036878,0.001062,0.010464,0.393053,1
831,1,0.036797,0.001052,0.010464,0.392887,1
832,1,0.036688,0.001043,0.010464,0.392723,0
833,1,0.036556,0.001035,0.010464,0.392562,1
834,1,0.036404,0.001026,0.010464,0.392403,0
835,1,0.036237,0.001017,0.010464,0.392247,0
836,1,0.036057,0.001009,0.010464,0.392093,1
837,1,0.035867,0.001000,0.010464,0.391941,1
838,1,0.035668,0.000992,0.010464,0.391792,1
839,1,0.035462,0.000984,0.010464,0.391645,1
840,1,0.035251,0.000976,0.010464,0.391500,0
841,1,0.035036,0.000968,0.010464,0.391358,1
842,1,0.034818,0.000960,0.010464,0.391217,0
843,1,0.034597,0.000952,0.010464,0.391079,0
844,1,0.034375,0.000945,0.010464,0.390942,0
845,1,0.034153,0.000937,0.010464,0.390808,1
846,1,0.033930,0.000930,0.010464,0.390675,1
847,1,0.033707,0.000922,0.010464,0.390544,1
848,1,0.033484,0.000915,0.010464,0.390416,0
849,1,0.033262,0.000908,0.010464,0.390288,1
850,1,0.033041,0.000901,0.010464,0.390163,1
851,1,0.032821,0.000893,0.010464,0.390039,1
852,1,0.032602,0.000887,0.010464,0.389918,1
853,1,0.032385,0.000880,0.010464,0.389797,0
854,1,0.032169,0.000873,0.010464,0.389679,1
855,1,0.031954,0.000866,0.010464,0.389562,1
856,1,0.031742,0.000860,0.010464,0.389446,1
857,1,0.031531,0.000853,0.010464,0.389332,1
858,1,0.031322,0.000847,0.010464,0.389220,1
859,1,0.031114,0.000840,0.010464,0.389109,1
860,1,0.030909,0.000834,0.010464,0.388999,1
861,1,0.030705,0.000828,0.010464,0.388891,0
862,1,0.030503,0.000821,0.010464,0.388784,0
863,1,0.030303,0.000815,0.010464,0.388679,1
864,1,0.030105,0.000809,0.010464,0.388575,1
865,1,0.029908,0.000803,0.010464,0.388472,0
866,1,0.029714,0.000797,0.010464,0.388371,0
867,1,0.029521,0.000791,0.010464,0.388271,0
868,1,0.029330,0.000786,0.010464,0.388172,1
869,1,0.029141,0.000780,0.010464,0.388074,1
870,1,0.028954,0.000774,0.010464,0.387978,1
871,1,0.028768,0.000769,0.010464,0.387883,0
872,1,0.028584,0.000763,0.010464,0.387789,0
873,1,0.028402,0.000758,0.010464,0.387696,1
874,1,0.028222,0.000752,0.010464,0.387604,0
875,1,0.028044,0.000747,0.010464,0.387513,1
876,1,0.027867,0.000742,0.010464,0.387424,1
877,1,0.027692,0.000736,0.010464,0.387335,1
878,1,0.027518,0.000731,0.010464,0.387248,0
879,1,0.027346,0.000726,0.010464,0.387161,1
880,1,0.027176,0.000721,0.010464,0.387076,0
881,1,0.027007,0.000716,0.010464,0.386992,0
882,1,0.026840,0.000711,0.010464,0.386908,1
883,1,0.026674,0.000706,0.010464,0.386826,1
884,1,0.026510,0.000701,0.010464,0.386744,1
885,1,0.026348,0.000696,0.010464,0.386664,1
886,1,0.026187,0.000692,0.010464,0.386584,0
887,1,0.026028,0.000687,0.010464,0.386505,0
888,1,0.025870,0.000682,0.010464,0.386428,1
889,1,0.025713,0.000678,0.010464,0.386351,1
890,1,0.025558,0.000673,0.010464,0.386275,1
891,1,0.025404,0.000669,0.010464,0.386200,1
892,1,0.025252,0.000664,0.010464,0.386125,1
893,1,0.025101,0.000660,0.010464,0.386052,1
894,1,0.024952,0.000655,0.010464,0.385979,1
895,1,0.024804,0.000651,0.010464,0.385907,1
896,1,0.024657,0.000647,0.010464,0.385836,1
897,1,0.024511,0.000642,0.010464,0.385766,1
898,1,0.024367,0.000638,0.010464,0.385697,1
899,1,0.024224,0.000634,0.010464,0.385628,1
900,1,0.024083,0.000630,0.010464,0.385560,0
901,1,0.023942,0.000626,0.010464,0.385493,0
902,1,0.023803,0.000622,0.010464,0.385426,0
903,1,0.023665,0.000618,0.010464,0.385360,0
904,1,0.023529,0.000614,0.010464,0.385295,1
905,1,0.023393,0.000610,0.010464,0.385231,0
906,1,0.023259,0.000606,0.010464,0.385167,1
907,1,0.023126,0.000602,0.010464,0.385104,1
908,1,0.022994,0.000598,0.010464,0.385042,1
909,1,0.022863,0.000594,0.010464,0.384980,1
910,1,0.022734,0.000591,0.010464,0.384919,0
911,1,0.022605,0.000587,0.010464,0.384858,0
912,1,0.022478,0.000583,0.010464,0.384798,0
913,1,0.022352,0.000580,0.010464,0.384739,1
914,1,0.022226,0.000576,0.010464,0.384681,1
915,1,0.022102,0.000572,0.010464,0.384623,1
916,1,0.021979,0.000569,0.010464,0.384565,1
917,1,0.021857,0.000565,0.010464,0.384508,1
918,1,0.021736,0.000562,0.010464,0.384452,0
919,1,0.021616,0.000558,0.010464,0.384397,0
920,1,0.021497,0.000555,0.010464,0.384341,1
921,1,0.021379,0.000552,0.010464,0.384287,0
922,1,0.021262,0.000548,0.010464,0.384233,1
923,1,0.021146,0.000545,0.010464,0.384179,1
924,1,0.021031,0.000542,0.010464,0.384126,0
925,1,0.020917,0.000538,0.010464,0.384074,0
926,1,0.020804,0.000535,0.010464,0.384022,1
927,1,0.020692,0.000532,0.010464,0.383971,0
928,1,0.020581,0.000529,0.010464,0.383920,1
929,1,0.020470,0.000526,0.010464,0.383870,1
930,1,0.020361,0.000522,0.010464,0.383820,1
931,1,0.020252,0.000519,0.010464,0.383770,1
932,1,0.020145,0.000516,0.010464,0.383721,1
933,1,0.020038,0.000513,0.010464,0.383673,0
934,1,0.019932,0.000510,0.010464,0.383625,0
935,1,0.019827,0.000507,0.010464,0.383577,0
936,1,0.019723,0.000504,0.010464,0.383530,1
937,1,0.019619,0.000501,0.010464,0.383484,1
938,1,0.019517,0.000498,0.010464,0.383438,1
939,1,0.019415,0.000496,0.010464,0.383392,1
940,1,0.019314,0.000493,0.010464,0.383346,0
941,1,0.019214,0.000490,0.010464,0.383302,0
942,1,0.019115,0.000487,0.010464,0.383257,0
943,1,0.019016,0.000484,0.010464,0.383213,1
944,1,0.018918,0.000481,0.010464,0.383169,1
945,1,0.018821,0.000479,0.010464,0.383126,1
946,1,0.018725,0.000476,0.010464,0.383083,1
947,1,0.018630,0.000473,0.010464,0.383041,1
948,1,0.018535,0.000471,0.010464,0.382999,0
949,1,0.018441,0.000468,0.010464,0.382957,1
950,1,0.018348,0.000465,0.010464,0.382916,0
951,1,0.018255,0.000463,0.010464,0.382875,1
952,1,0.018163,0.000460,0.010464,0.382834,1
953,1,0.018072,0.000458,0.010464,0.382794,1
954,1,0.017982,0.000455,0.010464,0.382754,0
955,1,0.017892,0.000453,0.010464,0.382715,1
956,1,0.017803,0.000450,0.010464,0.382676,0
957,1,0.017715,0.000448,0.010464,0.382637,1
958,1,0.017627,0.000445,0.010464,0.382599,1
959,1,0.017540,0.000443,0.010464,0.382560,0
960,1,0.017454,0.000440,0.010464,0.382523,1
961,1,0.017368,0.000438,0.010464,0.382485,1
962,1,0.017283,0.000436,0.010464,0.382448,0
963,1,0.017198,0.000433,0.010464,0.382411,1
964,1,0.017115,0.000431,0.010464,0.382375,1
965,1,0.017031,0.000429,0.010464,0.382339,1
966,1,0.016949,0.000426,0.010464,0.382303,0
967,1,0.016867,0.000424,0.010464,0.382268,0
968,1,0.016786,0.000422,0.010464,0.382232,1
969,1,0.016705,0.000420,0.010464,0.382197,1
970,1,0.016625,0.000417,0.010464,0.382163,1
971,1,0.016545,0.000415,0.010464,0.382129,1
972,1,0.016466,0.000413,0.010464,0.382095,1
973,1,0.016388,0.000411,0.010464,0.382061,1
974,1,0.016310,0.000409,0.010464,0.382027,0
975,1,0.016233,0.000406,0.010464,0.381994,1
976,1,0.016156,0.000404,0.010464,0.381961,0
977,1,0.016080,0.000402,0.010464,0.381929,1
978,1,0.016004,0.000400,0.010464,0.381896,0
979,1,0.015929,0.000398,0.010464,0.381864,1
980,1,0.015855,0.000396,0.010464,0.381833,1
981,1,0.015781,0.000394,0.010464,0.381801,1
982,1,0.015707,0.000392,0.010464,0.381770,1
983,1,0.015635,0.000390,0.010464,0.381739,1
984,1,0.015562,0.000388,0.010464,0.381708,1
985,1,0.015490,0.000386,0.010464,0.381678,1
986,1,0.015419,0.000384,0.010464,0.381647,1
987,1,0.015348,0.000382,0.010464,0.381617,1
988,1,0.015278,0.000380,0.010464,0.381588,0
989,1,0.015208,0.000378,0.010464,0.381558,0
990,1,0.015138,0.000376,0.010464,0.381529,1
991,1,0.015070,0.000374,0.010464,0.381500,1
992,1,0.015001,0.000373,0.010464,0.381471,1
993,1,0.014933,0.000371,0.010464,0.381442,0
994,1,0.014866,0.000369,0.010464,0.381414,0
995,1,0.014799,0.000367,0.010464,0.381386,0
996,1,0.014732,0.000365,0.010464,0.381358,0
997,1,0.014666,0.000363,0.010464,0.381330,1
998,1,0.014601,0.000362,0.010464,0.381303,0
999,1,0.014535,0.000360,0.010464,0.381276,1
1000,1,0.014471,0.000358,0.010464,0.381248,1
1001,1,0.014406,0.000356,0.010464,0.381222,1
1002,1,0.014343,0.000355,0.010464,0.381195,0
1003,1,0.014279,0.000353,0.010464,0.381169,1
1004,1,0.014216,0.000351,0.010464,0.381142,0
1005,1,0.014154,0.000349,0.010464,0.381116,1
1006,1,0.014091,0.000348,0.010464,0.381091,0
1007,1,0.014030,0.000346,0.010464,0.381065,0
1008,1,0.013968,0.000344,0.010464,0.381040,0
1009,1,0.013908,0.000343,0.010464,0.381014,1
1010,1,0.013847,0.000341,0.010464,0.380989,1
1011,1,0.013787,0.000339,0.010464,0.380965,0
1012,1,0.013727,0.000338,0.010464,0.380940,1
1013,1,0.013668,0.000336,0.010464,0.380916,1
1014,1,0.013609,0.000335,0.010464,0.380891,0
1015,1,0.013551,0.000333,0.010464,0.380867,0
1016,1,0.013493,0.000331,0.010464,0.380843,0
1017,1,0.013435,0.000330,0.010464,0.380820,0
1018,1,0.013378,0.000328,0.010464,0.380796,0
1019,1,0.013321,0.000327,0.010464,0.380773,1
1020,1,0.013264,0.000325,0.010464,0.380749,1
1021,1,0.013208,0.000324,0.010464,0.380726,0
1022,1,0.013152,0.000322,0.010464,0.380703,0
1023,1,0.013096,0.000321,0.010464,0.380681,0
1024,1,0.013041,0.000319,0.010464,0.380658,0
1025,1,0.012987,0.000318,0.010464,0.380636,1
1026,1,0.012932,0.000316,0.010464,0.380614,0
1027,1,0.012878,0.000315,0.010464,0.380592,1
1028,1,0.012824,0.000313,0.010464,0.380570,1
1029,1,0.012771,0.000312,0.010464,0.380548,0
1030,1,0.012718,0.000311,0.010464,0.380527,1
1031,1,0.012665,0.000309,0.010464,0.380505,0
1032,1,0.012613,0.000308,0.010464,0.380484,1
1033,1,0.012561,0.000306,0.010464,0.380463,0
1034,1,0.012509,0.000305,0.010464,0.380442,1
1035,1,0.012458,0.000304,0.010464,0.380421,1
1036,1,0.012407,0.000302,0.010464,0.380400,0
1037,1,0.012356,0.000301,0.010464,0.380380,0
1038,1,0.012306,0.000299,0.010464,0.380360,1
1039,1,0.012256,0.000298,0.010464,0.380339,0
1040,1,0.012206,0.000297,0.010464,0.380319,1
1041,1,0.012156,0.000295,0.010464,0.380299,1
1042,1,0.012107,0.000294,0.010464,0.380280,0
1043,1,0.012058,0.000293,0.010464,0.380260,1
1044,1,0.012010,0.000292,0.010464,0.380240,0
1045,1,0.011962,0.000290,0.010464,0.380221,1
1046,1,0.011914,0.000289,0.010464,0.380202,0
1047,1,0.011866,0.000288,0.010464,0.380183,1
1048,1,0.011819,0.000286,0.010464,0.380164,0
1049,1,0.011772,0.000285,0.010464,0.380145,1
1050,1,0.011725,0.000284,0.010464,0.380126,1
1051,1,0.011678,0.000283,0.010464,0.380108,1
1052,1,0.011632,0.000281,0.010464,0.380089,0
1053,1,0.011586,0.000280,0.010464,0.380071,0
1054,1,0.011540,0.000279,0.010464,0.380053,0
1055,1,0.011495,0.000278,0.010464,0.380035,1
1056,1,0.011450,0.000277,0.010464,0.380017,0
1057,1,0.011405,0.000275,0.010464,0.379999,0
1058,1,0.011361,0.000274,0.010464,0.379981,1
1059,1,0.011316,0.000273,0.010464,0.379964,0
1060,1,0.011272,0.000272,0.010464,0.379946,0
1061,1,0.011229,0.000271,0.010464,0.379929,1
1062,1,0.011185,0.000270,0.010464,0.379911,1
1063,1,0.011142,0.000268,0.010464,0.379894,1
1064,1,0.011099,0.000267,0.010464,0.379877,1
1065,1,0.011056,0.000266,0.010464,0.379860,0
1066,1,0.011014,0.000265,0.010464,0.379844,1
1067,1,0.010971,0.000264,0.010464,0.379827,0
1068,1,0.010930,0.000263,0.010464,0.379810,0
1069,1,0.010888,0.000262,0.010464,0.379794,1
1070,1,0.010846,0.000261,0.010464,0.379778,1
1071,1,0.010805,0.000260,0.010464,0.379761,0
1072,1,0.010764,0.000258,0.010464,0.379745,0
1073,1,0.010723,0.000257,0.010464,0.379729,1
1074,1,0.010683,0.000256,0.010464,0.379713,1
1075,1,0.010643,0.000255,0.010464,0.379698,1
1076,1,0.010603,0.000254,0.010464,0.379682,0
1077,1,0.010563,0.000253,0.010464,0.379666,1
1078,1,0.010523,0.000252,0.010464,0.379651,0
1079,1,0.010484,0.000251,0.010464,0.379635,1
1080,1,0.010445,0.000250,0.010464,0.379620,0
1081,1,0.010406,0.000249,0.010464,0.379605,1
1082,1,0.010367,0.000248,0.010464,0.379590,1
1083,1,0.010329,0.000247,0.010464,0.379575,1
1084,1,0.010290,0.000246,0.010464,0.379560,1
1085,1,0.010252,0.000245,0.010464,0.379545,1
1086,1,0.010215,0.000244,0.010464,0.379530,1
1087,1,0.010177,0.000243,0.010464,0.379516,0
1088,1,0.010140,0.000242,0.010464,0.379501,0
1089,1,0.010103,0.000241,0.010464,0.379487,0
1090,1,0.010066,0.000240,0.010464,0.379472,1
1091,1,0.010029,0.000239,0.010464,0.379458,0
1092,1,0.010000,0.000238,0.010464,0.379444,1
1093,1,0.010000,0.000237,0.010464,0.379430,1
1094,1,0.010000,0.000236,0.010464,0.379416,0
1095,1,0.010000,0.000235,0.010464,0.379402,1
1096,1,0.010000,0.000234,0.010464,0.379388,1
1097,1,0.010000,0.000234,0.010464,0.379374,1
1098,1,0.010000,0.000233,0.010464,0.379361,0
1099,1,0.010000,0.000232,0.010464,0.379347,1
1100,1,0.010000,0.000231,0.010464,0.379334,1
1101,1,0.010000,0.000230,0.010464,0.379320,0
1102,1,0.010000,0.000229,0.010464,0.379307,1
1103,1,0.010000,0.000228,0.010464,0.379294,0
1104,1,0.010000,0.000227,0.010464,0.379280,1
1105,1,0.010000,0.000226,0.010464,0.379267,0
1106,1,0.010000,0.000225,0.010464,0.379254,1
1107,1,0.010000,0.000225,0.010464,0.379241,1
1108,1,0.010000,0.000224,0.010464,0.379229,1
1109,1,0.010000,0.000223,0.010464,0.379216,1
1110,1,0.010000,0.000222,0.010464,0.379203,0
1111,1,0.010000,0.000221,0.010464,0.379190,1
1112,1,0.010000,0.000220,0.010464,0.379178,0
1113,1,0.010000,0.000219,0.010464,0.379165,0
1114,1,0.010000,0.000219,0.010464,0.379153,0
1115,1,0.010000,0.000218,0.010464,0.379141,0
1116,1,0.010000,0.000217,0.010464,0.379128,0
1117,1,0.010000,0.000216,0.010464,0.379116,1
1118,1,0.010000,0.000215,0.010464,0.379104,1
1119,1,0.010000,0.000214,0.010464,0.379092,1
1120,1,0.010000,0.000214,0.010464,0.379080,0
1121,1,0.010000,0.000213,0.010464,0.379068,0
1122,1,0.010000,0.000212,0.010464,0.379057,0
1123,1,0.010000,0.000211,0.010464,0.379045,1
1124,1,0.010000,0.000210,0.010464,0.379033,1
1125,1,0.010000,0.000210,0.010464,0.379021,0
1126,1,0.010000,0.000209,0.010464,0.379010,1
1127,1,0.010000,0.000208,0.010464,0.378998,1
1128,1,0.010000,0.000207,0.010464,0.378987,1
1129,1,0.010000,0.000206,0.010464,0.378976,0
1130,1,0.010000,0.000206,0.010464,0.378964,1
1131,1,0.010000,0.000205,0.010464,0.378953,1
1132,1,0.010000,0.000204,0.010464,0.378942,0
1133,1,0.010000,0.000203,0.010464,0.378931,0
1134,1,0.010000,0.000203,0.010464,0.378920,1
1135,1,0.010000,0.000202,0.010464,0.378909,1
1136,1,0.010000,0.000201,0.010464,0.378898,0
1137,1,0.010000,0.000200,0.010464,0.378887,0
1138,1,0.010000,0.000200,0.010464,0.378877,1
1139,1,0.010000,0.000199,0.010464,0.378866,1
1140,1,0.010000,0.000198,0.010464,0.378855,0
1141,1,0.010000,0.000198,0.010464,0.378845,0
1142,1,0.010000,0.000197,0.010464,0.378834,1
1143,1,0.010000,0.000196,0.010464,0.378824,0
1144,1,0.010000,0.000195,0.010464,0.378813,1
1145,1,0.010000,0.000195,0.010464,0.378803,1
1146,1,0.010000,0.000194,0.010464,0.378793,1
1147,1,0.010000,0.000193,0.010464,0.378782,1
1148,1,0.010000,0.000193,0.010464,0.378772,1
1149,1,0.010000,0.000192,0.010464,0.378762,1
1150,1,0.010000,0.000191,0.010464,0.378752,1
1151,1,0.010000,0.000191,0.010464,0.378742,0
1152,1,0.010000,0.000190,0.010464,0.378732,1
1153,1,0.010000,0.000189,0.010464,0.378722,1
1154,1,0.010000,0.000189,0.010464,0.378712,1
1155,1,0.010000,0.000188,0.010464,0.378703,0
1156,1,0.010000,0.000187,0.010464,0.378693,1
1157,1,0.010000,0.000187,0.010464,0.378683,1
1158,1,0.010000,0.000186,0.010464,0.378674,0
1159,1,0.010000,0.000185,0.010464,0.378664,1
1160,1,0.010000,0.000185,0.010464,0.378654,0
1161,1,0.010000,0.000184,0.010464,0.378645,1
1162,1,0.010000,0.000183,0.010464,0.378636,1
1163,1,0.010000,0.000183,0.010464,0.378626,1
1164,1,0.010000,0.000182,0.010464,0.378617,1
1165,1,0.010000,0.000181,0.010464,0.378608,1
1166,1,0.010000,0.000181,0.010464,0.378598,0
1167,1,0.010000,0.000180,0.010464,0.378589,1
1168,1,0.010000,0.000179,0.010464,0.378580,1
1169,1,0.010000,0.000179,0.010464,0.378571,1
1170,1,0.010000,0.000178,0.010464,0.378562,1
1171,1,0.010000,0.000178,0.010464,0.378553,1
1172,1,0.010000,0.000177,0.010464,0.378544,1
1173,1,0.010000,0.000176,0.010464,0.378535,1
1174,1,0.010000,0.000176,0.010464,0.378526,0
1175,1,0.010000,0.000175,0.010464,0.378518,1
1176,1,0.010000,0.000175,0.010464,0.378509,1
1177,1,0.010000,0.000174,0.010464,0.378500,1
1178,1,0.010000,0.000173,0.010464,0.378491,1
1179,1,0.010000,0.000173,0.010464,0.378483,1
1180,1,0.010000,0.000172,0.010464,0.378474,1
1181,1,0.010000,0.000172,0.010464,0.378466,1
1182,1,0.010000,0.000171,0.010464,0.378457,1
1183,1,0.010000,0.000170,0.010464,0.378449,0
1184,1,0.010000,0.000170,0.010464,0.378441,1
1185,1,0.010000,0.000169,0.010464,0.378432,0
1186,1,0.010000,0.000169,0.010464,0.378424,1
1187,1,0.010000,0.000168,0.010464,0.378416,0
1188,1,0.010000,0.000168,0.010464,0.378407,0
1189,1,0.010000,0.000167,0.010464,0.378399,1
1190,1,0.010000,0.000166,0.010464,0.378391,1
1191,1,0.010000,0.000166,0.010464,0.378383,1
1192,1,0.010000,0.000165,0.010464,0.378375,1
1193,1,0.010000,0.000165,0.010464,0.378367,1
1194,1,0.010000,0.000164,0.010464,0.378359,0
1195,1,0.010000,0.000164,0.010464,0.378351,0
1196,1,0.010000,0.000163,0.010464,0.378343,1
1197,1,0.010000,0.000163,0.010464,0.378336,1
1198,1,0.010000,0.000162,0.010464,0.378328,1
1199,1,0.010000,0.000162,0.010464,0.378320,0
1200,1,0.010000,0.000161,0.010464,0.378312,1
1201,1,0.010000,0.000161,0.010464,0.378305,1
1202,1,0.010000,0.000160,0.010464,0.378297,1
1203,1,0.010000,0.000159,0.010464,0.378289,0
1204,1,0.010000,0.000159,0.010464,0.378282,0
1205,1,0.010000,0.000158,0.010464,0.378274,1
1206,1,0.010000,0.000158,0.010464,0.378267,0
1207,1,0.010000,0.000157,0.010464,0.378259,1
1208,1,0.010000,0.000157,0.010464,0.378252,1
1209,1,0.010000,0.000156,0.010464,0.378245,1
1210,1,0.010000,0.000156,0.010464,0.378237,1
1211,1,0.010000,0.000155,0.010464,0.378230,1
1212,1,0.010000,0.000155,0.010464,0.378223,1
1213,1,0.010000,0.000154,0.010464,0.378216,1
1214,1,0.010000,0.000154,0.010464,0.378208,1
1215,1,0.010000,0.000153,0.010464,0.378201,1
1216,1,0.010000,0.000153,0.010464,0.378194,0
1217,1,0.010000,0.000152,0.010464,0.378187,1
1218,0,0.010000,0.000122,0.010464,0.378180,0
1219,1,9.741399,0.000098,0.010464,0.377742,1
1220,1,0.010000,0.000078,0.010464,0.377395,1
1221,1,0.010000,0.000062,0.010464,0.377119,0
1222,1,0.010000,0.000050,0.010464,0.376898,0
1223,1,0.010000,0.000040,0.010464,0.376723,1
1224,1,0.010000,0.000032,0.010464,0.376583,0
1225,1,0.010000,0.000026,0.010464,0.376471,0
1226,1,0.010000,0.000020,0.010464,0.376382,1
1227,1,0.010000,0.000016,0.010464,0.376311,0
1228,1,0.010000,0.000013,0.010464,0.376254,0
1229,1,0.010000,0.000010,0.010464,0.376208,0
1230,1,0.010000,0.000008,0.010464,0.376172,1
1231,1,0.010000,0.000007,0.010464,0.376143,0
1232,1,0.010000,0.000005,0.010464,0.376120,1
1233,1,0.010000,0.000047,0.010464,0.376101,0
1234,1,0.010000,0.000137,0.010464,0.376675,1
1235,1,0.010000,0.000256,0.010464,0.377960,0
1236,1,0.010000,0.000389,0.010464,0.379699,1
1237,1,0.010000,0.000525,0.010464,0.381701,1
1238,1,0.010000,0.000657,0.010464,0.383819,1
1239,1,0.010000,0.000780,0.010464,0.385941,0
1240,1,0.010000,0.000891,0.010464,0.387978,1
1241,1,0.010000,0.000988,0.010464,0.389869,1
1242,1,0.010000,0.001070,0.010464,0.391567,1
1243,1,0.010000,0.001139,0.010464,0.393047,0
1244,1,0.010000,0.001194,0.010464,0.394295,1
1245,1,0.010000,0.001236,0.010464,0.395309,1
1246,1,0.010000,0.001266,0.010464,0.396096,1
1247,1,0.010000,0.001286,0.010464,0.396669,0
1248,1,0.010000,0.001297,0.010464,0.397045,0
1249,1,0.010000,0.001299,0.010464,0.397245,1
1250,1,0.010000,0.001294,0.010464,0.397290,0
1251,1,0.010000,0.001284,0.010464,0.397199,0
1252,1,0.010000,0.001268,0.010464,0.396995,0
1253,1,0.010000,0.001248,0.010464,0.396695,1
1254,1,0.010000,0.001225,0.010464,0.396319,1
1255,1,0.010000,0.001199,0.010464,0.395881,1
1256,1,0.010000,0.001171,0.010464,0.395396,1
1257,1,0.010000,0.001141,0.010464,0.394877,0
1258,1,0.010000,0.001111,0.010464,0.394334,1
1259,1,0.010000,0.001080,0.010464,0.393777,1
1260,1,0.010000,0.001048,0.010464,0.393213,0
1261,1,0.010000,0.001017,0.010464,0.392649,0
1262,1,0.010000,0.000986,0.010464,0.392090,0
1263,1,0.010000,0.000956,0.010464,0.391541,1
1264,1,0.010000,0.000926,0.010464,0.391005,0
1265,1,0.010000,0.000897,0.010464,0.390484,0
1266,1,0.010000,0.000869,0.010464,0.389981,1
1267,1,0.010000,0.000842,0.010464,0.389497,0
1268,1,0.010000,0.000816,0.010464,0.389033,1
1269,1,0.010000,0.000791,0.010464,0.388589,0
1270,1,0.010000,0.000767,0.010464,0.388165,0
1271,1,0.010000,0.000744,0.010464,0.387763,0
1272,1,0.010000,0.000723,0.010464,0.387381,1
1273,1,0.010000,0.000702,0.010464,0.387018,1
1274,1,0.010000,0.000682,0.010464,0.386676,1
1275,1,0.010000,0.000664,0.010464,0.386352,1
1276,1,0.010000,0.000646,0.010464,0.386046,1
1277,1,0.010000,0.000629,0.010464,0.385758,1
1278,1,0.010000,0.000614,0.010464,0.385487,1
1279,1,0.010000,0.000599,0.010464,0.385231,0
1280,1,0.010000,0.000585,0.010464,0.384991,1
1281,1,0.010000,0.000572,0.010464,0.384765,0
1282,1,0.010000,0.000559,0.010464,0.384552,0
1283,1,0.010000,0.000547,0.010464,0.384353,1
1284,1,0.010000,0.000536,0.010464,0.384165,1
1285,1,0.010000,0.000526,0.010464,0.383988,1
1286,1,0.010000,0.000516,0.010464,0.383822,0
1287,1,0.010000,0.000507,0.010464,0.383666,1
1288,1,0.010000,0.000498,0.010464,0.383519,1
1289,1,0.010000,0.000489,0.010464,0.383381,1
1290,1,0.010000,0.000482,0.010464,0.383251,1
1291,1,0.010000,0.000474,0.010464,0.383129,1
1292,1,0.010000,0.000467,0.010464,0.383014,0
1293,1,0.010000,0.000461,0.010464,0.382905,1
1294,1,0.010000,0.000455,0.010464,0.382802,1
1295,1,0.010000,0.000449,0.010464,0.382705,1
1296,1,0.010000,0.000443,0.010464,0.382614,1
1297,1,0.010000,0.000438,0.010464,0.382527,1
1298,1,0.010000,0.000433,0.010464,0.382445,0
1299,1,0.010000,0.000428,0.010464,0.382367,0
1300,1,0.010000,0.000423,0.010464,0.382293,1
1301,1,0.010000,0.000419,0.010464,0.382223,1
1302,1,0.010000,0.000415,0.010464,0.382156,1
1303,1,0.010000,0.000411,0.010464,0.382092,0
1304,1,0.010000,0.000407,0.010464,0.382032,1
1305,1,0.010000,0.000404,0.010464,0.381973,1
1306,1,0.010000,0.000400,0.010464,0.381918,1
1307,1,0.010000,0.000397,0.010464,0.381865,1
1308,1,0.010000,0.000394,0.010464,0.381814,0
1309,1,0.010000,0.000391,0.010464,0.381765,1
1310,1,0.010000,0.000388,0.010464,0.381717,1
1311,1,0.010000,0.000385,0.010464,0.381672,0
1312,1,0.010000,0.000382,0.010464,0.381628,1
1313,1,0.010000,0.000379,0.010464,0.381586,1
1314,1,0.010000,0.000377,0.010464,0.381545,0
1315,1,0.010000,0.000374,0.010464,0.381505,1
1316,1,0.010000,0.000372,0.010464,0.381467,0
1317,1,0.010000,0.000369,0.010464,0.381430,0
1318,1,0.010000,0.000367,0.010464,0.381393,0
1319,1,0.010000,0.000365,0.010464,0.381358,1
1320,1,0.010000,0.000363,0.010464,0.381324,0
1321,1,0.010000,0.000360,0.010464,0.381290,1
1322,1,0.010000,0.000358,0.010464,0.381257,1
1323,1,0.010000,0.000356,0.010464,0.381225,1
1324,1,0.010000,0.000354,0.010464,0.381194,1
1325,1,0.010000,0.000352,0.010464,0.381163,1
1326,1,0.010000,0.000350,0.010464,0.381133,0
1327,1,0.010000,0.000348,0.010464,0.381104,0
1328,1,0.010000,0.000346,0.010464,0.381075,1
1329,1,0.010000,0.000345,0.010464,0.381046,1
1330,1,0.010000,0.000343,0.010464,0.381018,1
1331,1,0.010000,0.000341,0.010464,0.380991,0
1332,1,0.010000,0.000339,0.010464,0.380964,1
1333,1,0.010000,0.000337,0.010464,0.380937,1
1334,1,0.010000,0.000336,0.010464,0.380911,0
1335,1,0.010000,0.000334,0.010464,0.380885,0
1336,1,0.010000,0.000332,0.010464,0.380859,1
1337,0,0.010000,0.000266,0.010464,0.380834,0
1338,1,0.010000,0.000213,0.010464,0.379839,0
1339,1,0.010000,0.000170,0.010464,0.379056,1
1340,1,0.010000,0.000136,0.010464,0.378436,1
1341,1,0.010000,0.000109,0.010464,0.377946,0
1342,1,0.010000,0.000087,0.010464,0.377557,1
1343,1,0.010000,0.000070,0.010464,0.377247,0
1344,1,0.010000,0.000056,0.010464,0.377001,1
1345,1,0.010000,0.000045,0.010464,0.376805,1
1346,1,0.010000,0.000036,0.010464,0.376648,1
1347,1,0.010000,0.000029,0.010464,0.376523,0
1348,1,0.010000,0.000023,0.010464,0.376424,0
1349,1,0.010000,0.000018,0.010464,0.376344,1
1350,1,0.010000,0.000015,0.010464,0.376280,0
1351,1,0.010000,0.000024,0.010464,0.376230,1
1352,1,0.010000,0.000100,0.010464,0.376363,1
1353,1,0.010000,0.000217,0.010464,0.377431,1
1354,1,0.010000,0.000356,0.010464,0.379115,1
1355,1,0.010000,0.000504,0.010464,0.381188,1
1356,1,0.010000,0.000651,0.010464,0.383473,1
1357,1,0.010000,0.000791,0.010464,0.385835,0
1358,1,0.010000,0.000920,0.010464,0.388165,1
1359,1,0.010000,0.001036,0.010464,0.390383,1
1360,1,0.010000,0.001137,0.010464,0.392427,0
1361,1,0.010049,0.001223,0.010464,0.394257,1
1362,1,0.010799,0.001294,0.010464,0.395849,1
1363,1,0.011563,0.001351,0.010464,0.397192,0
1364,1,0.012335,0.001395,0.010464,0.398286,1
1365,1,0.013108,0.001428,0.010464,0.399140,0
1366,1,0.013878,0.001449,0.010464,0.399770,1
1367,1,0.014637,0.001461,0.010464,0.400194,0
1368,1,0.015381,0.001465,0.010464,0.400432,1
1369,1,0.016104,0.001462,0.010464,0.400507,1
1370,0,0.016802,0.001169,0.010464,0.400441,0
1371,1,9.342498,0.000936,0.010464,0.394856,1
1372,1,0.010000,0.000748,0.010464,0.390650,1
1373,1,0.010000,0.000599,0.010464,0.387449,1
1374,1,0.010000,0.000479,0.010464,0.384990,1
1375,1,0.010000,0.000383,0.010464,0.383087,1
1376,1,0.010000,0.000307,0.010464,0.381605,0
1377,1,0.010000,0.000245,0.010464,0.380445,1
1378,1,0.010000,0.000196,0.010464,0.379534,0
1379,1,0.010000,0.000157,0.010464,0.378814,0
1380,1,0.010000,0.000126,0.010464,0.378245,1
1381,1,0.010000,0.000100,0.010464,0.377794,1
1382,1,0.010000,0.000080,0.010464,0.377436,1
1383,1,0.010000,0.000144,0.010464,0.377151,1
1384,1,0.010000,0.000269,0.010464,0.378064,0
1385,1,0.010000,0.000430,0.010464,0.379890,0
1386,1,0.010000,0.000608,0.010464,0.382324,1
1387,1,0.010000,0.000790,0.010464,0.385136,1
1388,1,0.010000,0.000967,0.010464,0.388144,0
1389,1,0.010000,0.001133,0.010464,0.391198,0
1390,1,0.010000,0.001284,0.010464,0.394180,0
1391,1,0.010000,0.001418,0.010464,0.396999,0
1392,1,0.010000,0.001535,0.010464,0.399584,1
1393,1,0.010000,0.001634,0.010464,0.401892,1
1394,1,0.010000,0.001715,0.010464,0.403895,0
1395,1,0.010000,0.001781,0.010464,0.405582,1
1396,1,0.010000,0.001831,0.010464,0.406956,1
1397,1,0.010000,0.001868,0.010464,0.408030,0
1398,1,0.010000,0.001893,0.010464,0.408823,1
1399,1,0.010000,0.001907,0.010464,0.409358,1
1400,1,0.010000,0.001912,0.010464,0.409662,1
1401,1,0.010000,0.001908,0.010464,0.409763,1
1402,1,0.010000,0.001898,0.010464,0.409687,0
1403,1,0.010000,0.001882,0.010464,0.409462,1
1404,1,0.010000,0.001861,0.010464,0.409111,1
1405,1,0.010000,0.001836,0.010464,0.408657,1
1406,1,0.010000,0.001807,0.010464,0.408121,1
1407,1,0.010000,0.001777,0.010464,0.407520,1
1408,1,0.010000,0.001744,0.010464,0.406871,0
1409,1,0.010000,0.001710,0.010464,0.406188,1
1410,1,0.010000,0.001676,0.010464,0.405481,1
1411,1,0.010000,0.001641,0.010464,0.404762,0
1412,1,0.010000,0.001605,0.010464,0.404038,0
1413,1,0.010000,0.001570,0.010464,0.403317,0
1414,1,0.010000,0.001535,0.010464,0.402604,0
1415,1,0.010000,0.001501,0.010464,0.401904,1
1416,1,0.010000,0.001468,0.010464,0.401219,0
1417,1,0.010000,0.001435,0.010464,0.400554,0
1418,1,0.010000,0.001403,0.010464,0.399909,1
1419,1,0.010000,0.001372,0.010464,0.399286,0
1420,1,0.010000,0.001342,0.010464,0.398687,1
1421,1,0.010000,0.001313,0.010464,0.398111,1
1422,1,0.010000,0.001286,0.010464,0.397560,0
1423,1,0.010000,0.001259,0.010464,0.397032,0
1424,1,0.010000,0.001233,0.010464,0.396527,1
1425,1,0.010000,0.001209,0.010464,0.396045,1
1426,1,0.010000,0.001185,0.010464,0.395586,1
1427,1,0.010000,0.001163,0.010464,0.395149,1
1428,1,0.010000,0.001141,0.010464,0.394732,1
1429,1,0.010000,0.001121,0.010464,0.394335,1
1430,1,0.010000,0.001101,0.010464,0.393957,1
1431,1,0.010000,0.001082,0.010464,0.393598,1
1432,1,0.010000,0.001064,0.010464,0.393256,0
1433,1,0.010000,0.001047,0.010464,0.392930,0
1434,1,0.010000,0.001030,0.010464,0.392620,1
1435,1,0.010000,0.001014,0.010464,0.392325,1
1436,1,0.010000,0.000999,0.010464,0.392044,0
1437,1,0.010000,0.000985,0.010464,0.391775,1
1438,1,0.010000,0.000971,0.010464,0.391519,1
1439,1,0.010000,0.000958,0.010464,0.391275,0
1440,1,0.010000,0.000945,0.010464,0.391042,0
1441,1,0.010000,0.000933,0.010464,0.390819,0
1442,1,0.010000,0.000921,0.010464,0.390606,0
1443,1,0.010000,0.000910,0.010464,0.390401,1
1444,1,0.010000,0.000899,0.010464,0.390205,0
1445,1,0.010000,0.000889,0.010464,0.390017,1
1446,1,0.010000,0.000879,0.010464,0.389837,1
1447,1,0.010000,0.000869,0.010464,0.389664,0
1448,1,0.010000,0.000860,0.010464,0.389497,0
1449,1,0.010000,0.000851,0.010464,0.389336,1
1450,1,0.010000,0.000842,0.010464,0.389181,0
1451,1,0.010000,0.000834,0.010464,0.389031,1
1452,1,0.010000,0.000825,0.010464,0.388887,1
1453,1,0.010000,0.000817,0.010464,0.388747,1
1454,1,0.010000,0.000810,0.010464,0.388612,1
1455,1,0.010000,0.000802,0.010464,0.388481,1
1456,1,0.010000,0.000795,0.010464,0.388353,1
1457,1,0.010000,0.000788,0.010464,0.388230,1
1458,1,0.010000,0.000781,0.010464,0.388110,0
1459,1,0.010000,0.000774,0.010464,0.387993,1
1460,1,0.010000,0.000768,0.010464,0.387880,0
1461,1,0.010000,0.000761,0.010464,0.387769,1
1462,1,0.010000,0.000755,0.010464,0.387661,1
1463,1,0.010000,0.000749,0.010464,0.387555,0
1464,1,0.010000,0.000743,0.010464,0.387452,1
1465,1,0.010000,0.000737,0.010464,0.387352,1
1466,1,0.010000,0.000731,0.010464,0.387253,1
1467,1,0.010000,0.000725,0.010464,0.387157,1
1468,1,0.010000,0.000720,0.010464,0.387063,1
1469,1,0.010000,0.000714,0.010464,0.386970,1
1470,1,0.010000,0.000709,0.010464,0.386879,1
1471,1,0.010000,0.000704,0.010464,0.386790,0
1472,1,0.010000,0.000698,0.010464,0.386703,1
1473,1,0.010000,0.000693,0.010464,0.386617,1
1474,1,0.010000,0.000688,0.010464,0.386533,0
1475,1,0.010000,0.000683,0.010464,0.386450,1
1476,1,0.010000,0.000678,0.010464,0.386368,1
1477,1,0.010000,0.000674,0.010464,0.386288,1
1478,1,0.010000,0.000669,0.010464,0.386209,1
1479,1,0.010000,0.000664,0.010464,0.386131,0
1480,1,0.010000,0.000660,0.010464,0.386055,0
1481,1,0.010000,0.000655,0.010464,0.385979,1
1482,1,0.010000,0.000651,0.010464,0.385905,0
1483,1,0.010000,0.000646,0.010464,0.385831,0
1484,1,0.010000,0.000642,0.010464,0.385759,1
1485,1,0.010000,0.000637,0.010464,0.385687,0
1486,1,0.010000,0.000633,0.010464,0.385617,1
1487,1,0.010000,0.000629,0.010464,0.385548,1
1488,1,0.010000,0.000625,0.010464,0.385479,0
1489,1,0.010000,0.000621,0.010464,0.385411,1
1490,1,0.010000,0.000617,0.010464,0.385344,0
1491,1,0.010000,0.000613,0.010464,0.385278,1
1492,1,0.010000,0.000609,0.010464,0.385213,1
1493,1,0.010000,0.000605,0.010464,0.385149,1
1494,1,0.010000,0.000601,0.010464,0.385085,1
1495,1,0.010000,0.000597,0.010464,0.385022,1
1496,1,0.010000,0.000593,0.010464,0.384960,1
1497,1,0.010000,0.000589,0.010464,0.384898,0
1498,1,0.010000,0.000586,0.010464,0.384837,1
1499,1,0.010000,0.000582,0.010464,0.384777,0
1500,1,0.010000,0.000578,0.010464,0.384718,1
1501,1,0.010000,0.000575,0.010464,0.384659,1
1502,1,0.010000,0.000571,0.010464,0.384601,1
1503,1,0.010000,0.000567,0.010464,0.384543,0
1504,1,0.010000,0.000564,0.010464,0.384486,0
1505,1,0.010000,0.000560,0.010464,0.384430,1
1506,1,0.010000,0.000557,0.010464,0.384374,1
1507,1,0.010000,0.000554,0.010464,0.384319,1
1508,1,0.010000,0.000550,0.010464,0.384265,1
1509,1,0.010000,0.000547,0.010464,0.384211,1
1510,1,0.010000,0.000543,0.010464,0.384157,1
1511,1,0.010000,0.000540,0.010464,0.384104,1
1512,1,0.010000,0.000537,0.010464,0.384052,0
1513,1,0.010000,0.000534,0.010464,0.384000,1
1514,1,0.010000,0.000530,0.010464,0.383949,1
1515,0,0.010000,0.000424,0.010464,0.383898,0
1516,1,4.257730,0.000340,0.010464,0.382238,1
1517,1,0.010000,0.000272,0.010464,0.380941,1
1518,1,0.010000,0.000217,0.010464,0.379924,1
1519,1,0.010000,0.000174,0.010464,0.379122,1
1520,1,0.010000,0.000139,0.010464,0.378489,0
1521,1,0.010000,0.000111,0.010464,0.377988,0
1522,1,0.010000,0.000089,0.010464,0.377590,0
1523,1,0.010000,0.000071,0.010464,0.377274,0
1524,1,0.010000,0.000057,0.010464,0.377022,1
1525,1,0.010000,0.000046,0.010464,0.376821,1
1526,1,0.010000,0.000036,0.010464,0.376661,1
1527,1,0.010000,0.000029,0.010464,0.376534,0
1528,1,0.010000,0.000023,0.010464,0.376432,1
1529,1,0.010000,0.000071,0.010464,0.376351,1
1530,1,0.010000,0.000176,0.010464,0.377020,1
1531,1,0.010000,0.000314,0.010464,0.378517,1
1532,1,0.010000,0.000469,0.010464,0.380558,1
1533,1,0.010000,0.000629,0.010464,0.382934,0
1534,1,0.010000,0.000785,0.010464,0.385480,0
1535,1,0.010000,0.000932,0.010464,0.388067,1
1536,1,0.010000,0.001066,0.010464,0.390590,1
1537,1,0.010000,0.001186,0.010464,0.392973,1
1538,1,0.010000,0.001289,0.010464,0.395157,0
1539,1,0.010000,0.001378,0.010464,0.397105,0
1540,1,0.010000,0.001451,0.010464,0.398794,0
1541,1,0.010000,0.001509,0.010464,0.400218,1
1542,1,0.010000,0.001554,0.010464,0.401378,1
1543,1,0.010000,0.001588,0.010464,0.402285,1
1544,1,0.010000,0.001610,0.010464,0.402956,0
1545,1,0.010000,0.001623,0.010464,0.403412,1
1546,1,0.010000,0.001627,0.010464,0.403673,0
1547,1,0.010000,0.001624,0.010464,0.403764,0
1548,1,0.010000,0.001615,0.010464,0.403707,1
1549,1,0.010000,0.001601,0.010464,0.403525,0
1550,1,0.010000,0.001583,0.010464,0.403237,0
1551,1,0.010000,0.001561,0.010464,0.402863,0
1552,1,0.010000,0.001536,0.010464,0.402421,1
1553,1,0.010000,0.001509,0.010464,0.401924,0
1554,1,0.010000,0.001481,0.010464,0.401387,1
1555,1,0.010000,0.001451,0.010464,0.400820,1
1556,1,0.010000,0.001421,0.010464,0.400235,1
1557,1,0.010000,0.001390,0.010464,0.399639,1
1558,1,0.010000,0.001359,0.010464,0.399039,1
1559,1,0.010000,0.001329,0.010464,0.398441,0
1560,1,0.010000,0.001298,0.010464,0.397850,1
1561,1,0.010000,0.001268,0.010464,0.397269,0
1562,1,0.010000,0.001239,0.010464,0.396702,0
1563,1,0.010000,0.001210,0.010464,0.396151,1
1564,1,0.010000,0.001183,0.010464,0.395617,1
1565,1,0.010000,0.001156,0.010464,0.395103,1
1566,1,0.010000,0.001130,0.010464,0.394607,0
1567,1,0.010000,0.001105,0.010464,0.394132,0
1568,1,0.010000,0.001081,0.010464,0.393676,1
1569,1,0.010000,0.001058,0.010464,0.393241,1
1570,1,0.010000,0.001036,0.010464,0.392826,0
1571,1,0.010000,0.001015,0.010464,0.392429,1
1572,1,0.010000,0.000995,0.010464,0.392052,1
1573,1,0.010000,0.000975,0.010464,0.391693,0
1574,1,0.010000,0.000957,0.010464,0.391352,1
1575,1,0.010000,0.000939,0.010464,0.391027,0
1576,1,0.010000,0.000923,0.010464,0.390719,0
1577,1,0.010000,0.000907,0.010464,0.390426,0
1578,1,0.010000,0.000891,0.010464,0.390147,1
1579,1,0.010283,0.000877,0.010464,0.389883,1
1580,1,0.010986,0.000863,0.010464,0.389631,1
1581,1,0.011697,0.000850,0.010464,0.389392,0
1582,1,0.012411,0.000837,0.010464,0.389165,1
1583,1,0.013122,0.000825,0.010464,0.388949,1
1584,1,0.013826,0.000814,0.010464,0.388743,1
1585,1,0.014517,0.000803,0.010464,0.388547,1
1586,1,0.015191,0.000792,0.010464,0.388360,0
1587,1,0.015844,0.000782,0.010464,0.388181,0
1588,1,0.016472,0.000772,0.010464,0.388011,0
1589,1,0.017071,0.000763,0.010464,0.387848,0
1590,1,0.017638,0.000754,0.010464,0.387693,1
1591,1,0.018172,0.000746,0.010464,0.387544,0
1592,1,0.018671,0.000737,0.010464,0.387401,0
1593,1,0.019134,0.000729,0.010464,0.387264,0
1594,1,0.019561,0.000722,0.010464,0.387132,1
1595,1,0.019952,0.000715,0.010464,0.387006,1
1596,1,0.020306,0.000707,0.010464,0.386884,0
1597,1,0.020626,0.000701,0.010464,0.386767,1
1598,1,0.020911,0.000694,0.010464,0.386654,1
1599,1,0.021165,0.000688,0.010464,0.386545,1
1600,1,0.021387,0.000681,0.010464,0.386439,1
1601,1,0.021581,0.000675,0.010464,0.386337,1
1602,1,0.021747,0.000670,0.010464,0.386238,1
1603,1,0.021887,0.000664,0.010464,0.386142,0
1604,1,0.022004,0.000658,0.010464,0.386049,0
1605,1,0.022099,0.000653,0.010464,0.385958,1
1606,1,0.022174,0.000648,0.010464,0.385870,1
1607,1,0.022231,0.000643,0.010464,0.385785,0
1608,1,0.022270,0.000638,0.010464,0.385701,1
1609,1,0.022295,0.000633,0.010464,0.385620,0
1610,1,0.022305,0.000628,0.010464,0.385540,0
1611,1,0.022302,0.000623,0.010464,0.385463,1
1612,1,0.022288,0.000619,0.010464,0.385387,0
1613,1,0.022264,0.000614,0.010464,0.385312,1
1614,1,0.022231,0.000610,0.010464,0.385240,0
1615,1,0.022189,0.000605,0.010464,0.385168,0
1616,1,0.022139,0.000601,0.010464,0.385098,1
1617,1,0.022084,0.000597,0.010464,0.385030,1
1618,1,0.022022,0.000593,0.010464,0.384963,0
1619,1,0.021955,0.000589,0.010464,0.384896,1
1620,1,0.021883,0.000585,0.010464,0.384831,1
1621,1,0.021807,0.000581,0.010464,0.384768,1
1622,1,0.021727,0.000577,0.010464,0.384705,1
1623,1,0.021645,0.000573,0.010464,0.384643,0
1624,1,0.021559,0.000570,0.010464,0.384582,0
1625,1,0.021471,0.000566,0.010464,0.384522,0
1626,1,0.021381,0.000562,0.010464,0.384463,1
1627,1,0.021289,0.000559,0.010464,0.384404,1
1628,1,0.021195,0.000555,0.010464,0.384347,1
1629,1,0.021100,0.000552,0.010464,0.384290,0
1630,1,0.021004,0.000548,0.010464,0.384234,0
1631,1,0.020908,0.000545,0.010464,0.384179,1
1632,1,0.020810,0.000541,0.010464,0.384125,1
1633,1,0.020712,0.000538,0.010464,0.384071,0
1634,1,0.020613,0.000535,0.010464,0.384018,1
1635,1,0.020514,0.000531,0.010464,0.383965,1
1636,1,0.020415,0.000528,0.010464,0.383913,0
1637,1,0.020315,0.000525,0.010464,0.383862,0
1638,1,0.020216,0.000522,0.010464,0.383811,1
1639,1,0.020116,0.000519,0.010464,0.383761,1
1640,1,0.020017,0.000516,0.010464,0.383711,1
1641,1,0.019918,0.000512,0.010464,0.383662,1
1642,1,0.019819,0.000509,0.010464,0.383614,1
1643,1,0.019720,0.000506,0.010464,0.383566,0
1644,1,0.019622,0.000503,0.010464,0.383518,1
1645,1,0.019524,0.000501,0.010464,0.383471,1
1646,1,0.019426,0.000498,0.010464,0.383425,0
1647,1,0.019329,0.000495,0.010464,0.383379,1
1648,1,0.019232,0.000492,0.010464,0.383333,1
1649,1,0.019136,0.000489,0.010464,0.383288,1
1650,1,0.019040,0.000486,0.010464,0.383243,1
1651,1,0.018945,0.000483,0.010464,0.383199,0
1652,1,0.018850,0.000481,0.010464,0.383155,1
1653,1,0.018756,0.000478,0.010464,0.383112,1
1654,1,0.018662,0.000475,0.010464,0.383069,1
1655,1,0.018569,0.000472,0.010464,0.383027,1
1656,1,0.018476,0.000470,0.010464,0.382985,1
1657,1,0.018384,0.000467,0.010464,0.382943,0
1658,1,0.018293,0.000465,0.010464,0.382902,1
1659,1,0.018202,0.000462,0.010464,0.382861,1
1660,1,0.018112,0.000459,0.010464,0.382820,1
1661,1,0.018022,0.000457,0.010464,0.382780,1
1662,1,0.017933,0.000454,0.010464,0.382740,1
1663,1,0.017845,0.000452,0.010464,0.382701,1
1664,1,0.017757,0.000449,0.010464,0.382662,1
1665,1,0.017670,0.000447,0.010464,0.382623,1
1666,1,0.017583,0.000444,0.010464,0.382585,0
1667,1,0.017497,0.000442,0.010464,0.382547,0
1668,1,0.017412,0.000439,0.010464,0.382509,1
1669,1,0.017327,0.000437,0.010464,0.382472,1
1670,1,0.017243,0.000435,0.010464,0.382435,1
1671,1,0.017159,0.000432,0.010464,0.382398,1
1672,1,0.017076,0.000430,0.010464,0.382362,1
1673,1,0.016994,0.000428,0.010464,0.382326,1
1674,1,0.016912,0.000425,0.010464,0.382290,1
1675,1,0.016830,0.000423,0.010464,0.382254,1
1676,1,0.016750,0.000421,0.010464,0.382219,1
1677,1,0.016670,0.000419,0.010464,0.382184,1
1678,1,0.016590,0.000416,0.010464,0.382150,1
1679,1,0.016511,0.000414,0.010464,0.382116,1
1680,1,0.016432,0.000412,0.010464,0.382082,1
1681,1,0.016355,0.000410,0.010464,0.382048,1
1682,1,0.016277,0.000408,0.010464,0.382015,1
1683,1,0.016200,0.000406,0.010464,0.381982,1
1684,1,0.016124,0.000404,0.010464,0.381949,0
1685,0,0.016048,0.000323,0.010464,0.381917,0
1686,1,9.914720,0.000258,0.010464,0.380689,0
1687,1,0.010000,0.000207,0.010464,0.379726,1
1688,1,0.010000,0.000165,0.010464,0.378966,0
1689,1,0.010000,0.000132,0.010464,0.378366,1
1690,1,0.010000,0.000106,0.010464,0.377890,0
1691,1,0.010000,0.000085,0.010464,0.377512,1
1692,1,0.010000,0.000068,0.010464,0.377212,1
1693,1,0.010000,0.000054,0.010464,0.376973,1
1694,1,0.010000,0.000043,0.010464,0.376782,1
1695,1,0.010000,0.000035,0.010464,0.376630,0
1696,1,0.010000,0.000028,0.010464,0.376509,0
1697,1,0.010000,0.000022,0.010464,0.376412,1
1698,1,0.010000,0.000018,0.010464,0.376335,1
1699,1,0.010000,0.000042,0.010464,0.376273,0
1700,1,0.010000,0.000128,0.010464,0.376605,1
1701,1,0.010000,0.000253,0.010464,0.377832,1
1702,1,0.010000,0.000398,0.010464,0.379648,0
1703,1,0.010000,0.000550,0.010464,0.381831,0
1704,1,0.010000,0.000701,0.010464,0.384212,1
1705,1,0.010000,0.000844,0.010464,0.386656,0
1706,1,0.010000,0.000975,0.010464,0.389057,1
1707,1,0.010000,0.001092,0.010464,0.391336,1
1708,1,0.010000,0.001194,0.010464,0.393432,1
1709,1,0.010000,0.001280,0.010464,0.395305,0
1710,1,0.010000,0.001352,0.010464,0.396934,1
1711,1,0.010000,0.001410,0.010464,0.398307,1
1712,1,0.010000,0.001455,0.010464,0.399427,1
1713,1,0.010000,0.001487,0.010464,0.400302,1
1714,1,0.010000,0.001509,0.010464,0.400948,0
1715,1,0.010000,0.001522,0.010464,0.401384,1
1716,1,0.010000,0.001526,0.010464,0.401632,1
1717,1,0.010000,0.001523,0.010464,0.401714,0
1718,1,0.010000,0.001514,0.010464,0.401653,1
1719,1,0.010000,0.001499,0.010464,0.401469,1
1720,1,0.010000,0.001481,0.010464,0.401184,0
1721,1,0.010000,0.001459,0.010464,0.400814,1
1722,1,0.010000,0.001434,0.010464,0.400378,0
1723,1,0.010000,0.001407,0.010464,0.399890,1
1724,1,0.010000,0.001378,0.010464,0.399364,1
1725,1,0.010000,0.001349,0.010464,0.398809,1
1726,1,0.010000,0.001318,0.010464,0.398237,1
1727,1,0.010000,0.001288,0.010464,0.397655,1
1728,1,0.010000,0.001257,0.010464,0.397071,0
1729,1,0.010000,0.001226,0.010464,0.396489,1
1730,1,0.010000,0.001196,0.010464,0.395915,1
1731,1,0.010000,0.001167,0.010464,0.395352,1
1732,1,0.010000,0.001138,0.010464,0.394802,1
1733,1,0.010000,0.001109,0.010464,0.394269,1
1734,1,0.010000,0.001082,0.010464,0.393754,1
1735,1,0.010000,0.001056,0.010464,0.393258,1
1736,1,0.010000,0.001030,0.010464,0.392781,1
1737,1,0.010000,0.001006,0.010464,0.392324,1
1738,1,0.010000,0.000982,0.010464,0.391888,0
1739,1,0.010000,0.000960,0.010464,0.391472,0
1740,1,0.010000,0.000938,0.010464,0.391075,1
1741,1,0.010000,0.000918,0.010464,0.390697,1
1742,1,0.010000,0.000898,0.010464,0.390339,1
1743,1,0.010000,0.000879,0.010464,0.389998,1
1744,1,0.010000,0.000862,0.010464,0.389675,0
1745,1,0.010000,0.000845,0.010464,0.389369,0
1746,1,0.010000,0.000829,0.010464,0.389079,1
1747,1,0.010000,0.000813,0.010464,0.388803,1
1748,1,0.010000,0.000799,0.010464,0.388543,0
1749,1,0.010000,0.000785,0.010464,0.388296,1
1750,1,0.010000,0.000772,0.010464,0.388062,1
1751,1,0.010000,0.000759,0.010464,0.387840,1
1752,1,0.010000,0.000747,0.010464,0.387630,1
1753,1,0.010000,0.000736,0.010464,0.387430,1
1754,1,0.010000,0.000725,0.010464,0.387241,1
1755,1,0.010000,0.000715,0.010464,0.387061,1
1756,1,0.010000,0.000705,0.010464,0.386890,0
1757,1,0.010000,0.000696,0.010464,0.386728,1
1758,1,0.010000,0.000687,0.010464,0.386574,1
1759,1,0.010000,0.000678,0.010464,0.386427,1
1760,1,0.010000,0.000670,0.010464,0.386286,1
1761,1,0.010000,0.000662,0.010464,0.386153,0
1762,1,0.010000,0.000655,0.010464,0.386025,0
1763,1,0.010000,0.000648,0.010464,0.385903,1
1764,1,0.010000,0.000641,0.010464,0.385786,1
1765,1,0.010000,0.000634,0.010464,0.385674,1
1766,1,0.010000,0.000628,0.010464,0.385566,0
1767,1,0.010000,0.000622,0.010464,0.385463,1
1768,1,0.010000,0.000616,0.010464,0.385364,0
1769,1,0.010000,0.000610,0.010464,0.385268,1
1770,1,0.010000,0.000605,0.010464,0.385176,0
1771,1,0.010000,0.000599,0.010464,0.385087,0
1772,1,0.010000,0.000594,0.010464,0.385002,1
1773,1,0.010000,0.000589,0.010464,0.384919,0
1774,1,0.010000,0.000584,0.010464,0.384838,1
1775,1,0.010000,0.000580,0.010464,0.384760,0
1776,1,0.010000,0.000575,0.010464,0.384685,1
1777,1,0.010000,0.000571,0.010464,0.384611,1
1778,1,0.010000,0.000566,0.010464,0.384540,0
1779,1,0.010000,0.000562,0.010464,0.384471,0
1780,1,0.010000,0.000558,0.010464,0.384403,1
1781,1,0.010000,0.000554,0.010464,0.384337,1
1782,1,0.010000,0.000550,0.010464,0.384273,1
1783,1,0.010000,0.000546,0.010464,0.384210,1
1784,1,0.010000,0.000542,0.010464,0.384148,1
1785,1,0.010000,0.000539,0.010464,0.384088,1
1786,1,0.010000,0.000535,0.010464,0.384029,1
1787,1,0.010000,0.000532,0.010464,0.383971,1
1788,1,0.010000,0.000528,0.010464,0.383914,0
1789,1,0.010000,0.000525,0.010464,0.383859,1
1790,1,0.010000,0.000521,0.010464,0.383804,1
1791,1,0.010000,0.000518,0.010464,0.383750,0
1792,1,0.010000,0.000515,0.010464,0.383698,0
1793,1,0.010000,0.000511,0.010464,0.383646,1
1794,1,0.010000,0.000508,0.010464,0.383595,0
1795,1,0.010000,0.000505,0.010464,0.383544,1
1796,1,0.010000,0.000502,0.010464,0.383495,1
1797,1,0.010000,0.000499,0.010464,0.383446,0
1798,1,0.010000,0.000496,0.010464,0.383398,1
1799,1,0.010000,0.000493,0.010464,0.383350,1
1800,1,0.010000,0.000490,0.010464,0.383303,1
1801,1,0.010000,0.000487,0.010464,0.383257,1
1802,1,0.010000,0.000484,0.010464,0.383211,1
1803,1,0.010000,0.000481,0.010464,0.383166,1
1804,1,0.010000,0.000478,0.010464,0.383122,1
1805,1,0.010000,0.000476,0.010464,0.383078,1
1806,1,0.010000,0.000473,0.010464,0.383034,0
1807,1,0.010000,0.000470,0.010464,0.382991,1
1808,1,0.010000,0.000467,0.010464,0.382948,1
1809,1,0.010000,0.000465,0.010464,0.382906,1
1810,1,0.010000,0.000462,0.010464,0.382865,1
1811,1,0.010000,0.000460,0.010464,0.382824,0
1812,1,0.010000,0.000457,0.010464,0.382783,1
1813,1,0.010000,0.000454,0.010464,0.382743,0
1814,1,0.010000,0.000452,0.010464,0.382703,1
1815,1,0.010000,0.000449,0.010464,0.382663,0
1816,1,0.010000,0.000447,0.010464,0.382624,1
1817,1,0.010000,0.000444,0.010464,0.382585,1
1818,1,0.010000,0.000442,0.010464,0.382547,1
1819,1,0.010000,0.000439,0.010464,0.382509,1
1820,1,0.010000,0.000437,0.010464,0.382471,0
1821,1,0.010000,0.000435,0.010464,0.382434,1
1822,1,0.010000,0.000432,0.010464,0.382397,1
1823,1,0.010000,0.000430,0.010464,0.382361,1
1824,1,0.010000,0.000428,0.010464,0.382325,1
1825,1,0.010000,0.000425,0.010464,0.382289,1
1826,1,0.010000,0.000423,0.010464,0.382253,1
1827,1,0.010000,0.000421,0.010464,0.382218,0
1828,1,0.010000,0.000419,0.010464,0.382183,1
1829,1,0.010000,0.000416,0.010464,0.382148,0
1830,1,0.010000,0.000414,0.010464,0.382114,1
1831,1,0.010000,0.000412,0.010464,0.382080,1
1832,1,0.010000,0.000410,0.010464,0.382046,0
1833,1,0.010000,0.000408,0.010464,0.382013,0
1834,1,0.010000,0.000406,0.010464,0.381980,1
1835,1,0.010000,0.000403,0.010464,0.381947,1
1836,1,0.010000,0.000401,0.010464,0.381915,1
1837,1,0.010000,0.000399,0.010464,0.381882,1
1838,1,0.010000,0.000397,0.010464,0.381850,1
1839,1,0.010000,0.000395,0.010464,0.381819,1
1840,1,0.010000,0.000393,0.010464,0.381787,0
1841,1,0.010000,0.000391,0.010464,0.381756,1
1842,1,0.010000,0.000389,0.010464,0.381725,1
1843,1,0.010000,0.000387,0.010464,0.381694,0
1844,1,0.010000,0.000385,0.010464,0.381664,1
1845,1,0.010000,0.000383,0.010464,0.381634,1
1846,1,0.010000,0.000381,0.010464,0.381604,1
1847,1,0.010000,0.000379,0.010464,0.381574,1
1848,1,0.010000,0.000377,0.010464,0.381545,1
1849,1,0.010000,0.000375,0.010464,0.381515,1
1850,1,0.010000,0.000374,0.010464,0.381486,1
1851,1,0.010000,0.000372,0.010464,0.381458,1
1852,1,0.010000,0.000370,0.010464,0.381429,0
1853,1,0.010000,0.000368,0.010464,0.381401,1
1854,1,0.010000,0.000366,0.010464,0.381373,0
1855,1,0.010000,0.000364,0.010464,0.381345,0
1856,1,0.010000,0.000363,0.010464,0.381318,1
1857,1,0.010000,0.000361,0.010464,0.381290,1
1858,1,0.010000,0.000359,0.010464,0.381263,1
1859,1,0.010000,0.000357,0.010464,0.381236,0
1860,1,0.010000,0.000355,0.010464,0.381209,1
1861,1,0.010000,0.000354,0.010464,0.381183,0
1862,1,0.010000,0.000352,0.010464,0.381156,1
1863,1,0.010000,0.000350,0.010464,0.381130,0
1864,1,0.010000,0.000349,0.010464,0.381104,1
1865,1,0.010000,0.000347,0.010464,0.381079,0
1866,1,0.010000,0.000345,0.010464,0.381053,1
1867,1,0.010000,0.000344,0.010464,0.381028,1
1868,1,0.010000,0.000342,0.010464,0.381003,1
1869,1,0.010000,0.000340,0.010464,0.380978,1
1870,1,0.010000,0.000339,0.010464,0.380953,1
1871,1,0.010000,0.000337,0.010464,0.380929,1
1872,1,0.010000,0.000335,0.010464,0.380904,1
1873,1,0.010000,0.000334,0.010464,0.380880,1
1874,1,0.010000,0.000332,0.010464,0.380856,1
1875,1,0.010000,0.000331,0.010464,0.380832,1
1876,1,0.010000,0.000329,0.010464,0.380809,0
1877,1,0.010000,0.000328,0.010464,0.380785,1
1878,1,0.010000,0.000326,0.010464,0.380762,1
1879,1,0.010000,0.000325,0.010464,0.380739,1
1880,1,0.010000,0.000323,0.010464,0.380716,1
1881,1,0.010000,0.000322,0.010464,0.380693,1
1882,1,0.010000,0.000320,0.010464,0.380670,1
1883,1,0.010000,0.000319,0.010464,0.380648,1
1884,1,0.010000,0.000317,0.010464,0.380626,1
1885,1,0.010000,0.000316,0.010464,0.380604,1
1886,1,0.010000,0.000314,0.010464,0.380582,1
1887,1,0.010000,0.000313,0.010464,0.380560,1
1888,1,0.010000,0.000311,0.010464,0.380538,0
1889,1,0.010000,0.000310,0.010464,0.380517,1
1890,1,0.010000,0.000308,0.010464,0.380495,0
1891,1,0.010000,0.000307,0.010464,0.380474,1
1892,1,0.010000,0.000306,0.010464,0.380453,1
1893,1,0.010000,0.000304,0.010464,0.380432,0
1894,1,0.010000,0.000303,0.010464,0.380412,1
1895,1,0.010000,0.000302,0.010464,0.380391,1
1896,1,0.010000,0.000300,0.010464,0.380371,0
1897,1,0.010000,0.000299,0.010464,0.380350,1
1898,1,0.010000,0.000298,0.010464,0.380330,0
1899,1,0.010000,0.000296,0.010464,0.380310,1
1900,1,0.010000,0.000295,0.010464,0.380290,0
1901,1,0.010000,0.000294,0.010464,0.380271,1
1902,1,0.010000,0.000292,0.010464,0.380251,1
1903,1,0.010000,0.000291,0.010464,0.380232,1
1904,1,0.010000,0.000290,0.010464,0.380212,1
1905,1,0.010000,0.000288,0.010464,0.380193,1
1906,1,0.010000,0.000287,0.010464,0.380174,0
1907,1,0.010000,0.000286,0.010464,0.380155,1
1908,1,0.010000,0.000285,0.010464,0.380136,1
1909,1,0.010000,0.000283,0.010464,0.380118,1
1910,1,0.010000,0.000282,0.010464,0.380099,1
1911,1,0.010000,0.000281,0.010464,0.380081,1
1912,1,0.010000,0.000280,0.010464,0.380063,1
1913,1,0.010000,0.000279,0.010464,0.380044,1
1914,1,0.010000,0.000277,0.010464,0.380026,1
1915,1,0.010000,0.000276,0.010464,0.380009,0
1916,1,0.010000,0.000275,0.010464,0.379991,0
1917,1,0.010000,0.000274,0.010464,0.379973,0
1918,1,0.010000,0.000273,0.010464,0.379956,0
1919,1,0.010000,0.000271,0.010464,0.379938,1
1920,1,0.010000,0.000270,0.010464,0.379921,1
1921,1,0.010000,0.000269,0.010464,0.379904,0
1922,1,0.010000,0.000268,0.010464,0.379887,1
1923,1,0.010000,0.000267,0.010464,0.379870,1
1924,1,0.010000,0.000266,0.010464,0.379853,0
1925,1,0.010000,0.000265,0.010464,0.379836,0
1926,1,0.010000,0.000263,0.010464,0.379819,1
1927,1,0.010000,0.000262,0.010464,0.379803,0
1928,1,0.010000,0.000261,0.010464,0.379787,1
1929,1,0.010000,0.000260,0.010464,0.379770,1
1930,1,0.010000,0.000259,0.010464,0.379754,1
1931,1,0.010000,0.000258,0.010464,0.379738,1
1932,1,0.010000,0.000257,0.010464,0.379722,0
1933,1,0.010000,0.000256,0.010464,0.379706,1
1934,1,0.010000,0.000255,0.010464,0.379690,1
1935,1,0.010000,0.000254,0.010464,0.379675,0
1936,1,0.010000,0.000253,0.010464,0.379659,1
1937,1,0.010000,0.000252,0.010464,0.379644,0
1938,1,0.010000,0.000251,0.010464,0.379628,0
1939,1,0.010000,0.000250,0.010464,0.379613,0
1940,1,0.010000,0.000249,0.010464,0.379598,1
1941,1,0.010000,0.000248,0.010464,0.379583,1
1942,1,0.010000,0.000247,0.010464,0.379568,1
1943,1,0.010000,0.000246,0.010464,0.379553,0
1944,1,0.010000,0.000245,0.010464,0.379538,1
1945,1,0.010000,0.000244,0.010464,0.379524,1
1946,1,0.010000,0.000243,0.010464,0.379509,1
1947,1,0.010000,0.000242,0.010464,0.379494,1
1948,1,0.010000,0.000241,0.010464,0.379480,0
1949,1,0.010000,0.000240,0.010464,0.379466,1
1950,1,0.010000,0.000239,0.010464,0.379451,1
1951,1,0.010000,0.000238,0.010464,0.379437,1
1952,1,0.010000,0.000237,0.010464,0.379423,0
1953,1,0.010000,0.000236,0.010464,0.379409,1
1954,1,0.010000,0.000235,0.010464,0.379395,1
1955,1,0.010000,0.000234,0.010464,0.379382,0
1956,1,0.010000,0.000233,0.010464,0.379368,1
1957,1,0.010000,0.000232,0.010464,0.379354,0
1958,1,0.010000,0.000231,0.010464,0.379341,1
1959,1,0.010000,0.000230,0.010464,0.379327,1
1960,1,0.010000,0.000229,0.010464,0.379314,1
1961,1,0.010000,0.000229,0.010464,0.379301,1
1962,1,0.010000,0.000228,0.010464,0.379287,1
1963,1,0.010000,0.000227,0.010464,0.379274,1
1964,1,0.010000,0.000226,0.010464,0.379261,1
1965,1,0.010000,0.000225,0.010464,0.379248,0
1966,1,0.010000,0.000224,0.010464,0.379235,1
1967,1,0.010000,0.000223,0.010464,0.379223,1
1968,1,0.010000,0.000222,0.010464,0.379210,1
1969,1,0.010000,0.000222,0.010464,0.379197,1
1970,1,0.010000,0.000221,0.010464,0.379185,1
1971,1,0.010000,0.000220,0.010464,0.379172,0
1972,1,0.010000,0.000219,0.010464,0.379160,1
1973,1,0.010000,0.000218,0.010464,0.379147,1
1974,1,0.010000,0.000217,0.010464,0.379135,1
1975,1,0.010000,0.000216,0.010464,0.379123,0
1976,1,0.010000,0.000216,0.010464,0.379111,1
1977,1,0.010000,0.000215,0.010464,0.379099,1
1978,1,0.010000,0.000214,0.010464,0.379087,1
1979,1,0.010000,0.000213,0.010464,0.379075,1
1980,1,0.010000,0.000212,0.010464,0.379063,0
1981,1,0.010000,0.000212,0.010464,0.379051,1
1982,1,0.010000,0.000211,0.010464,0.379039,1
1983,1,0.010000,0.000210,0.010464,0.379028,1
1984,1,0.010000,0.000209,0.010464,0.379016,1
1985,1,0.010000,0.000208,0.010464,0.379005,0
1986,1,0.010000,0.000208,0.010464,0.378993,1
1987,1,0.010000,0.000207,0.010464,0.378982,1
1988,1,0.010000,0.000206,0.010464,0.378970,1
1989,1,0.010000,0.000205,0.010464,0.378959,0
1990,1,0.010000,0.000205,0.010464,0.378948,1
1991,1,0.010000,0.000204,0.010464,0.378937,1
1992,1,0.010000,0.000203,0.010464,0.378926,1
1993,1,0.010000,0.000202,0.010464,0.378915,1
1994,1,0.010000,0.000202,0.010464,0.378904,1
1995,1,0.010000,0.000201,0.010464,0.378893,0
1996,1,0.010000,0.000200,0.010464,0.378882,0
1997,1,0.010000,0.000199,0.010464,0.378872,1
1998,1,0.010000,0.000199,0.010464,0.378861,0
1999,1,0.010000,0.000198,0.010464,0.378850,1
2000,1,0.010000,0.000197,0.010464,0.378840,1
2001,1,0.010000,0.000197,0.010464,0.378829,1
2002,1,0.010000,0.000196,0.010464,0.378819,0
2003,1,0.010000,0.000195,0.010464,0.378808,0
2004,1,0.010000,0.000194,0.010464,0.378798,0
2005,1,0.010000,0.000194,0.010464,0.378788,1
2006,1,0.010000,0.000193,0.010464,0.378778,1
2007,1,0.010000,0.000192,0.010464,0.378767,1
2008,1,0.010000,0.000192,0.010464,0.378757,1
2009,1,0.010000,0.000191,0.010464,0.378747,1
2010,1,0.010000,0.000190,0.010464,0.378737,1
2011,1,0.010000,0.000190,0.010464,0.378727,1
2012,1,0.010000,0.000189,0.010464,0.378717,1
2013,1,0.010000,0.000188,0.010464,0.378708,1
2014,1,0.010000,0.000188,0.010464,0.378698,1
2015,1,0.010000,0.000187,0.010464,0.378688,0
2016,1,0.010000,0.000186,0.010464,0.378679,0
2017,1,0.010000,0.000186,0.010464,0.378669,0
2018,1,0.010000,0.000185,0.010464,0.378659,1
2019,1,0.010000,0.000184,0.010464,0.378650,1
2020,1,0.010000,0.000184,0.010464,0.378640,0
2021,1,0.010000,0.000183,0.010464,0.378631,1
2022,1,0.010000,0.000182,0.010464,0.378622,1
2023,1,0.010000,0.000182,0.010464,0.378612,1
2024,1,0.010000,0.000181,0.010464,0.378603,0
2025,1,0.010000,0.000180,0.010464,0.378594,1
2026,1,0.010000,0.000180,0.010464,0.378585,1
2027,1,0.010000,0.000179,0.010464,0.378576,1
2028,1,0.010000,0.000179,0.010464,0.378567,1
2029,1,0.010000,0.000178,0.010464,0.378558,0
2030,1,0.010000,0.000177,0.010464,0.378549,1
2031,1,0.010000,0.000177,0.010464,0.378540,1
2032,1,0.010000,0.000176,0.010464,0.378531,1
2033,1,0.010000,0.000175,0.010464,0.378522,1
2034,1,0.010000,0.000175,0.010464,0.378513,1
2035,1,0.010000,0.000174,0.010464,0.378505,1
2036,1,0.010000,0.000174,0.010464,0.378496,1
2037,1,0.010000,0.000173,0.010464,0.378487,1
2038,1,0.010000,0.000173,0.010464,0.378479,1
2039,1,0.010000,0.000172,0.010464,0.378470,1
2040,1,0.010000,0.000171,0.010464,0.378462,1
2041,1,0.010000,0.000171,0.010464,0.378453,1
2042,1,0.010000,0.000170,0.010464,0.378445,1
2043,1,0.010000,0.000170,0.010464,0.378437,1
2044,1,0.010000,0.000169,0.010464,0.378428,0
2045,1,0.010000,0.000168,0.010464,0.378420,1
2046,1,0.010000,0.000168,0.010464,0.378412,1
2047,1,0.010000,0.000167,0.010464,0.378404,0
2048,1,0.010000,0.000167,0.010464,0.378395,1
2049,1,0.010000,0.000166,0.010464,0.378387,1
2050,1,0.010000,0.000166,0.010464,0.378379,1
2051,1,0.010000,0.000165,0.010464,0.378371,1
2052,1,0.010000,0.000165,0.010464,0.378363,1
2053,1,0.010000,0.000164,0.010464,0.378355,1
2054,1,0.010000,0.000163,0.010464,0.378348,1
2055,1,0.010000,0.000163,0.010464,0.378340,1
2056,1,0.010000,0.000162,0.010464,0.378332,1
2057,1,0.010000,0.000162,0.010464,0.378324,1
2058,1,0.010000,0.000161,0.010464,0.378316,1
2059,1,0.010000,0.000161,0.010464,0.378309,0
2060,1,0.010000,0.000160,0.010464,0.378301,1
2061,1,0.010000,0.000160,0.010464,0.378293,0
2062,1,0.010000,0.000159,0.010464,0.378286,1
2063,1,0.010000,0.000159,0.010464,0.378278,1
2064,1,0.010000,0.000158,0.010464,0.378271,1
2065,1,0.010000,0.000158,0.010464,0.378263,0
2066,1,0.010000,0.000157,0.010464,0.378256,1
2067,1,0.010000,0.000157,0.010464,0.378248,1
2068,1,0.010000,0.000156,0.010464,0.378241,0
2069,1,0.010000,0.000156,0.010464,0.378234,1
2070,1,0.010000,0.000155,0.010464,0.378227,1
2071,1,0.010000,0.000155,0.010464,0.378219,1
2072,1,0.010000,0.000154,0.010464,0.378212,1
2073,1,0.010000,0.000154,0.010464,0.378205,0
2074,1,0.010000,0.000153,0.010464,0.378198,1
2075,1,0.010000,0.000153,0.010464,0.378191,1
2076,1,0.010000,0.000152,0.010464,0.378184,1
2077,1,0.010000,0.000152,0.010464,0.378177,1
2078,1,0.010000,0.000151,0.010464,0.378170,1
2079,1,0.010000,0.000151,0.010464,0.378163,1
2080,1,0.010000,0.000150,0.010464,0.378156,1
2081,1,0.010000,0.000150,0.010464,0.378149,1
2082,1,0.010000,0.000149,0.010464,0.378142,1
2083,1,0.010000,0.000149,0.010464,0.378135,1
2084,1,0.010000,0.000148,0.010464,0.378128,1
2085,1,0.010000,0.000148,0.010464,0.378122,0
2086,1,0.010000,0.000147,0.010464,0.378115,1
2087,1,0.010000,0.000147,0.010464,0.378108,1
2088,1,0.010000,0.000147,0.010464,0.378102,0
2089,1,0.010000,0.000146,0.010464,0.378095,1
2090,1,0.010000,0.000146,0.010464,0.378088,1
2091,1,0.010000,0.000145,0.010464,0.378082,1
2092,1,0.010000,0.000145,0.010464,0.378075,1
2093,1,0.010000,0.000144,0.010464,0.378069,0
2094,1,0.010000,0.000144,0.010464,0.378062,1
2095,1,0.010000,0.000143,0.010464,0.378056,1
2096,1,0.010000,0.000143,0.010464,0.378049,1
2097,1,0.010000,0.000142,0.010464,0.378043,1
2098,1,0.010000,0.000142,0.010464,0.378037,1
2099,1,0.010000,0.000142,0.010464,0.378030,1
2100,1,0.010000,0.000141,0.010464,0.378024,1
2101,1,0.010000,0.000141,0.010464,0.378018,1
2102,1,0.010000,0.000140,0.010464,0.378012,1
2103,1,0.010000,0.000140,0.010464,0.378005,1
2104,1,0.010000,0.000139,0.010464,0.377999,1
2105,1,0.010000,0.000139,0.010464,0.377993,0
2106,1,0.010000,0.000139,0.010464,0.377987,1
2107,1,0.010000,0.000138,0.010464,0.377981,1
2108,1,0.010000,0.000138,0.010464,0.377975,1
2109,1,0.010000,0.000137,0.010464,0.377969,0
2110,1,0.010000,0.000137,0.010464,0.377963,1
2111,1,0.010000,0.000136,0.010464,0.377957,1
2112,1,0.010000,0.000136,0.010464,0.377951,1
2113,1,0.010000,0.000136,0.010464,0.377945,0
2114,1,0.010000,0.000135,0.010464,0.377939,1
2115,1,0.010000,0.000135,0.010464,0.377933,1
2116,1,0.010000,0.000134,0.010464,0.377927,1
2117,1,0.010000,0.000134,0.010464,0.377922,1
2118,1,0.010000,0.000134,0.010464,0.377916,1
2119,1,0.010000,0.000133,0.010464,0.377910,1
2120,1,0.010000,0.000133,0.010464,0.377904,1
2121,1,0.010000,0.000132,0.010464,0.377899,0
2122,1,0.010000,0.000132,0.010464,0.377893,0
2123,1,0.010000,0.000132,0.010464,0.377887,1
2124,1,0.010000,0.000131,0.010464,0.377882,0
2125,1,0.010000,0.000131,0.010464,0.377876,1
2126,1,0.010000,0.000130,0.010464,0.377871,1
2127,1,0.010000,0.000130,0.010464,0.377865,1
2128,1,0.010000,0.000130,0.010464,0.377859,1
2129,1,0.010000,0.000129,0.010464,0.377854,0
2130,1,0.010000,0.000129,0.010464,0.377849,1
2131,1,0.010000,0.000129,0.010464,0.377843,1
2132,1,0.010000,0.000128,0.010464,0.377838,0
2133,1,0.010000,0.000128,0.010464,0.377832,1
2134,1,0.010000,0.000127,0.010464,0.377827,1
2135,1,0.010000,0.000127,0.010464,0.377822,1
2136,1,0.010000,0.000127,0.010464,0.377816,1
2137,1,0.010000,0.000126,0.010464,0.377811,1
2138,1,0.010000,0.000126,0.010464,0.377806,0
2139,1,0.010000,0.000126,0.010464,0.377800,1
2140,1,0.010000,0.000125,0.010464,0.377795,0
2141,1,0.010000,0.000125,0.010464,0.377790,1
2142,1,0.010000,0.000125,0.010464,0.377785,1
2143,1,0.010000,0.000124,0.010464,0.377780,1
2144,1,0.010000,0.000124,0.010464,0.377774,1
2145,1,0.010000,0.000123,0.010464,0.377769,1
2146,1,0.010000,0.000123,0.010464,0.377764,1
2147,1,0.010000,0.000123,0.010464,0.377759,1
2148,1,0.010000,0.000122,0.010464,0.377754,0
2149,1,0.010000,0.000122,0.010464,0.377749,1
2150,1,0.010000,0.000122,0.010464,0.377744,1
2151,1,0.010000,0.000121,0.010464,0.377739,0
2152,1,0.010000,0.000121,0.010464,0.377734,1
2153,1,0.010000,0.000121,0.010464,0.377729,1
2154,1,0.010000,0.000120,0.010464,0.377724,1
2155,1,0.010000,0.000120,0.010464,0.377719,1
2156,1,0.010000,0.000120,0.010464,0.377714,0
2157,1,0.010000,0.000119,0.010464,0.377710,0
2158,1,0.010000,0.000119,0.010464,0.377705,1
2159,1,0.010000,0.000119,0.010464,0.377700,1
2160,1,0.010000,0.000118,0.010464,0.377695,0
2161,1,0.010000,0.000118,0.010464,0.377690,0
2162,1,0.010000,0.000118,0.010464,0.377686,0
2163,1,0.010000,0.000117,0.010464,0.377681,0
2164,1,0.010000,0.000117,0.010464,0.377676,1
2165,1,0.010000,0.000117,0.010464,0.377671,1
2166,1,0.010000,0.000116,0.010464,0.377667,1
2167,1,0.010000,0.000116,0.010464,0.377662,1
2168,1,0.010000,0.000116,0.010464,0.377658,1
2169,1,0.010000,0.000115,0.010464,0.377653,0
2170,1,0.010000,0.000115,0.010464,0.377648,1
2171,1,0.010000,0.000115,0.010464,0.377644,1
2172,1,0.010000,0.000114,0.010464,0.377639,1
2173,1,0.010000,0.000114,0.010464,0.377635,0
2174,1,0.010000,0.000114,0.010464,0.377630,1
2175,1,0.010000,0.000113,0.010464,0.377626,1
2176,1,0.010000,0.000113,0.010464,0.377621,0
2177,1,0.010000,0.000113,0.010464,0.377617,0
2178,1,0.010000,0.000113,0.010464,0.377612,1
2179,1,0.010000,0.000112,0.010464,0.377608,1
2180,1,0.010000,0.000112,0.010464,0.377603,1
2181,1,0.010000,0.000112,0.010464,0.377599,1
2182,1,0.010000,0.000111,0.010464,0.377595,1
2183,1,0.010000,0.000111,0.010464,0.377590,1
2184,1,0.010000,0.000111,0.010464,0.377586,0
2185,1,0.010000,0.000110,0.010464,0.377582,1
2186,1,0.010000,0.000110,0.010464,0.377577,1
2187,1,0.010000,0.000110,0.010464,0.377573,1
2188,1,0.010000,0.000109,0.010464,0.377569,1
2189,1,0.010000,0.000109,0.010464,0.377565,1
2190,1,0.010000,0.000109,0.010464,0.377561,0
2191,1,0.010000,0.000109,0.010464,0.377556,1
2192,1,0.010000,0.000108,0.010464,0.377552,1
2193,1,0.010000,0.000108,0.010464,0.377548,1
2194,1,0.010000,0.000108,0.010464,0.377544,1
2195,1,0.010000,0.000107,0.010464,0.377540,1
2196,1,0.010000,0.000107,0.010464,0.377536,1
2197,1,0.010000,0.000107,0.010464,0.377531,1
2198,1,0.010000,0.000107,0.010464,0.377527,1
2199,1,0.010000,0.000106,0.010464,0.377523,1
2200,1,0.010000,0.000106,0.010464,0.377519,1
2201,1,0.010000,0.000106,0.010464,0.377515,1
2202,1,0.010000,0.000105,0.010464,0.377511,1
2203,1,0.010000,0.000105,0.010464,0.377507,0
2204,1,0.010000,0.000105,0.010464,0.377503,0
2205,1,0.010000,0.000105,0.010464,0.377499,1
2206,1,0.010000,0.000104,0.010464,0.377495,1
2207,1,0.010000,0.000104,0.010464,0.377491,1
2208,1,0.010000,0.000104,0.010464,0.377487,0
2209,1,0.010000,0.000104,0.010464,0.377484,1
2210,1,0.010000,0.000103,0.010464,0.377480,0
2211,1,0.010000,0.000103,0.010464,0.377476,0
2212,1,0.010000,0.000103,0.010464,0.377472,1
2213,1,0.010000,0.000102,0.010464,0.377468,1
2214,1,0.010000,0.000102,0.010464,0.377464,1
2215,1,0.010000,0.000102,0.010464,0.377460,0
2216,1,0.010000,0.000102,0.010464,0.377457,1
2217,1,0.010000,0.000101,0.010464,0.377453,1
2218,1,0.010000,0.000101,0.010464,0.377449,1
2219,1,0.010000,0.000101,0.010464,0.377445,1
2220,1,0.010000,0.000101,0.010464,0.377442,1
2221,1,0.010000,0.000100,0.010464,0.377438,1
2222,1,0.010000,0.000100,0.010464,0.377434,0
2223,1,0.010000,0.000100,0.010464,0.377430,1
2224,1,0.010000,0.000100,0.010464,0.377427,1
2225,1,0.010000,0.000099,0.010464,0.377423,0
2226,1,0.010000,0.000099,0.010464,0.377420,1
2227,1,0.010000,0.000099,0.010464,0.377416,1
2228,1,0.010000,0.000099,0.010464,0.377412,1
2229,1,0.010000,0.000098,0.010464,0.377409,0
2230,1,0.010000,0.000098,0.010464,0.377405,0
2231,1,0.010000,0.000098,0.010464,0.377401,1
2232,1,0.010000,0.000098,0.010464,0.377398,1
2233,1,0.010000,0.000097,0.010464,0.377394,1
2234,1,0.010000,0.000097,0.010464,0.377391,1
2235,1,0.010000,0.000097,0.010464,0.377387,0
2236,1,0.010000,0.000097,0.010464,0.377384,1
2237,1,0.010000,0.000096,0.010464,0.377380,1
2238,1,0.010000,0.000096,0.010464,0.377377,1
2239,1,0.010000,0.000096,0.010464,0.377373,1
2240,1,0.010000,0.000096,0.010464,0.377370,1
2241,1,0.010000,0.000095,0.010464,0.377366,1
2242,1,0.010000,0.000095,0.010464,0.377363,1
2243,1,0.010000,0.000095,0.010464,0.377360,0
2244,1,0.010000,0.000095,0.010464,0.377356,0
2245,1,0.010000,0.000094,0.010464,0.377353,1
2246,1,0.010000,0.000094,0.010464,0.377349,1
2247,1,0.010000,0.000094,0.010464,0.377346,0
2248,1,0.010000,0.000094,0.010464,0.377343,1
2249,1,0.010000,0.000093,0.010464,0.377339,1
2250,1,0.010000,0.000093,0.010464,0.377336,1
2251,1,0.010000,0.000093,0.010464,0.377333,1
2252,1,0.010000,0.000093,0.010464,0.377329,1
2253,1,0.010000,0.000092,0.010464,0.377326,0
2254,1,0.010000,0.000092,0.010464,0.377323,1
2255,1,0.010000,0.000092,0.010464,0.377320,1
2256,1,0.010000,0.000092,0.010464,0.377316,1
2257,1,0.010000,0.000092,0.010464,0.377313,1
2258,1,0.010000,0.000091,0.010464,0.377310,1
2259,1,0.010000,0.000091,0.010464,0.377307,1
2260,1,0.010000,0.000091,0.010464,0.377304,0
2261,1,0.010000,0.000091,0.010464,0.377300,1
2262,1,0.010000,0.000090,0.010464,0.377297,1
2263,1,0.010000,0.000090,0.010464,0.377294,1
2264,1,0.010000,0.000090,0.010464,0.377291,0
2265,1,0.010000,0.000090,0.010464,0.377288,1
2266,1,0.010000,0.000090,0.010464,0.377285,1
2267,1,0.010000,0.000089,0.010464,0.377282,1
2268,1,0.010000,0.000089,0.010464,0.377278,1
2269,1,0.010000,0.000089,0.010464,0.377275,1
2270,1,0.010000,0.000089,0.010464,0.377272,1
2271,1,0.010000,0.000088,0.010464,0.377269,1
2272,1,0.010000,0.000088,0.010464,0.377266,1
2273,1,0.010000,0.000088,0.010464,0.377263,1
2274,1,0.010000,0.000088,0.010464,0.377260,1
2275,1,0.010000,0.000088,0.010464,0.377257,1
2276,1,0.010000,0.000087,0.010464,0.377254,0
2277,1,0.010000,0.000087,0.010464,0.377251,1
2278,1,0.010000,0.000087,0.010464,0.377248,1
2279,1,0.010000,0.000087,0.010464,0.377245,1
2280,1,0.010000,0.000087,0.010464,0.377242,1
2281,1,0.010000,0.000086,0.010464,0.377239,1
2282,1,0.010000,0.000086,0.010464,0.377236,0
2283,1,0.010000,0.000086,0.010464,0.377233,1
2284,1,0.010000,0.000086,0.010464,0.377230,0
2285,1,0.010000,0.000086,0.010464,0.377227,1
2286,1,0.010000,0.000085,0.010464,0.377224,1
2287,1,0.010000,0.000085,0.010464,0.377221,1
2288,1,0.010000,0.000085,0.010464,0.377219,1
2289,1,0.010000,0.000085,0.010464,0.377216,1
2290,1,0.010000,0.000085,0.010464,0.377213,1
2291,1,0.010000,0.000084,0.010464,0.377210,1
2292,1,0.010000,0.000084,0.010464,0.377207,0
2293,1,0.010000,0.000084,0.010464,0.377204,1
2294,1,0.010000,0.000084,0.010464,0.377201,1
2295,1,0.010000,0.000084,0.010464,0.377199,1
2296,1,0.010000,0.000083,0.010464,0.377196,1
2297,1,0.010000,0.000083,0.010464,0.377193,1
2298,1,0.010000,0.000083,0.010464,0.377190,1
2299,1,0.010000,0.000083,0.010464,0.377187,1
2300,1,0.010000,0.000083,0.010464,0.377185,1
2301,1,0.010000,0.000082,0.010464,0.377182,1
2302,1,0.010000,0.000082,0.010464,0.377179,1
2303,1,0.010000,0.000082,0.010464,0.377176,1
2304,1,0.010000,0.000082,0.010464,0.377174,1
2305,1,0.010000,0.000082,0.010464,0.377171,1
2306,1,0.010000,0.000081,0.010464,0.377168,1
2307,1,0.010000,0.000081,0.010464,0.377166,1
2308,1,0.010000,0.000081,0.010464,0.377163,1
2309,1,0.010000,0.000081,0.010464,0.377160,0
2310,1,0.010000,0.000081,0.010464,0.377158,0
2311,1,0.010000,0.000080,0.010464,0.377155,1
2312,1,0.010000,0.000080,0.010464,0.377152,0
2313,1,0.010000,0.000080,0.010464,0.377150,1
2314,1,0.010000,0.000080,0.010464,0.377147,1
2315,1,0.010000,0.000080,0.010464,0.377144,1
2316,1,0.010000,0.000080,0.010464,0.377142,0
2317,1,0.010000,0.000079,0.010464,0.377139,0
2318,1,0.010000,0.000079,0.010464,0.377137,1
2319,1,0.010000,0.000079,0.010464,0.377134,0
2320,1,0.010000,0.000079,0.010464,0.377132,0
2321,1,0.010000,0.000079,0.010464,0.377129,1
2322,1,0.010000,0.000078,0.010464,0.377126,1
2323,1,0.010000,0.000078,0.010464,0.377124,1
2324,1,0.010000,0.000078,0.010464,0.377121,1
2325,1,0.010000,0.000078,0.010464,0.377119,1
2326,1,0.010000,0.000078,0.010464,0.377116,0
2327,1,0.010000,0.000078,0.010464,0.377114,1
2328,1,0.010000,0.000077,0.010464,0.377111,0
2329,1,0.010000,0.000077,0.010464,0.377109,0
2330,1,0.010000,0.000077,0.010464,0.377106,1
2331,1,0.010000,0.000077,0.010464,0.377104,1
2332,1,0.010000,0.000077,0.010464,0.377101,1
2333,1,0.010000,0.000076,0.010464,0.377099,1
2334,1,0.010000,0.000076,0.010464,0.377096,1
2335,1,0.010000,0.000076,0.010464,0.377094,0
2336,1,0.010000,0.000076,0.010464,0.377092,1
2337,1,0.010000,0.000076,0.010464,0.377089,0
2338,1,0.010000,0.000076,0.010464,0.377087,1
2339,1,0.010000,0.000075,0.010464,0.377084,1
2340,1,0.010000,0.000075,0.010464,0.377082,1
2341,1,0.010000,0.000075,0.010464,0.377079,1
2342,1,0.010000,0.000075,0.010464,0.377077,0
2343,1,0.010000,0.000075,0.010464,0.377075,1
2344,1,0.010000,0.000075,0.010464,0.377072,1
2345,1,0.010000,0.000074,0.010464,0.377070,1
2346,1,0.010000,0.000074,0.010464,0.377068,1
2347,1,0.010000,0.000074,0.010464,0.377065,1
2348,1,0.010000,0.000074,0.010464,0.377063,0
2349,1,0.010000,0.000074,0.010464,0.377061,1
2350,1,0.010000,0.000074,0.010464,0.377058,1
2351,1,0.010000,0.000073,0.010464,0.377056,0
2352,1,0.010000,0.000073,0.010464,0.377054,0
2353,1,0.010000,0.000073,0.010464,0.377051,0
2354,1,0.010000,0.000073,0.010464,0.377049,0
2355,1,0.010000,0.000073,0.010464,0.377047,1
2356,1,0.010000,0.000073,0.010464,0.377045,1
2357,1,0.010000,0.000072,0.010464,0.377042,1
2358,1,0.010000,0.000072,0.010464,0.377040,0
2359,1,0.010000,0.000072,0.010464,0.377038,1
2360,1,0.010000,0.000072,0.010464,0.377036,1
2361,1,0.010000,0.000072,0.010464,0.377033,1
2362,1,0.010000,0.000072,0.010464,0.377031,1
2363,1,0.010000,0.000072,0.010464,0.377029,1
2364,1,0.010000,0.000071,0.010464,0.377027,1
2365,1,0.010000,0.000071,0.010464,0.377024,0
2366,1,0.010000,0.000071,0.010464,0.377022,1
2367,1,0.010000,0.000071,0.010464,0.377020,1
2368,1,0.010000,0.000071,0.010464,0.377018,1
2369,1,0.010000,0.000071,0.010464,0.377016,1
2370,1,0.010000,0.000070,0.010464,0.377013,1
2371,1,0.010000,0.000070,0.010464,0.377011,1
2372,1,0.010000,0.000070,0.010464,0.377009,1
2373,1,0.010000,0.000070,0.010464,0.377007,0
2374,1,0.010000,0.000070,0.010464,0.377005,1
2375,1,0.010000,0.000070,0.010464,0.377003,1
2376,1,0.010000,0.000070,0.010464,0.377001,1
2377,1,0.010000,0.000069,0.010464,0.376998,1
2378,1,0.010000,0.000069,0.010464,0.376996,0
2379,1,0.010000,0.000069,0.010464,0.376994,1
2380,1,0.010000,0.000069,0.010464,0.376992,1
2381,1,0.010000,0.000069,0.010464,0.376990,0
2382,1,0.010000,0.000069,0.010464,0.376988,1
2383,1,0.010000,0.000068,0.010464,0.376986,0
2384,1,0.010000,0.000068,0.010464,0.376984,1
2385,1,0.010000,0.000068,0.010464,0.376982,0
2386,1,0.010000,0.000068,0.010464,0.376980,1
2387,1,0.010000,0.000068,0.010464,0.376978,1
2388,1,0.010000,0.000068,0.010464,0.376976,1
2389,1,0.010000,0.000068,0.010464,0.376973,0
2390,1,0.010000,0.000067,0.010464,0.376971,0
2391,1,0.010000,0.000067,0.010464,0.376969,1
2392,1,0.010000,0.000067,0.010464,0.376967,1
2393,1,0.010000,0.000067,0.010464,0.376965,1
2394,1,0.010000,0.000067,0.010464,0.376963,1
2395,1,0.010000,0.000067,0.010464,0.376961,1
2396,1,0.010000,0.000067,0.010464,0.376959,1
2397,1,0.010000,0.000066,0.010464,0.376957,0
2398,1,0.010000,0.000066,0.010464,0.376955,0
2399,1,0.010000,0.000066,0.010464,0.376953,1
2400,1,0.010000,0.000066,0.010464,0.376952,0
2401,1,0.010000,0.000066,0.010464,0.376950,1
2402,1,0.010000,0.000066,0.010464,0.376948,1
2403,1,0.010000,0.000066,0.010464,0.376946,0
2404,1,0.010000,0.000066,0.010464,0.376944,1
2405,1,0.010000,0.000065,0.010464,0.376942,1
2406,1,0.010000,0.000065,0.010464,0.376940,0
2407,1,0.010000,0.000065,0.010464,0.376938,1
2408,1,0.010000,0.000065,0.010464,0.376936,0
2409,1,0.010000,0.000065,0.010464,0.376934,1
2410,1,0.010000,0.000065,0.010464,0.376932,0
2411,1,0.010000,0.000065,0.010464,0.376930,1
2412,1,0.010000,0.000064,0.010464,0.376928,1
2413,1,0.010000,0.000064,0.010464,0.376927,1
2414,1,0.010000,0.000064,0.010464,0.376925,0
2415,1,0.010000,0.000064,0.010464,0.376923,1
2416,1,0.010000,0.000064,0.010464,0.376921,1
2417,1,0.010000,0.000064,0.010464,0.376919,1
2418,1,0.010000,0.000064,0.010464,0.376917,0
2419,1,0.010000,0.000064,0.010464,0.376915,1
2420,1,0.010000,0.000063,0.010464,0.376913,1
2421,1,0.010000,0.000063,0.010464,0.376912,1
2422,1,0.010000,0.000063,0.010464,0.376910,0
2423,1,0.010000,0.000063,0.010464,0.376908,0
2424,1,0.010000,0.000063,0.010464,0.376906,0
2425,1,0.010000,0.000063,0.010464,0.376904,1
2426,1,0.010000,0.000063,0.010464,0.376902,0
2427,1,0.010000,0.000062,0.010464,0.376901,1
2428,1,0.010000,0.000062,0.010464,0.376899,1
2429,1,0.010000,0.000062,0.010464,0.376897,1
2430,1,0.010000,0.000062,0.010464,0.376895,1
2431,1,0.010000,0.000062,0.010464,0.376894,1
2432,1,0.010000,0.000062,0.010464,0.376892,1
2433,1,0.010000,0.000062,0.010464,0.376890,1
2434,1,0.010000,0.000062,0.010464,0.376888,0
2435,1,0.010000,0.000061,0.010464,0.376886,0
2436,1,0.010000,0.000061,0.010464,0.376885,1
2437,1,0.010000,0.000061,0.010464,0.376883,1
2438,1,0.010000,0.000061,0.010464,0.376881,1
2439,1,0.010000,0.000061,0.010464,0.376879,1
2440,1,0.010000,0.000061,0.010464,0.376878,1
2441,1,0.010000,0.000061,0.010464,0.376876,1
2442,1,0.010000,0.000061,0.010464,0.376874,0
2443,1,0.010000,0.000060,0.010464,0.376873,1
2444,1,0.010000,0.000060,0.010464,0.376871,1
2445,1,0.010000,0.000060,0.010464,0.376869,0
2446,1,0.010000,0.000060,0.010464,0.376867,1
2447,1,0.010000,0.000060,0.010464,0.376866,1
2448,1,0.010000,0.000060,0.010464,0.376864,1
2449,1,0.010000,0.000060,0.010464,0.376862,1
2450,1,0.010000,0.000060,0.010464,0.376861,1
2451,1,0.010000,0.000060,0.010464,0.376859,0
2452,1,0.010000,0.000059,0.010464,0.376857,1
2453,1,0.010000,0.000059,0.010464,0.376856,1
2454,1,0.010000,0.000059,0.010464,0.376854,1
2455,1,0.010000,0.000059,0.010464,0.376852,1
2456,1,0.010000,0.000059,0.010464,0.376851,1
2457,1,0.010000,0.000059,0.010464,0.376849,1
2458,1,0.010000,0.000059,0.010464,0.376847,0
2459,1,0.010000,0.000059,0.010464,0.376846,1
2460,1,0.010000,0.000058,0.010464,0.376844,0
2461,1,0.010000,0.000058,0.010464,0.376842,1
2462,1,0.010000,0.000058,0.010464,0.376841,1
2463,1,0.010000,0.000058,0.010464,0.376839,1
2464,1,0.010000,0.000058,0.010464,0.376838,1
2465,1,0.010000,0.000058,0.010464,0.376836,1
2466,1,0.010000,0.000058,0.010464,0.376834,1
2467,1,0.010000,0.000058,0.010464,0.376833,0
2468,1,0.010000,0.000058,0.010464,0.376831,1
2469,1,0.010000,0.000057,0.010464,0.376830,1
2470,1,0.010000,0.000057,0.010464,0.376828,1
2471,1,0.010000,0.000057,0.010464,0.376826,1
2472,1,0.010000,0.000057,0.010464,0.376825,0
2473,1,0.010000,0.000057,0.010464,0.376823,1
2474,1,0.010000,0.000057,0.010464,0.376822,0
2475,1,0.010000,0.000057,0.010464,0.376820,1
2476,1,0.010000,0.000057,0.010464,0.376819,1
2477,1,0.010000,0.000057,0.010464,0.376817,1
2478,1,0.010000,0.000056,0.010464,0.376815,1
2479,1,0.010000,0.000056,0.010464,0.376814,0
2480,1,0.010000,0.000056,0.010464,0.376812,0
2481,1,0.010000,0.000056,0.010464,0.376811,1
2482,1,0.010000,0.000056,0.010464,0.376809,0
2483,1,0.010000,0.000056,0.010464,0.376808,0
2484,1,0.010000,0.000056,0.010464,0.376806,1
2485,1,0.010000,0.000056,0.010464,0.376805,1
2486,1,0.010000,0.000056,0.010464,0.376803,1
2487,1,0.010000,0.000055,0.010464,0.376802,1
2488,1,0.010000,0.000055,0.010464,0.376800,1
2489,1,0.010000,0.000055,0.010464,0.376799,1
2490,1,0.010000,0.000055,0.010464,0.376797,1
2491,1,0.010000,0.000055,0.010464,0.376796,1
2492,1,0.010000,0.000055,0.010464,0.376794,1
2493,1,0.010000,0.000055,0.010464,0.376793,1
2494,1,0.010000,0.000055,0.010464,0.376791,1
2495,1,0.010000,0.000055,0.010464,0.376790,1
2496,1,0.010000,0.000054,0.010464,0.376788,1
2497,1,0.010000,0.000054,0.010464,0.376787,1
2498,1,0.010000,0.000054,0.010464,0.376785,1
2499,1,0.010000,0.000054,0.010464,0.376784,1
2500,1,0.010000,0.000054,0.010464,0.376782,1
2501,1,0.010000,0.000054,0.010464,0.376781,1
2502,1,0.010000,0.000054,0.010464,0.376780,1
2503,1,0.010000,0.000054,0.010464,0.376778,1
2504,1,0.010000,0.000054,0.010464,0.376777,1
2505,1,0.010000,0.000054,0.010464,0.376775,1
2506,1,0.010000,0.000053,0.010464,0.376774,0
2507,1,0.010000,0.000053,0.010464,0.376772,1
2508,1,0.010000,0.000053,0.010464,0.376771,0
2509,1,0.010000,0.000053,0.010464,0.376770,1
2510,1,0.010000,0.000053,0.010464,0.376768,1
2511,1,0.010000,0.000053,0.010464,0.376767,1
2512,1,0.010000,0.000053,0.010464,0.376765,1
2513,1,0.010000,0.000053,0.010464,0.376764,1
2514,1,0.010000,0.000053,0.010464,0.376763,1
2515,1,0.010000,0.000053,0.010464,0.376761,1
2516,1,0.010000,0.000052,0.010464,0.376760,1
2517,1,0.010000,0.000052,0.010464,0.376758,0
2518,1,0.010000,0.000052,0.010464,0.376757,1
2519,1,0.010000,0.000052,0.010464,0.376756,1
2520,1,0.010000,0.000052,0.010464,0.376754,1
2521,1,0.010000,0.000052,0.010464,0.376753,1
2522,1,0.010000,0.000052,0.010464,0.376752,1
2523,1,0.010000,0.000052,0.010464,0.376750,0
2524,1,0.010000,0.000052,0.010464,0.376749,1
2525,1,0.010000,0.000052,0.010464,0.376748,0
2526,1,0.010000,0.000052,0.010464,0.376746,0
2527,1,0.010000,0.000051,0.010464,0.376745,0
2528,1,0.010000,0.000051,0.010464,0.376743,1
2529,1,0.010000,0.000051,0.010464,0.376742,0
2530,1,0.010000,0.000051,0.010464,0.376741,1
2531,1,0.010000,0.000051,0.010464,0.376739,1
2532,1,0.010000,0.000051,0.010464,0.376738,1
2533,1,0.010000,0.000051,0.010464,0.376737,0
2534,1,0.010000,0.000051,0.010464,0.376735,0
2535,1,0.010000,0.000051,0.010464,0.376734,1
2536,1,0.010000,0.000051,0.010464,0.376733,1
2537,1,0.010000,0.000050,0.010464,0.376732,1
2538,1,0.010000,0.000050,0.010464,0.376730,1
2539,1,0.010000,0.000050,0.010464,0.376729,0
2540,1,0.010000,0.000050,0.010464,0.376728,1
2541,1,0.010000,0.000050,0.010464,0.376726,1
2542,1,0.010000,0.000050,0.010464,0.376725,1
2543,1,0.010000,0.000050,0.010464,0.376724,1
2544,1,0.010000,0.000050,0.010464,0.376722,1
2545,1,0.010000,0.000050,0.010464,0.376721,1
2546,1,0.010000,0.000050,0.010464,0.376720,1
2547,1,0.010000,0.000050,0.010464,0.376719,1
2548,1,0.010000,0.000049,0.010464,0.376717,1
2549,1,0.010000,0.000049,0.010464,0.376716,1
2550,1,0.010000,0.000049,0.010464,0.376715,1
2551,1,0.010000,0.000049,0.010464,0.376714,1
2552,1,0.010000,0.000049,0.010464,0.376712,1
2553,1,0.010000,0.000049,0.010464,0.376711,1
2554,1,0.010000,0.000049,0.010464,0.376710,1
2555,1,0.010000,0.000049,0.010464,0.376709,0
2556,1,0.010000,0.000049,0.010464,0.376707,1
2557,1,0.010000,0.000049,0.010464,0.376706,1
2558,1,0.010000,0.000049,0.010464,0.376705,1
2559,1,0.010000,0.000048,0.010464,0.376704,1
2560,1,0.010000,0.000048,0.010464,0.376702,1
2561,1,0.010000,0.000048,0.010464,0.376701,1
2562,1,0.010000,0.000048,0.010464,0.376700,0
2563,1,0.010000,0.000048,0.010464,0.376699,1
2564,1,0.010000,0.000048,0.010464,0.376698,1
2565,1,0.010000,0.000048,0.010464,0.376696,0
2566,1,0.010000,0.000048,0.010464,0.376695,1
2567,1,0.010000,0.000048,0.010464,0.376694,0
2568,1,0.010000,0.000048,0.010464,0.376693,0
2569,1,0.010000,0.000048,0.010464,0.376692,0
2570,1,0.010000,0.000048,0.010464,0.376690,1
2571,1,0.010000,0.000047,0.010464,0.376689,1
2572,1,0.010000,0.000047,0.010464,0.376688,1
2573,1,0.010000,0.000047,0.010464,0.376687,0
2574,1,0.010000,0.000047,0.010464,0.376686,1
2575,1,0.010000,0.000047,0.010464,0.376684,1
2576,1,0.010000,0.000047,0.010464,0.376683,0
2577,1,0.010000,0.000047,0.010464,0.376682,1
2578,1,0.010000,0.000047,0.010464,0.376681,1
2579,1,0.010000,0.000047,0.010464,0.376680,1
2580,1,0.010000,0.000047,0.010464,0.376679,0
2581,1,0.010000,0.000047,0.010464,0.376677,1
2582,1,0.010000,0.000047,0.010464,0.376676,1
2583,1,0.010000,0.000046,0.010464,0.376675,0
2584,1,0.010000,0.000046,0.010464,0.376674,1
2585,1,0.010000,0.000046,0.010464,0.376673,1
2586,1,0.010000,0.000046,0.010464,0.376672,1
2587,1,0.010000,0.000046,0.010464,0.376670,1
2588,1,0.010000,0.000046,0.010464,0.376669,1
2589,1,0.010000,0.000046,0.010464,0.376668,1
2590,1,0.010000,0.000046,0.010464,0.376667,1
2591,1,0.010000,0.000046,0.010464,0.376666,1
2592,1,0.010000,0.000046,0.010464,0.376665,1
2593,1,0.010000,0.000046,0.010464,0.376664,1
2594,1,0.010000,0.000046,0.010464,0.376663,0
2595,1,0.010000,0.000045,0.010464,0.376661,0
2596,1,0.010000,0.000045,0.010464,0.376660,1
2597,1,0.010000,0.000045,0.010464,0.376659,1
2598,1,0.010000,0.000045,0.010464,0.376658,1
2599,1,0.010000,0.000045,0.010464,0.376657,0
2600,1,0.010000,0.000045,0.010464,0.376656,0
2601,1,0.010000,0.000045,0.010464,0.376655,1
2602,1,0.010000,0.000045,0.010464,0.376654,0
2603,1,0.010000,0.000045,0.010464,0.376653,1
2604,1,0.010000,0.000045,0.010464,0.376652,1
2605,1,0.010000,0.000045,0.010464,0.376650,1
2606,1,0.010000,0.000045,0.010464,0.376649,1
2607,1,0.010000,0.000045,0.010464,0.376648,1
2608,1,0.010000,0.000044,0.010464,0.376647,0
2609,1,0.010000,0.000044,0.010464,0.376646,1
2610,1,0.010000,0.000044,0.010464,0.376645,1
2611,1,0.010000,0.000044,0.010464,0.376644,1
2612,1,0.010000,0.000044,0.010464,0.376643,1
2613,1,0.010000,0.000044,0.010464,0.376642,1
2614,1,0.010000,0.000044,0.010464,0.376641,1
2615,1,0.010000,0.000044,0.010464,0.376640,1
2616,1,0.010000,0.000044,0.010464,0.376639,1
2617,1,0.010000,0.000044,0.010464,0.376638,1
2618,1,0.010000,0.000044,0.010464,0.376637,1
2619,1,0.010000,0.000044,0.010464,0.376635,1
2620,1,0.010000,0.000044,0.010464,0.376634,0
2621,1,0.010000,0.000043,0.010464,0.376633,1
2622,1,0.010000,0.000043,0.010464,0.376632,1
2623,1,0.010000,0.000043,0.010464,0.376631,1
2624,1,0.010000,0.000043,0.010464,0.376630,1
2625,1,0.010000,0.000043,0.010464,0.376629,1
2626,1,0.010000,0.000043,0.010464,0.376628,1
2627,1,0.010000,0.000043,0.010464,0.376627,0
2628,1,0.010000,0.000043,0.010464,0.376626,1
2629,1,0.010000,0.000043,0.010464,0.376625,1
2630,1,0.010000,0.000043,0.010464,0.376624,1
2631,1,0.010000,0.000043,0.010464,0.376623,1
2632,1,0.010000,0.000043,0.010464,0.376622,1
2633,1,0.010000,0.000043,0.010464,0.376621,1
2634,1,0.010000,0.000043,0.010464,0.376620,1
2635,1,0.010000,0.000042,0.010464,0.376619,1
2636,1,0.010000,0.000042,0.010464,0.376618,1
2637,1,0.010000,0.000042,0.010464,0.376617,1
2638,1,0.010000,0.000042,0.010464,0.376616,1
2639,1,0.010000,0.000042,0.010464,0.376615,0
2640,1,0.010000,0.000042,0.010464,0.376614,1
2641,1,0.010000,0.000042,0.010464,0.376613,1
2642,1,0.010000,0.000042,0.010464,0.376612,1
2643,1,0.010000,0.000042,0.010464,0.376611,1
2644,1,0.010000,0.000042,0.010464,0.376610,1
2645,1,0.010000,0.000042,0.010464,0.376609,1
2646,1,0.010000,0.000042,0.010464,0.376608,0
2647,1,0.010000,0.000042,0.010464,0.376607,1
2648,1,0.010000,0.000042,0.010464,0.376606,1
2649,1,0.010000,0.000041,0.010464,0.376605,1
2650,1,0.010000,0.000041,0.010464,0.376604,1
2651,1,0.010000,0.000041,0.010464,0.376603,1
2652,1,0.010000,0.000041,0.010464,0.376602,1
2653,1,0.010000,0.000041,0.010464,0.376601,1
2654,1,0.010000,0.000041,0.010464,0.376600,1
2655,1,0.010000,0.000041,0.010464,0.376599,1
2656,1,0.010000,0.000041,0.010464,0.376599,1
2657,1,0.010000,0.000041,0.010464,0.376598,0
2658,1,0.010000,0.000041,0.010464,0.376597,1
2659,1,0.010000,0.000041,0.010464,0.376596,0
2660,1,0.010000,0.000041,0.010464,0.376595,1
2661,1,0.010000,0.000041,0.010464,0.376594,1
2662,1,0.010000,0.000041,0.010464,0.376593,0
2663,1,0.010000,0.000041,0.010464,0.376592,1
2664,1,0.010000,0.000040,0.010464,0.376591,1
2665,1,0.010000,0.000040,0.010464,0.376590,1
2666,1,0.010000,0.000040,0.010464,0.376589,1
2667,1,0.010000,0.000040,0.010464,0.376588,0
2668,1,0.010000,0.000040,0.010464,0.376587,1
2669,1,0.010000,0.000040,0.010464,0.376586,0
2670,1,0.010000,0.000040,0.010464,0.376585,1
2671,1,0.010000,0.000040,0.010464,0.376584,1
2672,1,0.010000,0.000040,0.010464,0.376584,0
2673,1,0.010000,0.000040,0.010464,0.376583,1
2674,1,0.010000,0.000040,0.010464,0.376582,1
2675,1,0.010000,0.000040,0.010464,0.376581,1
2676,1,0.010000,0.000040,0.010464,0.376580,0
2677,1,0.010000,0.000040,0.010464,0.376579,1
2678,1,0.010000,0.000040,0.010464,0.376578,1
2679,1,0.010000,0.000039,0.010464,0.376577,1
2680,1,0.010000,0.000039,0.010464,0.376576,0
2681,1,0.010000,0.000039,0.010464,0.376575,1
2682,1,0.010000,0.000039,0.010464,0.376575,0
2683,1,0.010000,0.000039,0.010464,0.376574,1
2684,1,0.010000,0.000039,0.010464,0.376573,1
2685,1,0.010000,0.000039,0.010464,0.376572,1
2686,1,0.010000,0.000039,0.010464,0.376571,1
2687,1,0.010000,0.000039,0.010464,0.376570,1
2688,1,0.010000,0.000039,0.010464,0.376569,0
2689,1,0.010000,0.000039,0.010464,0.376568,1
2690,1,0.010000,0.000039,0.010464,0.376567,1
2691,1,0.010000,0.000039,0.010464,0.376567,0
2692,1,0.010000,0.000039,0.010464,0.376566,1
2693,1,0.010000,0.000039,0.010464,0.376565,1
2694,1,0.010000,0.000039,0.010464,0.376564,1
2695,1,0.010000,0.000038,0.010464,0.376563,1
2696,1,0.010000,0.000038,0.010464,0.376562,1
2697,1,0.010000,0.000038,0.010464,0.376561,1
2698,1,0.010000,0.000038,0.010464,0.376561,1
2699,1,0.010000,0.000038,0.010464,0.376560,0
2700,1,0.010000,0.000038,0.010464,0.376559,1
2701,1,0.010000,0.000038,0.010464,0.376558,1
2702,1,0.010000,0.000038,0.010464,0.376557,1
2703,1,0.010000,0.000038,0.010464,0.376556,1
2704,1,0.010000,0.000038,0.010464,0.376555,1
2705,1,0.010000,0.000038,0.010464,0.376555,1
2706,1,0.010000,0.000038,0.010464,0.376554,1
2707,1,0.010000,0.000038,0.010464,0.376553,1
2708,1,0.010000,0.000038,0.010464,0.376552,1
2709,1,0.010000,0.000038,0.010464,0.376551,1
2710,1,0.010000,0.000038,0.010464,0.376550,0
2711,1,0.010000,0.000038,0.010464,0.376549,1
2712,1,0.010000,0.000037,0.010464,0.376549,0
2713,1,0.010000,0.000037,0.010464,0.376548,0
2714,1,0.010000,0.000037,0.010464,0.376547,1
2715,1,0.010000,0.000037,0.010464,0.376546,1
2716,1,0.010000,0.000037,0.010464,0.376545,1
2717,1,0.010000,0.000037,0.010464,0.376545,1
2718,1,0.010000,0.000037,0.010464,0.376544,0
2719,1,0.010000,0.000037,0.010464,0.376543,0
2720,1,0.010000,0.000037,0.010464,0.376542,1
2721,1,0.010000,0.000037,0.010464,0.376541,1
2722,1,0.010000,0.000037,0.010464,0.376540,1
2723,1,0.010000,0.000037,0.010464,0.376540,1
2724,1,0.010000,0.000037,0.010464,0.376539,1
2725,1,0.010000,0.000037,0.010464,0.376538,1
2726,1,0.010000,0.000037,0.010464,0.376537,1
2727,1,0.010000,0.000037,0.010464,0.376536,1
2728,1,0.010000,0.000037,0.010464,0.376536,1
2729,1,0.010000,0.000036,0.010464,0.376535,1
2730,1,0.010000,0.000036,0.010464,0.376534,1
2731,1,0.010000,0.000036,0.010464,0.376533,1
2732,1,0.010000,0.000036,0.010464,0.376532,0
2733,1,0.010000,0.000036,0.010464,0.376532,1
2734,1,0.010000,0.000036,0.010464,0.376531,1
2735,1,0.010000,0.000036,0.010464,0.376530,0
2736,1,0.010000,0.000036,0.010464,0.376529,1
2737,1,0.010000,0.000036,0.010464,0.376528,0
2738,1,0.010000,0.000036,0.010464,0.376528,1
2739,1,0.010000,0.000036,0.010464,0.376527,0
2740,1,0.010000,0.000036,0.010464,0.376526,1
2741,1,0.010000,0.000036,0.010464,0.376525,1
2742,1,0.010000,0.000036,0.010464,0.376525,1
2743,1,0.010000,0.000036,0.010464,0.376524,1
2744,1,0.010000,0.000036,0.010464,0.376523,1
2745,1,0.010000,0.000036,0.010464,0.376522,1
2746,1,0.010000,0.000036,0.010464,0.376522,1
2747,1,0.010000,0.000035,0.010464,0.376521,1
2748,1,0.010000,0.000035,0.010464,0.376520,1
2749,1,0.010000,0.000035,0.010464,0.376519,0
2750,1,0.010000,0.000035,0.010464,0.376518,1
2751,1,0.010000,0.000035,0.010464,0.376518,0
2752,1,0.010000,0.000035,0.010464,0.376517,1
2753,1,0.010000,0.000035,0.010464,0.376516,1
2754,1,0.010000,0.000035,0.010464,0.376515,1
2755,1,0.010000,0.000035,0.010464,0.376515,1
2756,1,0.010000,0.000035,0.010464,0.376514,1
2757,1,0.010000,0.000035,0.010464,0.376513,1
2758,1,0.010000,0.000035,0.010464,0.376512,0
2759,1,0.010000,0.000035,0.010464,0.376512,0
2760,1,0.010000,0.000035,0.010464,0.376511,0
2761,1,0.010000,0.000035,0.010464,0.376510,1
2762,1,0.010000,0.000035,0.010464,0.376509,1
2763,1,0.010000,0.000035,0.010464,0.376509,0
2764,1,0.010000,0.000035,0.010464,0.376508,0
2765,1,0.010000,0.000034,0.010464,0.376507,1
2766,1,0.010000,0.000034,0.010464,0.376506,1
2767,1,0.010000,0.000034,0.010464,0.376506,1
2768,1,0.010000,0.000034,0.010464,0.376505,1
2769,1,0.010000,0.000034,0.010464,0.376504,0
2770,1,0.010000,0.000034,0.010464,0.376504,1
2771,1,0.010000,0.000034,0.010464,0.376503,1
2772,1,0.010000,0.000034,0.010464,0.376502,0
2773,1,0.010000,0.000034,0.010464,0.376501,1
2774,1,0.010000,0.000034,0.010464,0.376501,0
2775,1,0.010000,0.000034,0.010464,0.376500,1
2776,1,0.010000,0.000034,0.010464,0.376499,1
2777,1,0.010000,0.000034,0.010464,0.376499,1
2778,1,0.010000,0.000034,0.010464,0.376498,1
2779,1,0.010000,0.000034,0.010464,0.376497,1
2780,1,0.010000,0.000034,0.010464,0.376496,1
2781,1,0.010000,0.000034,0.010464,0.376496,1
2782,1,0.010000,0.000034,0.010464,0.376495,1
2783,1,0.010000,0.000034,0.010464,0.376494,1
2784,1,0.010000,0.000034,0.010464,0.376494,1
2785,1,0.010000,0.000033,0.010464,0.376493,0
2786,1,0.010000,0.000033,0.010464,0.376492,1
2787,1,0.010000,0.000033,0.010464,0.376491,0
2788,1,0.010000,0.000033,0.010464,0.376491,1
2789,1,0.010000,0.000033,0.010464,0.376490,1
2790,1,0.010000,0.000033,0.010464,0.376489,1
2791,1,0.010000,0.000033,0.010464,0.376489,1
2792,1,0.010000,0.000033,0.010464,0.376488,1
2793,1,0.010000,0.000033,0.010464,0.376487,1
2794,1,0.010000,0.000033,0.010464,0.376487,0
2795,1,0.010000,0.000033,0.010464,0.376486,1
2796,1,0.010000,0.000033,0.010464,0.376485,1
2797,1,0.010000,0.000033,0.010464,0.376485,0
2798,1,0.010000,0.000033,0.010464,0.376484,0
2799,1,0.010000,0.000033,0.010464,0.376483,1
2800,1,0.010000,0.000033,0.010464,0.376483,0
2801,1,0.010000,0.000033,0.010464,0.376482,1
2802,1,0.010000,0.000033,0.010464,0.376481,0
2803,1,0.010000,0.000033,0.010464,0.376481,1
2804,1,0.010000,0.000033,0.010464,0.376480,1
2805,1,0.010000,0.000032,0.010464,0.376479,0
2806,1,0.010000,0.000032,0.010464,0.376479,0
2807,1,0.010000,0.000032,0.010464,0.376478,0
2808,1,0.010000,0.000032,0.010464,0.376477,0
2809,1,0.010000,0.000032,0.010464,0.376477,1
2810,1,0.010000,0.000032,0.010464,0.376476,1
2811,1,0.010000,0.000032,0.010464,0.376475,0
2812,1,0.010000,0.000032,0.010464,0.376475,0
2813,1,0.010000,0.000032,0.010464,0.376474,1
2814,1,0.010000,0.000032,0.010464,0.376473,1
2815,1,0.010000,0.000032,0.010464,0.376473,1
2816,1,0.010000,0.000032,0.010464,0.376472,1
2817,1,0.010000,0.000032,0.010464,0.376471,1
2818,1,0.010000,0.000032,0.010464,0.376471,1
2819,1,0.010000,0.000032,0.010464,0.376470,1
2820,1,0.010000,0.000032,0.010464,0.376469,1
2821,1,0.010000,0.000032,0.010464,0.376469,1
2822,1,0.010000,0.000032,0.010464,0.376468,1
2823,1,0.010000,0.000032,0.010464,0.376467,1
2824,1,0.010000,0.000032,0.010464,0.376467,1
2825,1,0.010000,0.000032,0.010464,0.376466,1
2826,1,0.010000,0.000032,0.010464,0.376465,1
2827,1,0.010000,0.000031,0.010464,0.376465,1
2828,1,0.010000,0.000031,0.010464,0.376464,1
2829,1,0.010000,0.000031,0.010464,0.376463,1
2830,1,0.010000,0.000031,0.010464,0.376463,1
2831,1,0.010000,0.000031,0.010464,0.376462,1
2832,1,0.010000,0.000031,0.010464,0.376462,1
2833,1,0.010000,0.000031,0.010464,0.376461,1
2834,1,0.010000,0.000031,0.010464,0.376460,1
2835,1,0.010000,0.000031,0.010464,0.376460,0
2836,1,0.010000,0.000031,0.010464,0.376459,1
2837,1,0.010000,0.000031,0.010464,0.376458,1
2838,1,0.010000,0.000031,0.010464,0.376458,1
2839,1,0.010000,0.000031,0.010464,0.376457,1
2840,1,0.010000,0.000031,0.010464,0.376457,0
2841,1,0.010000,0.000031,0.010464,0.376456,1
2842,1,0.010000,0.000031,0.010464,0.376455,0
2843,1,0.010000,0.000031,0.010464,0.376455,1
2844,1,0.010000,0.000031,0.010464,0.376454,1
2845,1,0.010000,0.000031,0.010464,0.376453,1
2846,1,0.010000,0.000031,0.010464,0.376453,1
2847,1,0.010000,0.000031,0.010464,0.376452,0
2848,1,0.010000,0.000031,0.010464,0.376452,1
2849,1,0.010000,0.000030,0.010464,0.376451,1
2850,1,0.010000,0.000030,0.010464,0.376450,0
2851,1,0.010000,0.000030,0.010464,0.376450,1
2852,1,0.010000,0.000030,0.010464,0.376449,1
2853,1,0.010000,0.000030,0.010464,0.376449,1
2854,1,0.010000,0.000030,0.010464,0.376448,1
2855,1,0.010000,0.000030,0.010464,0.376447,1
2856,1,0.010000,0.000030,0.010464,0.376447,1
2857,1,0.010000,0.000030,0.010464,0.376446,1
2858,1,0.010000,0.000030,0.010464,0.376446,0
2859,1,0.010000,0.000030,0.010464,0.376445,1
2860,1,0.010000,0.000030,0.010464,0.376444,1
2861,1,0.010000,0.000030,0.010464,0.376444,0
2862,1,0.010000,0.000030,0.010464,0.376443,0
2863,1,0.010000,0.000030,0.010464,0.376443,1
2864,1,0.010000,0.000030,0.010464,0.376442,1
2865,1,0.010000,0.000030,0.010464,0.376441,1
2866,1,0.010000,0.000030,0.010464,0.376441,1
2867,1,0.010000,0.000030,0.010464,0.376440,1
2868,1,0.010000,0.000030,0.010464,0.376440,1
2869,1,0.010000,0.000030,0.010464,0.376439,1
2870,1,0.010000,0.000030,0.010464,0.376438,1
2871,1,0.010000,0.000030,0.010464,0.376438,1
2872,1,0.010000,0.000029,0.010464,0.376437,1
2873,1,0.010000,0.000029,0.010464,0.376437,0
2874,1,0.010000,0.000029,0.010464,0.376436,1
2875,1,0.010000,0.000029,0.010464,0.376436,1
2876,1,0.010000,0.000029,0.010464,0.376435,1
2877,1,0.010000,0.000029,0.010464,0.376434,1
2878,1,0.010000,0.000029,0.010464,0.376434,1
2879,1,0.010000,0.000029,0.010464,0.376433,1
2880,1,0.010000,0.000029,0.010464,0.376433,0
2881,1,0.010000,0.000029,0.010464,0.376432,0
2882,1,0.010000,0.000029,0.010464,0.376432,1
2883,1,0.010000,0.000029,0.010464,0.376431,1
2884,1,0.010000,0.000029,0.010464,0.376430,1
2885,1,0.010000,0.000029,0.010464,0.376430,1
2886,1,0.010000,0.000029,0.010464,0.376429,0
2887,1,0.010000,0.000029,0.010464,0.376429,1
2888,1,0.010000,0.000029,0.010464,0.376428,1
2889,1,0.010000,0.000029,0.010464,0.376428,1
2890,1,0.010000,0.000029,0.010464,0.376427,1
2891,1,0.010000,0.000029,0.010464,0.376427,1
2892,1,0.010000,0.000029,0.010464,0.376426,1
2893,1,0.010000,0.000029,0.010464,0.376425,1
2894,1,0.010000,0.000029,0.010464,0.376425,1
2895,1,0.010000,0.000029,0.010464,0.376424,0
2896,1,0.010000,0.000029,0.010464,0.376424,1
2897,1,0.010000,0.000028,0.010464,0.376423,1
2898,1,0.010000,0.000028,0.010464,0.376423,1
2899,1,0.010000,0.000028,0.010464,0.376422,0
2900,1,0.010000,0.000028,0.010464,0.376422,1
2901,1,0.010000,0.000028,0.010464,0.376421,1
2902,1,0.010000,0.000028,0.010464,0.376420,1
2903,1,0.010000,0.000028,0.010464,0.376420,1
2904,1,0.010000,0.000028,0.010464,0.376419,1
2905,1,0.010000,0.000028,0.010464,0.376419,1
2906,1,0.010000,0.000028,0.010464,0.376418,1
2907,1,0.010000,0.000028,0.010464,0.376418,1
2908,1,0.010000,0.000028,0.010464,0.376417,1
2909,1,0.010000,0.000028,0.010464,0.376417,1
2910,1,0.010000,0.000028,0.010464,0.376416,0
2911,1,0.010000,0.000028,0.010464,0.376416,0
2912,1,0.010000,0.000028,0.010464,0.376415,1
2913,1,0.010000,0.000028,0.010464,0.376415,1
2914,1,0.010000,0.000028,0.010464,0.376414,1
2915,1,0.010000,0.000028,0.010464,0.376414,1
2916,1,0.010000,0.000028,0.010464,0.376413,1
2917,1,0.010000,0.000028,0.010464,0.376412,1
2918,1,0.010000,0.000028,0.010464,0.376412,1
2919,1,0.010000,0.000028,0.010464,0.376411,1
2920,1,0.010000,0.000028,0.010464,0.376411,1
2921,1,0.010000,0.000028,0.010464,0.376410,1
2922,1,0.010000,0.000028,0.010464,0.376410,1
2923,1,0.010000,0.000027,0.010464,0.376409,1
2924,1,0.010000,0.000027,0.010464,0.376409,1
2925,1,0.010000,0.000027,0.010464,0.376408,1
2926,1,0.010000,0.000027,0.010464,0.376408,1
2927,1,0.010000,0.000027,0.010464,0.376407,1
2928,1,0.010000,0.000027,0.010464,0.376407,1
2929,1,0.010000,0.000027,0.010464,0.376406,1
2930,1,0.010000,0.000027,0.010464,0.376406,1
2931,1,0.010000,0.000027,0.010464,0.376405,1
2932,1,0.010000,0.000027,0.010464,0.376405,1
2933,1,0.010000,0.000027,0.010464,0.376404,1
2934,1,0.010000,0.000027,0.010464,0.376404,1
2935,1,0.010000,0.000027,0.010464,0.376403,0
2936,1,0.010000,0.000027,0.010464,0.376403,1
2937,1,0.010000,0.000027,0.010464,0.376402,1
2938,1,0.010000,0.000027,0.010464,0.376402,0
2939,1,0.010000,0.000027,0.010464,0.376401,0
2940,1,0.010000,0.000027,0.010464,0.376401,1
2941,1,0.010000,0.000027,0.010464,0.376400,0
2942,1,0.010000,0.000027,0.010464,0.376400,1
2943,1,0.010000,0.000027,0.010464,0.376399,1
2944,1,0.010000,0.000027,0.010464,0.376399,1
2945,1,0.010000,0.000027,0.010464,0.376398,0
2946,1,0.010000,0.000027,0.010464,0.376398,1
2947,1,0.010000,0.000027,0.010464,0.376397,1
2948,1,0.010000,0.000027,0.010464,0.376397,0
2949,1,0.010000,0.000027,0.010464,0.376396,1
2950,1,0.010000,0.000027,0.010464,0.376396,1
2951,1,0.010000,0.000026,0.010464,0.376395,1
2952,1,0.010000,0.000026,0.010464,0.376395,1
2953,1,0.010000,0.000026,0.010464,0.376394,1
2954,1,0.010000,0.000026,0.010464,0.376394,0
2955,1,0.010000,0.000026,0.010464,0.376393,1
2956,1,0.010000,0.000026,0.010464,0.376393,1
2957,1,0.010000,0.000026,0.010464,0.376392,0
2958,1,0.010000,0.000026,0.010464,0.376392,1
2959,1,0.010000,0.000026,0.010464,0.376391,1
2960,1,0.010000,0.000026,0.010464,0.376391,1
2961,1,0.010000,0.000026,0.010464,0.376390,1
2962,1,0.010000,0.000026,0.010464,0.376390,1
2963,1,0.010000,0.000026,0.010464,0.376389,1
2964,1,0.010000,0.000026,0.010464,0.376389,1
2965,1,0.010000,0.000026,0.010464,0.376388,1
2966,1,0.010000,0.000026,0.010464,0.376388,0
2967,1,0.010000,0.000026,0.010464,0.376387,1
2968,1,0.010000,0.000026,0.010464,0.376387,1
2969,1,0.010000,0.000026,0.010464,0.376386,0
2970,1,0.010000,0.000026,0.010464,0.376386,0
2971,1,0.010000,0.000026,0.010464,0.376385,0
2972,1,0.010000,0.000026,0.010464,0.376385,1
2973,1,0.010000,0.000026,0.010464,0.376385,1
2974,1,0.010000,0.000026,0.010464,0.376384,1
2975,1,0.010000,0.000026,0.010464,0.376384,1
2976,1,0.010000,0.000026,0.010464,0.376383,0
2977,1,0.010000,0.000026,0.010464,0.376383,1
2978,1,0.010000,0.000026,0.010464,0.376382,1
2979,1,0.010000,0.000026,0.010464,0.376382,1
2980,1,0.010000,0.000025,0.010464,0.376381,1
2981,1,0.010000,0.000025,0.010464,0.376381,1
2982,1,0.010000,0.000025,0.010464,0.376380,1
2983,1,0.010000,0.000025,0.010464,0.376380,0
2984,1,0.010000,0.000025,0.010464,0.376379,0
2985,1,0.010000,0.000025,0.010464,0.376379,1
2986,1,0.010000,0.000025,0.010464,0.376378,0
2987,1,0.010000,0.000025,0.010464,0.376378,1
2988,1,0.010000,0.000025,0.010464,0.376378,1
2989,1,0.010000,0.000025,0.010464,0.376377,1
2990,1,0.010000,0.000025,0.010464,0.376377,1
2991,1,0.010000,0.000025,0.010464,0.376376,1
2992,1,0.010000,0.000025,0.010464,0.376376,1
2993,1,0.010000,0.000025,0.010464,0.376375,1
2994,1,0.010000,0.000025,0.010464,0.376375,1
2995,1,0.010000,0.000025,0.010464,0.376374,1
2996,1,0.010000,0.000025,0.010464,0.376374,1
2997,1,0.010000,0.000025,0.010464,0.376373,1
2998,1,0.010000,0.000025,0.010464,0.376373,1
2999,1,0.010000,0.000025,0.010464,0.376373,1
3000,1,0.010000,0.000025,0.010464,0.376372,1
3001,1,0.010000,0.000025,0.010464,0.376372,0
3002,1,0.010000,0.000025,0.010464,0.376371,1
3003,1,0.010000,0.000025,0.010464,0.376371,1
3004,1,0.010000,0.000025,0.010464,0.376370,1
3005,1,0.010000,0.000025,0.010464,0.376370,0
3006,1,0.010000,0.000025,0.010464,0.376369,1
3007,1,0.010000,0.000025,0.010464,0.376369,0
3008,1,0.010000,0.000025,0.010464,0.376369,1
3009,1,0.010000,0.000025,0.010464,0.376368,0
3010,1,0.010000,0.000025,0.010464,0.376368,1
3011,1,0.010000,0.000024,0.010464,0.376367,1
3012,1,0.010000,0.000024,0.010464,0.376367,1
3013,1,0.010000,0.000024,0.010464,0.376366,1
3014,1,0.010000,0.000024,0.010464,0.376366,1
3015,1,0.010000,0.000024,0.010464,0.376365,0
3016,1,0.010000,0.000024,0.010464,0.376365,1
3017,1,0.010000,0.000024,0.010464,0.376365,1
3018,1,0.010000,0.000024,0.010464,0.376364,1
3019,1,0.010000,0.000024,0.010464,0.376364,1
3020,1,0.010000,0.000024,0.010464,0.376363,1
3021,1,0.010000,0.000024,0.010464,0.376363,0
3022,1,0.010000,0.000024,0.010464,0.376362,1
3023,1,0.010000,0.000024,0.010464,0.376362,1
3024,1,0.010000,0.000024,0.010464,0.376362,1
3025,1,0.010000,0.000024,0.010464,0.376361,1
3026,1,0.010000,0.000024,0.010464,0.376361,1
3027,1,0.010000,0.000024,0.010464,0.376360,1
3028,1,0.010000,0.000024,0.010464,0.376360,1
3029,1,0.010000,0.000024,0.010464,0.376359,1
3030,1,0.010000,0.000024,0.010464,0.376359,1
3031,1,0.010000,0.000024,0.010464,0.376359,0
3032,1,0.010000,0.000024,0.010464,0.376358,1
3033,1,0.010000,0.000024,0.010464,0.376358,1
3034,1,0.010000,0.000024,0.010464,0.376357,1
3035,1,0.010000,0.000024,0.010464,0.376357,1
3036,1,0.010000,0.000024,0.010464,0.376357,1
3037,1,0.010000,0.000024,0.010464,0.376356,0
3038,1,0.010000,0.000024,0.010464,0.376356,1
3039,1,0.010000,0.000024,0.010464,0.376355,1
3040,1,0.010000,0.000024,0.010464,0.376355,0
3041,1,0.010000,0.000024,0.010464,0.376354,1
3042,1,0.010000,0.000024,0.010464,0.376354,1
3043,1,0.010000,0.000024,0.010464,0.376354,1
3044,1,0.010000,0.000023,0.010464,0.376353,1
3045,1,0.010000,0.000023,0.010464,0.376353,1
3046,1,0.010000,0.000023,0.010464,0.376352,1
3047,1,0.010000,0.000023,0.010464,0.376352,0
3048,1,0.010000,0.000023,0.010464,0.376352,1
3049,1,0.010000,0.000023,0.010464,0.376351,1
3050,1,0.010000,0.000023,0.010464,0.376351,1
3051,1,0.010000,0.000023,0.010464,0.376350,1
3052,1,0.010000,0.000023,0.010464,0.376350,0
3053,1,0.010000,0.000023,0.010464,0.376350,1
3054,1,0.010000,0.000023,0.010464,0.376349,1
3055,1,0.010000,0.000023,0.010464,0.376349,1
3056,1,0.010000,0.000023,0.010464,0.376348,1
3057,1,0.010000,0.000023,0.010464,0.376348,1
3058,1,0.010000,0.000023,0.010464,0.376348,1
3059,1,0.010000,0.000023,0.010464,0.376347,1
3060,1,0.010000,0.000023,0.010464,0.376347,1
3061,1,0.010000,0.000023,0.010464,0.376346,0
3062,1,0.010000,0.000023,0.010464,0.376346,1
3063,1,0.010000,0.000023,0.010464,0.376346,1
3064,1,0.010000,0.000023,0.010464,0.376345,0
3065,1,0.010000,0.000023,0.010464,0.376345,0
3066,1,0.010000,0.000023,0.010464,0.376344,1
3067,1,0.010000,0.000023,0.010464,0.376344,1
3068,1,0.010000,0.000023,0.010464,0.376344,1
3069,1,0.010000,0.000023,0.010464,0.376343,1
3070,1,0.010000,0.000023,0.010464,0.376343,1
3071,1,0.010000,0.000023,0.010464,0.376342,1
3072,1,0.010000,0.000023,0.010464,0.376342,0
3073,1,0.010000,0.000023,0.010464,0.376342,0
3074,1,0.010000,0.000023,0.010464,0.376341,1
3075,1,0.010000,0.000023,0.010464,0.376341,1
3076,1,0.010000,0.000023,0.010464,0.376340,1
3077,1,0.010000,0.000023,0.010464,0.376340,1
3078,1,0.010000,0.000023,0.010464,0.376340,1
3079,1,0.010000,0.000022,0.010464,0.376339,1
3080,1,0.010000,0.000022,0.010464,0.376339,1
3081,1,0.010000,0.000022,0.010464,0.376339,1
3082,1,0.010000,0.000022,0.010464,0.376338,1
3083,1,0.010000,0.000022,0.010464,0.376338,1
3084,1,0.010000,0.000022,0.010464,0.376337,1
3085,1,0.010000,0.000022,0.010464,0.376337,0
3086,1,0.010000,0.000022,0.010464,0.376337,1
3087,1,0.010000,0.000022,0.010464,0.376336,1
3088,1,0.010000,0.000022,0.010464,0.376336,1
3089,1,0.010000,0.000022,0.010464,0.376335,1
3090,1,0.010000,0.000022,0.010464,0.376335,1
3091,1,0.010000,0.000022,0.010464,0.376335,1
3092,1,0.010000,0.000022,0.010464,0.376334,1
3093,1,0.010000,0.000022,0.010464,0.376334,1
3094,1,0.010000,0.000022,0.010464,0.376334,1
3095,1,0.010000,0.000022,0.010464,0.376333,1
3096,1,0.010000,0.000022,0.010464,0.376333,0
3097,1,0.010000,0.000022,0.010464,0.376332,1
3098,1,0.010000,0.000022,0.010464,0.376332,1
3099,1,0.010000,0.000022,0.010464,0.376332,1
3100,1,0.010000,0.000022,0.010464,0.376331,1
3101,1,0.010000,0.000022,0.010464,0.376331,1
3102,1,0.010000,0.000022,0.010464,0.376331,1
3103,1,0.010000,0.000022,0.010464,0.376330,1
3104,1,0.010000,0.000022,0.010464,0.376330,1
3105,1,0.010000,0.000022,0.010464,0.376330,1
3106,1,0.010000,0.000022,0.010464,0.376329,1
3107,1,0.010000,0.000022,0.010464,0.376329,1
3108,1,0.010000,0.000022,0.010464,0.376328,1
3109,1,0.010000,0.000022,0.010464,0.376328,1
3110,1,0.010000,0.000022,0.010464,0.376328,1
3111,1,0.010000,0.000022,0.010464,0.376327,1
3112,1,0.010000,0.000022,0.010464,0.376327,1
3113,1,0.010000,0.000022,0.010464,0.376327,1
3114,1,0.010000,0.000022,0.010464,0.376326,1
3115,1,0.010000,0.000022,0.010464,0.376326,1
3116,1,0.010000,0.000021,0.010464,0.376326,1
3117,1,0.010000,0.000021,0.010464,0.376325,1
3118,1,0.010000,0.000021,0.010464,0.376325,0
3119,1,0.010000,0.000021,0.010464,0.376324,1
3120,1,0.010000,0.000021,0.010464,0.376324,1
3121,1,0.010000,0.000021,0.010464,0.376324,1
3122,1,0.010000,0.000021,0.010464,0.376323,1
3123,1,0.010000,0.000021,0.010464,0.376323,1
3124,1,0.010000,0.000021,0.010464,0.376323,0
3125,1,0.010000,0.000021,0.010464,0.376322,1
3126,1,0.010000,0.000021,0.010464,0.376322,1
3127,1,0.010000,0.000021,0.010464,0.376322,1
3128,1,0.010000,0.000021,0.010464,0.376321,1
3129,1,0.010000,0.000021,0.010464,0.376321,1
3130,1,0.010000,0.000021,0.010464,0.376321,1
3131,1,0.010000,0.000021,0.010464,0.376320,0
3132,1,0.010000,0.000021,0.010464,0.376320,1
3133,1,0.010000,0.000021,0.010464,0.376320,1
3134,1,0.010000,0.000021,0.010464,0.376319,1
3135,1,0.010000,0.000021,0.010464,0.376319,1
3136,1,0.010000,0.000021,0.010464,0.376318,1
3137,1,0.010000,0.000021,0.010464,0.376318,0
3138,1,0.010000,0.000021,0.010464,0.376318,0
3139,1,0.010000,0.000021,0.010464,0.376317,1
3140,1,0.010000,0.000021,0.010464,0.376317,1
3141,1,0.010000,0.000021,0.010464,0.376317,1
3142,1,0.010000,0.000021,0.010464,0.376316,1
3143,1,0.010000,0.000021,0.010464,0.376316,1
3144,1,0.010000,0.000021,0.010464,0.376316,1
3145,1,0.010000,0.000021,0.010464,0.376315,1
3146,1,0.010000,0.000021,0.010464,0.376315,0
3147,1,0.010000,0.000021,0.010464,0.376315,0
3148,1,0.010000,0.000021,0.010464,0.376314,1
3149,1,0.010000,0.000021,0.010464,0.376314,0
3150,1,0.010000,0.000021,0.010464,0.376314,1
3151,1,0.010000,0.000021,0.010464,0.376313,1
3152,1,0.010000,0.000021,0.010464,0.376313,1
3153,1,0.010000,0.000021,0.010464,0.376313,0
3154,1,0.010000,0.000021,0.010464,0.376312,1
3155,1,0.010000,0.000021,0.010464,0.376312,1
3156,1,0.010000,0.000021,0.010464,0.376312,1
3157,1,0.010000,0.000020,0.010464,0.376311,1
3158,1,0.010000,0.000020,0.010464,0.376311,0
3159,1,0.010000,0.000020,0.010464,0.376311,1
3160,1,0.010000,0.000020,0.010464,0.376310,1
3161,1,0.010000,0.000020,0.010464,0.376310,1
3162,1,0.010000,0.000020,0.010464,0.376310,0
3163,1,0.010000,0.000020,0.010464,0.376309,1
3164,1,0.010000,0.000020,0.010464,0.376309,0
3165,1,0.010000,0.000020,0.010464,0.376309,0
3166,1,0.010000,0.000020,0.010464,0.376308,1
3167,1,0.010000,0.000020,0.010464,0.376308,0
3168,1,0.010000,0.000020,0.010464,0.376308,1
3169,1,0.010000,0.000020,0.010464,0.376307,1
3170,1,0.010000,0.000020,0.010464,0.376307,1
3171,1,0.010000,0.000020,0.010464,0.376307,1
3172,1,0.010000,0.000020,0.010464,0.376306,1
3173,1,0.010000,0.000020,0.010464,0.376306,1
3174,1,0.010000,0.000020,0.010464,0.376306,1
3175,1,0.010000,0.000020,0.010464,0.376305,1
3176,1,0.010000,0.000020,0.010464,0.376305,0
3177,1,0.010000,0.000020,0.010464,0.376305,1
3178,1,0.010000,0.000020,0.010464,0.376304,0
3179,1,0.010000,0.000020,0.010464,0.376304,1
3180,1,0.010000,0.000020,0.010464,0.376304,1
3181,1,0.010000,0.000020,0.010464,0.376303,1
3182,1,0.010000,0.000020,0.010464,0.376303,1
3183,1,0.010000,0.000020,0.010464,0.376303,1
3184,1,0.010000,0.000020,0.010464,0.376303,1
3185,1,0.010000,0.000020,0.010464,0.376302,1
3186,1,0.010000,0.000020,0.010464,0.376302,1
3187,1,0.010000,0.000020,0.010464,0.376302,1
3188,1,0.010000,0.000020,0.010464,0.376301,1
3189,1,0.010000,0.000020,0.010464,0.376301,1
3190,1,0.010000,0.000020,0.010464,0.376301,1
3191,1,0.010000,0.000020,0.010464,0.376300,1
3192,1,0.010000,0.000020,0.010464,0.376300,1
3193,1,0.010000,0.000020,0.010464,0.376300,1
3194,1,0.010000,0.000020,0.010464,0.376299,1
3195,1,0.010000,0.000020,0.010464,0.376299,0
3196,1,0.010000,0.000020,0.010464,0.376299,1
3197,1,0.010000,0.000020,0.010464,0.376298,1
3198,1,0.010000,0.000020,0.010464,0.376298,0
3199,1,0.010000,0.000020,0.010464,0.376298,1
3200,1,0.010000,0.000019,0.010464,0.376298,1
3201,1,0.010000,0.000019,0.010464,0.376297,1
3202,1,0.010000,0.000019,0.010464,0.376297,1
3203,1,0.010000,0.000019,0.010464,0.376297,1
3204,1,0.010000,0.000019,0.010464,0.376296,1
3205,1,0.010000,0.000019,0.010464,0.376296,1
3206,1,0.010000,0.000019,0.010464,0.376296,1
3207,1,0.010000,0.000019,0.010464,0.376295,1
3208,1,0.010000,0.000019,0.010464,0.376295,1
3209,1,0.010000,0.000019,0.010464,0.376295,1
3210,1,0.010000,0.000019,0.010464,0.376294,1
3211,1,0.010000,0.000019,0.010464,0.376294,0
3212,1,0.010000,0.000019,0.010464,0.376294,1
3213,1,0.010000,0.000019,0.010464,0.376294,1
3214,1,0.010000,0.000019,0.010464,0.376293,1
3215,1,0.010000,0.000019,0.010464,0.376293,1
3216,1,0.010000,0.000019,0.010464,0.376293,0
3217,1,0.010000,0.000019,0.010464,0.376292,1
3218,1,0.010000,0.000019,0.010464,0.376292,1
3219,1,0.010000,0.000019,0.010464,0.376292,1
3220,1,0.010000,0.000019,0.010464,0.376291,1
3221,1,0.010000,0.000019,0.010464,0.376291,1
3222,1,0.010000,0.000019,0.010464,0.376291,1
3223,1,0.010000,0.000019,0.010464,0.376290,0
3224,1,0.010000,0.000019,0.010464,0.376290,0
3225,1,0.010000,0.000019,0.010464,0.376290,1
3226,1,0.010000,0.000019,0.010464,0.376290,0
3227,1,0.010000,0.000019,0.010464,0.376289,1
3228,1,0.010000,0.000019,0.010464,0.376289,0
3229,1,0.010000,0.000019,0.010464,0.376289,1
3230,1,0.010000,0.000019,0.010464,0.376288,1
3231,1,0.010000,0.000019,0.010464,0.376288,1
3232,1,0.010000,0.000019,0.010464,0.376288,1
3233,1,0.010000,0.000019,0.010464,0.376288,0
3234,1,0.010000,0.000019,0.010464,0.376287,0
3235,1,0.010000,0.000019,0.010464,0.376287,0
3236,1,0.010000,0.000019,0.010464,0.376287,0
3237,1,0.010000,0.000019,0.010464,0.376286,1
3238,1,0.010000,0.000019,0.010464,0.376286,1
3239,1,0.010000,0.000019,0.010464,0.376286,1
3240,1,0.010000,0.000019,0.010464,0.376286,1
3241,1,0.010000,0.000019,0.010464,0.376285,1
3242,1,0.010000,0.000019,0.010464,0.376285,0
3243,1,0.010000,0.000019,0.010464,0.376285,0
3244,1,0.010000,0.000019,0.010464,0.376284,1
3245,1,0.010000,0.000019,0.010464,0.376284,1
3246,1,0.010000,0.000018,0.010464,0.376284,1
3247,1,0.010000,0.000018,0.010464,0.376283,1
3248,1,0.010000,0.000018,0.010464,0.376283,1
3249,1,0.010000,0.000018,0.010464,0.376283,1
3250,1,0.010000,0.000018,0.010464,0.376283,1
3251,1,0.010000,0.000018,0.010464,0.376282,1
3252,1,0.010000,0.000018,0.010464,0.376282,1
3253,1,0.010000,0.000018,0.010464,0.376282,1
3254,1,0.010000,0.000018,0.010464,0.376281,1
3255,1,0.010000,0.000018,0.010464,0.376281,0
3256,1,0.010000,0.000018,0.010464,0.376281,1
3257,1,0.010000,0.000018,0.010464,0.376281,1
3258,1,0.010000,0.000018,0.010464,0.376280,1
3259,1,0.010000,0.000018,0.010464,0.376280,1
3260,1,0.010000,0.000018,0.010464,0.376280,0
3261,1,0.010000,0.000018,0.010464,0.376280,1
3262,1,0.010000,0.000018,0.010464,0.376279,0
3263,1,0.010000,0.000018,0.010464,0.376279,1
3264,1,0.010000,0.000018,0.010464,0.376279,1
3265,1,0.010000,0.000018,0.010464,0.376278,1
3266,1,0.010000,0.000018,0.010464,0.376278,1
3267,1,0.010000,0.000018,0.010464,0.376278,1
3268,1,0.010000,0.000018,0.010464,0.376278,1
3269,1,0.010000,0.000018,0.010464,0.376277,0
3270,1,0.010000,0.000018,0.010464,0.376277,1
3271,1,0.010000,0.000018,0.010464,0.376277,1
3272,1,0.010000,0.000018,0.010464,0.376276,0
3273,1,0.010000,0.000018,0.010464,0.376276,0
3274,1,0.010000,0.000018,0.010464,0.376276,1
3275,1,0.010000,0.000018,0.010464,0.376276,0
3276,1,0.010000,0.000018,0.010464,0.376275,1
3277,1,0.010000,0.000018,0.010464,0.376275,0
3278,1,0.010000,0.000018,0.010464,0.376275,1
3279,1,0.010000,0.000018,0.010464,0.376275,1
3280,1,0.010000,0.000018,0.010464,0.376274,0
3281,1,0.010000,0.000018,0.010464,0.376274,1
3282,1,0.010000,0.000018,0.010464,0.376274,0
3283,1,0.010000,0.000018,0.010464,0.376273,1
3284,1,0.010000,0.000018,0.010464,0.376273,1
3285,1,0.010000,0.000018,0.010464,0.376273,1
3286,1,0.010000,0.000018,0.010464,0.376273,1
3287,1,0.010000,0.000018,0.010464,0.376272,0
3288,1,0.010000,0.000018,0.010464,0.376272,1
3289,1,0.010000,0.000018,0.010464,0.376272,1
3290,1,0.010000,0.000018,0.010464,0.376272,1
3291,1,0.010000,0.000018,0.010464,0.376271,1
3292,1,0.010000,0.000018,0.010464,0.376271,1
3293,1,0.010000,0.000018,0.010464,0.376271,1
3294,1,0.010000,0.000018,0.010464,0.376271,1
3295,1,0.010000,0.000018,0.010464,0.376270,0
3296,1,0.010000,0.000018,0.010464,0.376270,0
3297,1,0.010000,0.000017,0.010464,0.376270,1
3298,1,0.010000,0.000017,0.010464,0.376269,1
3299,1,0.010000,0.000017,0.010464,0.376269,1
3300,1,0.010000,0.000017,0.010464,0.376269,1
3301,1,0.010000,0.000017,0.010464,0.376269,1
3302,1,0.010000,0.000017,0.010464,0.376268,1
3303,1,0.010000,0.000017,0.010464,0.376268,1
3304,1,0.010000,0.000017,0.010464,0.376268,0
3305,1,0.010000,0.000017,0.010464,0.376268,1
3306,1,0.010000,0.000017,0.010464,0.376267,1
3307,1,0.010000,0.000017,0.010464,0.376267,1
3308,1,0.010000,0.000017,0.010464,0.376267,0
3309,1,0.010000,0.000017,0.010464,0.376267,1
3310,1,0.010000,0.000017,0.010464,0.376266,0
3311,1,0.010000,0.000017,0.010464,0.376266,1
3312,1,0.010000,0.000017,0.010464,0.376266,1
3313,1,0.010000,0.000017,0.010464,0.376266,1
3314,1,0.010000,0.000017,0.010464,0.376265,1
3315,1,0.010000,0.000017,0.010464,0.376265,1
3316,1,0.010000,0.000017,0.010464,0.376265,1
3317,1,0.010000,0.000017,0.010464,0.376265,1
3318,1,0.010000,0.000017,0.010464,0.376264,1
3319,1,0.010000,0.000017,0.010464,0.376264,1
3320,1,0.010000,0.000017,0.010464,0.376264,1
3321,1,0.010000,0.000017,0.010464,0.376264,1
3322,1,0.010000,0.000017,0.010464,0.376263,1
3323,1,0.010000,0.000017,0.010464,0.376263,1
3324,1,0.010000,0.000017,0.010464,0.376263,1
3325,1,0.010000,0.000017,0.010464,0.376262,1
3326,1,0.010000,0.000017,0.010464,0.376262,1
3327,1,0.010000,0.000017,0.010464,0.376262,1
3328,1,0.010000,0.000017,0.010464,0.376262,0
3329,1,0.010000,0.000017,0.010464,0.376261,1
3330,1,0.010000,0.000017,0.010464,0.376261,1
3331,1,0.010000,0.000017,0.010464,0.376261,0
3332,1,0.010000,0.000017,0.010464,0.376261,1
3333,1,0.010000,0.000017,0.010464,0.376260,1
3334,1,0.010000,0.000017,0.010464,0.376260,1
3335,1,0.010000,0.000017,0.010464,0.376260,1
3336,1,0.010000,0.000017,0.010464,0.376260,1
3337,1,0.010000,0.000017,0.010464,0.376259,1
3338,1,0.010000,0.000017,0.010464,0.376259,1
3339,1,0.010000,0.000017,0.010464,0.376259,1
3340,1,0.010000,0.000017,0.010464,0.376259,1
3341,1,0.010000,0.000017,0.010464,0.376259,1
3342,1,0.010000,0.000017,0.010464,0.376258,1
3343,1,0.010000,0.000017,0.010464,0.376258,0
3344,1,0.010000,0.000017,0.010464,0.376258,1
3345,1,0.010000,0.000017,0.010464,0.376258,1
3346,1,0.010000,0.000017,0.010464,0.376257,1
3347,1,0.010000,0.000017,0.010464,0.376257,1
3348,1,0.010000,0.000017,0.010464,0.376257,1
3349,1,0.010000,0.000017,0.010464,0.376257,1
3350,1,0.010000,0.000017,0.010464,0.376256,1
3351,1,0.010000,0.000017,0.010464,0.376256,1
3352,1,0.010000,0.000016,0.010464,0.376256,1
3353,1,0.010000,0.000016,0.010464,0.376256,0
3354,1,0.010000,0.000016,0.010464,0.376255,1
3355,1,0.010000,0.000016,0.010464,0.376255,1
3356,1,0.010000,0.000016,0.010464,0.376255,1
3357,1,0.010000,0.000016,0.010464,0.376255,1
3358,1,0.010000,0.000016,0.010464,0.376254,1
3359,1,0.010000,0.000016,0.010464,0.376254,0
3360,1,0.010000,0.000016,0.010464,0.376254,1
3361,1,0.010000,0.000016,0.010464,0.376254,1
3362,1,0.010000,0.000016,0.010464,0.376253,0
3363,1,0.010000,0.000016,0.010464,0.376253,1
3364,1,0.010000,0.000016,0.010464,0.376253,0
3365,1,0.010000,0.000016,0.010464,0.376253,1
3366,1,0.010000,0.000016,0.010464,0.376253,1
3367,1,0.010000,0.000016,0.010464,0.376252,0
3368,1,0.010000,0.000016,0.010464,0.376252,1
3369,1,0.010000,0.000016,0.010464,0.376252,0
3370,1,0.010000,0.000016,0.010464,0.376252,1
3371,1,0.010000,0.000016,0.010464,0.376251,1
3372,1,0.010000,0.000016,0.010464,0.376251,1
3373,1,0.010000,0.000016,0.010464,0.376251,1
3374,1,0.010000,0.000016,0.010464,0.376251,1
3375,1,0.010000,0.000016,0.010464,0.376250,1
3376,1,0.010000,0.000016,0.010464,0.376250,1
3377,1,0.010000,0.000016,0.010464,0.376250,1
3378,1,0.010000,0.000016,0.010464,0.376250,0
3379,1,0.010000,0.000016,0.010464,0.376249,1
3380,1,0.010000,0.000016,0.010464,0.376249,1
3381,1,0.010000,0.000016,0.010464,0.376249,1
3382,1,0.010000,0.000016,0.010464,0.376249,1
3383,1,0.010000,0.000016,0.010464,0.376249,1
3384,1,0.010000,0.000016,0.010464,0.376248,0
3385,1,0.010000,0.000016,0.010464,0.376248,1
3386,1,0.010000,0.000016,0.010464,0.376248,1
3387,1,0.010000,0.000016,0.010464,0.376248,1
3388,1,0.010000,0.000016,0.010464,0.376247,1
3389,1,0.010000,0.000016,0.010464,0.376247,1
3390,1,0.010000,0.000016,0.010464,0.376247,1
3391,1,0.010000,0.000016,0.010464,0.376247,1
3392,1,0.010000,0.000016,0.010464,0.376247,1
3393,1,0.010000,0.000016,0.010464,0.376246,1
3394,1,0.010000,0.000016,0.010464,0.376246,1
3395,1,0.010000,0.000016,0.010464,0.376246,1
3396,1,0.010000,0.000016,0.010464,0.376246,1
3397,1,0.010000,0.000016,0.010464,0.376245,0
3398,1,0.010000,0.000016,0.010464,0.376245,1
3399,1,0.010000,0.000016,0.010464,0.376245,1
3400,1,0.010000,0.000016,0.010464,0.376245,1
3401,1,0.010000,0.000016,0.010464,0.376244,0
3402,1,0.010000,0.000016,0.010464,0.376244,1
3403,1,0.010000,0.000016,0.010464,0.376244,0
3404,1,0.010000,0.000016,0.010464,0.376244,1
3405,1,0.010000,0.000016,0.010464,0.376244,0
3406,1,0.010000,0.000016,0.010464,0.376243,1
3407,1,0.010000,0.000016,0.010464,0.376243,1
3408,1,0.010000,0.000016,0.010464,0.376243,0
3409,1,0.010000,0.000016,0.010464,0.376243,0
3410,1,0.010000,0.000016,0.010464,0.376242,1
3411,1,0.010000,0.000016,0.010464,0.376242,1
3412,1,0.010000,0.000016,0.010464,0.376242,1
3413,1,0.010000,0.000015,0.010464,0.376242,1
3414,1,0.010000,0.000015,0.010464,0.376242,1
3415,1,0.010000,0.000015,0.010464,0.376241,0
3416,1,0.010000,0.000015,0.010464,0.376241,1
3417,1,0.010000,0.000015,0.010464,0.376241,1
3418,1,0.010000,0.000015,0.010464,0.376241,1
3419,1,0.010000,0.000015,0.010464,0.376241,1
3420,1,0.010000,0.000015,0.010464,0.376240,1
3421,1,0.010000,0.000015,0.010464,0.376240,0
3422,1,0.010000,0.000015,0.010464,0.376240,1
3423,1,0.010000,0.000015,0.010464,0.376240,1
3424,1,0.010000,0.000015,0.010464,0.376239,1
3425,1,0.010000,0.000015,0.010464,0.376239,1
3426,1,0.010000,0.000015,0.010464,0.376239,1
3427,1,0.010000,0.000015,0.010464,0.376239,1
3428,1,0.010000,0.000015,0.010464,0.376239,1
3429,1,0.010000,0.000015,0.010464,0.376238,0
3430,1,0.010000,0.000015,0.010464,0.376238,1
3431,1,0.010000,0.000015,0.010464,0.376238,1
3432,1,0.010000,0.000015,0.010464,0.376238,1
3433,1,0.010000,0.000015,0.010464,0.376237,1
3434,1,0.010000,0.000015,0.010464,0.376237,1
3435,1,0.010000,0.000015,0.010464,0.376237,1
3436,1,0.010000,0.000015,0.010464,0.376237,1
3437,1,0.010000,0.000015,0.010464,0.376237,1
3438,1,0.010000,0.000015,0.010464,0.376236,1
3439,1,0.010000,0.000015,0.010464,0.376236,1
3440,1,0.010000,0.000015,0.010464,0.376236,1
3441,1,0.010000,0.000015,0.010464,0.376236,1
3442,1,0.010000,0.000015,0.010464,0.376236,1
3443,1,0.010000,0.000015,0.010464,0.376235,0
3444,1,0.010000,0.000015,0.010464,0.376235,1
3445,1,0.010000,0.000015,0.010464,0.376235,1
3446,1,0.010000,0.000015,0.010464,0.376235,1
3447,1,0.010000,0.000015,0.010464,0.376235,1
3448,1,0.010000,0.000015,0.010464,0.376234,1
3449,1,0.010000,0.000015,0.010464,0.376234,1
3450,1,0.010000,0.000015,0.010464,0.376234,1
3451,1,0.010000,0.000015,0.010464,0.376234,1
3452,1,0.010000,0.000015,0.010464,0.376233,1
3453,1,0.010000,0.000015,0.010464,0.376233,1
3454,1,0.010000,0.000015,0.010464,0.376233,1
3455,1,0.010000,0.000015,0.010464,0.376233,1
3456,1,0.010000,0.000015,0.010464,0.376233,1
3457,1,0.010000,0.000015,0.010464,0.376232,1
3458,1,0.010000,0.000015,0.010464,0.376232,1
3459,1,0.010000,0.000015,0.010464,0.376232,1
3460,1,0.010000,0.000015,0.010464,0.376232,1
3461,1,0.010000,0.000015,0.010464,0.376232,1
3462,1,0.010000,0.000015,0.010464,0.376231,0
3463,1,0.010000,0.000015,0.010464,0.376231,0
3464,1,0.010000,0.000015,0.010464,0.376231,1
3465,1,0.010000,0.000015,0.010464,0.376231,1
3466,1,0.010000,0.000015,0.010464,0.376231,1
3467,1,0.010000,0.000015,0.010464,0.376230,1
3468,1,0.010000,0.000015,0.010464,0.376230,1
3469,1,0.010000,0.000015,0.010464,0.376230,1
3470,1,0.010000,0.000015,0.010464,0.376230,1
3471,1,0.010000,0.000015,0.010464,0.376230,1
3472,1,0.010000,0.000015,0.010464,0.376229,1
3473,1,0.010000,0.000015,0.010464,0.376229,1
3474,1,0.010000,0.000015,0.010464,0.376229,1
3475,1,0.010000,0.000015,0.010464,0.376229,1
3476,1,0.010000,0.000015,0.010464,0.376229,1
3477,1,0.010000,0.000015,0.010464,0.376228,1
3478,1,0.010000,0.000015,0.010464,0.376228,1
3479,1,0.010000,0.000014,0.010464,0.376228,0
3480,1,0.010000,0.000014,0.010464,0.376228,0
3481,1,0.010000,0.000014,0.010464,0.376228,1
3482,1,0.010000,0.000014,0.010464,0.376227,0
3483,1,0.010000,0.000014,0.010464,0.376227,1
3484,1,0.010000,0.000014,0.010464,0.376227,1
3485,1,0.010000,0.000014,0.010464,0.376227,1
3486,1,0.010000,0.000014,0.010464,0.376227,1
3487,1,0.010000,0.000014,0.010464,0.376226,1
3488,1,0.010000,0.000014,0.010464,0.376226,1
3489,1,0.010000,0.000014,0.010464,0.376226,1
3490,1,0.010000,0.000014,0.010464,0.376226,1
3491,1,0.010000,0.000014,0.010464,0.376226,1
3492,1,0.010000,0.000014,0.010464,0.376225,0
3493,1,0.010000,0.000014,0.010464,0.376225,1
3494,1,0.010000,0.000014,0.010464,0.376225,1
3495,1,0.010000,0.000014,0.010464,0.376225,0
3496,1,0.010000,0.000014,0.010464,0.376225,1
3497,1,0.010000,0.000014,0.010464,0.376224,1
3498,1,0.010000,0.000014,0.010464,0.376224,0
3499,1,0.010000,0.000014,0.010464,0.376224,1
3500,1,0.010000,0.000014,0.010464,0.376224,0
3501,1,0.010000,0.000014,0.010464,0.376224,1
3502,1,0.010000,0.000014,0.010464,0.376224,1
3503,1,0.010000,0.000014,0.010464,0.376223,0
3504,1,0.010000,0.000014,0.010464,0.376223,1
3505,1,0.010000,0.000014,0.010464,0.376223,0
3506,1,0.010000,0.000014,0.010464,0.376223,1
3507,1,0.010000,0.000014,0.010464,0.376223,0
3508,1,0.010000,0.000014,0.010464,0.376222,1
3509,1,0.010000,0.000014,0.010464,0.376222,1
3510,1,0.010000,0.000014,0.010464,0.376222,1
3511,1,0.010000,0.000014,0.010464,0.376222,1
3512,1,0.010000,0.000014,0.010464,0.376222,1
3513,1,0.010000,0.000014,0.010464,0.376221,0
3514,1,0.010000,0.000014,0.010464,0.376221,1
3515,1,0.010000,0.000014,0.010464,0.376221,0
3516,1,0.010000,0.000014,0.010464,0.376221,1
3517,1,0.010000,0.000014,0.010464,0.376221,1
3518,1,0.010000,0.000014,0.010464,0.376220,1
3519,1,0.010000,0.000014,0.010464,0.376220,1
3520,1,0.010000,0.000014,0.010464,0.376220,1
3521,1,0.010000,0.000014,0.010464,0.376220,0
3522,1,0.010000,0.000014,0.010464,0.376220,0
3523,1,0.010000,0.000014,0.010464,0.376220,1
3524,1,0.010000,0.000014,0.010464,0.376219,1
3525,1,0.010000,0.000014,0.010464,0.376219,1
3526,1,0.010000,0.000014,0.010464,0.376219,1
3527,1,0.010000,0.000014,0.010464,0.376219,1
3528,1,0.010000,0.000014,0.010464,0.376219,1
3529,1,0.010000,0.000014,0.010464,0.376218,1
3530,1,0.010000,0.000014,0.010464,0.376218,1
3531,1,0.010000,0.000014,0.010464,0.376218,1
3532,1,0.010000,0.000014,0.010464,0.376218,1
3533,1,0.010000,0.000014,0.010464,0.376218,0
3534,1,0.010000,0.000014,0.010464,0.376218,1
3535,1,0.010000,0.000014,0.010464,0.376217,0
3536,1,0.010000,0.000014,0.010464,0.376217,1
3537,1,0.010000,0.000014,0.010464,0.376217,1
3538,1,0.010000,0.000014,0.010464,0.376217,1
3539,1,0.010000,0.000014,0.010464,0.376217,1
3540,1,0.010000,0.000014,0.010464,0.376216,1
3541,1,0.010000,0.000014,0.010464,0.376216,1
3542,1,0.010000,0.000014,0.010464,0.376216,1
3543,1,0.010000,0.000014,0.010464,0.376216,1
3544,1,0.010000,0.000014,0.010464,0.376216,1
3545,1,0.010000,0.000014,0.010464,0.376216,1
3546,1,0.010000,0.000014,0.010464,0.376215,1
3547,1,0.010000,0.000014,0.010464,0.376215,0
3548,1,0.010000,0.000014,0.010464,0.376215,1
3549,1,0.010000,0.000014,0.010464,0.376215,1
3550,1,0.010000,0.000014,0.010464,0.376215,0
3551,1,0.010000,0.000014,0.010464,0.376214,1
3552,1,0.010000,0.000014,0.010464,0.376214,1
3553,1,0.010000,0.000013,0.010464,0.376214,1
3554,1,0.010000,0.000013,0.010464,0.376214,1
3555,1,0.010000,0.000013,0.010464,0.376214,1
3556,1,0.010000,0.000013,0.010464,0.376214,1
3557,1,0.010000,0.000013,0.010464,0.376213,1
3558,1,0.010000,0.000013,0.010464,0.376213,1
3559,1,0.010000,0.000013,0.010464,0.376213,1
3560,1,0.010000,0.000013,0.010464,0.376213,1
3561,1,0.010000,0.000013,0.010464,0.376213,1
3562,1,0.010000,0.000013,0.010464,0.376212,0
3563,1,0.010000,0.000013,0.010464,0.376212,0
3564,1,0.010000,0.000013,0.010464,0.376212,1
3565,1,0.010000,0.000013,0.010464,0.376212,1
3566,1,0.010000,0.000013,0.010464,0.376212,1
3567,1,0.010000,0.000013,0.010464,0.376212,1
3568,1,0.010000,0.000013,0.010464,0.376211,1
3569,1,0.010000,0.000013,0.010464,0.376211,1
3570,1,0.010000,0.000013,0.010464,0.376211,1
3571,1,0.010000,0.000013,0.010464,0.376211,1
3572,1,0.010000,0.000013,0.010464,0.376211,1
3573,1,0.010000,0.000013,0.010464,0.376211,1
3574,1,0.010000,0.000013,0.010464,0.376210,1
3575,1,0.010000,0.000013,0.010464,0.376210,0
3576,1,0.010000,0.000013,0.010464,0.376210,1
3577,1,0.010000,0.000013,0.010464,0.376210,1
3578,1,0.010000,0.000013,0.010464,0.376210,1
3579,1,0.010000,0.000013,0.010464,0.376210,1
3580,1,0.010000,0.000013,0.010464,0.376209,1
3581,1,0.010000,0.000013,0.010464,0.376209,1
3582,1,0.010000,0.000013,0.010464,0.376209,1
3583,1,0.010000,0.000013,0.010464,0.376209,1
3584,1,0.010000,0.000013,0.010464,0.376209,1
3585,1,0.010000,0.000013,0.010464,0.376208,0
3586,1,0.010000,0.000013,0.010464,0.376208,1
3587,1,0.010000,0.000013,0.010464,0.376208,1
3588,1,0.010000,0.000013,0.010464,0.376208,1
3589,1,0.010000,0.000013,0.010464,0.376208,1
3590,1,0.010000,0.000013,0.010464,0.376208,1
3591,1,0.010000,0.000013,0.010464,0.376207,1
3592,1,0.010000,0.000013,0.010464,0.376207,1
3593,1,0.010000,0.000013,0.010464,0.376207,1
3594,1,0.010000,0.000013,0.010464,0.376207,1
3595,1,0.010000,0.000013,0.010464,0.376207,1
3596,1,0.010000,0.000013,0.010464,0.376207,1
3597,1,0.010000,0.000013,0.010464,0.376206,1
3598,1,0.010000,0.000013,0.010464,0.376206,1
3599,1,0.010000,0.000013,0.010464,0.376206,1
3600,1,0.010000,0.000013,0.010464,0.376206,0
3601,1,0.010000,0.000013,0.010464,0.376206,1
3602,1,0.010000,0.000013,0.010464,0.376206,1
3603,1,0.010000,0.000013,0.010464,0.376205,1
3604,1,0.010000,0.000013,0.010464,0.376205,0
3605,1,0.010000,0.000013,0.010464,0.376205,1
3606,1,0.010000,0.000013,0.010464,0.376205,1
3607,1,0.010000,0.000013,0.010464,0.376205,1
3608,1,0.010000,0.000013,0.010464,0.376205,0
3609,1,0.010000,0.000013,0.010464,0.376204,1
3610,1,0.010000,0.000013,0.010464,0.376204,1
3611,1,0.010000,0.000013,0.010464,0.376204,1
3612,1,0.010000,0.000013,0.010464,0.376204,1
3613,1,0.010000,0.000013,0.010464,0.376204,1
3614,1,0.010000,0.000013,0.010464,0.376204,0
3615,1,0.010000,0.000013,0.010464,0.376203,1
3616,1,0.010000,0.000013,0.010464,0.376203,1
3617,1,0.010000,0.000013,0.010464,0.376203,1
3618,1,0.010000,0.000013,0.010464,0.376203,1
3619,1,0.010000,0.000013,0.010464,0.376203,1
3620,1,0.010000,0.000013,0.010464,0.376203,1
3621,1,0.010000,0.000013,0.010464,0.376202,1
3622,1,0.010000,0.000013,0.010464,0.376202,1
3623,1,0.010000,0.000013,0.010464,0.376202,1
3624,1,0.010000,0.000013,0.010464,0.376202,1
3625,1,0.010000,0.000013,0.010464,0.376202,0
3626,1,0.010000,0.000013,0.010464,0.376202,1
3627,1,0.010000,0.000013,0.010464,0.376202,1
3628,1,0.010000,0.000013,0.010464,0.376201,1
3629,1,0.010000,0.000013,0.010464,0.376201,1
3630,1,0.010000,0.000013,0.010464,0.376201,1
3631,1,0.010000,0.000013,0.010464,0.376201,0
3632,1,0.010000,0.000013,0.010464,0.376201,1
3633,1,0.010000,0.000013,0.010464,0.376201,1
3634,1,0.010000,0.000013,0.010464,0.376200,1
3635,1,0.010000,0.000013,0.010464,0.376200,1
3636,1,0.010000,0.000012,0.010464,0.376200,1
3637,1,0.010000,0.000012,0.010464,0.376200,0
3638,1,0.010000,0.000012,0.010464,0.376200,1
3639,1,0.010000,0.000012,0.010464,0.376200,1
3640,1,0.010000,0.000012,0.010464,0.376199,1
3641,1,0.010000,0.000012,0.010464,0.376199,1
3642,1,0.010000,0.000012,0.010464,0.376199,1
3643,1,0.010000,0.000012,0.010464,0.376199,1
3644,1,0.010000,0.000012,0.010464,0.376199,1
3645,1,0.010000,0.000012,0.010464,0.376199,1
3646,1,0.010000,0.000012,0.010464,0.376199,1
3647,1,0.010000,0.000012,0.010464,0.376198,1
3648,1,0.010000,0.000012,0.010464,0.376198,1
3649,1,0.010000,0.000012,0.010464,0.376198,1
3650,1,0.010000,0.000012,0.010464,0.376198,1
3651,1,0.010000,0.000012,0.010464,0.376198,1
3652,1,0.010000,0.000012,0.010464,0.376198,1
3653,1,0.010000,0.000012,0.010464,0.376197,0
3654,1,0.010000,0.000012,0.010464,0.376197,1
3655,1,0.010000,0.000012,0.010464,0.376197,1
3656,1,0.010000,0.000012,0.010464,0.376197,1
3657,1,0.010000,0.000012,0.010464,0.376197,1
3658,1,0.010000,0.000012,0.010464,0.376197,1
3659,1,0.010000,0.000012,0.010464,0.376197,0
3660,1,0.010000,0.000012,0.010464,0.376196,1
3661,1,0.010000,0.000012,0.010464,0.376196,1
3662,1,0.010000,0.000012,0.010464,0.376196,1
3663,1,0.010000,0.000012,0.010464,0.376196,1
3664,1,0.010000,0.000012,0.010464,0.376196,1
3665,1,0.010000,0.000012,0.010464,0.376196,1
3666,1,0.010000,0.000012,0.010464,0.376195,1
3667,1,0.010000,0.000012,0.010464,0.376195,1
3668,1,0.010000,0.000012,0.010464,0.376195,0
3669,1,0.010000,0.000012,0.010464,0.376195,0
3670,1,0.010000,0.000012,0.010464,0.376195,1
3671,1,0.010000,0.000012,0.010464,0.376195,1
3672,1,0.010000,0.000012,0.010464,0.376195,1
3673,1,0.010000,0.000012,0.010464,0.376194,1
3674,1,0.010000,0.000012,0.010464,0.376194,1
3675,1,0.010000,0.000012,0.010464,0.376194,1
3676,1,0.010000,0.000012,0.010464,0.376194,1
3677,1,0.010000,0.000012,0.010464,0.376194,1
3678,1,0.010000,0.000012,0.010464,0.376194,1
3679,1,0.010000,0.000012,0.010464,0.376193,1
3680,1,0.010000,0.000012,0.010464,0.376193,1
3681,1,0.010000,0.000012,0.010464,0.376193,1
3682,1,0.010000,0.000012,0.010464,0.376193,0
3683,1,0.010000,0.000012,0.010464,0.376193,0
3684,1,0.010000,0.000012,0.010464,0.376193,1
3685,1,0.010000,0.000012,0.010464,0.376193,1
3686,1,0.010000,0.000012,0.010464,0.376192,1
3687,1,0.010000,0.000012,0.010464,0.376192,1
3688,1,0.010000,0.000012,0.010464,0.376192,0
3689,1,0.010000,0.000012,0.010464,0.376192,1
3690,1,0.010000,0.000012,0.010464,0.376192,1
3691,1,0.010000,0.000012,0.010464,0.376192,1
3692,1,0.010000,0.000012,0.010464,0.376192,1
3693,1,0.010000,0.000012,0.010464,0.376191,0
3694,1,0.010000,0.000012,0.010464,0.376191,1
3695,1,0.010000,0.000012,0.010464,0.376191,1
3696,1,0.010000,0.000012,0.010464,0.376191,1
3697,1,0.010000,0.000012,0.010464,0.376191,1
3698,1,0.010000,0.000012,0.010464,0.376191,1
3699,1,0.010000,0.000012,0.010464,0.376191,1
3700,1,0.010000,0.000012,0.010464,0.376190,1
3701,1,0.010000,0.000012,0.010464,0.376190,1
3702,1,0.010000,0.000012,0.010464,0.376190,1
3703,1,0.010000,0.000012,0.010464,0.376190,0
3704,1,0.010000,0.000012,0.010464,0.376190,0
3705,1,0.010000,0.000012,0.010464,0.376190,1
3706,1,0.010000,0.000012,0.010464,0.376190,1
3707,1,0.010000,0.000012,0.010464,0.376189,1
3708,1,0.010000,0.000012,0.010464,0.376189,1
3709,1,0.010000,0.000012,0.010464,0.376189,1
3710,1,0.010000,0.000012,0.010464,0.376189,1
3711,1,0.010000,0.000012,0.010464,0.376189,1
3712,1,0.010000,0.000012,0.010464,0.376189,1
3713,1,0.010000,0.000012,0.010464,0.376189,1
3714,1,0.010000,0.000012,0.010464,0.376188,1
3715,1,0.010000,0.000012,0.010464,0.376188,0
3716,1,0.010000,0.000012,0.010464,0.376188,1
3717,1,0.010000,0.000012,0.010464,0.376188,1
3718,1,0.010000,0.000012,0.010464,0.376188,0
3719,1,0.010000,0.000012,0.010464,0.376188,0
3720,1,0.010000,0.000012,0.010464,0.376188,1
3721,1,0.010000,0.000012,0.010464,0.376187,0
3722,1,0.010000,0.000012,0.010464,0.376187,1
3723,1,0.010000,0.000012,0.010464,0.376187,1
3724,1,0.010000,0.000012,0.010464,0.376187,1
3725,1,0.010000,0.000012,0.010464,0.376187,0
3726,1,0.010000,0.000012,0.010464,0.376187,0
3727,1,0.010000,0.000012,0.010464,0.376187,1
3728,1,0.010000,0.000012,0.010464,0.376186,1
3729,1,0.010000,0.000011,0.010464,0.376186,1
3730,1,0.010000,0.000011,0.010464,0.376186,1
3731,1,0.010000,0.000011,0.010464,0.376186,1
3732,1,0.010000,0.000011,0.010464,0.376186,1
3733,1,0.010000,0.000011,0.010464,0.376186,1
3734,1,0.010000,0.000011,0.010464,0.376186,0
3735,1,0.010000,0.000011,0.010464,0.376185,1
3736,1,0.010000,0.000011,0.010464,0.376185,1
3737,1,0.010000,0.000011,0.010464,0.376185,1
3738,1,0.010000,0.000011,0.010464,0.376185,1
3739,1,0.010000,0.000011,0.010464,0.376185,1
3740,1,0.010000,0.000011,0.010464,0.376185,1
3741,1,0.010000,0.000011,0.010464,0.376185,1
3742,1,0.010000,0.000011,0.010464,0.376184,0
3743,1,0.010000,0.000011,0.010464,0.376184,0
3744,1,0.010000,0.000011,0.010464,0.376184,1
3745,1,0.010000,0.000011,0.010464,0.376184,1
3746,1,0.010000,0.000011,0.010464,0.376184,1
3747,1,0.010000,0.000011,0.010464,0.376184,1
3748,1,0.010000,0.000011,0.010464,0.376184,1
3749,1,0.010000,0.000011,0.010464,0.376183,0
3750,1,0.010000,0.000011,0.010464,0.376183,1
3751,1,0.010000,0.000011,0.010464,0.376183,1
3752,1,0.010000,0.000011,0.010464,0.376183,1
3753,1,0.010000,0.000011,0.010464,0.376183,1
3754,1,0.010000,0.000011,0.010464,0.376183,1
3755,1,0.010000,0.000011,0.010464,0.376183,1
3756,1,0.010000,0.000011,0.010464,0.376183,1
3757,1,0.010000,0.000011,0.010464,0.376182,1
3758,1,0.010000,0.000011,0.010464,0.376182,1
3759,1,0.010000,0.000011,0.010464,0.376182,1
3760,1,0.010000,0.000011,0.010464,0.376182,1
3761,1,0.010000,0.000011,0.010464,0.376182,1
3762,1,0.010000,0.000011,0.010464,0.376182,1
3763,1,0.010000,0.000011,0.010464,0.376182,1
3764,1,0.010000,0.000011,0.010464,0.376181,1
3765,1,0.010000,0.000011,0.010464,0.376181,0
3766,1,0.010000,0.000011,0.010464,0.376181,1
3767,1,0.010000,0.000011,0.010464,0.376181,1
3768,1,0.010000,0.000011,0.010464,0.376181,1
3769,1,0.010000,0.000011,0.010464,0.376181,1
3770,1,0.010000,0.000011,0.010464,0.376181,1
3771,1,0.010000,0.000011,0.010464,0.376180,0
3772,1,0.010000,0.000011,0.010464,0.376180,1
3773,1,0.010000,0.000011,0.010464,0.376180,0
3774,1,0.010000,0.000011,0.010464,0.376180,1
3775,1,0.010000,0.000011,0.010464,0.376180,0
3776,1,0.010000,0.000011,0.010464,0.376180,1
3777,1,0.010000,0.000011,0.010464,0.376180,1
3778,1,0.010000,0.000011,0.010464,0.376180,1
3779,1,0.010000,0.000011,0.010464,0.376179,1
3780,1,0.010000,0.000011,0.010464,0.376179,1
3781,1,0.010000,0.000011,0.010464,0.376179,1
3782,1,0.010000,0.000011,0.010464,0.376179,1
3783,1,0.010000,0.000011,0.010464,0.376179,1
3784,1,0.010000,0.000011,0.010464,0.376179,0
3785,1,0.010000,0.000011,0.010464,0.376179,1
3786,1,0.010000,0.000011,0.010464,0.376179,1
3787,1,0.010000,0.000011,0.010464,0.376178,1
3788,1,0.010000,0.000011,0.010464,0.376178,1
3789,1,0.010000,0.000011,0.010464,0.376178,1
3790,1,0.010000,0.000011,0.010464,0.376178,1
3791,1,0.010000,0.000011,0.010464,0.376178,1
3792,1,0.010000,0.000011,0.010464,0.376178,1
3793,1,0.010000,0.000011,0.010464,0.376178,1
3794,1,0.010000,0.000011,0.010464,0.376177,1
3795,1,0.010000,0.000011,0.010464,0.376177,1
3796,1,0.010000,0.000011,0.010464,0.376177,0
3797,1,0.010000,0.000011,0.010464,0.376177,1
3798,1,0.010000,0.000011,0.010464,0.376177,1
3799,1,0.010000,0.000011,0.010464,0.376177,1
3800,1,0.010000,0.000011,0.010464,0.376177,1
3801,1,0.010000,0.000011,0.010464,0.376177,1
3802,1,0.010000,0.000011,0.010464,0.376176,1
3803,1,0.010000,0.000011,0.010464,0.376176,1
3804,1,0.010000,0.000011,0.010464,0.376176,0
3805,1,0.010000,0.000011,0.010464,0.376176,1
3806,1,0.010000,0.000011,0.010464,0.376176,1
3807,1,0.010000,0.000011,0.010464,0.376176,1
3808,1,0.010000,0.000011,0.010464,0.376176,1
3809,1,0.010000,0.000011,0.010464,0.376176,0
3810,1,0.010000,0.000011,0.010464,0.376175,1
3811,1,0.010000,0.000011,0.010464,0.376175,0
3812,1,0.010000,0.000011,0.010464,0.376175,1
3813,1,0.010000,0.000011,0.010464,0.376175,1
3814,1,0.010000,0.000011,0.010464,0.376175,0
3815,1,0.010000,0.000011,0.010464,0.376175,1
3816,1,0.010000,0.000011,0.010464,0.376175,1
3817,1,0.010000,0.000011,0.010464,0.376175,1
3818,1,0.010000,0.000011,0.010464,0.376174,1
3819,1,0.010000,0.000011,0.010464,0.376174,1
3820,1,0.010000,0.000011,0.010464,0.376174,1
3821,1,0.010000,0.000011,0.010464,0.376174,1
3822,1,0.010000,0.000011,0.010464,0.376174,1
3823,1,0.010000,0.000011,0.010464,0.376174,1
3824,1,0.010000,0.000011,0.010464,0.376174,0
3825,1,0.010000,0.000011,0.010464,0.376174,0
3826,1,0.010000,0.000011,0.010464,0.376173,1
3827,1,0.010000,0.000011,0.010464,0.376173,1
3828,1,0.010000,0.000011,0.010464,0.376173,1
3829,1,0.010000,0.000011,0.010464,0.376173,1
3830,1,0.010000,0.000011,0.010464,0.376173,1
3831,1,0.010000,0.000011,0.010464,0.376173,1
3832,1,0.010000,0.000011,0.010464,0.376173,1
3833,1,0.010000,0.000011,0.010464,0.376173,1
3834,1,0.010000,0.000011,0.010464,0.376172,1
3835,1,0.010000,0.000010,0.010464,0.376172,0
3836,1,0.010000,0.000010,0.010464,0.376172,1
3837,1,0.010000,0.000010,0.010464,0.376172,1
3838,1,0.010000,0.000010,0.010464,0.376172,1
3839,1,0.010000,0.000010,0.010464,0.376172,1
3840,1,0.010000,0.000010,0.010464,0.376172,1
3841,1,0.010000,0.000010,0.010464,0.376172,1
3842,1,0.010000,0.000010,0.010464,0.376171,1
3843,1,0.010000,0.000010,0.010464,0.376171,0
3844,1,0.010000,0.000010,0.010464,0.376171,1
3845,1,0.010000,0.000010,0.010464,0.376171,1
3846,1,0.010000,0.000010,0.010464,0.376171,1
3847,1,0.010000,0.000010,0.010464,0.376171,1
3848,1,0.010000,0.000010,0.010464,0.376171,1
3849,1,0.010000,0.000010,0.010464,0.376171,0
3850,1,0.010000,0.000010,0.010464,0.376171,1
3851,1,0.010000,0.000010,0.010464,0.376170,1
3852,1,0.010000,0.000010,0.010464,0.376170,1
3853,1,0.010000,0.000010,0.010464,0.376170,1
3854,1,0.010000,0.000010,0.010464,0.376170,1
3855,1,0.010000,0.000010,0.010464,0.376170,1
3856,1,0.010000,0.000010,0.010464,0.376170,1
3857,1,0.010000,0.000010,0.010464,0.376170,0
3858,1,0.010000,0.000010,0.010464,0.376170,1
3859,1,0.010000,0.000010,0.010464,0.376169,1
3860,1,0.010000,0.000010,0.010464,0.376169,0
3861,1,0.010000,0.000010,0.010464,0.376169,1
3862,1,0.010000,0.000010,0.010464,0.376169,1
3863,1,0.010000,0.000010,0.010464,0.376169,1
3864,1,0.010000,0.000010,0.010464,0.376169,1
3865,1,0.010000,0.000010,0.010464,0.376169,1
3866,1,0.010000,0.000010,0.010464,0.376169,0
3867,1,0.010000,0.000010,0.010464,0.376168,1
3868,1,0.010000,0.000010,0.010464,0.376168,0
3869,1,0.010000,0.000010,0.010464,0.376168,1
3870,1,0.010000,0.000010,0.010464,0.376168,1
3871,1,0.010000,0.000010,0.010464,0.376168,1
3872,1,0.010000,0.000010,0.010464,0.376168,1
3873,1,0.010000,0.000010,0.010464,0.376168,1
3874,1,0.010000,0.000010,0.010464,0.376168,1
3875,1,0.010000,0.000010,0.010464,0.376168,1
3876,1,0.010000,0.000010,0.010464,0.376167,0
3877,1,0.010000,0.000010,0.010464,0.376167,1
3878,1,0.010000,0.000010,0.010464,0.376167,0
3879,1,0.010000,0.000010,0.010464,0.376167,1
3880,1,0.010000,0.000010,0.010464,0.376167,0
3881,1,0.010000,0.000010,0.010464,0.376167,0
3882,1,0.010000,0.000010,0.010464,0.376167,1
3883,1,0.010000,0.000010,0.010464,0.376167,1
3884,1,0.010000,0.000010,0.010464,0.376167,1
3885,1,0.010000,0.000010,0.010464,0.376166,1
3886,1,0.010000,0.000010,0.010464,0.376166,1
3887,1,0.010000,0.000010,0.010464,0.376166,1
3888,1,0.010000,0.000010,0.010464,0.376166,1
3889,1,0.010000,0.000010,0.010464,0.376166,1
3890,1,0.010000,0.000010,0.010464,0.376166,1
3891,1,0.010000,0.000010,0.010464,0.376166,0
3892,1,0.010000,0.000010,0.010464,0.376166,1
3893,1,0.010000,0.000010,0.010464,0.376165,1
3894,1,0.010000,0.000010,0.010464,0.376165,1
3895,1,0.010000,0.000010,0.010464,0.376165,1
3896,1,0.010000,0.000010,0.010464,0.376165,1
3897,1,0.010000,0.000010,0.010464,0.376165,1
3898,1,0.010000,0.000010,0.010464,0.376165,1
3899,1,0.010000,0.000010,0.010464,0.376165,1
3900,1,0.010000,0.000010,0.010464,0.376165,1
3901,1,0.010000,0.000010,0.010464,0.376165,1
3902,1,0.010000,0.000010,0.010464,0.376164,0
3903,1,0.010000,0.000010,0.010464,0.376164,1
3904,1,0.010000,0.000010,0.010464,0.376164,0
3905,1,0.010000,0.000010,0.010464,0.376164,1
3906,1,0.010000,0.000010,0.010464,0.376164,0
3907,1,0.010000,0.000010,0.010464,0.376164,1
3908,1,0.010000,0.000010,0.010464,0.376164,1
3909,1,0.010000,0.000010,0.010464,0.376164,1
3910,1,0.010000,0.000010,0.010464,0.376164,1
3911,1,0.010000,0.000010,0.010464,0.376163,1
3912,1,0.010000,0.000010,0.010464,0.376163,0
3913,1,0.010000,0.000010,0.010464,0.376163,1
3914,1,0.010000,0.000010,0.010464,0.376163,1
3915,1,0.010000,0.000010,0.010464,0.376163,1
3916,1,0.010000,0.000010,0.010464,0.376163,0
3917,1,0.010000,0.000010,0.010464,0.376163,1
3918,1,0.010000,0.000010,0.010464,0.376163,0
3919,1,0.010000,0.000010,0.010464,0.376163,1
3920,1,0.010000,0.000010,0.010464,0.376162,1
3921,1,0.010000,0.000010,0.010464,0.376162,1
3922,1,0.010000,0.000010,0.010464,0.376162,1
3923,1,0.010000,0.000010,0.010464,0.376162,1
3924,1,0.010000,0.000010,0.010464,0.376162,1
3925,1,0.010000,0.000010,0.010464,0.376162,1
3926,1,0.010000,0.000010,0.010464,0.376162,1
3927,1,0.010000,0.000010,0.010464,0.376162,1
3928,1,0.010000,0.000010,0.010464,0.376162,1
3929,1,0.010000,0.000010,0.010464,0.376161,0
3930,1,0.010000,0.000010,0.010464,0.376161,1
3931,1,0.010000,0.000010,0.010464,0.376161,1
3932,1,0.010000,0.000010,0.010464,0.376161,1
3933,1,0.010000,0.000010,0.010464,0.376161,1
3934,1,0.010000,0.000010,0.010464,0.376161,1
3935,1,0.010000,0.000010,0.010464,0.376161,1
3936,1,0.010000,0.000010,0.010464,0.376161,0
3937,1,0.010000,0.000010,0.010464,0.376161,1
3938,1,0.010000,0.000010,0.010464,0.376161,1
3939,1,0.010000,0.000010,0.010464,0.376160,1
3940,1,0.010000,0.000010,0.010464,0.376160,0
3941,1,0.010000,0.000010,0.010464,0.376160,0
3942,1,0.010000,0.000010,0.010464,0.376160,0
3943,1,0.010000,0.000010,0.010464,0.376160,1
3944,1,0.010000,0.000010,0.010464,0.376160,0
3945,1,0.010000,0.000010,0.010464,0.376160,1
3946,1,0.010000,0.000010,0.010464,0.376160,1
3947,1,0.010000,0.000010,0.010464,0.376160,1
3948,1,0.010000,0.000010,0.010464,0.376159,1
3949,1,0.010000,0.000010,0.010464,0.376159,0
3950,1,0.010000,0.000010,0.010464,0.376159,1
3951,1,0.010000,0.000010,0.010464,0.376159,1
3952,1,0.010000,0.000010,0.010464,0.376159,0
3953,1,0.010000,0.000010,0.010464,0.376159,1
3954,1,0.010000,0.000010,0.010464,0.376159,1
3955,1,0.010000,0.000010,0.010464,0.376159,0
3956,1,0.010000,0.000010,0.010464,0.376159,1
3957,1,0.010000,0.000009,0.010464,0.376159,0
3958,1,0.010000,0.000009,0.010464,0.376158,1
3959,1,0.010000,0.000009,0.010464,0.376158,1
3960,1,0.010000,0.000009,0.010464,0.376158,1
3961,1,0.010000,0.000009,0.010464,0.376158,1
3962,1,0.010000,0.000009,0.010464,0.376158,1
3963,1,0.010000,0.000009,0.010464,0.376158,1
3964,1,0.010000,0.000009,0.010464,0.376158,1
3965,1,0.010000,0.000009,0.010464,0.376158,0
3966,1,0.010000,0.000009,0.010464,0.376158,1
3967,1,0.010000,0.000009,0.010464,0.376157,1
3968,1,0.010000,0.000009,0.010464,0.376157,1
3969,1,0.010000,0.000009,0.010464,0.376157,1
3970,1,0.010000,0.000009,0.010464,0.376157,1
3971,1,0.010000,0.000009,0.010464,0.376157,1
3972,1,0.010000,0.000009,0.010464,0.376157,1
3973,1,0.010000,0.000009,0.010464,0.376157,1
3974,1,0.010000,0.000009,0.010464,0.376157,1
3975,1,0.010000,0.000009,0.010464,0.376157,1
3976,1,0.010000,0.000009,0.010464,0.376157,1
3977,1,0.010000,0.000009,0.010464,0.376156,1
3978,1,0.010000,0.000009,0.010464,0.376156,1
3979,1,0.010000,0.000009,0.010464,0.376156,1
3980,1,0.010000,0.000009,0.010464,0.376156,0
3981,1,0.010000,0.000009,0.010464,0.376156,1
3982,1,0.010000,0.000009,0.010464,0.376156,1
3983,1,0.010000,0.000009,0.010464,0.376156,1
3984,1,0.010000,0.000009,0.010464,0.376156,1
3985,1,0.010000,0.000009,0.010464,0.376156,1
3986,1,0.010000,0.000009,0.010464,0.376156,1
3987,1,0.010000,0.000009,0.010464,0.376155,0
3988,1,0.010000,0.000009,0.010464,0.376155,1
3989,1,0.010000,0.000009,0.010464,0.376155,1
3990,1,0.010000,0.000009,0.010464,0.376155,1
3991,1,0.010000,0.000009,0.010464,0.376155,1
3992,1,0.010000,0.000009,0.010464,0.376155,1
3993,1,0.010000,0.000009,0.010464,0.376155,0
3994,1,0.010000,0.000009,0.010464,0.376155,1
3995,1,0.010000,0.000009,0.010464,0.376155,1
3996,1,0.010000,0.000009,0.010464,0.376154,1
3997,1,0.010000,0.000009,0.010464,0.376154,1
3998,1,0.010000,0.000009,0.010464,0.376154,1
3999,1,0.010000,0.000009,0.010464,0.376154,1
4000,1,0.010000,0.000009,0.010464,0.376154,1
4001,1,0.010000,0.000009,0.010464,0.376154,1
4002,1,0.010000,0.000009,0.010464,0.376154,1
4003,1,0.010000,0.000009,0.010464,0.376154,1
4004,1,0.010000,0.000009,0.010464,0.376154,1
4005,1,0.010000,0.000009,0.010464,0.376154,1
4006,1,0.010000,0.000009,0.010464,0.376153,0
4007,1,0.010000,0.000009,0.010464,0.376153,1
4008,1,0.010000,0.000009,0.010464,0.376153,1
4009,1,0.010000,0.000009,0.010464,0.376153,1
4010,1,0.010000,0.000009,0.010464,0.376153,1
4011,1,0.010000,0.000009,0.010464,0.376153,1
4012,1,0.010000,0.000009,0.010464,0.376153,1
4013,1,0.010000,0.000009,0.010464,0.376153,1
4014,1,0.010000,0.000009,0.010464,0.376153,1
4015,1,0.010000,0.000009,0.010464,0.376153,0
4016,1,0.010000,0.000009,0.010464,0.376152,1
4017,1,0.010000,0.000009,0.010464,0.376152,0
4018,1,0.010000,0.000009,0.010464,0.376152,1
4019,1,0.010000,0.000009,0.010464,0.376152,1
4020,1,0.010000,0.000009,0.010464,0.376152,1
4021,1,0.010000,0.000009,0.010464,0.376152,1
4022,1,0.010000,0.000009,0.010464,0.376152,1
4023,1,0.010000,0.000009,0.010464,0.376152,1
4024,1,0.010000,0.000009,0.010464,0.376152,1
4025,1,0.010000,0.000009,0.010464,0.376152,1
4026,1,0.010000,0.000009,0.010464,0.376152,1
4027,1,0.010000,0.000009,0.010464,0.376151,1
4028,1,0.010000,0.000009,0.010464,0.376151,1
4029,1,0.010000,0.000009,0.010464,0.376151,1
4030,1,0.010000,0.000009,0.010464,0.376151,0
4031,1,0.010000,0.000009,0.010464,0.376151,1
4032,1,0.010000,0.000009,0.010464,0.376151,1
4033,1,0.010000,0.000009,0.010464,0.376151,0
4034,1,0.010000,0.000009,0.010464,0.376151,1
4035,1,0.010000,0.000009,0.010464,0.376151,0
4036,1,0.010000,0.000009,0.010464,0.376151,1
4037,1,0.010000,0.000009,0.010464,0.376150,1
4038,1,0.010000,0.000009,0.010464,0.376150,1
4039,1,0.010000,0.000009,0.010464,0.376150,1
4040,1,0.010000,0.000009,0.010464,0.376150,1
4041,1,0.010000,0.000009,0.010464,0.376150,0
4042,1,0.010000,0.000009,0.010464,0.376150,1
4043,1,0.010000,0.000009,0.010464,0.376150,1
4044,1,0.010000,0.000009,0.010464,0.376150,1
4045,1,0.010000,0.000009,0.010464,0.376150,0
4046,1,0.010000,0.000009,0.010464,0.376150,1
4047,1,0.010000,0.000009,0.010464,0.376150,1
4048,1,0.010000,0.000009,0.010464,0.376149,1
4049,1,0.010000,0.000009,0.010464,0.376149,0
4050,1,0.010000,0.000009,0.010464,0.376149,1
4051,1,0.010000,0.000009,0.010464,0.376149,1
4052,1,0.010000,0.000009,0.010464,0.376149,1
4053,1,0.010000,0.000009,0.010464,0.376149,1
4054,1,0.010000,0.000009,0.010464,0.376149,1
4055,1,0.010000,0.000009,0.010464,0.376149,1
4056,1,0.010000,0.000009,0.010464,0.376149,1
4057,1,0.010000,0.000009,0.010464,0.376149,1
4058,1,0.010000,0.000009,0.010464,0.376148,1
4059,1,0.010000,0.000009,0.010464,0.376148,1
4060,1,0.010000,0.000009,0.010464,0.376148,1
4061,1,0.010000,0.000009,0.010464,0.376148,0
4062,1,0.010000,0.000009,0.010464,0.376148,1
4063,1,0.010000,0.000009,0.010464,0.376148,0
4064,1,0.010000,0.000009,0.010464,0.376148,1
4065,1,0.010000,0.000009,0.010464,0.376148,1
4066,1,0.010000,0.000009,0.010464,0.376148,0
4067,1,0.010000,0.000009,0.010464,0.376148,1
4068,1,0.010000,0.000009,0.010464,0.376148,1
4069,1,0.010000,0.000009,0.010464,0.376147,1
4070,1,0.010000,0.000009,0.010464,0.376147,1
4071,1,0.010000,0.000009,0.010464,0.376147,1
4072,1,0.010000,0.000009,0.010464,0.376147,1
4073,1,0.010000,0.000009,0.010464,0.376147,1
4074,1,0.010000,0.000009,0.010464,0.376147,0
4075,1,0.010000,0.000009,0.010464,0.376147,1
4076,1,0.010000,0.000009,0.010464,0.376147,1
4077,1,0.010000,0.000009,0.010464,0.376147,1
4078,1,0.010000,0.000009,0.010464,0.376147,1
4079,1,0.010000,0.000009,0.010464,0.376147,0
4080,1,0.010000,0.000009,0.010464,0.376146,0
4081,1,0.010000,0.000009,0.010464,0.376146,1
4082,1,0.010000,0.000009,0.010464,0.376146,1
4083,1,0.010000,0.000009,0.010464,0.376146,1
4084,1,0.010000,0.000009,0.010464,0.376146,1
4085,1,0.010000,0.000009,0.010464,0.376146,1
4086,1,0.010000,0.000009,0.010464,0.376146,1
4087,1,0.010000,0.000009,0.010464,0.376146,1
4088,1,0.010000,0.000009,0.010464,0.376146,1
4089,1,0.010000,0.000009,0.010464,0.376146,1
4090,1,0.010000,0.000009,0.010464,0.376146,1
4091,1,0.010000,0.000009,0.010464,0.376145,1
4092,1,0.010000,0.000009,0.010464,0.376145,0
4093,1,0.010000,0.000009,0.010464,0.376145,1
4094,1,0.010000,0.000009,0.010464,0.376145,1
4095,1,0.010000,0.000009,0.010464,0.376145,1
4096,1,0.010000,0.000009,0.010464,0.376145,1
4097,1,0.010000,0.000009,0.010464,0.376145,1
4098,1,0.010000,0.000009,0.010464,0.376145,1
4099,1,0.010000,0.000009,0.010464,0.376145,1
4100,1,0.010000,0.000009,0.010464,0.376145,1
4101,1,0.010000,0.000008,0.010464,0.376145,1
4102,1,0.010000,0.000008,0.010464,0.376144,1
4103,1,0.010000,0.000008,0.010464,0.376144,1
4104,1,0.010000,0.000008,0.010464,0.376144,1
4105,1,0.010000,0.000008,0.010464,0.376144,1
4106,1,0.010000,0.000008,0.010464,0.376144,0
4107,1,0.010000,0.000008,0.010464,0.376144,1
4108,1,0.010000,0.000008,0.010464,0.376144,1
4109,1,0.010000,0.000008,0.010464,0.376144,0
4110,1,0.010000,0.000008,0.010464,0.376144,1
4111,1,0.010000,0.000008,0.010464,0.376144,1
4112,1,0.010000,0.000008,0.010464,0.376144,1
4113,1,0.010000,0.000008,0.010464,0.376143,1
4114,1,0.010000,0.000008,0.010464,0.376143,1
4115,1,0.010000,0.000008,0.010464,0.376143,0
4116,1,0.010000,0.000008,0.010464,0.376143,1
4117,1,0.010000,0.000008,0.010464,0.376143,1
4118,1,0.010000,0.000008,0.010464,0.376143,1
4119,1,0.010000,0.000008,0.010464,0.376143,1
4120,1,0.010000,0.000008,0.010464,0.376143,1
4121,1,0.010000,0.000008,0.010464,0.376143,1
4122,1,0.010000,0.000008,0.010464,0.376143,0
4123,1,0.010000,0.000008,0.010464,0.376143,1
4124,1,0.010000,0.000008,0.010464,0.376143,1
4125,1,0.010000,0.000008,0.010464,0.376142,0
4126,1,0.010000,0.000008,0.010464,0.376142,0
4127,1,0.010000,0.000008,0.010464,0.376142,1
4128,1,0.010000,0.000008,0.010464,0.376142,1
4129,1,0.010000,0.000008,0.010464,0.376142,1
4130,1,0.010000,0.000008,0.010464,0.376142,1
4131,1,0.010000,0.000008,0.010464,0.376142,1
4132,1,0.010000,0.000008,0.010464,0.376142,0
4133,1,0.010000,0.000008,0.010464,0.376142,1
4134,1,0.010000,0.000008,0.010464,0.376142,1
4135,1,0.010000,0.000008,0.010464,0.376142,1
4136,1,0.010000,0.000008,0.010464,0.376141,1
4137,1,0.010000,0.000008,0.010464,0.376141,1
4138,1,0.010000,0.000008,0.010464,0.376141,1
4139,1,0.010000,0.000008,0.010464,0.376141,0
4140,1,0.010000,0.000008,0.010464,0.376141,1
4141,1,0.010000,0.000008,0.010464,0.376141,1
4142,1,0.010000,0.000008,0.010464,0.376141,0
4143,1,0.010000,0.000008,0.010464,0.376141,0
4144,1,0.010000,0.000008,0.010464,0.376141,1
4145,1,0.010000,0.000008,0.010464,0.376141,1
4146,1,0.010000,0.000008,0.010464,0.376141,1
4147,1,0.010000,0.000008,0.010464,0.376141,0
4148,1,0.010000,0.000008,0.010464,0.376140,1
4149,1,0.010000,0.000008,0.010464,0.376140,1
4150,1,0.010000,0.000008,0.010464,0.376140,1
4151,1,0.010000,0.000008,0.010464,0.376140,0
4152,1,0.010000,0.000008,0.010464,0.376140,1
4153,1,0.010000,0.000008,0.010464,0.376140,1
4154,1,0.010000,0.000008,0.010464,0.376140,1
4155,1,0.010000,0.000008,0.010464,0.376140,1
4156,1,0.010000,0.000008,0.010464,0.376140,1
4157,1,0.010000,0.000008,0.010464,0.376140,1
4158,1,0.010000,0.000008,0.010464,0.376140,0
4159,1,0.010000,0.000008,0.010464,0.376140,1
4160,1,0.010000,0.000008,0.010464,0.376139,1
4161,1,0.010000,0.000008,0.010464,0.376139,1
4162,1,0.010000,0.000008,0.010464,0.376139,1
4163,1,0.010000,0.000008,0.010464,0.376139,1
4164,1,0.010000,0.000008,0.010464,0.376139,1
4165,1,0.010000,0.000008,0.010464,0.376139,1
4166,1,0.010000,0.000008,0.010464,0.376139,1
4167,1,0.010000,0.000008,0.010464,0.376139,1
4168,1,0.010000,0.000008,0.010464,0.376139,1
4169,1,0.010000,0.000008,0.010464,0.376139,1
4170,1,0.010000,0.000008,0.010464,0.376139,1
4171,1,0.010000,0.000008,0.010464,0.376139,1
4172,1,0.010000,0.000008,0.010464,0.376138,1
4173,1,0.010000,0.000008,0.010464,0.376138,0
4174,1,0.010000,0.000008,0.010464,0.376138,0
4175,1,0.010000,0.000008,0.010464,0.376138,0
4176,1,0.010000,0.000008,0.010464,0.376138,1
4177,1,0.010000,0.000008,0.010464,0.376138,1
4178,1,0.010000,0.000008,0.010464,0.376138,1
4179,1,0.010000,0.000008,0.010464,0.376138,1
4180,1,0.010000,0.000008,0.010464,0.376138,1
4181,1,0.010000,0.000008,0.010464,0.376138,1
4182,1,0.010000,0.000008,0.010464,0.376138,1
4183,1,0.010000,0.000008,0.010464,0.376138,0
4184,1,0.010000,0.000008,0.010464,0.376137,1
4185,1,0.010000,0.000008,0.010464,0.376137,1
4186,1,0.010000,0.000008,0.010464,0.376137,1
4187,1,0.010000,0.000008,0.010464,0.376137,1
4188,1,0.010000,0.000008,0.010464,0.376137,1
4189,1,0.010000,0.000008,0.010464,0.376137,1
4190,1,0.010000,0.000008,0.010464,0.376137,1
4191,1,0.010000,0.000008,0.010464,0.376137,1
4192,1,0.010000,0.000008,0.010464,0.376137,1
4193,1,0.010000,0.000008,0.010464,0.376137,1
4194,1,0.010000,0.000008,0.010464,0.376137,1
4195,1,0.010000,0.000008,0.010464,0.376137,0
4196,1,0.010000,0.000008,0.010464,0.376137,1
4197,1,0.010000,0.000008,0.010464,0.376136,1
4198,1,0.010000,0.000008,0.010464,0.376136,1
4199,1,0.010000,0.000008,0.010464,0.376136,1
4200,1,0.010000,0.000008,0.010464,0.376136,1
4201,1,0.010000,0.000008,0.010464,0.376136,1
4202,1,0.010000,0.000008,0.010464,0.376136,1
4203,1,0.010000,0.000008,0.010464,0.376136,1
4204,1,0.010000,0.000008,0.010464,0.376136,0
4205,1,0.010000,0.000008,0.010464,0.376136,1
4206,1,0.010000,0.000008,0.010464,0.376136,0
4207,1,0.010000,0.000008,0.010464,0.376136,1
4208,1,0.010000,0.000008,0.010464,0.376136,1
4209,1,0.010000,0.000008,0.010464,0.376136,1
4210,1,0.010000,0.000008,0.010464,0.376135,0
4211,1,0.010000,0.000008,0.010464,0.376135,1
4212,1,0.010000,0.000008,0.010464,0.376135,1
4213,1,0.010000,0.000008,0.010464,0.376135,1
4214,1,0.010000,0.000008,0.010464,0.376135,0
4215,1,0.010000,0.000008,0.010464,0.376135,0
4216,1,0.010000,0.000008,0.010464,0.376135,1
4217,1,0.010000,0.000008,0.010464,0.376135,1
4218,1,0.010000,0.000008,0.010464,0.376135,1
4219,1,0.010000,0.000008,0.010464,0.376135,1
4220,1,0.010000,0.000008,0.010464,0.376135,1
4221,1,0.010000,0.000008,0.010464,0.376135,1
4222,1,0.010000,0.000008,0.010464,0.376134,1
4223,1,0.010000,0.000008,0.010464,0.376134,0
4224,1,0.010000,0.000008,0.010464,0.376134,1
4225,1,0.010000,0.000008,0.010464,0.376134,1
4226,1,0.010000,0.000008,0.010464,0.376134,0
4227,1,0.010000,0.000008,0.010464,0.376134,1
4228,1,0.010000,0.000008,0.010464,0.376134,1
4229,1,0.010000,0.000008,0.010464,0.376134,1
4230,1,0.010000,0.000008,0.010464,0.376134,1
4231,1,0.010000,0.000008,0.010464,0.376134,1
4232,1,0.010000,0.000008,0.010464,0.376134,1
4233,1,0.010000,0.000008,0.010464,0.376134,0
4234,1,0.010000,0.000008,0.010464,0.376134,0
4235,1,0.010000,0.000008,0.010464,0.376133,1
4236,1,0.010000,0.000008,0.010464,0.376133,0
4237,1,0.010000,0.000008,0.010464,0.376133,1
4238,1,0.010000,0.000008,0.010464,0.376133,1
4239,1,0.010000,0.000008,0.010464,0.376133,1
4240,1,0.010000,0.000008,0.010464,0.376133,0
4241,1,0.010000,0.000008,0.010464,0.376133,1
4242,1,0.010000,0.000008,0.010464,0.376133,1
4243,1,0.010000,0.000008,0.010464,0.376133,1
4244,1,0.010000,0.000008,0.010464,0.376133,1
4245,1,0.010000,0.000008,0.010464,0.376133,1
4246,1,0.010000,0.000008,0.010464,0.376133,1
4247,1,0.010000,0.000008,0.010464,0.376133,1
4248,1,0.010000,0.000008,0.010464,0.376132,1
4249,1,0.010000,0.000008,0.010464,0.376132,1
4250,1,0.010000,0.000008,0.010464,0.376132,0
4251,1,0.010000,0.000008,0.010464,0.376132,1
4252,1,0.010000,0.000008,0.010464,0.376132,0
4253,1,0.010000,0.000008,0.010464,0.376132,1
4254,1,0.010000,0.000008,0.010464,0.376132,1
4255,1,0.010000,0.000008,0.010464,0.376132,1
4256,1,0.010000,0.000008,0.010464,0.376132,0
4257,1,0.010000,0.000008,0.010464,0.376132,1
4258,1,0.010000,0.000008,0.010464,0.376132,1
4259,1,0.010000,0.000008,0.010464,0.376132,1
4260,1,0.010000,0.000008,0.010464,0.376132,1
4261,1,0.010000,0.000008,0.010464,0.376132,1
4262,1,0.010000,0.000008,0.010464,0.376131,1
4263,1,0.010000,0.000008,0.010464,0.376131,1
4264,1,0.010000,0.000008,0.010464,0.376131,1
4265,1,0.010000,0.000008,0.010464,0.376131,1
4266,1,0.010000,0.000008,0.010464,0.376131,1
4267,1,0.010000,0.000008,0.010464,0.376131,1
4268,1,0.010000,0.000008,0.010464,0.376131,1
4269,1,0.010000,0.000008,0.010464,0.376131,1
4270,1,0.010000,0.000008,0.010464,0.376131,1
4271,1,0.010000,0.000008,0.010464,0.376131,1
4272,1,0.010000,0.000007,0.010464,0.376131,1
4273,1,0.010000,0.000007,0.010464,0.376131,1
4274,1,0.010000,0.000007,0.010464,0.376131,1
4275,1,0.010000,0.000007,0.010464,0.376130,1
4276,1,0.010000,0.000007,0.010464,0.376130,0
4277,1,0.010000,0.000007,0.010464,0.376130,0
4278,1,0.010000,0.000007,0.010464,0.376130,1
4279,1,0.010000,0.000007,0.010464,0.376130,1
4280,1,0.010000,0.000007,0.010464,0.376130,1
4281,1,0.010000,0.000007,0.010464,0.376130,0
4282,1,0.010000,0.000007,0.010464,0.376130,1
4283,1,0.010000,0.000007,0.010464,0.376130,1
4284,1,0.010000,0.000007,0.010464,0.376130,1
4285,1,0.010000,0.000007,0.010464,0.376130,1
4286,1,0.010000,0.000007,0.010464,0.376130,1
4287,1,0.010000,0.000007,0.010464,0.376130,1
4288,1,0.010000,0.000007,0.010464,0.376130,1
4289,1,0.010000,0.000007,0.010464,0.376129,1
4290,1,0.010000,0.000007,0.010464,0.376129,1
4291,1,0.010000,0.000007,0.010464,0.376129,1
4292,1,0.010000,0.000007,0.010464,0.376129,1
4293,1,0.010000,0.000007,0.010464,0.376129,1
4294,1,0.010000,0.000007,0.010464,0.376129,1
4295,1,0.010000,0.000007,0.010464,0.376129,1
4296,1,0.010000,0.000007,0.010464,0.376129,1
4297,1,0.010000,0.000007,0.010464,0.376129,1
4298,1,0.010000,0.000007,0.010464,0.376129,1
4299,1,0.010000,0.000007,0.010464,0.376129,1
4300,1,0.010000,0.000007,0.010464,0.376129,1
4301,1,0.010000,0.000007,0.010464,0.376129,1
4302,1,0.010000,0.000007,0.010464,0.376129,1
4303,1,0.010000,0.000007,0.010464,0.376128,1
4304,1,0.010000,0.000007,0.010464,0.376128,1
4305,1,0.010000,0.000007,0.010464,0.376128,1
4306,1,0.010000,0.000007,0.010464,0.376128,1
4307,1,0.010000,0.000007,0.010464,0.376128,1
4308,1,0.010000,0.000007,0.010464,0.376128,1
4309,1,0.010000,0.000007,0.010464,0.376128,0
4310,1,0.010000,0.000007,0.010464,0.376128,1
4311,1,0.010000,0.000007,0.010464,0.376128,1
4312,1,0.010000,0.000007,0.010464,0.376128,1
4313,1,0.010000,0.000007,0.010464,0.376128,1
4314,1,0.010000,0.000007,0.010464,0.376128,1
4315,1,0.010000,0.000007,0.010464,0.376128,1
4316,1,0.010000,0.000007,0.010464,0.376128,1
4317,1,0.010000,0.000007,0.010464,0.376127,1
4318,1,0.010000,0.000007,0.010464,0.376127,1
4319,1,0.010000,0.000007,0.010464,0.376127,1
4320,1,0.010000,0.000007,0.010464,0.376127,1
4321,1,0.010000,0.000007,0.010464,0.376127,1
4322,1,0.010000,0.000007,0.010464,0.376127,1
4323,1,0.010000,0.000007,0.010464,0.376127,1
4324,1,0.010000,0.000007,0.010464,0.376127,1
4325,1,0.010000,0.000007,0.010464,0.376127,1
4326,1,0.010000,0.000007,0.010464,0.376127,1
4327,1,0.010000,0.000007,0.010464,0.376127,1
4328,1,0.010000,0.000007,0.010464,0.376127,1
4329,1,0.010000,0.000007,0.010464,0.376127,1
4330,1,0.010000,0.000007,0.010464,0.376127,1
4331,1,0.010000,0.000007,0.010464,0.376126,1
4332,1,0.010000,0.000007,0.010464,0.376126,1
4333,1,0.010000,0.000007,0.010464,0.376126,1
4334,1,0.010000,0.000007,0.010464,0.376126,1
4335,1,0.010000,0.000007,0.010464,0.376126,1
4336,1,0.010000,0.000007,0.010464,0.376126,1
4337,1,0.010000,0.000007,0.010464,0.376126,1
4338,1,0.010000,0.000007,0.010464,0.376126,0
4339,1,0.010000,0.000007,0.010464,0.376126,1
4340,1,0.010000,0.000007,0.010464,0.376126,1
4341,1,0.010000,0.000007,0.010464,0.376126,1
4342,1,0.010000,0.000007,0.010464,0.376126,1
4343,1,0.010000,0.000007,0.010464,0.376126,1
4344,1,0.010000,0.000007,0.010464,0.376126,1
4345,1,0.010000,0.000007,0.010464,0.376126,1
4346,1,0.010000,0.000007,0.010464,0.376125,0
4347,1,0.010000,0.000007,0.010464,0.376125,1
4348,1,0.010000,0.000007,0.010464,0.376125,1
4349,1,0.010000,0.000007,0.010464,0.376125,1
4350,1,0.010000,0.000007,0.010464,0.376125,1
4351,1,0.010000,0.000007,0.010464,0.376125,1
4352,1,0.010000,0.000007,0.010464,0.376125,1
4353,1,0.010000,0.000007,0.010464,0.376125,1
4354,1,0.010000,0.000007,0.010464,0.376125,0
4355,1,0.010000,0.000007,0.010464,0.376125,1
4356,1,0.010000,0.000007,0.010464,0.376125,1
4357,1,0.010000,0.000007,0.010464,0.376125,1
4358,1,0.010000,0.000007,0.010464,0.376125,1
4359,1,0.010000,0.000007,0.010464,0.376125,1
4360,1,0.010000,0.000007,0.010464,0.376125,1
4361,1,0.010000,0.000007,0.010464,0.376124,1
4362,1,0.010000,0.000007,0.010464,0.376124,1
4363,1,0.010000,0.000007,0.010464,0.376124,1
4364,1,0.010000,0.000007,0.010464,0.376124,0
4365,1,0.010000,0.000007,0.010464,0.376124,1
4366,1,0.010000,0.000007,0.010464,0.376124,1
4367,1,0.010000,0.000007,0.010464,0.376124,1
4368,1,0.010000,0.000007,0.010464,0.376124,1
4369,1,0.010000,0.000007,0.010464,0.376124,1
4370,1,0.010000,0.000007,0.010464,0.376124,1
4371,1,0.010000,0.000007,0.010464,0.376124,0
4372,1,0.010000,0.000007,0.010464,0.376124,1
4373,1,0.010000,0.000007,0.010464,0.376124,0
4374,1,0.010000,0.000007,0.010464,0.376124,0
4375,1,0.010000,0.000007,0.010464,0.376123,0
4376,1,0.010000,0.000007,0.010464,0.376123,1
4377,1,0.010000,0.000007,0.010464,0.376123,1
4378,1,0.010000,0.000007,0.010464,0.376123,1
4379,1,0.010000,0.000007,0.010464,0.376123,1
4380,1,0.010000,0.000007,0.010464,0.376123,1
4381,1,0.010000,0.000007,0.010464,0.376123,1
4382,1,0.010000,0.000007,0.010464,0.376123,1
4383,1,0.010000,0.000007,0.010464,0.376123,0
4384,1,0.010000,0.000007,0.010464,0.376123,1
4385,1,0.010000,0.000007,0.010464,0.376123,1
4386,1,0.010000,0.000007,0.010464,0.376123,1
4387,1,0.010000,0.000007,0.010464,0.376123,0
4388,1,0.010000,0.000007,0.010464,0.376123,1
4389,1,0.010000,0.000007,0.010464,0.376123,1
4390,1,0.010000,0.000007,0.010464,0.376123,1
4391,1,0.010000,0.000007,0.010464,0.376122,1
4392,1,0.010000,0.000007,0.010464,0.376122,1
4393,1,0.010000,0.000007,0.010464,0.376122,1
4394,1,0.010000,0.000007,0.010464,0.376122,1
4395,1,0.010000,0.000007,0.010464,0.376122,1
4396,1,0.010000,0.000007,0.010464,0.376122,1
4397,1,0.010000,0.000007,0.010464,0.376122,1
4398,1,0.010000,0.000007,0.010464,0.376122,1
4399,1,0.010000,0.000007,0.010464,0.376122,1
4400,1,0.010000,0.000007,0.010464,0.376122,1
4401,1,0.010000,0.000007,0.010464,0.376122,1
4402,1,0.010000,0.000007,0.010464,0.376122,1
4403,1,0.010000,0.000007,0.010464,0.376122,1
4404,1,0.010000,0.000007,0.010464,0.376122,0
4405,1,0.010000,0.000007,0.010464,0.376122,0
4406,1,0.010000,0.000007,0.010464,0.376121,1
4407,1,0.010000,0.000007,0.010464,0.376121,0
4408,1,0.010000,0.000007,0.010464,0.376121,1
4409,1,0.010000,0.000007,0.010464,0.376121,1
4410,1,0.010000,0.000007,0.010464,0.376121,0
4411,1,0.010000,0.000007,0.010464,0.376121,0
4412,1,0.010000,0.000007,0.010464,0.376121,1
4413,1,0.010000,0.000007,0.010464,0.376121,1
4414,1,0.010000,0.000007,0.010464,0.376121,0
4415,1,0.010000,0.000007,0.010464,0.376121,1
4416,1,0.010000,0.000007,0.010464,0.376121,1
4417,1,0.010000,0.000007,0.010464,0.376121,1
4418,1,0.010000,0.000007,0.010464,0.376121,0
4419,1,0.010000,0.000007,0.010464,0.376121,1
4420,1,0.010000,0.000007,0.010464,0.376121,1
4421,1,0.010000,0.000007,0.010464,0.376121,1
4422,1,0.010000,0.000007,0.010464,0.376120,1
4423,1,0.010000,0.000007,0.010464,0.376120,1
4424,1,0.010000,0.000007,0.010464,0.376120,0
4425,1,0.010000,0.000007,0.010464,0.376120,1
4426,1,0.010000,0.000007,0.010464,0.376120,1
4427,1,0.010000,0.000007,0.010464,0.376120,1
4428,1,0.010000,0.000007,0.010464,0.376120,1
4429,1,0.010000,0.000007,0.010464,0.376120,1
4430,1,0.010000,0.000007,0.010464,0.376120,1
4431,1,0.010000,0.000007,0.010464,0.376120,0
4432,1,0.010000,0.000007,0.010464,0.376120,1
4433,1,0.010000,0.000007,0.010464,0.376120,1
4434,1,0.010000,0.000007,0.010464,0.376120,0
4435,1,0.010000,0.000007,0.010464,0.376120,1
4436,1,0.010000,0.000007,0.010464,0.376120,1
4437,1,0.010000,0.000007,0.010464,0.376119,0
4438,1,0.010000,0.000007,0.010464,0.376119,1
4439,1,0.010000,0.000007,0.010464,0.376119,1
4440,1,0.010000,0.000007,0.010464,0.376119,1
4441,1,0.010000,0.000007,0.010464,0.376119,1
4442,1,0.010000,0.000007,0.010464,0.376119,1
4443,1,0.010000,0.000007,0.010464,0.376119,1
4444,1,0.010000,0.000007,0.010464,0.376119,1
4445,1,0.010000,0.000007,0.010464,0.376119,1
4446,1,0.010000,0.000007,0.010464,0.376119,1
4447,1,0.010000,0.000007,0.010464,0.376119,1
4448,1,0.010000,0.000007,0.010464,0.376119,1
4449,1,0.010000,0.000007,0.010464,0.376119,1
4450,1,0.010000,0.000007,0.010464,0.376119,1
4451,1,0.010000,0.000007,0.010464,0.376119,1
4452,1,0.010000,0.000007,0.010464,0.376119,1
4453,1,0.010000,0.000007,0.010464,0.376119,1
4454,1,0.010000,0.000007,0.010464,0.376118,1
4455,1,0.010000,0.000007,0.010464,0.376118,0
4456,1,0.010000,0.000007,0.010464,0.376118,0
4457,1,0.010000,0.000007,0.010464,0.376118,1
4458,1,0.010000,0.000007,0.010464,0.376118,1
4459,1,0.010000,0.000007,0.010464,0.376118,1
4460,1,0.010000,0.000007,0.010464,0.376118,1
4461,1,0.010000,0.000007,0.010464,0.376118,1
4462,1,0.010000,0.000007,0.010464,0.376118,1
4463,1,0.010000,0.000007,0.010464,0.376118,1
4464,1,0.010000,0.000007,0.010464,0.376118,0
4465,1,0.010000,0.000007,0.010464,0.376118,1
4466,1,0.010000,0.000007,0.010464,0.376118,1
4467,1,0.010000,0.000007,0.010464,0.376118,0
4468,1,0.010000,0.000007,0.010464,0.376118,1
4469,1,0.010000,0.000007,0.010464,0.376118,1
4470,1,0.010000,0.000007,0.010464,0.376117,1
4471,1,0.010000,0.000007,0.010464,0.376117,1
4472,1,0.010000,0.000007,0.010464,0.376117,1
4473,1,0.010000,0.000007,0.010464,0.376117,1
4474,1,0.010000,0.000007,0.010464,0.376117,1
4475,1,0.010000,0.000007,0.010464,0.376117,1
4476,1,0.010000,0.000007,0.010464,0.376117,1
4477,1,0.010000,0.000007,0.010464,0.376117,1
4478,1,0.010000,0.000007,0.010464,0.376117,0
4479,1,0.010000,0.000007,0.010464,0.376117,1
4480,1,0.010000,0.000007,0.010464,0.376117,1
4481,1,0.010000,0.000006,0.010464,0.376117,1
4482,1,0.010000,0.000006,0.010464,0.376117,0
4483,1,0.010000,0.000006,0.010464,0.376117,1
4484,1,0.010000,0.000006,0.010464,0.376117,0
4485,1,0.010000,0.000006,0.010464,0.376117,1
4486,1,0.010000,0.000006,0.010464,0.376117,1
4487,1,0.010000,0.000006,0.010464,0.376116,1
4488,1,0.010000,0.000006,0.010464,0.376116,1
4489,1,0.010000,0.000006,0.010464,0.376116,1
4490,1,0.010000,0.000006,0.010464,0.376116,1
4491,1,0.010000,0.000006,0.010464,0.376116,1
4492,1,0.010000,0.000006,0.010464,0.376116,1
4493,1,0.010000,0.000006,0.010464,0.376116,1
4494,1,0.010000,0.000006,0.010464,0.376116,0
4495,1,0.010000,0.000006,0.010464,0.376116,1
4496,1,0.010000,0.000006,0.010464,0.376116,0
4497,1,0.010000,0.000006,0.010464,0.376116,1
4498,1,0.010000,0.000006,0.010464,0.376116,1
4499,1,0.010000,0.000006,0.010464,0.376116,0
4500,1,0.010000,0.000006,0.010464,0.376116,1
4501,1,0.010000,0.000006,0.010464,0.376116,1
4502,1,0.010000,0.000006,0.010464,0.376116,1
4503,1,0.010000,0.000006,0.010464,0.376116,1
4504,1,0.010000,0.000006,0.010464,0.376115,1
4505,1,0.010000,0.000006,0.010464,0.376115,1
4506,1,0.010000,0.000006,0.010464,0.376115,1
4507,1,0.010000,0.000006,0.010464,0.376115,0
4508,1,0.010000,0.000006,0.010464,0.376115,1
4509,1,0.010000,0.000006,0.010464,0.376115,1
4510,1,0.010000,0.000006,0.010464,0.376115,1
4511,1,0.010000,0.000006,0.010464,0.376115,1
4512,1,0.010000,0.000006,0.010464,0.376115,0
4513,1,0.010000,0.000006,0.010464,0.376115,1
4514,1,0.010000,0.000006,0.010464,0.376115,0
4515,1,0.010000,0.000006,0.010464,0.376115,1
4516,1,0.010000,0.000006,0.010464,0.376115,1
4517,1,0.010000,0.000006,0.010464,0.376115,0
4518,1,0.010000,0.000006,0.010464,0.376115,1
4519,1,0.010000,0.000006,0.010464,0.376115,0
4520,1,0.010000,0.000006,0.010464,0.376115,1
4521,1,0.010000,0.000006,0.010464,0.376114,1
4522,1,0.010000,0.000006,0.010464,0.376114,1
4523,1,0.010000,0.000006,0.010464,0.376114,1
4524,1,0.010000,0.000006,0.010464,0.376114,1
4525,1,0.010000,0.000006,0.010464,0.376114,0
4526,1,0.010000,0.000006,0.010464,0.376114,1
4527,1,0.010000,0.000006,0.010464,0.376114,1
4528,1,0.010000,0.000006,0.010464,0.376114,1
4529,1,0.010000,0.000006,0.010464,0.376114,0
4530,1,0.010000,0.000006,0.010464,0.376114,1
4531,1,0.010000,0.000006,0.010464,0.376114,1
4532,1,0.010000,0.000006,0.010464,0.376114,1
4533,1,0.010000,0.000006,0.010464,0.376114,1
4534,1,0.010000,0.000006,0.010464,0.376114,1
4535,1,0.010000,0.000006,0.010464,0.376114,1
4536,1,0.010000,0.000006,0.010464,0.376114,1
4537,1,0.010000,0.000006,0.010464,0.376114,0
4538,1,0.010000,0.000006,0.010464,0.376114,1
4539,1,0.010000,0.000006,0.010464,0.376113,1
4540,1,0.010000,0.000006,0.010464,0.376113,1
4541,1,0.010000,0.000006,0.010464,0.376113,1
4542,1,0.010000,0.000006,0.010464,0.376113,1
4543,1,0.010000,0.000006,0.010464,0.376113,1
4544,1,0.010000,0.000006,0.010464,0.376113,1
4545,1,0.010000,0.000006,0.010464,0.376113,1
4546,1,0.010000,0.000006,0.010464,0.376113,0
4547,1,0.010000,0.000006,0.010464,0.376113,0
4548,1,0.010000,0.000006,0.010464,0.376113,1
4549,1,0.010000,0.000006,0.010464,0.376113,1
4550,1,0.010000,0.000006,0.010464,0.376113,1
4551,1,0.010000,0.000006,0.010464,0.376113,1
4552,1,0.010000,0.000006,0.010464,0.376113,0
4553,1,0.010000,0.000006,0.010464,0.376113,1
4554,1,0.010000,0.000006,0.010464,0.376113,1
4555,1,0.010000,0.000006,0.010464,0.376113,1
4556,1,0.010000,0.000006,0.010464,0.376113,1
4557,1,0.010000,0.000006,0.010464,0.376112,1
4558,1,0.010000,0.000006,0.010464,0.376112,1
4559,1,0.010000,0.000006,0.010464,0.376112,0
4560,1,0.010000,0.000006,0.010464,0.376112,1
4561,1,0.010000,0.000006,0.010464,0.376112,1
4562,1,0.010000,0.000006,0.010464,0.376112,1
4563,1,0.010000,0.000006,0.010464,0.376112,1
4564,1,0.010000,0.000006,0.010464,0.376112,1
4565,1,0.010000,0.000006,0.010464,0.376112,1
4566,1,0.010000,0.000006,0.010464,0.376112,1
4567,1,0.010000,0.000006,0.010464,0.376112,1
4568,1,0.010000,0.000006,0.010464,0.376112,1
4569,1,0.010000,0.000006,0.010464,0.376112,1
4570,1,0.010000,0.000006,0.010464,0.376112,1
4571,1,0.010000,0.000006,0.010464,0.376112,1
4572,1,0.010000,0.000006,0.010464,0.376112,1
4573,1,0.010000,0.000006,0.010464,0.376112,1
4574,1,0.010000,0.000006,0.010464,0.376112,1
4575,1,0.010000,0.000006,0.010464,0.376111,1
4576,1,0.010000,0.000006,0.010464,0.376111,0
4577,1,0.010000,0.000006,0.010464,0.376111,1
4578,1,0.010000,0.000006,0.010464,0.376111,1
4579,1,0.010000,0.000006,0.010464,0.376111,1
4580,1,0.010000,0.000006,0.010464,0.376111,1
4581,1,0.010000,0.000006,0.010464,0.376111,1
4582,1,0.010000,0.000006,0.010464,0.376111,1
4583,1,0.010000,0.000006,0.010464,0.376111,1
4584,1,0.010000,0.000006,0.010464,0.376111,1
4585,1,0.010000,0.000006,0.010464,0.376111,0
4586,1,0.010000,0.000006,0.010464,0.376111,1
4587,1,0.010000,0.000006,0.010464,0.376111,1
4588,1,0.010000,0.000006,0.010464,0.376111,1
4589,1,0.010000,0.000006,0.010464,0.376111,1
4590,1,0.010000,0.000006,0.010464,0.376111,1
4591,1,0.010000,0.000006,0.010464,0.376111,1
4592,1,0.010000,0.000006,0.010464,0.376111,1
4593,1,0.010000,0.000006,0.010464,0.376111,1
4594,1,0.010000,0.000006,0.010464,0.376110,0
4595,1,0.010000,0.000006,0.010464,0.376110,1
4596,1,0.010000,0.000006,0.010464,0.376110,1
4597,1,0.010000,0.000006,0.010464,0.376110,1
4598,1,0.010000,0.000006,0.010464,0.376110,1
4599,1,0.010000,0.000006,0.010464,0.376110,1
4600,1,0.010000,0.000006,0.010464,0.376110,1
4601,1,0.010000,0.000006,0.010464,0.376110,1
4602,1,0.010000,0.000006,0.010464,0.376110,1
4603,1,0.010000,0.000006,0.010464,0.376110,1
4604,1,0.010000,0.000006,0.010464,0.376110,0
4605,1,0.010000,0.000006,0.010464,0.376110,1
4606,1,0.010000,0.000006,0.010464,0.376110,1
4607,1,0.010000,0.000006,0.010464,0.376110,1
4608,1,0.010000,0.000006,0.010464,0.376110,1
4609,1,0.010000,0.000006,0.010464,0.376110,0
4610,1,0.010000,0.000006,0.010464,0.376110,1
4611,1,0.010000,0.000006,0.010464,0.376110,1
4612,1,0.010000,0.000006,0.010464,0.376110,1
4613,1,0.010000,0.000006,0.010464,0.376109,1
4614,1,0.010000,0.000006,0.010464,0.376109,1
4615,1,0.010000,0.000006,0.010464,0.376109,1
4616,1,0.010000,0.000006,0.010464,0.376109,1
4617,1,0.010000,0.000006,0.010464,0.376109,1
4618,1,0.010000,0.000006,0.010464,0.376109,1
4619,1,0.010000,0.000006,0.010464,0.376109,1
4620,1,0.010000,0.000006,0.010464,0.376109,0
4621,1,0.010000,0.000006,0.010464,0.376109,1
4622,1,0.010000,0.000006,0.010464,0.376109,1
4623,1,0.010000,0.000006,0.010464,0.376109,1
4624,1,0.010000,0.000006,0.010464,0.376109,1
4625,1,0.010000,0.000006,0.010464,0.376109,1
4626,1,0.010000,0.000006,0.010464,0.376109,1
4627,1,0.010000,0.000006,0.010464,0.376109,1
4628,1,0.010000,0.000006,0.010464,0.376109,1
4629,1,0.010000,0.000006,0.010464,0.376109,1
4630,1,0.010000,0.000006,0.010464,0.376109,1
4631,1,0.010000,0.000006,0.010464,0.376109,1
4632,1,0.010000,0.000006,0.010464,0.376108,1
4633,1,0.010000,0.000006,0.010464,0.376108,1
4634,1,0.010000,0.000006,0.010464,0.376108,1
4635,1,0.010000,0.000006,0.010464,0.376108,1
4636,1,0.010000,0.000006,0.010464,0.376108,1
4637,1,0.010000,0.000006,0.010464,0.376108,1
4638,1,0.010000,0.000006,0.010464,0.376108,1
4639,1,0.010000,0.000006,0.010464,0.376108,1
4640,1,0.010000,0.000006,0.010464,0.376108,0
4641,1,0.010000,0.000006,0.010464,0.376108,1
4642,1,0.010000,0.000006,0.010464,0.376108,1
4643,1,0.010000,0.000006,0.010464,0.376108,1
4644,1,0.010000,0.000006,0.010464,0.376108,1
4645,1,0.010000,0.000006,0.010464,0.376108,1
4646,1,0.010000,0.000006,0.010464,0.376108,1
4647,1,0.010000,0.000006,0.010464,0.376108,1
4648,1,0.010000,0.000006,0.010464,0.376108,1
4649,1,0.010000,0.000006,0.010464,0.376108,1
4650,1,0.010000,0.000006,0.010464,0.376108,1
4651,1,0.010000,0.000006,0.010464,0.376107,1
4652,1,0.010000,0.000006,0.010464,0.376107,1
4653,1,0.010000,0.000006,0.010464,0.376107,1
4654,1,0.010000,0.000006,0.010464,0.376107,1
4655,1,0.010000,0.000006,0.010464,0.376107,1
4656,1,0.010000,0.000006,0.010464,0.376107,1
4657,1,0.010000,0.000006,0.010464,0.376107,1
4658,1,0.010000,0.000006,0.010464,0.376107,1
4659,1,0.010000,0.000006,0.010464,0.376107,1
4660,1,0.010000,0.000006,0.010464,0.376107,1
4661,1,0.010000,0.000006,0.010464,0.376107,1
4662,1,0.010000,0.000006,0.010464,0.376107,1
4663,1,0.010000,0.000006,0.010464,0.376107,1
4664,1,0.010000,0.000006,0.010464,0.376107,1
4665,1,0.010000,0.000006,0.010464,0.376107,1
4666,1,0.010000,0.000006,0.010464,0.376107,1
4667,1,0.010000,0.000006,0.010464,0.376107,1
4668,1,0.010000,0.000006,0.010464,0.376107,1
4669,1,0.010000,0.000006,0.010464,0.376107,1
4670,1,0.010000,0.000006,0.010464,0.376107,0
4671,1,0.010000,0.000006,0.010464,0.376106,1
4672,1,0.010000,0.000006,0.010464,0.376106,1
4673,1,0.010000,0.000006,0.010464,0.376106,0
4674,1,0.010000,0.000006,0.010464,0.376106,1
4675,1,0.010000,0.000006,0.010464,0.376106,1
4676,1,0.010000,0.000006,0.010464,0.376106,1
4677,1,0.010000,0.000006,0.010464,0.376106,1
4678,1,0.010000,0.000006,0.010464,0.376106,1
4679,1,0.010000,0.000006,0.010464,0.376106,0
4680,1,0.010000,0.000006,0.010464,0.376106,0
4681,1,0.010000,0.000006,0.010464,0.376106,1
4682,1,0.010000,0.000006,0.010464,0.376106,1
4683,1,0.010000,0.000006,0.010464,0.376106,1
4684,1,0.010000,0.000006,0.010464,0.376106,1
4685,1,0.010000,0.000006,0.010464,0.376106,1
4686,1,0.010000,0.000006,0.010464,0.376106,1
4687,1,0.010000,0.000006,0.010464,0.376106,1
4688,1,0.010000,0.000006,0.010464,0.376106,0
4689,1,0.010000,0.000006,0.010464,0.376106,1
4690,1,0.010000,0.000006,0.010464,0.376106,1
4691,1,0.010000,0.000006,0.010464,0.376105,0
4692,1,0.010000,0.000006,0.010464,0.376105,1
4693,1,0.010000,0.000006,0.010464,0.376105,1
4694,1,0.010000,0.000006,0.010464,0.376105,1
4695,1,0.010000,0.000006,0.010464,0.376105,1
4696,1,0.010000,0.000006,0.010464,0.376105,1
4697,1,0.010000,0.000006,0.010464,0.376105,1
4698,1,0.010000,0.000006,0.010464,0.376105,1
4699,1,0.010000,0.000006,0.010464,0.376105,1
4700,1,0.010000,0.000006,0.010464,0.376105,0
4701,1,0.010000,0.000006,0.010464,0.376105,1
4702,1,0.010000,0.000006,0.010464,0.376105,1
4703,1,0.010000,0.000006,0.010464,0.376105,1
4704,1,0.010000,0.000006,0.010464,0.376105,1
4705,1,0.010000,0.000006,0.010464,0.376105,1
4706,1,0.010000,0.000006,0.010464,0.376105,1
4707,1,0.010000,0.000006,0.010464,0.376105,1
4708,1,0.010000,0.000006,0.010464,0.376105,1
4709,1,0.010000,0.000006,0.010464,0.376105,1
4710,1,0.010000,0.000006,0.010464,0.376105,1
4711,1,0.010000,0.000006,0.010464,0.376105,1
4712,1,0.010000,0.000006,0.010464,0.376104,0
4713,1,0.010000,0.000006,0.010464,0.376104,0
4714,1,0.010000,0.000006,0.010464,0.376104,1
4715,1,0.010000,0.000006,0.010464,0.376104,0
4716,1,0.010000,0.000006,0.010464,0.376104,1
4717,1,0.010000,0.000006,0.010464,0.376104,1
4718,1,0.010000,0.000006,0.010464,0.376104,1
4719,1,0.010000,0.000006,0.010464,0.376104,1
4720,1,0.010000,0.000006,0.010464,0.376104,1
4721,1,0.010000,0.000006,0.010464,0.376104,1
4722,1,0.010000,0.000006,0.010464,0.376104,0
4723,1,0.010000,0.000006,0.010464,0.376104,0
4724,1,0.010000,0.000006,0.010464,0.376104,1
4725,1,0.010000,0.000006,0.010464,0.376104,1
4726,1,0.010000,0.000006,0.010464,0.376104,1
4727,1,0.010000,0.000006,0.010464,0.376104,1
4728,1,0.010000,0.000006,0.010464,0.376104,1
4729,1,0.010000,0.000006,0.010464,0.376104,0
4730,1,0.010000,0.000006,0.010464,0.376104,1
4731,1,0.010000,0.000006,0.010464,0.376104,1
4732,1,0.010000,0.000006,0.010464,0.376104,0
4733,1,0.010000,0.000006,0.010464,0.376103,1
4734,1,0.010000,0.000006,0.010464,0.376103,1
4735,1,0.010000,0.000006,0.010464,0.376103,1
4736,1,0.010000,0.000006,0.010464,0.376103,0
4737,1,0.010000,0.000006,0.010464,0.376103,1
4738,1,0.010000,0.000006,0.010464,0.376103,1
4739,1,0.010000,0.000006,0.010464,0.376103,1
4740,1,0.010000,0.000006,0.010464,0.376103,1
4741,1,0.010000,0.000006,0.010464,0.376103,1
4742,1,0.010000,0.000006,0.010464,0.376103,1
4743,1,0.010000,0.000006,0.010464,0.376103,1
4744,1,0.010000,0.000006,0.010464,0.376103,1
4745,1,0.010000,0.000006,0.010464,0.376103,0
4746,1,0.010000,0.000005,0.010464,0.376103,1
4747,1,0.010000,0.000005,0.010464,0.376103,1
4748,1,0.010000,0.000005,0.010464,0.376103,1
4749,1,0.010000,0.000005,0.010464,0.376103,1
4750,1,0.010000,0.000005,0.010464,0.376103,1
4751,1,0.010000,0.000005,0.010464,0.376103,0
4752,1,0.010000,0.000005,0.010464,0.376103,1
4753,1,0.010000,0.000005,0.010464,0.376103,1
4754,1,0.010000,0.000005,0.010464,0.376103,1
4755,1,0.010000,0.000005,0.010464,0.376102,1
4756,1,0.010000,0.000005,0.010464,0.376102,1
4757,1,0.010000,0.000005,0.010464,0.376102,1
4758,1,0.010000,0.000005,0.010464,0.376102,0
4759,1,0.010000,0.000005,0.010464,0.376102,1
4760,1,0.010000,0.000005,0.010464,0.376102,1
4761,1,0.010000,0.000005,0.010464,0.376102,1
4762,1,0.010000,0.000005,0.010464,0.376102,1
4763,1,0.010000,0.000005,0.010464,0.376102,1
4764,1,0.010000,0.000005,0.010464,0.376102,0
4765,1,0.010000,0.000005,0.010464,0.376102,1
4766,1,0.010000,0.000005,0.010464,0.376102,1
4767,1,0.010000,0.000005,0.010464,0.376102,0
4768,1,0.010000,0.000005,0.010464,0.376102,1
4769,1,0.010000,0.000005,0.010464,0.376102,1
4770,1,0.010000,0.000005,0.010464,0.376102,1
4771,1,0.010000,0.000005,0.010464,0.376102,1
4772,1,0.010000,0.000005,0.010464,0.376102,1
4773,1,0.010000,0.000005,0.010464,0.376102,1
4774,1,0.010000,0.000005,0.010464,0.376102,0
4775,1,0.010000,0.000005,0.010464,0.376102,0
4776,1,0.010000,0.000005,0.010464,0.376102,1
4777,1,0.010000,0.000005,0.010464,0.376101,1
4778,1,0.010000,0.000005,0.010464,0.376101,1
4779,1,0.010000,0.000005,0.010464,0.376101,1
4780,1,0.010000,0.000005,0.010464,0.376101,1
4781,1,0.010000,0.000005,0.010464,0.376101,1
4782,1,0.010000,0.000005,0.010464,0.376101,1
4783,1,0.010000,0.000005,0.010464,0.376101,1
4784,1,0.010000,0.000005,0.010464,0.376101,0
4785,1,0.010000,0.000005,0.010464,0.376101,1
4786,1,0.010000,0.000005,0.010464,0.376101,1
4787,1,0.010000,0.000005,0.010464,0.376101,1
4788,1,0.010000,0.000005,0.010464,0.376101,1
4789,1,0.010000,0.000005,0.010464,0.376101,1
4790,1,0.010000,0.000005,0.010464,0.376101,0
4791,1,0.010000,0.000005,0.010464,0.376101,0
4792,1,0.010000,0.000005,0.010464,0.376101,1
4793,1,0.010000,0.000005,0.010464,0.376101,1
4794,1,0.010000,0.000005,0.010464,0.376101,1
4795,1,0.010000,0.000005,0.010464,0.376101,1
4796,1,0.010000,0.000005,0.010464,0.376101,1
4797,1,0.010000,0.000005,0.010464,0.376101,1
4798,1,0.010000,0.000005,0.010464,0.376101,1
4799,1,0.010000,0.000005,0.010464,0.376101,1
4800,1,0.010000,0.000005,0.010464,0.376100,1
4801,1,0.010000,0.000005,0.010464,0.376100,1
4802,1,0.010000,0.000005,0.010464,0.376100,1
4803,1,0.010000,0.000005,0.010464,0.376100,1
4804,1,0.010000,0.000005,0.010464,0.376100,0
4805,1,0.010000,0.000005,0.010464,0.376100,1
4806,1,0.010000,0.000005,0.010464,0.376100,1
4807,1,0.010000,0.000005,0.010464,0.376100,1
4808,1,0.010000,0.000005,0.010464,0.376100,1
4809,1,0.010000,0.000005,0.010464,0.376100,1
4810,1,0.010000,0.000005,0.010464,0.376100,0
4811,1,0.010000,0.000005,0.010464,0.376100,0
4812,1,0.010000,0.000005,0.010464,0.376100,1
4813,1,0.010000,0.000005,0.010464,0.376100,1
4814,1,0.010000,0.000005,0.010464,0.376100,1
4815,1,0.010000,0.000005,0.010464,0.376100,1
4816,1,0.010000,0.000005,0.010464,0.376100,1
4817,1,0.010000,0.000005,0.010464,0.376100,1
4818,1,0.010000,0.000005,0.010464,0.376100,1
4819,1,0.010000,0.000005,0.010464,0.376100,0
4820,1,0.010000,0.000005,0.010464,0.376100,1
4821,1,0.010000,0.000005,0.010464,0.376100,1
4822,1,0.010000,0.000005,0.010464,0.376099,1
4823,1,0.010000,0.000005,0.010464,0.376099,1
4824,1,0.010000,0.000005,0.010464,0.376099,1
4825,1,0.010000,0.000005,0.010464,0.376099,1
4826,1,0.010000,0.000005,0.010464,0.376099,1
4827,1,0.010000,0.000005,0.010464,0.376099,1
4828,1,0.010000,0.000005,0.010464,0.376099,0
4829,1,0.010000,0.000005,0.010464,0.376099,1
4830,1,0.010000,0.000005,0.010464,0.376099,1
4831,1,0.010000,0.000005,0.010464,0.376099,1
4832,1,0.010000,0.000005,0.010464,0.376099,1
4833,1,0.010000,0.000005,0.010464,0.376099,1
4834,1,0.010000,0.000005,0.010464,0.376099,1
4835,1,0.010000,0.000005,0.010464,0.376099,1
4836,1,0.010000,0.000005,0.010464,0.376099,1
4837,1,0.010000,0.000005,0.010464,0.376099,1
4838,1,0.010000,0.000005,0.010464,0.376099,1
4839,1,0.010000,0.000005,0.010464,0.376099,0
4840,1,0.010000,0.000005,0.010464,0.376099,1
4841,1,0.010000,0.000005,0.010464,0.376099,1
4842,1,0.010000,0.000005,0.010464,0.376099,1
4843,1,0.010000,0.000005,0.010464,0.376099,0
4844,1,0.010000,0.000005,0.010464,0.376099,1
4845,1,0.010000,0.000005,0.010464,0.376099,1
4846,1,0.010000,0.000005,0.010464,0.376098,1
4847,1,0.010000,0.000005,0.010464,0.376098,0
4848,1,0.010000,0.000005,0.010464,0.376098,1
4849,1,0.010000,0.000005,0.010464,0.376098,1
4850,1,0.010000,0.000005,0.010464,0.376098,1
4851,1,0.010000,0.000005,0.010464,0.376098,1
4852,1,0.010000,0.000005,0.010464,0.376098,1
4853,1,0.010000,0.000005,0.010464,0.376098,1
4854,1,0.010000,0.000005,0.010464,0.376098,1
4855,1,0.010000,0.000005,0.010464,0.376098,1
4856,1,0.010000,0.000005,0.010464,0.376098,1
4857,1,0.010000,0.000005,0.010464,0.376098,1
4858,1,0.010000,0.000005,0.010464,0.376098,1
4859,1,0.010000,0.000005,0.010464,0.376098,0
4860,1,0.010000,0.000005,0.010464,0.376098,1
4861,1,0.010000,0.000005,0.010464,0.376098,0
4862,1,0.010000,0.000005,0.010464,0.376098,1
4863,1,0.010000,0.000005,0.010464,0.376098,1
4864,1,0.010000,0.000005,0.010464,0.376098,1
4865,1,0.010000,0.000005,0.010464,0.376098,1
4866,1,0.010000,0.000005,0.010464,0.376098,1
4867,1,0.010000,0.000005,0.010464,0.376098,1
4868,1,0.010000,0.000005,0.010464,0.376098,1
4869,1,0.010000,0.000005,0.010464,0.376097,1
4870,1,0.010000,0.000005,0.010464,0.376097,1
4871,1,0.010000,0.000005,0.010464,0.376097,0
4872,1,0.010000,0.000005,0.010464,0.376097,1
4873,1,0.010000,0.000005,0.010464,0.376097,1
4874,1,0.010000,0.000005,0.010464,0.376097,1
4875,1,0.010000,0.000005,0.010464,0.376097,1
4876,1,0.010000,0.000005,0.010464,0.376097,1
4877,1,0.010000,0.000005,0.010464,0.376097,1
4878,1,0.010000,0.000005,0.010464,0.376097,0
4879,1,0.010000,0.000005,0.010464,0.376097,1
4880,1,0.010000,0.000005,0.010464,0.376097,1
4881,1,0.010000,0.000005,0.010464,0.376097,0
4882,1,0.010000,0.000005,0.010464,0.376097,1
4883,1,0.010000,0.000005,0.010464,0.376097,1
4884,1,0.010000,0.000005,0.010464,0.376097,1
4885,1,0.010000,0.000005,0.010464,0.376097,1
4886,1,0.010000,0.000005,0.010464,0.376097,1
4887,1,0.010000,0.000005,0.010464,0.376097,1
4888,1,0.010000,0.000005,0.010464,0.376097,1
4889,1,0.010000,0.000005,0.010464,0.376097,1
4890,1,0.010000,0.000005,0.010464,0.376097,1
4891,1,0.010000,0.000005,0.010464,0.376097,1
4892,1,0.010000,0.000005,0.010464,0.376097,0
4893,1,0.010000,0.000005,0.010464,0.376097,0
4894,1,0.010000,0.000005,0.010464,0.376096,0
4895,1,0.010000,0.000005,0.010464,0.376096,1
4896,1,0.010000,0.000005,0.010464,0.376096,1
4897,1,0.010000,0.000005,0.010464,0.376096,1
4898,1,0.010000,0.000005,0.010464,0.376096,1
4899,1,0.010000,0.000005,0.010464,0.376096,1
4900,1,0.010000,0.000005,0.010464,0.376096,1
4901,1,0.010000,0.000005,0.010464,0.376096,1
4902,1,0.010000,0.000005,0.010464,0.376096,0
4903,1,0.010000,0.000005,0.010464,0.376096,1
4904,1,0.010000,0.000005,0.010464,0.376096,1
4905,1,0.010000,0.000005,0.010464,0.376096,1
4906,1,0.010000,0.000005,0.010464,0.376096,1
4907,1,0.010000,0.000005,0.010464,0.376096,1
4908,1,0.010000,0.000005,0.010464,0.376096,1
4909,1,0.010000,0.000005,0.010464,0.376096,1
4910,1,0.010000,0.000005,0.010464,0.376096,1
4911,1,0.010000,0.000005,0.010464,0.376096,1
4912,1,0.010000,0.000005,0.010464,0.376096,0
4913,1,0.010000,0.000005,0.010464,0.376096,1
4914,1,0.010000,0.000005,0.010464,0.376096,1
4915,1,0.010000,0.000005,0.010464,0.376096,1
4916,1,0.010000,0.000005,0.010464,0.376096,1
4917,1,0.010000,0.000005,0.010464,0.376096,1
4918,1,0.010000,0.000005,0.010464,0.376096,1
4919,1,0.010000,0.000005,0.010464,0.376095,1
4920,1,0.010000,0.000005,0.010464,0.376095,1
4921,1,0.010000,0.000005,0.010464,0.376095,1
4922,1,0.010000,0.000005,0.010464,0.376095,1
4923,1,0.010000,0.000005,0.010464,0.376095,1
4924,1,0.010000,0.000005,0.010464,0.376095,1
4925,1,0.010000,0.000005,0.010464,0.376095,1
4926,1,0.010000,0.000005,0.010464,0.376095,1
4927,1,0.010000,0.000005,0.010464,0.376095,1
4928,1,0.010000,0.000005,0.010464,0.376095,1
4929,1,0.010000,0.000005,0.010464,0.376095,1
4930,1,0.010000,0.000005,0.010464,0.376095,1
4931,1,0.010000,0.000005,0.010464,0.376095,1
4932,1,0.010000,0.000005,0.010464,0.376095,0
4933,1,0.010000,0.000005,0.010464,0.376095,1
4934,1,0.010000,0.000005,0.010464,0.376095,1
4935,1,0.010000,0.000005,0.010464,0.376095,1
4936,1,0.010000,0.000005,0.010464,0.376095,1
4937,1,0.010000,0.000005,0.010464,0.376095,1
4938,1,0.010000,0.000005,0.010464,0.376095,1
4939,1,0.010000,0.000005,0.010464,0.376095,1
4940,1,0.010000,0.000005,0.010464,0.376095,0
4941,1,0.010000,0.000005,0.010464,0.376095,1
4942,1,0.010000,0.000005,0.010464,0.376095,1
4943,1,0.010000,0.000005,0.010464,0.376095,1
4944,1,0.010000,0.000005,0.010464,0.376094,1
4945,1,0.010000,0.000005,0.010464,0.376094,1
4946,1,0.010000,0.000005,0.010464,0.376094,1
4947,1,0.010000,0.000005,0.010464,0.376094,1
4948,1,0.010000,0.000005,0.010464,0.376094,1
4949,1,0.010000,0.000005,0.010464,0.376094,1
4950,1,0.010000,0.000005,0.010464,0.376094,1
4951,1,0.010000,0.000005,0.010464,0.376094,1
4952,1,0.010000,0.000005,0.010464,0.376094,1
4953,1,0.010000,0.000005,0.010464,0.376094,1
4954,1,0.010000,0.000005,0.010464,0.376094,1
4955,1,0.010000,0.000005,0.010464,0.376094,1
4956,1,0.010000,0.000005,0.010464,0.376094,1
4957,1,0.010000,0.000005,0.010464,0.376094,1
4958,1,0.010000,0.000005,0.010464,0.376094,0
4959,1,0.010000,0.000005,0.010464,0.376094,1
4960,1,0.010000,0.000005,0.010464,0.376094,1
4961,1,0.010000,0.000005,0.010464,0.376094,1
4962,1,0.010000,0.000005,0.010464,0.376094,1
4963,1,0.010000,0.000005,0.010464,0.376094,1
4964,1,0.010000,0.000005,0.010464,0.376094,1
4965,1,0.010000,0.000005,0.010464,0.376094,0
4966,1,0.010000,0.000005,0.010464,0.376094,1
4967,1,0.010000,0.000005,0.010464,0.376094,1
4968,1,0.010000,0.000005,0.010464,0.376094,1
4969,1,0.010000,0.000005,0.010464,0.376094,0
4970,1,0.010000,0.000005,0.010464,0.376093,1
4971,1,0.010000,0.000005,0.010464,0.376093,1
4972,1,0.010000,0.000005,0.010464,0.376093,1
4973,1,0.010000,0.000005,0.010464,0.376093,1
4974,1,0.010000,0.000005,0.010464,0.376093,1
4975,1,0.010000,0.000005,0.010464,0.376093,1
4976,1,0.010000,0.000005,0.010464,0.376093,1
4977,1,0.010000,0.000005,0.010464,0.376093,1
4978,1,0.010000,0.000005,0.010464,0.376093,1
4979,1,0.010000,0.000005,0.010464,0.376093,1
4980,1,0.010000,0.000005,0.010464,0.376093,1
4981,1,0.010000,0.000005,0.010464,0.376093,1
4982,1,0.010000,0.000005,0.010464,0.376093,1
4983,1,0.010000,0.000005,0.010464,0.376093,1
4984,1,0.010000,0.000005,0.010464,0.376093,0
4985,1,0.010000,0.000005,0.010464,0.376093,1
4986,1,0.010000,0.000005,0.010464,0.376093,1
4987,1,0.010000,0.000005,0.010464,0.376093,1
4988,1,0.010000,0.000005,0.010464,0.376093,0
4989,1,0.010000,0.000005,0.010464,0.376093,1
4990,1,0.010000,0.000005,0.010464,0.376093,1
4991,1,0.010000,0.000005,0.010464,0.376093,0
4992,1,0.010000,0.000005,0.010464,0.376093,1
4993,1,0.010000,0.000005,0.010464,0.376093,1
4994,1,0.010000,0.000005,0.010464,0.376093,1
4995,1,0.010000,0.000005,0.010464,0.376093,1
4996,1,0.010000,0.000005,0.010464,0.376093,0
4997,1,0.010000,0.000005,0.010464,0.376092,1
4998,1,0.010000,0.000005,0.010464,0.376092,1
4999,1,0.010000,0.000005,0.010464,0.376092,1
5000,1,0.010000,0.000005,0.010464,0.376092,0
5001,1,0.010000,0.000005,0.010464,0.376092,1
5002,1,0.010000,0.000005,0.010464,0.376092,1
5003,1,0.010000,0.000005,0.010464,0.376092,1
5004,1,0.010000,0.000005,0.010464,0.376092,1
5005,1,0.010000,0.000005,0.010464,0.376092,0
5006,1,0.010000,0.000005,0.010464,0.376092,1
5007,1,0.010000,0.000005,0.010464,0.376092,1
5008,1,0.010000,0.000005,0.010464,0.376092,1
5009,1,0.010000,0.000005,0.010464,0.376092,1
5010,1,0.010000,0.000005,0.010464,0.376092,1
5011,1,0.010000,0.000005,0.010464,0.376092,0
5012,1,0.010000,0.000005,0.010464,0.376092,1
5013,1,0.010000,0.000005,0.010464,0.376092,1
5014,1,0.010000,0.000005,0.010464,0.376092,1
5015,1,0.010000,0.000005,0.010464,0.376092,1
5016,1,0.010000,0.000005,0.010464,0.376092,1
5017,1,0.010000,0.000005,0.010464,0.376092,1
5018,1,0.010000,0.000005,0.010464,0.376092,1
5019,1,0.010000,0.000005,0.010464,0.376092,1
5020,1,0.010000,0.000005,0.010464,0.376092,1
5021,1,0.010000,0.000005,0.010464,0.376092,1
5022,1,0.010000,0.000005,0.010464,0.376092,1
5023,1,0.010000,0.000005,0.010464,0.376092,1
5024,1,0.010000,0.000005,0.010464,0.376091,1
5025,1,0.010000,0.000005,0.010464,0.376091,1
5026,1,0.010000,0.000005,0.010464,0.376091,1
5027,1,0.010000,0.000005,0.010464,0.376091,0
5028,1,0.010000,0.000005,0.010464,0.376091,1
5029,1,0.010000,0.000005,0.010464,0.376091,0
5030,1,0.010000,0.000005,0.010464,0.376091,1
5031,1,0.010000,0.000005,0.010464,0.376091,1
5032,1,0.010000,0.000005,0.010464,0.376091,1
5033,1,0.010000,0.000005,0.010464,0.376091,1
5034,1,0.010000,0.000005,0.010464,0.376091,1
5035,1,0.010000,0.000005,0.010464,0.376091,1
5036,1,0.010000,0.000005,0.010464,0.376091,1
5037,1,0.010000,0.000005,0.010464,0.376091,1
5038,1,0.010000,0.000005,0.010464,0.376091,1
5039,1,0.010000,0.000005,0.010464,0.376091,1
5040,1,0.010000,0.000005,0.010464,0.376091,0
5041,1,0.010000,0.000005,0.010464,0.376091,1
5042,1,0.010000,0.000005,0.010464,0.376091,1
5043,1,0.010000,0.000005,0.010464,0.376091,0
5044,1,0.010000,0.000005,0.010464,0.376091,0
5045,1,0.010000,0.000005,0.010464,0.376091,1
5046,1,0.010000,0.000005,0.010464,0.376091,1
5047,1,0.010000,0.000005,0.010464,0.376091,1
5048,1,0.010000,0.000005,0.010464,0.376091,1
5049,1,0.010000,0.000005,0.010464,0.376091,0
5050,1,0.010000,0.000005,0.010464,0.376091,1
5051,1,0.010000,0.000005,0.010464,0.376090,1
5052,1,0.010000,0.000005,0.010464,0.376090,0
5053,1,0.010000,0.000005,0.010464,0.376090,1
5054,1,0.010000,0.000005,0.010464,0.376090,1
5055,1,0.010000,0.000005,0.010464,0.376090,1
5056,1,0.010000,0.000005,0.010464,0.376090,1
5057,1,0.010000,0.000005,0.010464,0.376090,1
5058,1,0.010000,0.000005,0.010464,0.376090,1
5059,1,0.010000,0.000005,0.010464,0.376090,1
5060,1,0.010000,0.000005,0.010464,0.376090,1
5061,1,0.010000,0.000005,0.010464,0.376090,1
5062,1,0.010000,0.000005,0.010464,0.376090,1
5063,1,0.010000,0.000005,0.010464,0.376090,1
5064,1,0.010000,0.000005,0.010464,0.376090,1
5065,1,0.010000,0.000005,0.010464,0.376090,1
5066,1,0.010000,0.000005,0.010464,0.376090,1
5067,1,0.010000,0.000005,0.010464,0.376090,1
5068,1,0.010000,0.000005,0.010464,0.376090,1
5069,1,0.010000,0.000005,0.010464,0.376090,1
5070,1,0.010000,0.000005,0.010464,0.376090,0
5071,1,0.010000,0.000005,0.010464,0.376090,1
5072,1,0.010000,0.000005,0.010464,0.376090,1
5073,1,0.010000,0.000005,0.010464,0.376090,1
5074,1,0.010000,0.000005,0.010464,0.376090,0
5075,1,0.010000,0.000005,0.010464,0.376090,0
5076,1,0.010000,0.000005,0.010464,0.376090,1
5077,1,0.010000,0.000005,0.010464,0.376090,0
5078,1,0.010000,0.000005,0.010464,0.376090,1
5079,1,0.010000,0.000005,0.010464,0.376090,0
5080,1,0.010000,0.000005,0.010464,0.376089,1
5081,1,0.010000,0.000005,0.010464,0.376089,0
5082,1,0.010000,0.000005,0.010464,0.376089,0
5083,1,0.010000,0.000005,0.010464,0.376089,1
5084,1,0.010000,0.000005,0.010464,0.376089,1
5085,1,0.010000,0.000005,0.010464,0.376089,0
5086,1,0.010000,0.000005,0.010464,0.376089,1
5087,1,0.010000,0.000005,0.010464,0.376089,1
5088,1,0.010000,0.000005,0.010464,0.376089,1
5089,1,0.010000,0.000005,0.010464,0.376089,1
5090,1,0.010000,0.000005,0.010464,0.376089,1
5091,1,0.010000,0.000005,0.010464,0.376089,1
5092,1,0.010000,0.000005,0.010464,0.376089,1
5093,1,0.010000,0.000005,0.010464,0.376089,0
5094,1,0.010000,0.000005,0.010464,0.376089,1
5095,1,0.010000,0.000004,0.010464,0.376089,1
5096,1,0.010000,0.000004,0.010464,0.376089,1
5097,1,0.010000,0.000004,0.010464,0.376089,1
5098,1,0.010000,0.000004,0.010464,0.376089,1
5099,1,0.010000,0.000004,0.010464,0.376089,0
5100,1,0.010000,0.000004,0.010464,0.376089,0
5101,1,0.010000,0.000004,0.010464,0.376089,1
5102,1,0.010000,0.000004,0.010464,0.376089,1
5103,1,0.010000,0.000004,0.010464,0.376089,1
5104,1,0.010000,0.000004,0.010464,0.376089,1
5105,1,0.010000,0.000004,0.010464,0.376089,1
5106,1,0.010000,0.000004,0.010464,0.376089,1
5107,1,0.010000,0.000004,0.010464,0.376089,1
5108,1,0.010000,0.000004,0.010464,0.376089,1
5109,1,0.010000,0.000004,0.010464,0.376089,0
5110,1,0.010000,0.000004,0.010464,0.376088,1
5111,1,0.010000,0.000004,0.010464,0.376088,1
5112,1,0.010000,0.000004,0.010464,0.376088,0
5113,1,0.010000,0.000004,0.010464,0.376088,0
5114,1,0.010000,0.000004,0.010464,0.376088,1
5115,1,0.010000,0.000004,0.010464,0.376088,1
5116,1,0.010000,0.000004,0.010464,0.376088,1
5117,1,0.010000,0.000004,0.010464,0.376088,1
5118,1,0.010000,0.000004,0.010464,0.376088,1
5119,1,0.010000,0.000004,0.010464,0.376088,1
5120,1,0.010000,0.000004,0.010464,0.376088,1
5121,1,0.010000,0.000004,0.010464,0.376088,1
5122,1,0.010000,0.000004,0.010464,0.376088,0
5123,1,0.010000,0.000004,0.010464,0.376088,1
5124,1,0.010000,0.000004,0.010464,0.376088,1
5125,1,0.010000,0.000004,0.010464,0.376088,1
5126,1,0.010000,0.000004,0.010464,0.376088,1
5127,1,0.010000,0.000004,0.010464,0.376088,1
5128,1,0.010000,0.000004,0.010464,0.376088,0
5129,1,0.010000,0.000004,0.010464,0.376088,1
5130,1,0.010000,0.000004,0.010464,0.376088,1
5131,1,0.010000,0.000004,0.010464,0.376088,0
5132,1,0.010000,0.000004,0.010464,0.376088,1
5133,1,0.010000,0.000004,0.010464,0.376088,1
5134,1,0.010000,0.000004,0.010464,0.376088,0
5135,1,0.010000,0.000004,0.010464,0.376088,1
5136,1,0.010000,0.000004,0.010464,0.376088,0
5137,1,0.010000,0.000004,0.010464,0.376088,1
5138,1,0.010000,0.000004,0.010464,0.376088,0
5139,1,0.010000,0.000004,0.010464,0.376087,1
5140,1,0.010000,0.000004,0.010464,0.376087,1
5141,1,0.010000,0.000004,0.010464,0.376087,1
5142,1,0.010000,0.000004,0.010464,0.376087,1
5143,1,0.010000,0.000004,0.010464,0.376087,1
5144,1,0.010000,0.000004,0.010464,0.376087,1
5145,1,0.010000,0.000004,0.010464,0.376087,1
5146,1,0.010000,0.000004,0.010464,0.376087,1
5147,1,0.010000,0.000004,0.010464,0.376087,1
5148,1,0.010000,0.000004,0.010464,0.376087,1
5149,1,0.010000,0.000004,0.010464,0.376087,1
5150,1,0.010000,0.000004,0.010464,0.376087,1
5151,1,0.010000,0.000004,0.010464,0.376087,1
5152,1,0.010000,0.000004,0.010464,0.376087,1
5153,1,0.010000,0.000004,0.010464,0.376087,1
5154,1,0.010000,0.000004,0.010464,0.376087,1
5155,1,0.010000,0.000004,0.010464,0.376087,1
5156,1,0.010000,0.000004,0.010464,0.376087,1
5157,1,0.010000,0.000004,0.010464,0.376087,1
5158,1,0.010000,0.000004,0.010464,0.376087,1
5159,1,0.010000,0.000004,0.010464,0.376087,1
5160,1,0.010000,0.000004,0.010464,0.376087,1
5161,1,0.010000,0.000004,0.010464,0.376087,1
5162,1,0.010000,0.000004,0.010464,0.376087,1
5163,1,0.010000,0.000004,0.010464,0.376087,1
5164,1,0.010000,0.000004,0.010464,0.376087,1
5165,1,0.010000,0.000004,0.010464,0.376087,1
5166,1,0.010000,0.000004,0.010464,0.376087,0
5167,1,0.010000,0.000004,0.010464,0.376087,1
5168,1,0.010000,0.000004,0.010464,0.376087,1
5169,1,0.010000,0.000004,0.010464,0.376087,1
5170,1,0.010000,0.000004,0.010464,0.376086,0
5171,1,0.010000,0.000004,0.010464,0.376086,1
5172,1,0.010000,0.000004,0.010464,0.376086,1
5173,1,0.010000,0.000004,0.010464,0.376086,1
5174,1,0.010000,0.000004,0.010464,0.376086,1
5175,1,0.010000,0.000004,0.010464,0.376086,1
5176,1,0.010000,0.000004,0.010464,0.376086,1
5177,1,0.010000,0.000004,0.010464,0.376086,1
5178,1,0.010000,0.000004,0.010464,0.376086,1
5179,1,0.010000,0.000004,0.010464,0.376086,0
5180,1,0.010000,0.000004,0.010464,0.376086,1
5181,1,0.010000,0.000004,0.010464,0.376086,1
5182,1,0.010000,0.000004,0.010464,0.376086,0
5183,1,0.010000,0.000004,0.010464,0.376086,1
5184,1,0.010000,0.000004,0.010464,0.376086,1
5185,1,0.010000,0.000004,0.010464,0.376086,1
5186,1,0.010000,0.000004,0.010464,0.376086,1
5187,1,0.010000,0.000004,0.010464,0.376086,1
5188,1,0.010000,0.000004,0.010464,0.376086,1
5189,1,0.010000,0.000004,0.010464,0.376086,1
5190,1,0.010000,0.000004,0.010464,0.376086,1
5191,1,0.010000,0.000004,0.010464,0.376086,1
5192,1,0.010000,0.000004,0.010464,0.376086,1
5193,1,0.010000,0.000004,0.010464,0.376086,1
5194,1,0.010000,0.000004,0.010464,0.376086,0
5195,1,0.010000,0.000004,0.010464,0.376086,1
5196,1,0.010000,0.000004,0.010464,0.376086,1
5197,1,0.010000,0.000004,0.010464,0.376086,1
5198,1,0.010000,0.000004,0.010464,0.376086,1
5199,1,0.010000,0.000004,0.010464,0.376086,1
5200,1,0.010000,0.000004,0.010464,0.376086,1
5201,1,0.010000,0.000004,0.010464,0.376085,0
5202,1,0.010000,0.000004,0.010464,0.376085,1
5203,1,0.010000,0.000004,0.010464,0.376085,1
5204,1,0.010000,0.000004,0.010464,0.376085,0
5205,1,0.010000,0.000004,0.010464,0.376085,1
5206,1,0.010000,0.000004,0.010464,0.376085,1
5207,1,0.010000,0.000004,0.010464,0.376085,1
5208,1,0.010000,0.000004,0.010464,0.376085,1
5209,1,0.010000,0.000004,0.010464,0.376085,1
5210,1,0.010000,0.000004,0.010464,0.376085,1
5211,1,0.010000,0.000004,0.010464,0.376085,0
5212,1,0.010000,0.000004,0.010464,0.376085,1
5213,1,0.010000,0.000004,0.010464,0.376085,1
5214,1,0.010000,0.000004,0.010464,0.376085,1
5215,1,0.010000,0.000004,0.010464,0.376085,1
5216,1,0.010000,0.000004,0.010464,0.376085,1
5217,1,0.010000,0.000004,0.010464,0.376085,1
5218,1,0.010000,0.000004,0.010464,0.376085,0
5219,1,0.010000,0.000004,0.010464,0.376085,1
5220,1,0.010000,0.000004,0.010464,0.376085,1
5221,1,0.010000,0.000004,0.010464,0.376085,1
5222,1,0.010000,0.000004,0.010464,0.376085,0
5223,1,0.010000,0.000004,0.010464,0.376085,1
5224,1,0.010000,0.000004,0.010464,0.376085,1
5225,1,0.010000,0.000004,0.010464,0.376085,1
5226,1,0.010000,0.000004,0.010464,0.376085,1
5227,1,0.010000,0.000004,0.010464,0.376085,0
5228,1,0.010000,0.000004,0.010464,0.376085,1
5229,1,0.010000,0.000004,0.010464,0.376085,1
5230,1,0.010000,0.000004,0.010464,0.376085,0
5231,1,0.010000,0.000004,0.010464,0.376085,1
5232,1,0.010000,0.000004,0.010464,0.376085,1
5233,1,0.010000,0.000004,0.010464,0.376085,1
5234,1,0.010000,0.000004,0.010464,0.376084,1
5235,1,0.010000,0.000004,0.010464,0.376084,1
5236,1,0.010000,0.000004,0.010464,0.376084,1
5237,1,0.010000,0.000004,0.010464,0.376084,1
5238,1,0.010000,0.000004,0.010464,0.376084,1
5239,1,0.010000,0.000004,0.010464,0.376084,1
5240,1,0.010000,0.000004,0.010464,0.376084,1
5241,1,0.010000,0.000004,0.010464,0.376084,1
5242,1,0.010000,0.000004,0.010464,0.376084,1
5243,1,0.010000,0.000004,0.010464,0.376084,1
5244,1,0.010000,0.000004,0.010464,0.376084,0
5245,1,0.010000,0.000004,0.010464,0.376084,1
5246,1,0.010000,0.000004,0.010464,0.376084,1
5247,1,0.010000,0.000004,0.010464,0.376084,1
5248,1,0.010000,0.000004,0.010464,0.376084,1
5249,1,0.010000,0.000004,0.010464,0.376084,1
5250,1,0.010000,0.000004,0.010464,0.376084,1
5251,1,0.010000,0.000004,0.010464,0.376084,1
5252,1,0.010000,0.000004,0.010464,0.376084,1
5253,1,0.010000,0.000004,0.010464,0.376084,1
5254,1,0.010000,0.000004,0.010464,0.376084,1
5255,1,0.010000,0.000004,0.010464,0.376084,1
5256,1,0.010000,0.000004,0.010464,0.376084,1
5257,1,0.010000,0.000004,0.010464,0.376084,1
5258,1,0.010000,0.000004,0.010464,0.376084,1
5259,1,0.010000,0.000004,0.010464,0.376084,1
5260,1,0.010000,0.000004,0.010464,0.376084,1
5261,1,0.010000,0.000004,0.010464,0.376084,1
5262,1,0.010000,0.000004,0.010464,0.376084,1
5263,1,0.010000,0.000004,0.010464,0.376084,1
5264,1,0.010000,0.000004,0.010464,0.376084,1
5265,1,0.010000,0.000004,0.010464,0.376084,0
5266,1,0.010000,0.000004,0.010464,0.376083,1
5267,1,0.010000,0.000004,0.010464,0.376083,1
5268,1,0.010000,0.000004,0.010464,0.376083,1
5269,1,0.010000,0.000004,0.010464,0.376083,1
5270,1,0.010000,0.000004,0.010464,0.376083,1
5271,1,0.010000,0.000004,0.010464,0.376083,1
5272,1,0.010000,0.000004,0.010464,0.376083,1
5273,1,0.010000,0.000004,0.010464,0.376083,1
5274,1,0.010000,0.000004,0.010464,0.376083,1
5275,1,0.010000,0.000004,0.010464,0.376083,1
5276,1,0.010000,0.000004,0.010464,0.376083,1
5277,1,0.010000,0.000004,0.010464,0.376083,1
5278,1,0.010000,0.000004,0.010464,0.376083,0
5279,1,0.010000,0.000004,0.010464,0.376083,1
5280,1,0.010000,0.000004,0.010464,0.376083,1
5281,1,0.010000,0.000004,0.010464,0.376083,1
5282,1,0.010000,0.000004,0.010464,0.376083,1
5283,1,0.010000,0.000004,0.010464,0.376083,1
5284,1,0.010000,0.000004,0.010464,0.376083,1
5285,1,0.010000,0.000004,0.010464,0.376083,0
5286,1,0.010000,0.000004,0.010464,0.376083,1
5287,1,0.010000,0.000004,0.010464,0.376083,1
5288,1,0.010000,0.000004,0.010464,0.376083,1
5289,1,0.010000,0.000004,0.010464,0.376083,1
5290,1,0.010000,0.000004,0.010464,0.376083,1
5291,1,0.010000,0.000004,0.010464,0.376083,1
5292,1,0.010000,0.000004,0.010464,0.376083,1
5293,1,0.010000,0.000004,0.010464,0.376083,1
5294,1,0.010000,0.000004,0.010464,0.376083,1
5295,1,0.010000,0.000004,0.010464,0.376083,1
5296,1,0.010000,0.000004,0.010464,0.376083,1
5297,1,0.010000,0.000004,0.010464,0.376083,1
5298,1,0.010000,0.000004,0.010464,0.376083,1
5299,1,0.010000,0.000004,0.010464,0.376083,1
5300,1,0.010000,0.000004,0.010464,0.376082,1
5301,1,0.010000,0.000004,0.010464,0.376082,1
5302,1,0.010000,0.000004,0.010464,0.376082,1
5303,1,0.010000,0.000004,0.010464,0.376082,1
5304,1,0.010000,0.000004,0.010464,0.376082,1
5305,1,0.010000,0.000004,0.010464,0.376082,1
5306,1,0.010000,0.000004,0.010464,0.376082,1
5307,1,0.010000,0.000004,0.010464,0.376082,1
5308,1,0.010000,0.000004,0.010464,0.376082,1
5309,1,0.010000,0.000004,0.010464,0.376082,1
5310,1,0.010000,0.000004,0.010464,0.376082,1
5311,1,0.010000,0.000004,0.010464,0.376082,1
5312,1,0.010000,0.000004,0.010464,0.376082,1
5313,1,0.010000,0.000004,0.010464,0.376082,1
5314,1,0.010000,0.000004,0.010464,0.376082,1
5315,1,0.010000,0.000004,0.010464,0.376082,1
5316,1,0.010000,0.000004,0.010464,0.376082,1
5317,1,0.010000,0.000004,0.010464,0.376082,1
5318,1,0.010000,0.000004,0.010464,0.376082,1
5319,1,0.010000,0.000004,0.010464,0.376082,1
5320,1,0.010000,0.000004,0.010464,0.376082,1
5321,1,0.010000,0.000004,0.010464,0.376082,1
5322,1,0.010000,0.000004,0.010464,0.376082,1
5323,1,0.010000,0.000004,0.010464,0.376082,0
5324,1,0.010000,0.000004,0.010464,0.376082,1
5325,1,0.010000,0.000004,0.010464,0.376082,0
5326,1,0.010000,0.000004,0.010464,0.376082,1
5327,1,0.010000,0.000004,0.010464,0.376082,1
5328,1,0.010000,0.000004,0.010464,0.376082,1
5329,1,0.010000,0.000004,0.010464,0.376082,0
5330,1,0.010000,0.000004,0.010464,0.376082,1
5331,1,0.010000,0.000004,0.010464,0.376082,0
5332,1,0.010000,0.000004,0.010464,0.376082,1
5333,1,0.010000,0.000004,0.010464,0.376082,0
5334,1,0.010000,0.000004,0.010464,0.376082,0
5335,1,0.010000,0.000004,0.010464,0.376081,1
5336,1,0.010000,0.000004,0.010464,0.376081,1
5337,1,0.010000,0.000004,0.010464,0.376081,0
5338,1,0.010000,0.000004,0.010464,0.376081,1
5339,1,0.010000,0.000004,0.010464,0.376081,1
5340,1,0.010000,0.000004,0.010464,0.376081,1
5341,1,0.010000,0.000004,0.010464,0.376081,1
5342,1,0.010000,0.000004,0.010464,0.376081,1
5343,1,0.010000,0.000004,0.010464,0.376081,0
5344,1,0.010000,0.000004,0.010464,0.376081,1
5345,1,0.010000,0.000004,0.010464,0.376081,1
5346,1,0.010000,0.000004,0.010464,0.376081,1
5347,1,0.010000,0.000004,0.010464,0.376081,1
5348,1,0.010000,0.000004,0.010464,0.376081,1
5349,1,0.010000,0.000004,0.010464,0.376081,1
5350,1,0.010000,0.000004,0.010464,0.376081,1
5351,1,0.010000,0.000004,0.010464,0.376081,1
5352,1,0.010000,0.000004,0.010464,0.376081,1
5353,1,0.010000,0.000004,0.010464,0.376081,1
5354,1,0.010000,0.000004,0.010464,0.376081,1
5355,1,0.010000,0.000004,0.010464,0.376081,1
5356,1,0.010000,0.000004,0.010464,0.376081,1
5357,1,0.010000,0.000004,0.010464,0.376081,1
5358,1,0.010000,0.000004,0.010464,0.376081,0
5359,1,0.010000,0.000004,0.010464,0.376081,0
5360,1,0.010000,0.000004,0.010464,0.376081,1
5361,1,0.010000,0.000004,0.010464,0.376081,1
5362,1,0.010000,0.000004,0.010464,0.376081,1
5363,1,0.010000,0.000004,0.010464,0.376081,1
5364,1,0.010000,0.000004,0.010464,0.376081,1
5365,1,0.010000,0.000004,0.010464,0.376081,1
5366,1,0.010000,0.000004,0.010464,0.376081,1
5367,1,0.010000,0.000004,0.010464,0.376081,1
5368,1,0.010000,0.000004,0.010464,0.376081,1
5369,1,0.010000,0.000004,0.010464,0.376081,1
5370,1,0.010000,0.000004,0.010464,0.376081,1
5371,1,0.010000,0.000004,0.010464,0.376080,1
5372,1,0.010000,0.000004,0.010464,0.376080,0
5373,1,0.010000,0.000004,0.010464,0.376080,1
5374,1,0.010000,0.000004,0.010464,0.376080,0
5375,1,0.010000,0.000004,0.010464,0.376080,0
5376,1,0.010000,0.000004,0.010464,0.376080,1
5377,1,0.010000,0.000004,0.010464,0.376080,1
5378,1,0.010000,0.000004,0.010464,0.376080,1
5379,1,0.010000,0.000004,0.010464,0.376080,1
5380,1,0.010000,0.000004,0.010464,0.376080,1
5381,1,0.010000,0.000004,0.010464,0.376080,0
5382,1,0.010000,0.000004,0.010464,0.376080,1
5383,1,0.010000,0.000004,0.010464,0.376080,0
5384,1,0.010000,0.000004,0.010464,0.376080,1
5385,1,0.010000,0.000004,0.010464,0.376080,1
5386,1,0.010000,0.000004,0.010464,0.376080,1
5387,1,0.010000,0.000004,0.010464,0.376080,1
5388,1,0.010000,0.000004,0.010464,0.376080,0
5389,1,0.010000,0.000004,0.010464,0.376080,1
5390,1,0.010000,0.000004,0.010464,0.376080,0
5391,1,0.010000,0.000004,0.010464,0.376080,1
5392,1,0.010000,0.000004,0.010464,0.376080,1
5393,1,0.010000,0.000004,0.010464,0.376080,0
5394,1,0.010000,0.000004,0.010464,0.376080,1
5395,1,0.010000,0.000004,0.010464,0.376080,1
5396,1,0.010000,0.000004,0.010464,0.376080,0
5397,1,0.010000,0.000004,0.010464,0.376080,1
5398,1,0.010000,0.000004,0.010464,0.376080,0
5399,1,0.010000,0.000004,0.010464,0.376080,1
5400,1,0.010000,0.000004,0.010464,0.376080,1
5401,1,0.010000,0.000004,0.010464,0.376080,1
5402,1,0.010000,0.000004,0.010464,0.376080,0
5403,1,0.010000,0.000004,0.010464,0.376080,1
5404,1,0.010000,0.000004,0.010464,0.376080,1
5405,1,0.010000,0.000004,0.010464,0.376080,1
5406,1,0.010000,0.000004,0.010464,0.376080,1
5407,1,0.010000,0.000004,0.010464,0.376080,1
5408,1,0.010000,0.000004,0.010464,0.376079,0
5409,1,0.010000,0.000004,0.010464,0.376079,1
5410,1,0.010000,0.000004,0.010464,0.376079,0
5411,1,0.010000,0.000004,0.010464,0.376079,1
5412,1,0.010000,0.000004,0.010464,0.376079,1
5413,1,0.010000,0.000004,0.010464,0.376079,1
5414,1,0.010000,0.000004,0.010464,0.376079,1
5415,1,0.010000,0.000004,0.010464,0.376079,1
5416,1,0.010000,0.000004,0.010464,0.376079,1
5417,1,0.010000,0.000004,0.010464,0.376079,0
5418,1,0.010000,0.000004,0.010464,0.376079,0
5419,1,0.010000,0.000004,0.010464,0.376079,1
5420,1,0.010000,0.000004,0.010464,0.376079,1
5421,1,0.010000,0.000004,0.010464,0.376079,1
5422,1,0.010000,0.000004,0.010464,0.376079,1
5423,1,0.010000,0.000004,0.010464,0.376079,1
5424,1,0.010000,0.000004,0.010464,0.376079,1
5425,1,0.010000,0.000004,0.010464,0.376079,0
5426,1,0.010000,0.000004,0.010464,0.376079,1
5427,1,0.010000,0.000004,0.010464,0.376079,1
5428,1,0.010000,0.000004,0.010464,0.376079,1
5429,1,0.010000,0.000004,0.010464,0.376079,1
5430,1,0.010000,0.000004,0.010464,0.376079,1
5431,1,0.010000,0.000004,0.010464,0.376079,1
5432,1,0.010000,0.000004,0.010464,0.376079,1
5433,1,0.010000,0.000004,0.010464,0.376079,1
5434,1,0.010000,0.000004,0.010464,0.376079,1
5435,1,0.010000,0.000004,0.010464,0.376079,1
5436,1,0.010000,0.000004,0.010464,0.376079,0
5437,1,0.010000,0.000004,0.010464,0.376079,1
5438,1,0.010000,0.000004,0.010464,0.376079,1
5439,1,0.010000,0.000004,0.010464,0.376079,1
5440,1,0.010000,0.000004,0.010464,0.376079,1
5441,1,0.010000,0.000004,0.010464,0.376079,1
5442,1,0.010000,0.000004,0.010464,0.376079,1
5443,1,0.010000,0.000004,0.010464,0.376079,1
5444,1,0.010000,0.000004,0.010464,0.376079,1
5445,1,0.010000,0.000004,0.010464,0.376078,1
5446,1,0.010000,0.000004,0.010464,0.376078,1
5447,1,0.010000,0.000004,0.010464,0.376078,1
5448,1,0.010000,0.000004,0.010464,0.376078,1
5449,1,0.010000,0.000004,0.010464,0.376078,1
5450,1,0.010000,0.000004,0.010464,0.376078,1
5451,1,0.010000,0.000004,0.010464,0.376078,1
5452,1,0.010000,0.000004,0.010464,0.376078,1
5453,1,0.010000,0.000004,0.010464,0.376078,1
5454,1,0.010000,0.000004,0.010464,0.376078,1
5455,1,0.010000,0.000004,0.010464,0.376078,1
5456,1,0.010000,0.000004,0.010464,0.376078,0
5457,1,0.010000,0.000004,0.010464,0.376078,1
5458,1,0.010000,0.000004,0.010464,0.376078,1
5459,1,0.010000,0.000004,0.010464,0.376078,1
5460,1,0.010000,0.000004,0.010464,0.376078,1
5461,1,0.010000,0.000004,0.010464,0.376078,0
5462,1,0.010000,0.000004,0.010464,0.376078,1
5463,1,0.010000,0.000004,0.010464,0.376078,1
5464,1,0.010000,0.000004,0.010464,0.376078,1
5465,1,0.010000,0.000004,0.010464,0.376078,1
5466,1,0.010000,0.000004,0.010464,0.376078,1
5467,1,0.010000,0.000004,0.010464,0.376078,0
5468,1,0.010000,0.000004,0.010464,0.376078,1
5469,1,0.010000,0.000004,0.010464,0.376078,1
5470,1,0.010000,0.000004,0.010464,0.376078,1
5471,1,0.010000,0.000004,0.010464,0.376078,1
5472,1,0.010000,0.000004,0.010464,0.376078,1
5473,1,0.010000,0.000004,0.010464,0.376078,1
5474,1,0.010000,0.000004,0.010464,0.376078,1
5475,1,0.010000,0.000004,0.010464,0.376078,1
5476,1,0.010000,0.000004,0.010464,0.376078,1
5477,1,0.010000,0.000004,0.010464,0.376078,1
5478,1,0.010000,0.000004,0.010464,0.376078,1
5479,1,0.010000,0.000004,0.010464,0.376078,1
5480,1,0.010000,0.000004,0.010464,0.376078,1
5481,1,0.010000,0.000004,0.010464,0.376078,0
5482,1,0.010000,0.000004,0.010464,0.376078,1
5483,1,0.010000,0.000004,0.010464,0.376078,1
5484,1,0.010000,0.000004,0.010464,0.376078,1
5485,1,0.010000,0.000004,0.010464,0.376077,1
5486,1,0.010000,0.000004,0.010464,0.376077,0
5487,1,0.010000,0.000004,0.010464,0.376077,1
5488,1,0.010000,0.000004,0.010464,0.376077,1
5489,1,0.010000,0.000004,0.010464,0.376077,1
5490,1,0.010000,0.000004,0.010464,0.376077,1
5491,1,0.010000,0.000004,0.010464,0.376077,1
5492,1,0.010000,0.000004,0.010464,0.376077,1
5493,1,0.010000,0.000004,0.010464,0.376077,1
5494,1,0.010000,0.000004,0.010464,0.376077,1
5495,1,0.010000,0.000004,0.010464,0.376077,1
5496,1,0.010000,0.000004,0.010464,0.376077,1
5497,1,0.010000,0.000004,0.010464,0.376077,1
5498,1,0.010000,0.000004,0.010464,0.376077,1
5499,1,0.010000,0.000004,0.010464,0.376077,1
5500,1,0.010000,0.000004,0.010464,0.376077,1
5501,1,0.010000,0.000004,0.010464,0.376077,1
5502,1,0.010000,0.000004,0.010464,0.376077,1
5503,1,0.010000,0.000004,0.010464,0.376077,1
5504,1,0.010000,0.000004,0.010464,0.376077,1
5505,1,0.010000,0.000004,0.010464,0.376077,1
5506,1,0.010000,0.000004,0.010464,0.376077,1
5507,1,0.010000,0.000004,0.010464,0.376077,0
5508,1,0.010000,0.000004,0.010464,0.376077,1
5509,1,0.010000,0.000004,0.010464,0.376077,1
5510,1,0.010000,0.000004,0.010464,0.376077,1
5511,1,0.010000,0.000004,0.010464,0.376077,1
5512,1,0.010000,0.000004,0.010464,0.376077,1
5513,1,0.010000,0.000004,0.010464,0.376077,1
5514,1,0.010000,0.000004,0.010464,0.376077,1
5515,1,0.010000,0.000004,0.010464,0.376077,1
5516,1,0.010000,0.000004,0.010464,0.376077,1
5517,1,0.010000,0.000004,0.010464,0.376077,1
5518,1,0.010000,0.000004,0.010464,0.376077,1
5519,1,0.010000,0.000004,0.010464,0.376077,0
5520,1,0.010000,0.000004,0.010464,0.376077,1
5521,1,0.010000,0.000004,0.010464,0.376077,1
5522,1,0.010000,0.000004,0.010464,0.376077,1
5523,1,0.010000,0.000004,0.010464,0.376077,0
5524,1,0.010000,0.000004,0.010464,0.376077,1
5525,1,0.010000,0.000004,0.010464,0.376076,1
5526,1,0.010000,0.000004,0.010464,0.376076,1
5527,1,0.010000,0.000004,0.010464,0.376076,1
5528,1,0.010000,0.000004,0.010464,0.376076,1
5529,1,0.010000,0.000004,0.010464,0.376076,0
5530,1,0.010000,0.000004,0.010464,0.376076,1
5531,1,0.010000,0.000004,0.010464,0.376076,1
5532,1,0.010000,0.000004,0.010464,0.376076,1
5533,1,0.010000,0.000004,0.010464,0.376076,1
5534,1,0.010000,0.000004,0.010464,0.376076,1
5535,1,0.010000,0.000004,0.010464,0.376076,1
5536,1,0.010000,0.000004,0.010464,0.376076,1
5537,1,0.010000,0.000004,0.010464,0.376076,1
5538,1,0.010000,0.000004,0.010464,0.376076,0
5539,1,0.010000,0.000004,0.010464,0.376076,1
5540,1,0.010000,0.000004,0.010464,0.376076,1
5541,1,0.010000,0.000004,0.010464,0.376076,0
5542,1,0.010000,0.000004,0.010464,0.376076,1
5543,1,0.010000,0.000004,0.010464,0.376076,1
5544,1,0.010000,0.000004,0.010464,0.376076,1
5545,1,0.010000,0.000004,0.010464,0.376076,1
5546,1,0.010000,0.000004,0.010464,0.376076,1
5547,1,0.010000,0.000004,0.010464,0.376076,1
5548,1,0.010000,0.000004,0.010464,0.376076,1
5549,1,0.010000,0.000004,0.010464,0.376076,1
5550,1,0.010000,0.000004,0.010464,0.376076,1
5551,1,0.010000,0.000004,0.010464,0.376076,0
5552,1,0.010000,0.000004,0.010464,0.376076,1
5553,1,0.010000,0.000004,0.010464,0.376076,1
5554,1,0.010000,0.000004,0.010464,0.376076,1
5555,1,0.010000,0.000004,0.010464,0.376076,1
5556,1,0.010000,0.000004,0.010464,0.376076,1
5557,1,0.010000,0.000004,0.010464,0.376076,1
5558,1,0.010000,0.000004,0.010464,0.376076,1
5559,1,0.010000,0.000004,0.010464,0.376076,1
5560,1,0.010000,0.000004,0.010464,0.376076,1
5561,1,0.010000,0.000004,0.010464,0.376076,1
5562,1,0.010000,0.000004,0.010464,0.376076,1
5563,1,0.010000,0.000004,0.010464,0.376076,1
5564,1,0.010000,0.000004,0.010464,0.376076,1
5565,1,0.010000,0.000004,0.010464,0.376076,1
5566,1,0.010000,0.000004,0.010464,0.376075,1
5567,1,0.010000,0.000004,0.010464,0.376075,1
5568,1,0.010000,0.000004,0.010464,0.376075,1
5569,1,0.010000,0.000004,0.010464,0.376075,1
5570,1,0.010000,0.000004,0.010464,0.376075,1
5571,1,0.010000,0.000004,0.010464,0.376075,1
5572,1,0.010000,0.000004,0.010464,0.376075,0
5573,1,0.010000,0.000004,0.010464,0.376075,1
5574,1,0.010000,0.000004,0.010464,0.376075,1
5575,1,0.010000,0.000004,0.010464,0.376075,1
5576,1,0.010000,0.000004,0.010464,0.376075,0
5577,1,0.010000,0.000004,0.010464,0.376075,1
5578,1,0.010000,0.000004,0.010464,0.376075,1
5579,1,0.010000,0.000004,0.010464,0.376075,1
5580,1,0.010000,0.000004,0.010464,0.376075,1
5581,1,0.010000,0.000004,0.010464,0.376075,0
5582,1,0.010000,0.000004,0.010464,0.376075,1
5583,1,0.010000,0.000004,0.010464,0.376075,1
5584,1,0.010000,0.000004,0.010464,0.376075,1
5585,1,0.010000,0.000003,0.010464,0.376075,1
5586,1,0.010000,0.000003,0.010464,0.376075,1
5587,1,0.010000,0.000003,0.010464,0.376075,1
5588,1,0.010000,0.000003,0.010464,0.376075,1
5589,1,0.010000,0.000003,0.010464,0.376075,1
5590,1,0.010000,0.000003,0.010464,0.376075,1
5591,1,0.010000,0.000003,0.010464,0.376075,1
5592,1,0.010000,0.000003,0.010464,0.376075,1
5593,1,0.010000,0.000003,0.010464,0.376075,1
5594,1,0.010000,0.000003,0.010464,0.376075,0
5595,1,0.010000,0.000003,0.010464,0.376075,0
5596,1,0.010000,0.000003,0.010464,0.376075,1
5597,1,0.010000,0.000003,0.010464,0.376075,1
5598,1,0.010000,0.000003,0.010464,0.376075,1
5599,1,0.010000,0.000003,0.010464,0.376075,1
5600,1,0.010000,0.000003,0.010464,0.376075,1
5601,1,0.010000,0.000003,0.010464,0.376075,1
5602,1,0.010000,0.000003,0.010464,0.376075,1
5603,1,0.010000,0.000003,0.010464,0.376075,1
5604,1,0.010000,0.000003,0.010464,0.376075,1
5605,1,0.010000,0.000003,0.010464,0.376075,1
5606,1,0.010000,0.000003,0.010464,0.376075,1
5607,1,0.010000,0.000003,0.010464,0.376075,1
5608,1,0.010000,0.000003,0.010464,0.376075,1
5609,1,0.010000,0.000003,0.010464,0.376074,1
5610,1,0.010000,0.000003,0.010464,0.376074,1
5611,1,0.010000,0.000003,0.010464,0.376074,1
5612,1,0.010000,0.000003,0.010464,0.376074,1
5613,1,0.010000,0.000003,0.010464,0.376074,1
5614,1,0.010000,0.000003,0.010464,0.376074,1
5615,1,0.010000,0.000003,0.010464,0.376074,1
5616,1,0.010000,0.000003,0.010464,0.376074,1
5617,1,0.010000,0.000003,0.010464,0.376074,1
5618,1,0.010000,0.000003,0.010464,0.376074,1
5619,1,0.010000,0.000003,0.010464,0.376074,1
5620,1,0.010000,0.000003,0.010464,0.376074,1
5621,1,0.010000,0.000003,0.010464,0.376074,1
5622,1,0.010000,0.000003,0.010464,0.376074,1
5623,1,0.010000,0.000003,0.010464,0.376074,1
5624,1,0.010000,0.000003,0.010464,0.376074,1
5625,1,0.010000,0.000003,0.010464,0.376074,1
5626,1,0.010000,0.000003,0.010464,0.376074,1
5627,1,0.010000,0.000003,0.010464,0.376074,1
5628,1,0.010000,0.000003,0.010464,0.376074,1
5629,1,0.010000,0.000003,0.010464,0.376074,1
5630,1,0.010000,0.000003,0.010464,0.376074,1
5631,1,0.010000,0.000003,0.010464,0.376074,1
5632,1,0.010000,0.000003,0.010464,0.376074,1
5633,1,0.010000,0.000003,0.010464,0.376074,1
5634,1,0.010000,0.000003,0.010464,0.376074,1
5635,1,0.010000,0.000003,0.010464,0.376074,1
5636,1,0.010000,0.000003,0.010464,0.376074,1
5637,1,0.010000,0.000003,0.010464,0.376074,1
5638,1,0.010000,0.000003,0.010464,0.376074,0
5639,1,0.010000,0.000003,0.010464,0.376074,1
5640,1,0.010000,0.000003,0.010464,0.376074,1
5641,1,0.010000,0.000003,0.010464,0.376074,1
5642,1,0.010000,0.000003,0.010464,0.376074,1
5643,1,0.010000,0.000003,0.010464,0.376074,1
5644,1,0.010000,0.000003,0.010464,0.376074,1
5645,1,0.010000,0.000003,0.010464,0.376074,1
5646,1,0.010000,0.000003,0.010464,0.376074,1
5647,1,0.010000,0.000003,0.010464,0.376074,1
5648,1,0.010000,0.000003,0.010464,0.376074,1
5649,1,0.010000,0.000003,0.010464,0.376074,1
5650,1,0.010000,0.000003,0.010464,0.376074,1
5651,1,0.010000,0.000003,0.010464,0.376074,1
5652,1,0.010000,0.000003,0.010464,0.376073,1
5653,1,0.010000,0.000003,0.010464,0.376073,1
5654,1,0.010000,0.000003,0.010464,0.376073,1
5655,1,0.010000,0.000003,0.010464,0.376073,1
5656,1,0.010000,0.000003,0.010464,0.376073,1
5657,1,0.010000,0.000003,0.010464,0.376073,0
5658,1,0.010000,0.000003,0.010464,0.376073,1
5659,1,0.010000,0.000003,0.010464,0.376073,1
5660,1,0.010000,0.000003,0.010464,0.376073,1
5661,1,0.010000,0.000003,0.010464,0.376073,1
5662,1,0.010000,0.000003,0.010464,0.376073,1
5663,1,0.010000,0.000003,0.010464,0.376073,1
5664,1,0.010000,0.000003,0.010464,0.376073,1
5665,1,0.010000,0.000003,0.010464,0.376073,1
5666,1,0.010000,0.000003,0.010464,0.376073,0
5667,1,0.010000,0.000003,0.010464,0.376073,1
5668,1,0.010000,0.000003,0.010464,0.376073,1
5669,1,0.010000,0.000003,0.010464,0.376073,1
5670,1,0.010000,0.000003,0.010464,0.376073,1
5671,1,0.010000,0.000003,0.010464,0.376073,1
5672,1,0.010000,0.000003,0.010464,0.376073,1
5673,1,0.010000,0.000003,0.010464,0.376073,1
5674,1,0.010000,0.000003,0.010464,0.376073,1
5675,1,0.010000,0.000003,0.010464,0.376073,1
5676,1,0.010000,0.000003,0.010464,0.376073,1
5677,1,0.010000,0.000003,0.010464,0.376073,1
5678,1,0.010000,0.000003,0.010464,0.376073,1
5679,1,0.010000,0.000003,0.010464,0.376073,0
5680,1,0.010000,0.000003,0.010464,0.376073,1
5681,1,0.010000,0.000003,0.010464,0.376073,1
5682,1,0.010000,0.000003,0.010464,0.376073,1
5683,1,0.010000,0.000003,0.010464,0.376073,1
5684,1,0.010000,0.000003,0.010464,0.376073,1
5685,1,0.010000,0.000003,0.010464,0.376073,1
5686,1,0.010000,0.000003,0.010464,0.376073,1
5687,1,0.010000,0.000003,0.010464,0.376073,1
5688,1,0.010000,0.000003,0.010464,0.376073,1
5689,1,0.010000,0.000003,0.010464,0.376073,1
5690,1,0.010000,0.000003,0.010464,0.376073,1
5691,1,0.010000,0.000003,0.010464,0.376073,1
5692,1,0.010000,0.000003,0.010464,0.376073,0
5693,1,0.010000,0.000003,0.010464,0.376073,1
5694,1,0.010000,0.000003,0.010464,0.376073,1
5695,1,0.010000,0.000003,0.010464,0.376073,1
5696,1,0.010000,0.000003,0.010464,0.376073,1
5697,1,0.010000,0.000003,0.010464,0.376073,1
5698,1,0.010000,0.000003,0.010464,0.376072,1
5699,1,0.010000,0.000003,0.010464,0.376072,1
5700,1,0.010000,0.000003,0.010464,0.376072,1
5701,1,0.010000,0.000003,0.010464,0.376072,0
5702,1,0.010000,0.000003,0.010464,0.376072,1
5703,1,0.010000,0.000003,0.010464,0.376072,1
5704,1,0.010000,0.000003,0.010464,0.376072,1
5705,1,0.010000,0.000003,0.010464,0.376072,1
5706,1,0.010000,0.000003,0.010464,0.376072,1
5707,1,0.010000,0.000003,0.010464,0.376072,1
5708,1,0.010000,0.000003,0.010464,0.376072,0
5709,1,0.010000,0.000003,0.010464,0.376072,0
5710,1,0.010000,0.000003,0.010464,0.376072,1
5711,1,0.010000,0.000003,0.010464,0.376072,1
5712,1,0.010000,0.000003,0.010464,0.376072,1
5713,1,0.010000,0.000003,0.010464,0.376072,1
5714,1,0.010000,0.000003,0.010464,0.376072,1
5715,1,0.010000,0.000003,0.010464,0.376072,1
5716,1,0.010000,0.000003,0.010464,0.376072,1
5717,1,0.010000,0.000003,0.010464,0.376072,1
5718,1,0.010000,0.000003,0.010464,0.376072,1
5719,1,0.010000,0.000003,0.010464,0.376072,1
5720,1,0.010000,0.000003,0.010464,0.376072,1
5721,1,0.010000,0.000003,0.010464,0.376072,1
5722,1,0.010000,0.000003,0.010464,0.376072,1
5723,1,0.010000,0.000003,0.010464,0.376072,1
5724,1,0.010000,0.000003,0.010464,0.376072,1
5725,1,0.010000,0.000003,0.010464,0.376072,1
5726,1,0.010000,0.000003,0.010464,0.376072,1
5727,1,0.010000,0.000003,0.010464,0.376072,1
5728,1,0.010000,0.000003,0.010464,0.376072,1
5729,1,0.010000,0.000003,0.010464,0.376072,1
5730,1,0.010000,0.000003,0.010464,0.376072,0
5731,1,0.010000,0.000003,0.010464,0.376072,1
5732,1,0.010000,0.000003,0.010464,0.376072,1
5733,1,0.010000,0.000003,0.010464,0.376072,1
5734,1,0.010000,0.000003,0.010464,0.376072,1
5735,1,0.010000,0.000003,0.010464,0.376072,1
5736,1,0.010000,0.000003,0.010464,0.376072,1
5737,1,0.010000,0.000003,0.010464,0.376072,1
5738,1,0.010000,0.000003,0.010464,0.376072,1
5739,1,0.010000,0.000003,0.010464,0.376072,1
5740,1,0.010000,0.000003,0.010464,0.376072,1
5741,1,0.010000,0.000003,0.010464,0.376072,1
5742,1,0.010000,0.000003,0.010464,0.376072,1
5743,1,0.010000,0.000003,0.010464,0.376072,1
5744,1,0.010000,0.000003,0.010464,0.376072,1
5745,1,0.010000,0.000003,0.010464,0.376071,1
5746,1,0.010000,0.000003,0.010464,0.376071,1
5747,1,0.010000,0.000003,0.010464,0.376071,1
5748,1,0.010000,0.000003,0.010464,0.376071,1
5749,1,0.010000,0.000003,0.010464,0.376071,0
5750,1,0.010000,0.000003,0.010464,0.376071,1
5751,1,0.010000,0.000003,0.010464,0.376071,1
5752,1,0.010000,0.000003,0.010464,0.376071,1
5753,1,0.010000,0.000003,0.010464,0.376071,1
5754,1,0.010000,0.000003,0.010464,0.376071,1
5755,1,0.010000,0.000003,0.010464,0.376071,1
5756,1,0.010000,0.000003,0.010464,0.376071,1
5757,1,0.010000,0.000003,0.010464,0.376071,1
5758,1,0.010000,0.000003,0.010464,0.376071,1
5759,1,0.010000,0.000003,0.010464,0.376071,1
5760,1,0.010000,0.000003,0.010464,0.376071,1
5761,1,0.010000,0.000003,0.010464,0.376071,1
5762,1,0.010000,0.000003,0.010464,0.376071,1
5763,1,0.010000,0.000003,0.010464,0.376071,1
5764,1,0.010000,0.000003,0.010464,0.376071,1
5765,1,0.010000,0.000003,0.010464,0.376071,1
5766,1,0.010000,0.000003,0.010464,0.376071,1
5767,1,0.010000,0.000003,0.010464,0.376071,0
5768,1,0.010000,0.000003,0.010464,0.376071,1
5769,1,0.010000,0.000003,0.010464,0.376071,1
5770,1,0.010000,0.000003,0.010464,0.376071,0
5771,1,0.010000,0.000003,0.010464,0.376071,1
5772,1,0.010000,0.000003,0.010464,0.376071,1
5773,1,0.010000,0.000003,0.010464,0.376071,1
5774,1,0.010000,0.000003,0.010464,0.376071,1
5775,1,0.010000,0.000003,0.010464,0.376071,1
5776,1,0.010000,0.000003,0.010464,0.376071,1
5777,1,0.010000,0.000003,0.010464,0.376071,0
5778,1,0.010000,0.000003,0.010464,0.376071,1
5779,1,0.010000,0.000003,0.010464,0.376071,1
5780,1,0.010000,0.000003,0.010464,0.376071,1
5781,1,0.010000,0.000003,0.010464,0.376071,1
5782,1,0.010000,0.000003,0.010464,0.376071,1
5783,1,0.010000,0.000003,0.010464,0.376071,1
5784,1,0.010000,0.000003,0.010464,0.376071,1
5785,1,0.010000,0.000003,0.010464,0.376071,0
5786,1,0.010000,0.000003,0.010464,0.376071,1
5787,1,0.010000,0.000003,0.010464,0.376071,1
5788,1,0.010000,0.000003,0.010464,0.376071,1
5789,1,0.010000,0.000003,0.010464,0.376071,0
5790,1,0.010000,0.000003,0.010464,0.376071,1
5791,1,0.010000,0.000003,0.010464,0.376071,0
5792,1,0.010000,0.000003,0.010464,0.376071,1
5793,1,0.010000,0.000003,0.010464,0.376071,1
5794,1,0.010000,0.000003,0.010464,0.376070,1
5795,1,0.010000,0.000003,0.010464,0.376070,1
5796,1,0.010000,0.000003,0.010464,0.376070,1
5797,1,0.010000,0.000003,0.010464,0.376070,1
5798,1,0.010000,0.000003,0.010464,0.376070,0
5799,1,0.010000,0.000003,0.010464,0.376070,1
5800,1,0.010000,0.000003,0.010464,0.376070,1
5801,1,0.010000,0.000003,0.010464,0.376070,1
5802,1,0.010000,0.000003,0.010464,0.376070,1
5803,1,0.010000,0.000003,0.010464,0.376070,1
5804,1,0.010000,0.000003,0.010464,0.376070,1
5805,1,0.010000,0.000003,0.010464,0.376070,0
5806,1,0.010000,0.000003,0.010464,0.376070,0
5807,1,0.010000,0.000003,0.010464,0.376070,1
5808,1,0.010000,0.000003,0.010464,0.376070,1
5809,1,0.010000,0.000003,0.010464,0.376070,1
5810,1,0.010000,0.000003,0.010464,0.376070,0
5811,1,0.010000,0.000003,0.010464,0.376070,1
5812,1,0.010000,0.000003,0.010464,0.376070,1
5813,1,0.010000,0.000003,0.010464,0.376070,1
5814,1,0.010000,0.000003,0.010464,0.376070,1
5815,1,0.010000,0.000003,0.010464,0.376070,1
5816,1,0.010000,0.000003,0.010464,0.376070,1
5817,1,0.010000,0.000003,0.010464,0.376070,1
5818,1,0.010000,0.000003,0.010464,0.376070,1
5819,1,0.010000,0.000003,0.010464,0.376070,0
5820,1,0.010000,0.000003,0.010464,0.376070,1
5821,1,0.010000,0.000003,0.010464,0.376070,1
5822,1,0.010000,0.000003,0.010464,0.376070,1
5823,1,0.010000,0.000003,0.010464,0.376070,0
5824,1,0.010000,0.000003,0.010464,0.376070,1
5825,1,0.010000,0.000003,0.010464,0.376070,0
5826,1,0.010000,0.000003,0.010464,0.376070,1
5827,1,0.010000,0.000003,0.010464,0.376070,1
5828,1,0.010000,0.000003,0.010464,0.376070,1
5829,1,0.010000,0.000003,0.010464,0.376070,1
5830,1,0.010000,0.000003,0.010464,0.376070,1
5831,1,0.010000,0.000003,0.010464,0.376070,1
5832,1,0.010000,0.000003,0.010464,0.376070,1
5833,1,0.010000,0.000003,0.010464,0.376070,1
5834,1,0.010000,0.000003,0.010464,0.376070,1
5835,1,0.010000,0.000003,0.010464,0.376070,1
5836,1,0.010000,0.000003,0.010464,0.376070,1
5837,1,0.010000,0.000003,0.010464,0.376070,1
5838,1,0.010000,0.000003,0.010464,0.376070,1
5839,1,0.010000,0.000003,0.010464,0.376070,1
5840,1,0.010000,0.000003,0.010464,0.376070,1
5841,1,0.010000,0.000003,0.010464,0.376070,1
5842,1,0.010000,0.000003,0.010464,0.376070,1
5843,1,0.010000,0.000003,0.010464,0.376069,0
5844,1,0.010000,0.000003,0.010464,0.376069,1
5845,1,0.010000,0.000003,0.010464,0.376069,1
5846,1,0.010000,0.000003,0.010464,0.376069,1
5847,1,0.010000,0.000003,0.010464,0.376069,1
5848,1,0.010000,0.000003,0.010464,0.376069,1
5849,1,0.010000,0.000003,0.010464,0.376069,1
5850,1,0.010000,0.000003,0.010464,0.376069,0
5851,1,0.010000,0.000003,0.010464,0.376069,1
5852,1,0.010000,0.000003,0.010464,0.376069,1
5853,1,0.010000,0.000003,0.010464,0.376069,1
5854,1,0.010000,0.000003,0.010464,0.376069,1
5855,1,0.010000,0.000003,0.010464,0.376069,1
5856,1,0.010000,0.000003,0.010464,0.376069,1
5857,1,0.010000,0.000003,0.010464,0.376069,1
5858,1,0.010000,0.000003,0.010464,0.376069,1
5859,1,0.010000,0.000003,0.010464,0.376069,1
5860,1,0.010000,0.000003,0.010464,0.376069,1
5861,1,0.010000,0.000003,0.010464,0.376069,1
5862,1,0.010000,0.000003,0.010464,0.376069,1
5863,1,0.010000,0.000003,0.010464,0.376069,1
5864,1,0.010000,0.000003,0.010464,0.376069,1
5865,1,0.010000,0.000003,0.010464,0.376069,1
5866,1,0.010000,0.000003,0.010464,0.376069,1
5867,1,0.010000,0.000003,0.010464,0.376069,1
5868,1,0.010000,0.000003,0.010464,0.376069,1
5869,1,0.010000,0.000003,0.010464,0.376069,1
5870,1,0.010000,0.000003,0.010464,0.376069,1
5871,1,0.010000,0.000003,0.010464,0.376069,1
5872,1,0.010000,0.000003,0.010464,0.376069,1
5873,1,0.010000,0.000003,0.010464,0.376069,1
5874,1,0.010000,0.000003,0.010464,0.376069,1
5875,1,0.010000,0.000003,0.010464,0.376069,1
5876,1,0.010000,0.000003,0.010464,0.376069,1
5877,1,0.010000,0.000003,0.010464,0.376069,1
5878,1,0.010000,0.000003,0.010464,0.376069,1
5879,1,0.010000,0.000003,0.010464,0.376069,0
5880,1,0.010000,0.000003,0.010464,0.376069,1
5881,1,0.010000,0.000003,0.010464,0.376069,1
5882,1,0.010000,0.000003,0.010464,0.376069,1
5883,1,0.010000,0.000003,0.010464,0.376069,1
5884,1,0.010000,0.000003,0.010464,0.376069,1
5885,1,0.010000,0.000003,0.010464,0.376069,1
5886,1,0.010000,0.000003,0.010464,0.376069,1
5887,1,0.010000,0.000003,0.010464,0.376069,1
5888,1,0.010000,0.000003,0.010464,0.376069,1
5889,1,0.010000,0.000003,0.010464,0.376069,1
5890,1,0.010000,0.000003,0.010464,0.376069,1
5891,1,0.010000,0.000003,0.010464,0.376069,1
5892,1,0.010000,0.000003,0.010464,0.376069,0
5893,1,0.010000,0.000003,0.010464,0.376069,1
5894,1,0.010000,0.000003,0.010464,0.376068,0
5895,1,0.010000,0.000003,0.010464,0.376068,1
5896,1,0.010000,0.000003,0.010464,0.376068,1
5897,1,0.010000,0.000003,0.010464,0.376068,1
5898,1,0.010000,0.000003,0.010464,0.376068,1
5899,1,0.010000,0.000003,0.010464,0.376068,1
5900,1,0.010000,0.000003,0.010464,0.376068,1
5901,1,0.010000,0.000003,0.010464,0.376068,1
5902,1,0.010000,0.000003,0.010464,0.376068,0
5903,1,0.010000,0.000003,0.010464,0.376068,1
5904,1,0.010000,0.000003,0.010464,0.376068,1
5905,1,0.010000,0.000003,0.010464,0.376068,1
5906,1,0.010000,0.000003,0.010464,0.376068,1
5907,1,0.010000,0.000003,0.010464,0.376068,1
5908,1,0.010000,0.000003,0.010464,0.376068,1
5909,1,0.010000,0.000003,0.010464,0.376068,1
5910,1,0.010000,0.000003,0.010464,0.376068,1
5911,1,0.010000,0.000003,0.010464,0.376068,1
5912,1,0.010000,0.000003,0.010464,0.376068,0
5913,1,0.010000,0.000003,0.010464,0.376068,0
5914,1,0.010000,0.000003,0.010464,0.376068,1
5915,1,0.010000,0.000003,0.010464,0.376068,1
5916,1,0.010000,0.000003,0.010464,0.376068,1
5917,1,0.010000,0.000003,0.010464,0.376068,1
5918,1,0.010000,0.000003,0.010464,0.376068,1
5919,1,0.010000,0.000003,0.010464,0.376068,1
5920,1,0.010000,0.000003,0.010464,0.376068,1
5921,1,0.010000,0.000003,0.010464,0.376068,1
5922,1,0.010000,0.000003,0.010464,0.376068,1
5923,1,0.010000,0.000003,0.010464,0.376068,1
5924,1,0.010000,0.000003,0.010464,0.376068,1
5925,1,0.010000,0.000003,0.010464,0.376068,1
5926,1,0.010000,0.000003,0.010464,0.376068,1
5927,1,0.010000,0.000003,0.010464,0.376068,1
5928,1,0.010000,0.000003,0.010464,0.376068,1
5929,1,0.010000,0.000003,0.010464,0.376068,1
5930,1,0.010000,0.000003,0.010464,0.376068,1
5931,1,0.010000,0.000003,0.010464,0.376068,1
5932,1,0.010000,0.000003,0.010464,0.376068,1
5933,1,0.010000,0.000003,0.010464,0.376068,0
5934,1,0.010000,0.000003,0.010464,0.376068,1
5935,1,0.010000,0.000003,0.010464,0.376068,1
5936,1,0.010000,0.000003,0.010464,0.376068,0
5937,1,0.010000,0.000003,0.010464,0.376068,0
5938,1,0.010000,0.000003,0.010464,0.376068,1
5939,1,0.010000,0.000003,0.010464,0.376068,1
5940,1,0.010000,0.000003,0.010464,0.376068,1
5941,1,0.010000,0.000003,0.010464,0.376068,1
5942,1,0.010000,0.000003,0.010464,0.376068,1
5943,1,0.010000,0.000003,0.010464,0.376068,1
5944,1,0.010000,0.000003,0.010464,0.376068,1
5945,1,0.010000,0.000003,0.010464,0.376068,1
5946,1,0.010000,0.000003,0.010464,0.376068,0
5947,1,0.010000,0.000003,0.010464,0.376068,1
5948,1,0.010000,0.000003,0.010464,0.376068,1
5949,1,0.010000,0.000003,0.010464,0.376067,1
5950,1,0.010000,0.000003,0.010464,0.376067,1
5951,1,0.010000,0.000003,0.010464,0.376067,1
5952,1,0.010000,0.000003,0.010464,0.376067,1
5953,1,0.010000,0.000003,0.010464,0.376067,1
5954,1,0.010000,0.000003,0.010464,0.376067,1
5955,1,0.010000,0.000003,0.010464,0.376067,1
5956,1,0.010000,0.000003,0.010464,0.376067,1
5957,1,0.010000,0.000003,0.010464,0.376067,1
5958,1,0.010000,0.000003,0.010464,0.376067,1
5959,1,0.010000,0.000003,0.010464,0.376067,1
5960,1,0.010000,0.000003,0.010464,0.376067,1
5961,1,0.010000,0.000003,0.010464,0.376067,1
5962,1,0.010000,0.000003,0.010464,0.376067,1
5963,1,0.010000,0.000003,0.010464,0.376067,1
5964,1,0.010000,0.000003,0.010464,0.376067,1
5965,1,0.010000,0.000003,0.010464,0.376067,1
5966,1,0.010000,0.000003,0.010464,0.376067,1
5967,1,0.010000,0.000003,0.010464,0.376067,1
5968,1,0.010000,0.000003,0.010464,0.376067,1
5969,1,0.010000,0.000003,0.010464,0.376067,1
5970,1,0.010000,0.000003,0.010464,0.376067,0
5971,1,0.010000,0.000003,0.010464,0.376067,1
5972,1,0.010000,0.000003,0.010464,0.376067,1
5973,1,0.010000,0.000003,0.010464,0.376067,1
5974,1,0.010000,0.000003,0.010464,0.376067,1
5975,1,0.010000,0.000003,0.010464,0.376067,1
5976,1,0.010000,0.000003,0.010464,0.376067,1
5977,1,0.010000,0.000003,0.010464,0.376067,1
5978,1,0.010000,0.000003,0.010464,0.376067,0
5979,1,0.010000,0.000003,0.010464,0.376067,1
5980,1,0.010000,0.000003,0.010464,0.376067,1
5981,1,0.010000,0.000003,0.010464,0.376067,1
5982,1,0.010000,0.000003,0.010464,0.376067,1
5983,1,0.010000,0.000003,0.010464,0.376067,1
5984,1,0.010000,0.000003,0.010464,0.376067,1
5985,1,0.010000,0.000003,0.010464,0.376067,1
5986,1,0.010000,0.000003,0.010464,0.376067,0
5987,1,0.010000,0.000003,0.010464,0.376067,1
5988,1,0.010000,0.000003,0.010464,0.376067,1
5989,1,0.010000,0.000003,0.010464,0.376067,0
5990,1,0.010000,0.000003,0.010464,0.376067,1
5991,1,0.010000,0.000003,0.010464,0.376067,1
5992,1,0.010000,0.000003,0.010464,0.376067,1
5993,1,0.010000,0.000003,0.010464,0.376067,1
5994,1,0.010000,0.000003,0.010464,0.376067,1
5995,1,0.010000,0.000003,0.010464,0.376067,0
5996,1,0.010000,0.000003,0.010464,0.376067,0
5997,1,0.010000,0.000003,0.010464,0.376067,1
5998,1,0.010000,0.000003,0.010464,0.376067,0
5999,1,0.010000,0.000003,0.010464,0.376067,1
6000,1,0.010000,0.000003,0.010464,0.376067,1
6001,1,0.010000,0.000003,0.010464,0.376067,1
6002,1,0.010000,0.000003,0.010464,0.376067,1
6003,1,0.010000,0.000003,0.010464,0.376067,1
6004,1,0.010000,0.000003,0.010464,0.376067,1
6005,1,0.010000,0.000003,0.010464,0.376066,1
6006,1,0.010000,0.000003,0.010464,0.376066,1
6007,1,0.010000,0.000003,0.010464,0.376066,1
6008,1,0.010000,0.000003,0.010464,0.376066,1
6009,1,0.010000,0.000003,0.010464,0.376066,0
6010,1,0.010000,0.000003,0.010464,0.376066,1
6011,1,0.010000,0.000003,0.010464,0.376066,0
6012,1,0.010000,0.000003,0.010464,0.376066,1
6013,1,0.010000,0.000003,0.010464,0.376066,1
6014,1,0.010000,0.000003,0.010464,0.376066,0
6015,1,0.010000,0.000003,0.010464,0.376066,1
6016,1,0.010000,0.000003,0.010464,0.376066,0
6017,1,0.010000,0.000003,0.010464,0.376066,1
6018,1,0.010000,0.000003,0.010464,0.376066,1
6019,1,0.010000,0.000003,0.010464,0.376066,1
6020,1,0.010000,0.000003,0.010464,0.376066,1
6021,1,0.010000,0.000003,0.010464,0.376066,0
6022,1,0.010000,0.000003,0.010464,0.376066,0
6023,1,0.010000,0.000003,0.010464,0.376066,1
6024,1,0.010000,0.000003,0.010464,0.376066,1
6025,1,0.010000,0.000003,0.010464,0.376066,1
6026,1,0.010000,0.000003,0.010464,0.376066,1
6027,1,0.010000,0.000003,0.010464,0.376066,1
6028,1,0.010000,0.000003,0.010464,0.376066,1
6029,1,0.010000,0.000003,0.010464,0.376066,1
6030,1,0.010000,0.000003,0.010464,0.376066,1
6031,1,0.010000,0.000003,0.010464,0.376066,1
6032,1,0.010000,0.000003,0.010464,0.376066,1
6033,1,0.010000,0.000003,0.010464,0.376066,1
6034,1,0.010000,0.000003,0.010464,0.376066,1
6035,1,0.010000,0.000003,0.010464,0.376066,1
6036,1,0.010000,0.000003,0.010464,0.376066,1
6037,1,0.010000,0.000003,0.010464,0.376066,0
6038,1,0.010000,0.000003,0.010464,0.376066,1
6039,1,0.010000,0.000003,0.010464,0.376066,1
6040,1,0.010000,0.000003,0.010464,0.376066,1
6041,1,0.010000,0.000003,0.010464,0.376066,1
6042,1,0.010000,0.000003,0.010464,0.376066,1
6043,1,0.010000,0.000003,0.010464,0.376066,0
6044,1,0.010000,0.000003,0.010464,0.376066,0
6045,1,0.010000,0.000003,0.010464,0.376066,1
6046,1,0.010000,0.000003,0.010464,0.376066,1
6047,1,0.010000,0.000003,0.010464,0.376066,1
6048,1,0.010000,0.000003,0.010464,0.376066,0
6049,1,0.010000,0.000003,0.010464,0.376066,1
6050,1,0.010000,0.000003,0.010464,0.376066,0
6051,1,0.010000,0.000003,0.010464,0.376066,1
6052,1,0.010000,0.000003,0.010464,0.376066,1
6053,1,0.010000,0.000003,0.010464,0.376066,1
6054,1,0.010000,0.000003,0.010464,0.376066,1
6055,1,0.010000,0.000003,0.010464,0.376066,1
6056,1,0.010000,0.000003,0.010464,0.376066,1
6057,1,0.010000,0.000003,0.010464,0.376066,1
6058,1,0.010000,0.000003,0.010464,0.376066,1
6059,1,0.010000,0.000003,0.010464,0.376066,1
6060,1,0.010000,0.000003,0.010464,0.376066,1
6061,1,0.010000,0.000003,0.010464,0.376066,1
6062,1,0.010000,0.000003,0.010464,0.376065,0
6063,1,0.010000,0.000003,0.010464,0.376065,1
6064,1,0.010000,0.000003,0.010464,0.376065,1
6065,1,0.010000,0.000003,0.010464,0.376065,1
6066,1,0.010000,0.000003,0.010464,0.376065,1
6067,1,0.010000,0.000003,0.010464,0.376065,1
6068,1,0.010000,0.000003,0.010464,0.376065,0
6069,1,0.010000,0.000003,0.010464,0.376065,1
6070,1,0.010000,0.000003,0.010464,0.376065,0
6071,1,0.010000,0.000003,0.010464,0.376065,1
6072,1,0.010000,0.000003,0.010464,0.376065,1
6073,1,0.010000,0.000003,0.010464,0.376065,1
6074,1,0.010000,0.000003,0.010464,0.376065,1
6075,1,0.010000,0.000003,0.010464,0.376065,1
6076,1,0.010000,0.000003,0.010464,0.376065,1
6077,1,0.010000,0.000003,0.010464,0.376065,1
6078,1,0.010000,0.000003,0.010464,0.376065,1
6079,1,0.010000,0.000003,0.010464,0.376065,1
6080,1,0.010000,0.000003,0.010464,0.376065,1
6081,1,0.010000,0.000003,0.010464,0.376065,1
6082,1,0.010000,0.000003,0.010464,0.376065,1
6083,1,0.010000,0.000003,0.010464,0.376065,1
6084,1,0.010000,0.000003,0.010464,0.376065,0
6085,1,0.010000,0.000003,0.010464,0.376065,1
6086,1,0.010000,0.000003,0.010464,0.376065,1
6087,1,0.010000,0.000003,0.010464,0.376065,1
6088,1,0.010000,0.000003,0.010464,0.376065,1
6089,1,0.010000,0.000003,0.010464,0.376065,1
6090,1,0.010000,0.000003,0.010464,0.376065,1
6091,1,0.010000,0.000003,0.010464,0.376065,0
6092,1,0.010000,0.000003,0.010464,0.376065,1
6093,1,0.010000,0.000003,0.010464,0.376065,1
6094,1,0.010000,0.000003,0.010464,0.376065,1
6095,1,0.010000,0.000003,0.010464,0.376065,1
6096,1,0.010000,0.000003,0.010464,0.376065,1
6097,1,0.010000,0.000003,0.010464,0.376065,1
6098,1,0.010000,0.000003,0.010464,0.376065,1
6099,1,0.010000,0.000003,0.010464,0.376065,1
6100,1,0.010000,0.000003,0.010464,0.376065,1
6101,1,0.010000,0.000003,0.010464,0.376065,1
6102,1,0.010000,0.000003,0.010464,0.376065,1
6103,1,0.010000,0.000003,0.010464,0.376065,1
6104,1,0.010000,0.000003,0.010464,0.376065,1
6105,1,0.010000,0.000003,0.010464,0.376065,1
6106,1,0.010000,0.000003,0.010464,0.376065,1
6107,1,0.010000,0.000003,0.010464,0.376065,1
6108,1,0.010000,0.000003,0.010464,0.376065,1
6109,1,0.010000,0.000003,0.010464,0.376065,1
6110,1,0.010000,0.000003,0.010464,0.376065,1
6111,1,0.010000,0.000003,0.010464,0.376065,1
6112,1,0.010000,0.000003,0.010464,0.376065,1
6113,1,0.010000,0.000003,0.010464,0.376065,1
6114,1,0.010000,0.000003,0.010464,0.376065,1
6115,1,0.010000,0.000003,0.010464,0.376065,1
6116,1,0.010000,0.000003,0.010464,0.376065,1
6117,1,0.010000,0.000003,0.010464,0.376065,1
6118,1,0.010000,0.000003,0.010464,0.376065,1
6119,1,0.010000,0.000003,0.010464,0.376065,1
6120,1,0.010000,0.000003,0.010464,0.376065,1
6121,1,0.010000,0.000003,0.010464,0.376065,1
6122,1,0.010000,0.000003,0.010464,0.376064,1
6123,1,0.010000,0.000003,0.010464,0.376064,0
6124,1,0.010000,0.000003,0.010464,0.376064,1
6125,1,0.010000,0.000003,0.010464,0.376064,1
6126,1,0.010000,0.000003,0.010464,0.376064,1
6127,1,0.010000,0.000003,0.010464,0.376064,1
6128,1,0.010000,0.000003,0.010464,0.376064,1
6129,1,0.010000,0.000003,0.010464,0.376064,1
6130,1,0.010000,0.000003,0.010464,0.376064,1
6131,1,0.010000,0.000003,0.010464,0.376064,1
6132,1,0.010000,0.000003,0.010464,0.376064,0
6133,1,0.010000,0.000003,0.010464,0.376064,1
6134,1,0.010000,0.000003,0.010464,0.376064,0
6135,1,0.010000,0.000003,0.010464,0.376064,1
6136,1,0.010000,0.000003,0.010464,0.376064,1
6137,1,0.010000,0.000003,0.010464,0.376064,1
6138,1,0.010000,0.000003,0.010464,0.376064,1
6139,1,0.010000,0.000003,0.010464,0.376064,1
6140,1,0.010000,0.000003,0.010464,0.376064,1
6141,1,0.010000,0.000003,0.010464,0.376064,1
6142,1,0.010000,0.000003,0.010464,0.376064,1
6143,1,0.010000,0.000003,0.010464,0.376064,1
6144,1,0.010000,0.000003,0.010464,0.376064,1
6145,1,0.010000,0.000003,0.010464,0.376064,1
6146,1,0.010000,0.000003,0.010464,0.376064,1
6147,1,0.010000,0.000003,0.010464,0.376064,1
6148,1,0.010000,0.000003,0.010464,0.376064,1
6149,1,0.010000,0.000003,0.010464,0.376064,1
6150,1,0.010000,0.000003,0.010464,0.376064,1
6151,1,0.010000,0.000003,0.010464,0.376064,0
6152,1,0.010000,0.000003,0.010464,0.376064,1
6153,1,0.010000,0.000003,0.010464,0.376064,1
6154,1,0.010000,0.000003,0.010464,0.376064,1
6155,1,0.010000,0.000003,0.010464,0.376064,1
6156,1,0.010000,0.000003,0.010464,0.376064,1
6157,1,0.010000,0.000003,0.010464,0.376064,1
6158,1,0.010000,0.000003,0.010464,0.376064,1
6159,1,0.010000,0.000003,0.010464,0.376064,1
6160,1,0.010000,0.000003,0.010464,0.376064,1
6161,1,0.010000,0.000003,0.010464,0.376064,1
6162,1,0.010000,0.000003,0.010464,0.376064,1
6163,1,0.010000,0.000003,0.010464,0.376064,1
6164,1,0.010000,0.000003,0.010464,0.376064,1
6165,1,0.010000,0.000003,0.010464,0.376064,1
6166,1,0.010000,0.000003,0.010464,0.376064,1
6167,1,0.010000,0.000003,0.010464,0.376064,1
6168,1,0.010000,0.000003,0.010464,0.376064,1
6169,1,0.010000,0.000003,0.010464,0.376064,1
6170,1,0.010000,0.000003,0.010464,0.376064,1
6171,1,0.010000,0.000003,0.010464,0.376064,1
6172,1,0.010000,0.000003,0.010464,0.376064,1
6173,1,0.010000,0.000003,0.010464,0.376064,1
6174,1,0.010000,0.000003,0.010464,0.376064,1
6175,1,0.010000,0.000003,0.010464,0.376064,1
6176,1,0.010000,0.000003,0.010464,0.376064,1
6177,1,0.010000,0.000003,0.010464,0.376064,1
6178,1,0.010000,0.000003,0.010464,0.376064,1
6179,1,0.010000,0.000003,0.010464,0.376064,1
6180,1,0.010000,0.000003,0.010464,0.376064,1
6181,1,0.010000,0.000003,0.010464,0.376064,1
6182,1,0.010000,0.000003,0.010464,0.376064,1
6183,1,0.010000,0.000003,0.010464,0.376064,1
6184,1,0.010000,0.000003,0.010464,0.376063,1
6185,1,0.010000,0.000003,0.010464,0.376063,0
6186,1,0.010000,0.000003,0.010464,0.376063,1
6187,1,0.010000,0.000003,0.010464,0.376063,1
6188,1,0.010000,0.000003,0.010464,0.376063,1
6189,1,0.010000,0.000003,0.010464,0.376063,1
6190,1,0.010000,0.000003,0.010464,0.376063,1
6191,1,0.010000,0.000003,0.010464,0.376063,1
6192,1,0.010000,0.000003,0.010464,0.376063,1
6193,1,0.010000,0.000003,0.010464,0.376063,1
6194,1,0.010000,0.000003,0.010464,0.376063,0
6195,1,0.010000,0.000003,0.010464,0.376063,1
6196,1,0.010000,0.000003,0.010464,0.376063,1
6197,1,0.010000,0.000003,0.010464,0.376063,1
6198,1,0.010000,0.000003,0.010464,0.376063,1
6199,1,0.010000,0.000003,0.010464,0.376063,1
6200,1,0.010000,0.000003,0.010464,0.376063,1
6201,1,0.010000,0.000003,0.010464,0.376063,1
6202,1,0.010000,0.000003,0.010464,0.376063,1
6203,1,0.010000,0.000003,0.010464,0.376063,1
6204,1,0.010000,0.000003,0.010464,0.376063,0
6205,1,0.010000,0.000003,0.010464,0.376063,1
6206,1,0.010000,0.000003,0.010464,0.376063,1
6207,1,0.010000,0.000003,0.010464,0.376063,1
6208,1,0.010000,0.000003,0.010464,0.376063,1
6209,1,0.010000,0.000003,0.010464,0.376063,0
6210,1,0.010000,0.000003,0.010464,0.376063,1
6211,1,0.010000,0.000003,0.010464,0.376063,0
6212,1,0.010000,0.000003,0.010464,0.376063,0
6213,1,0.010000,0.000003,0.010464,0.376063,1
6214,1,0.010000,0.000003,0.010464,0.376063,1
6215,1,0.010000,0.000003,0.010464,0.376063,0
6216,1,0.010000,0.000003,0.010464,0.376063,0
6217,1,0.010000,0.000003,0.010464,0.376063,1
6218,1,0.010000,0.000003,0.010464,0.376063,1
6219,1,0.010000,0.000003,0.010464,0.376063,1
6220,1,0.010000,0.000003,0.010464,0.376063,1
6221,1,0.010000,0.000003,0.010464,0.376063,1
6222,1,0.010000,0.000003,0.010464,0.376063,1
6223,1,0.010000,0.000003,0.010464,0.376063,1
6224,1,0.010000,0.000003,0.010464,0.376063,0
6225,1,0.010000,0.000003,0.010464,0.376063,1
6226,1,0.010000,0.000003,0.010464,0.376063,1
6227,1,0.010000,0.000003,0.010464,0.376063,1
6228,1,0.010000,0.000003,0.010464,0.376063,1
6229,1,0.010000,0.000003,0.010464,0.376063,1
6230,1,0.010000,0.000003,0.010464,0.376063,1
6231,1,0.010000,0.000003,0.010464,0.376063,1
6232,1,0.010000,0.000003,0.010464,0.376063,1
6233,1,0.010000,0.000003,0.010464,0.376063,1
6234,1,0.010000,0.000003,0.010464,0.376063,1
6235,1,0.010000,0.000003,0.010464,0.376063,1
6236,1,0.010000,0.000003,0.010464,0.376063,1
6237,1,0.010000,0.000003,0.010464,0.376063,1
6238,1,0.010000,0.000003,0.010464,0.376063,1
6239,1,0.010000,0.000003,0.010464,0.376063,0
6240,1,0.010000,0.000003,0.010464,0.376063,1
6241,1,0.010000,0.000003,0.010464,0.376063,1
6242,1,0.010000,0.000003,0.010464,0.376063,1
6243,1,0.010000,0.000003,0.010464,0.376063,1
6244,1,0.010000,0.000003,0.010464,0.376063,0
6245,1,0.010000,0.000003,0.010464,0.376063,1
6246,1,0.010000,0.000003,0.010464,0.376063,1
6247,1,0.010000,0.000003,0.010464,0.376063,1
6248,1,0.010000,0.000003,0.010464,0.376063,1
6249,1,0.010000,0.000003,0.010464,0.376063,1
6250,1,0.010000,0.000003,0.010464,0.376062,1
6251,1,0.010000,0.000003,0.010464,0.376062,1
6252,1,0.010000,0.000003,0.010464,0.376062,1
6253,1,0.010000,0.000003,0.010464,0.376062,1
6254,1,0.010000,0.000003,0.010464,0.376062,1
6255,1,0.010000,0.000003,0.010464,0.376062,1
6256,1,0.010000,0.000003,0.010464,0.376062,1
6257,1,0.010000,0.000003,0.010464,0.376062,1
6258,1,0.010000,0.000003,0.010464,0.376062,1
6259,1,0.010000,0.000003,0.010464,0.376062,1
6260,1,0.010000,0.000003,0.010464,0.376062,0
6261,1,0.010000,0.000003,0.010464,0.376062,1
6262,1,0.010000,0.000003,0.010464,0.376062,1
6263,1,0.010000,0.000003,0.010464,0.376062,1
6264,1,0.010000,0.000003,0.010464,0.376062,1
6265,1,0.010000,0.000003,0.010464,0.376062,1
6266,1,0.010000,0.000003,0.010464,0.376062,1
6267,1,0.010000,0.000003,0.010464,0.376062,1
6268,1,0.010000,0.000003,0.010464,0.376062,1
6269,1,0.010000,0.000003,0.010464,0.376062,1
6270,1,0.010000,0.000003,0.010464,0.376062,1
6271,1,0.010000,0.000003,0.010464,0.376062,1
6272,1,0.010000,0.000003,0.010464,0.376062,1
6273,1,0.010000,0.000003,0.010464,0.376062,1
6274,1,0.010000,0.000003,0.010464,0.376062,1
6275,1,0.010000,0.000003,0.010464,0.376062,0
6276,1,0.010000,0.000003,0.010464,0.376062,1
6277,1,0.010000,0.000003,0.010464,0.376062,1
6278,1,0.010000,0.000003,0.010464,0.376062,1
6279,1,0.010000,0.000003,0.010464,0.376062,1
6280,1,0.010000,0.000003,0.010464,0.376062,1
6281,1,0.010000,0.000003,0.010464,0.376062,1
6282,1,0.010000,0.000003,0.010464,0.376062,0
6283,1,0.010000,0.000003,0.010464,0.376062,1
6284,1,0.010000,0.000003,0.010464,0.376062,1
6285,1,0.010000,0.000003,0.010464,0.376062,1
6286,1,0.010000,0.000003,0.010464,0.376062,0
6287,1,0.010000,0.000003,0.010464,0.376062,1
6288,1,0.010000,0.000003,0.010464,0.376062,1
6289,1,0.010000,0.000003,0.010464,0.376062,1
6290,1,0.010000,0.000003,0.010464,0.376062,1
6291,1,0.010000,0.000003,0.010464,0.376062,0
6292,1,0.010000,0.000003,0.010464,0.376062,1
6293,1,0.010000,0.000003,0.010464,0.376062,1
6294,1,0.010000,0.000003,0.010464,0.376062,0
6295,1,0.010000,0.000003,0.010464,0.376062,1
6296,1,0.010000,0.000003,0.010464,0.376062,1
6297,1,0.010000,0.000003,0.010464,0.376062,1
6298,1,0.010000,0.000003,0.010464,0.376062,1
6299,1,0.010000,0.000003,0.010464,0.376062,1
6300,1,0.010000,0.000003,0.010464,0.376062,0
6301,1,0.010000,0.000003,0.010464,0.376062,1
6302,1,0.010000,0.000003,0.010464,0.376062,0
6303,1,0.010000,0.000003,0.010464,0.376062,1
6304,1,0.010000,0.000003,0.010464,0.376062,0
6305,1,0.010000,0.000003,0.010464,0.376062,1
6306,1,0.010000,0.000003,0.010464,0.376062,1
6307,1,0.010000,0.000003,0.010464,0.376062,0
6308,1,0.010000,0.000003,0.010464,0.376062,0
6309,1,0.010000,0.000003,0.010464,0.376062,1
6310,1,0.010000,0.000003,0.010464,0.376062,1
6311,1,0.010000,0.000003,0.010464,0.376062,1
6312,1,0.010000,0.000003,0.010464,0.376062,1
6313,1,0.010000,0.000003,0.010464,0.376062,1
6314,1,0.010000,0.000003,0.010464,0.376062,1
6315,1,0.010000,0.000003,0.010464,0.376062,1
6316,1,0.010000,0.000003,0.010464,0.376062,1
6317,1,0.010000,0.000003,0.010464,0.376062,1
6318,1,0.010000,0.000003,0.010464,0.376061,0
6319,1,0.010000,0.000003,0.010464,0.376061,1
6320,1,0.010000,0.000003,0.010464,0.376061,1
6321,1,0.010000,0.000003,0.010464,0.376061,1
6322,1,0.010000,0.000003,0.010464,0.376061,0
6323,1,0.010000,0.000003,0.010464,0.376061,1
6324,1,0.010000,0.000003,0.010464,0.376061,1
6325,1,0.010000,0.000003,0.010464,0.376061,0
6326,1,0.010000,0.000003,0.010464,0.376061,1
6327,1,0.010000,0.000003,0.010464,0.376061,1
6328,1,0.010000,0.000003,0.010464,0.376061,1
6329,1,0.010000,0.000003,0.010464,0.376061,1
6330,1,0.010000,0.000003,0.010464,0.376061,1
6331,1,0.010000,0.000003,0.010464,0.376061,1
6332,1,0.010000,0.000003,0.010464,0.376061,1
6333,1,0.010000,0.000003,0.010464,0.376061,1
6334,1,0.010000,0.000002,0.010464,0.376061,1
6335,1,0.010000,0.000002,0.010464,0.376061,1
6336,1,0.010000,0.000002,0.010464,0.376061,1
6337,1,0.010000,0.000002,0.010464,0.376061,1
6338,1,0.010000,0.000002,0.010464,0.376061,0
6339,1,0.010000,0.000002,0.010464,0.376061,1
6340,1,0.010000,0.000002,0.010464,0.376061,1
6341,1,0.010000,0.000002,0.010464,0.376061,1
6342,1,0.010000,0.000002,0.010464,0.376061,1
6343,1,0.010000,0.000002,0.010464,0.376061,1
6344,1,0.010000,0.000002,0.010464,0.376061,1
6345,1,0.010000,0.000002,0.010464,0.376061,1
6346,1,0.010000,0.000002,0.010464,0.376061,1
6347,1,0.010000,0.000002,0.010464,0.376061,0
6348,1,0.010000,0.000002,0.010464,0.376061,1
6349,1,0.010000,0.000002,0.010464,0.376061,1
6350,1,0.010000,0.000002,0.010464,0.376061,1
6351,1,0.010000,0.000002,0.010464,0.376061,0
6352,1,0.010000,0.000002,0.010464,0.376061,1
6353,1,0.010000,0.000002,0.010464,0.376061,1
6354,1,0.010000,0.000002,0.010464,0.376061,1
6355,1,0.010000,0.000002,0.010464,0.376061,1
6356,1,0.010000,0.000002,0.010464,0.376061,0
6357,1,0.010000,0.000002,0.010464,0.376061,1
6358,1,0.010000,0.000002,0.010464,0.376061,1
6359,1,0.010000,0.000002,0.010464,0.376061,1
6360,1,0.010000,0.000002,0.010464,0.376061,1
6361,1,0.010000,0.000002,0.010464,0.376061,1
6362,1,0.010000,0.000002,0.010464,0.376061,1
6363,1,0.010000,0.000002,0.010464,0.376061,1
6364,1,0.010000,0.000002,0.010464,0.376061,1
6365,1,0.010000,0.000002,0.010464,0.376061,1
6366,1,0.010000,0.000002,0.010464,0.376061,1
6367,1,0.010000,0.000002,0.010464,0.376061,1
6368,1,0.010000,0.000002,0.010464,0.376061,1
6369,1,0.010000,0.000002,0.010464,0.376061,1
6370,1,0.010000,0.000002,0.010464,0.376061,1
6371,1,0.010000,0.000002,0.010464,0.376061,1
6372,1,0.010000,0.000002,0.010464,0.376061,0
6373,1,0.010000,0.000002,0.010464,0.376061,1
6374,1,0.010000,0.000002,0.010464,0.376061,1
6375,1,0.010000,0.000002,0.010464,0.376061,1
6376,1,0.010000,0.000002,0.010464,0.376061,1
6377,1,0.010000,0.000002,0.010464,0.376061,1
6378,1,0.010000,0.000002,0.010464,0.376061,1
6379,1,0.010000,0.000002,0.010464,0.376061,1
6380,1,0.010000,0.000002,0.010464,0.376061,1
6381,1,0.010000,0.000002,0.010464,0.376061,0
6382,1,0.010000,0.000002,0.010464,0.376061,1
6383,1,0.010000,0.000002,0.010464,0.376061,0
6384,1,0.010000,0.000002,0.010464,0.376061,1
6385,1,0.010000,0.000002,0.010464,0.376061,0
6386,1,0.010000,0.000002,0.010464,0.376061,1
6387,1,0.010000,0.000002,0.010464,0.376061,0
6388,1,0.010000,0.000002,0.010464,0.376060,1
6389,1,0.010000,0.000002,0.010464,0.376060,1
6390,1,0.010000,0.000002,0.010464,0.376060,1
6391,1,0.010000,0.000002,0.010464,0.376060,1
6392,1,0.010000,0.000002,0.010464,0.376060,0
6393,1,0.010000,0.000002,0.010464,0.376060,1
6394,1,0.010000,0.000002,0.010464,0.376060,1
6395,1,0.010000,0.000002,0.010464,0.376060,1
6396,1,0.010000,0.000002,0.010464,0.376060,1
6397,1,0.010000,0.000002,0.010464,0.376060,1
6398,1,0.010000,0.000002,0.010464,0.376060,1
6399,1,0.010000,0.000002,0.010464,0.376060,1
6400,1,0.010000,0.000002,0.010464,0.376060,1
6401,1,0.010000,0.000002,0.010464,0.376060,1
6402,1,0.010000,0.000002,0.010464,0.376060,1
6403,1,0.010000,0.000002,0.010464,0.376060,1
6404,1,0.010000,0.000002,0.010464,0.376060,1
6405,1,0.010000,0.000002,0.010464,0.376060,1
6406,1,0.010000,0.000002,0.010464,0.376060,1
6407,1,0.010000,0.000002,0.010464,0.376060,1
6408,1,0.010000,0.000002,0.010464,0.376060,1
6409,1,0.010000,0.000002,0.010464,0.376060,1
6410,1,0.010000,0.000002,0.010464,0.376060,1
6411,1,0.010000,0.000002,0.010464,0.376060,1
6412,1,0.010000,0.000002,0.010464,0.376060,1
6413,1,0.010000,0.000002,0.010464,0.376060,1
6414,1,0.010000,0.000002,0.010464,0.376060,1
6415,1,0.010000,0.000002,0.010464,0.376060,1
6416,1,0.010000,0.000002,0.010464,0.376060,1
6417,1,0.010000,0.000002,0.010464,0.376060,1
6418,1,0.010000,0.000002,0.010464,0.376060,1
6419,1,0.010000,0.000002,0.010464,0.376060,1
6420,1,0.010000,0.000002,0.010464,0.376060,1
6421,1,0.010000,0.000002,0.010464,0.376060,1
6422,1,0.010000,0.000002,0.010464,0.376060,1
6423,1,0.010000,0.000002,0.010464,0.376060,1
6424,1,0.010000,0.000002,0.010464,0.376060,1
6425,1,0.010000,0.000002,0.010464,0.376060,1
6426,1,0.010000,0.000002,0.010464,0.376060,1
6427,1,0.010000,0.000002,0.010464,0.376060,1
6428,1,0.010000,0.000002,0.010464,0.376060,1
6429,1,0.010000,0.000002,0.010464,0.376060,1
6430,1,0.010000,0.000002,0.010464,0.376060,1
6431,1,0.010000,0.000002,0.010464,0.376060,1
6432,1,0.010000,0.000002,0.010464,0.376060,1
6433,1,0.010000,0.000002,0.010464,0.376060,1
6434,1,0.010000,0.000002,0.010464,0.376060,1
6435,1,0.010000,0.000002,0.010464,0.376060,1
6436,1,0.010000,0.000002,0.010464,0.376060,1
6437,1,0.010000,0.000002,0.010464,0.376060,1
6438,1,0.010000,0.000002,0.010464,0.376060,1
6439,1,0.010000,0.000002,0.010464,0.376060,1
6440,1,0.010000,0.000002,0.010464,0.376060,1
6441,1,0.010000,0.000002,0.010464,0.376060,1
6442,1,0.010000,0.000002,0.010464,0.376060,0
6443,1,0.010000,0.000002,0.010464,0.376060,1
6444,1,0.010000,0.000002,0.010464,0.376060,1
6445,1,0.010000,0.000002,0.010464,0.376060,1
6446,1,0.010000,0.000002,0.010464,0.376060,1
6447,1,0.010000,0.000002,0.010464,0.376060,0
6448,1,0.010000,0.000002,0.010464,0.376060,1
6449,1,0.010000,0.000002,0.010464,0.376060,1
6450,1,0.010000,0.000002,0.010464,0.376060,0
6451,1,0.010000,0.000002,0.010464,0.376060,0
6452,1,0.010000,0.000002,0.010464,0.376060,1
6453,1,0.010000,0.000002,0.010464,0.376060,1
6454,1,0.010000,0.000002,0.010464,0.376060,1
6455,1,0.010000,0.000002,0.010464,0.376060,1
6456,1,0.010000,0.000002,0.010464,0.376060,0
6457,1,0.010000,0.000002,0.010464,0.376060,1
6458,1,0.010000,0.000002,0.010464,0.376060,1
6459,1,0.010000,0.000002,0.010464,0.376060,1
6460,1,0.010000,0.000002,0.010464,0.376060,1
6461,1,0.010000,0.000002,0.010464,0.376060,1
6462,1,0.010000,0.000002,0.010464,0.376059,1
6463,1,0.010000,0.000002,0.010464,0.376059,1
6464,1,0.010000,0.000002,0.010464,0.376059,1
6465,1,0.010000,0.000002,0.010464,0.376059,1
6466,1,0.010000,0.000002,0.010464,0.376059,1
6467,1,0.010000,0.000002,0.010464,0.376059,1
6468,1,0.010000,0.000002,0.010464,0.376059,1
6469,1,0.010000,0.000002,0.010464,0.376059,1
6470,1,0.010000,0.000002,0.010464,0.376059,1
6471,1,0.010000,0.000002,0.010464,0.376059,1
6472,1,0.010000,0.000002,0.010464,0.376059,1
6473,1,0.010000,0.000002,0.010464,0.376059,1
6474,1,0.010000,0.000002,0.010464,0.376059,1
6475,1,0.010000,0.000002,0.010464,0.376059,1
6476,1,0.010000,0.000002,0.010464,0.376059,1
6477,1,0.010000,0.000002,0.010464,0.376059,1
6478,1,0.010000,0.000002,0.010464,0.376059,0
6479,1,0.010000,0.000002,0.010464,0.376059,0
6480,1,0.010000,0.000002,0.010464,0.376059,1
6481,1,0.010000,0.000002,0.010464,0.376059,1
6482,1,0.010000,0.000002,0.010464,0.376059,0
6483,1,0.010000,0.000002,0.010464,0.376059,1
6484,1,0.010000,0.000002,0.010464,0.376059,1
6485,1,0.010000,0.000002,0.010464,0.376059,1
6486,1,0.010000,0.000002,0.010464,0.376059,1
6487,1,0.010000,0.000002,0.010464,0.376059,1
6488,1,0.010000,0.000002,0.010464,0.376059,1
6489,1,0.010000,0.000002,0.010464,0.376059,1
6490,1,0.010000,0.000002,0.010464,0.376059,1
6491,1,0.010000,0.000002,0.010464,0.376059,1
6492,1,0.010000,0.000002,0.010464,0.376059,1
6493,1,0.010000,0.000002,0.010464,0.376059,1
6494,1,0.010000,0.000002,0.010464,0.376059,1
6495,1,0.010000,0.000002,0.010464,0.376059,1
6496,1,0.010000,0.000002,0.010464,0.376059,0
6497,1,0.010000,0.000002,0.010464,0.376059,0
6498,1,0.010000,0.000002,0.010464,0.376059,1
6499,1,0.010000,0.000002,0.010464,0.376059,1
6500,1,0.010000,0.000002,0.010464,0.376059,1
6501,1,0.010000,0.000002,0.010464,0.376059,1
6502,1,0.010000,0.000002,0.010464,0.376059,1
6503,1,0.010000,0.000002,0.010464,0.376059,1
6504,1,0.010000,0.000002,0.010464,0.376059,1
6505,1,0.010000,0.000002,0.010464,0.376059,1
6506,1,0.010000,0.000002,0.010464,0.376059,1
6507,1,0.010000,0.000002,0.010464,0.376059,1
6508,1,0.010000,0.000002,0.010464,0.376059,0
6509,1,0.010000,0.000002,0.010464,0.376059,1
6510,1,0.010000,0.000002,0.010464,0.376059,1
6511,1,0.010000,0.000002,0.010464,0.376059,1
6512,1,0.010000,0.000002,0.010464,0.376059,1
6513,1,0.010000,0.000002,0.010464,0.376059,1
6514,1,0.010000,0.000002,0.010464,0.376059,1
6515,1,0.010000,0.000002,0.010464,0.376059,1
6516,1,0.010000,0.000002,0.010464,0.376059,1
6517,1,0.010000,0.000002,0.010464,0.376059,1
6518,1,0.010000,0.000002,0.010464,0.376059,1
6519,1,0.010000,0.000002,0.010464,0.376059,1
6520,1,0.010000,0.000002,0.010464,0.376059,1
6521,1,0.010000,0.000002,0.010464,0.376059,1
6522,1,0.010000,0.000002,0.010464,0.376059,1
6523,1,0.010000,0.000002,0.010464,0.376059,0
6524,1,0.010000,0.000002,0.010464,0.376059,1
6525,1,0.010000,0.000002,0.010464,0.376059,1
6526,1,0.010000,0.000002,0.010464,0.376059,1
6527,1,0.010000,0.000002,0.010464,0.376059,1
6528,1,0.010000,0.000002,0.010464,0.376059,1
6529,1,0.010000,0.000002,0.010464,0.376059,1
6530,1,0.010000,0.000002,0.010464,0.376059,0
6531,1,0.010000,0.000002,0.010464,0.376059,1
6532,1,0.010000,0.000002,0.010464,0.376059,0
6533,1,0.010000,0.000002,0.010464,0.376059,1
6534,1,0.010000,0.000002,0.010464,0.376059,1
6535,1,0.010000,0.000002,0.010464,0.376059,1
6536,1,0.010000,0.000002,0.010464,0.376059,1
6537,1,0.010000,0.000002,0.010464,0.376059,1
6538,1,0.010000,0.000002,0.010464,0.376059,0
6539,1,0.010000,0.000002,0.010464,0.376058,1
6540,1,0.010000,0.000002,0.010464,0.376058,1
6541,1,0.010000,0.000002,0.010464,0.376058,1
6542,1,0.010000,0.000002,0.010464,0.376058,1
6543,1,0.010000,0.000002,0.010464,0.376058,1
6544,1,0.010000,0.000002,0.010464,0.376058,1
6545,1,0.010000,0.000002,0.010464,0.376058,1
6546,1,0.010000,0.000002,0.010464,0.376058,1
6547,1,0.010000,0.000002,0.010464,0.376058,1
6548,1,0.010000,0.000002,0.010464,0.376058,1
6549,1,0.010000,0.000002,0.010464,0.376058,1
6550,1,0.010000,0.000002,0.010464,0.376058,1
6551,1,0.010000,0.000002,0.010464,0.376058,1
6552,1,0.010000,0.000002,0.010464,0.376058,1
6553,1,0.010000,0.000002,0.010464,0.376058,1
6554,1,0.010000,0.000002,0.010464,0.376058,1
6555,1,0.010000,0.000002,0.010464,0.376058,0
6556,1,0.010000,0.000002,0.010464,0.376058,1
6557,1,0.010000,0.000002,0.010464,0.376058,1
6558,1,0.010000,0.000002,0.010464,0.376058,1
6559,1,0.010000,0.000002,0.010464,0.376058,1
6560,1,0.010000,0.000002,0.010464,0.376058,1
6561,1,0.010000,0.000002,0.010464,0.376058,1
6562,1,0.010000,0.000002,0.010464,0.376058,1
6563,1,0.010000,0.000002,0.010464,0.376058,0
6564,1,0.010000,0.000002,0.010464,0.376058,0
6565,1,0.010000,0.000002,0.010464,0.376058,0
6566,1,0.010000,0.000002,0.010464,0.376058,1
6567,1,0.010000,0.000002,0.010464,0.376058,1
6568,1,0.010000,0.000002,0.010464,0.376058,1
6569,1,0.010000,0.000002,0.010464,0.376058,1
6570,1,0.010000,0.000002,0.010464,0.376058,1
6571,1,0.010000,0.000002,0.010464,0.376058,1
6572,1,0.010000,0.000002,0.010464,0.376058,1
6573,1,0.010000,0.000002,0.010464,0.376058,1
6574,1,0.010000,0.000002,0.010464,0.376058,1
6575,1,0.010000,0.000002,0.010464,0.376058,0
6576,1,0.010000,0.000002,0.010464,0.376058,0
6577,1,0.010000,0.000002,0.010464,0.376058,1
6578,1,0.010000,0.000002,0.010464,0.376058,1
6579,1,0.010000,0.000002,0.010464,0.376058,1
6580,1,0.010000,0.000002,0.010464,0.376058,1
6581,1,0.010000,0.000002,0.010464,0.376058,1
6582,1,0.010000,0.000002,0.010464,0.376058,1
6583,1,0.010000,0.000002,0.010464,0.376058,0
6584,1,0.010000,0.000002,0.010464,0.376058,1
6585,1,0.010000,0.000002,0.010464,0.376058,1
6586,1,0.010000,0.000002,0.010464,0.376058,1
6587,1,0.010000,0.000002,0.010464,0.376058,1
6588,1,0.010000,0.000002,0.010464,0.376058,1
6589,1,0.010000,0.000002,0.010464,0.376058,0
6590,1,0.010000,0.000002,0.010464,0.376058,1
6591,1,0.010000,0.000002,0.010464,0.376058,1
6592,1,0.010000,0.000002,0.010464,0.376058,0
6593,1,0.010000,0.000002,0.010464,0.376058,0
6594,1,0.010000,0.000002,0.010464,0.376058,1
6595,1,0.010000,0.000002,0.010464,0.376058,1
6596,1,0.010000,0.000002,0.010464,0.376058,1
6597,1,0.010000,0.000002,0.010464,0.376058,1
6598,1,0.010000,0.000002,0.010464,0.376058,1
6599,1,0.010000,0.000002,0.010464,0.376058,0
6600,1,0.010000,0.000002,0.010464,0.376058,1
6601,1,0.010000,0.000002,0.010464,0.376058,0
6602,1,0.010000,0.000002,0.010464,0.376058,1
6603,1,0.010000,0.000002,0.010464,0.376058,0
6604,1,0.010000,0.000002,0.010464,0.376058,0
6605,1,0.010000,0.000002,0.010464,0.376058,1
6606,1,0.010000,0.000002,0.010464,0.376058,1
6607,1,0.010000,0.000002,0.010464,0.376058,1
6608,1,0.010000,0.000002,0.010464,0.376058,0
6609,1,0.010000,0.000002,0.010464,0.376058,0
6610,1,0.010000,0.000002,0.010464,0.376058,1
6611,1,0.010000,0.000002,0.010464,0.376058,1
6612,1,0.010000,0.000002,0.010464,0.376058,0
6613,1,0.010000,0.000002,0.010464,0.376058,1
6614,1,0.010000,0.000002,0.010464,0.376058,1
6615,1,0.010000,0.000002,0.010464,0.376058,1
6616,1,0.010000,0.000002,0.010464,0.376058,1
6617,1,0.010000,0.000002,0.010464,0.376058,1
6618,1,0.010000,0.000002,0.010464,0.376058,1
6619,1,0.010000,0.000002,0.010464,0.376058,1
6620,1,0.010000,0.000002,0.010464,0.376057,1
6621,1,0.010000,0.000002,0.010464,0.376057,1
6622,1,0.010000,0.000002,0.010464,0.376057,1
6623,1,0.010000,0.000002,0.010464,0.376057,1
6624,1,0.010000,0.000002,0.010464,0.376057,0
6625,1,0.010000,0.000002,0.010464,0.376057,1
6626,1,0.010000,0.000002,0.010464,0.376057,1
6627,1,0.010000,0.000002,0.010464,0.376057,1
6628,1,0.010000,0.000002,0.010464,0.376057,1
6629,1,0.010000,0.000002,0.010464,0.376057,1
6630,1,0.010000,0.000002,0.010464,0.376057,1
6631,1,0.010000,0.000002,0.010464,0.376057,1
6632,1,0.010000,0.000002,0.010464,0.376057,0
6633,1,0.010000,0.000002,0.010464,0.376057,1
6634,1,0.010000,0.000002,0.010464,0.376057,1
6635,1,0.010000,0.000002,0.010464,0.376057,1
6636,1,0.010000,0.000002,0.010464,0.376057,1
6637,1,0.010000,0.000002,0.010464,0.376057,1
6638,1,0.010000,0.000002,0.010464,0.376057,1
6639,1,0.010000,0.000002,0.010464,0.376057,1
6640,1,0.010000,0.000002,0.010464,0.376057,1
6641,1,0.010000,0.000002,0.010464,0.376057,1
6642,1,0.010000,0.000002,0.010464,0.376057,1
6643,1,0.010000,0.000002,0.010464,0.376057,1
6644,1,0.010000,0.000002,0.010464,0.376057,1
6645,1,0.010000,0.000002,0.010464,0.376057,1
6646,1,0.010000,0.000002,0.010464,0.376057,1
6647,1,0.010000,0.000002,0.010464,0.376057,1
6648,1,0.010000,0.000002,0.010464,0.376057,1
6649,1,0.010000,0.000002,0.010464,0.376057,1
6650,1,0.010000,0.000002,0.010464,0.376057,1
6651,1,0.010000,0.000002,0.010464,0.376057,1
6652,1,0.010000,0.000002,0.010464,0.376057,0
6653,1,0.010000,0.000002,0.010464,0.376057,1
6654,1,0.010000,0.000002,0.010464,0.376057,1
6655,1,0.010000,0.000002,0.010464,0.376057,0
6656,1,0.010000,0.000002,0.010464,0.376057,1
6657,1,0.010000,0.000002,0.010464,0.376057,1
6658,1,0.010000,0.000002,0.010464,0.376057,1
6659,1,0.010000,0.000002,0.010464,0.376057,1
6660,1,0.010000,0.000002,0.010464,0.376057,1
6661,1,0.010000,0.000002,0.010464,0.376057,1
6662,1,0.010000,0.000002,0.010464,0.376057,1
6663,1,0.010000,0.000002,0.010464,0.376057,1
6664,1,0.010000,0.000002,0.010464,0.376057,1
6665,1,0.010000,0.000002,0.010464,0.376057,0
6666,1,0.010000,0.000002,0.010464,0.376057,1
6667,1,0.010000,0.000002,0.010464,0.376057,1
6668,1,0.010000,0.000002,0.010464,0.376057,1
6669,1,0.010000,0.000002,0.010464,0.376057,0
6670,1,0.010000,0.000002,0.010464,0.376057,1
6671,1,0.010000,0.000002,0.010464,0.376057,1
6672,1,0.010000,0.000002,0.010464,0.376057,0
6673,1,0.010000,0.000002,0.010464,0.376057,1
6674,1,0.010000,0.000002,0.010464,0.376057,1
6675,1,0.010000,0.000002,0.010464,0.376057,1
6676,1,0.010000,0.000002,0.010464,0.376057,1
6677,1,0.010000,0.000002,0.010464,0.376057,1
6678,1,0.010000,0.000002,0.010464,0.376057,1
6679,1,0.010000,0.000002,0.010464,0.376057,1
6680,1,0.010000,0.000002,0.010464,0.376057,1
6681,1,0.010000,0.000002,0.010464,0.376057,1
6682,1,0.010000,0.000002,0.010464,0.376057,1
6683,1,0.010000,0.000002,0.010464,0.376057,1
6684,1,0.010000,0.000002,0.010464,0.376057,1
6685,1,0.010000,0.000002,0.010464,0.376057,1
6686,1,0.010000,0.000002,0.010464,0.376057,1
6687,1,0.010000,0.000002,0.010464,0.376057,1
6688,1,0.010000,0.000002,0.010464,0.376057,1
6689,1,0.010000,0.000002,0.010464,0.376057,1
6690,1,0.010000,0.000002,0.010464,0.376057,1
6691,1,0.010000,0.000002,0.010464,0.376057,1
6692,1,0.010000,0.000002,0.010464,0.376057,1
6693,1,0.010000,0.000002,0.010464,0.376057,1
6694,1,0.010000,0.000002,0.010464,0.376057,1
6695,1,0.010000,0.000002,0.010464,0.376057,1
6696,1,0.010000,0.000002,0.010464,0.376057,1
6697,1,0.010000,0.000002,0.010464,0.376057,1
6698,1,0.010000,0.000002,0.010464,0.376057,0
6699,1,0.010000,0.000002,0.010464,0.376057,1
6700,1,0.010000,0.000002,0.010464,0.376057,0
6701,1,0.010000,0.000002,0.010464,0.376057,1
6702,1,0.010000,0.000002,0.010464,0.376057,0
6703,1,0.010000,0.000002,0.010464,0.376057,1
6704,1,0.010000,0.000002,0.010464,0.376056,1
6705,1,0.010000,0.000002,0.010464,0.376056,1
6706,1,0.010000,0.000002,0.010464,0.376056,1
6707,1,0.010000,0.000002,0.010464,0.376056,1
6708,1,0.010000,0.000002,0.010464,0.376056,1
6709,1,0.010000,0.000002,0.010464,0.376056,1
6710,1,0.010000,0.000002,0.010464,0.376056,0
6711,1,0.010000,0.000002,0.010464,0.376056,1
6712,1,0.010000,0.000002,0.010464,0.376056,1
6713,1,0.010000,0.000002,0.010464,0.376056,1
6714,1,0.010000,0.000002,0.010464,0.376056,1
6715,1,0.010000,0.000002,0.010464,0.376056,0
6716,1,0.010000,0.000002,0.010464,0.376056,1
6717,1,0.010000,0.000002,0.010464,0.376056,1
6718,1,0.010000,0.000002,0.010464,0.376056,1
6719,1,0.010000,0.000002,0.010464,0.376056,1
6720,1,0.010000,0.000002,0.010464,0.376056,1
6721,1,0.010000,0.000002,0.010464,0.376056,1
6722,1,0.010000,0.000002,0.010464,0.376056,1
6723,1,0.010000,0.000002,0.010464,0.376056,1
6724,1,0.010000,0.000002,0.010464,0.376056,1
6725,1,0.010000,0.000002,0.010464,0.376056,1
6726,1,0.010000,0.000002,0.010464,0.376056,0
6727,1,0.010000,0.000002,0.010464,0.376056,1
6728,1,0.010000,0.000002,0.010464,0.376056,1
6729,1,0.010000,0.000002,0.010464,0.376056,1
6730,1,0.010000,0.000002,0.010464,0.376056,1
6731,1,0.010000,0.000002,0.010464,0.376056,0
6732,1,0.010000,0.000002,0.010464,0.376056,1
6733,1,0.010000,0.000002,0.010464,0.376056,1
6734,1,0.010000,0.000002,0.010464,0.376056,1
6735,1,0.010000,0.000002,0.010464,0.376056,0
6736,1,0.010000,0.000002,0.010464,0.376056,1
6737,1,0.010000,0.000002,0.010464,0.376056,1
6738,1,0.010000,0.000002,0.010464,0.376056,1
6739,1,0.010000,0.000002,0.010464,0.376056,1
6740,1,0.010000,0.000002,0.010464,0.376056,0
6741,1,0.010000,0.000002,0.010464,0.376056,1
6742,1,0.010000,0.000002,0.010464,0.376056,1
6743,1,0.010000,0.000002,0.010464,0.376056,1
6744,1,0.010000,0.000002,0.010464,0.376056,1
6745,1,0.010000,0.000002,0.010464,0.376056,0
6746,1,0.010000,0.000002,0.010464,0.376056,1
6747,1,0.010000,0.000002,0.010464,0.376056,1
6748,1,0.010000,0.000002,0.010464,0.376056,1
6749,1,0.010000,0.000002,0.010464,0.376056,1
6750,1,0.010000,0.000002,0.010464,0.376056,1
6751,1,0.010000,0.000002,0.010464,0.376056,1
6752,1,0.010000,0.000002,0.010464,0.376056,1
6753,1,0.010000,0.000002,0.010464,0.376056,1
6754,1,0.010000,0.000002,0.010464,0.376056,1
6755,1,0.010000,0.000002,0.010464,0.376056,1
6756,1,0.010000,0.000002,0.010464,0.376056,1
6757,1,0.010000,0.000002,0.010464,0.376056,1
6758,1,0.010000,0.000002,0.010464,0.376056,1
6759,1,0.010000,0.000002,0.010464,0.376056,1
6760,1,0.010000,0.000002,0.010464,0.376056,1
6761,1,0.010000,0.000002,0.010464,0.376056,1
6762,1,0.010000,0.000002,0.010464,0.376056,1
6763,1,0.010000,0.000002,0.010464,0.376056,1
6764,1,0.010000,0.000002,0.010464,0.376056,1
6765,1,0.010000,0.000002,0.010464,0.376056,1
6766,1,0.010000,0.000002,0.010464,0.376056,1
6767,1,0.010000,0.000002,0.010464,0.376056,1
6768,1,0.010000,0.000002,0.010464,0.376056,1
6769,1,0.010000,0.000002,0.010464,0.376056,1
6770,1,0.010000,0.000002,0.010464,0.376056,1
6771,1,0.010000,0.000002,0.010464,0.376056,1
6772,1,0.010000,0.000002,0.010464,0.376056,1
6773,1,0.010000,0.000002,0.010464,0.376056,1
6774,1,0.010000,0.000002,0.010464,0.376056,1
6775,1,0.010000,0.000002,0.010464,0.376056,1
6776,1,0.010000,0.000002,0.010464,0.376056,1
6777,1,0.010000,0.000002,0.010464,0.376056,1
6778,1,0.010000,0.000002,0.010464,0.376056,1
6779,1,0.010000,0.000002,0.010464,0.376056,1
6780,1,0.010000,0.000002,0.010464,0.376056,1
6781,1,0.010000,0.000002,0.010464,0.376056,1
6782,1,0.010000,0.000002,0.010464,0.376056,1
6783,1,0.010000,0.000002,0.010464,0.376056,1
6784,1,0.010000,0.000002,0.010464,0.376056,1
6785,1,0.010000,0.000002,0.010464,0.376056,1
6786,1,0.010000,0.000002,0.010464,0.376056,1
6787,1,0.010000,0.000002,0.010464,0.376056,0
6788,1,0.010000,0.000002,0.010464,0.376056,1
6789,1,0.010000,0.000002,0.010464,0.376056,1
6790,1,0.010000,0.000002,0.010464,0.376056,1
6791,1,0.010000,0.000002,0.010464,0.376056,1
6792,1,0.010000,0.000002,0.010464,0.376056,1
6793,1,0.010000,0.000002,0.010464,0.376055,1
6794,1,0.010000,0.000002,0.010464,0.376055,1
6795,1,0.010000,0.000002,0.010464,0.376055,1
6796,1,0.010000,0.000002,0.010464,0.376055,0
6797,1,0.010000,0.000002,0.010464,0.376055,1
6798,1,0.010000,0.000002,0.010464,0.376055,1
6799,1,0.010000,0.000002,0.010464,0.376055,1
6800,1,0.010000,0.000002,0.010464,0.376055,1
6801,1,0.010000,0.000002,0.010464,0.376055,1
6802,1,0.010000,0.000002,0.010464,0.376055,1
6803,1,0.010000,0.000002,0.010464,0.376055,1
6804,1,0.010000,0.000002,0.010464,0.376055,1
6805,1,0.010000,0.000002,0.010464,0.376055,1
6806,1,0.010000,0.000002,0.010464,0.376055,1
6807,1,0.010000,0.000002,0.010464,0.376055,1
6808,1,0.010000,0.000002,0.010464,0.376055,1
6809,1,0.010000,0.000002,0.010464,0.376055,1
6810,1,0.010000,0.000002,0.010464,0.376055,1
6811,1,0.010000,0.000002,0.010464,0.376055,1
6812,1,0.010000,0.000002,0.010464,0.376055,0
6813,1,0.010000,0.000002,0.010464,0.376055,1
6814,1,0.010000,0.000002,0.010464,0.376055,1
6815,1,0.010000,0.000002,0.010464,0.376055,1
6816,1,0.010000,0.000002,0.010464,0.376055,1
6817,1,0.010000,0.000002,0.010464,0.376055,1
6818,1,0.010000,0.000002,0.010464,0.376055,1
6819,1,0.010000,0.000002,0.010464,0.376055,0
6820,1,0.010000,0.000002,0.010464,0.376055,1
6821,1,0.010000,0.000002,0.010464,0.376055,0
6822,1,0.010000,0.000002,0.010464,0.376055,1
6823,1,0.010000,0.000002,0.010464,0.376055,1
6824,1,0.010000,0.000002,0.010464,0.376055,1
6825,1,0.010000,0.000002,0.010464,0.376055,1
6826,1,0.010000,0.000002,0.010464,0.376055,1
6827,1,0.010000,0.000002,0.010464,0.376055,1
6828,1,0.010000,0.000002,0.010464,0.376055,0
6829,1,0.010000,0.000002,0.010464,0.376055,1
6830,1,0.010000,0.000002,0.010464,0.376055,1
6831,1,0.010000,0.000002,0.010464,0.376055,1
6832,1,0.010000,0.000002,0.010464,0.376055,1
6833,1,0.010000,0.000002,0.010464,0.376055,1
6834,1,0.010000,0.000002,0.010464,0.376055,1
6835,1,0.010000,0.000002,0.010464,0.376055,1
6836,1,0.010000,0.000002,0.010464,0.376055,1
6837,1,0.010000,0.000002,0.010464,0.376055,1
6838,1,0.010000,0.000002,0.010464,0.376055,1
6839,1,0.010000,0.000002,0.010464,0.376055,1
6840,1,0.010000,0.000002,0.010464,0.376055,1
6841,1,0.010000,0.000002,0.010464,0.376055,1
6842,1,0.010000,0.000002,0.010464,0.376055,1
6843,1,0.010000,0.000002,0.010464,0.376055,1
6844,1,0.010000,0.000002,0.010464,0.376055,1
6845,1,0.010000,0.000002,0.010464,0.376055,1
6846,1,0.010000,0.000002,0.010464,0.376055,1
6847,1,0.010000,0.000002,0.010464,0.376055,1
6848,1,0.010000,0.000002,0.010464,0.376055,1
6849,1,0.010000,0.000002,0.010464,0.376055,1
6850,1,0.010000,0.000002,0.010464,0.376055,1
6851,1,0.010000,0.000002,0.010464,0.376055,1
6852,1,0.010000,0.000002,0.010464,0.376055,1
6853,1,0.010000,0.000002,0.010464,0.376055,1
6854,1,0.010000,0.000002,0.010464,0.376055,1
6855,1,0.010000,0.000002,0.010464,0.376055,1
6856,1,0.010000,0.000002,0.010464,0.376055,1
6857,1,0.010000,0.000002,0.010464,0.376055,1
6858,1,0.010000,0.000002,0.010464,0.376055,1
6859,1,0.010000,0.000002,0.010464,0.376055,1
6860,1,0.010000,0.000002,0.010464,0.376055,0
6861,1,0.010000,0.000002,0.010464,0.376055,1
6862,1,0.010000,0.000002,0.010464,0.376055,1
6863,1,0.010000,0.000002,0.010464,0.376055,1
6864,1,0.010000,0.000002,0.010464,0.376055,1
6865,1,0.010000,0.000002,0.010464,0.376055,1
6866,1,0.010000,0.000002,0.010464,0.376055,1
6867,1,0.010000,0.000002,0.010464,0.376055,1
6868,1,0.010000,0.000002,0.010464,0.376055,1
6869,1,0.010000,0.000002,0.010464,0.376055,1
6870,1,0.010000,0.000002,0.010464,0.376055,1
6871,1,0.010000,0.000002,0.010464,0.376055,1
6872,1,0.010000,0.000002,0.010464,0.376055,1
6873,1,0.010000,0.000002,0.010464,0.376055,1
6874,1,0.010000,0.000002,0.010464,0.376055,1
6875,1,0.010000,0.000002,0.010464,0.376055,1
6876,1,0.010000,0.000002,0.010464,0.376055,1
6877,1,0.010000,0.000002,0.010464,0.376055,1
6878,1,0.010000,0.000002,0.010464,0.376055,1
6879,1,0.010000,0.000002,0.010464,0.376055,1
6880,1,0.010000,0.000002,0.010464,0.376055,1
6881,1,0.010000,0.000002,0.010464,0.376055,0
6882,1,0.010000,0.000002,0.010464,0.376055,1
6883,1,0.010000,0.000002,0.010464,0.376055,1
6884,1,0.010000,0.000002,0.010464,0.376055,1
6885,1,0.010000,0.000002,0.010464,0.376055,1
6886,1,0.010000,0.000002,0.010464,0.376055,1
6887,1,0.010000,0.000002,0.010464,0.376054,1
6888,1,0.010000,0.000002,0.010464,0.376054,1
6889,1,0.010000,0.000002,0.010464,0.376054,1
6890,1,0.010000,0.000002,0.010464,0.376054,1
6891,1,0.010000,0.000002,0.010464,0.376054,1
6892,1,0.010000,0.000002,0.010464,0.376054,1
6893,1,0.010000,0.000002,0.010464,0.376054,1
6894,1,0.010000,0.000002,0.010464,0.376054,1
6895,1,0.010000,0.000002,0.010464,0.376054,1
6896,1,0.010000,0.000002,0.010464,0.376054,1
6897,1,0.010000,0.000002,0.010464,0.376054,1
6898,1,0.010000,0.000002,0.010464,0.376054,1
6899,1,0.010000,0.000002,0.010464,0.376054,1
6900,1,0.010000,0.000002,0.010464,0.376054,1
6901,1,0.010000,0.000002,0.010464,0.376054,1
6902,1,0.010000,0.000002,0.010464,0.376054,1
6903,1,0.010000,0.000002,0.010464,0.376054,1
6904,1,0.010000,0.000002,0.010464,0.376054,1
6905,1,0.010000,0.000002,0.010464,0.376054,1
6906,1,0.010000,0.000002,0.010464,0.376054,1
6907,1,0.010000,0.000002,0.010464,0.376054,1
6908,1,0.010000,0.000002,0.010464,0.376054,1
6909,1,0.010000,0.000002,0.010464,0.376054,1
6910,1,0.010000,0.000002,0.010464,0.376054,1
6911,1,0.010000,0.000002,0.010464,0.376054,1
6912,1,0.010000,0.000002,0.010464,0.376054,1
6913,1,0.010000,0.000002,0.010464,0.376054,1
6914,1,0.010000,0.000002,0.010464,0.376054,1
6915,1,0.010000,0.000002,0.010464,0.376054,0
6916,1,0.010000,0.000002,0.010464,0.376054,1
6917,1,0.010000,0.000002,0.010464,0.376054,1
6918,1,0.010000,0.000002,0.010464,0.376054,1
6919,1,0.010000,0.000002,0.010464,0.376054,1
6920,1,0.010000,0.000002,0.010464,0.376054,1
6921,1,0.010000,0.000002,0.010464,0.376054,1
6922,1,0.010000,0.000002,0.010464,0.376054,1
6923,1,0.010000,0.000002,0.010464,0.376054,0
6924,1,0.010000,0.000002,0.010464,0.376054,1
6925,1,0.010000,0.000002,0.010464,0.376054,1
6926,1,0.010000,0.000002,0.010464,0.376054,1
6927,1,0.010000,0.000002,0.010464,0.376054,1
6928,1,0.010000,0.000002,0.010464,0.376054,1
6929,1,0.010000,0.000002,0.010464,0.376054,1
6930,1,0.010000,0.000002,0.010464,0.376054,1
6931,1,0.010000,0.000002,0.010464,0.376054,1
6932,1,0.010000,0.000002,0.010464,0.376054,1
6933,1,0.010000,0.000002,0.010464,0.376054,1
6934,1,0.010000,0.000002,0.010464,0.376054,1
6935,1,0.010000,0.000002,0.010464,0.376054,1
6936,1,0.010000,0.000002,0.010464,0.376054,1
6937,1,0.010000,0.000002,0.010464,0.376054,1
6938,1,0.010000,0.000002,0.010464,0.376054,0
6939,1,0.010000,0.000002,0.010464,0.376054,1
6940,1,0.010000,0.000002,0.010464,0.376054,1
6941,1,0.010000,0.000002,0.010464,0.376054,0
6942,1,0.010000,0.000002,0.010464,0.376054,1
6943,1,0.010000,0.000002,0.010464,0.376054,1
6944,1,0.010000,0.000002,0.010464,0.376054,0
6945,1,0.010000,0.000002,0.010464,0.376054,1
6946,1,0.010000,0.000002,0.010464,0.376054,1
6947,1,0.010000,0.000002,0.010464,0.376054,1
6948,1,0.010000,0.000002,0.010464,0.376054,1
6949,1,0.010000,0.000002,0.010464,0.376054,1
6950,1,0.010000,0.000002,0.010464,0.376054,1
6951,1,0.010000,0.000002,0.010464,0.376054,1
6952,1,0.010000,0.000002,0.010464,0.376054,1
6953,1,0.010000,0.000002,0.010464,0.376054,1
6954,1,0.010000,0.000002,0.010464,0.376054,1
6955,1,0.010000,0.000002,0.010464,0.376054,0
6956,1,0.010000,0.000002,0.010464,0.376054,1
6957,1,0.010000,0.000002,0.010464,0.376054,1
6958,1,0.010000,0.000002,0.010464,0.376054,1
6959,1,0.010000,0.000002,0.010464,0.376054,1
6960,1,0.010000,0.000002,0.010464,0.376054,1
6961,1,0.010000,0.000002,0.010464,0.376054,1
6962,1,0.010000,0.000002,0.010464,0.376054,1
6963,1,0.010000,0.000002,0.010464,0.376054,1
6964,1,0.010000,0.000002,0.010464,0.376054,0
6965,1,0.010000,0.000002,0.010464,0.376054,1
6966,1,0.010000,0.000002,0.010464,0.376054,1
6967,1,0.010000,0.000002,0.010464,0.376054,1
6968,1,0.010000,0.000002,0.010464,0.376054,1
6969,1,0.010000,0.000002,0.010464,0.376054,1
6970,1,0.010000,0.000002,0.010464,0.376054,1
6971,1,0.010000,0.000002,0.010464,0.376054,1
6972,1,0.010000,0.000002,0.010464,0.376054,1
6973,1,0.010000,0.000002,0.010464,0.376054,1
6974,1,0.010000,0.000002,0.010464,0.376054,1
6975,1,0.010000,0.000002,0.010464,0.376054,1
6976,1,0.010000,0.000002,0.010464,0.376054,1
6977,1,0.010000,0.000002,0.010464,0.376054,1
6978,1,0.010000,0.000002,0.010464,0.376054,1
6979,1,0.010000,0.000002,0.010464,0.376054,1
6980,1,0.010000,0.000002,0.010464,0.376054,1
6981,1,0.010000,0.000002,0.010464,0.376054,1
6982,1,0.010000,0.000002,0.010464,0.376054,0
6983,1,0.010000,0.000002,0.010464,0.376054,1
6984,1,0.010000,0.000002,0.010464,0.376054,1
6985,1,0.010000,0.000002,0.010464,0.376053,1
6986,1,0.010000,0.000002,0.010464,0.376053,1
6987,1,0.010000,0.000002,0.010464,0.376053,1
6988,1,0.010000,0.000002,0.010464,0.376053,1
6989,1,0.010000,0.000002,0.010464,0.376053,1
6990,1,0.010000,0.000002,0.010464,0.376053,0
6991,1,0.010000,0.000002,0.010464,0.376053,1
6992,1,0.010000,0.000002,0.010464,0.376053,1
6993,1,0.010000,0.000002,0.010464,0.376053,1
6994,1,0.010000,0.000002,0.010464,0.376053,1
6995,1,0.010000,0.000002,0.010464,0.376053,1
6996,1,0.010000,0.000002,0.010464,0.376053,1
6997,1,0.010000,0.000002,0.010464,0.376053,1
6998,1,0.010000,0.000002,0.010464,0.376053,1
6999,1,0.010000,0.000002,0.010464,0.376053,1
7000,1,0.010000,0.000002,0.010464,0.376053,1
7001,1,0.010000,0.000002,0.010464,0.376053,1
7002,1,0.010000,0.000002,0.010464,0.376053,1
7003,1,0.010000,0.000002,0.010464,0.376053,1
7004,1,0.010000,0.000002,0.010464,0.376053,1
7005,1,0.010000,0.000002,0.010464,0.376053,1
7006,1,0.010000,0.000002,0.010464,0.376053,1
7007,1,0.010000,0.000002,0.010464,0.376053,1
7008,1,0.010000,0.000002,0.010464,0.376053,1
7009,1,0.010000,0.000002,0.010464,0.376053,1
7010,1,0.010000,0.000002,0.010464,0.376053,0
7011,1,0.010000,0.000002,0.010464,0.376053,1
7012,1,0.010000,0.000002,0.010464,0.376053,0
7013,1,0.010000,0.000002,0.010464,0.376053,1
7014,1,0.010000,0.000002,0.010464,0.376053,1
7015,1,0.010000,0.000002,0.010464,0.376053,1
7016,1,0.010000,0.000002,0.010464,0.376053,1
7017,1,0.010000,0.000002,0.010464,0.376053,1
7018,1,0.010000,0.000002,0.010464,0.376053,1
7019,1,0.010000,0.000002,0.010464,0.376053,1
7020,1,0.010000,0.000002,0.010464,0.376053,1
7021,1,0.010000,0.000002,0.010464,0.376053,1
7022,1,0.010000,0.000002,0.010464,0.376053,1
7023,1,0.010000,0.000002,0.010464,0.376053,1
7024,1,0.010000,0.000002,0.010464,0.376053,1
7025,1,0.010000,0.000002,0.010464,0.376053,1
7026,1,0.010000,0.000002,0.010464,0.376053,1
7027,1,0.010000,0.000002,0.010464,0.376053,0
7028,1,0.010000,0.000002,0.010464,0.376053,1
7029,1,0.010000,0.000002,0.010464,0.376053,1
7030,1,0.010000,0.000002,0.010464,0.376053,1
7031,1,0.010000,0.000002,0.010464,0.376053,1
7032,1,0.010000,0.000002,0.010464,0.376053,1
7033,1,0.010000,0.000002,0.010464,0.376053,1
7034,1,0.010000,0.000002,0.010464,0.376053,1
7035,1,0.010000,0.000002,0.010464,0.376053,1
7036,1,0.010000,0.000002,0.010464,0.376053,1
7037,1,0.010000,0.000002,0.010464,0.376053,0
7038,1,0.010000,0.000002,0.010464,0.376053,1
7039,1,0.010000,0.000002,0.010464,0.376053,1
7040,1,0.010000,0.000002,0.010464,0.376053,1
7041,1,0.010000,0.000002,0.010464,0.376053,1
7042,1,0.010000,0.000002,0.010464,0.376053,1
7043,1,0.010000,0.000002,0.010464,0.376053,1
7044,1,0.010000,0.000002,0.010464,0.376053,1
7045,1,0.010000,0.000002,0.010464,0.376053,1
7046,1,0.010000,0.000002,0.010464,0.376053,1
7047,1,0.010000,0.000002,0.010464,0.376053,1
7048,1,0.010000,0.000002,0.010464,0.376053,1
7049,1,0.010000,0.000002,0.010464,0.376053,1
7050,1,0.010000,0.000002,0.010464,0.376053,1
7051,1,0.010000,0.000002,0.010464,0.376053,0
7052,1,0.010000,0.000002,0.010464,0.376053,1
7053,1,0.010000,0.000002,0.010464,0.376053,1
7054,1,0.010000,0.000002,0.010464,0.376053,1
7055,1,0.010000,0.000002,0.010464,0.376053,1
7056,1,0.010000,0.000002,0.010464,0.376053,1
7057,1,0.010000,0.000002,0.010464,0.376053,1
7058,1,0.010000,0.000002,0.010464,0.376053,1
7059,1,0.010000,0.000002,0.010464,0.376053,1
7060,1,0.010000,0.000002,0.010464,0.376053,0
7061,1,0.010000,0.000002,0.010464,0.376053,1
7062,1,0.010000,0.000002,0.010464,0.376053,1
7063,1,0.010000,0.000002,0.010464,0.376053,1
7064,1,0.010000,0.000002,0.010464,0.376053,1
7065,1,0.010000,0.000002,0.010464,0.376053,1
7066,1,0.010000,0.000002,0.010464,0.376053,1
7067,1,0.010000,0.000002,0.010464,0.376053,1
7068,1,0.010000,0.000002,0.010464,0.376053,1
7069,1,0.010000,0.000002,0.010464,0.376053,1
7070,1,0.010000,0.000002,0.010464,0.376053,1
7071,1,0.010000,0.000002,0.010464,0.376053,1
7072,1,0.010000,0.000002,0.010464,0.376053,1
7073,1,0.010000,0.000002,0.010464,0.376053,1
7074,1,0.010000,0.000002,0.010464,0.376053,1
7075,1,0.010000,0.000002,0.010464,0.376053,0
7076,1,0.010000,0.000002,0.010464,0.376053,1
7077,1,0.010000,0.000002,0.010464,0.376053,1
7078,1,0.010000,0.000002,0.010464,0.376053,1
7079,1,0.010000,0.000002,0.010464,0.376053,1
7080,1,0.010000,0.000002,0.010464,0.376053,1
7081,1,0.010000,0.000002,0.010464,0.376053,1
7082,1,0.010000,0.000002,0.010464,0.376053,1
7083,1,0.010000,0.000002,0.010464,0.376053,0
7084,1,0.010000,0.000002,0.010464,0.376053,1
7085,1,0.010000,0.000002,0.010464,0.376053,1
7086,1,0.010000,0.000002,0.010464,0.376053,1
7087,1,0.010000,0.000002,0.010464,0.376053,1
7088,1,0.010000,0.000002,0.010464,0.376053,1
7089,1,0.010000,0.000002,0.010464,0.376053,1
7090,1,0.010000,0.000002,0.010464,0.376053,0
7091,1,0.010000,0.000002,0.010464,0.376052,1
7092,1,0.010000,0.000002,0.010464,0.376052,1
7093,1,0.010000,0.000002,0.010464,0.376052,1
7094,1,0.010000,0.000002,0.010464,0.376052,1
7095,1,0.010000,0.000002,0.010464,0.376052,1
7096,1,0.010000,0.000002,0.010464,0.376052,0
7097,1,0.010000,0.000002,0.010464,0.376052,1
7098,1,0.010000,0.000002,0.010464,0.376052,1
7099,1,0.010000,0.000002,0.010464,0.376052,1
7100,1,0.010000,0.000002,0.010464,0.376052,1
7101,1,0.010000,0.000002,0.010464,0.376052,1
7102,1,0.010000,0.000002,0.010464,0.376052,1
7103,1,0.010000,0.000002,0.010464,0.376052,1
7104,1,0.010000,0.000002,0.010464,0.376052,1
7105,1,0.010000,0.000002,0.010464,0.376052,1
7106,1,0.010000,0.000002,0.010464,0.376052,1
7107,1,0.010000,0.000002,0.010464,0.376052,1
7108,1,0.010000,0.000002,0.010464,0.376052,1
7109,1,0.010000,0.000002,0.010464,0.376052,1
7110,1,0.010000,0.000002,0.010464,0.376052,0
7111,1,0.010000,0.000002,0.010464,0.376052,0
7112,1,0.010000,0.000002,0.010464,0.376052,1
7113,1,0.010000,0.000002,0.010464,0.376052,0
7114,1,0.010000,0.000002,0.010464,0.376052,1
7115,1,0.010000,0.000002,0.010464,0.376052,0
7116,1,0.010000,0.000002,0.010464,0.376052,0
7117,1,0.010000,0.000002,0.010464,0.376052,1
7118,1,0.010000,0.000002,0.010464,0.376052,1
7119,1,0.010000,0.000002,0.010464,0.376052,0
7120,1,0.010000,0.000002,0.010464,0.376052,0
7121,1,0.010000,0.000002,0.010464,0.376052,1
7122,1,0.010000,0.000002,0.010464,0.376052,1
7123,1,0.010000,0.000002,0.010464,0.376052,1
7124,1,0.010000,0.000002,0.010464,0.376052,1
7125,1,0.010000,0.000002,0.010464,0.376052,1
7126,1,0.010000,0.000002,0.010464,0.376052,1
7127,1,0.010000,0.000002,0.010464,0.376052,1
7128,1,0.010000,0.000002,0.010464,0.376052,1
7129,1,0.010000,0.000002,0.010464,0.376052,1
7130,1,0.010000,0.000002,0.010464,0.376052,1
7131,1,0.010000,0.000002,0.010464,0.376052,1
7132,1,0.010000,0.000002,0.010464,0.376052,1
7133,1,0.010000,0.000002,0.010464,0.376052,1
7134,1,0.010000,0.000002,0.010464,0.376052,1
7135,1,0.010000,0.000002,0.010464,0.376052,1
7136,1,0.010000,0.000002,0.010464,0.376052,1
7137,1,0.010000,0.000002,0.010464,0.376052,1
7138,1,0.010000,0.000002,0.010464,0.376052,1
7139,1,0.010000,0.000002,0.010464,0.376052,1
7140,1,0.010000,0.000002,0.010464,0.376052,0
7141,1,0.010000,0.000002,0.010464,0.376052,1
7142,1,0.010000,0.000002,0.010464,0.376052,1
7143,1,0.010000,0.000002,0.010464,0.376052,1
7144,1,0.010000,0.000002,0.010464,0.376052,1
7145,1,0.010000,0.000002,0.010464,0.376052,1
7146,1,0.010000,0.000002,0.010464,0.376052,1
7147,1,0.010000,0.000002,0.010464,0.376052,1
7148,1,0.010000,0.000002,0.010464,0.376052,1
7149,1,0.010000,0.000002,0.010464,0.376052,1
7150,1,0.010000,0.000002,0.010464,0.376052,1
7151,1,0.010000,0.000002,0.010464,0.376052,1
7152,1,0.010000,0.000002,0.010464,0.376052,1
7153,1,0.010000,0.000002,0.010464,0.376052,1
7154,1,0.010000,0.000002,0.010464,0.376052,1
7155,1,0.010000,0.000002,0.010464,0.376052,1
7156,1,0.010000,0.000002,0.010464,0.376052,1
7157,1,0.010000,0.000002,0.010464,0.376052,1
7158,1,0.010000,0.000002,0.010464,0.376052,1
7159,1,0.010000,0.000002,0.010464,0.376052,1
7160,1,0.010000,0.000002,0.010464,0.376052,1
7161,1,0.010000,0.000002,0.010464,0.376052,1
7162,1,0.010000,0.000002,0.010464,0.376052,1
7163,1,0.010000,0.000002,0.010464,0.376052,1
7164,1,0.010000,0.000002,0.010464,0.376052,1
7165,1,0.010000,0.000002,0.010464,0.376052,1
7166,1,0.010000,0.000002,0.010464,0.376052,1
7167,1,0.010000,0.000002,0.010464,0.376052,1
7168,1,0.010000,0.000002,0.010464,0.376052,0
7169,1,0.010000,0.000002,0.010464,0.376052,1
7170,1,0.010000,0.000002,0.010464,0.376052,1
7171,1,0.010000,0.000002,0.010464,0.376052,1
7172,1,0.010000,0.000002,0.010464,0.376052,1
7173,1,0.010000,0.000002,0.010464,0.376052,1
7174,1,0.010000,0.000002,0.010464,0.376052,1
7175,1,0.010000,0.000002,0.010464,0.376052,0
7176,1,0.010000,0.000002,0.010464,0.376052,1
7177,1,0.010000,0.000002,0.010464,0.376052,1
7178,1,0.010000,0.000002,0.010464,0.376052,1
7179,1,0.010000,0.000002,0.010464,0.376052,0
7180,1,0.010000,0.000002,0.010464,0.376052,1
7181,1,0.010000,0.000002,0.010464,0.376052,1
7182,1,0.010000,0.000002,0.010464,0.376052,1
7183,1,0.010000,0.000002,0.010464,0.376052,1
7184,1,0.010000,0.000002,0.010464,0.376052,1
7185,1,0.010000,0.000002,0.010464,0.376052,1
7186,1,0.010000,0.000002,0.010464,0.376052,1
7187,1,0.010000,0.000002,0.010464,0.376052,1
7188,1,0.010000,0.000002,0.010464,0.376052,1
7189,1,0.010000,0.000002,0.010464,0.376052,1
7190,1,0.010000,0.000002,0.010464,0.376052,1
7191,1,0.010000,0.000002,0.010464,0.376052,1
7192,1,0.010000,0.000002,0.010464,0.376052,0
7193,1,0.010000,0.000002,0.010464,0.376052,1
7194,1,0.010000,0.000002,0.010464,0.376052,1
7195,1,0.010000,0.000002,0.010464,0.376052,1
7196,1,0.010000,0.000002,0.010464,0.376052,1
7197,1,0.010000,0.000002,0.010464,0.376052,0
7198,1,0.010000,0.000002,0.010464,0.376052,1
7199,1,0.010000,0.000002,0.010464,0.376052,1
7200,1,0.010000,0.000002,0.010464,0.376052,1
7201,1,0.010000,0.000002,0.010464,0.376051,0
7202,1,0.010000,0.000002,0.010464,0.376051,1
7203,1,0.010000,0.000002,0.010464,0.376051,1
7204,1,0.010000,0.000002,0.010464,0.376051,1
7205,1,0.010000,0.000002,0.010464,0.376051,1
7206,1,0.010000,0.000002,0.010464,0.376051,1
7207,1,0.010000,0.000002,0.010464,0.376051,1
7208,1,0.010000,0.000002,0.010464,0.376051,1
7209,1,0.010000,0.000002,0.010464,0.376051,1
7210,1,0.010000,0.000002,0.010464,0.376051,1
7211,1,0.010000,0.000002,0.010464,0.376051,0
7212,1,0.010000,0.000002,0.010464,0.376051,1
7213,1,0.010000,0.000002,0.010464,0.376051,0
7214,1,0.010000,0.000002,0.010464,0.376051,1
7215,1,0.010000,0.000002,0.010464,0.376051,1
7216,1,0.010000,0.000002,0.010464,0.376051,1
7217,1,0.010000,0.000002,0.010464,0.376051,1
7218,1,0.010000,0.000002,0.010464,0.376051,1
7219,1,0.010000,0.000002,0.010464,0.376051,1
7220,1,0.010000,0.000002,0.010464,0.376051,1
7221,1,0.010000,0.000002,0.010464,0.376051,1
7222,1,0.010000,0.000002,0.010464,0.376051,1
7223,1,0.010000,0.000002,0.010464,0.376051,0
7224,1,0.010000,0.000002,0.010464,0.376051,1
7225,1,0.010000,0.000002,0.010464,0.376051,1
7226,1,0.010000,0.000002,0.010464,0.376051,1
7227,1,0.010000,0.000002,0.010464,0.376051,1
7228,1,0.010000,0.000002,0.010464,0.376051,0
7229,1,0.010000,0.000002,0.010464,0.376051,1
7230,1,0.010000,0.000002,0.010464,0.376051,0
7231,1,0.010000,0.000002,0.010464,0.376051,1
7232,1,0.010000,0.000002,0.010464,0.376051,0
7233,1,0.010000,0.000002,0.010464,0.376051,1
7234,1,0.010000,0.000002,0.010464,0.376051,1
7235,1,0.010000,0.000002,0.010464,0.376051,1
7236,1,0.010000,0.000002,0.010464,0.376051,1
7237,1,0.010000,0.000002,0.010464,0.376051,1
7238,1,0.010000,0.000002,0.010464,0.376051,1
7239,1,0.010000,0.000002,0.010464,0.376051,1
7240,1,0.010000,0.000002,0.010464,0.376051,1
7241,1,0.010000,0.000002,0.010464,0.376051,0
7242,1,0.010000,0.000002,0.010464,0.376051,1
7243,1,0.010000,0.000002,0.010464,0.376051,1
7244,1,0.010000,0.000002,0.010464,0.376051,1
7245,1,0.010000,0.000002,0.010464,0.376051,1
7246,1,0.010000,0.000002,0.010464,0.376051,0
7247,1,0.010000,0.000002,0.010464,0.376051,1
7248,1,0.010000,0.000002,0.010464,0.376051,1
7249,1,0.010000,0.000002,0.010464,0.376051,1
7250,1,0.010000,0.000002,0.010464,0.376051,1
7251,1,0.010000,0.000002,0.010464,0.376051,1
7252,1,0.010000,0.000002,0.010464,0.376051,1
7253,1,0.010000,0.000002,0.010464,0.376051,1
7254,1,0.010000,0.000002,0.010464,0.376051,1
7255,1,0.010000,0.000002,0.010464,0.376051,1
7256,1,0.010000,0.000002,0.010464,0.376051,1
7257,1,0.010000,0.000002,0.010464,0.376051,1
7258,1,0.010000,0.000002,0.010464,0.376051,1
7259,1,0.010000,0.000002,0.010464,0.376051,1
7260,1,0.010000,0.000002,0.010464,0.376051,1
7261,1,0.010000,0.000002,0.010464,0.376051,1
7262,1,0.010000,0.000002,0.010464,0.376051,1
7263,1,0.010000,0.000002,0.010464,0.376051,1
7264,1,0.010000,0.000002,0.010464,0.376051,1
7265,1,0.010000,0.000002,0.010464,0.376051,1
7266,1,0.010000,0.000002,0.010464,0.376051,1
7267,1,0.010000,0.000002,0.010464,0.376051,0
7268,1,0.010000,0.000002,0.010464,0.376051,1
7269,1,0.010000,0.000002,0.010464,0.376051,1
7270,1,0.010000,0.000002,0.010464,0.376051,1
7271,1,0.010000,0.000002,0.010464,0.376051,1
7272,1,0.010000,0.000002,0.010464,0.376051,1
7273,1,0.010000,0.000002,0.010464,0.376051,1
7274,1,0.010000,0.000002,0.010464,0.376051,1
7275,1,0.010000,0.000002,0.010464,0.376051,1
7276,1,0.010000,0.000002,0.010464,0.376051,1
7277,1,0.010000,0.000002,0.010464,0.376051,1
7278,1,0.010000,0.000002,0.010464,0.376051,1
7279,1,0.010000,0.000002,0.010464,0.376051,1
7280,1,0.010000,0.000002,0.010464,0.376051,1
7281,1,0.010000,0.000002,0.010464,0.376051,1
7282,1,0.010000,0.000002,0.010464,0.376051,1
7283,1,0.010000,0.000002,0.010464,0.376051,0
7284,1,0.010000,0.000002,0.010464,0.376051,1
7285,1,0.010000,0.000002,0.010464,0.376051,0
7286,1,0.010000,0.000002,0.010464,0.376051,1
7287,1,0.010000,0.000002,0.010464,0.376051,1
7288,1,0.010000,0.000002,0.010464,0.376051,1
7289,1,0.010000,0.000002,0.010464,0.376051,1
7290,1,0.010000,0.000002,0.010464,0.376051,1
7291,1,0.010000,0.000002,0.010464,0.376051,0
7292,1,0.010000,0.000002,0.010464,0.376051,1
7293,1,0.010000,0.000002,0.010464,0.376051,1
7294,1,0.010000,0.000002,0.010464,0.376051,1
7295,1,0.010000,0.000002,0.010464,0.376051,1
7296,1,0.010000,0.000002,0.010464,0.376051,0
7297,1,0.010000,0.000002,0.010464,0.376051,1
7298,1,0.010000,0.000002,0.010464,0.376051,1
7299,1,0.010000,0.000002,0.010464,0.376051,1
7300,1,0.010000,0.000002,0.010464,0.376051,1
7301,1,0.010000,0.000002,0.010464,0.376051,0
7302,1,0.010000,0.000002,0.010464,0.376051,1
7303,1,0.010000,0.000002,0.010464,0.376051,1
7304,1,0.010000,0.000002,0.010464,0.376051,1
7305,1,0.010000,0.000002,0.010464,0.376051,1
7306,1,0.010000,0.000002,0.010464,0.376051,1
7307,1,0.010000,0.000002,0.010464,0.376051,0
7308,1,0.010000,0.000002,0.010464,0.376051,0
7309,1,0.010000,0.000002,0.010464,0.376051,1
7310,1,0.010000,0.000002,0.010464,0.376051,1
7311,1,0.010000,0.000002,0.010464,0.376051,1
7312,1,0.010000,0.000002,0.010464,0.376051,1
7313,1,0.010000,0.000002,0.010464,0.376051,1
7314,1,0.010000,0.000002,0.010464,0.376051,0
7315,1,0.010000,0.000002,0.010464,0.376051,1
7316,1,0.010000,0.000002,0.010464,0.376051,0
7317,1,0.010000,0.000002,0.010464,0.376051,1
7318,1,0.010000,0.000002,0.010464,0.376050,1
7319,1,0.010000,0.000002,0.010464,0.376050,1
7320,1,0.010000,0.000002,0.010464,0.376050,1
7321,1,0.010000,0.000002,0.010464,0.376050,1
7322,1,0.010000,0.000002,0.010464,0.376050,1
7323,1,0.010000,0.000002,0.010464,0.376050,1
7324,1,0.010000,0.000002,0.010464,0.376050,1
7325,1,0.010000,0.000002,0.010464,0.376050,1
7326,1,0.010000,0.000002,0.010464,0.376050,1
7327,1,0.010000,0.000002,0.010464,0.376050,0
7328,1,0.010000,0.000002,0.010464,0.376050,0
7329,1,0.010000,0.000002,0.010464,0.376050,1
7330,1,0.010000,0.000002,0.010464,0.376050,0
7331,1,0.010000,0.000002,0.010464,0.376050,1
7332,1,0.010000,0.000002,0.010464,0.376050,0
7333,1,0.010000,0.000002,0.010464,0.376050,1
7334,1,0.010000,0.000002,0.010464,0.376050,0
7335,1,0.010000,0.000002,0.010464,0.376050,1
7336,1,0.010000,0.000002,0.010464,0.376050,1
7337,1,0.010000,0.000002,0.010464,0.376050,1
7338,1,0.010000,0.000002,0.010464,0.376050,1
7339,1,0.010000,0.000002,0.010464,0.376050,1
7340,1,0.010000,0.000002,0.010464,0.376050,1
7341,1,0.010000,0.000002,0.010464,0.376050,1
7342,1,0.010000,0.000002,0.010464,0.376050,0
7343,1,0.010000,0.000002,0.010464,0.376050,1
7344,1,0.010000,0.000002,0.010464,0.376050,1
7345,1,0.010000,0.000002,0.010464,0.376050,0
7346,1,0.010000,0.000002,0.010464,0.376050,1
7347,1,0.010000,0.000002,0.010464,0.376050,1
7348,1,0.010000,0.000002,0.010464,0.376050,1
7349,1,0.010000,0.000002,0.010464,0.376050,0
7350,1,0.010000,0.000002,0.010464,0.376050,0
7351,1,0.010000,0.000002,0.010464,0.376050,0
7352,1,0.010000,0.000002,0.010464,0.376050,1
7353,1,0.010000,0.000002,0.010464,0.376050,1
7354,1,0.010000,0.000002,0.010464,0.376050,1
7355,1,0.010000,0.000002,0.010464,0.376050,1
7356,1,0.010000,0.000002,0.010464,0.376050,1
7357,1,0.010000,0.000002,0.010464,0.376050,0
7358,1,0.010000,0.000002,0.010464,0.376050,1
7359,1,0.010000,0.000002,0.010464,0.376050,1
7360,1,0.010000,0.000002,0.010464,0.376050,1
7361,1,0.010000,0.000002,0.010464,0.376050,1
7362,1,0.010000,0.000002,0.010464,0.376050,1
7363,1,0.010000,0.000002,0.010464,0.376050,1
7364,1,0.010000,0.000002,0.010464,0.376050,1
7365,1,0.010000,0.000002,0.010464,0.376050,1
7366,1,0.010000,0.000002,0.010464,0.376050,1
7367,1,0.010000,0.000002,0.010464,0.376050,1
7368,1,0.010000,0.000002,0.010464,0.376050,1
7369,1,0.010000,0.000002,0.010464,0.376050,1
7370,1,0.010000,0.000002,0.010464,0.376050,1
7371,1,0.010000,0.000002,0.010464,0.376050,1
7372,1,0.010000,0.000002,0.010464,0.376050,1
7373,1,0.010000,0.000002,0.010464,0.376050,1
7374,1,0.010000,0.000002,0.010464,0.376050,1
7375,1,0.010000,0.000002,0.010464,0.376050,1
7376,1,0.010000,0.000002,0.010464,0.376050,1
7377,1,0.010000,0.000002,0.010464,0.376050,1
7378,1,0.010000,0.000002,0.010464,0.376050,1
7379,1,0.010000,0.000002,0.010464,0.376050,1
7380,1,0.010000,0.000002,0.010464,0.376050,1
7381,1,0.010000,0.000002,0.010464,0.376050,1
7382,1,0.010000,0.000002,0.010464,0.376050,1
7383,1,0.010000,0.000002,0.010464,0.376050,1
7384,1,0.010000,0.000002,0.010464,0.376050,1
7385,1,0.010000,0.000002,0.010464,0.376050,1
7386,1,0.010000,0.000002,0.010464,0.376050,1
7387,1,0.010000,0.000002,0.010464,0.376050,1
7388,1,0.010000,0.000002,0.010464,0.376050,1
7389,1,0.010000,0.000002,0.010464,0.376050,1
7390,1,0.010000,0.000002,0.010464,0.376050,1
7391,1,0.010000,0.000002,0.010464,0.376050,1
7392,1,0.010000,0.000002,0.010464,0.376050,1
7393,1,0.010000,0.000002,0.010464,0.376050,1
7394,1,0.010000,0.000002,0.010464,0.376050,0
7395,1,0.010000,0.000002,0.010464,0.376050,0
7396,1,0.010000,0.000002,0.010464,0.376050,1
7397,1,0.010000,0.000002,0.010464,0.376050,1
7398,1,0.010000,0.000002,0.010464,0.376050,1
7399,1,0.010000,0.000002,0.010464,0.376050,1
7400,1,0.010000,0.000002,0.010464,0.376050,1
7401,1,0.010000,0.000002,0.010464,0.376050,1
7402,1,0.010000,0.000002,0.010464,0.376050,1
7403,1,0.010000,0.000002,0.010464,0.376050,1
7404,1,0.010000,0.000002,0.010464,0.376050,0
7405,1,0.010000,0.000002,0.010464,0.376050,1
7406,1,0.010000,0.000002,0.010464,0.376050,1
7407,1,0.010000,0.000002,0.010464,0.376050,1
7408,1,0.010000,0.000002,0.010464,0.376050,1
7409,1,0.010000,0.000002,0.010464,0.376050,1
7410,1,0.010000,0.000002,0.010464,0.376050,1
7411,1,0.010000,0.000002,0.010464,0.376050,1
7412,1,0.010000,0.000002,0.010464,0.376050,1
7413,1,0.010000,0.000002,0.010464,0.376050,1
7414,1,0.010000,0.000002,0.010464,0.376050,1
7415,1,0.010000,0.000002,0.010464,0.376050,0
7416,1,0.010000,0.000002,0.010464,0.376050,0
7417,1,0.010000,0.000002,0.010464,0.376050,1
7418,1,0.010000,0.000002,0.010464,0.376050,1
7419,1,0.010000,0.000002,0.010464,0.376050,1
7420,1,0.010000,0.000002,0.010464,0.376050,1
7421,1,0.010000,0.000002,0.010464,0.376050,1
7422,1,0.010000,0.000002,0.010464,0.376050,1
7423,1,0.010000,0.000002,0.010464,0.376050,1
7424,1,0.010000,0.000002,0.010464,0.376050,1
7425,1,0.010000,0.000002,0.010464,0.376050,1
7426,1,0.010000,0.000002,0.010464,0.376050,1
7427,1,0.010000,0.000002,0.010464,0.376050,1
7428,1,0.010000,0.000002,0.010464,0.376050,1
7429,1,0.010000,0.000002,0.010464,0.376050,0
7430,1,0.010000,0.000002,0.010464,0.376050,1
7431,1,0.010000,0.000002,0.010464,0.376050,1
7432,1,0.010000,0.000002,0.010464,0.376050,1
7433,1,0.010000,0.000002,0.010464,0.376050,1
7434,1,0.010000,0.000002,0.010464,0.376050,1
7435,1,0.010000,0.000002,0.010464,0.376050,1
7436,1,0.010000,0.000002,0.010464,0.376050,1
7437,1,0.010000,0.000002,0.010464,0.376050,1
7438,1,0.010000,0.000002,0.010464,0.376050,1
7439,1,0.010000,0.000002,0.010464,0.376050,1
7440,1,0.010000,0.000002,0.010464,0.376050,1
7441,1,0.010000,0.000002,0.010464,0.376050,1
7442,1,0.010000,0.000002,0.010464,0.376050,1
7443,1,0.010000,0.000002,0.010464,0.376049,1
7444,1,0.010000,0.000002,0.010464,0.376049,0
7445,1,0.010000,0.000002,0.010464,0.376049,0
7446,1,0.010000,0.000002,0.010464,0.376049,1
7447,1,0.010000,0.000002,0.010464,0.376049,1
7448,1,0.010000,0.000002,0.010464,0.376049,1
7449,1,0.010000,0.000002,0.010464,0.376049,1
7450,1,0.010000,0.000002,0.010464,0.376049,1
7451,1,0.010000,0.000002,0.010464,0.376049,0
7452,1,0.010000,0.000002,0.010464,0.376049,1
7453,1,0.010000,0.000002,0.010464,0.376049,1
7454,1,0.010000,0.000002,0.010464,0.376049,1
7455,1,0.010000,0.000002,0.010464,0.376049,1
7456,1,0.010000,0.000002,0.010464,0.376049,1
7457,1,0.010000,0.000002,0.010464,0.376049,1
7458,1,0.010000,0.000002,0.010464,0.376049,1
7459,1,0.010000,0.000002,0.010464,0.376049,1
7460,1,0.010000,0.000002,0.010464,0.376049,1
7461,1,0.010000,0.000002,0.010464,0.376049,0
7462,1,0.010000,0.000002,0.010464,0.376049,1
7463,1,0.010000,0.000002,0.010464,0.376049,1
7464,1,0.010000,0.000002,0.010464,0.376049,1
7465,1,0.010000,0.000002,0.010464,0.376049,1
7466,1,0.010000,0.000002,0.010464,0.376049,0
7467,1,0.010000,0.000002,0.010464,0.376049,1
7468,1,0.010000,0.000002,0.010464,0.376049,1
7469,1,0.010000,0.000002,0.010464,0.376049,1
7470,1,0.010000,0.000002,0.010464,0.376049,1
7471,1,0.010000,0.000002,0.010464,0.376049,1
7472,1,0.010000,0.000002,0.010464,0.376049,1
7473,1,0.010000,0.000002,0.010464,0.376049,1
7474,1,0.010000,0.000002,0.010464,0.376049,1
7475,1,0.010000,0.000002,0.010464,0.376049,1
7476,1,0.010000,0.000002,0.010464,0.376049,1
7477,1,0.010000,0.000002,0.010464,0.376049,1
7478,1,0.010000,0.000002,0.010464,0.376049,1
7479,1,0.010000,0.000002,0.010464,0.376049,1
7480,1,0.010000,0.000002,0.010464,0.376049,1
7481,1,0.010000,0.000002,0.010464,0.376049,0
7482,1,0.010000,0.000002,0.010464,0.376049,1
7483,1,0.010000,0.000002,0.010464,0.376049,1
7484,1,0.010000,0.000002,0.010464,0.376049,0
7485,1,0.010000,0.000002,0.010464,0.376049,1
7486,1,0.010000,0.000002,0.010464,0.376049,1
7487,1,0.010000,0.000002,0.010464,0.376049,1
7488,1,0.010000,0.000002,0.010464,0.376049,1
7489,1,0.010000,0.000002,0.010464,0.376049,0
7490,1,0.010000,0.000002,0.010464,0.376049,1
7491,1,0.010000,0.000002,0.010464,0.376049,1
7492,1,0.010000,0.000002,0.010464,0.376049,1
7493,1,0.010000,0.000002,0.010464,0.376049,1
7494,1,0.010000,0.000002,0.010464,0.376049,1
7495,1,0.010000,0.000002,0.010464,0.376049,1
7496,1,0.010000,0.000002,0.010464,0.376049,1
7497,1,0.010000,0.000002,0.010464,0.376049,1
7498,1,0.010000,0.000002,0.010464,0.376049,1
7499,1,0.010000,0.000002,0.010464,0.376049,0
7500,1,0.010000,0.000002,0.010464,0.376049,1
7501,1,0.010000,0.000002,0.010464,0.376049,1
7502,1,0.010000,0.000002,0.010464,0.376049,1
7503,1,0.010000,0.000002,0.010464,0.376049,1
7504,1,0.010000,0.000002,0.010464,0.376049,0
7505,1,0.010000,0.000002,0.010464,0.376049,0
7506,1,0.010000,0.000002,0.010464,0.376049,1
7507,1,0.010000,0.000002,0.010464,0.376049,1
7508,1,0.010000,0.000002,0.010464,0.376049,0
7509,1,0.010000,0.000002,0.010464,0.376049,0
7510,1,0.010000,0.000002,0.010464,0.376049,1
7511,1,0.010000,0.000002,0.010464,0.376049,1
7512,1,0.010000,0.000002,0.010464,0.376049,1
7513,1,0.010000,0.000002,0.010464,0.376049,1
7514,1,0.010000,0.000002,0.010464,0.376049,1
7515,1,0.010000,0.000002,0.010464,0.376049,1
7516,1,0.010000,0.000002,0.010464,0.376049,1
7517,1,0.010000,0.000002,0.010464,0.376049,1
7518,1,0.010000,0.000002,0.010464,0.376049,0
7519,1,0.010000,0.000002,0.010464,0.376049,1
7520,1,0.010000,0.000002,0.010464,0.376049,1
7521,1,0.010000,0.000002,0.010464,0.376049,1
7522,1,0.010000,0.000002,0.010464,0.376049,0
7523,1,0.010000,0.000002,0.010464,0.376049,1
7524,1,0.010000,0.000002,0.010464,0.376049,1
7525,1,0.010000,0.000002,0.010464,0.376049,1
7526,1,0.010000,0.000002,0.010464,0.376049,1
7527,1,0.010000,0.000002,0.010464,0.376049,1
7528,1,0.010000,0.000002,0.010464,0.376049,1
7529,1,0.010000,0.000002,0.010464,0.376049,1
7530,1,0.010000,0.000002,0.010464,0.376049,1
7531,1,0.010000,0.000002,0.010464,0.376049,1
7532,1,0.010000,0.000002,0.010464,0.376049,1
7533,1,0.010000,0.000002,0.010464,0.376049,1
7534,1,0.010000,0.000002,0.010464,0.376049,1
7535,1,0.010000,0.000002,0.010464,0.376049,0
7536,1,0.010000,0.000002,0.010464,0.376049,1
7537,1,0.010000,0.000002,0.010464,0.376049,1
7538,1,0.010000,0.000002,0.010464,0.376049,1
7539,1,0.010000,0.000002,0.010464,0.376049,1
7540,1,0.010000,0.000002,0.010464,0.376049,1
7541,1,0.010000,0.000002,0.010464,0.376049,1
7542,1,0.010000,0.000002,0.010464,0.376049,1
7543,1,0.010000,0.000002,0.010464,0.376049,1
7544,1,0.010000,0.000002,0.010464,0.376049,1
7545,1,0.010000,0.000002,0.010464,0.376049,1
7546,1,0.010000,0.000002,0.010464,0.376049,1
7547,1,0.010000,0.000002,0.010464,0.376049,1
7548,1,0.010000,0.000002,0.010464,0.376049,1
7549,1,0.010000,0.000002,0.010464,0.376049,1
7550,1,0.010000,0.000002,0.010464,0.376049,1
7551,1,0.010000,0.000002,0.010464,0.376049,0
7552,1,0.010000,0.000002,0.010464,0.376049,1
7553,1,0.010000,0.000002,0.010464,0.376049,1
7554,1,0.010000,0.000002,0.010464,0.376049,1
7555,1,0.010000,0.000002,0.010464,0.376049,1
7556,1,0.010000,0.000002,0.010464,0.376049,1
7557,1,0.010000,0.000002,0.010464,0.376049,1
7558,1,0.010000,0.000002,0.010464,0.376049,1
7559,1,0.010000,0.000002,0.010464,0.376049,1
7560,1,0.010000,0.000002,0.010464,0.376049,0
7561,1,0.010000,0.000002,0.010464,0.376049,0
7562,1,0.010000,0.000002,0.010464,0.376049,1
7563,1,0.010000,0.000002,0.010464,0.376049,1
7564,1,0.010000,0.000002,0.010464,0.376049,1
7565,1,0.010000,0.000002,0.010464,0.376049,1
7566,1,0.010000,0.000002,0.010464,0.376049,1
7567,1,0.010000,0.000002,0.010464,0.376049,1
7568,1,0.010000,0.000002,0.010464,0.376049,1
7569,1,0.010000,0.000002,0.010464,0.376049,0
7570,1,0.010000,0.000002,0.010464,0.376049,1
7571,1,0.010000,0.000002,0.010464,0.376049,1
7572,1,0.010000,0.000002,0.010464,0.376049,1
7573,1,0.010000,0.000002,0.010464,0.376049,1
7574,1,0.010000,0.000002,0.010464,0.376049,1
7575,1,0.010000,0.000002,0.010464,0.376049,1
7576,1,0.010000,0.000002,0.010464,0.376048,1
7577,1,0.010000,0.000002,0.010464,0.376048,1
7578,1,0.010000,0.000002,0.010464,0.376048,1
7579,1,0.010000,0.000002,0.010464,0.376048,0
7580,1,0.010000,0.000002,0.010464,0.376048,1
7581,1,0.010000,0.000002,0.010464,0.376048,1
7582,1,0.010000,0.000002,0.010464,0.376048,1
7583,1,0.010000,0.000002,0.010464,0.376048,1
7584,1,0.010000,0.000002,0.010464,0.376048,1
7585,1,0.010000,0.000002,0.010464,0.376048,1
7586,1,0.010000,0.000002,0.010464,0.376048,1
7587,1,0.010000,0.000002,0.010464,0.376048,1
7588,1,0.010000,0.000002,0.010464,0.376048,0
7589,1,0.010000,0.000002,0.010464,0.376048,1
7590,1,0.010000,0.000002,0.010464,0.376048,1
7591,1,0.010000,0.000002,0.010464,0.376048,1
7592,1,0.010000,0.000002,0.010464,0.376048,1
7593,1,0.010000,0.000002,0.010464,0.376048,1
7594,1,0.010000,0.000002,0.010464,0.376048,1
7595,1,0.010000,0.000002,0.010464,0.376048,1
7596,1,0.010000,0.000002,0.010464,0.376048,1
7597,1,0.010000,0.000002,0.010464,0.376048,1
7598,1,0.010000,0.000002,0.010464,0.376048,1
7599,1,0.010000,0.000002,0.010464,0.376048,1
7600,1,0.010000,0.000002,0.010464,0.376048,1
7601,1,0.010000,0.000002,0.010464,0.376048,1
7602,1,0.010000,0.000002,0.010464,0.376048,1
7603,1,0.010000,0.000002,0.010464,0.376048,0
7604,1,0.010000,0.000002,0.010464,0.376048,0
7605,1,0.010000,0.000002,0.010464,0.376048,1
7606,1,0.010000,0.000002,0.010464,0.376048,1
7607,1,0.010000,0.000002,0.010464,0.376048,1
7608,1,0.010000,0.000002,0.010464,0.376048,1
7609,1,0.010000,0.000002,0.010464,0.376048,1
7610,1,0.010000,0.000002,0.010464,0.376048,0
7611,1,0.010000,0.000002,0.010464,0.376048,1
7612,1,0.010000,0.000002,0.010464,0.376048,1
7613,1,0.010000,0.000002,0.010464,0.376048,1
7614,1,0.010000,0.000002,0.010464,0.376048,1
7615,1,0.010000,0.000002,0.010464,0.376048,1
7616,1,0.010000,0.000002,0.010464,0.376048,1
7617,1,0.010000,0.000002,0.010464,0.376048,1
7618,1,0.010000,0.000002,0.010464,0.376048,1
7619,1,0.010000,0.000002,0.010464,0.376048,1
7620,1,0.010000,0.000002,0.010464,0.376048,1
7621,1,0.010000,0.000002,0.010464,0.376048,0
7622,1,0.010000,0.000002,0.010464,0.376048,0
7623,1,0.010000,0.000002,0.010464,0.376048,1
7624,1,0.010000,0.000002,0.010464,0.376048,1
7625,1,0.010000,0.000002,0.010464,0.376048,1
7626,1,0.010000,0.000002,0.010464,0.376048,1
7627,1,0.010000,0.000002,0.010464,0.376048,1
7628,1,0.010000,0.000002,0.010464,0.376048,1
7629,1,0.010000,0.000002,0.010464,0.376048,1
7630,1,0.010000,0.000002,0.010464,0.376048,0
7631,1,0.010000,0.000002,0.010464,0.376048,1
7632,1,0.010000,0.000002,0.010464,0.376048,0
7633,1,0.010000,0.000002,0.010464,0.376048,1
7634,1,0.010000,0.000002,0.010464,0.376048,1
7635,1,0.010000,0.000002,0.010464,0.376048,1
7636,1,0.010000,0.000002,0.010464,0.376048,1
7637,1,0.010000,0.000002,0.010464,0.376048,1
7638,1,0.010000,0.000002,0.010464,0.376048,1
7639,1,0.010000,0.000002,0.010464,0.376048,1
7640,1,0.010000,0.000002,0.010464,0.376048,1
7641,1,0.010000,0.000002,0.010464,0.376048,1
7642,1,0.010000,0.000002,0.010464,0.376048,1
7643,1,0.010000,0.000002,0.010464,0.376048,0
7644,1,0.010000,0.000002,0.010464,0.376048,1
7645,1,0.010000,0.000002,0.010464,0.376048,1
7646,1,0.010000,0.000002,0.010464,0.376048,0
7647,1,0.010000,0.000002,0.010464,0.376048,1
7648,1,0.010000,0.000002,0.010464,0.376048,1
7649,1,0.010000,0.000002,0.010464,0.376048,1
7650,1,0.010000,0.000002,0.010464,0.376048,0
7651,1,0.010000,0.000002,0.010464,0.376048,1
7652,1,0.010000,0.000002,0.010464,0.376048,1
7653,1,0.010000,0.000002,0.010464,0.376048,1
7654,1,0.010000,0.000002,0.010464,0.376048,1
7655,1,0.010000,0.000002,0.010464,0.376048,0
7656,1,0.010000,0.000002,0.010464,0.376048,1
7657,1,0.010000,0.000002,0.010464,0.376048,0
7658,1,0.010000,0.000002,0.010464,0.376048,0
7659,1,0.010000,0.000002,0.010464,0.376048,0
7660,1,0.010000,0.000002,0.010464,0.376048,1
7661,1,0.010000,0.000002,0.010464,0.376048,1
7662,1,0.010000,0.000002,0.010464,0.376048,1
7663,1,0.010000,0.000002,0.010464,0.376048,1
7664,1,0.010000,0.000002,0.010464,0.376048,1
7665,1,0.010000,0.000002,0.010464,0.376048,1
7666,1,0.010000,0.000002,0.010464,0.376048,1
7667,1,0.010000,0.000002,0.010464,0.376048,1
7668,1,0.010000,0.000002,0.010464,0.376048,1
7669,1,0.010000,0.000002,0.010464,0.376048,1
7670,1,0.010000,0.000002,0.010464,0.376048,1
7671,1,0.010000,0.000002,0.010464,0.376048,1
7672,1,0.010000,0.000002,0.010464,0.376048,0
7673,1,0.010000,0.000002,0.010464,0.376048,1
7674,1,0.010000,0.000002,0.010464,0.376048,1
7675,1,0.010000,0.000002,0.010464,0.376048,1
7676,1,0.010000,0.000002,0.010464,0.376048,1
7677,1,0.010000,0.000002,0.010464,0.376048,1
7678,1,0.010000,0.000002,0.010464,0.376048,1
7679,1,0.010000,0.000002,0.010464,0.376048,1
7680,1,0.010000,0.000002,0.010464,0.376048,1
7681,1,0.010000,0.000002,0.010464,0.376048,1
7682,1,0.010000,0.000002,0.010464,0.376048,1
7683,1,0.010000,0.000002,0.010464,0.376048,1
7684,1,0.010000,0.000002,0.010464,0.376048,1
7685,1,0.010000,0.000002,0.010464,0.376048,1
7686,1,0.010000,0.000002,0.010464,0.376048,1
7687,1,0.010000,0.000002,0.010464,0.376048,0
7688,1,0.010000,0.000002,0.010464,0.376048,1
7689,1,0.010000,0.000002,0.010464,0.376048,1
7690,1,0.010000,0.000002,0.010464,0.376048,1
7691,1,0.010000,0.000002,0.010464,0.376048,1
7692,1,0.010000,0.000002,0.010464,0.376048,1
7693,1,0.010000,0.000002,0.010464,0.376048,1
7694,1,0.010000,0.000002,0.010464,0.376048,1
7695,1,0.010000,0.000002,0.010464,0.376048,1
7696,1,0.010000,0.000002,0.010464,0.376048,0
7697,1,0.010000,0.000002,0.010464,0.376048,1
7698,1,0.010000,0.000002,0.010464,0.376048,1
7699,1,0.010000,0.000002,0.010464,0.376048,1
7700,1,0.010000,0.000002,0.010464,0.376048,1
7701,1,0.010000,0.000002,0.010464,0.376048,1
7702,1,0.010000,0.000002,0.010464,0.376048,1
7703,1,0.010000,0.000002,0.010464,0.376048,1
7704,1,0.010000,0.000002,0.010464,0.376048,1
7705,1,0.010000,0.000002,0.010464,0.376048,1
7706,1,0.010000,0.000002,0.010464,0.376048,1
7707,1,0.010000,0.000002,0.010464,0.376048,1
7708,1,0.010000,0.000002,0.010464,0.376048,1
7709,1,0.010000,0.000002,0.010464,0.376048,1
7710,1,0.010000,0.000002,0.010464,0.376048,1
7711,1,0.010000,0.000002,0.010464,0.376048,1
7712,1,0.010000,0.000002,0.010464,0.376048,1
7713,1,0.010000,0.000002,0.010464,0.376048,1
7714,1,0.010000,0.000002,0.010464,0.376048,1
7715,1,0.010000,0.000002,0.010464,0.376048,1
7716,1,0.010000,0.000002,0.010464,0.376048,1
7717,1,0.010000,0.000002,0.010464,0.376048,0
7718,1,0.010000,0.000002,0.010464,0.376047,1
7719,1,0.010000,0.000002,0.010464,0.376047,1
7720,1,0.010000,0.000002,0.010464,0.376047,1
7721,1,0.010000,0.000002,0.010464,0.376047,1
7722,1,0.010000,0.000002,0.010464,0.376047,1
7723,1,0.010000,0.000002,0.010464,0.376047,1
7724,1,0.010000,0.000001,0.010464,0.376047,0
7725,1,0.010000,0.000001,0.010464,0.376047,0
7726,1,0.010000,0.000001,0.010464,0.376047,1
7727,1,0.010000,0.000001,0.010464,0.376047,1
7728,1,0.010000,0.000001,0.010464,0.376047,1
7729,1,0.010000,0.000001,0.010464,0.376047,1
7730,1,0.010000,0.000001,0.010464,0.376047,1
7731,1,0.010000,0.000001,0.010464,0.376047,0
7732,1,0.010000,0.000001,0.010464,0.376047,1
7733,1,0.010000,0.000001,0.010464,0.376047,1
7734,1,0.010000,0.000001,0.010464,0.376047,1
7735,1,0.010000,0.000001,0.010464,0.376047,1
7736,1,0.010000,0.000001,0.010464,0.376047,1
7737,1,0.010000,0.000001,0.010464,0.376047,1
7738,1,0.010000,0.000001,0.010464,0.376047,1
7739,1,0.010000,0.000001,0.010464,0.376047,0
7740,1,0.010000,0.000001,0.010464,0.376047,1
7741,1,0.010000,0.000001,0.010464,0.376047,1
7742,1,0.010000,0.000001,0.010464,0.376047,1
7743,1,0.010000,0.000001,0.010464,0.376047,1
7744,1,0.010000,0.000001,0.010464,0.376047,1
7745,1,0.010000,0.000001,0.010464,0.376047,1
7746,1,0.010000,0.000001,0.010464,0.376047,0
7747,1,0.010000,0.000001,0.010464,0.376047,0
7748,1,0.010000,0.000001,0.010464,0.376047,1
7749,1,0.010000,0.000001,0.010464,0.376047,1
7750,1,0.010000,0.000001,0.010464,0.376047,1
7751,1,0.010000,0.000001,0.010464,0.376047,1
7752,1,0.010000,0.000001,0.010464,0.376047,1
7753,1,0.010000,0.000001,0.010464,0.376047,1
7754,1,0.010000,0.000001,0.010464,0.376047,1
7755,1,0.010000,0.000001,0.010464,0.376047,1
7756,1,0.010000,0.000001,0.010464,0.376047,0
7757,1,0.010000,0.000001,0.010464,0.376047,1
7758,1,0.010000,0.000001,0.010464,0.376047,1
7759,1,0.010000,0.000001,0.010464,0.376047,1
7760,1,0.010000,0.000001,0.010464,0.376047,1
7761,1,0.010000,0.000001,0.010464,0.376047,1
7762,1,0.010000,0.000001,0.010464,0.376047,1
7763,1,0.010000,0.000001,0.010464,0.376047,1
7764,1,0.010000,0.000001,0.010464,0.376047,1
7765,1,0.010000,0.000001,0.010464,0.376047,1
7766,1,0.010000,0.000001,0.010464,0.376047,0
7767,1,0.010000,0.000001,0.010464,0.376047,1
7768,1,0.010000,0.000001,0.010464,0.376047,1
7769,1,0.010000,0.000001,0.010464,0.376047,1
7770,1,0.010000,0.000001,0.010464,0.376047,1
7771,1,0.010000,0.000001,0.010464,0.376047,0
7772,1,0.010000,0.000001,0.010464,0.376047,1
7773,1,0.010000,0.000001,0.010464,0.376047,1
7774,1,0.010000,0.000001,0.010464,0.376047,1
7775,1,0.010000,0.000001,0.010464,0.376047,1
7776,1,0.010000,0.000001,0.010464,0.376047,1
7777,1,0.010000,0.000001,0.010464,0.376047,0
7778,1,0.010000,0.000001,0.010464,0.376047,1
7779,1,0.010000,0.000001,0.010464,0.376047,0
7780,1,0.010000,0.000001,0.010464,0.376047,1
7781,1,0.010000,0.000001,0.010464,0.376047,0
7782,1,0.010000,0.000001,0.010464,0.376047,1
7783,1,0.010000,0.000001,0.010464,0.376047,1
7784,1,0.010000,0.000001,0.010464,0.376047,1
7785,1,0.010000,0.000001,0.010464,0.376047,1
7786,1,0.010000,0.000001,0.010464,0.376047,1
7787,1,0.010000,0.000001,0.010464,0.376047,1
7788,1,0.010000,0.000001,0.010464,0.376047,1
7789,1,0.010000,0.000001,0.010464,0.376047,1
7790,1,0.010000,0.000001,0.010464,0.376047,1
7791,1,0.010000,0.000001,0.010464,0.376047,0
7792,1,0.010000,0.000001,0.010464,0.376047,1
7793,1,0.010000,0.000001,0.010464,0.376047,1
7794,1,0.010000,0.000001,0.010464,0.376047,1
7795,1,0.010000,0.000001,0.010464,0.376047,1
7796,1,0.010000,0.000001,0.010464,0.376047,1
7797,1,0.010000,0.000001,0.010464,0.376047,0
7798,1,0.010000,0.000001,0.010464,0.376047,1
7799,1,0.010000,0.000001,0.010464,0.376047,1
7800,1,0.010000,0.000001,0.010464,0.376047,1
7801,1,0.010000,0.000001,0.010464,0.376047,1
7802,1,0.010000,0.000001,0.010464,0.376047,1
7803,1,0.010000,0.000001,0.010464,0.376047,1
7804,1,0.010000,0.000001,0.010464,0.376047,0
7805,1,0.010000,0.000001,0.010464,0.376047,1
7806,1,0.010000,0.000001,0.010464,0.376047,1
7807,1,0.010000,0.000001,0.010464,0.376047,0
7808,1,0.010000,0.000001,0.010464,0.376047,0
7809,1,0.010000,0.000001,0.010464,0.376047,1
7810,1,0.010000,0.000001,0.010464,0.376047,1
7811,1,0.010000,0.000001,0.010464,0.376047,0
7812,1,0.010000,0.000001,0.010464,0.376047,1
7813,1,0.010000,0.000001,0.010464,0.376047,1
7814,1,0.010000,0.000001,0.010464,0.376047,1
7815,1,0.010000,0.000001,0.010464,0.376047,0
7816,1,0.010000,0.000001,0.010464,0.376047,0
7817,1,0.010000,0.000001,0.010464,0.376047,1
7818,1,0.010000,0.000001,0.010464,0.376047,1
7819,1,0.010000,0.000001,0.010464,0.376047,1
7820,1,0.010000,0.000001,0.010464,0.376047,1
7821,1,0.010000,0.000001,0.010464,0.376047,1
7822,1,0.010000,0.000001,0.010464,0.376047,1
7823,1,0.010000,0.000001,0.010464,0.376047,1
7824,1,0.010000,0.000001,0.010464,0.376047,1
7825,1,0.010000,0.000001,0.010464,0.376047,1
7826,1,0.010000,0.000001,0.010464,0.376047,1
7827,1,0.010000,0.000001,0.010464,0.376047,0
7828,1,0.010000,0.000001,0.010464,0.376047,1
7829,1,0.010000,0.000001,0.010464,0.376047,1
7830,1,0.010000,0.000001,0.010464,0.376047,1
7831,1,0.010000,0.000001,0.010464,0.376047,1
7832,1,0.010000,0.000001,0.010464,0.376047,1
7833,1,0.010000,0.000001,0.010464,0.376047,1
7834,1,0.010000,0.000001,0.010464,0.376047,1
7835,1,0.010000,0.000001,0.010464,0.376047,1
7836,1,0.010000,0.000001,0.010464,0.376047,1
7837,1,0.010000,0.000001,0.010464,0.376047,1
7838,1,0.010000,0.000001,0.010464,0.376047,0
7839,1,0.010000,0.000001,0.010464,0.376047,1
7840,1,0.010000,0.000001,0.010464,0.376047,1
7841,1,0.010000,0.000001,0.010464,0.376047,1
7842,1,0.010000,0.000001,0.010464,0.376047,1
7843,1,0.010000,0.000001,0.010464,0.376047,1
7844,1,0.010000,0.000001,0.010464,0.376047,1
7845,1,0.010000,0.000001,0.010464,0.376047,1
7846,1,0.010000,0.000001,0.010464,0.376047,0
7847,1,0.010000,0.000001,0.010464,0.376047,1
7848,1,0.010000,0.000001,0.010464,0.376047,0
7849,1,0.010000,0.000001,0.010464,0.376047,1
7850,1,0.010000,0.000001,0.010464,0.376047,1
7851,1,0.010000,0.000001,0.010464,0.376047,1
7852,1,0.010000,0.000001,0.010464,0.376047,1
7853,1,0.010000,0.000001,0.010464,0.376047,1
7854,1,0.010000,0.000001,0.010464,0.376047,1
7855,1,0.010000,0.000001,0.010464,0.376047,1
7856,1,0.010000,0.000001,0.010464,0.376047,1
7857,1,0.010000,0.000001,0.010464,0.376047,1
7858,1,0.010000,0.000001,0.010464,0.376047,1
7859,1,0.010000,0.000001,0.010464,0.376047,1
7860,1,0.010000,0.000001,0.010464,0.376047,0
7861,1,0.010000,0.000001,0.010464,0.376047,1
7862,1,0.010000,0.000001,0.010464,0.376047,0
7863,1,0.010000,0.000001,0.010464,0.376047,1
7864,1,0.010000,0.000001,0.010464,0.376047,0
7865,1,0.010000,0.000001,0.010464,0.376047,1
7866,1,0.010000,0.000001,0.010464,0.376047,1
7867,1,0.010000,0.000001,0.010464,0.376047,1
7868,1,0.010000,0.000001,0.010464,0.376047,1
7869,1,0.010000,0.000001,0.010464,0.376047,1
7870,1,0.010000,0.000001,0.010464,0.376047,1
7871,1,0.010000,0.000001,0.010464,0.376046,1
7872,1,0.010000,0.000001,0.010464,0.376046,1
7873,1,0.010000,0.000001,0.010464,0.376046,0
7874,1,0.010000,0.000001,0.010464,0.376046,1
7875,1,0.010000,0.000001,0.010464,0.376046,1
7876,1,0.010000,0.000001,0.010464,0.376046,1
7877,1,0.010000,0.000001,0.010464,0.376046,1
7878,1,0.010000,0.000001,0.010464,0.376046,1
7879,1,0.010000,0.000001,0.010464,0.376046,1
7880,1,0.010000,0.000001,0.010464,0.376046,1
7881,1,0.010000,0.000001,0.010464,0.376046,1
7882,1,0.010000,0.000001,0.010464,0.376046,1
7883,1,0.010000,0.000001,0.010464,0.376046,1
7884,1,0.010000,0.000001,0.010464,0.376046,0
7885,1,0.010000,0.000001,0.010464,0.376046,1
7886,1,0.010000,0.000001,0.010464,0.376046,1
7887,1,0.010000,0.000001,0.010464,0.376046,1
7888,1,0.010000,0.000001,0.010464,0.376046,1
7889,1,0.010000,0.000001,0.010464,0.376046,0
7890,1,0.010000,0.000001,0.010464,0.376046,1
7891,1,0.010000,0.000001,0.010464,0.376046,0
7892,1,0.010000,0.000001,0.010464,0.376046,1
7893,1,0.010000,0.000001,0.010464,0.376046,1
7894,1,0.010000,0.000001,0.010464,0.376046,1
7895,1,0.010000,0.000001,0.010464,0.376046,1
7896,1,0.010000,0.000001,0.010464,0.376046,0
7897,1,0.010000,0.000001,0.010464,0.376046,1
7898,1,0.010000,0.000001,0.010464,0.376046,1
7899,1,0.010000,0.000001,0.010464,0.376046,1
7900,1,0.010000,0.000001,0.010464,0.376046,0
7901,1,0.010000,0.000001,0.010464,0.376046,1
7902,1,0.010000,0.000001,0.010464,0.376046,1
7903,1,0.010000,0.000001,0.010464,0.376046,0
7904,1,0.010000,0.000001,0.010464,0.376046,1
7905,1,0.010000,0.000001,0.010464,0.376046,1
7906,1,0.010000,0.000001,0.010464,0.376046,1
7907,1,0.010000,0.000001,0.010464,0.376046,1
7908,1,0.010000,0.000001,0.010464,0.376046,1
7909,1,0.010000,0.000001,0.010464,0.376046,1
7910,1,0.010000,0.000001,0.010464,0.376046,1
7911,1,0.010000,0.000001,0.010464,0.376046,1
7912,1,0.010000,0.000001,0.010464,0.376046,1
7913,1,0.010000,0.000001,0.010464,0.376046,1
7914,1,0.010000,0.000001,0.010464,0.376046,1
7915,1,0.010000,0.000001,0.010464,0.376046,1
7916,1,0.010000,0.000001,0.010464,0.376046,0
7917,1,0.010000,0.000001,0.010464,0.376046,1
7918,1,0.010000,0.000001,0.010464,0.376046,1
7919,1,0.010000,0.000001,0.010464,0.376046,1
7920,1,0.010000,0.000001,0.010464,0.376046,1
7921,1,0.010000,0.000001,0.010464,0.376046,1
7922,1,0.010000,0.000001,0.010464,0.376046,1
7923,1,0.010000,0.000001,0.010464,0.376046,1
7924,1,0.010000,0.000001,0.010464,0.376046,0
7925,1,0.010000,0.000001,0.010464,0.376046,1
7926,1,0.010000,0.000001,0.010464,0.376046,1
7927,1,0.010000,0.000001,0.010464,0.376046,1
7928,1,0.010000,0.000001,0.010464,0.376046,1
7929,1,0.010000,0.000001,0.010464,0.376046,0
7930,1,0.010000,0.000001,0.010464,0.376046,1
7931,1,0.010000,0.000001,0.010464,0.376046,0
7932,1,0.010000,0.000001,0.010464,0.376046,1
7933,1,0.010000,0.000001,0.010464,0.376046,1
7934,1,0.010000,0.000001,0.010464,0.376046,1
7935,1,0.010000,0.000001,0.010464,0.376046,0
7936,1,0.010000,0.000001,0.010464,0.376046,1
7937,1,0.010000,0.000001,0.010464,0.376046,1
7938,1,0.010000,0.000001,0.010464,0.376046,1
7939,1,0.010000,0.000001,0.010464,0.376046,1
7940,1,0.010000,0.000001,0.010464,0.376046,1
7941,1,0.010000,0.000001,0.010464,0.376046,1
7942,1,0.010000,0.000001,0.010464,0.376046,1
7943,1,0.010000,0.000001,0.010464,0.376046,1
7944,1,0.010000,0.000001,0.010464,0.376046,1
7945,1,0.010000,0.000001,0.010464,0.376046,1
7946,1,0.010000,0.000001,0.010464,0.376046,1
7947,1,0.010000,0.000001,0.010464,0.376046,1
7948,1,0.010000,0.000001,0.010464,0.376046,1
7949,1,0.010000,0.000001,0.010464,0.376046,1
7950,1,0.010000,0.000001,0.010464,0.376046,1
7951,1,0.010000,0.000001,0.010464,0.376046,1
7952,1,0.010000,0.000001,0.010464,0.376046,1
7953,1,0.010000,0.000001,0.010464,0.376046,1
7954,1,0.010000,0.000001,0.010464,0.376046,1
7955,1,0.010000,0.000001,0.010464,0.376046,1
7956,1,0.010000,0.000001,0.010464,0.376046,0
7957,1,0.010000,0.000001,0.010464,0.376046,1
7958,1,0.010000,0.000001,0.010464,0.376046,1
7959,1,0.010000,0.000001,0.010464,0.376046,0
7960,1,0.010000,0.000001,0.010464,0.376046,1
7961,1,0.010000,0.000001,0.010464,0.376046,1
7962,1,0.010000,0.000001,0.010464,0.376046,1
7963,1,0.010000,0.000001,0.010464,0.376046,1
7964,1,0.010000,0.000001,0.010464,0.376046,1
7965,1,0.010000,0.000001,0.010464,0.376046,1
7966,1,0.010000,0.000001,0.010464,0.376046,1
7967,1,0.010000,0.000001,0.010464,0.376046,1
7968,1,0.010000,0.000001,0.010464,0.376046,1
7969,1,0.010000,0.000001,0.010464,0.376046,1
7970,1,0.010000,0.000001,0.010464,0.376046,1
7971,1,0.010000,0.000001,0.010464,0.376046,1
7972,1,0.010000,0.000001,0.010464,0.376046,1
7973,1,0.010000,0.000001,0.010464,0.376046,1
7974,1,0.010000,0.000001,0.010464,0.376046,1
7975,1,0.010000,0.000001,0.010464,0.376046,1
7976,1,0.010000,0.000001,0.010464,0.376046,1
7977,1,0.010000,0.000001,0.010464,0.376046,1
7978,1,0.010000,0.000001,0.010464,0.376046,1
7979,1,0.010000,0.000001,0.010464,0.376046,1
7980,1,0.010000,0.000001,0.010464,0.376046,1
7981,1,0.010000,0.000001,0.010464,0.376046,1
7982,1,0.010000,0.000001,0.010464,0.376046,1
7983,1,0.010000,0.000001,0.010464,0.376046,1
7984,1,0.010000,0.000001,0.010464,0.376046,1
7985,1,0.010000,0.000001,0.010464,0.376046,1
7986,1,0.010000,0.000001,0.010464,0.376046,1
7987,1,0.010000,0.000001,0.010464,0.376046,1
7988,1,0.010000,0.000001,0.010464,0.376046,1
7989,1,0.010000,0.000001,0.010464,0.376046,1
7990,1,0.010000,0.000001,0.010464,0.376046,1
7991,1,0.010000,0.000001,0.010464,0.376046,1
7992,1,0.010000,0.000001,0.010464,0.376046,1
7993,1,0.010000,0.000001,0.010464,0.376046,1
7994,1,0.010000,0.000001,0.010464,0.376046,1
7995,1,0.010000,0.000001,0.010464,0.376046,1
7996,1,0.010000,0.000001,0.010464,0.376046,1
7997,1,0.010000,0.000001,0.010464,0.376046,1
7998,1,0.010000,0.000001,0.010464,0.376046,0
7999,1,0.010000,0.000001,0.010464,0.376046,1
8000,1,0.010000,0.000001,0.010464,0.376046,1
8001,1,0.010000,0.000001,0.010464,0.376046,1
8002,1,0.010000,0.000001,0.010464,0.376046,1
8003,1,0.010000,0.000001,0.010464,0.376046,1
8004,1,0.010000,0.000001,0.010464,0.376046,1
8005,1,0.010000,0.000001,0.010464,0.376046,0
8006,1,0.010000,0.000001,0.010464,0.376046,1
8007,1,0.010000,0.000001,0.010464,0.376046,1
8008,1,0.010000,0.000001,0.010464,0.376046,1
8009,1,0.010000,0.000001,0.010464,0.376046,1
8010,1,0.010000,0.000001,0.010464,0.376046,1
8011,1,0.010000,0.000001,0.010464,0.376046,1
8012,1,0.010000,0.000001,0.010464,0.376046,1
8013,1,0.010000,0.000001,0.010464,0.376046,1
8014,1,0.010000,0.000001,0.010464,0.376046,1
8015,1,0.010000,0.000001,0.010464,0.376046,1
8016,1,0.010000,0.000001,0.010464,0.376046,1
8017,1,0.010000,0.000001,0.010464,0.376046,1
8018,1,0.010000,0.000001,0.010464,0.376046,0
8019,1,0.010000,0.000001,0.010464,0.376046,1
8020,1,0.010000,0.000001,0.010464,0.376046,1
8021,1,0.010000,0.000001,0.010464,0.376046,1
8022,1,0.010000,0.000001,0.010464,0.376046,1
8023,1,0.010000,0.000001,0.010464,0.376046,1
8024,1,0.010000,0.000001,0.010464,0.376046,0
8025,1,0.010000,0.000001,0.010464,0.376046,1
8026,1,0.010000,0.000001,0.010464,0.376046,1
8027,1,0.010000,0.000001,0.010464,0.376046,1
8028,1,0.010000,0.000001,0.010464,0.376046,1
8029,1,0.010000,0.000001,0.010464,0.376046,1
8030,1,0.010000,0.000001,0.010464,0.376046,1
8031,1,0.010000,0.000001,0.010464,0.376046,1
8032,1,0.010000,0.000001,0.010464,0.376046,1
8033,1,0.010000,0.000001,0.010464,0.376046,1
8034,1,0.010000,0.000001,0.010464,0.376046,0
8035,1,0.010000,0.000001,0.010464,0.376046,1
8036,1,0.010000,0.000001,0.010464,0.376045,1
8037,1,0.010000,0.000001,0.010464,0.376045,1
8038,1,0.010000,0.000001,0.010464,0.376045,0
8039,1,0.010000,0.000001,0.010464,0.376045,1
8040,1,0.010000,0.000001,0.010464,0.376045,1
8041,1,0.010000,0.000001,0.010464,0.376045,1
8042,1,0.010000,0.000001,0.010464,0.376045,1
8043,1,0.010000,0.000001,0.010464,0.376045,1
8044,1,0.010000,0.000001,0.010464,0.376045,1
8045,1,0.010000,0.000001,0.010464,0.376045,1
8046,1,0.010000,0.000001,0.010464,0.376045,0
8047,1,0.010000,0.000001,0.010464,0.376045,1
8048,1,0.010000,0.000001,0.010464,0.376045,1
8049,1,0.010000,0.000001,0.010464,0.376045,1
8050,1,0.010000,0.000001,0.010464,0.376045,1
8051,1,0.010000,0.000001,0.010464,0.376045,1
8052,1,0.010000,0.000001,0.010464,0.376045,1
8053,1,0.010000,0.000001,0.010464,0.376045,1
8054,1,0.010000,0.000001,0.010464,0.376045,1
8055,1,0.010000,0.000001,0.010464,0.376045,1
8056,1,0.010000,0.000001,0.010464,0.376045,1
8057,1,0.010000,0.000001,0.010464,0.376045,0
8058,1,0.010000,0.000001,0.010464,0.376045,1
8059,1,0.010000,0.000001,0.010464,0.376045,1
8060,1,0.010000,0.000001,0.010464,0.376045,1
8061,1,0.010000,0.000001,0.010464,0.376045,1
8062,1,0.010000,0.000001,0.010464,0.376045,1
8063,1,0.010000,0.000001,0.010464,0.376045,0
8064,1,0.010000,0.000001,0.010464,0.376045,0
8065,1,0.010000,0.000001,0.010464,0.376045,1
8066,1,0.010000,0.000001,0.010464,0.376045,1
8067,1,0.010000,0.000001,0.010464,0.376045,1
8068,1,0.010000,0.000001,0.010464,0.376045,1
8069,1,0.010000,0.000001,0.010464,0.376045,1
8070,1,0.010000,0.000001,0.010464,0.376045,1
8071,1,0.010000,0.000001,0.010464,0.376045,1
8072,1,0.010000,0.000001,0.010464,0.376045,1
8073,1,0.010000,0.000001,0.010464,0.376045,0
8074,1,0.010000,0.000001,0.010464,0.376045,0
8075,1,0.010000,0.000001,0.010464,0.376045,1
8076,1,0.010000,0.000001,0.010464,0.376045,1
8077,1,0.010000,0.000001,0.010464,0.376045,0
8078,1,0.010000,0.000001,0.010464,0.376045,1
8079,1,0.010000,0.000001,0.010464,0.376045,1
8080,1,0.010000,0.000001,0.010464,0.376045,1
8081,1,0.010000,0.000001,0.010464,0.376045,1
8082,1,0.010000,0.000001,0.010464,0.376045,1
8083,1,0.010000,0.000001,0.010464,0.376045,1
8084,1,0.010000,0.000001,0.010464,0.376045,0
8085,1,0.010000,0.000001,0.010464,0.376045,1
8086,1,0.010000,0.000001,0.010464,0.376045,1
8087,1,0.010000,0.000001,0.010464,0.376045,1
8088,1,0.010000,0.000001,0.010464,0.376045,1
8089,1,0.010000,0.000001,0.010464,0.376045,1
8090,1,0.010000,0.000001,0.010464,0.376045,1
8091,1,0.010000,0.000001,0.010464,0.376045,1
8092,1,0.010000,0.000001,0.010464,0.376045,1
8093,1,0.010000,0.000001,0.010464,0.376045,1
8094,1,0.010000,0.000001,0.010464,0.376045,1
8095,1,0.010000,0.000001,0.010464,0.376045,1
8096,1,0.010000,0.000001,0.010464,0.376045,1
8097,1,0.010000,0.000001,0.010464,0.376045,0
8098,1,0.010000,0.000001,0.010464,0.376045,1
8099,1,0.010000,0.000001,0.010464,0.376045,1
8100,1,0.010000,0.000001,0.010464,0.376045,1
8101,1,0.010000,0.000001,0.010464,0.376045,0
8102,1,0.010000,0.000001,0.010464,0.376045,1
8103,1,0.010000,0.000001,0.010464,0.376045,1
8104,1,0.010000,0.000001,0.010464,0.376045,1
8105,1,0.010000,0.000001,0.010464,0.376045,1
8106,1,0.010000,0.000001,0.010464,0.376045,1
8107,1,0.010000,0.000001,0.010464,0.376045,1
8108,1,0.010000,0.000001,0.010464,0.376045,1
8109,1,0.010000,0.000001,0.010464,0.376045,0
8110,1,0.010000,0.000001,0.010464,0.376045,1
8111,1,0.010000,0.000001,0.010464,0.376045,0
8112,1,0.010000,0.000001,0.010464,0.376045,1
8113,1,0.010000,0.000001,0.010464,0.376045,1
8114,1,0.010000,0.000001,0.010464,0.376045,1
8115,1,0.010000,0.000001,0.010464,0.376045,1
8116,1,0.010000,0.000001,0.010464,0.376045,1
8117,1,0.010000,0.000001,0.010464,0.376045,1
8118,1,0.010000,0.000001,0.010464,0.376045,1
8119,1,0.010000,0.000001,0.010464,0.376045,1
8120,1,0.010000,0.000001,0.010464,0.376045,1
8121,1,0.010000,0.000001,0.010464,0.376045,1
8122,1,0.010000,0.000001,0.010464,0.376045,1
8123,1,0.010000,0.000001,0.010464,0.376045,1
8124,1,0.010000,0.000001,0.010464,0.376045,1
8125,1,0.010000,0.000001,0.010464,0.376045,1
8126,1,0.010000,0.000001,0.010464,0.376045,0
8127,1,0.010000,0.000001,0.010464,0.376045,1
8128,1,0.010000,0.000001,0.010464,0.376045,0
8129,1,0.010000,0.000001,0.010464,0.376045,1
8130,1,0.010000,0.000001,0.010464,0.376045,1
8131,1,0.010000,0.000001,0.010464,0.376045,1
8132,1,0.010000,0.000001,0.010464,0.376045,1
8133,1,0.010000,0.000001,0.010464,0.376045,1
8134,1,0.010000,0.000001,0.010464,0.376045,1
8135,1,0.010000,0.000001,0.010464,0.376045,1
8136,1,0.010000,0.000001,0.010464,0.376045,1
8137,1,0.010000,0.000001,0.010464,0.376045,1
8138,1,0.010000,0.000001,0.010464,0.376045,1
8139,1,0.010000,0.000001,0.010464,0.376045,1
8140,1,0.010000,0.000001,0.010464,0.376045,0
8141,1,0.010000,0.000001,0.010464,0.376045,1
8142,1,0.010000,0.000001,0.010464,0.376045,1
8143,1,0.010000,0.000001,0.010464,0.376045,1
8144,1,0.010000,0.000001,0.010464,0.376045,1
8145,1,0.010000,0.000001,0.010464,0.376045,1
8146,1,0.010000,0.000001,0.010464,0.376045,1
8147,1,0.010000,0.000001,0.010464,0.376045,1
8148,1,0.010000,0.000001,0.010464,0.376045,1
8149,1,0.010000,0.000001,0.010464,0.376045,1
8150,1,0.010000,0.000001,0.010464,0.376045,1
8151,1,0.010000,0.000001,0.010464,0.376045,1
8152,1,0.010000,0.000001,0.010464,0.376045,1
8153,1,0.010000,0.000001,0.010464,0.376045,1
8154,1,0.010000,0.000001,0.010464,0.376045,1
8155,1,0.010000,0.000001,0.010464,0.376045,1
8156,1,0.010000,0.000001,0.010464,0.376045,1
8157,1,0.010000,0.000001,0.010464,0.376045,0
8158,1,0.010000,0.000001,0.010464,0.376045,1
8159,1,0.010000,0.000001,0.010464,0.376045,1
8160,1,0.010000,0.000001,0.010464,0.376045,1
8161,1,0.010000,0.000001,0.010464,0.376045,0
8162,1,0.010000,0.000001,0.010464,0.376045,1
8163,1,0.010000,0.000001,0.010464,0.376045,1
8164,1,0.010000,0.000001,0.010464,0.376045,0
8165,1,0.010000,0.000001,0.010464,0.376045,1
8166,1,0.010000,0.000001,0.010464,0.376045,1
8167,1,0.010000,0.000001,0.010464,0.376045,1
8168,1,0.010000,0.000001,0.010464,0.376045,1
8169,1,0.010000,0.000001,0.010464,0.376045,1
8170,1,0.010000,0.000001,0.010464,0.376045,1
8171,1,0.010000,0.000001,0.010464,0.376045,1
8172,1,0.010000,0.000001,0.010464,0.376045,0
8173,1,0.010000,0.000001,0.010464,0.376045,1
8174,1,0.010000,0.000001,0.010464,0.376045,1
8175,1,0.010000,0.000001,0.010464,0.376045,1
8176,1,0.010000,0.000001,0.010464,0.376045,1
8177,1,0.010000,0.000001,0.010464,0.376045,1
8178,1,0.010000,0.000001,0.010464,0.376045,1
8179,1,0.010000,0.000001,0.010464,0.376045,1
8180,1,0.010000,0.000001,0.010464,0.376045,0
8181,1,0.010000,0.000001,0.010464,0.376045,1
8182,1,0.010000,0.000001,0.010464,0.376045,1
8183,1,0.010000,0.000001,0.010464,0.376045,0
8184,1,0.010000,0.000001,0.010464,0.376045,1
8185,1,0.010000,0.000001,0.010464,0.376045,1
8186,1,0.010000,0.000001,0.010464,0.376045,1
8187,1,0.010000,0.000001,0.010464,0.376045,1
8188,1,0.010000,0.000001,0.010464,0.376045,1
8189,1,0.010000,0.000001,0.010464,0.376045,1
8190,1,0.010000,0.000001,0.010464,0.376045,1
8191,1,0.010000,0.000001,0.010464,0.376045,0
8192,1,0.010000,0.000001,0.010464,0.376045,1
8193,1,0.010000,0.000001,0.010464,0.376045,0
8194,1,0.010000,0.000001,0.010464,0.376045,1
8195,1,0.010000,0.000001,0.010464,0.376045,0
8196,1,0.010000,0.000001,0.010464,0.376045,1
8197,1,0.010000,0.000001,0.010464,0.376045,1
8198,1,0.010000,0.000001,0.010464,0.376045,0
8199,1,0.010000,0.000001,0.010464,0.376045,0
8200,1,0.010000,0.000001,0.010464,0.376045,1
8201,1,0.010000,0.000001,0.010464,0.376045,1
8202,1,0.010000,0.000001,0.010464,0.376045,1
8203,1,0.010000,0.000001,0.010464,0.376045,1
8204,1,0.010000,0.000001,0.010464,0.376045,0
8205,1,0.010000,0.000001,0.010464,0.376045,1
8206,1,0.010000,0.000001,0.010464,0.376045,1
8207,1,0.010000,0.000001,0.010464,0.376045,1
8208,1,0.010000,0.000001,0.010464,0.376045,1
8209,1,0.010000,0.000001,0.010464,0.376045,1
8210,1,0.010000,0.000001,0.010464,0.376045,1
8211,1,0.010000,0.000001,0.010464,0.376045,1
8212,1,0.010000,0.000001,0.010464,0.376045,1
8213,1,0.010000,0.000001,0.010464,0.376045,1
8214,1,0.010000,0.000001,0.010464,0.376045,1
8215,1,0.010000,0.000001,0.010464,0.376044,1
8216,1,0.010000,0.000001,0.010464,0.376044,1
8217,1,0.010000,0.000001,0.010464,0.376044,1
8218,1,0.010000,0.000001,0.010464,0.376044,1
8219,1,0.010000,0.000001,0.010464,0.376044,1
8220,1,0.010000,0.000001,0.010464,0.376044,1
8221,1,0.010000,0.000001,0.010464,0.376044,1
8222,1,0.010000,0.000001,0.010464,0.376044,1
8223,1,0.010000,0.000001,0.010464,0.376044,1
8224,1,0.010000,0.000001,0.010464,0.376044,1
8225,1,0.010000,0.000001,0.010464,0.376044,1
8226,1,0.010000,0.000001,0.010464,0.376044,1
8227,1,0.010000,0.000001,0.010464,0.376044,1
8228,1,0.010000,0.000001,0.010464,0.376044,1
8229,1,0.010000,0.000001,0.010464,0.376044,1
8230,1,0.010000,0.000001,0.010464,0.376044,1
8231,1,0.010000,0.000001,0.010464,0.376044,1
8232,1,0.010000,0.000001,0.010464,0.376044,1
8233,1,0.010000,0.000001,0.010464,0.376044,0
8234,1,0.010000,0.000001,0.010464,0.376044,1
8235,1,0.010000,0.000001,0.010464,0.376044,1
8236,1,0.010000,0.000001,0.010464,0.376044,1
8237,1,0.010000,0.000001,0.010464,0.376044,1
8238,1,0.010000,0.000001,0.010464,0.376044,1
8239,1,0.010000,0.000001,0.010464,0.376044,0
8240,1,0.010000,0.000001,0.010464,0.376044,1
8241,1,0.010000,0.000001,0.010464,0.376044,1
8242,1,0.010000,0.000001,0.010464,0.376044,1
8243,1,0.010000,0.000001,0.010464,0.376044,1
8244,1,0.010000,0.000001,0.010464,0.376044,1
8245,1,0.010000,0.000001,0.010464,0.376044,1
8246,1,0.010000,0.000001,0.010464,0.376044,1
8247,1,0.010000,0.000001,0.010464,0.376044,1
8248,1,0.010000,0.000001,0.010464,0.376044,1
8249,1,0.010000,0.000001,0.010464,0.376044,1
8250,1,0.010000,0.000001,0.010464,0.376044,1
8251,1,0.010000,0.000001,0.010464,0.376044,1
8252,1,0.010000,0.000001,0.010464,0.376044,0
8253,1,0.010000,0.000001,0.010464,0.376044,1
8254,1,0.010000,0.000001,0.010464,0.376044,1
8255,1,0.010000,0.000001,0.010464,0.376044,1
8256,1,0.010000,0.000001,0.010464,0.376044,1
8257,1,0.010000,0.000001,0.010464,0.376044,1
8258,1,0.010000,0.000001,0.010464,0.376044,1
8259,1,0.010000,0.000001,0.010464,0.376044,1
8260,1,0.010000,0.000001,0.010464,0.376044,0
8261,1,0.010000,0.000001,0.010464,0.376044,1
8262,1,0.010000,0.000001,0.010464,0.376044,1
8263,1,0.010000,0.000001,0.010464,0.376044,1
8264,1,0.010000,0.000001,0.010464,0.376044,0
8265,1,0.010000,0.000001,0.010464,0.376044,1
8266,1,0.010000,0.000001,0.010464,0.376044,1
8267,1,0.010000,0.000001,0.010464,0.376044,0
8268,1,0.010000,0.000001,0.010464,0.376044,1
8269,1,0.010000,0.000001,0.010464,0.376044,1
8270,1,0.010000,0.000001,0.010464,0.376044,1
8271,1,0.010000,0.000001,0.010464,0.376044,1
8272,1,0.010000,0.000001,0.010464,0.376044,1
8273,1,0.010000,0.000001,0.010464,0.376044,0
8274,1,0.010000,0.000001,0.010464,0.376044,0
8275,1,0.010000,0.000001,0.010464,0.376044,1
8276,1,0.010000,0.000001,0.010464,0.376044,0
8277,1,0.010000,0.000001,0.010464,0.376044,0
8278,1,0.010000,0.000001,0.010464,0.376044,1
8279,1,0.010000,0.000001,0.010464,0.376044,1
8280,1,0.010000,0.000001,0.010464,0.376044,1
8281,1,0.010000,0.000001,0.010464,0.376044,0
8282,1,0.010000,0.000001,0.010464,0.376044,0
8283,1,0.010000,0.000001,0.010464,0.376044,1
8284,1,0.010000,0.000001,0.010464,0.376044,1
8285,1,0.010000,0.000001,0.010464,0.376044,1
8286,1,0.010000,0.000001,0.010464,0.376044,1
8287,1,0.010000,0.000001,0.010464,0.376044,1
8288,1,0.010000,0.000001,0.010464,0.376044,1
8289,1,0.010000,0.000001,0.010464,0.376044,1
8290,1,0.010000,0.000001,0.010464,0.376044,1
8291,1,0.010000,0.000001,0.010464,0.376044,1
8292,1,0.010000,0.000001,0.010464,0.376044,1
8293,1,0.010000,0.000001,0.010464,0.376044,1
8294,1,0.010000,0.000001,0.010464,0.376044,1
8295,1,0.010000,0.000001,0.010464,0.376044,1
8296,1,0.010000,0.000001,0.010464,0.376044,1
8297,1,0.010000,0.000001,0.010464,0.376044,1
8298,1,0.010000,0.000001,0.010464,0.376044,1
8299,1,0.010000,0.000001,0.010464,0.376044,1
8300,1,0.010000,0.000001,0.010464,0.376044,1
8301,1,0.010000,0.000001,0.010464,0.376044,1
8302,1,0.010000,0.000001,0.010464,0.376044,1
8303,1,0.010000,0.000001,0.010464,0.376044,1
8304,1,0.010000,0.000001,0.010464,0.376044,1
8305,1,0.010000,0.000001,0.010464,0.376044,1
8306,1,0.010000,0.000001,0.010464,0.376044,1
8307,1,0.010000,0.000001,0.010464,0.376044,1
8308,1,0.010000,0.000001,0.010464,0.376044,1
8309,1,0.010000,0.000001,0.010464,0.376044,1
8310,1,0.010000,0.000001,0.010464,0.376044,1
8311,1,0.010000,0.000001,0.010464,0.376044,1
8312,1,0.010000,0.000001,0.010464,0.376044,1
8313,1,0.010000,0.000001,0.010464,0.376044,1
8314,1,0.010000,0.000001,0.010464,0.376044,1
8315,1,0.010000,0.000001,0.010464,0.376044,1
8316,1,0.010000,0.000001,0.010464,0.376044,1
8317,1,0.010000,0.000001,0.010464,0.376044,1
8318,1,0.010000,0.000001,0.010464,0.376044,1
8319,1,0.010000,0.000001,0.010464,0.376044,1
8320,1,0.010000,0.000001,0.010464,0.376044,1
8321,1,0.010000,0.000001,0.010464,0.376044,1
8322,1,0.010000,0.000001,0.010464,0.376044,1
8323,1,0.010000,0.000001,0.010464,0.376044,1
8324,1,0.010000,0.000001,0.010464,0.376044,1
8325,1,0.010000,0.000001,0.010464,0.376044,0
8326,1,0.010000,0.000001,0.010464,0.376044,1
8327,1,0.010000,0.000001,0.010464,0.376044,1
8328,1,0.010000,0.000001,0.010464,0.376044,0
8329,1,0.010000,0.000001,0.010464,0.376044,1
8330,1,0.010000,0.000001,0.010464,0.376044,1
8331,1,0.010000,0.000001,0.010464,0.376044,1
8332,1,0.010000,0.000001,0.010464,0.376044,1
8333,1,0.010000,0.000001,0.010464,0.376044,1
8334,1,0.010000,0.000001,0.010464,0.376044,1
8335,1,0.010000,0.000001,0.010464,0.376044,1
8336,1,0.010000,0.000001,0.010464,0.376044,0
8337,1,0.010000,0.000001,0.010464,0.376044,1
8338,1,0.010000,0.000001,0.010464,0.376044,1
8339,1,0.010000,0.000001,0.010464,0.376044,1
8340,1,0.010000,0.000001,0.010464,0.376044,1
8341,1,0.010000,0.000001,0.010464,0.376044,1
8342,1,0.010000,0.000001,0.010464,0.376044,1
8343,1,0.010000,0.000001,0.010464,0.376044,1
8344,1,0.010000,0.000001,0.010464,0.376044,1
8345,1,0.010000,0.000001,0.010464,0.376044,1
8346,1,0.010000,0.000001,0.010464,0.376044,0
8347,1,0.010000,0.000001,0.010464,0.376044,0
8348,1,0.010000,0.000001,0.010464,0.376044,1
8349,1,0.010000,0.000001,0.010464,0.376044,1
8350,1,0.010000,0.000001,0.010464,0.376044,1
8351,1,0.010000,0.000001,0.010464,0.376044,1
8352,1,0.010000,0.000001,0.010464,0.376044,1
8353,1,0.010000,0.000001,0.010464,0.376044,1
8354,1,0.010000,0.000001,0.010464,0.376044,1
8355,1,0.010000,0.000001,0.010464,0.376044,0
8356,1,0.010000,0.000001,0.010464,0.376044,1
8357,1,0.010000,0.000001,0.010464,0.376044,1
8358,1,0.010000,0.000001,0.010464,0.376044,1
8359,1,0.010000,0.000001,0.010464,0.376044,1
8360,1,0.010000,0.000001,0.010464,0.376044,1
8361,1,0.010000,0.000001,0.010464,0.376044,1
8362,1,0.010000,0.000001,0.010464,0.376044,1
8363,1,0.010000,0.000001,0.010464,0.376044,1
8364,1,0.010000,0.000001,0.010464,0.376044,1
8365,1,0.010000,0.000001,0.010464,0.376044,1
8366,1,0.010000,0.000001,0.010464,0.376044,1
8367,1,0.010000,0.000001,0.010464,0.376044,1
8368,1,0.010000,0.000001,0.010464,0.376044,1
8369,1,0.010000,0.000001,0.010464,0.376044,0
8370,1,0.010000,0.000001,0.010464,0.376044,1
8371,1,0.010000,0.000001,0.010464,0.376044,1
8372,1,0.010000,0.000001,0.010464,0.376044,1
8373,1,0.010000,0.000001,0.010464,0.376044,0
8374,1,0.010000,0.000001,0.010464,0.376044,0
8375,1,0.010000,0.000001,0.010464,0.376044,1
8376,1,0.010000,0.000001,0.010464,0.376044,1
8377,1,0.010000,0.000001,0.010464,0.376044,1
8378,1,0.010000,0.000001,0.010464,0.376044,1
8379,1,0.010000,0.000001,0.010464,0.376044,1
8380,1,0.010000,0.000001,0.010464,0.376044,1
8381,1,0.010000,0.000001,0.010464,0.376044,1
8382,1,0.010000,0.000001,0.010464,0.376044,1
8383,1,0.010000,0.000001,0.010464,0.376044,1
8384,1,0.010000,0.000001,0.010464,0.376044,1
8385,1,0.010000,0.000001,0.010464,0.376044,1
8386,1,0.010000,0.000001,0.010464,0.376044,1
8387,1,0.010000,0.000001,0.010464,0.376044,1
8388,1,0.010000,0.000001,0.010464,0.376044,1
8389,1,0.010000,0.000001,0.010464,0.376044,1
8390,1,0.010000,0.000001,0.010464,0.376044,1
8391,1,0.010000,0.000001,0.010464,0.376044,0
8392,1,0.010000,0.000001,0.010464,0.376044,1
8393,1,0.010000,0.000001,0.010464,0.376044,1
8394,1,0.010000,0.000001,0.010464,0.376044,1
8395,1,0.010000,0.000001,0.010464,0.376044,1
8396,1,0.010000,0.000001,0.010464,0.376044,1
8397,1,0.010000,0.000001,0.010464,0.376044,1
8398,1,0.010000,0.000001,0.010464,0.376044,1
8399,1,0.010000,0.000001,0.010464,0.376044,1
8400,1,0.010000,0.000001,0.010464,0.376044,0
8401,1,0.010000,0.000001,0.010464,0.376044,1
8402,1,0.010000,0.000001,0.010464,0.376044,0
8403,1,0.010000,0.000001,0.010464,0.376044,1
8404,1,0.010000,0.000001,0.010464,0.376044,1
8405,1,0.010000,0.000001,0.010464,0.376044,1
8406,1,0.010000,0.000001,0.010464,0.376044,1
8407,1,0.010000,0.000001,0.010464,0.376044,1
8408,1,0.010000,0.000001,0.010464,0.376044,1
8409,1,0.010000,0.000001,0.010464,0.376044,1
8410,1,0.010000,0.000001,0.010464,0.376044,1
8411,1,0.010000,0.000001,0.010464,0.376043,0
8412,1,0.010000,0.000001,0.010464,0.376043,1
8413,1,0.010000,0.000001,0.010464,0.376043,1
8414,1,0.010000,0.000001,0.010464,0.376043,1
8415,1,0.010000,0.000001,0.010464,0.376043,1
8416,1,0.010000,0.000001,0.010464,0.376043,1
8417,1,0.010000,0.000001,0.010464,0.376043,1
8418,1,0.010000,0.000001,0.010464,0.376043,1
8419,1,0.010000,0.000001,0.010464,0.376043,1
8420,1,0.010000,0.000001,0.010464,0.376043,1
8421,1,0.010000,0.000001,0.010464,0.376043,0
8422,1,0.010000,0.000001,0.010464,0.376043,1
8423,1,0.010000,0.000001,0.010464,0.376043,1
8424,1,0.010000,0.000001,0.010464,0.376043,1
8425,1,0.010000,0.000001,0.010464,0.376043,1
8426,1,0.010000,0.000001,0.010464,0.376043,1
8427,1,0.010000,0.000001,0.010464,0.376043,1
8428,1,0.010000,0.000001,0.010464,0.376043,1
8429,1,0.010000,0.000001,0.010464,0.376043,1
8430,1,0.010000,0.000001,0.010464,0.376043,1
8431,1,0.010000,0.000001,0.010464,0.376043,0
8432,1,0.010000,0.000001,0.010464,0.376043,1
8433,1,0.010000,0.000001,0.010464,0.376043,1
8434,1,0.010000,0.000001,0.010464,0.376043,1
8435,1,0.010000,0.000001,0.010464,0.376043,1
8436,1,0.010000,0.000001,0.010464,0.376043,1
8437,1,0.010000,0.000001,0.010464,0.376043,1
8438,1,0.010000,0.000001,0.010464,0.376043,1
8439,1,0.010000,0.000001,0.010464,0.376043,1
8440,1,0.010000,0.000001,0.010464,0.376043,1
8441,1,0.010000,0.000001,0.010464,0.376043,1
8442,1,0.010000,0.000001,0.010464,0.376043,1
8443,1,0.010000,0.000001,0.010464,0.376043,1
8444,1,0.010000,0.000001,0.010464,0.376043,1
8445,1,0.010000,0.000001,0.010464,0.376043,1
8446,1,0.010000,0.000001,0.010464,0.376043,1
8447,1,0.010000,0.000001,0.010464,0.376043,1
8448,1,0.010000,0.000001,0.010464,0.376043,1
8449,1,0.010000,0.000001,0.010464,0.376043,1
8450,1,0.010000,0.000001,0.010464,0.376043,1
8451,1,0.010000,0.000001,0.010464,0.376043,1
8452,1,0.010000,0.000001,0.010464,0.376043,0
8453,1,0.010000,0.000001,0.010464,0.376043,0
8454,1,0.010000,0.000001,0.010464,0.376043,1
8455,1,0.010000,0.000001,0.010464,0.376043,1
8456,1,0.010000,0.000001,0.010464,0.376043,1
8457,1,0.010000,0.000001,0.010464,0.376043,1
8458,1,0.010000,0.000001,0.010464,0.376043,1
8459,1,0.010000,0.000001,0.010464,0.376043,1
8460,1,0.010000,0.000001,0.010464,0.376043,1
8461,1,0.010000,0.000001,0.010464,0.376043,0
8462,1,0.010000,0.000001,0.010464,0.376043,1
8463,1,0.010000,0.000001,0.010464,0.376043,1
8464,1,0.010000,0.000001,0.010464,0.376043,1
8465,1,0.010000,0.000001,0.010464,0.376043,1
8466,1,0.010000,0.000001,0.010464,0.376043,1
8467,1,0.010000,0.000001,0.010464,0.376043,1
8468,1,0.010000,0.000001,0.010464,0.376043,0
8469,1,0.010000,0.000001,0.010464,0.376043,1
8470,1,0.010000,0.000001,0.010464,0.376043,1
8471,1,0.010000,0.000001,0.010464,0.376043,0
8472,1,0.010000,0.000001,0.010464,0.376043,1
8473,1,0.010000,0.000001,0.010464,0.376043,0
8474,1,0.010000,0.000001,0.010464,0.376043,0
8475,1,0.010000,0.000001,0.010464,0.376043,0
8476,1,0.010000,0.000001,0.010464,0.376043,1
8477,1,0.010000,0.000001,0.010464,0.376043,1
8478,1,0.010000,0.000001,0.010464,0.376043,1
8479,1,0.010000,0.000001,0.010464,0.376043,1
8480,1,0.010000,0.000001,0.010464,0.376043,1
8481,1,0.010000,0.000001,0.010464,0.376043,1
8482,1,0.010000,0.000001,0.010464,0.376043,1
8483,1,0.010000,0.000001,0.010464,0.376043,1
8484,1,0.010000,0.000001,0.010464,0.376043,1
8485,1,0.010000,0.000001,0.010464,0.376043,1
8486,1,0.010000,0.000001,0.010464,0.376043,0
8487,1,0.010000,0.000001,0.010464,0.376043,1
8488,1,0.010000,0.000001,0.010464,0.376043,1
8489,1,0.010000,0.000001,0.010464,0.376043,1
8490,1,0.010000,0.000001,0.010464,0.376043,1
8491,1,0.010000,0.000001,0.010464,0.376043,1
8492,1,0.010000,0.000001,0.010464,0.376043,1
8493,1,0.010000,0.000001,0.010464,0.376043,0
8494,1,0.010000,0.000001,0.010464,0.376043,1
8495,1,0.010000,0.000001,0.010464,0.376043,1
8496,1,0.010000,0.000001,0.010464,0.376043,1
8497,1,0.010000,0.000001,0.010464,0.376043,1
8498,1,0.010000,0.000001,0.010464,0.376043,1
8499,1,0.010000,0.000001,0.010464,0.376043,1
8500,1,0.010000,0.000001,0.010464,0.376043,1
8501,1,0.010000,0.000001,0.010464,0.376043,1
8502,1,0.010000,0.000001,0.010464,0.376043,1
8503,1,0.010000,0.000001,0.010464,0.376043,1
8504,1,0.010000,0.000001,0.010464,0.376043,1
8505,1,0.010000,0.000001,0.010464,0.376043,1
8506,1,0.010000,0.000001,0.010464,0.376043,1
8507,1,0.010000,0.000001,0.010464,0.376043,1
8508,1,0.010000,0.000001,0.010464,0.376043,1
8509,1,0.010000,0.000001,0.010464,0.376043,1
8510,1,0.010000,0.000001,0.010464,0.376043,1
8511,1,0.010000,0.000001,0.010464,0.376043,1
8512,1,0.010000,0.000001,0.010464,0.376043,0
8513,1,0.010000,0.000001,0.010464,0.376043,1
8514,1,0.010000,0.000001,0.010464,0.376043,1
8515,1,0.010000,0.000001,0.010464,0.376043,1
8516,1,0.010000,0.000001,0.010464,0.376043,1
8517,1,0.010000,0.000001,0.010464,0.376043,1
8518,1,0.010000,0.000001,0.010464,0.376043,0
8519,1,0.010000,0.000001,0.010464,0.376043,1
8520,1,0.010000,0.000001,0.010464,0.376043,1
8521,1,0.010000,0.000001,0.010464,0.376043,1
8522,1,0.010000,0.000001,0.010464,0.376043,1
8523,1,0.010000,0.000001,0.010464,0.376043,1
8524,1,0.010000,0.000001,0.010464,0.376043,1
8525,1,0.010000,0.000001,0.010464,0.376043,1
8526,1,0.010000,0.000001,0.010464,0.376043,1
8527,1,0.010000,0.000001,0.010464,0.376043,1
8528,1,0.010000,0.000001,0.010464,0.376043,1
8529,1,0.010000,0.000001,0.010464,0.376043,1
8530,1,0.010000,0.000001,0.010464,0.376043,0
8531,1,0.010000,0.000001,0.010464,0.376043,0
8532,1,0.010000,0.000001,0.010464,0.376043,1
8533,1,0.010000,0.000001,0.010464,0.376043,1
8534,1,0.010000,0.000001,0.010464,0.376043,1
8535,1,0.010000,0.000001,0.010464,0.376043,0
8536,1,0.010000,0.000001,0.010464,0.376043,1
8537,1,0.010000,0.000001,0.010464,0.376043,1
8538,1,0.010000,0.000001,0.010464,0.376043,1
8539,1,0.010000,0.000001,0.010464,0.376043,1
8540,1,0.010000,0.000001,0.010464,0.376043,1
8541,1,0.010000,0.000001,0.010464,0.376043,1
8542,1,0.010000,0.000001,0.010464,0.376043,1
8543,1,0.010000,0.000001,0.010464,0.376043,0
8544,1,0.010000,0.000001,0.010464,0.376043,1
8545,1,0.010000,0.000001,0.010464,0.376043,1
8546,1,0.010000,0.000001,0.010464,0.376043,1
8547,1,0.010000,0.000001,0.010464,0.376043,1
8548,1,0.010000,0.000001,0.010464,0.376043,1
8549,1,0.010000,0.000001,0.010464,0.376043,1
8550,1,0.010000,0.000001,0.010464,0.376043,1
8551,1,0.010000,0.000001,0.010464,0.376043,1
8552,1,0.010000,0.000001,0.010464,0.376043,1
8553,1,0.010000,0.000001,0.010464,0.376043,1
8554,1,0.010000,0.000001,0.010464,0.376043,1
8555,1,0.010000,0.000001,0.010464,0.376043,1
8556,1,0.010000,0.000001,0.010464,0.376043,0
8557,1,0.010000,0.000001,0.010464,0.376043,1
8558,1,0.010000,0.000001,0.010464,0.376043,1
8559,1,0.010000,0.000001,0.010464,0.376043,1
8560,1,0.010000,0.000001,0.010464,0.376043,1
8561,1,0.010000,0.000001,0.010464,0.376043,1
8562,1,0.010000,0.000001,0.010464,0.376043,1
8563,1,0.010000,0.000001,0.010464,0.376043,1
8564,1,0.010000,0.000001,0.010464,0.376043,1
8565,1,0.010000,0.000001,0.010464,0.376043,1
8566,1,0.010000,0.000001,0.010464,0.376043,1
8567,1,0.010000,0.000001,0.010464,0.376043,1
8568,1,0.010000,0.000001,0.010464,0.376043,1
8569,1,0.010000,0.000001,0.010464,0.376043,1
8570,1,0.010000,0.000001,0.010464,0.376043,1
8571,1,0.010000,0.000001,0.010464,0.376043,1
8572,1,0.010000,0.000001,0.010464,0.376043,1
8573,1,0.010000,0.000001,0.010464,0.376043,1
8574,1,0.010000,0.000001,0.010464,0.376043,1
8575,1,0.010000,0.000001,0.010464,0.376043,1
8576,1,0.010000,0.000001,0.010464,0.376043,1
8577,1,0.010000,0.000001,0.010464,0.376043,1
8578,1,0.010000,0.000001,0.010464,0.376043,1
8579,1,0.010000,0.000001,0.010464,0.376043,1
8580,1,0.010000,0.000001,0.010464,0.376043,1
8581,1,0.010000,0.000001,0.010464,0.376043,0
8582,1,0.010000,0.000001,0.010464,0.376043,1
8583,1,0.010000,0.000001,0.010464,0.376043,1
8584,1,0.010000,0.000001,0.010464,0.376043,1
8585,1,0.010000,0.000001,0.010464,0.376043,1
8586,1,0.010000,0.000001,0.010464,0.376043,1
8587,1,0.010000,0.000001,0.010464,0.376043,1
8588,1,0.010000,0.000001,0.010464,0.376043,1
8589,1,0.010000,0.000001,0.010464,0.376043,1
8590,1,0.010000,0.000001,0.010464,0.376043,1
8591,1,0.010000,0.000001,0.010464,0.376043,1
8592,1,0.010000,0.000001,0.010464,0.376043,1
8593,1,0.010000,0.000001,0.010464,0.376043,0
8594,1,0.010000,0.000001,0.010464,0.376043,1
8595,1,0.010000,0.000001,0.010464,0.376043,1
8596,1,0.010000,0.000001,0.010464,0.376043,1
8597,1,0.010000,0.000001,0.010464,0.376043,1
8598,1,0.010000,0.000001,0.010464,0.376043,1
8599,1,0.010000,0.000001,0.010464,0.376043,1
8600,1,0.010000,0.000001,0.010464,0.376043,1
8601,1,0.010000,0.000001,0.010464,0.376043,1
8602,1,0.010000,0.000001,0.010464,0.376043,1
8603,1,0.010000,0.000001,0.010464,0.376043,1
8604,1,0.010000,0.000001,0.010464,0.376043,1
8605,1,0.010000,0.000001,0.010464,0.376043,1
8606,1,0.010000,0.000001,0.010464,0.376043,1
8607,1,0.010000,0.000001,0.010464,0.376043,1
8608,1,0.010000,0.000001,0.010464,0.376043,1
8609,1,0.010000,0.000001,0.010464,0.376043,0
8610,1,0.010000,0.000001,0.010464,0.376043,1
8611,1,0.010000,0.000001,0.010464,0.376043,1
8612,1,0.010000,0.000001,0.010464,0.376043,1
8613,1,0.010000,0.000001,0.010464,0.376043,0
8614,1,0.010000,0.000001,0.010464,0.376043,1
8615,1,0.010000,0.000001,0.010464,0.376043,1
8616,1,0.010000,0.000001,0.010464,0.376043,1
8617,1,0.010000,0.000001,0.010464,0.376043,1
8618,1,0.010000,0.000001,0.010464,0.376043,1
8619,1,0.010000,0.000001,0.010464,0.376043,1
8620,1,0.010000,0.000001,0.010464,0.376043,1
8621,1,0.010000,0.000001,0.010464,0.376043,1
8622,1,0.010000,0.000001,0.010464,0.376043,0
8623,1,0.010000,0.000001,0.010464,0.376043,1
8624,1,0.010000,0.000001,0.010464,0.376043,1
8625,1,0.010000,0.000001,0.010464,0.376043,1
8626,1,0.010000,0.000001,0.010464,0.376043,0
8627,1,0.010000,0.000001,0.010464,0.376043,1
8628,1,0.010000,0.000001,0.010464,0.376043,1
8629,1,0.010000,0.000001,0.010464,0.376043,1
8630,1,0.010000,0.000001,0.010464,0.376043,1
8631,1,0.010000,0.000001,0.010464,0.376043,1
8632,1,0.010000,0.000001,0.010464,0.376043,1
8633,1,0.010000,0.000001,0.010464,0.376043,0
8634,1,0.010000,0.000001,0.010464,0.376043,1
8635,1,0.010000,0.000001,0.010464,0.376042,1
8636,1,0.010000,0.000001,0.010464,0.376042,1
8637,1,0.010000,0.000001,0.010464,0.376042,1
8638,1,0.010000,0.000001,0.010464,0.376042,1
8639,1,0.010000,0.000001,0.010464,0.376042,1
8640,1,0.010000,0.000001,0.010464,0.376042,1
8641,1,0.010000,0.000001,0.010464,0.376042,1
8642,1,0.010000,0.000001,0.010464,0.376042,1
8643,1,0.010000,0.000001,0.010464,0.376042,1
8644,1,0.010000,0.000001,0.010464,0.376042,1
8645,1,0.010000,0.000001,0.010464,0.376042,1
8646,1,0.010000,0.000001,0.010464,0.376042,1
8647,1,0.010000,0.000001,0.010464,0.376042,1
8648,1,0.010000,0.000001,0.010464,0.376042,1
8649,1,0.010000,0.000001,0.010464,0.376042,1
8650,1,0.010000,0.000001,0.010464,0.376042,1
8651,1,0.010000,0.000001,0.010464,0.376042,1
8652,1,0.010000,0.000001,0.010464,0.376042,1
8653,1,0.010000,0.000001,0.010464,0.376042,1
8654,1,0.010000,0.000001,0.010464,0.376042,1
8655,1,0.010000,0.000001,0.010464,0.376042,1
8656,1,0.010000,0.000001,0.010464,0.376042,1
8657,1,0.010000,0.000001,0.010464,0.376042,0
8658,1,0.010000,0.000001,0.010464,0.376042,1
8659,1,0.010000,0.000001,0.010464,0.376042,1
8660,1,0.010000,0.000001,0.010464,0.376042,1
8661,1,0.010000,0.000001,0.010464,0.376042,1
8662,1,0.010000,0.000001,0.010464,0.376042,1
8663,1,0.010000,0.000001,0.010464,0.376042,1
8664,1,0.010000,0.000001,0.010464,0.376042,1
8665,1,0.010000,0.000001,0.010464,0.376042,0
8666,1,0.010000,0.000001,0.010464,0.376042,1
8667,1,0.010000,0.000001,0.010464,0.376042,1
8668,1,0.010000,0.000001,0.010464,0.376042,1
8669,1,0.010000,0.000001,0.010464,0.376042,1
8670,1,0.010000,0.000001,0.010464,0.376042,1
8671,1,0.010000,0.000001,0.010464,0.376042,1
8672,1,0.010000,0.000001,0.010464,0.376042,0
8673,1,0.010000,0.000001,0.010464,0.376042,1
8674,1,0.010000,0.000001,0.010464,0.376042,1
8675,1,0.010000,0.000001,0.010464,0.376042,1
8676,1,0.010000,0.000001,0.010464,0.376042,1
8677,1,0.010000,0.000001,0.010464,0.376042,1
8678,1,0.010000,0.000001,0.010464,0.376042,1
8679,1,0.010000,0.000001,0.010464,0.376042,1
8680,1,0.010000,0.000001,0.010464,0.376042,1
8681,1,0.010000,0.000001,0.010464,0.376042,1
8682,1,0.010000,0.000001,0.010464,0.376042,1
8683,1,0.010000,0.000001,0.010464,0.376042,0
8684,1,0.010000,0.000001,0.010464,0.376042,1
8685,1,0.010000,0.000001,0.010464,0.376042,1
8686,1,0.010000,0.000001,0.010464,0.376042,1
8687,1,0.010000,0.000001,0.010464,0.376042,1
8688,1,0.010000,0.000001,0.010464,0.376042,1
8689,1,0.010000,0.000001,0.010464,0.376042,1
8690,1,0.010000,0.000001,0.010464,0.376042,0
8691,1,0.010000,0.000001,0.010464,0.376042,1
8692,1,0.010000,0.000001,0.010464,0.376042,1
8693,1,0.010000,0.000001,0.010464,0.376042,1
8694,1,0.010000,0.000001,0.010464,0.376042,1
8695,1,0.010000,0.000001,0.010464,0.376042,1
8696,1,0.010000,0.000001,0.010464,0.376042,1
8697,1,0.010000,0.000001,0.010464,0.376042,1
8698,1,0.010000,0.000001,0.010464,0.376042,1
8699,1,0.010000,0.000001,0.010464,0.376042,1
8700,1,0.010000,0.000001,0.010464,0.376042,1
8701,1,0.010000,0.000001,0.010464,0.376042,1
8702,1,0.010000,0.000001,0.010464,0.376042,0
8703,1,0.010000,0.000001,0.010464,0.376042,1
8704,1,0.010000,0.000001,0.010464,0.376042,1
8705,1,0.010000,0.000001,0.010464,0.376042,1
8706,1,0.010000,0.000001,0.010464,0.376042,1
8707,1,0.010000,0.000001,0.010464,0.376042,1
8708,1,0.010000,0.000001,0.010464,0.376042,1
8709,1,0.010000,0.000001,0.010464,0.376042,0
8710,1,0.010000,0.000001,0.010464,0.376042,1
8711,1,0.010000,0.000001,0.010464,0.376042,1
8712,1,0.010000,0.000001,0.010464,0.376042,1
8713,1,0.010000,0.000001,0.010464,0.376042,0
8714,1,0.010000,0.000001,0.010464,0.376042,1
8715,1,0.010000,0.000001,0.010464,0.376042,1
8716,1,0.010000,0.000001,0.010464,0.376042,1
8717,1,0.010000,0.000001,0.010464,0.376042,1
8718,1,0.010000,0.000001,0.010464,0.376042,1
8719,1,0.010000,0.000001,0.010464,0.376042,1
8720,1,0.010000,0.000001,0.010464,0.376042,1
8721,1,0.010000,0.000001,0.010464,0.376042,1
8722,1,0.010000,0.000001,0.010464,0.376042,1
8723,1,0.010000,0.000001,0.010464,0.376042,1
8724,1,0.010000,0.000001,0.010464,0.376042,1
8725,1,0.010000,0.000001,0.010464,0.376042,0
8726,1,0.010000,0.000001,0.010464,0.376042,1
8727,1,0.010000,0.000001,0.010464,0.376042,1
8728,1,0.010000,0.000001,0.010464,0.376042,1
8729,1,0.010000,0.000001,0.010464,0.376042,1
8730,1,0.010000,0.000001,0.010464,0.376042,1
8731,1,0.010000,0.000001,0.010464,0.376042,1
8732,1,0.010000,0.000001,0.010464,0.376042,1
8733,1,0.010000,0.000001,0.010464,0.376042,1
8734,1,0.010000,0.000001,0.010464,0.376042,1
8735,1,0.010000,0.000001,0.010464,0.376042,1
8736,1,0.010000,0.000001,0.010464,0.376042,1
8737,1,0.010000,0.000001,0.010464,0.376042,1
8738,1,0.010000,0.000001,0.010464,0.376042,1
8739,1,0.010000,0.000001,0.010464,0.376042,1
8740,1,0.010000,0.000001,0.010464,0.376042,1
8741,1,0.010000,0.000001,0.010464,0.376042,1
8742,1,0.010000,0.000001,0.010464,0.376042,1
8743,1,0.010000,0.000001,0.010464,0.376042,0
8744,1,0.010000,0.000001,0.010464,0.376042,1
8745,1,0.010000,0.000001,0.010464,0.376042,1
8746,1,0.010000,0.000001,0.010464,0.376042,1
8747,1,0.010000,0.000001,0.010464,0.376042,1
8748,1,0.010000,0.000001,0.010464,0.376042,1
8749,1,0.010000,0.000001,0.010464,0.376042,1
8750,1,0.010000,0.000001,0.010464,0.376042,1
8751,1,0.010000,0.000001,0.010464,0.376042,1
8752,1,0.010000,0.000001,0.010464,0.376042,1
8753,1,0.010000,0.000001,0.010464,0.376042,1
8754,1,0.010000,0.000001,0.010464,0.376042,1
8755,1,0.010000,0.000001,0.010464,0.376042,1
8756,1,0.010000,0.000001,0.010464,0.376042,1
8757,1,0.010000,0.000001,0.010464,0.376042,1
8758,1,0.010000,0.000001,0.010464,0.376042,1
8759,1,0.010000,0.000001,0.010464,0.376042,1
8760,1,0.010000,0.000001,0.010464,0.376042,1
8761,1,0.010000,0.000001,0.010464,0.376042,1
8762,1,0.010000,0.000001,0.010464,0.376042,1
8763,1,0.010000,0.000001,0.010464,0.376042,1
8764,1,0.010000,0.000001,0.010464,0.376042,1
8765,1,0.010000,0.000001,0.010464,0.376042,1
8766,1,0.010000,0.000001,0.010464,0.376042,1
8767,1,0.010000,0.000001,0.010464,0.376042,1
8768,1,0.010000,0.000001,0.010464,0.376042,1
8769,1,0.010000,0.000001,0.010464,0.376042,1
8770,1,0.010000,0.000001,0.010464,0.376042,1
8771,1,0.010000,0.000001,0.010464,0.376042,1
8772,1,0.010000,0.000001,0.010464,0.376042,1
8773,1,0.010000,0.000001,0.010464,0.376042,1
8774,1,0.010000,0.000001,0.010464,0.376042,1
8775,1,0.010000,0.000001,0.010464,0.376042,1
8776,1,0.010000,0.000001,0.010464,0.376042,0
8777,1,0.010000,0.000001,0.010464,0.376042,1
8778,1,0.010000,0.000001,0.010464,0.376042,1
8779,1,0.010000,0.000001,0.010464,0.376042,1
8780,1,0.010000,0.000001,0.010464,0.376042,1
8781,1,0.010000,0.000001,0.010464,0.376042,1
8782,1,0.010000,0.000001,0.010464,0.376042,1
8783,1,0.010000,0.000001,0.010464,0.376042,1
8784,1,0.010000,0.000001,0.010464,0.376042,1
8785,1,0.010000,0.000001,0.010464,0.376042,1
8786,1,0.010000,0.000001,0.010464,0.376042,1
8787,1,0.010000,0.000001,0.010464,0.376042,1
8788,1,0.010000,0.000001,0.010464,0.376042,1
8789,1,0.010000,0.000001,0.010464,0.376042,0
8790,1,0.010000,0.000001,0.010464,0.376042,1
8791,1,0.010000,0.000001,0.010464,0.376042,1
8792,1,0.010000,0.000001,0.010464,0.376042,1
8793,1,0.010000,0.000001,0.010464,0.376042,0
8794,1,0.010000,0.000001,0.010464,0.376042,1
8795,1,0.010000,0.000001,0.010464,0.376042,1
8796,1,0.010000,0.000001,0.010464,0.376042,1
8797,1,0.010000,0.000001,0.010464,0.376042,1
8798,1,0.010000,0.000001,0.010464,0.376042,1
8799,1,0.010000,0.000001,0.010464,0.376042,1
8800,1,0.010000,0.000001,0.010464,0.376042,1
8801,1,0.010000,0.000001,0.010464,0.376042,1
8802,1,0.010000,0.000001,0.010464,0.376042,1
8803,1,0.010000,0.000001,0.010464,0.376042,1
8804,1,0.010000,0.000001,0.010464,0.376042,1
8805,1,0.010000,0.000001,0.010464,0.376042,1
8806,1,0.010000,0.000001,0.010464,0.376042,1
8807,1,0.010000,0.000001,0.010464,0.376042,1
8808,1,0.010000,0.000001,0.010464,0.376042,1
8809,1,0.010000,0.000001,0.010464,0.376042,0
8810,1,0.010000,0.000001,0.010464,0.376042,1
8811,1,0.010000,0.000001,0.010464,0.376042,1
8812,1,0.010000,0.000001,0.010464,0.376042,1
8813,1,0.010000,0.000001,0.010464,0.376042,1
8814,1,0.010000,0.000001,0.010464,0.376042,1
8815,1,0.010000,0.000001,0.010464,0.376042,1
8816,1,0.010000,0.000001,0.010464,0.376042,1
8817,1,0.010000,0.000001,0.010464,0.376042,1
8818,1,0.010000,0.000001,0.010464,0.376042,1
8819,1,0.010000,0.000001,0.010464,0.376042,1
8820,1,0.010000,0.000001,0.010464,0.376042,1
8821,1,0.010000,0.000001,0.010464,0.376042,1
8822,1,0.010000,0.000001,0.010464,0.376042,1
8823,1,0.010000,0.000001,0.010464,0.376042,1
8824,1,0.010000,0.000001,0.010464,0.376042,1
8825,1,0.010000,0.000001,0.010464,0.376042,1
8826,1,0.010000,0.000001,0.010464,0.376042,1
8827,1,0.010000,0.000001,0.010464,0.376042,1
8828,1,0.010000,0.000001,0.010464,0.376042,1
8829,1,0.010000,0.000001,0.010464,0.376042,1
8830,1,0.010000,0.000001,0.010464,0.376042,1
8831,1,0.010000,0.000001,0.010464,0.376042,1
8832,1,0.010000,0.000001,0.010464,0.376042,1
8833,1,0.010000,0.000001,0.010464,0.376042,1
8834,1,0.010000,0.000001,0.010464,0.376042,1
8835,1,0.010000,0.000001,0.010464,0.376042,1
8836,1,0.010000,0.000001,0.010464,0.376042,1
8837,1,0.010000,0.000001,0.010464,0.376042,1
8838,1,0.010000,0.000001,0.010464,0.376042,1
8839,1,0.010000,0.000001,0.010464,0.376042,0
8840,1,0.010000,0.000001,0.010464,0.376042,1
8841,1,0.010000,0.000001,0.010464,0.376042,1
8842,1,0.010000,0.000001,0.010464,0.376042,1
8843,1,0.010000,0.000001,0.010464,0.376042,1
8844,1,0.010000,0.000001,0.010464,0.376042,0
8845,1,0.010000,0.000001,0.010464,0.376042,1
8846,1,0.010000,0.000001,0.010464,0.376042,1
8847,1,0.010000,0.000001,0.010464,0.376042,1
8848,1,0.010000,0.000001,0.010464,0.376042,1
8849,1,0.010000,0.000001,0.010464,0.376042,1
8850,1,0.010000,0.000001,0.010464,0.376042,1
8851,1,0.010000,0.000001,0.010464,0.376042,0
8852,1,0.010000,0.000001,0.010464,0.376042,1
8853,1,0.010000,0.000001,0.010464,0.376042,1
8854,1,0.010000,0.000001,0.010464,0.376042,1
8855,1,0.010000,0.000001,0.010464,0.376042,1
8856,1,0.010000,0.000001,0.010464,0.376042,1
8857,1,0.010000,0.000001,0.010464,0.376042,1
8858,1,0.010000,0.000001,0.010464,0.376042,1
8859,1,0.010000,0.000001,0.010464,0.376042,1
8860,1,0.010000,0.000001,0.010464,0.376042,1
8861,1,0.010000,0.000001,0.010464,0.376042,0
8862,1,0.010000,0.000001,0.010464,0.376042,1
8863,1,0.010000,0.000001,0.010464,0.376042,1
8864,1,0.010000,0.000001,0.010464,0.376042,1
8865,1,0.010000,0.000001,0.010464,0.376042,1
8866,1,0.010000,0.000001,0.010464,0.376042,1
8867,1,0.010000,0.000001,0.010464,0.376042,1
8868,1,0.010000,0.000001,0.010464,0.376042,1
8869,1,0.010000,0.000001,0.010464,0.376042,0
8870,1,0.010000,0.000001,0.010464,0.376042,1
8871,1,0.010000,0.000001,0.010464,0.376042,1
8872,1,0.010000,0.000001,0.010464,0.376042,1
8873,1,0.010000,0.000001,0.010464,0.376042,1
8874,1,0.010000,0.000001,0.010464,0.376042,0
8875,1,0.010000,0.000001,0.010464,0.376042,1
8876,1,0.010000,0.000001,0.010464,0.376042,1
8877,1,0.010000,0.000001,0.010464,0.376042,0
8878,1,0.010000,0.000001,0.010464,0.376042,1
8879,1,0.010000,0.000001,0.010464,0.376042,1
8880,1,0.010000,0.000001,0.010464,0.376042,1
8881,1,0.010000,0.000001,0.010464,0.376042,1
8882,1,0.010000,0.000001,0.010464,0.376042,1
8883,1,0.010000,0.000001,0.010464,0.376042,1
8884,1,0.010000,0.000001,0.010464,0.376042,1
8885,1,0.010000,0.000001,0.010464,0.376042,1
8886,1,0.010000,0.000001,0.010464,0.376042,1
8887,1,0.010000,0.000001,0.010464,0.376042,1
8888,1,0.010000,0.000001,0.010464,0.376042,1
8889,1,0.010000,0.000001,0.010464,0.376042,1
8890,1,0.010000,0.000001,0.010464,0.376042,1
8891,1,0.010000,0.000001,0.010464,0.376042,1
8892,1,0.010000,0.000001,0.010464,0.376042,1
8893,1,0.010000,0.000001,0.010464,0.376042,1
8894,1,0.010000,0.000001,0.010464,0.376042,1
8895,1,0.010000,0.000001,0.010464,0.376042,1
8896,1,0.010000,0.000001,0.010464,0.376042,1
8897,1,0.010000,0.000001,0.010464,0.376042,1
8898,1,0.010000,0.000001,0.010464,0.376042,1
8899,1,0.010000,0.000001,0.010464,0.376042,1
8900,1,0.010000,0.000001,0.010464,0.376042,1
8901,1,0.010000,0.000001,0.010464,0.376042,1
8902,1,0.010000,0.000001,0.010464,0.376042,1
8903,1,0.010000,0.000001,0.010464,0.376042,1
8904,1,0.010000,0.000001,0.010464,0.376042,1
8905,1,0.010000,0.000001,0.010464,0.376042,1
8906,1,0.010000,0.000001,0.010464,0.376042,1
8907,1,0.010000,0.000001,0.010464,0.376042,1
8908,1,0.010000,0.000001,0.010464,0.376042,1
8909,1,0.010000,0.000001,0.010464,0.376042,1
8910,1,0.010000,0.000001,0.010464,0.376042,1
8911,1,0.010000,0.000001,0.010464,0.376042,1
8912,1,0.010000,0.000001,0.010464,0.376042,1
8913,1,0.010000,0.000001,0.010464,0.376042,1
8914,1,0.010000,0.000001,0.010464,0.376042,1
8915,1,0.010000,0.000001,0.010464,0.376042,1
8916,1,0.010000,0.000001,0.010464,0.376042,1
8917,1,0.010000,0.000001,0.010464,0.376042,1
8918,1,0.010000,0.000001,0.010464,0.376042,0
8919,1,0.010000,0.000001,0.010464,0.376042,1
8920,1,0.010000,0.000001,0.010464,0.376042,0
8921,1,0.010000,0.000001,0.010464,0.376042,1
8922,1,0.010000,0.000001,0.010464,0.376042,1
8923,1,0.010000,0.000001,0.010464,0.376042,1
8924,1,0.010000,0.000001,0.010464,0.376042,1
8925,1,0.010000,0.000001,0.010464,0.376042,1
8926,1,0.010000,0.000001,0.010464,0.376042,1
8927,1,0.010000,0.000001,0.010464,0.376042,1
8928,1,0.010000,0.000001,0.010464,0.376042,1
8929,1,0.010000,0.000001,0.010464,0.376042,1
8930,1,0.010000,0.000001,0.010464,0.376042,1
8931,1,0.010000,0.000001,0.010464,0.376042,0
8932,1,0.010000,0.000001,0.010464,0.376042,1
8933,1,0.010000,0.000001,0.010464,0.376042,1
8934,1,0.010000,0.000001,0.010464,0.376042,1
8935,1,0.010000,0.000001,0.010464,0.376042,1
8936,1,0.010000,0.000001,0.010464,0.376042,1
8937,1,0.010000,0.000001,0.010464,0.376042,1
8938,1,0.010000,0.000001,0.010464,0.376042,1
8939,1,0.010000,0.000001,0.010464,0.376042,1
8940,1,0.010000,0.000001,0.010464,0.376042,1
8941,1,0.010000,0.000001,0.010464,0.376042,1
8942,1,0.010000,0.000001,0.010464,0.376042,1
8943,1,0.010000,0.000001,0.010464,0.376042,1
8944,1,0.010000,0.000001,0.010464,0.376042,1
8945,1,0.010000,0.000001,0.010464,0.376042,1
8946,1,0.010000,0.000001,0.010464,0.376042,1
8947,1,0.010000,0.000001,0.010464,0.376042,1
8948,1,0.010000,0.000001,0.010464,0.376042,1
8949,1,0.010000,0.000001,0.010464,0.376042,1
8950,1,0.010000,0.000001,0.010464,0.376042,1
8951,1,0.010000,0.000001,0.010464,0.376042,0
8952,1,0.010000,0.000001,0.010464,0.376042,1
8953,1,0.010000,0.000001,0.010464,0.376042,1
8954,1,0.010000,0.000001,0.010464,0.376042,1
8955,1,0.010000,0.000001,0.010464,0.376042,0
8956,1,0.010000,0.000001,0.010464,0.376042,1
8957,1,0.010000,0.000001,0.010464,0.376042,0
8958,1,0.010000,0.000001,0.010464,0.376042,1
8959,1,0.010000,0.000001,0.010464,0.376042,0
8960,1,0.010000,0.000001,0.010464,0.376042,1
8961,1,0.010000,0.000001,0.010464,0.376042,1
8962,1,0.010000,0.000001,0.010464,0.376042,1
8963,1,0.010000,0.000001,0.010464,0.376042,1
8964,1,0.010000,0.000001,0.010464,0.376042,1
8965,1,0.010000,0.000001,0.010464,0.376042,1
8966,1,0.010000,0.000001,0.010464,0.376042,1
8967,1,0.010000,0.000001,0.010464,0.376042,1
8968,1,0.010000,0.000001,0.010464,0.376042,1
8969,1,0.010000,0.000001,0.010464,0.376042,1
8970,1,0.010000,0.000001,0.010464,0.376042,1
8971,1,0.010000,0.000001,0.010464,0.376042,1
8972,1,0.010000,0.000001,0.010464,0.376042,1
8973,1,0.010000,0.000001,0.010464,0.376042,1
8974,1,0.010000,0.000001,0.010464,0.376042,1
8975,1,0.010000,0.000001,0.010464,0.376042,1
8976,1,0.010000,0.000001,0.010464,0.376042,1
8977,1,0.010000,0.000001,0.010464,0.376042,1
8978,1,0.010000,0.000001,0.010464,0.376042,1
8979,1,0.010000,0.000001,0.010464,0.376042,0
8980,1,0.010000,0.000001,0.010464,0.376042,1
8981,1,0.010000,0.000001,0.010464,0.376042,0
8982,1,0.010000,0.000001,0.010464,0.376042,1
8983,1,0.010000,0.000001,0.010464,0.376042,1
8984,1,0.010000,0.000001,0.010464,0.376042,1
8985,1,0.010000,0.000001,0.010464,0.376042,1
8986,1,0.010000,0.000001,0.010464,0.376042,0
8987,1,0.010000,0.000001,0.010464,0.376042,1
8988,1,0.010000,0.000001,0.010464,0.376042,1
8989,1,0.010000,0.000001,0.010464,0.376042,1
8990,1,0.010000,0.000001,0.010464,0.376042,1
8991,1,0.010000,0.000001,0.010464,0.376042,1
8992,1,0.010000,0.000001,0.010464,0.376042,1
8993,1,0.010000,0.000001,0.010464,0.376042,1
8994,1,0.010000,0.000001,0.010464,0.376042,1
8995,1,0.010000,0.000001,0.010464,0.376042,0
8996,1,0.010000,0.000001,0.010464,0.376042,1
8997,1,0.010000,0.000001,0.010464,0.376042,1
8998,1,0.010000,0.000001,0.010464,0.376042,1
8999,1,0.010000,0.000001,0.010464,0.376042,0
9000,1,0.010000,0.000001,0.010464,0.376042,1
9001,1,0.010000,0.000001,0.010464,0.376042,1
9002,1,0.010000,0.000001,0.010464,0.376042,1
9003,1,0.010000,0.000001,0.010464,0.376042,1
9004,1,0.010000,0.000001,0.010464,0.376042,1
9005,1,0.010000,0.000001,0.010464,0.376042,1
9006,1,0.010000,0.000001,0.010464,0.376042,1
9007,1,0.010000,0.000001,0.010464,0.376042,0
9008,1,0.010000,0.000001,0.010464,0.376042,1
9009,1,0.010000,0.000001,0.010464,0.376042,1
9010,1,0.010000,0.000001,0.010464,0.376042,1
9011,1,0.010000,0.000001,0.010464,0.376042,1
9012,1,0.010000,0.000001,0.010464,0.376042,1
9013,1,0.010000,0.000001,0.010464,0.376042,1
9014,1,0.010000,0.000001,0.010464,0.376042,1
9015,1,0.010000,0.000001,0.010464,0.376042,1
9016,1,0.010000,0.000001,0.010464,0.376042,1
9017,1,0.010000,0.000001,0.010464,0.376042,1
9018,1,0.010000,0.000001,0.010464,0.376042,1
9019,1,0.010000,0.000001,0.010464,0.376042,1
9020,1,0.010000,0.000001,0.010464,0.376042,1
9021,1,0.010000,0.000001,0.010464,0.376042,1
9022,1,0.010000,0.000001,0.010464,0.376042,1
9023,1,0.010000,0.000001,0.010464,0.376042,1
9024,1,0.010000,0.000001,0.010464,0.376042,1
9025,1,0.010000,0.000001,0.010464,0.376042,1
9026,1,0.010000,0.000001,0.010464,0.376042,1
9027,1,0.010000,0.000001,0.010464,0.376042,0
9028,1,0.010000,0.000001,0.010464,0.376042,1
9029,1,0.010000,0.000001,0.010464,0.376042,1
9030,1,0.010000,0.000001,0.010464,0.376042,1
9031,1,0.010000,0.000001,0.010464,0.376042,1
9032,1,0.010000,0.000001,0.010464,0.376041,0
9033,1,0.010000,0.000001,0.010464,0.376041,1
9034,1,0.010000,0.000001,0.010464,0.376041,1
9035,1,0.010000,0.000001,0.010464,0.376041,1
9036,1,0.010000,0.000001,0.010464,0.376041,1
9037,1,0.010000,0.000001,0.010464,0.376041,1
9038,1,0.010000,0.000001,0.010464,0.376041,1
9039,1,0.010000,0.000001,0.010464,0.376041,1
9040,1,0.010000,0.000001,0.010464,0.376041,1
9041,1,0.010000,0.000001,0.010464,0.376041,1
9042,1,0.010000,0.000001,0.010464,0.376041,0
9043,1,0.010000,0.000001,0.010464,0.376041,1
9044,1,0.010000,0.000001,0.010464,0.376041,1
9045,1,0.010000,0.000001,0.010464,0.376041,1
9046,1,0.010000,0.000001,0.010464,0.376041,1
9047,1,0.010000,0.000001,0.010464,0.376041,1
9048,1,0.010000,0.000001,0.010464,0.376041,1
9049,1,0.010000,0.000001,0.010464,0.376041,1
9050,1,0.010000,0.000001,0.010464,0.376041,1
9051,1,0.010000,0.000001,0.010464,0.376041,1
9052,1,0.010000,0.000001,0.010464,0.376041,1
9053,1,0.010000,0.000001,0.010464,0.376041,1
9054,1,0.010000,0.000001,0.010464,0.376041,1
9055,1,0.010000,0.000001,0.010464,0.376041,1
9056,1,0.010000,0.000001,0.010464,0.376041,1
9057,1,0.010000,0.000001,0.010464,0.376041,1
9058,1,0.010000,0.000001,0.010464,0.376041,0
9059,1,0.010000,0.000001,0.010464,0.376041,1
9060,1,0.010000,0.000001,0.010464,0.376041,1
9061,1,0.010000,0.000001,0.010464,0.376041,1
9062,1,0.010000,0.000001,0.010464,0.376041,1
9063,1,0.010000,0.000001,0.010464,0.376041,1
9064,1,0.010000,0.000001,0.010464,0.376041,1
9065,1,0.010000,0.000001,0.010464,0.376041,1
9066,1,0.010000,0.000001,0.010464,0.376041,1
9067,1,0.010000,0.000001,0.010464,0.376041,0
9068,1,0.010000,0.000001,0.010464,0.376041,1
9069,1,0.010000,0.000001,0.010464,0.376041,1
9070,1,0.010000,0.000001,0.010464,0.376041,1
9071,1,0.010000,0.000001,0.010464,0.376041,1
9072,1,0.010000,0.000001,0.010464,0.376041,1
9073,1,0.010000,0.000001,0.010464,0.376041,1
9074,1,0.010000,0.000001,0.010464,0.376041,1
9075,1,0.010000,0.000001,0.010464,0.376041,0
9076,1,0.010000,0.000001,0.010464,0.376041,1
9077,1,0.010000,0.000001,0.010464,0.376041,1
9078,1,0.010000,0.000001,0.010464,0.376041,1
9079,1,0.010000,0.000001,0.010464,0.376041,1
9080,1,0.010000,0.000001,0.010464,0.376041,1
9081,1,0.010000,0.000001,0.010464,0.376041,1
9082,1,0.010000,0.000001,0.010464,0.376041,1
9083,1,0.010000,0.000001,0.010464,0.376041,1
9084,1,0.010000,0.000001,0.010464,0.376041,1
9085,1,0.010000,0.000001,0.010464,0.376041,1
9086,1,0.010000,0.000001,0.010464,0.376041,1
9087,1,0.010000,0.000001,0.010464,0.376041,1
9088,1,0.010000,0.000001,0.010464,0.376041,1
9089,1,0.010000,0.000001,0.010464,0.376041,1
9090,1,0.010000,0.000001,0.010464,0.376041,0
9091,1,0.010000,0.000001,0.010464,0.376041,1
9092,1,0.010000,0.000001,0.010464,0.376041,1
9093,1,0.010000,0.000001,0.010464,0.376041,1
9094,1,0.010000,0.000001,0.010464,0.376041,1
9095,1,0.010000,0.000001,0.010464,0.376041,1
9096,1,0.010000,0.000001,0.010464,0.376041,1
9097,1,0.010000,0.000001,0.010464,0.376041,1
9098,1,0.010000,0.000001,0.010464,0.376041,0
9099,1,0.010000,0.000001,0.010464,0.376041,1
9100,1,0.010000,0.000001,0.010464,0.376041,1
9101,1,0.010000,0.000001,0.010464,0.376041,1
9102,1,0.010000,0.000001,0.010464,0.376041,1
9103,1,0.010000,0.000001,0.010464,0.376041,1
9104,1,0.010000,0.000001,0.010464,0.376041,1
9105,1,0.010000,0.000001,0.010464,0.376041,1
9106,1,0.010000,0.000001,0.010464,0.376041,1
9107,1,0.010000,0.000001,0.010464,0.376041,1
9108,1,0.010000,0.000001,0.010464,0.376041,1
9109,1,0.010000,0.000001,0.010464,0.376041,1
9110,1,0.010000,0.000001,0.010464,0.376041,1
9111,1,0.010000,0.000001,0.010464,0.376041,1
9112,1,0.010000,0.000001,0.010464,0.376041,1
9113,1,0.010000,0.000001,0.010464,0.376041,1
9114,1,0.010000,0.000001,0.010464,0.376041,1
9115,1,0.010000,0.000001,0.010464,0.376041,1
9116,1,0.010000,0.000001,0.010464,0.376041,1
9117,1,0.010000,0.000001,0.010464,0.376041,1
9118,1,0.010000,0.000001,0.010464,0.376041,1
9119,1,0.010000,0.000001,0.010464,0.376041,1
9120,1,0.010000,0.000001,0.010464,0.376041,1
9121,1,0.010000,0.000001,0.010464,0.376041,0
9122,1,0.010000,0.000001,0.010464,0.376041,1
9123,1,0.010000,0.000001,0.010464,0.376041,1
9124,1,0.010000,0.000001,0.010464,0.376041,1
9125,1,0.010000,0.000001,0.010464,0.376041,1
9126,1,0.010000,0.000001,0.010464,0.376041,1
9127,1,0.010000,0.000001,0.010464,0.376041,1
9128,1,0.010000,0.000001,0.010464,0.376041,1
9129,1,0.010000,0.000001,0.010464,0.376041,1
9130,1,0.010000,0.000001,0.010464,0.376041,1
9131,1,0.010000,0.000001,0.010464,0.376041,1
9132,1,0.010000,0.000001,0.010464,0.376041,1
9133,1,0.010000,0.000001,0.010464,0.376041,1
9134,1,0.010000,0.000001,0.010464,0.376041,1
9135,1,0.010000,0.000001,0.010464,0.376041,1
9136,1,0.010000,0.000001,0.010464,0.376041,1
9137,1,0.010000,0.000001,0.010464,0.376041,1
9138,1,0.010000,0.000001,0.010464,0.376041,1
9139,1,0.010000,0.000001,0.010464,0.376041,1
9140,1,0.010000,0.000001,0.010464,0.376041,1
9141,1,0.010000,0.000001,0.010464,0.376041,1
9142,1,0.010000,0.000001,0.010464,0.376041,1
9143,1,0.010000,0.000001,0.010464,0.376041,1
9144,1,0.010000,0.000001,0.010464,0.376041,0
9145,1,0.010000,0.000001,0.010464,0.376041,1
9146,1,0.010000,0.000001,0.010464,0.376041,1
9147,1,0.010000,0.000001,0.010464,0.376041,1
9148,1,0.010000,0.000001,0.010464,0.376041,1
9149,1,0.010000,0.000001,0.010464,0.376041,1
9150,1,0.010000,0.000001,0.010464,0.376041,1
9151,1,0.010000,0.000001,0.010464,0.376041,1
9152,1,0.010000,0.000001,0.010464,0.376041,0
9153,1,0.010000,0.000001,0.010464,0.376041,1
9154,1,0.010000,0.000001,0.010464,0.376041,1
9155,1,0.010000,0.000001,0.010464,0.376041,1
9156,1,0.010000,0.000001,0.010464,0.376041,0
9157,1,0.010000,0.000001,0.010464,0.376041,1
9158,1,0.010000,0.000001,0.010464,0.376041,1
9159,1,0.010000,0.000001,0.010464,0.376041,1
9160,1,0.010000,0.000001,0.010464,0.376041,1
9161,1,0.010000,0.000001,0.010464,0.376041,1
9162,1,0.010000,0.000001,0.010464,0.376041,1
9163,1,0.010000,0.000001,0.010464,0.376041,1
9164,1,0.010000,0.000001,0.010464,0.376041,1
9165,1,0.010000,0.000001,0.010464,0.376041,1
9166,1,0.010000,0.000001,0.010464,0.376041,1
9167,1,0.010000,0.000001,0.010464,0.376041,1
9168,1,0.010000,0.000001,0.010464,0.376041,0
9169,1,0.010000,0.000001,0.010464,0.376041,1
9170,1,0.010000,0.000001,0.010464,0.376041,1
9171,1,0.010000,0.000001,0.010464,0.376041,1
9172,1,0.010000,0.000001,0.010464,0.376041,1
9173,1,0.010000,0.000001,0.010464,0.376041,1
9174,1,0.010000,0.000001,0.010464,0.376041,1
9175,1,0.010000,0.000001,0.010464,0.376041,1
9176,1,0.010000,0.000001,0.010464,0.376041,1
9177,1,0.010000,0.000001,0.010464,0.376041,1
9178,1,0.010000,0.000001,0.010464,0.376041,1
9179,1,0.010000,0.000001,0.010464,0.376041,1
9180,1,0.010000,0.000001,0.010464,0.376041,0
9181,1,0.010000,0.000001,0.010464,0.376041,0
9182,1,0.010000,0.000001,0.010464,0.376041,1
9183,1,0.010000,0.000001,0.010464,0.376041,1
9184,1,0.010000,0.000001,0.010464,0.376041,1
9185,1,0.010000,0.000001,0.010464,0.376041,1
9186,1,0.010000,0.000001,0.010464,0.376041,0
9187,1,0.010000,0.000001,0.010464,0.376041,1
9188,1,0.010000,0.000001,0.010464,0.376041,1
9189,1,0.010000,0.000001,0.010464,0.376041,1
9190,1,0.010000,0.000001,0.010464,0.376041,1
9191,1,0.010000,0.000001,0.010464,0.376041,1
9192,1,0.010000,0.000001,0.010464,0.376041,1
9193,1,0.010000,0.000001,0.010464,0.376041,1
9194,1,0.010000,0.000001,0.010464,0.376041,1
9195,1,0.010000,0.000001,0.010464,0.376041,1
9196,1,0.010000,0.000001,0.010464,0.376041,1
9197,1,0.010000,0.000001,0.010464,0.376041,1
9198,1,0.010000,0.000001,0.010464,0.376041,1
9199,1,0.010000,0.000001,0.010464,0.376041,1
9200,1,0.010000,0.000001,0.010464,0.376041,1
9201,1,0.010000,0.000001,0.010464,0.376041,1
9202,1,0.010000,0.000001,0.010464,0.376041,1
9203,1,0.010000,0.000001,0.010464,0.376041,1
9204,1,0.010000,0.000001,0.010464,0.376041,1
9205,1,0.010000,0.000001,0.010464,0.376041,1
9206,1,0.010000,0.000001,0.010464,0.376041,1
9207,1,0.010000,0.000001,0.010464,0.376041,1
9208,1,0.010000,0.000001,0.010464,0.376041,1
9209,1,0.010000,0.000001,0.010464,0.376041,1
9210,1,0.010000,0.000001,0.010464,0.376041,1
9211,1,0.010000,0.000001,0.010464,0.376041,1
9212,1,0.010000,0.000001,0.010464,0.376041,0
9213,1,0.010000,0.000001,0.010464,0.376041,1
9214,1,0.010000,0.000001,0.010464,0.376041,1
9215,1,0.010000,0.000001,0.010464,0.376041,1
9216,1,0.010000,0.000001,0.010464,0.376041,1
9217,1,0.010000,0.000001,0.010464,0.376041,0
9218,1,0.010000,0.000001,0.010464,0.376041,1
9219,1,0.010000,0.000001,0.010464,0.376041,1
9220,1,0.010000,0.000001,0.010464,0.376041,1
9221,1,0.010000,0.000001,0.010464,0.376041,1
9222,1,0.010000,0.000001,0.010464,0.376041,1
9223,1,0.010000,0.000001,0.010464,0.376041,1
9224,1,0.010000,0.000001,0.010464,0.376041,1
9225,1,0.010000,0.000001,0.010464,0.376041,1
9226,1,0.010000,0.000001,0.010464,0.376041,1
9227,1,0.010000,0.000001,0.010464,0.376041,1
9228,1,0.010000,0.000001,0.010464,0.376041,1
9229,1,0.010000,0.000001,0.010464,0.376041,1
9230,1,0.010000,0.000001,0.010464,0.376041,1
9231,1,0.010000,0.000001,0.010464,0.376041,1
9232,1,0.010000,0.000001,0.010464,0.376041,1
9233,1,0.010000,0.000001,0.010464,0.376041,1
9234,1,0.010000,0.000001,0.010464,0.376041,1
9235,1,0.010000,0.000001,0.010464,0.376041,1
9236,1,0.010000,0.000001,0.010464,0.376041,1
9237,1,0.010000,0.000001,0.010464,0.376041,1
9238,1,0.010000,0.000001,0.010464,0.376041,1
9239,1,0.010000,0.000001,0.010464,0.376041,1
9240,1,0.010000,0.000001,0.010464,0.376041,1
9241,1,0.010000,0.000001,0.010464,0.376041,1
9242,1,0.010000,0.000001,0.010464,0.376041,1
9243,1,0.010000,0.000001,0.010464,0.376041,1
9244,1,0.010000,0.000001,0.010464,0.376041,1
9245,1,0.010000,0.000001,0.010464,0.376041,1
9246,1,0.010000,0.000001,0.010464,0.376041,1
9247,1,0.010000,0.000001,0.010464,0.376041,1
9248,1,0.010000,0.000001,0.010464,0.376041,1
9249,1,0.010000,0.000001,0.010464,0.376041,1
9250,1,0.010000,0.000001,0.010464,0.376041,1
9251,1,0.010000,0.000001,0.010464,0.376041,1
9252,1,0.010000,0.000001,0.010464,0.376041,1
9253,1,0.010000,0.000001,0.010464,0.376041,1
9254,1,0.010000,0.000001,0.010464,0.376041,1
9255,1,0.010000,0.000001,0.010464,0.376041,0
9256,1,0.010000,0.000001,0.010464,0.376041,1
9257,1,0.010000,0.000001,0.010464,0.376041,1
9258,1,0.010000,0.000001,0.010464,0.376041,1
9259,1,0.010000,0.000001,0.010464,0.376041,1
9260,1,0.010000,0.000001,0.010464,0.376041,1
9261,1,0.010000,0.000001,0.010464,0.376041,0
9262,1,0.010000,0.000001,0.010464,0.376041,1
9263,1,0.010000,0.000001,0.010464,0.376041,1
9264,1,0.010000,0.000001,0.010464,0.376041,1
9265,1,0.010000,0.000001,0.010464,0.376041,1
9266,1,0.010000,0.000001,0.010464,0.376041,1
9267,1,0.010000,0.000001,0.010464,0.376041,1
9268,1,0.010000,0.000001,0.010464,0.376041,1
9269,1,0.010000,0.000001,0.010464,0.376041,1
9270,1,0.010000,0.000001,0.010464,0.376041,1
9271,1,0.010000,0.000001,0.010464,0.376041,1
9272,1,0.010000,0.000001,0.010464,0.376041,1
9273,1,0.010000,0.000001,0.010464,0.376041,1
9274,1,0.010000,0.000001,0.010464,0.376041,1
9275,1,0.010000,0.000001,0.010464,0.376041,1
9276,1,0.010000,0.000001,0.010464,0.376041,1
9277,1,0.010000,0.000001,0.010464,0.376041,1
9278,1,0.010000,0.000001,0.010464,0.376041,1
9279,1,0.010000,0.000001,0.010464,0.376041,1
9280,1,0.010000,0.000001,0.010464,0.376041,1
9281,1,0.010000,0.000001,0.010464,0.376041,1
9282,1,0.010000,0.000001,0.010464,0.376041,1
9283,1,0.010000,0.000001,0.010464,0.376041,1
9284,1,0.010000,0.000001,0.010464,0.376041,1
9285,1,0.010000,0.000001,0.010464,0.376041,1
9286,1,0.010000,0.000001,0.010464,0.376041,1
9287,1,0.010000,0.000001,0.010464,0.376041,1
9288,1,0.010000,0.000001,0.010464,0.376041,1
9289,1,0.010000,0.000001,0.010464,0.376041,1
9290,1,0.010000,0.000001,0.010464,0.376041,1
9291,1,0.010000,0.000001,0.010464,0.376041,1
9292,1,0.010000,0.000001,0.010464,0.376041,0
9293,1,0.010000,0.000001,0.010464,0.376041,1
9294,1,0.010000,0.000001,0.010464,0.376041,1
9295,1,0.010000,0.000001,0.010464,0.376041,1
9296,1,0.010000,0.000001,0.010464,0.376041,1
9297,1,0.010000,0.000001,0.010464,0.376041,0
9298,1,0.010000,0.000001,0.010464,0.376041,1
9299,1,0.010000,0.000001,0.010464,0.376041,1
9300,1,0.010000,0.000001,0.010464,0.376041,1
9301,1,0.010000,0.000001,0.010464,0.376041,1
9302,1,0.010000,0.000001,0.010464,0.376041,1
9303,1,0.010000,0.000001,0.010464,0.376041,1
9304,1,0.010000,0.000001,0.010464,0.376041,1
9305,1,0.010000,0.000001,0.010464,0.376041,1
9306,1,0.010000,0.000001,0.010464,0.376041,1
9307,1,0.010000,0.000001,0.010464,0.376041,1
9308,1,0.010000,0.000001,0.010464,0.376041,0
9309,1,0.010000,0.000001,0.010464,0.376041,1
9310,1,0.010000,0.000001,0.010464,0.376040,1
9311,1,0.010000,0.000001,0.010464,0.376040,1
9312,1,0.010000,0.000001,0.010464,0.376040,1
9313,1,0.010000,0.000001,0.010464,0.376040,1
9314,1,0.010000,0.000001,0.010464,0.376040,1
9315,1,0.010000,0.000001,0.010464,0.376040,1
9316,1,0.010000,0.000001,0.010464,0.376040,1
9317,1,0.010000,0.000001,0.010464,0.376040,1
9318,1,0.010000,0.000001,0.010464,0.376040,1
9319,1,0.010000,0.000001,0.010464,0.376040,1
9320,1,0.010000,0.000001,0.010464,0.376040,1
9321,1,0.010000,0.000001,0.010464,0.376040,1
9322,1,0.010000,0.000001,0.010464,0.376040,1
9323,1,0.010000,0.000001,0.010464,0.376040,1
9324,1,0.010000,0.000001,0.010464,0.376040,1
9325,1,0.010000,0.000001,0.010464,0.376040,1
9326,1,0.010000,0.000001,0.010464,0.376040,1
9327,1,0.010000,0.000001,0.010464,0.376040,1
9328,1,0.010000,0.000001,0.010464,0.376040,1
9329,1,0.010000,0.000001,0.010464,0.376040,1
9330,1,0.010000,0.000001,0.010464,0.376040,0
9331,1,0.010000,0.000001,0.010464,0.376040,1
9332,1,0.010000,0.000001,0.010464,0.376040,1
9333,1,0.010000,0.000001,0.010464,0.376040,1
9334,1,0.010000,0.000001,0.010464,0.376040,1
9335,1,0.010000,0.000001,0.010464,0.376040,1
9336,1,0.010000,0.000001,0.010464,0.376040,1
9337,1,0.010000,0.000001,0.010464,0.376040,1
9338,1,0.010000,0.000001,0.010464,0.376040,1
9339,1,0.010000,0.000001,0.010464,0.376040,1
9340,1,0.010000,0.000001,0.010464,0.376040,1
9341,1,0.010000,0.000001,0.010464,0.376040,1
9342,1,0.010000,0.000001,0.010464,0.376040,1
9343,1,0.010000,0.000001,0.010464,0.376040,1
9344,1,0.010000,0.000001,0.010464,0.376040,1
9345,1,0.010000,0.000001,0.010464,0.376040,0
9346,1,0.010000,0.000001,0.010464,0.376040,1
9347,1,0.010000,0.000001,0.010464,0.376040,1
9348,1,0.010000,0.000001,0.010464,0.376040,0
9349,1,0.010000,0.000001,0.010464,0.376040,1
9350,1,0.010000,0.000001,0.010464,0.376040,1
9351,1,0.010000,0.000001,0.010464,0.376040,1
9352,1,0.010000,0.000001,0.010464,0.376040,1
9353,1,0.010000,0.000001,0.010464,0.376040,1
9354,1,0.010000,0.000001,0.010464,0.376040,1
9355,1,0.010000,0.000001,0.010464,0.376040,1
9356,1,0.010000,0.000001,0.010464,0.376040,0
9357,1,0.010000,0.000001,0.010464,0.376040,1
9358,1,0.010000,0.000001,0.010464,0.376040,1
9359,1,0.010000,0.000001,0.010464,0.376040,1
9360,1,0.010000,0.000001,0.010464,0.376040,1
9361,1,0.010000,0.000001,0.010464,0.376040,1
9362,1,0.010000,0.000001,0.010464,0.376040,1
9363,1,0.010000,0.000001,0.010464,0.376040,1
9364,1,0.010000,0.000001,0.010464,0.376040,1
9365,1,0.010000,0.000001,0.010464,0.376040,1
9366,1,0.010000,0.000001,0.010464,0.376040,1
9367,1,0.010000,0.000001,0.010464,0.376040,1
9368,1,0.010000,0.000001,0.010464,0.376040,1
9369,1,0.010000,0.000001,0.010464,0.376040,1
9370,1,0.010000,0.000001,0.010464,0.376040,1
9371,1,0.010000,0.000001,0.010464,0.376040,0
9372,1,0.010000,0.000001,0.010464,0.376040,1
9373,1,0.010000,0.000001,0.010464,0.376040,1
9374,1,0.010000,0.000001,0.010464,0.376040,1
9375,1,0.010000,0.000001,0.010464,0.376040,1
9376,1,0.010000,0.000001,0.010464,0.376040,1
9377,1,0.010000,0.000001,0.010464,0.376040,1
9378,1,0.010000,0.000001,0.010464,0.376040,1
9379,1,0.010000,0.000001,0.010464,0.376040,1
9380,1,0.010000,0.000001,0.010464,0.376040,1
9381,1,0.010000,0.000001,0.010464,0.376040,1
9382,1,0.010000,0.000001,0.010464,0.376040,1
9383,1,0.010000,0.000001,0.010464,0.376040,1
9384,1,0.010000,0.000001,0.010464,0.376040,1
9385,1,0.010000,0.000001,0.010464,0.376040,1
9386,1,0.010000,0.000001,0.010464,0.376040,1
9387,1,0.010000,0.000001,0.010464,0.376040,1
9388,1,0.010000,0.000001,0.010464,0.376040,1
9389,1,0.010000,0.000001,0.010464,0.376040,1
9390,1,0.010000,0.000001,0.010464,0.376040,1
9391,1,0.010000,0.000001,0.010464,0.376040,1
9392,1,0.010000,0.000001,0.010464,0.376040,1
9393,1,0.010000,0.000001,0.010464,0.376040,1
9394,1,0.010000,0.000001,0.010464,0.376040,1
9395,1,0.010000,0.000001,0.010464,0.376040,0
9396,1,0.010000,0.000001,0.010464,0.376040,0
9397,1,0.010000,0.000001,0.010464,0.376040,1
9398,1,0.010000,0.000001,0.010464,0.376040,1
9399,1,0.010000,0.000001,0.010464,0.376040,1
9400,1,0.010000,0.000001,0.010464,0.376040,1
9401,1,0.010000,0.000001,0.010464,0.376040,1
9402,1,0.010000,0.000001,0.010464,0.376040,1
9403,1,0.010000,0.000001,0.010464,0.376040,1
9404,1,0.010000,0.000001,0.010464,0.376040,1
9405,1,0.010000,0.000001,0.010464,0.376040,1
9406,1,0.010000,0.000001,0.010464,0.376040,1
9407,1,0.010000,0.000001,0.010464,0.376040,0
9408,1,0.010000,0.000001,0.010464,0.376040,1
9409,1,0.010000,0.000001,0.010464,0.376040,1
9410,1,0.010000,0.000001,0.010464,0.376040,1
9411,1,0.010000,0.000001,0.010464,0.376040,1
9412,1,0.010000,0.000001,0.010464,0.376040,1
9413,1,0.010000,0.000001,0.010464,0.376040,1
9414,1,0.010000,0.000001,0.010464,0.376040,1
9415,1,0.010000,0.000001,0.010464,0.376040,1
9416,1,0.010000,0.000001,0.010464,0.376040,1
9417,1,0.010000,0.000001,0.010464,0.376040,1
9418,1,0.010000,0.000001,0.010464,0.376040,1
9419,1,0.010000,0.000001,0.010464,0.376040,1
9420,1,0.010000,0.000001,0.010464,0.376040,1
9421,1,0.010000,0.000001,0.010464,0.376040,1
9422,1,0.010000,0.000001,0.010464,0.376040,1
9423,1,0.010000,0.000001,0.010464,0.376040,0
9424,1,0.010000,0.000001,0.010464,0.376040,1
9425,1,0.010000,0.000001,0.010464,0.376040,1
9426,1,0.010000,0.000001,0.010464,0.376040,1
9427,1,0.010000,0.000001,0.010464,0.376040,0
9428,1,0.010000,0.000001,0.010464,0.376040,1
9429,1,0.010000,0.000001,0.010464,0.376040,1
9430,1,0.010000,0.000001,0.010464,0.376040,1
9431,1,0.010000,0.000001,0.010464,0.376040,1
9432,1,0.010000,0.000001,0.010464,0.376040,1
9433,1,0.010000,0.000001,0.010464,0.376040,1
9434,1,0.010000,0.000001,0.010464,0.376040,0
9435,1,0.010000,0.000001,0.010464,0.376040,1
9436,1,0.010000,0.000001,0.010464,0.376040,1
9437,1,0.010000,0.000001,0.010464,0.376040,1
9438,1,0.010000,0.000001,0.010464,0.376040,1
9439,1,0.010000,0.000001,0.010464,0.376040,1
9440,1,0.010000,0.000001,0.010464,0.376040,0
9441,1,0.010000,0.000001,0.010464,0.376040,1
9442,1,0.010000,0.000001,0.010464,0.376040,1
9443,1,0.010000,0.000001,0.010464,0.376040,1
9444,1,0.010000,0.000001,0.010464,0.376040,1
9445,1,0.010000,0.000001,0.010464,0.376040,1
9446,1,0.010000,0.000001,0.010464,0.376040,1
9447,1,0.010000,0.000001,0.010464,0.376040,1
9448,1,0.010000,0.000001,0.010464,0.376040,1
9449,1,0.010000,0.000001,0.010464,0.376040,1
9450,1,0.010000,0.000001,0.010464,0.376040,1
9451,1,0.010000,0.000001,0.010464,0.376040,1
9452,1,0.010000,0.000001,0.010464,0.376040,1
9453,1,0.010000,0.000001,0.010464,0.376040,1
9454,1,0.010000,0.000001,0.010464,0.376040,0
9455,1,0.010000,0.000001,0.010464,0.376040,1
9456,1,0.010000,0.000001,0.010464,0.376040,1
9457,1,0.010000,0.000001,0.010464,0.376040,1
9458,1,0.010000,0.000001,0.010464,0.376040,1
9459,1,0.010000,0.000001,0.010464,0.376040,1
9460,1,0.010000,0.000001,0.010464,0.376040,1
9461,1,0.010000,0.000001,0.010464,0.376040,1
9462,1,0.010000,0.000001,0.010464,0.376040,1
9463,1,0.010000,0.000001,0.010464,0.376040,1
9464,1,0.010000,0.000001,0.010464,0.376040,1
9465,1,0.010000,0.000001,0.010464,0.376040,1
9466,1,0.010000,0.000001,0.010464,0.376040,1
9467,1,0.010000,0.000001,0.010464,0.376040,0
9468,1,0.010000,0.000001,0.010464,0.376040,1
9469,1,0.010000,0.000001,0.010464,0.376040,0
9470,1,0.010000,0.000001,0.010464,0.376040,1
9471,1,0.010000,0.000001,0.010464,0.376040,0
9472,1,0.010000,0.000001,0.010464,0.376040,1
9473,1,0.010000,0.000001,0.010464,0.376040,1
9474,1,0.010000,0.000001,0.010464,0.376040,1
9475,1,0.010000,0.000001,0.010464,0.376040,1
9476,1,0.010000,0.000001,0.010464,0.376040,0
9477,1,0.010000,0.000001,0.010464,0.376040,1
9478,1,0.010000,0.000001,0.010464,0.376040,1
9479,1,0.010000,0.000001,0.010464,0.376040,1
9480,1,0.010000,0.000001,0.010464,0.376040,0
9481,1,0.010000,0.000001,0.010464,0.376040,1
9482,1,0.010000,0.000001,0.010464,0.376040,1
9483,1,0.010000,0.000001,0.010464,0.376040,1
9484,1,0.010000,0.000001,0.010464,0.376040,1
9485,1,0.010000,0.000001,0.010464,0.376040,1
9486,1,0.010000,0.000001,0.010464,0.376040,1
9487,1,0.010000,0.000001,0.010464,0.376040,1
9488,1,0.010000,0.000001,0.010464,0.376040,1
9489,1,0.010000,0.000001,0.010464,0.376040,1
9490,1,0.010000,0.000001,0.010464,0.376040,1
9491,1,0.010000,0.000001,0.010464,0.376040,1
9492,1,0.010000,0.000001,0.010464,0.376040,1
9493,1,0.010000,0.000001,0.010464,0.376040,1
9494,1,0.010000,0.000001,0.010464,0.376040,1
9495,1,0.010000,0.000001,0.010464,0.376040,0
9496,1,0.010000,0.000001,0.010464,0.376040,1
9497,1,0.010000,0.000001,0.010464,0.376040,0
9498,1,0.010000,0.000001,0.010464,0.376040,1
9499,1,0.010000,0.000001,0.010464,0.376040,1
9500,1,0.010000,0.000001,0.010464,0.376040,1
9501,1,0.010000,0.000001,0.010464,0.376040,0
9502,1,0.010000,0.000001,0.010464,0.376040,1
9503,1,0.010000,0.000001,0.010464,0.376040,1
9504,1,0.010000,0.000001,0.010464,0.376040,1
9505,1,0.010000,0.000001,0.010464,0.376040,1
9506,1,0.010000,0.000001,0.010464,0.376040,1
9507,1,0.010000,0.000001,0.010464,0.376040,1
9508,1,0.010000,0.000001,0.010464,0.376040,1
9509,1,0.010000,0.000001,0.010464,0.376040,1
9510,1,0.010000,0.000001,0.010464,0.376040,0
9511,1,0.010000,0.000001,0.010464,0.376040,1
9512,1,0.010000,0.000001,0.010464,0.376040,1
9513,1,0.010000,0.000001,0.010464,0.376040,1
9514,1,0.010000,0.000001,0.010464,0.376040,1
9515,1,0.010000,0.000001,0.010464,0.376040,1
9516,1,0.010000,0.000001,0.010464,0.376040,1
9517,1,0.010000,0.000001,0.010464,0.376040,1
9518,1,0.010000,0.000001,0.010464,0.376040,1
9519,1,0.010000,0.000001,0.010464,0.376040,1
9520,1,0.010000,0.000001,0.010464,0.376040,1
9521,1,0.010000,0.000001,0.010464,0.376040,1
9522,1,0.010000,0.000001,0.010464,0.376040,1
9523,1,0.010000,0.000001,0.010464,0.376040,1
9524,1,0.010000,0.000001,0.010464,0.376040,1
9525,1,0.010000,0.000001,0.010464,0.376040,1
9526,1,0.010000,0.000001,0.010464,0.376040,1
9527,1,0.010000,0.000001,0.010464,0.376040,1
9528,1,0.010000,0.000001,0.010464,0.376040,0
9529,1,0.010000,0.000001,0.010464,0.376040,1
9530,1,0.010000,0.000001,0.010464,0.376040,0
9531,1,0.010000,0.000001,0.010464,0.376040,1
9532,1,0.010000,0.000001,0.010464,0.376040,1
9533,1,0.010000,0.000001,0.010464,0.376040,1
9534,1,0.010000,0.000001,0.010464,0.376040,1
9535,1,0.010000,0.000001,0.010464,0.376040,1
9536,1,0.010000,0.000001,0.010464,0.376040,1
9537,1,0.010000,0.000001,0.010464,0.376040,1
9538,1,0.010000,0.000001,0.010464,0.376040,1
9539,1,0.010000,0.000001,0.010464,0.376040,1
9540,1,0.010000,0.000001,0.010464,0.376040,1
9541,1,0.010000,0.000001,0.010464,0.376040,1
9542,1,0.010000,0.000001,0.010464,0.376040,1
9543,1,0.010000,0.000001,0.010464,0.376040,1
9544,1,0.010000,0.000001,0.010464,0.376040,0
9545,1,0.010000,0.000001,0.010464,0.376040,1
9546,1,0.010000,0.000001,0.010464,0.376040,1
9547,1,0.010000,0.000001,0.010464,0.376040,1
9548,1,0.010000,0.000001,0.010464,0.376040,0
9549,1,0.010000,0.000001,0.010464,0.376040,1
9550,1,0.010000,0.000001,0.010464,0.376040,1
9551,1,0.010000,0.000001,0.010464,0.376040,1
9552,1,0.010000,0.000001,0.010464,0.376040,1
9553,1,0.010000,0.000001,0.010464,0.376040,1
9554,1,0.010000,0.000001,0.010464,0.376040,1
9555,1,0.010000,0.000001,0.010464,0.376040,1
9556,1,0.010000,0.000001,0.010464,0.376040,1
9557,1,0.010000,0.000001,0.010464,0.376040,1
9558,1,0.010000,0.000001,0.010464,0.376040,1
9559,1,0.010000,0.000001,0.010464,0.376040,1
9560,1,0.010000,0.000001,0.010464,0.376040,1
9561,1,0.010000,0.000001,0.010464,0.376040,1
9562,1,0.010000,0.000001,0.010464,0.376040,1
9563,1,0.010000,0.000001,0.010464,0.376040,1
9564,1,0.010000,0.000001,0.010464,0.376040,1
9565,1,0.010000,0.000001,0.010464,0.376040,1
9566,1,0.010000,0.000001,0.010464,0.376040,1
9567,1,0.010000,0.000001,0.010464,0.376040,1
9568,1,0.010000,0.000001,0.010464,0.376040,0
9569,1,0.010000,0.000001,0.010464,0.376040,1
9570,1,0.010000,0.000001,0.010464,0.376040,1
9571,1,0.010000,0.000001,0.010464,0.376040,1
9572,1,0.010000,0.000001,0.010464,0.376040,1
9573,1,0.010000,0.000001,0.010464,0.376040,0
9574,1,0.010000,0.000001,0.010464,0.376040,1
9575,1,0.010000,0.000001,0.010464,0.376040,1
9576,1,0.010000,0.000001,0.010464,0.376040,1
9577,1,0.010000,0.000001,0.010464,0.376040,1
9578,1,0.010000,0.000001,0.010464,0.376040,1
9579,1,0.010000,0.000001,0.010464,0.376040,1
9580,1,0.010000,0.000001,0.010464,0.376040,1
9581,1,0.010000,0.000001,0.010464,0.376040,1
9582,1,0.010000,0.000001,0.010464,0.376040,0
9583,1,0.010000,0.000001,0.010464,0.376040,1
9584,1,0.010000,0.000001,0.010464,0.376040,1
9585,1,0.010000,0.000001,0.010464,0.376040,1
9586,1,0.010000,0.000001,0.010464,0.376040,0
9587,1,0.010000,0.000001,0.010464,0.376040,1
9588,1,0.010000,0.000001,0.010464,0.376040,1
9589,1,0.010000,0.000001,0.010464,0.376040,1
9590,1,0.010000,0.000001,0.010464,0.376040,1
9591,1,0.010000,0.000001,0.010464,0.376040,1
9592,1,0.010000,0.000001,0.010464,0.376040,1
9593,1,0.010000,0.000001,0.010464,0.376040,1
9594,1,0.010000,0.000001,0.010464,0.376040,1
9595,1,0.010000,0.000001,0.010464,0.376040,0
9596,1,0.010000,0.000001,0.010464,0.376040,1
9597,1,0.010000,0.000001,0.010464,0.376040,1
9598,1,0.010000,0.000001,0.010464,0.376040,1
9599,1,0.010000,0.000001,0.010464,0.376040,1
9600,1,0.010000,0.000001,0.010464,0.376040,1
9601,1,0.010000,0.000001,0.010464,0.376040,1
9602,1,0.010000,0.000001,0.010464,0.376040,1
9603,1,0.010000,0.000001,0.010464,0.376040,1
9604,1,0.010000,0.000001,0.010464,0.376040,1
9605,1,0.010000,0.000001,0.010464,0.376040,0
9606,1,0.010000,0.000001,0.010464,0.376040,1
9607,1,0.010000,0.000001,0.010464,0.376040,1
9608,1,0.010000,0.000001,0.010464,0.376040,1
9609,1,0.010000,0.000001,0.010464,0.376040,1
9610,1,0.010000,0.000001,0.010464,0.376040,1
9611,1,0.010000,0.000001,0.010464,0.376040,0
9612,1,0.010000,0.000001,0.010464,0.376040,1
9613,1,0.010000,0.000001,0.010464,0.376040,1
9614,1,0.010000,0.000001,0.010464,0.376040,1
9615,1,0.010000,0.000001,0.010464,0.376040,1
9616,1,0.010000,0.000001,0.010464,0.376040,1
9617,1,0.010000,0.000001,0.010464,0.376040,1
9618,1,0.010000,0.000001,0.010464,0.376040,0
9619,1,0.010000,0.000001,0.010464,0.376040,1
9620,1,0.010000,0.000001,0.010464,0.376039,1
9621,1,0.010000,0.000001,0.010464,0.376039,1
9622,1,0.010000,0.000001,0.010464,0.376039,1
9623,1,0.010000,0.000001,0.010464,0.376039,1
9624,1,0.010000,0.000001,0.010464,0.376039,1
9625,1,0.010000,0.000001,0.010464,0.376039,1
9626,1,0.010000,0.000001,0.010464,0.376039,1
9627,1,0.010000,0.000001,0.010464,0.376039,0
9628,1,0.010000,0.000001,0.010464,0.376039,1
9629,1,0.010000,0.000001,0.010464,0.376039,1
9630,1,0.010000,0.000001,0.010464,0.376039,1
9631,1,0.010000,0.000001,0.010464,0.376039,1
9632,1,0.010000,0.000001,0.010464,0.376039,1
9633,1,0.010000,0.000001,0.010464,0.376039,1
9634,1,0.010000,0.000001,0.010464,0.376039,1
9635,1,0.010000,0.000001,0.010464,0.376039,1
9636,1,0.010000,0.000001,0.010464,0.376039,1
9637,1,0.010000,0.000001,0.010464,0.376039,1
9638,1,0.010000,0.000001,0.010464,0.376039,1
9639,1,0.010000,0.000001,0.010464,0.376039,1
9640,1,0.010000,0.000001,0.010464,0.376039,0
9641,1,0.010000,0.000001,0.010464,0.376039,1
9642,1,0.010000,0.000001,0.010464,0.376039,1
9643,1,0.010000,0.000001,0.010464,0.376039,1
9644,1,0.010000,0.000001,0.010464,0.376039,1
9645,1,0.010000,0.000001,0.010464,0.376039,1
9646,1,0.010000,0.000001,0.010464,0.376039,0
9647,1,0.010000,0.000001,0.010464,0.376039,1
9648,1,0.010000,0.000001,0.010464,0.376039,1
9649,1,0.010000,0.000001,0.010464,0.376039,1
9650,1,0.010000,0.000001,0.010464,0.376039,1
9651,1,0.010000,0.000001,0.010464,0.376039,0
9652,1,0.010000,0.000001,0.010464,0.376039,1
9653,1,0.010000,0.000001,0.010464,0.376039,1
9654,1,0.010000,0.000001,0.010464,0.376039,1
9655,1,0.010000,0.000001,0.010464,0.376039,1
9656,1,0.010000,0.000001,0.010464,0.376039,1
9657,1,0.010000,0.000001,0.010464,0.376039,1
9658,1,0.010000,0.000001,0.010464,0.376039,1
9659,1,0.010000,0.000001,0.010464,0.376039,1
9660,1,0.010000,0.000001,0.010464,0.376039,1
9661,1,0.010000,0.000001,0.010464,0.376039,1
9662,1,0.010000,0.000001,0.010464,0.376039,0
9663,1,0.010000,0.000001,0.010464,0.376039,1
9664,1,0.010000,0.000001,0.010464,0.376039,1
9665,1,0.010000,0.000001,0.010464,0.376039,0
9666,1,0.010000,0.000001,0.010464,0.376039,0
9667,1,0.010000,0.000001,0.010464,0.376039,1
9668,1,0.010000,0.000001,0.010464,0.376039,1
9669,1,0.010000,0.000001,0.010464,0.376039,1
9670,1,0.010000,0.000001,0.010464,0.376039,1
9671,1,0.010000,0.000001,0.010464,0.376039,1
9672,1,0.010000,0.000001,0.010464,0.376039,0
9673,1,0.010000,0.000001,0.010464,0.376039,1
9674,1,0.010000,0.000001,0.010464,0.376039,0
9675,1,0.010000,0.000001,0.010464,0.376039,1
9676,1,0.010000,0.000001,0.010464,0.376039,0
9677,1,0.010000,0.000001,0.010464,0.376039,0
9678,1,0.010000,0.000001,0.010464,0.376039,1
9679,1,0.010000,0.000001,0.010464,0.376039,1
9680,1,0.010000,0.000001,0.010464,0.376039,1
9681,1,0.010000,0.000001,0.010464,0.376039,1
9682,1,0.010000,0.000001,0.010464,0.376039,1
9683,1,0.010000,0.000001,0.010464,0.376039,1
9684,1,0.010000,0.000001,0.010464,0.376039,0
9685,1,0.010000,0.000001,0.010464,0.376039,1
9686,1,0.010000,0.000001,0.010464,0.376039,1
9687,1,0.010000,0.000001,0.010464,0.376039,1
9688,1,0.010000,0.000001,0.010464,0.376039,1
9689,1,0.010000,0.000001,0.010464,0.376039,1
9690,1,0.010000,0.000001,0.010464,0.376039,1
9691,1,0.010000,0.000001,0.010464,0.376039,1
9692,1,0.010000,0.000001,0.010464,0.376039,1
9693,1,0.010000,0.000001,0.010464,0.376039,0
9694,1,0.010000,0.000001,0.010464,0.376039,1
9695,1,0.010000,0.000001,0.010464,0.376039,1
9696,1,0.010000,0.000001,0.010464,0.376039,1
9697,1,0.010000,0.000001,0.010464,0.376039,1
9698,1,0.010000,0.000001,0.010464,0.376039,1
9699,1,0.010000,0.000001,0.010464,0.376039,1
9700,1,0.010000,0.000001,0.010464,0.376039,1
9701,1,0.010000,0.000001,0.010464,0.376039,0
9702,1,0.010000,0.000001,0.010464,0.376039,1
9703,1,0.010000,0.000001,0.010464,0.376039,1
9704,1,0.010000,0.000001,0.010464,0.376039,1
9705,1,0.010000,0.000001,0.010464,0.376039,1
9706,1,0.010000,0.000001,0.010464,0.376039,1
9707,1,0.010000,0.000001,0.010464,0.376039,1
9708,1,0.010000,0.000001,0.010464,0.376039,1
9709,1,0.010000,0.000001,0.010464,0.376039,1
9710,1,0.010000,0.000001,0.010464,0.376039,1
9711,1,0.010000,0.000001,0.010464,0.376039,1
9712,1,0.010000,0.000001,0.010464,0.376039,1
9713,1,0.010000,0.000001,0.010464,0.376039,1
9714,1,0.010000,0.000001,0.010464,0.376039,0
9715,1,0.010000,0.000001,0.010464,0.376039,1
9716,1,0.010000,0.000001,0.010464,0.376039,1
9717,1,0.010000,0.000001,0.010464,0.376039,1
9718,1,0.010000,0.000001,0.010464,0.376039,1
9719,1,0.010000,0.000001,0.010464,0.376039,0
9720,1,0.010000,0.000001,0.010464,0.376039,1
9721,1,0.010000,0.000001,0.010464,0.376039,1
9722,1,0.010000,0.000001,0.010464,0.376039,1
9723,1,0.010000,0.000001,0.010464,0.376039,1
9724,1,0.010000,0.000001,0.010464,0.376039,1
9725,1,0.010000,0.000001,0.010464,0.376039,0
9726,1,0.010000,0.000001,0.010464,0.376039,1
9727,1,0.010000,0.000001,0.010464,0.376039,1
9728,1,0.010000,0.000001,0.010464,0.376039,1
9729,1,0.010000,0.000001,0.010464,0.376039,1
9730,1,0.010000,0.000001,0.010464,0.376039,1
9731,1,0.010000,0.000001,0.010464,0.376039,1
9732,1,0.010000,0.000001,0.010464,0.376039,1
9733,1,0.010000,0.000001,0.010464,0.376039,1
9734,1,0.010000,0.000001,0.010464,0.376039,1
9735,1,0.010000,0.000001,0.010464,0.376039,1
9736,1,0.010000,0.000001,0.010464,0.376039,1
9737,1,0.010000,0.000001,0.010464,0.376039,1
9738,1,0.010000,0.000001,0.010464,0.376039,1
9739,1,0.010000,0.000001,0.010464,0.376039,1
9740,1,0.010000,0.000001,0.010464,0.376039,1
9741,1,0.010000,0.000001,0.010464,0.376039,1
9742,1,0.010000,0.000001,0.010464,0.376039,1
9743,1,0.010000,0.000001,0.010464,0.376039,1
9744,1,0.010000,0.000001,0.010464,0.376039,1
9745,1,0.010000,0.000001,0.010464,0.376039,1
9746,1,0.010000,0.000001,0.010464,0.376039,1
9747,1,0.010000,0.000001,0.010464,0.376039,0
9748,1,0.010000,0.000001,0.010464,0.376039,1
9749,1,0.010000,0.000001,0.010464,0.376039,1
9750,1,0.010000,0.000001,0.010464,0.376039,1
9751,1,0.010000,0.000001,0.010464,0.376039,1
9752,1,0.010000,0.000001,0.010464,0.376039,1
9753,1,0.010000,0.000001,0.010464,0.376039,1
9754,1,0.010000,0.000001,0.010464,0.376039,1
9755,1,0.010000,0.000001,0.010464,0.376039,1
9756,1,0.010000,0.000001,0.010464,0.376039,1
9757,1,0.010000,0.000001,0.010464,0.376039,1
9758,1,0.010000,0.000001,0.010464,0.376039,1
9759,1,0.010000,0.000001,0.010464,0.376039,1
9760,1,0.010000,0.000001,0.010464,0.376039,1
9761,1,0.010000,0.000001,0.010464,0.376039,1
9762,1,0.010000,0.000001,0.010464,0.376039,1
9763,1,0.010000,0.000001,0.010464,0.376039,1
9764,1,0.010000,0.000001,0.010464,0.376039,0
9765,1,0.010000,0.000001,0.010464,0.376039,1
9766,1,0.010000,0.000001,0.010464,0.376039,1
9767,1,0.010000,0.000001,0.010464,0.376039,1
9768,1,0.010000,0.000001,0.010464,0.376039,1
9769,1,0.010000,0.000001,0.010464,0.376039,1
9770,1,0.010000,0.000001,0.010464,0.376039,0
9771,1,0.010000,0.000001,0.010464,0.376039,1
9772,1,0.010000,0.000001,0.010464,0.376039,1
9773,1,0.010000,0.000001,0.010464,0.376039,1
9774,1,0.010000,0.000001,0.010464,0.376039,1
9775,1,0.010000,0.000001,0.010464,0.376039,1
9776,1,0.010000,0.000001,0.010464,0.376039,1
9777,1,0.010000,0.000001,0.010464,0.376039,1
9778,1,0.010000,0.000001,0.010464,0.376039,1
9779,1,0.010000,0.000001,0.010464,0.376039,1
9780,1,0.010000,0.000001,0.010464,0.376039,1
9781,1,0.010000,0.000001,0.010464,0.376039,1
9782,1,0.010000,0.000001,0.010464,0.376039,1
9783,1,0.010000,0.000001,0.010464,0.376039,0
9784,1,0.010000,0.000001,0.010464,0.376039,1
9785,1,0.010000,0.000001,0.010464,0.376039,1
9786,1,0.010000,0.000001,0.010464,0.376039,1
9787,1,0.010000,0.000001,0.010464,0.376039,1
9788,1,0.010000,0.000001,0.010464,0.376039,1
9789,1,0.010000,0.000001,0.010464,0.376039,1
9790,1,0.010000,0.000001,0.010464,0.376039,1
9791,1,0.010000,0.000001,0.010464,0.376039,1
9792,1,0.010000,0.000001,0.010464,0.376039,1
9793,1,0.010000,0.000001,0.010464,0.376039,1
9794,1,0.010000,0.000001,0.010464,0.376039,1
9795,1,0.010000,0.000001,0.010464,0.376039,1
9796,1,0.010000,0.000001,0.010464,0.376039,1
9797,1,0.010000,0.000001,0.010464,0.376039,1
9798,1,0.010000,0.000001,0.010464,0.376039,1
9799,1,0.010000,0.000001,0.010464,0.376039,1
9800,1,0.010000,0.000001,0.010464,0.376039,1
9801,1,0.010000,0.000001,0.010464,0.376039,1
9802,1,0.010000,0.000001,0.010464,0.376039,1
9803,1,0.010000,0.000001,0.010464,0.376039,0
9804,1,0.010000,0.000001,0.010464,0.376039,1
9805,1,0.010000,0.000001,0.010464,0.376039,1
9806,1,0.010000,0.000001,0.010464,0.376039,1
9807,1,0.010000,0.000001,0.010464,0.376039,1
9808,1,0.010000,0.000001,0.010464,0.376039,1
9809,1,0.010000,0.000001,0.010464,0.376039,1
9810,1,0.010000,0.000001,0.010464,0.376039,1
9811,1,0.010000,0.000001,0.010464,0.376039,1
9812,1,0.010000,0.000001,0.010464,0.376039,1
9813,1,0.010000,0.000001,0.010464,0.376039,1
9814,1,0.010000,0.000001,0.010464,0.376039,1
9815,1,0.010000,0.000001,0.010464,0.376039,1
9816,1,0.010000,0.000001,0.010464,0.376039,1
9817,1,0.010000,0.000001,0.010464,0.376039,1
9818,1,0.010000,0.000001,0.010464,0.376039,1
9819,1,0.010000,0.000001,0.010464,0.376039,1
9820,1,0.010000,0.000001,0.010464,0.376039,1
9821,1,0.010000,0.000001,0.010464,0.376039,1
9822,1,0.010000,0.000001,0.010464,0.376039,1
9823,1,0.010000,0.000001,0.010464,0.376039,1
9824,1,0.010000,0.000001,0.010464,0.376039,0
9825,1,0.010000,0.000001,0.010464,0.376039,1
9826,1,0.010000,0.000001,0.010464,0.376039,1
9827,1,0.010000,0.000001,0.010464,0.376039,1
9828,1,0.010000,0.000001,0.010464,0.376039,0
9829,1,0.010000,0.000001,0.010464,0.376039,1
9830,1,0.010000,0.000001,0.010464,0.376039,1
9831,1,0.010000,0.000001,0.010464,0.376039,1
9832,1,0.010000,0.000001,0.010464,0.376039,1
9833,1,0.010000,0.000001,0.010464,0.376039,1
9834,1,0.010000,0.000001,0.010464,0.376039,1
9835,1,0.010000,0.000001,0.010464,0.376039,1
9836,1,0.010000,0.000001,0.010464,0.376039,1
9837,1,0.010000,0.000001,0.010464,0.376039,1
9838,1,0.010000,0.000001,0.010464,0.376039,1
9839,1,0.010000,0.000001,0.010464,0.376039,0
9840,1,0.010000,0.000001,0.010464,0.376039,1
9841,1,0.010000,0.000001,0.010464,0.376039,1
9842,1,0.010000,0.000001,0.010464,0.376039,1
9843,1,0.010000,0.000001,0.010464,0.376039,1
9844,1,0.010000,0.000001,0.010464,0.376039,1
9845,1,0.010000,0.000001,0.010464,0.376039,1
9846,1,0.010000,0.000001,0.010464,0.376039,1
9847,1,0.010000,0.000001,0.010464,0.376039,1
9848,1,0.010000,0.000001,0.010464,0.376039,1
9849,1,0.010000,0.000001,0.010464,0.376039,1
9850,1,0.010000,0.000001,0.010464,0.376039,1
9851,1,0.010000,0.000001,0.010464,0.376039,1
9852,1,0.010000,0.000001,0.010464,0.376039,1
9853,1,0.010000,0.000001,0.010464,0.376039,1
9854,1,0.010000,0.000001,0.010464,0.376039,1
9855,1,0.010000,0.000001,0.010464,0.376039,1
9856,1,0.010000,0.000001,0.010464,0.376039,1
9857,1,0.010000,0.000001,0.010464,0.376039,1
9858,1,0.010000,0.000001,0.010464,0.376039,1
9859,1,0.010000,0.000001,0.010464,0.376039,0
9860,1,0.010000,0.000001,0.010464,0.376039,1
9861,1,0.010000,0.000001,0.010464,0.376039,1
9862,1,0.010000,0.000001,0.010464,0.376039,1
9863,1,0.010000,0.000001,0.010464,0.376039,1
9864,1,0.010000,0.000001,0.010464,0.376039,1
9865,1,0.010000,0.000001,0.010464,0.376039,0
9866,1,0.010000,0.000001,0.010464,0.376039,1
9867,1,0.010000,0.000001,0.010464,0.376039,1
9868,1,0.010000,0.000001,0.010464,0.376039,1
9869,1,0.010000,0.000001,0.010464,0.376039,1
9870,1,0.010000,0.000001,0.010464,0.376039,1
9871,1,0.010000,0.000001,0.010464,0.376039,1
9872,1,0.010000,0.000001,0.010464,0.376039,1
9873,1,0.010000,0.000001,0.010464,0.376039,1
9874,1,0.010000,0.000001,0.010464,0.376039,1
9875,1,0.010000,0.000001,0.010464,0.376039,1
9876,1,0.010000,0.000001,0.010464,0.376039,0
9877,1,0.010000,0.000001,0.010464,0.376039,1
9878,1,0.010000,0.000001,0.010464,0.376039,1
9879,1,0.010000,0.000001,0.010464,0.376039,1
9880,1,0.010000,0.000001,0.010464,0.376039,1
9881,1,0.010000,0.000001,0.010464,0.376039,1
9882,1,0.010000,0.000001,0.010464,0.376039,1
9883,1,0.010000,0.000001,0.010464,0.376039,1
9884,1,0.010000,0.000001,0.010464,0.376039,1
9885,1,0.010000,0.000001,0.010464,0.376039,1
9886,1,0.010000,0.000001,0.010464,0.376039,1
9887,1,0.010000,0.000001,0.010464,0.376039,1
9888,1,0.010000,0.000001,0.010464,0.376039,1
9889,1,0.010000,0.000001,0.010464,0.376039,1
9890,1,0.010000,0.000001,0.010464,0.376039,1
9891,1,0.010000,0.000001,0.010464,0.376039,1
9892,1,0.010000,0.000001,0.010464,0.376039,1
9893,1,0.010000,0.000001,0.010464,0.376039,1
9894,1,0.010000,0.000001,0.010464,0.376039,1
9895,1,0.010000,0.000001,0.010464,0.376039,1
9896,1,0.010000,0.000001,0.010464,0.376039,1
9897,1,0.010000,0.000001,0.010464,0.376039,1
9898,1,0.010000,0.000001,0.010464,0.376039,1
9899,1,0.010000,0.000001,0.010464,0.376039,1
9900,1,0.010000,0.000001,0.010464,0.376039,1
9901,1,0.010000,0.000001,0.010464,0.376039,1
9902,1,0.010000,0.000001,0.010464,0.376039,1
9903,1,0.010000,0.000001,0.010464,0.376039,1
9904,1,0.010000,0.000001,0.010464,0.376039,1
9905,1,0.010000,0.000001,0.010464,0.376039,1
9906,1,0.010000,0.000001,0.010464,0.376039,0
9907,1,0.010000,0.000001,0.010464,0.376039,1
9908,1,0.010000,0.000001,0.010464,0.376039,1
9909,1,0.010000,0.000001,0.010464,0.376039,0
9910,1,0.010000,0.000001,0.010464,0.376039,1
9911,1,0.010000,0.000001,0.010464,0.376039,1
9912,1,0.010000,0.000001,0.010464,0.376039,1
9913,1,0.010000,0.000001,0.010464,0.376039,1
9914,1,0.010000,0.000001,0.010464,0.376039,1
9915,1,0.010000,0.000001,0.010464,0.376039,1
9916,1,0.010000,0.000001,0.010464,0.376039,1
9917,1,0.010000,0.000001,0.010464,0.376039,1
9918,1,0.010000,0.000001,0.010464,0.376039,1
9919,1,0.010000,0.000001,0.010464,0.376039,1
9920,1,0.010000,0.000001,0.010464,0.376039,0
9921,1,0.010000,0.000001,0.010464,0.376039,1
9922,1,0.010000,0.000001,0.010464,0.376039,1
9923,1,0.010000,0.000001,0.010464,0.376039,1
9924,1,0.010000,0.000001,0.010464,0.376039,1
9925,1,0.010000,0.000001,0.010464,0.376039,1
9926,1,0.010000,0.000001,0.010464,0.376039,1
9927,1,0.010000,0.000001,0.010464,0.376039,1
9928,1,0.010000,0.000001,0.010464,0.376039,1
9929,1,0.010000,0.000001,0.010464,0.376039,1
9930,1,0.010000,0.000001,0.010464,0.376039,0
9931,1,0.010000,0.000001,0.010464,0.376039,1
9932,1,0.010000,0.000001,0.010464,0.376039,1
9933,1,0.010000,0.000001,0.010464,0.376039,1
9934,1,0.010000,0.000001,0.010464,0.376039,1
9935,1,0.010000,0.000001,0.010464,0.376039,1
9936,1,0.010000,0.000001,0.010464,0.376039,1
9937,1,0.010000,0.000001,0.010464,0.376039,1
9938,1,0.010000,0.000001,0.010464,0.376039,1
9939,1,0.010000,0.000001,0.010464,0.376039,1
9940,1,0.010000,0.000001,0.010464,0.376039,1
9941,1,0.010000,0.000001,0.010464,0.376039,1
9942,1,0.010000,0.000001,0.010464,0.376039,1
9943,1,0.010000,0.000001,0.010464,0.376039,1
9944,1,0.010000,0.000001,0.010464,0.376039,1
9945,1,0.010000,0.000001,0.010464,0.376039,1
9946,1,0.010000,0.000001,0.010464,0.376039,1
9947,1,0.010000,0.000001,0.010464,0.376039,1
9948,1,0.010000,0.000001,0.010464,0.376039,1
9949,1,0.010000,0.000001,0.010464,0.376039,1
9950,1,0.010000,0.000001,0.010464,0.376039,1
9951,1,0.010000,0.000001,0.010464,0.376039,1
9952,1,0.010000,0.000001,0.010464,0.376039,1
9953,1,0.010000,0.000001,0.010464,0.376039,1
9954,1,0.010000,0.000001,0.010464,0.376039,1
9955,1,0.010000,0.000001,0.010464,0.376039,1
9956,1,0.010000,0.000001,0.010464,0.376039,1
9957,1,0.010000,0.000001,0.010464,0.376039,1
9958,1,0.010000,0.000001,0.010464,0.376039,1
9959,1,0.010000,0.000001,0.010464,0.376039,1
9960,1,0.010000,0.000001,0.010464,0.376039,1
9961,1,0.010000,0.000001,0.010464,0.376039,1
9962,1,0.010000,0.000001,0.010464,0.376039,1
9963,1,0.010000,0.000001,0.010464,0.376039,1
9964,1,0.010000,0.000001,0.010464,0.376039,1
9965,1,0.010000,0.000001,0.010464,0.376039,0
9966,1,0.010000,0.000001,0.010464,0.376039,1
9967,1,0.010000,0.000001,0.010464,0.376039,1
9968,1,0.010000,0.000001,0.010464,0.376039,1
9969,1,0.010000,0.000001,0.010464,0.376038,1
9970,1,0.010000,0.000001,0.010464,0.376038,1
9971,1,0.010000,0.000001,0.010464,0.376038,1
9972,1,0.010000,0.000001,0.010464,0.376038,1
9973,1,0.010000,0.000001,0.010464,0.376038,0
9974,1,0.010000,0.000001,0.010464,0.376038,1
9975,1,0.010000,0.000001,0.010464,0.376038,1
9976,1,0.010000,0.000001,0.010464,0.376038,1
9977,1,0.010000,0.000001,0.010464,0.376038,0
9978,1,0.010000,0.000001,0.010464,0.376038,0
9979,1,0.010000,0.000001,0.010464,0.376038,1
9980,1,0.010000,0.000001,0.010464,0.376038,1
9981,1,0.010000,0.000001,0.010464,0.376038,1
9982,1,0.010000,0.000001,0.010464,0.376038,1
9983,1,0.010000,0.000001,0.010464,0.376038,1
9984,1,0.010000,0.000001,0.010464,0.376038,1
9985,1,0.010000,0.000001,0.010464,0.376038,1
9986,1,0.010000,0.000001,0.010464,0.376038,1
9987,1,0.010000,0.000001,0.010464,0.376038,1
9988,1,0.010000,0.000001,0.010464,0.376038,1
9989,1,0.010000,0.000001,0.010464,0.376038,1
9990,1,0.010000,0.000001,0.010464,0.376038,1
9991,1,0.010000,0.000001,0.010464,0.376038,1
9992,1,0.010000,0.000001,0.010464,0.376038,1
9993,1,0.010000,0.000001,0.010464,0.376038,1
9994,1,0.010000,0.000001,0.010464,0.376038,1
9995,1,0.010000,0.000001,0.010464,0.376038,1
9996,1,0.010000,0.000001,0.010464,0.376038,0
9997,1,0.010000,0.000001,0.010464,0.376038,1
9998,1,0.010000,0.000001,0.010464,0.376038,1
9999,1,0.010000,0.000001,0.010464,0.376038,1
10000,0,0.010000,0.000001,0.010464,0.376038,1
10001,0,5.398397,0.000001,0.010464,0.376036,1
10002,0,0.194955,0.000000,0.010464,0.376034,1
10003,0,11.245638,0.000000,0.010464,0.376032,1
10004,0,0.010000,0.000000,0.010464,0.376031,1
10005,0,0.010000,0.000000,0.010464,0.376030,1
10006,0,1.673284,0.000000,0.010464,0.376030,1
10007,0,4.987113,0.000000,0.010464,0.376029,0
10008,0,0.010000,0.000000,0.010464,0.376029,1
10009,0,3.590945,0.000000,0.010464,0.376028,1
10010,0,0.091378,0.000000,0.010464,0.376028,1
10011,0,5.260594,0.000000,0.010464,0.376028,1
10012,0,0.010000,0.000000,0.010464,0.376027,0
10013,0,0.276269,0.000000,0.010464,0.376027,1
10014,0,4.503854,0.000000,0.010464,0.376027,1
10015,0,0.010000,0.000000,0.010464,0.376027,1
10016,0,0.299924,0.000000,0.010464,0.376027,1
10017,0,3.560335,0.000000,0.010464,0.376027,1
10018,0,0.010000,0.000000,0.010464,0.376027,1
10019,0,0.706733,0.000000,0.010464,0.376027,1
10020,0,2.317548,0.000000,0.010464,0.376027,1
10021,0,0.098921,0.000000,0.010464,0.376027,1
10022,0,2.060430,0.000000,0.010464,0.376027,1
10023,0,0.135946,0.000000,0.010464,0.376027,1
10024,0,1.899063,0.000000,0.010464,0.376027,1
10025,0,0.149949,0.000000,0.010464,0.376027,1
10026,0,1.664510,0.000000,0.010464,0.376027,1
10027,0,0.205557,0.000000,0.010464,0.376027,1
10028,0,1.527598,0.000000,0.010464,0.376027,1
10029,0,0.224718,0.000000,0.010464,0.376027,1
10030,0,1.345686,0.000231,0.010464,0.376027,1
10031,0,0.278324,0.000754,0.010464,0.379321,1
10032,0,1.197536,0.001477,0.010464,0.387534,1
10033,0,0.321093,0.002330,0.010464,0.400739,0
10034,0,1.052300,0.003257,0.010464,0.419224,1
10035,0,0.369734,0.004216,0.010464,0.442954,1
10036,0,0.916756,0.005177,0.010464,0.471153,1
10037,0,0.417178,0.006114,0.010464,0.502194,1
10038,0,0.793601,0.007012,0.010464,0.533887,0
10039,0,0.458081,0.007858,0.010464,0.564071,1
10040,0,0.687509,0.008644,0.010464,0.591142,1
10041,0,0.485742,0.009365,0.010464,0.614284,1
10042,0,0.602933,0.010019,0.010464,0.633371,1
10043,0,0.495647,0.010606,0.010464,0.648727,1
10044,0,0.540806,0.011126,0.010464,0.660884,1
10045,0,0.488905,0.011581,0.010464,0.670413,1
10046,0,0.497044,0.011973,0.010464,0.677837,1
10047,0,0.471403,0.012306,0.010464,0.683598,1
10048,0,0.464989,0.012584,0.010464,0.688047,1
10049,0,0.449494,0.012809,0.010464,0.691459,0
10050,0,0.439115,0.012985,0.010464,0.694044,1
10051,0,0.427108,0.013117,0.010464,0.695962,1
10052,0,0.416427,0.013208,0.010464,0.697333,1
10053,0,0.405814,0.013262,0.010464,0.698248,1
10054,0,0.395728,0.013281,0.010464,0.698773,0
10055,0,0.385974,0.013269,0.010464,0.698961,0
10056,0,0.376593,0.013230,0.010464,0.698848,1
10057,0,0.367550,0.013166,0.010464,0.698462,1
10058,0,0.358832,0.013080,0.010464,0.697823,1
10059,0,0.350424,0.012974,0.010464,0.696945,1
10060,0,0.342310,0.012851,0.010464,0.695838,1
10061,0,0.334478,0.012713,0.010464,0.694510,1
10062,0,0.326914,0.012562,0.010464,0.692964,1
10063,0,0.319605,0.012400,0.010464,0.691203,1
10064,0,0.312542,0.012228,0.010464,0.689229,1
10065,0,0.305712,0.012049,0.010464,0.687044,1
10066,0,0.299106,0.011863,0.010464,0.684647,1
10067,0,0.292714,0.011672,0.010464,0.682040,1
10068,0,0.286526,0.011476,0.010464,0.679225,0
10069,0,0.280535,0.011277,0.010464,0.676205,0
10070,0,0.274731,0.011077,0.010464,0.672982,1
10071,0,0.269107,0.010874,0.010464,0.669561,1
10072,0,0.263655,0.010671,0.010464,0.665947,0
10073,0,0.258370,0.010468,0.010464,0.662148,0
10074,0,0.253243,0.010266,0.010464,0.658172,1
10075,0,0.248268,0.010065,0.010464,0.654028,0
10076,0,0.243441,0.009865,0.010464,0.649727,1
10077,0,0.238754,0.009667,0.010464,0.645280,1
10078,0,0.234202,0.009472,0.010464,0.640701,1
10079,0,0.229781,0.009279,0.010464,0.636004,1
10080,0,0.225484,0.009088,0.010464,0.631202,0
10081,0,0.221309,0.008901,0.010464,0.626311,0
10082,0,0.217249,0.008717,0.010464,0.621345,1
10083,0,0.213301,0.008536,0.010464,0.616320,1
10084,0,0.209461,0.008359,0.010464,0.611251,1
10085,0,0.205725,0.008185,0.010464,0.606154,0
10086,0,0.202089,0.008014,0.010464,0.601042,1
10087,0,0.198549,0.007848,0.010464,0.595929,1
10088,0,0.195102,0.007684,0.010464,0.590830,1
10089,0,0.191745,0.007525,0.010464,0.585756,0
10090,0,0.188475,0.007369,0.010464,0.580720,1
10091,0,0.185289,0.007217,0.010464,0.575732,1
10092,0,0.182184,0.007069,0.010464,0.570802,1
10093,0,0.179157,0.006924,0.010464,0.565938,1
10094,0,0.176205,0.006782,0.010464,0.561149,1
10095,0,0.173327,0.006644,0.010464,0.556442,1
10096,0,0.170519,0.006510,0.010464,0.551823,0
10097,0,0.167780,0.006379,0.010464,0.547296,1
10098,0,0.165107,0.006251,0.010464,0.542866,1
10099,0,0.162498,0.006127,0.010464,0.538536,1
10100,0,0.159951,0.006006,0.010464,0.534310,0
10101,0,0.157464,0.005887,0.010464,0.530188,1
10102,0,0.155035,0.005772,0.010464,0.526172,1
10103,0,0.152662,0.005660,0.010464,0.522264,1
10104,0,0.150344,0.005551,0.010464,0.518462,0
10105,0,0.148079,0.005445,0.010464,0.514768,1
10106,0,0.145866,0.005341,0.010464,0.511179,1
10107,0,0.143702,0.005240,0.010464,0.507696,1
10108,0,0.141586,0.005142,0.010464,0.504316,1
10109,0,0.139518,0.005046,0.010464,0.501039,0
10110,0,0.137495,0.004953,0.010464,0.497862,1
10111,0,0.135516,0.004863,0.010464,0.494783,1
10112,0,0.133579,0.004774,0.010464,0.491801,1
10113,0,0.131685,0.004688,0.010464,0.488912,1
10114,0,0.129831,0.004604,0.010464,0.486115,0
10115,0,0.128016,0.004522,0.010464,0.483407,1
10116,0,0.126240,0.004442,0.010464,0.480786,1
10117,0,0.124501,0.004365,0.010464,0.478248,1
10118,0,0.122797,0.004289,0.010464,0.475792,0
10119,0,0.121129,0.004215,0.010464,0.473415,0
10120,0,0.119495,0.004143,0.010464,0.471114,0
10121,0,0.117894,0.004073,0.010464,0.468888,0
10122,0,0.116326,0.004005,0.010464,0.466732,1
10123,0,0.114789,0.003938,0.010464,0.464646,0
10124,0,0.113283,0.003873,0.010464,0.462626,1
10125,0,0.111806,0.003809,0.010464,0.460671,1
10126,0,0.110358,0.003747,0.010464,0.458777,1
10127,0,0.108939,0.003687,0.010464,0.456944,1
10128,0,0.107547,0.003628,0.010464,0.455168,0
10129,0,0.106182,0.003570,0.010464,0.453448,1
10130,0,0.104843,0.003514,0.010464,0.451781,0
10131,0,0.103530,0.003459,0.010464,0.450166,1
10132,0,0.102241,0.003405,0.010464,0.448601,1
10133,0,0.100977,0.003353,0.010464,0.447084,0
10134,0,0.099736,0.003301,0.010464,0.445613,1
10135,0,0.098519,0.003251,0.010464,0.444187,1
10136,0,0.097323,0.003202,0.010464,0.442803,0
10137,0,0.096150,0.003155,0.010464,0.441461,0
10138,0,0.094998,0.003108,0.010464,0.440159,1
10139,0,0.093866,0.003062,0.010464,0.438895,1
10140,0,0.092755,0.003018,0.010464,0.437668,1
10141,0,0.091664,0.002974,0.010464,0.436477,1
10142,0,0.090593,0.002931,0.010464,0.435319,1
10143,0,0.089540,0.002889,0.010464,0.434195,1
10144,0,0.088505,0.002848,0.010464,0.433103,0
10145,0,0.087489,0.002808,0.010464,0.432042,1
10146,0,0.086490,0.002769,0.010464,0.431010,1
10147,0,0.085509,0.002731,0.010464,0.430007,1
10148,0,0.084544,0.002693,0.010464,0.429032,1
10149,0,0.083596,0.002656,0.010464,0.428083,1
10150,0,0.082664,0.002620,0.010464,0.427160,0
10151,0,0.081748,0.002585,0.010464,0.426262,1
10152,0,0.080846,0.002550,0.010464,0.425387,1
10153,0,0.079960,0.002517,0.010464,0.424536,1
10154,0,0.079089,0.002483,0.010464,0.423707,1
10155,0,0.078232,0.002451,0.010464,0.422899,1
10156,0,0.077389,0.002419,0.010464,0.422113,1
10157,0,0.076560,0.002388,0.010464,0.421346,1
10158,0,0.075744,0.002357,0.010464,0.420599,1
10159,0,0.074941,0.002327,0.010464,0.419871,0
10160,0,0.074151,0.002298,0.010464,0.419161,1
10161,0,0.073374,0.002269,0.010464,0.418469,1
10162,0,0.072609,0.002240,0.010464,0.417793,1
10163,0,0.071856,0.002212,0.010464,0.417134,1
10164,0,0.071115,0.002185,0.010464,0.416492,1
10165,0,0.070386,0.002158,0.010464,0.415864,1
10166,0,0.069667,0.002132,0.010464,0.415251,1
10167,0,0.068960,0.002106,0.010464,0.414653,1
10168,0,0.068264,0.002081,0.010464,0.414069,1
10169,0,0.067578,0.002056,0.010464,0.413499,0
10170,0,0.066903,0.002032,0.010464,0.412941,1
10171,0,0.066238,0.002008,0.010464,0.412397,0
10172,0,0.065583,0.001984,0.010464,0.411864,1
10173,0,0.064938,0.001961,0.010464,0.411344,0
10174,0,0.064302,0.001938,0.010464,0.410835,0
10175,0,0.063676,0.001916,0.010464,0.410338,0
10176,0,0.063059,0.001894,0.010464,0.409852,0
10177,0,0.062451,0.001872,0.010464,0.409376,1
10178,0,0.061852,0.001851,0.010464,0.408911,1
10179,0,0.061262,0.001830,0.010464,0.408455,0
10180,0,0.060680,0.001810,0.010464,0.408009,1
10181,0,0.060107,0.001790,0.010464,0.407573,1
10182,0,0.059542,0.001770,0.010464,0.407146,1
10183,0,0.058984,0.001750,0.010464,0.406728,1
10184,0,0.058435,0.001731,0.010464,0.406319,0
10185,0,0.057894,0.001713,0.010464,0.405918,1
10186,0,0.057360,0.001694,0.010464,0.405525,1
10187,0,0.056833,0.001676,0.010464,0.405140,1
10188,0,0.056314,0.001658,0.010464,0.404763,1
10189,0,0.055802,0.001640,0.010464,0.404393,0
10190,0,0.055297,0.001623,0.010464,0.404031,1
10191,0,0.054799,0.001606,0.010464,0.403676,1
10192,0,0.054308,0.001589,0.010464,0.403328,1
10193,0,0.053823,0.001573,0.010464,0.402987,1
10194,0,0.053346,0.001556,0.010464,0.402652,1
10195,0,0.052874,0.001540,0.010464,0.402324,1
10196,0,0.052409,0.001524,0.010464,0.402001,1
10197,0,0.051950,0.001509,0.010464,0.401685,1
10198,0,0.051497,0.001494,0.010464,0.401375,1
10199,0,0.051050,0.001479,0.010464,0.401071,1
10200,0,0.050609,0.001464,0.010464,0.400773,1
10201,0,0.050174,0.001449,0.010464,0.400480,1
10202,0,0.049744,0.001435,0.010464,0.400192,0
10203,0,0.049320,0.001421,0.010464,0.399909,1
10204,0,0.048901,0.001407,0.010464,0.399632,0
10205,0,0.048488,0.001393,0.010464,0.399360,1
10206,0,0.048080,0.001379,0.010464,0.399092,1
10207,0,0.047678,0.001366,0.010464,0.398829,1
10208,0,0.047280,0.001353,0.010464,0.398571,1
10209,0,0.046888,0.001340,0.010464,0.398317,1
10210,0,0.046500,0.001327,0.010464,0.398068,1
10211,0,0.046117,0.001315,0.010464,0.397823,1
10212,0,0.045740,0.001302,0.010464,0.397582,1
10213,0,0.045366,0.001290,0.010464,0.397346,1
10214,0,0.044998,0.001278,0.010464,0.397113,1
10215,0,0.044634,0.001266,0.010464,0.396884,1
10216,0,0.044274,0.001254,0.010464,0.396659,1
10217,0,0.043919,0.001243,0.010464,0.396438,0
10218,0,0.043568,0.001231,0.010464,0.396221,1
10219,0,0.043221,0.001220,0.010464,0.396007,1
10220,0,0.042879,0.001209,0.010464,0.395797,1
10221,0,0.042541,0.001198,0.010464,0.395590,0
10222,0,0.042206,0.001187,0.010464,0.395386,0
10223,0,0.041876,0.001177,0.010464,0.395186,1
10224,0,0.041550,0.001166,0.010464,0.394988,1
10225,0,0.041227,0.001156,0.010464,0.394794,1
10226,0,0.040909,0.001146,0.010464,0.394603,1
10227,0,0.040594,0.001135,0.010464,0.394415,1
10228,0,0.040283,0.001125,0.010464,0.394230,1
10229,0,0.039975,0.001116,0.010464,0.394048,1
10230,0,0.039671,0.001106,0.010464,0.393869,0
10231,0,0.039370,0.001096,0.010464,0.393692,0
10232,0,0.039073,0.001087,0.010464,0.393518,1
10233,0,0.038780,0.001078,0.010464,0.393347,1
10234,0,0.038489,0.001068,0.010464,0.393178,1
10235,0,0.038202,0.001059,0.010464,0.393012,1
10236,0,0.037919,0.001050,0.010464,0.392849,0
10237,0,0.037638,0.001042,0.010464,0.392687,0
10238,0,0.037361,0.001033,0.010464,0.392529,1
10239,0,0.037086,0.001024,0.010464,0.392372,1
10240,0,0.036815,0.001016,0.010464,0.392218,1
10241,0,0.036547,0.001007,0.010464,0.392066,0
10242,0,0.036282,0.000999,0.010464,0.391916,0
10243,0,0.036019,0.000991,0.010464,0.391768,1
10244,0,0.035760,0.000983,0.010464,0.391623,1
10245,0,0.035503,0.000975,0.010464,0.391479,1
10246,0,0.035249,0.000967,0.010464,0.391338,1
10247,0,0.034998,0.000959,0.010464,0.391199,1
10248,0,0.034750,0.000951,0.010464,0.391061,0
10249,0,0.034504,0.000944,0.010464,0.390926,0
10250,0,0.034261,0.000936,0.010464,0.390792,1
10251,0,0.034021,0.000929,0.010464,0.390660,1
10252,0,0.033783,0.000921,0.010464,0.390530,1
10253,0,0.033548,0.000914,0.010464,0.390402,1
10254,0,0.033315,0.000907,0.010464,0.390275,0
10255,0,0.033085,0.000900,0.010464,0.390151,1
10256,0,0.032857,0.000893,0.010464,0.390027,1
10257,0,0.032631,0.000886,0.010464,0.389906,1
10258,0,0.032408,0.000879,0.010464,0.389786,1
10259,0,0.032187,0.000872,0.010464,0.389668,0
10260,0,0.031969,0.000866,0.010464,0.389551,1
10261,0,0.031753,0.000859,0.010464,0.389436,1
10262,0,0.031538,0.000852,0.010464,0.389322,0
10263,0,0.031327,0.000846,0.010464,0.389210,1
10264,0,0.031117,0.000840,0.010464,0.389100,1
10265,0,0.030909,0.000833,0.010464,0.388990,1
10266,0,0.030704,0.000827,0.010464,0.388882,1
10267,0,0.030501,0.000821,0.010464,0.388776,1
10268,0,0.030299,0.000815,0.010464,0.388671,1
10269,0,0.030100,0.000809,0.010464,0.388567,1
10270,0,0.029903,0.000803,0.010464,0.388464,1
10271,0,0.029707,0.000797,0.010464,0.388363,1
10272,0,0.029514,0.000791,0.010464,0.388263,0
10273,0,0.029322,0.000785,0.010464,0.388165,1
10274,0,0.029133,0.000780,0.010464,0.388067,0
10275,0,0.028945,0.000774,0.010464,0.387971,1
10276,0,0.028759,0.000768,0.010464,0.387876,1
10277,0,0.028575,0.000763,0.010464,0.387782,1
10278,0,0.028393,0.000757,0.010464,0.387689,1
10279,0,0.028212,0.000752,0.010464,0.387597,1
10280,0,0.028034,0.000747,0.010464,0.387507,1
10281,0,0.027857,0.000741,0.010464,0.387417,1
10282,0,0.027681,0.000736,0.010464,0.387329,1
10283,0,0.027508,0.000731,0.010464,0.387242,0
10284,0,0.027336,0.000726,0.010464,0.387155,1
10285,0,0.027165,0.000721,0.010464,0.387070,1
10286,0,0.026997,0.000716,0.010464,0.386986,1
10287,0,0.026830,0.000711,0.010464,0.386902,1
10288,0,0.026664,0.000706,0.010464,0.386820,1
10289,0,0.026500,0.000701,0.010464,0.386739,1
10290,0,0.026338,0.000696,0.010464,0.386658,0
10291,0,0.026177,0.000691,0.010464,0.386579,0
10292,0,0.026017,0.000687,0.010464,0.386500,1
10293,0,0.025859,0.000682,0.010464,0.386422,1
10294,0,0.025703,0.000677,0.010464,0.386346,1
10295,0,0.025548,0.000673,0.010464,0.386270,1
10296,0,0.025394,0.000668,0.010464,0.386195,1
10297,0,0.025242,0.000664,0.010464,0.386120,1
10298,0,0.025091,0.000659,0.010464,0.386047,1
10299,0,0.024942,0.000655,0.010464,0.385974,1
10300,0,0.024794,0.000651,0.010464,0.385903,0
10301,0,0.024647,0.000646,0.010464,0.385832,1
10302,0,0.024502,0.000642,0.010464,0.385761,1
10303,0,0.024358,0.000638,0.010464,0.385692,0
10304,0,0.024215,0.000634,0.010464,0.385623,0
10305,0,0.024073,0.000630,0.010464,0.385555,1
10306,0,0.023933,0.000625,0.010464,0.385488,0
10307,0,0.023794,0.000621,0.010464,0.385422,0
10308,0,0.023656,0.000617,0.010464,0.385356,1
10309,0,0.023520,0.000613,0.010464,0.385291,0
10310,0,0.023384,0.000609,0.010464,0.385226,0
10311,0,0.023250,0.000606,0.010464,0.385163,1
10312,0,0.023117,0.000602,0.010464,0.385100,1
10313,0,0.022985,0.000598,0.010464,0.385037,1
10314,0,0.022855,0.000594,0.010464,0.384976,1
10315,0,0.022725,0.000590,0.010464,0.384915,0
10316,0,0.022597,0.000587,0.010464,0.384854,1
10317,0,0.022469,0.000583,0.010464,0.384794,0
10318,0,0.022343,0.000579,0.010464,0.384735,1
10319,0,0.022218,0.000576,0.010464,0.384677,1
10320,0,0.022094,0.000572,0.010464,0.384619,0
10321,0,0.021971,0.000569,0.010464,0.384561,1
10322,0,0.021849,0.000565,0.010464,0.384505,1
10323,0,0.021728,0.000562,0.010464,0.384448,1
10324,0,0.021608,0.000558,0.010464,0.384393,1
10325,0,0.021489,0.000555,0.010464,0.384338,1
10326,0,0.021371,0.000551,0.010464,0.384283,0
10327,0,0.021255,0.000548,0.010464,0.384229,1
10328,0,0.021139,0.000545,0.010464,0.384176,1
10329,0,0.021024,0.000541,0.010464,0.384123,0
10330,0,0.020910,0.000538,0.010464,0.384071,1
10331,0,0.020797,0.000535,0.010464,0.384019,1
10332,0,0.020684,0.000532,0.010464,0.383967,1
10333,0,0.020573,0.000528,0.010464,0.383917,1
10334,0,0.020463,0.000525,0.010464,0.383866,0
10335,0,0.020354,0.000522,0.010464,0.383816,0
10336,0,0.020245,0.000519,0.010464,0.383767,1
10337,0,0.020137,0.000516,0.010464,0.383718,1
10338,0,0.020031,0.000513,0.010464,0.383670,0
10339,0,0.019925,0.000510,0.010464,0.383622,1
10340,0,0.019820,0.000507,0.010464,0.383574,1
10341,0,0.019716,0.000504,0.010464,0.383527,1
10342,0,0.019612,0.000501,0.010464,0.383481,1
10343,0,0.019510,0.000498,0.010464,0.383434,1
10344,0,0.019408,0.000495,0.010464,0.383389,1
10345,0,0.019307,0.000492,0.010464,0.383343,0
10346,0,0.019207,0.000490,0.010464,0.383298,1
10347,0,0.019108,0.000487,0.010464,0.383254,1
10348,0,0.019010,0.000484,0.010464,0.383210,0
10349,0,0.018912,0.000481,0.010464,0.383166,1
10350,0,0.018815,0.000479,0.010464,0.383123,1
10351,0,0.018719,0.000476,0.010464,0.383080,1
10352,0,0.018623,0.000473,0.010464,0.383038,1
10353,0,0.018529,0.000471,0.010464,0.382996,0
10354,0,0.018435,0.000468,0.010464,0.382954,1
10355,0,0.018341,0.000465,0.010464,0.382913,1
10356,0,0.018249,0.000463,0.010464,0.382872,1
10357,0,0.018157,0.000460,0.010464,0.382832,1
10358,0,0.018066,0.000458,0.010464,0.382791,1
10359,0,0.017976,0.000455,0.010464,0.382752,1
10360,0,0.017886,0.000452,0.010464,0.382712,1
10361,0,0.017797,0.000450,0.010464,0.382673,1
10362,0,0.017709,0.000448,0.010464,0.382634,1
10363,0,0.017621,0.000445,0.010464,0.382596,0
10364,0,0.017534,0.000443,0.010464,0.382558,0
10365,0,0.017448,0.000440,0.010464,0.382520,1
10366,0,0.017362,0.000438,0.010464,0.382483,1
10367,0,0.017277,0.000435,0.010464,0.382446,1
10368,0,0.017193,0.000433,0.010464,0.382409,1
10369,0,0.017109,0.000431,0.010464,0.382373,1
10370,0,0.017026,0.000428,0.010464,0.382337,1
10371,0,0.016943,0.000426,0.010464,0.382301,1
10372,0,0.016861,0.000424,0.010464,0.382265,1
10373,0,0.016780,0.000422,0.010464,0.382230,1
10374,0,0.016699,0.000419,0.010464,0.382195,0
10375,0,0.016619,0.000417,0.010464,0.382161,1
10376,0,0.016540,0.000415,0.010464,0.382126,0
10377,0,0.016461,0.000413,0.010464,0.382092,0
10378,0,0.016383,0.000411,0.010464,0.382059,1
10379,0,0.016305,0.000408,0.010464,0.382025,1
10380,0,0.016228,0.000406,0.010464,0.381992,1
10381,0,0.016151,0.000404,0.010464,0.381959,0
10382,0,0.016075,0.000402,0.010464,0.381927,1
10383,0,0.015999,0.000400,0.010464,0.381894,0
10384,0,0.015924,0.000398,0.010464,0.381862,1
10385,0,0.015850,0.000396,0.010464,0.381831,1
10386,0,0.015776,0.000394,0.010464,0.381799,1
10387,0,0.015703,0.000392,0.010464,0.381768,0
10388,0,0.015630,0.000390,0.010464,0.381737,1
10389,0,0.015557,0.000388,0.010464,0.381706,1
10390,0,0.015485,0.000386,0.010464,0.381676,1
10391,0,0.015414,0.000384,0.010464,0.381645,1
10392,0,0.015343,0.000382,0.010464,0.381615,1
10393,0,0.015273,0.000380,0.010464,0.381586,1
10394,0,0.015203,0.000378,0.010464,0.381556,0
10395,0,0.015134,0.000376,0.010464,0.381527,1
10396,0,0.015065,0.000374,0.010464,0.381498,1
10397,0,0.014997,0.000372,0.010464,0.381469,1
10398,0,0.014929,0.000371,0.010464,0.381440,0
10399,0,0.014861,0.000369,0.010464,0.381412,1
10400,0,0.014794,0.000367,0.010464,0.381384,1
10401,0,0.014728,0.000365,0.010464,0.381356,1
10402,0,0.014662,0.000363,0.010464,0.381328,0
10403,0,0.014596,0.000361,0.010464,0.381301,1
10404,0,0.014531,0.000360,0.010464,0.381274,1
10405,0,0.014466,0.000358,0.010464,0.381247,1
10406,0,0.014402,0.000356,0.010464,0.381220,1
10407,0,0.014338,0.000354,0.010464,0.381193,1
10408,0,0.014275,0.000353,0.010464,0.381167,1
10409,0,0.014212,0.000351,0.010464,0.381141,1
10410,0,0.014149,0.000349,0.010464,0.381115,0
10411,0,0.014087,0.000348,0.010464,0.381089,1
10412,0,0.014026,0.000346,0.010464,0.381063,0
10413,0,0.013964,0.000344,0.010464,0.381038,1
10414,0,0.013904,0.000343,0.010464,0.381013,1
10415,0,0.013843,0.000341,0.010464,0.380988,1
10416,0,0.013783,0.000339,0.010464,0.380963,0
10417,0,0.013723,0.000338,0.010464,0.380938,1
10418,0,0.013664,0.000336,0.010464,0.380914,0
10419,0,0.013605,0.000334,0.010464,0.380890,1
10420,0,0.013547,0.000333,0.010464,0.380865,1
10421,0,0.013489,0.000331,0.010464,0.380842,1
10422,0,0.013431,0.000330,0.010464,0.380818,0
10423,0,0.013374,0.000328,0.010464,0.380794,0
10424,0,0.013317,0.000327,0.010464,0.380771,1
10425,0,0.013260,0.000325,0.010464,0.380748,0
10426,0,0.013204,0.000324,0.010464,0.380725,1
10427,0,0.013148,0.000322,0.010464,0.380702,1
10428,0,0.013093,0.000321,0.010464,0.380679,1
10429,0,0.013038,0.000319,0.010464,0.380657,0
10430,0,0.012983,0.000318,0.010464,0.380634,1
10431,0,0.012929,0.000316,0.010464,0.380612,1
10432,0,0.012874,0.000315,0.010464,0.380590,1
10433,0,0.012821,0.000313,0.010464,0.380568,1
10434,0,0.012767,0.000312,0.010464,0.380547,1
10435,0,0.012714,0.000310,0.010464,0.380525,1
10436,0,0.012662,0.000309,0.010464,0.380504,0
10437,0,0.012609,0.000308,0.010464,0.380482,1
10438,0,0.012557,0.000306,0.010464,0.380461,1
10439,0,0.012506,0.000305,0.010464,0.380440,1
10440,0,0.012454,0.000303,0.010464,0.380420,1
10441,0,0.012403,0.000302,0.010464,0.380399,1
10442,0,0.012353,0.000301,0.010464,0.380379,1
10443,0,0.012302,0.000299,0.010464,0.380358,1
10444,0,0.012252,0.000298,0.010464,0.380338,0
10445,0,0.012202,0.000297,0.010464,0.380318,1
10446,0,0.012153,0.000295,0.010464,0.380298,1
10447,0,0.012104,0.000294,0.010464,0.380278,1
10448,0,0.012055,0.000293,0.010464,0.380259,1
10449,0,0.012007,0.000291,0.010464,0.380239,1
10450,0,0.011958,0.000290,0.010464,0.380220,0
10451,0,0.011910,0.000289,0.010464,0.380201,1
10452,0,0.011863,0.000288,0.010464,0.380182,1
10453,0,0.011815,0.000286,0.010464,0.380163,1
10454,0,0.011768,0.000285,0.010464,0.380144,1
10455,0,0.011722,0.000284,0.010464,0.380125,1
10456,0,0.011675,0.000283,0.010464,0.380106,1
10457,0,0.011629,0.000281,0.010464,0.380088,0
10458,0,0.011583,0.000280,0.010464,0.380070,1
10459,0,0.011537,0.000279,0.010464,0.380052,1
10460,0,0.011492,0.000278,0.010464,0.380033,0
10461,0,0.011447,0.000277,0.010464,0.380016,1
10462,0,0.011402,0.000275,0.010464,0.379998,0
10463,0,0.011358,0.000274,0.010464,0.379980,1
10464,0,0.011313,0.000273,0.010464,0.379962,0
10465,0,0.011269,0.000272,0.010464,0.379945,1
10466,0,0.011226,0.000271,0.010464,0.379928,1
10467,0,0.011182,0.000270,0.010464,0.379910,1
10468,0,0.011139,0.000268,0.010464,0.379893,1
10469,0,0.011096,0.000267,0.010464,0.379876,1
10470,0,0.011053,0.000266,0.010464,0.379859,1
10471,0,0.011011,0.000265,0.010464,0.379843,1
10472,0,0.010969,0.000264,0.010464,0.379826,1
10473,0,0.010927,0.000263,0.010464,0.379809,1
10474,0,0.010885,0.000262,0.010464,0.379793,0
10475,0,0.010844,0.000261,0.010464,0.379777,1
10476,0,0.010802,0.000260,0.010464,0.379760,1
10477,0,0.010761,0.000258,0.010464,0.379744,1
10478,0,0.010721,0.000257,0.010464,0.379728,1
10479,0,0.010680,0.000256,0.010464,0.379712,1
10480,0,0.010640,0.000255,0.010464,0.379697,1
10481,0,0.010600,0.000254,0.010464,0.379681,0
10482,0,0.010560,0.000253,0.010464,0.379665,1
10483,0,0.010520,0.000252,0.010464,0.379650,1
10484,0,0.010481,0.000251,0.010464,0.379634,1
10485,0,0.010442,0.000250,0.010464,0.379619,1
10486,0,0.010403,0.000249,0.010464,0.379604,0
10487,0,0.010365,0.000248,0.010464,0.379589,1
10488,0,0.010326,0.000247,0.010464,0.379574,1
10489,0,0.010288,0.000246,0.010464,0.379559,0
10490,0,0.010250,0.000245,0.010464,0.379544,0
10491,0,0.010212,0.000244,0.010464,0.379529,1
10492,0,0.010175,0.000243,0.010464,0.379515,0
10493,0,0.010137,0.000242,0.010464,0.379500,1
10494,0,0.010100,0.000241,0.010464,0.379486,0
10495,0,0.010063,0.000240,0.010464,0.379471,1
10496,0,0.010026,0.000239,0.010464,0.379457,1
10497,0,0.010000,0.000238,0.010464,0.379443,1
10498,0,0.010000,0.000237,0.010464,0.379429,1
10499,0,0.010000,0.000236,0.010464,0.379415,1
10500,0,0.010000,0.000235,0.010464,0.379401,1
10501,0,0.010000,0.000234,0.010464,0.379387,0
10502,0,0.010000,0.000233,0.010464,0.379373,1
10503,0,0.010000,0.000233,0.010464,0.379360,1
10504,0,0.010000,0.000232,0.010464,0.379346,0
10505,0,0.010000,0.000231,0.010464,0.379333,1
10506,0,0.010000,0.000230,0.010464,0.379319,1
10507,0,0.010000,0.000229,0.010464,0.379306,1
10508,0,0.010000,0.000228,0.010464,0.379293,0
10509,0,0.010000,0.000227,0.010464,0.379279,0
10510,0,0.010000,0.000226,0.010464,0.379266,1
10511,0,0.010000,0.000225,0.010464,0.379253,1
10512,0,0.010000,0.000224,0.010464,0.379240,1
10513,0,0.010000,0.000224,0.010464,0.379228,0
10514,0,0.010000,0.000223,0.010464,0.379215,1
10515,0,0.010000,0.000222,0.010464,0.379202,0
10516,0,0.010000,0.000221,0.010464,0.379190,1
10517,0,0.010000,0.000220,0.010464,0.379177,1
10518,0,0.010000,0.000219,0.010464,0.379165,1
10519,0,0.010000,0.000218,0.010464,0.379152,1
10520,0,0.010000,0.000218,0.010464,0.379140,1
10521,0,0.010000,0.000217,0.010464,0.379128,0
10522,0,0.010000,0.000216,0.010464,0.379115,0
10523,0,0.010000,0.000215,0.010464,0.379103,1
10524,0,0.010000,0.000214,0.010464,0.379091,0
10525,0,0.010000,0.000214,0.010464,0.379079,1
10526,0,0.010000,0.000213,0.010464,0.379067,1
10527,0,0.010000,0.000212,0.010464,0.379056,1
10528,0,0.010000,0.000211,0.010464,0.379044,1
10529,0,0.010000,0.000210,0.010464,0.379032,0
10530,0,0.010000,0.000210,0.010464,0.379021,0
10531,0,0.010000,0.000209,0.010464,0.379009,1
10532,0,0.010000,0.000208,0.010464,0.378998,0
10533,0,0.010000,0.000207,0.010464,0.378986,1
10534,0,0.010000,0.000206,0.010464,0.378975,1
10535,0,0.010000,0.000206,0.010464,0.378964,1
10536,0,0.010000,0.000205,0.010464,0.378952,1
10537,0,0.010000,0.000204,0.010464,0.378941,1
10538,0,0.010000,0.000203,0.010464,0.378930,0
10539,0,0.010000,0.000203,0.010464,0.378919,1
10540,0,0.010000,0.000202,0.010464,0.378908,1
10541,0,0.010000,0.000201,0.010464,0.378897,1
10542,0,0.010000,0.000200,0.010464,0.378887,0
10543,0,0.010000,0.000200,0.010464,0.378876,1
10544,0,0.010000,0.000199,0.010464,0.378865,1
10545,0,0.010000,0.000198,0.010464,0.378854,0
10546,0,0.010000,0.000198,0.010464,0.378844,0
10547,0,0.010000,0.000197,0.010464,0.378833,1
10548,0,0.010000,0.000196,0.010464,0.378823,0
10549,0,0.010000,0.000195,0.010464,0.378812,1
10550,0,0.010000,0.000195,0.010464,0.378802,0
10551,0,0.010000,0.000194,0.010464,0.378792,1
10552,0,0.010000,0.000193,0.010464,0.378782,1
10553,0,0.010000,0.000193,0.010464,0.378771,1
10554,0,0.010000,0.000192,0.010464,0.378761,0
10555,0,0.010000,0.000191,0.010464,0.378751,1
10556,0,0.010000,0.000191,0.010464,0.378741,1
10557,0,0.010000,0.000190,0.010464,0.378731,1
10558,0,0.010000,0.000189,0.010464,0.378721,1
10559,0,0.010000,0.000188,0.010464,0.378712,1
10560,0,0.010000,0.000188,0.010464,0.378702,1
10561,0,0.010000,0.000187,0.010464,0.378692,0
10562,0,0.010000,0.000186,0.010464,0.378682,0
10563,0,0.010000,0.000186,0.010464,0.378673,1
10564,0,0.010000,0.000185,0.010464,0.378663,0
10565,0,0.010000,0.000185,0.010464,0.378654,0
10566,0,0.010000,0.000184,0.010464,0.378644,1
10567,0,0.010000,0.000183,0.010464,0.378635,1
10568,0,0.010000,0.000183,0.010464,0.378625,1
10569,0,0.010000,0.000182,0.010464,0.378616,1
10570,0,0.010000,0.000181,0.010464,0.378607,0
10571,0,0.010000,0.000181,0.010464,0.378598,1
10572,0,0.010000,0.000180,0.010464,0.378588,0
10573,0,0.010000,0.000179,0.010464,0.378579,1
10574,0,0.010000,0.000179,0.010464,0.378570,1
10575,0,0.010000,0.000178,0.010464,0.378561,0
10576,0,0.010000,0.000178,0.010464,0.378552,1
10577,0,0.010000,0.000177,0.010464,0.378543,0
10578,0,0.010000,0.000176,0.010464,0.378535,1
10579,0,0.010000,0.000176,0.010464,0.378526,1
10580,0,0.010000,0.000175,0.010464,0.378517,1
10581,0,0.010000,0.000175,0.010464,0.378508,1
10582,0,0.010000,0.000174,0.010464,0.378499,0
10583,0,0.010000,0.000173,0.010464,0.378491,1
10584,0,0.010000,0.000173,0.010464,0.378482,1
10585,0,0.010000,0.000172,0.010464,0.378474,0
10586,0,0.010000,0.000172,0.010464,0.378465,1
10587,0,0.010000,0.000171,0.010464,0.378457,0
10588,0,0.010000,0.000170,0.010464,0.378448,1
10589,0,0.010000,0.000170,0.010464,0.378440,1
10590,0,0.010000,0.000169,0.010464,0.378432,1
10591,0,0.010000,0.000169,0.010464,0.378423,1
10592,0,0.010000,0.000168,0.010464,0.378415,1
10593,0,0.010000,0.000168,0.010464,0.378407,0
10594,0,0.010000,0.000167,0.010464,0.378399,0
10595,0,0.010000,0.000166,0.010464,0.378391,1
10596,0,0.010000,0.000166,0.010464,0.378383,1
10597,0,0.010000,0.000165,0.010464,0.378375,0
10598,0,0.010000,0.000165,0.010464,0.378367,1
10599,0,0.010000,0.000164,0.010464,0.378359,0
10600,0,0.010000,0.000164,0.010464,0.378351,0
10601,0,0.010000,0.000163,0.010464,0.378343,1
10602,0,0.010000,0.000163,0.010464,0.378335,1
10603,0,0.010000,0.000162,0.010464,0.378327,0
10604,0,0.010000,0.000162,0.010464,0.378319,0
10605,0,0.010000,0.000161,0.010464,0.378312,0
10606,0,0.010000,0.000160,0.010464,0.378304,1
10607,0,0.010000,0.000160,0.010464,0.378296,0
10608,0,0.010000,0.000159,0.010464,0.378289,1
10609,0,0.010000,0.000159,0.010464,0.378281,1
10610,0,0.010000,0.000158,0.010464,0.378274,1
10611,0,0.010000,0.000158,0.010464,0.378266,1
10612,0,0.010000,0.000157,0.010464,0.378259,0
10613,0,0.010000,0.000157,0.010464,0.378251,1
10614,0,0.010000,0.000156,0.010464,0.378244,1
10615,0,0.010000,0.000156,0.010464,0.378237,0
10616,0,0.010000,0.000155,0.010464,0.378229,1
10617,0,0.010000,0.000155,0.010464,0.378222,1
10618,0,0.010000,0.000154,0.010464,0.378215,1
10619,0,0.010000,0.000154,0.010464,0.378208,1
10620,0,0.010000,0.000153,0.010464,0.378201,1
10621,0,0.010000,0.000153,0.010464,0.378194,1
10622,0,0.010000,0.000152,0.010464,0.378186,1
10623,0,0.010000,0.000152,0.010464,0.378179,1
10624,0,0.010000,0.000151,0.010464,0.378172,1
10625,0,0.010000,0.000151,0.010464,0.378165,1
10626,0,0.010000,0.000150,0.010464,0.378158,1
10627,0,0.010000,0.000150,0.010464,0.378152,0
10628,0,0.010000,0.000149,0.010464,0.378145,1
10629,0,0.010000,0.000149,0.010464,0.378138,1
10630,0,0.010000,0.000149,0.010464,0.378131,0
10631,0,0.010000,0.000148,0.010464,0.378124,1
10632,0,0.010000,0.000148,0.010464,0.378118,1
10633,0,0.010000,0.000147,0.010464,0.378111,1
10634,0,0.010000,0.000147,0.010464,0.378104,0
10635,0,0.010000,0.000146,0.010464,0.378098,0
10636,0,0.010000,0.000146,0.010464,0.378091,1
10637,0,0.010000,0.000145,0.010464,0.378084,1
10638,0,0.010000,0.000145,0.010464,0.378078,0
10639,0,0.010000,0.000144,0.010464,0.378071,0
10640,0,0.010000,0.000144,0.010464,0.378065,1
10641,0,0.010000,0.000144,0.010464,0.378058,1
10642,0,0.010000,0.000143,0.010464,0.378052,0
10643,0,0.010000,0.000143,0.010464,0.378046,1
10644,0,0.010000,0.000142,0.010464,0.378039,1
10645,0,0.010000,0.000142,0.010464,0.378033,0
10646,0,0.010000,0.000141,0.010464,0.378027,1
10647,0,0.010000,0.000141,0.010464,0.378020,1
10648,0,0.010000,0.000140,0.010464,0.378014,0
10649,0,0.010000,0.000140,0.010464,0.378008,1
10650,0,0.010000,0.000140,0.010464,0.378002,0
10651,0,0.010000,0.000139,0.010464,0.377995,1
10652,0,0.010000,0.000139,0.010464,0.377989,1
10653,0,0.010000,0.000138,0.010464,0.377983,1
10654,0,0.010000,0.000138,0.010464,0.377977,0
10655,0,0.010000,0.000137,0.010464,0.377971,1
10656,0,0.010000,0.000137,0.010464,0.377965,1
10657,0,0.010000,0.000137,0.010464,0.377959,0
10658,0,0.010000,0.000136,0.010464,0.377953,1
10659,0,0.010000,0.000136,0.010464,0.377947,1
10660,0,0.010000,0.000135,0.010464,0.377941,1
10661,0,0.010000,0.000135,0.010464,0.377936,1
10662,0,0.010000,0.000135,0.010464,0.377930,1
10663,0,0.010000,0.000134,0.010464,0.377924,0
10664,0,0.010000,0.000134,0.010464,0.377918,0
10665,0,0.010000,0.000133,0.010464,0.377912,1
10666,0,0.010000,0.000133,0.010464,0.377907,1
10667,0,0.010000,0.000133,0.010464,0.377901,1
10668,0,0.010000,0.000132,0.010464,0.377895,0
10669,0,0.010000,0.000132,0.010464,0.377889,1
10670,0,0.010000,0.000131,0.010464,0.377884,0
10671,0,0.010000,0.000131,0.010464,0.377878,1
10672,0,0.010000,0.000131,0.010464,0.377873,1
10673,0,0.010000,0.000130,0.010464,0.377867,1
10674,0,0.010000,0.000130,0.010464,0.377862,0
10675,0,0.010000,0.000129,0.010464,0.377856,0
10676,0,0.010000,0.000129,0.010464,0.377851,0
10677,0,0.010000,0.000129,0.010464,0.377845,1
10678,0,0.010000,0.000128,0.010464,0.377840,1
10679,0,0.010000,0.000128,0.010464,0.377834,0
10680,0,0.010000,0.000128,0.010464,0.377829,1
10681,0,0.010000,0.000127,0.010464,0.377824,1
10682,0,0.010000,0.000127,0.010464,0.377818,1
10683,0,0.010000,0.000126,0.010464,0.377813,1
10684,0,0.010000,0.000126,0.010464,0.377808,0
10685,0,0.010000,0.000126,0.010464,0.377802,1
10686,0,0.010000,0.000125,0.010464,0.377797,1
10687,0,0.010000,0.000125,0.010464,0.377792,1
10688,0,0.010000,0.000125,0.010464,0.377787,1
10689,0,0.010000,0.000124,0.010464,0.377782,1
10690,0,0.010000,0.000124,0.010464,0.377776,0
10691,0,0.010000,0.000124,0.010464,0.377771,1
10692,0,0.010000,0.000123,0.010464,0.377766,1
10693,0,0.010000,0.000123,0.010464,0.377761,0
10694,0,0.010000,0.000123,0.010464,0.377756,1
10695,0,0.010000,0.000122,0.010464,0.377751,0
10696,0,0.010000,0.000122,0.010464,0.377746,1
10697,0,0.010000,0.000121,0.010464,0.377741,0
10698,0,0.010000,0.000121,0.010464,0.377736,0
10699,0,0.010000,0.000121,0.010464,0.377731,0
10700,0,0.010000,0.000120,0.010464,0.377726,0
10701,0,0.010000,0.000120,0.010464,0.377721,0
10702,0,0.010000,0.000120,0.010464,0.377716,0
10703,0,0.010000,0.000119,0.010464,0.377712,0
10704,0,0.010000,0.000119,0.010464,0.377707,0
10705,0,0.010000,0.000119,0.010464,0.377702,0
10706,0,0.010000,0.000118,0.010464,0.377697,1
10707,0,0.010000,0.000118,0.010464,0.377692,0
10708,0,0.010000,0.000118,0.010464,0.377688,0
10709,0,0.010000,0.000117,0.010464,0.377683,1
10710,0,0.010000,0.000117,0.010464,0.377678,1
10711,0,0.010000,0.000117,0.010464,0.377673,1
10712,0,0.010000,0.000116,0.010464,0.377669,1
10713,0,0.010000,0.000116,0.010464,0.377664,1
10714,0,0.010000,0.000116,0.010464,0.377659,1
10715,0,0.010000,0.000115,0.010464,0.377655,1
10716,0,0.010000,0.000115,0.010464,0.377650,1
10717,0,0.010000,0.000115,0.010464,0.377646,0
10718,0,0.010000,0.000115,0.010464,0.377641,0
10719,0,0.010000,0.000114,0.010464,0.377636,0
10720,0,0.010000,0.000114,0.010464,0.377632,1
10721,0,0.010000,0.000114,0.010464,0.377627,0
10722,0,0.010000,0.000113,0.010464,0.377623,0
10723,0,0.010000,0.000113,0.010464,0.377619,1
10724,0,0.010000,0.000113,0.010464,0.377614,1
10725,0,0.010000,0.000112,0.010464,0.377610,0
10726,0,0.010000,0.000112,0.010464,0.377605,1
10727,0,0.010000,0.000112,0.010464,0.377601,1
10728,0,0.010000,0.000111,0.010464,0.377596,0
10729,0,0.010000,0.000111,0.010464,0.377592,1
10730,0,0.010000,0.000111,0.010464,0.377588,1
10731,0,0.010000,0.000110,0.010464,0.377583,0
10732,0,0.010000,0.000110,0.010464,0.377579,1
10733,0,0.010000,0.000110,0.010464,0.377575,1
10734,0,0.010000,0.000110,0.010464,0.377571,0
10735,0,0.010000,0.000109,0.010464,0.377566,1
10736,0,0.010000,0.000109,0.010464,0.377562,1
10737,0,0.010000,0.000109,0.010464,0.377558,0
10738,0,0.010000,0.000108,0.010464,0.377554,0
10739,0,0.010000,0.000108,0.010464,0.377550,1
10740,0,0.010000,0.000108,0.010464,0.377545,1
10741,0,0.010000,0.000108,0.010464,0.377541,1
10742,0,0.010000,0.000107,0.010464,0.377537,1
10743,0,0.010000,0.000107,0.010464,0.377533,1
10744,0,0.010000,0.000107,0.010464,0.377529,0
10745,0,0.010000,0.000106,0.010464,0.377525,1
10746,0,0.010000,0.000106,0.010464,0.377521,1
10747,0,0.010000,0.000106,0.010464,0.377517,0
10748,0,0.010000,0.000106,0.010464,0.377513,0
10749,0,0.010000,0.000105,0.010464,0.377509,0
10750,0,0.010000,0.000105,0.010464,0.377505,0
10751,0,0.010000,0.000105,0.010464,0.377501,1
10752,0,0.010000,0.000104,0.010464,0.377497,1
10753,0,0.010000,0.000104,0.010464,0.377493,1
10754,0,0.010000,0.000104,0.010464,0.377489,1
10755,0,0.010000,0.000104,0.010464,0.377485,0
10756,0,0.010000,0.000103,0.010464,0.377481,1
10757,0,0.010000,0.000103,0.010464,0.377477,1
10758,0,0.010000,0.000103,0.010464,0.377473,1
10759,0,0.010000,0.000103,0.010464,0.377470,0
10760,0,0.010000,0.000102,0.010464,0.377466,1
10761,0,0.010000,0.000102,0.010464,0.377462,0
10762,0,0.010000,0.000102,0.010464,0.377458,1
10763,0,0.010000,0.000101,0.010464,0.377454,0
10764,0,0.010000,0.000101,0.010464,0.377451,1
10765,0,0.010000,0.000101,0.010464,0.377447,1
10766,0,0.010000,0.000101,0.010464,0.377443,0
10767,0,0.010000,0.000100,0.010464,0.377439,1
10768,0,0.010000,0.000100,0.010464,0.377436,1
10769,0,0.010000,0.000100,0.010464,0.377432,1
10770,0,0.010000,0.000100,0.010464,0.377428,1
10771,0,0.010000,0.000099,0.010464,0.377425,0
10772,0,0.010000,0.000099,0.010464,0.377421,1
10773,0,0.010000,0.000099,0.010464,0.377417,0
10774,0,0.010000,0.000099,0.010464,0.377414,1
10775,0,0.010000,0.000098,0.010464,0.377410,1
10776,0,0.010000,0.000098,0.010464,0.377406,0
10777,0,0.010000,0.000098,0.010464,0.377403,0
10778,0,0.010000,0.000098,0.010464,0.377399,1
10779,0,0.010000,0.000097,0.010464,0.377396,0
10780,0,0.010000,0.000097,0.010464,0.377392,0
10781,0,0.010000,0.000097,0.010464,0.377389,0
10782,0,0.010000,0.000097,0.010464,0.377385,0
10783,0,0.010000,0.000096,0.010464,0.377382,1
10784,0,0.010000,0.000096,0.010464,0.377378,1
10785,0,0.010000,0.000096,0.010464,0.377375,1
10786,0,0.010000,0.000096,0.010464,0.377371,1
10787,0,0.010000,0.000095,0.010464,0.377368,1
10788,0,0.010000,0.000095,0.010464,0.377364,1
10789,0,0.010000,0.000095,0.010464,0.377361,0
10790,0,0.010000,0.000095,0.010464,0.377357,1
10791,0,0.010000,0.000094,0.010464,0.377354,0
10792,0,0.010000,0.000094,0.010464,0.377351,1
10793,0,0.010000,0.000094,0.010464,0.377347,1
10794,0,0.010000,0.000094,0.010464,0.377344,1
10795,0,0.010000,0.000093,0.010464,0.377341,1
10796,0,0.010000,0.000093,0.010464,0.377337,0
10797,0,0.010000,0.000093,0.010464,0.377334,0
10798,0,0.010000,0.000093,0.010464,0.377331,1
10799,0,0.010000,0.000093,0.010464,0.377327,1
10800,0,0.010000,0.000092,0.010464,0.377324,1
10801,0,0.010000,0.000092,0.010464,0.377321,0
10802,0,0.010000,0.000092,0.010464,0.377318,1
10803,0,0.010000,0.000092,0.010464,0.377314,1
10804,0,0.010000,0.000091,0.010464,0.377311,1
10805,0,0.010000,0.000091,0.010464,0.377308,0
10806,0,0.010000,0.000091,0.010464,0.377305,1
10807,0,0.010000,0.000091,0.010464,0.377302,1
10808,0,0.010000,0.000091,0.010464,0.377298,0
10809,0,0.010000,0.000090,0.010464,0.377295,1
10810,0,0.010000,0.000090,0.010464,0.377292,0
10811,0,0.010000,0.000090,0.010464,0.377289,1
10812,0,0.010000,0.000090,0.010464,0.377286,0
10813,0,0.010000,0.000089,0.010464,0.377283,1
10814,0,0.010000,0.000089,0.010464,0.377280,0
10815,0,0.010000,0.000089,0.010464,0.377276,1
10816,0,0.010000,0.000089,0.010464,0.377273,1
10817,0,0.010000,0.000089,0.010464,0.377270,0
10818,0,0.010000,0.000088,0.010464,0.377267,1
10819,0,0.010000,0.000088,0.010464,0.377264,0
10820,0,0.010000,0.000088,0.010464,0.377261,0
10821,0,0.010000,0.000088,0.010464,0.377258,0
10822,0,0.010000,0.000087,0.010464,0.377255,1
10823,0,0.010000,0.000087,0.010464,0.377252,1
10824,0,0.010000,0.000087,0.010464,0.377249,1
10825,0,0.010000,0.000087,0.010464,0.377246,0
10826,0,0.010000,0.000087,0.010464,0.377243,1
10827,0,0.010000,0.000086,0.010464,0.377240,1
10828,0,0.010000,0.000086,0.010464,0.377237,1
10829,0,0.010000,0.000086,0.010464,0.377234,1
10830,0,0.010000,0.000086,0.010464,0.377231,1
10831,0,0.010000,0.000086,0.010464,0.377228,1
10832,0,0.010000,0.000085,0.010464,0.377226,1
10833,0,0.010000,0.000085,0.010464,0.377223,1
10834,0,0.010000,0.000085,0.010464,0.377220,1
10835,0,0.010000,0.000085,0.010464,0.377217,0
10836,0,0.010000,0.000085,0.010464,0.377214,1
10837,0,0.010000,0.000084,0.010464,0.377211,1
10838,0,0.010000,0.000084,0.010464,0.377208,1
10839,0,0.010000,0.000084,0.010464,0.377205,1
10840,0,0.010000,0.000084,0.010464,0.377203,1
10841,0,0.010000,0.000084,0.010464,0.377200,1
10842,0,0.010000,0.000083,0.010464,0.377197,1
10843,0,0.010000,0.000083,0.010464,0.377194,1
10844,0,0.010000,0.000083,0.010464,0.377191,0
10845,0,0.010000,0.000083,0.010464,0.377189,0
10846,0,0.010000,0.000083,0.010464,0.377186,1
10847,0,0.010000,0.000082,0.010464,0.377183,1
10848,0,0.010000,0.000082,0.010464,0.377180,1
10849,0,0.010000,0.000082,0.010464,0.377178,0
10850,0,0.010000,0.000082,0.010464,0.377175,0
10851,0,0.010000,0.000082,0.010464,0.377172,1
10852,0,0.010000,0.000081,0.010464,0.377169,1
10853,0,0.010000,0.000081,0.010464,0.377167,0
10854,0,0.010000,0.000081,0.010464,0.377164,1
10855,0,0.010000,0.000081,0.010464,0.377161,0
10856,0,0.010000,0.000081,0.010464,0.377159,0
10857,0,0.010000,0.000081,0.010464,0.377156,1
10858,0,0.010000,0.000080,0.010464,0.377153,1
10859,0,0.010000,0.000080,0.010464,0.377151,0
10860,0,0.010000,0.000080,0.010464,0.377148,1
10861,0,0.010000,0.000080,0.010464,0.377146,1
10862,0,0.010000,0.000080,0.010464,0.377143,0
10863,0,0.010000,0.000079,0.010464,0.377140,0
10864,0,0.010000,0.000079,0.010464,0.377138,1
10865,0,0.010000,0.000079,0.010464,0.377135,1
10866,0,0.010000,0.000079,0.010464,0.377133,0
10867,0,0.010000,0.000079,0.010464,0.377130,1
10868,0,0.010000,0.000078,0.010464,0.377127,1
10869,0,0.010000,0.000078,0.010464,0.377125,0
10870,0,0.010000,0.000078,0.010464,0.377122,1
10871,0,0.010000,0.000078,0.010464,0.377120,1
10872,0,0.010000,0.000078,0.010464,0.377117,1
10873,0,0.010000,0.000078,0.010464,0.377115,1
10874,0,0.010000,0.000077,0.010464,0.377112,1
10875,0,0.010000,0.000077,0.010464,0.377110,1
10876,0,0.010000,0.000077,0.010464,0.377107,1
10877,0,0.010000,0.000077,0.010464,0.377105,0
10878,0,0.010000,0.000077,0.010464,0.377102,0
10879,0,0.010000,0.000077,0.010464,0.377100,1
10880,0,0.010000,0.000076,0.010464,0.377097,1
10881,0,0.010000,0.000076,0.010464,0.377095,1
10882,0,0.010000,0.000076,0.010464,0.377092,1
10883,0,0.010000,0.000076,0.010464,0.377090,0
10884,0,0.010000,0.000076,0.010464,0.377088,0
10885,0,0.010000,0.000076,0.010464,0.377085,1
10886,0,0.010000,0.000075,0.010464,0.377083,0
10887,0,0.010000,0.000075,0.010464,0.377080,1
10888,0,0.010000,0.000075,0.010464,0.377078,1
10889,0,0.010000,0.000075,0.010464,0.377076,0
10890,0,0.010000,0.000075,0.010464,0.377073,1
10891,0,0.010000,0.000075,0.010464,0.377071,1
10892,0,0.010000,0.000074,0.010464,0.377069,1
10893,0,0.010000,0.000074,0.010464,0.377066,1
10894,0,0.010000,0.000074,0.010464,0.377064,1
10895,0,0.010000,0.000074,0.010464,0.377062,0
10896,0,0.010000,0.000074,0.010464,0.377059,0
10897,0,0.010000,0.000074,0.010464,0.377057,1
10898,0,0.010000,0.000073,0.010464,0.377055,1
10899,0,0.010000,0.000073,0.010464,0.377052,1
10900,0,0.010000,0.000073,0.010464,0.377050,1
10901,0,0.010000,0.000073,0.010464,0.377048,1
10902,0,0.010000,0.000073,0.010464,0.377045,1
10903,0,0.010000,0.000073,0.010464,0.377043,1
10904,0,0.010000,0.000072,0.010464,0.377041,1
10905,0,0.010000,0.000072,0.010464,0.377039,0
10906,0,0.010000,0.000072,0.010464,0.377036,1
10907,0,0.010000,0.000072,0.010464,0.377034,1
10908,0,0.010000,0.000072,0.010464,0.377032,1
10909,0,0.010000,0.000072,0.010464,0.377030,0
10910,0,0.010000,0.000071,0.010464,0.377027,1
10911,0,0.010000,0.000071,0.010464,0.377025,1
10912,0,0.010000,0.000071,0.010464,0.377023,1
10913,0,0.010000,0.000071,0.010464,0.377021,1
10914,0,0.010000,0.000071,0.010464,0.377019,1
10915,0,0.010000,0.000071,0.010464,0.377016,1
10916,0,0.010000,0.000071,0.010464,0.377014,1
10917,0,0.010000,0.000070,0.010464,0.377012,1
10918,0,0.010000,0.000070,0.010464,0.377010,1
10919,0,0.010000,0.000070,0.010464,0.377008,1
10920,0,0.010000,0.000070,0.010464,0.377006,1
10921,0,0.010000,0.000070,0.010464,0.377004,1
10922,0,0.010000,0.000070,0.010464,0.377001,1
10923,0,0.010000,0.000069,0.010464,0.376999,0
10924,0,0.010000,0.000069,0.010464,0.376997,1
10925,0,0.010000,0.000069,0.010464,0.376995,0
10926,0,0.010000,0.000069,0.010464,0.376993,1
10927,0,0.010000,0.000069,0.010464,0.376991,1
10928,0,0.010000,0.000069,0.010464,0.376989,1
10929,0,0.010000,0.000069,0.010464,0.376987,1
10930,0,0.010000,0.000068,0.010464,0.376985,0
10931,0,0.010000,0.000068,0.010464,0.376983,1
10932,0,0.010000,0.000068,0.010464,0.376981,0
10933,0,0.010000,0.000068,0.010464,0.376978,1
10934,0,0.010000,0.000068,0.010464,0.376976,0
10935,0,0.010000,0.000068,0.010464,0.376974,0
10936,0,0.010000,0.000068,0.010464,0.376972,0
10937,0,0.010000,0.000067,0.010464,0.376970,0
10938,0,0.010000,0.000067,0.010464,0.376968,1
10939,0,0.010000,0.000067,0.010464,0.376966,0
10940,0,0.010000,0.000067,0.010464,0.376964,0
10941,0,0.010000,0.000067,0.010464,0.376962,1
10942,0,0.010000,0.000067,0.010464,0.376960,1
10943,0,0.010000,0.000067,0.010464,0.376958,0
10944,0,0.010000,0.000066,0.010464,0.376956,1
10945,0,0.010000,0.000066,0.010464,0.376954,1
10946,0,0.010000,0.000066,0.010464,0.376952,0
10947,0,0.010000,0.000066,0.010464,0.376950,0
10948,0,0.010000,0.000066,0.010464,0.376948,0
10949,0,0.010000,0.000066,0.010464,0.376946,1
10950,0,0.010000,0.000066,0.010464,0.376945,1
10951,0,0.010000,0.000065,0.010464,0.376943,1
10952,0,0.010000,0.000065,0.010464,0.376941,1
10953,0,0.010000,0.000065,0.010464,0.376939,1
10954,0,0.010000,0.000065,0.010464,0.376937,1
10955,0,0.010000,0.000065,0.010464,0.376935,1
10956,0,0.010000,0.000065,0.010464,0.376933,1
10957,0,0.010000,0.000065,0.010464,0.376931,0
10958,0,0.010000,0.000064,0.010464,0.376929,1
10959,0,0.010000,0.000064,0.010464,0.376927,0
10960,0,0.010000,0.000064,0.010464,0.376925,1
10961,0,0.010000,0.000064,0.010464,0.376924,0
10962,0,0.010000,0.000064,0.010464,0.376922,1
10963,0,0.010000,0.000064,0.010464,0.376920,0
10964,0,0.010000,0.000064,0.010464,0.376918,1
10965,0,0.010000,0.000064,0.010464,0.376916,0
10966,0,0.010000,0.000063,0.010464,0.376914,0
10967,0,0.010000,0.000063,0.010464,0.376912,0
10968,0,0.010000,0.000063,0.010464,0.376911,1
10969,0,0.010000,0.000063,0.010464,0.376909,1
10970,0,0.010000,0.000063,0.010464,0.376907,0
10971,0,0.010000,0.000063,0.010464,0.376905,0
10972,0,0.010000,0.000063,0.010464,0.376903,1
10973,0,0.010000,0.000063,0.010464,0.376901,0
10974,0,0.010000,0.000062,0.010464,0.376900,0
10975,0,0.010000,0.000062,0.010464,0.376898,1
10976,0,0.010000,0.000062,0.010464,0.376896,1
10977,0,0.010000,0.000062,0.010464,0.376894,1
10978,0,0.010000,0.000062,0.010464,0.376892,0
10979,0,0.010000,0.000062,0.010464,0.376891,0
10980,0,0.010000,0.000062,0.010464,0.376889,0
10981,0,0.010000,0.000062,0.010464,0.376887,0
10982,0,0.010000,0.000061,0.010464,0.376885,0
10983,0,0.010000,0.000061,0.010464,0.376884,1
10984,0,0.010000,0.000061,0.010464,0.376882,1
10985,0,0.010000,0.000061,0.010464,0.376880,0
10986,0,0.010000,0.000061,0.010464,0.376878,0
10987,0,0.010000,0.000061,0.010464,0.376877,1
10988,0,0.010000,0.000061,0.010464,0.376875,1
10989,0,0.010000,0.000061,0.010464,0.376873,0
10990,0,0.010000,0.000060,0.010464,0.376872,1
10991,0,0.010000,0.000060,0.010464,0.376870,1
10992,0,0.010000,0.000060,0.010464,0.376868,1
10993,0,0.010000,0.000060,0.010464,0.376866,1
10994,0,0.010000,0.000060,0.010464,0.376865,0
10995,0,0.010000,0.000060,0.010464,0.376863,0
10996,0,0.010000,0.000060,0.010464,0.376861,1
10997,0,0.010000,0.000060,0.010464,0.376860,1
10998,0,0.010000,0.000059,0.010464,0.376858,1
10999,0,0.010000,0.000059,0.010464,0.376856,1
11000,0,0.010000,0.000059,0.010464,0.376855,1
11001,0,0.010000,0.000059,0.010464,0.376853,0
11002,0,0.010000,0.000059,0.010464,0.376851,1
11003,0,0.010000,0.000059,0.010464,0.376850,1
11004,0,0.010000,0.000059,0.010464,0.376848,0
11005,0,0.010000,0.000059,0.010464,0.376846,1
11006,0,0.010000,0.000059,0.010464,0.376845,1
11007,0,0.010000,0.000058,0.010464,0.376843,1
11008,0,0.010000,0.000058,0.010464,0.376841,1
11009,0,0.010000,0.000058,0.010464,0.376840,0
11010,0,0.010000,0.000058,0.010464,0.376838,1
11011,0,0.010000,0.000058,0.010464,0.376837,1
11012,0,0.010000,0.000058,0.010464,0.376835,1
11013,0,0.010000,0.000058,0.010464,0.376833,1
11014,0,0.010000,0.000058,0.010464,0.376832,1
11015,0,0.010000,0.000057,0.010464,0.376830,0
11016,0,0.010000,0.000057,0.010464,0.376829,1
11017,0,0.010000,0.000057,0.010464,0.376827,0
11018,0,0.010000,0.000057,0.010464,0.376825,1
11019,0,0.010000,0.000057,0.010464,0.376824,1
11020,0,0.010000,0.000057,0.010464,0.376822,0
11021,0,0.010000,0.000057,0.010464,0.376821,1
11022,0,0.010000,0.000057,0.010464,0.376819,1
11023,0,0.010000,0.000057,0.010464,0.376818,0
11024,0,0.010000,0.000056,0.010464,0.376816,0
11025,0,0.010000,0.000056,0.010464,0.376814,1
11026,0,0.010000,0.000056,0.010464,0.376813,1
11027,0,0.010000,0.000056,0.010464,0.376811,1
11028,0,0.010000,0.000056,0.010464,0.376810,0
11029,0,0.010000,0.000056,0.010464,0.376808,1
11030,0,0.010000,0.000056,0.010464,0.376807,0
11031,0,0.010000,0.000056,0.010464,0.376805,1
11032,0,0.010000,0.000056,0.010464,0.376804,0
11033,0,0.010000,0.000055,0.010464,0.376802,1
11034,0,0.010000,0.000055,0.010464,0.376801,0
11035,0,0.010000,0.000055,0.010464,0.376799,0
11036,0,0.010000,0.000055,0.010464,0.376798,1
11037,0,0.010000,0.000055,0.010464,0.376796,1
11038,0,0.010000,0.000055,0.010464,0.376795,0
11039,0,0.010000,0.000055,0.010464,0.376793,0
11040,0,0.010000,0.000055,0.010464,0.376792,1
11041,0,0.010000,0.000055,0.010464,0.376790,1
11042,0,0.010000,0.000055,0.010464,0.376789,0
11043,0,0.010000,0.000054,0.010464,0.376787,0
11044,0,0.010000,0.000054,0.010464,0.376786,1
11045,0,0.010000,0.000054,0.010464,0.376784,0
11046,0,0.010000,0.000054,0.010464,0.376783,0
11047,0,0.010000,0.000054,0.010464,0.376782,1
11048,0,0.010000,0.000054,0.010464,0.376780,1
11049,0,0.010000,0.000054,0.010464,0.376779,0
11050,0,0.010000,0.000054,0.010464,0.376777,1
11051,0,0.010000,0.000054,0.010464,0.376776,1
11052,0,0.010000,0.000054,0.010464,0.376774,0
11053,0,0.010000,0.000053,0.010464,0.376773,1
11054,0,0.010000,0.000053,0.010464,0.376772,0
11055,0,0.010000,0.000053,0.010464,0.376770,1
11056,0,0.010000,0.000053,0.010464,0.376769,0
11057,0,0.010000,0.000053,0.010464,0.376767,1
11058,0,0.010000,0.000053,0.010464,0.376766,0
11059,0,0.010000,0.000053,0.010464,0.376764,1
11060,0,0.010000,0.000053,0.010464,0.376763,1
11061,0,0.010000,0.000053,0.010464,0.376762,1
11062,0,0.010000,0.000053,0.010464,0.376760,0
11063,0,0.010000,0.000052,0.010464,0.376759,0
11064,0,0.010000,0.000052,0.010464,0.376758,0
11065,0,0.010000,0.000052,0.010464,0.376756,1
11066,0,0.010000,0.000052,0.010464,0.376755,1
11067,0,0.010000,0.000052,0.010464,0.376753,1
11068,0,0.010000,0.000052,0.010464,0.376752,0
11069,0,0.010000,0.000052,0.010464,0.376751,1
11070,0,0.010000,0.000052,0.010464,0.376749,1
11071,0,0.010000,0.000052,0.010464,0.376748,1
11072,0,0.010000,0.000052,0.010464,0.376747,0
11073,0,0.010000,0.000051,0.010464,0.376745,1
11074,0,0.010000,0.000051,0.010464,0.376744,1
11075,0,0.010000,0.000051,0.010464,0.376743,1
11076,0,0.010000,0.000051,0.010464,0.376741,0
11077,0,0.010000,0.000051,0.010464,0.376740,1
11078,0,0.010000,0.000051,0.010464,0.376739,1
11079,0,0.010000,0.000051,0.010464,0.376737,1
11080,0,0.010000,0.000051,0.010464,0.376736,0
11081,0,0.010000,0.000051,0.010464,0.376735,0
11082,0,0.010000,0.000051,0.010464,0.376733,1
11083,0,0.010000,0.000051,0.010464,0.376732,0
11084,0,0.010000,0.000050,0.010464,0.376731,1
11085,0,0.010000,0.000050,0.010464,0.376729,1
11086,0,0.010000,0.000050,0.010464,0.376728,1
11087,0,0.010000,0.000050,0.010464,0.376727,1
11088,0,0.010000,0.000050,0.010464,0.376726,1
11089,0,0.010000,0.000050,0.010464,0.376724,1
11090,0,0.010000,0.000050,0.010464,0.376723,1
11091,0,0.010000,0.000050,0.010464,0.376722,0
11092,0,0.010000,0.000050,0.010464,0.376720,0
11093,0,0.010000,0.000050,0.010464,0.376719,0
11094,0,0.010000,0.000049,0.010464,0.376718,0
11095,0,0.010000,0.000049,0.010464,0.376717,1
11096,0,0.010000,0.000049,0.010464,0.376715,0
11097,0,0.010000,0.000049,0.010464,0.376714,1
11098,0,0.010000,0.000049,0.010464,0.376713,1
11099,0,0.010000,0.000049,0.010464,0.376712,1
11100,0,0.010000,0.000049,0.010464,0.376710,0
11101,0,0.010000,0.000049,0.010464,0.376709,0
11102,0,0.010000,0.000049,0.010464,0.376708,0
11103,0,0.010000,0.000049,0.010464,0.376707,1
11104,0,0.010000,0.000049,0.010464,0.376705,0
11105,0,0.010000,0.000049,0.010464,0.376704,1
11106,0,0.010000,0.000048,0.010464,0.376703,1
11107,0,0.010000,0.000048,0.010464,0.376702,1
11108,0,0.010000,0.000048,0.010464,0.376700,1
11109,0,0.010000,0.000048,0.010464,0.376699,1
11110,0,0.010000,0.000048,0.010464,0.376698,1
11111,0,0.010000,0.000048,0.010464,0.376697,1
11112,0,0.010000,0.000048,0.010464,0.376696,1
11113,0,0.010000,0.000048,0.010464,0.376694,1
11114,0,0.010000,0.000048,0.010464,0.376693,0
11115,0,0.010000,0.000048,0.010464,0.376692,1
11116,0,0.010000,0.000048,0.010464,0.376691,1
11117,0,0.010000,0.000047,0.010464,0.376690,1
11118,0,0.010000,0.000047,0.010464,0.376688,1
11119,0,0.010000,0.000047,0.010464,0.376687,1
11120,0,0.010000,0.000047,0.010464,0.376686,1
11121,0,0.010000,0.000047,0.010464,0.376685,1
11122,0,0.010000,0.000047,0.010464,0.376684,1
11123,0,0.010000,0.000047,0.010464,0.376683,0
11124,0,0.010000,0.000047,0.010464,0.376681,1
11125,0,0.010000,0.000047,0.010464,0.376680,1
11126,0,0.010000,0.000047,0.010464,0.376679,1
11127,0,0.010000,0.000047,0.010464,0.376678,0
11128,0,0.010000,0.000047,0.010464,0.376677,0
11129,0,0.010000,0.000046,0.010464,0.376676,1
11130,0,0.010000,0.000046,0.010464,0.376674,1
11131,0,0.010000,0.000046,0.010464,0.376673,0
11132,0,0.010000,0.000046,0.010464,0.376672,1
11133,0,0.010000,0.000046,0.010464,0.376671,1
11134,0,0.010000,0.000046,0.010464,0.376670,1
11135,0,0.010000,0.000046,0.010464,0.376669,1
11136,0,0.010000,0.000046,0.010464,0.376668,1
11137,0,0.010000,0.000046,0.010464,0.376666,0
11138,0,0.010000,0.000046,0.010464,0.376665,0
11139,0,0.010000,0.000046,0.010464,0.376664,0
11140,0,0.010000,0.000046,0.010464,0.376663,1
11141,0,0.010000,0.000046,0.010464,0.376662,1
11142,0,0.010000,0.000045,0.010464,0.376661,1
11143,0,0.010000,0.000045,0.010464,0.376660,1
11144,0,0.010000,0.000045,0.010464,0.376659,1
11145,0,0.010000,0.000045,0.010464,0.376657,1
11146,0,0.010000,0.000045,0.010464,0.376656,0
11147,0,0.010000,0.000045,0.010464,0.376655,1
11148,0,0.010000,0.000045,0.010464,0.376654,1
11149,0,0.010000,0.000045,0.010464,0.376653,0
11150,0,0.010000,0.000045,0.010464,0.376652,0
11151,0,0.010000,0.000045,0.010464,0.376651,0
11152,0,0.010000,0.000045,0.010464,0.376650,1
11153,0,0.010000,0.000045,0.010464,0.376649,0
11154,0,0.010000,0.000045,0.010464,0.376648,1
11155,0,0.010000,0.000044,0.010464,0.376647,0
11156,0,0.010000,0.000044,0.010464,0.376646,1
11157,0,0.010000,0.000044,0.010464,0.376644,1
11158,0,0.010000,0.000044,0.010464,0.376643,0
11159,0,0.010000,0.000044,0.010464,0.376642,1
11160,0,0.010000,0.000044,0.010464,0.376641,0
11161,0,0.010000,0.000044,0.010464,0.376640,1
11162,0,0.010000,0.000044,0.010464,0.376639,1
11163,0,0.010000,0.000044,0.010464,0.376638,1
11164,0,0.010000,0.000044,0.010464,0.376637,1
11165,0,0.010000,0.000044,0.010464,0.376636,0
11166,0,0.010000,0.000044,0.010464,0.376635,1
11167,0,0.010000,0.000044,0.010464,0.376634,1
11168,0,0.010000,0.000043,0.010464,0.376633,0
11169,0,0.010000,0.000043,0.010464,0.376632,1
11170,0,0.010000,0.000043,0.010464,0.376631,0
11171,0,0.010000,0.000043,0.010464,0.376630,0
11172,0,0.010000,0.000043,0.010464,0.376629,1
11173,0,0.010000,0.000043,0.010464,0.376628,0
11174,0,0.010000,0.000043,0.010464,0.376627,1
11175,0,0.010000,0.000043,0.010464,0.376625,1
11176,0,0.010000,0.000043,0.010464,0.376624,0
11177,0,0.010000,0.000043,0.010464,0.376623,0
11178,0,0.010000,0.000043,0.010464,0.376622,1
11179,0,0.010000,0.000043,0.010464,0.376621,1
11180,0,0.010000,0.000043,0.010464,0.376620,1
11181,0,0.010000,0.000042,0.010464,0.376619,1
11182,0,0.010000,0.000042,0.010464,0.376618,1
11183,0,0.010000,0.000042,0.010464,0.376617,1
11184,0,0.010000,0.000042,0.010464,0.376616,0
11185,0,0.010000,0.000042,0.010464,0.376615,0
11186,0,0.010000,0.000042,0.010464,0.376615,1
11187,0,0.010000,0.000042,0.010464,0.376614,1
11188,0,0.010000,0.000042,0.010464,0.376613,0
11189,0,0.010000,0.000042,0.010464,0.376612,1
11190,0,0.010000,0.000042,0.010464,0.376611,0
11191,0,0.010000,0.000042,0.010464,0.376610,0
11192,0,0.010000,0.000042,0.010464,0.376609,1
11193,0,0.010000,0.000042,0.010464,0.376608,1
11194,0,0.010000,0.000042,0.010464,0.376607,0
11195,0,0.010000,0.000042,0.010464,0.376606,1
11196,0,0.010000,0.000041,0.010464,0.376605,1
11197,0,0.010000,0.000041,0.010464,0.376604,0
11198,0,0.010000,0.000041,0.010464,0.376603,1
11199,0,0.010000,0.000041,0.010464,0.376602,0
11200,0,0.010000,0.000041,0.010464,0.376601,1
11201,0,0.010000,0.000041,0.010464,0.376600,1
11202,0,0.010000,0.000041,0.010464,0.376599,1
11203,0,0.010000,0.000041,0.010464,0.376598,0
11204,0,0.010000,0.000041,0.010464,0.376597,1
11205,0,0.010000,0.000041,0.010464,0.376596,1
11206,0,0.010000,0.000041,0.010464,0.376595,0
11207,0,0.010000,0.000041,0.010464,0.376594,0
11208,0,0.010000,0.000041,0.010464,0.376593,0
11209,0,0.010000,0.000041,0.010464,0.376592,1
11210,0,0.010000,0.000040,0.010464,0.376591,1
11211,0,0.010000,0.000040,0.010464,0.376590,0
11212,0,0.010000,0.000040,0.010464,0.376589,1
11213,0,0.010000,0.000040,0.010464,0.376589,1
11214,0,0.010000,0.000040,0.010464,0.376588,1
11215,0,0.010000,0.000040,0.010464,0.376587,1
11216,0,0.010000,0.000040,0.010464,0.376586,1
11217,0,0.010000,0.000040,0.010464,0.376585,1
11218,0,0.010000,0.000040,0.010464,0.376584,0
11219,0,0.010000,0.000040,0.010464,0.376583,0
11220,0,0.010000,0.000040,0.010464,0.376582,0
11221,0,0.010000,0.000040,0.010464,0.376581,1
11222,0,0.010000,0.000040,0.010464,0.376580,0
11223,0,0.010000,0.000040,0.010464,0.376579,0
11224,0,0.010000,0.000040,0.010464,0.376578,1
11225,0,0.010000,0.000040,0.010464,0.376578,1
11226,0,0.010000,0.000039,0.010464,0.376577,0
11227,0,0.010000,0.000039,0.010464,0.376576,0
11228,0,0.010000,0.000039,0.010464,0.376575,1
11229,0,0.010000,0.000039,0.010464,0.376574,0
11230,0,0.010000,0.000039,0.010464,0.376573,0
11231,0,0.010000,0.000039,0.010464,0.376572,0
11232,0,0.010000,0.000039,0.010464,0.376571,1
11233,0,0.010000,0.000039,0.010464,0.376570,1
11234,0,0.010000,0.000039,0.010464,0.376570,1
11235,0,0.010000,0.000039,0.010464,0.376569,1
11236,0,0.010000,0.000039,0.010464,0.376568,1
11237,0,0.010000,0.000039,0.010464,0.376567,1
11238,0,0.010000,0.000039,0.010464,0.376566,0
11239,0,0.010000,0.000039,0.010464,0.376565,0
11240,0,0.010000,0.000039,0.010464,0.376564,0
11241,0,0.010000,0.000039,0.010464,0.376563,1
11242,0,0.010000,0.000038,0.010464,0.376563,0
11243,0,0.010000,0.000038,0.010464,0.376562,1
11244,0,0.010000,0.000038,0.010464,0.376561,0
11245,0,0.010000,0.000038,0.010464,0.376560,1
11246,0,0.010000,0.000038,0.010464,0.376559,1
11247,0,0.010000,0.000038,0.010464,0.376558,1
11248,0,0.010000,0.000038,0.010464,0.376557,0
11249,0,0.010000,0.000038,0.010464,0.376557,1
11250,0,0.010000,0.000038,0.010464,0.376556,1
11251,0,0.010000,0.000038,0.010464,0.376555,0
11252,0,0.010000,0.000038,0.010464,0.376554,0
11253,0,0.010000,0.000038,0.010464,0.376553,0
11254,0,0.010000,0.000038,0.010464,0.376552,1
11255,0,0.010000,0.000038,0.010464,0.376552,1
11256,0,0.010000,0.000038,0.010464,0.376551,0
11257,0,0.010000,0.000038,0.010464,0.376550,0
11258,0,0.010000,0.000037,0.010464,0.376549,1
11259,0,0.010000,0.000037,0.010464,0.376548,0
11260,0,0.010000,0.000037,0.010464,0.376547,0
11261,0,0.010000,0.000037,0.010464,0.376547,1
11262,0,0.010000,0.000037,0.010464,0.376546,1
11263,0,0.010000,0.000037,0.010464,0.376545,1
11264,0,0.010000,0.000037,0.010464,0.376544,1
11265,0,0.010000,0.000037,0.010464,0.376543,0
11266,0,0.010000,0.000037,0.010464,0.376542,1
11267,0,0.010000,0.000037,0.010464,0.376542,1
11268,0,0.010000,0.000037,0.010464,0.376541,0
11269,0,0.010000,0.000037,0.010464,0.376540,0
11270,0,0.010000,0.000037,0.010464,0.376539,1
11271,0,0.010000,0.000037,0.010464,0.376538,0
11272,0,0.010000,0.000037,0.010464,0.376538,1
11273,0,0.010000,0.000037,0.010464,0.376537,0
11274,0,0.010000,0.000037,0.010464,0.376536,1
11275,0,0.010000,0.000036,0.010464,0.376535,0
11276,0,0.010000,0.000036,0.010464,0.376534,1
11277,0,0.010000,0.000036,0.010464,0.376534,1
11278,0,0.010000,0.000036,0.010464,0.376533,0
11279,0,0.010000,0.000036,0.010464,0.376532,1
11280,0,0.010000,0.000036,0.010464,0.376531,0
11281,0,0.010000,0.000036,0.010464,0.376530,1
11282,0,0.010000,0.000036,0.010464,0.376530,1
11283,0,0.010000,0.000036,0.010464,0.376529,0
11284,0,0.010000,0.000036,0.010464,0.376528,1
11285,0,0.010000,0.000036,0.010464,0.376527,0
11286,0,0.010000,0.000036,0.010464,0.376526,1
11287,0,0.010000,0.000036,0.010464,0.376526,1
11288,0,0.010000,0.000036,0.010464,0.376525,1
11289,0,0.010000,0.000036,0.010464,0.376524,1
11290,0,0.010000,0.000036,0.010464,0.376523,1
11291,0,0.010000,0.000036,0.010464,0.376523,0
11292,0,0.010000,0.000036,0.010464,0.376522,1
11293,0,0.010000,0.000035,0.010464,0.376521,0
11294,0,0.010000,0.000035,0.010464,0.376520,1
11295,0,0.010000,0.000035,0.010464,0.376520,0
11296,0,0.010000,0.000035,0.010464,0.376519,0
11297,0,0.010000,0.000035,0.010464,0.376518,1
11298,0,0.010000,0.000035,0.010464,0.376517,0
11299,0,0.010000,0.000035,0.010464,0.376517,0
11300,0,0.010000,0.000035,0.010464,0.376516,0
11301,0,0.010000,0.000035,0.010464,0.376515,1
11302,0,0.010000,0.000035,0.010464,0.376514,1
11303,0,0.010000,0.000035,0.010464,0.376513,1
11304,0,0.010000,0.000035,0.010464,0.376513,1
11305,0,0.010000,0.000035,0.010464,0.376512,0
11306,0,0.010000,0.000035,0.010464,0.376511,1
11307,0,0.010000,0.000035,0.010464,0.376510,1
11308,0,0.010000,0.000035,0.010464,0.376510,0
11309,0,0.010000,0.000035,0.010464,0.376509,1
11310,0,0.010000,0.000035,0.010464,0.376508,1
11311,0,0.010000,0.000035,0.010464,0.376508,1
11312,0,0.010000,0.000034,0.010464,0.376507,1
11313,0,0.010000,0.000034,0.010464,0.376506,1
11314,0,0.010000,0.000034,0.010464,0.376505,1
11315,0,0.010000,0.000034,0.010464,0.376505,1
11316,0,0.010000,0.000034,0.010464,0.376504,1
11317,0,0.010000,0.000034,0.010464,0.376503,1
11318,0,0.010000,0.000034,0.010464,0.376502,0
11319,0,0.010000,0.000034,0.010464,0.376502,0
11320,0,0.010000,0.000034,0.010464,0.376501,1
11321,0,0.010000,0.000034,0.010464,0.376500,1
11322,0,0.010000,0.000034,0.010464,0.376500,1
11323,0,0.010000,0.000034,0.010464,0.376499,1
11324,0,0.010000,0.000034,0.010464,0.376498,1
11325,0,0.010000,0.000034,0.010464,0.376497,0
11326,0,0.010000,0.000034,0.010464,0.376497,1
11327,0,0.010000,0.000034,0.010464,0.376496,1
11328,0,0.010000,0.000034,0.010464,0.376495,1
11329,0,0.010000,0.000034,0.010464,0.376495,0
11330,0,0.010000,0.000034,0.010464,0.376494,1
11331,0,0.010000,0.000033,0.010464,0.376493,0
11332,0,0.010000,0.000033,0.010464,0.376492,1
11333,0,0.010000,0.000033,0.010464,0.376492,1
11334,0,0.010000,0.000033,0.010464,0.376491,1
11335,0,0.010000,0.000033,0.010464,0.376490,1
11336,0,0.010000,0.000033,0.010464,0.376490,0
11337,0,0.010000,0.000033,0.010464,0.376489,1
11338,0,0.010000,0.000033,0.010464,0.376488,1
11339,0,0.010000,0.000033,0.010464,0.376488,1
11340,0,0.010000,0.000033,0.010464,0.376487,1
11341,0,0.010000,0.000033,0.010464,0.376486,1
11342,0,0.010000,0.000033,0.010464,0.376486,0
11343,0,0.010000,0.000033,0.010464,0.376485,0
11344,0,0.010000,0.000033,0.010464,0.376484,1
11345,0,0.010000,0.000033,0.010464,0.376483,1
11346,0,0.010000,0.000033,0.010464,0.376483,1
11347,0,0.010000,0.000033,0.010464,0.376482,0
11348,0,0.010000,0.000033,0.010464,0.376481,1
11349,0,0.010000,0.000033,0.010464,0.376481,1
11350,0,0.010000,0.000033,0.010464,0.376480,0
11351,0,0.010000,0.000033,0.010464,0.376479,0
11352,0,0.010000,0.000032,0.010464,0.376479,1
11353,0,0.010000,0.000032,0.010464,0.376478,1
11354,0,0.010000,0.000032,0.010464,0.376477,0
11355,0,0.010000,0.000032,0.010464,0.376477,1
11356,0,0.010000,0.000032,0.010464,0.376476,1
11357,0,0.010000,0.000032,0.010464,0.376475,1
11358,0,0.010000,0.000032,0.010464,0.376475,1
11359,0,0.010000,0.000032,0.010464,0.376474,0
11360,0,0.010000,0.000032,0.010464,0.376473,0
11361,0,0.010000,0.000032,0.010464,0.376473,1
11362,0,0.010000,0.000032,0.010464,0.376472,0
11363,0,0.010000,0.000032,0.010464,0.376472,1
11364,0,0.010000,0.000032,0.010464,0.376471,1
11365,0,0.010000,0.000032,0.010464,0.376470,1
11366,0,0.010000,0.000032,0.010464,0.376470,1
11367,0,0.010000,0.000032,0.010464,0.376469,1
11368,0,0.010000,0.000032,0.010464,0.376468,1
11369,0,0.010000,0.000032,0.010464,0.376468,1
11370,0,0.010000,0.000032,0.010464,0.376467,0
11371,0,0.010000,0.000032,0.010464,0.376466,1
11372,0,0.010000,0.000032,0.010464,0.376466,0
11373,0,0.010000,0.000031,0.010464,0.376465,1
11374,0,0.010000,0.000031,0.010464,0.376464,1
11375,0,0.010000,0.000031,0.010464,0.376464,1
11376,0,0.010000,0.000031,0.010464,0.376463,1
11377,0,0.010000,0.000031,0.010464,0.376462,1
11378,0,0.010000,0.000031,0.010464,0.376462,1
11379,0,0.010000,0.000031,0.010464,0.376461,1
11380,0,0.010000,0.000031,0.010464,0.376461,1
11381,0,0.010000,0.000031,0.010464,0.376460,0
11382,0,0.010000,0.000031,0.010464,0.376459,1
11383,0,0.010000,0.000031,0.010464,0.376459,1
11384,0,0.010000,0.000031,0.010464,0.376458,1
11385,0,0.010000,0.000031,0.010464,0.376457,1
11386,0,0.010000,0.000031,0.010464,0.376457,1
11387,0,0.010000,0.000031,0.010464,0.376456,0
11388,0,0.010000,0.000031,0.010464,0.376456,1
11389,0,0.010000,0.000031,0.010464,0.376455,1
11390,0,0.010000,0.000031,0.010464,0.376454,1
11391,0,0.010000,0.000031,0.010464,0.376454,0
11392,0,0.010000,0.000031,0.010464,0.376453,1
11393,0,0.010000,0.000031,0.010464,0.376452,1
11394,0,0.010000,0.000031,0.010464,0.376452,0
11395,0,0.010000,0.000030,0.010464,0.376451,1
11396,0,0.010000,0.000030,0.010464,0.376451,1
11397,0,0.010000,0.000030,0.010464,0.376450,0
11398,0,0.010000,0.000030,0.010464,0.376449,0
11399,0,0.010000,0.000030,0.010464,0.376449,1
11400,0,0.010000,0.000030,0.010464,0.376448,1
11401,0,0.010000,0.000030,0.010464,0.376448,0
11402,0,0.010000,0.000030,0.010464,0.376447,1
11403,0,0.010000,0.000030,0.010464,0.376446,0
11404,0,0.010000,0.000030,0.010464,0.376446,1
11405,0,0.010000,0.000030,0.010464,0.376445,1
11406,0,0.010000,0.000030,0.010464,0.376445,1
11407,0,0.010000,0.000030,0.010464,0.376444,1
11408,0,0.010000,0.000030,0.010464,0.376443,0
11409,0,0.010000,0.000030,0.010464,0.376443,0
11410,0,0.010000,0.000030,0.010464,0.376442,0
11411,0,0.010000,0.000030,0.010464,0.376442,1
11412,0,0.010000,0.000030,0.010464,0.376441,0
11413,0,0.010000,0.000030,0.010464,0.376440,0
11414,0,0.010000,0.000030,0.010464,0.376440,0
11415,0,0.010000,0.000030,0.010464,0.376439,1
11416,0,0.010000,0.000030,0.010464,0.376439,1
11417,0,0.010000,0.000030,0.010464,0.376438,0
11418,0,0.010000,0.000030,0.010464,0.376438,1
11419,0,0.010000,0.000029,0.010464,0.376437,1
11420,0,0.010000,0.000029,0.010464,0.376436,1
11421,0,0.010000,0.000029,0.010464,0.376436,0
11422,0,0.010000,0.000029,0.010464,0.376435,1
11423,0,0.010000,0.000029,0.010464,0.376435,0
11424,0,0.010000,0.000029,0.010464,0.376434,0
11425,0,0.010000,0.000029,0.010464,0.376434,1
11426,0,0.010000,0.000029,0.010464,0.376433,0
11427,0,0.010000,0.000029,0.010464,0.376432,1
11428,0,0.010000,0.000029,0.010464,0.376432,1
11429,0,0.010000,0.000029,0.010464,0.376431,1
11430,0,0.010000,0.000029,0.010464,0.376431,1
11431,0,0.010000,0.000029,0.010464,0.376430,0
11432,0,0.010000,0.000029,0.010464,0.376430,0
11433,0,0.010000,0.000029,0.010464,0.376429,1
11434,0,0.010000,0.000029,0.010464,0.376428,1
11435,0,0.010000,0.000029,0.010464,0.376428,0
11436,0,0.010000,0.000029,0.010464,0.376427,1
11437,0,0.010000,0.000029,0.010464,0.376427,1
11438,0,0.010000,0.000029,0.010464,0.376426,1
11439,0,0.010000,0.000029,0.010464,0.376426,0
11440,0,0.010000,0.000029,0.010464,0.376425,0
11441,0,0.010000,0.000029,0.010464,0.376425,0
11442,0,0.010000,0.000029,0.010464,0.376424,1
11443,0,0.010000,0.000029,0.010464,0.376423,1
11444,0,0.010000,0.000028,0.010464,0.376423,0
11445,0,0.010000,0.000028,0.010464,0.376422,1
11446,1,0.010000,0.000023,0.010464,0.376422,0
11447,0,8.866037,0.000018,0.010464,0.376343,0
11448,0,0.010000,0.000015,0.010464,0.376279,1
11449,0,0.010000,0.000012,0.010464,0.376229,1
11450,0,0.010000,0.000009,0.010464,0.376188,1
11451,0,0.010000,0.000007,0.010464,0.376156,0
11452,0,0.010000,0.000006,0.010464,0.376130,0
11453,0,0.010000,0.000005,0.010464,0.376109,1
11454,0,0.010000,0.000004,0.010464,0.376093,0
11455,0,0.010000,0.000003,0.010464,0.376080,1
11456,0,0.010000,0.000002,0.010464,0.376069,1
11457,0,0.010000,0.000002,0.010464,0.376061,1
11458,0,0.010000,0.000002,0.010464,0.376054,1
11459,0,0.010000,0.000001,0.010464,0.376048,0
11460,0,0.010000,0.000001,0.010464,0.376044,0
11461,0,0.010000,0.000009,0.010464,0.376041,1
11462,0,0.010000,0.000076,0.010464,0.376157,0
11463,0,0.010000,0.000177,0.010464,0.377084,1
11464,0,0.010000,0.000296,0.010464,0.378531,1
11465,0,0.010000,0.000422,0.010464,0.380289,1
11466,0,0.010000,0.000546,0.010464,0.382199,0
11467,0,0.010000,0.000662,0.010464,0.384143,0
11468,0,0.010000,0.000768,0.010464,0.386026,0
11469,0,0.010000,0.000861,0.010464,0.387782,1
11470,0,0.010000,0.000941,0.010464,0.389362,1
11471,0,0.010000,0.001006,0.010464,0.390738,0
11472,0,0.010000,0.001058,0.010464,0.391893,0
11473,0,0.010000,0.001098,0.010464,0.392825,1
11474,0,0.010000,0.001125,0.010464,0.393539,0
11475,0,0.010000,0.001143,0.010464,0.394046,0
11476,0,0.010000,0.001151,0.010464,0.394365,1
11477,0,0.010000,0.001151,0.010464,0.394512,1
11478,0,0.010000,0.001143,0.010464,0.394510,1
11479,0,0.010000,0.001130,0.010464,0.394378,0
11480,0,0.010000,0.001112,0.010464,0.394137,1
11481,0,0.010000,0.001090,0.010464,0.393806,1
11482,0,0.010000,0.001065,0.010464,0.393402,0
11483,0,0.010000,0.001036,0.010464,0.392941,1
11484,0,0.010000,0.001007,0.010464,0.392437,1
11485,0,0.010000,0.000975,0.010464,0.391902,1
11486,0,0.010000,0.000943,0.010464,0.391347,1
11487,0,0.010000,0.000910,0.010464,0.390780,1
11488,0,0.010000,0.000878,0.010464,0.390210,1
11489,0,0.010000,0.000845,0.010464,0.389643,1
11490,0,0.010000,0.000813,0.010464,0.389083,1
11491,0,0.010000,0.000781,0.010464,0.388535,1
11492,0,0.010000,0.000751,0.010464,0.388002,1
11493,0,0.010000,0.000721,0.010464,0.387486,1
11494,0,0.010000,0.000692,0.010464,0.386989,0
11495,0,0.010000,0.000664,0.010464,0.386513,1
11496,0,0.010000,0.000638,0.010464,0.386058,0
11497,1,0.010000,0.000510,0.010464,0.385624,0
11498,0,0.010000,0.000408,0.010464,0.383579,1
11499,0,0.010000,0.000327,0.010464,0.381989,1
11500,0,0.010000,0.000261,0.010464,0.380747,1
11501,0,0.010000,0.000209,0.010464,0.379771,1
11502,0,0.010000,0.000167,0.010464,0.379001,1
11503,0,0.010000,0.000134,0.010464,0.378394,1
11504,0,0.010000,0.000107,0.010464,0.377912,1
11505,0,0.010000,0.000086,0.010464,0.377530,1
11506,0,0.010000,0.000068,0.010464,0.377226,1
11507,0,0.010000,0.000055,0.010464,0.376984,0
11508,0,0.010000,0.000044,0.010464,0.376791,1
11509,0,0.010000,0.000035,0.010464,0.376637,1
11510,0,0.010000,0.000028,0.010464,0.376515,1
11511,0,0.010000,0.000037,0.010464,0.376417,1
11512,0,0.010000,0.000112,0.010464,0.376542,0
11513,0,0.010000,0.000227,0.010464,0.377599,0
11514,0,0.010000,0.000364,0.010464,0.379266,1
11515,0,0.010000,0.000510,0.010464,0.381315,1
11516,0,0.010000,0.000654,0.010464,0.383569,1
11517,0,0.010000,0.000792,0.010464,0.385893,0
11518,0,0.010000,0.000918,0.010464,0.388180,1
11519,0,0.010000,0.001031,0.010464,0.390347,0
11520,0,0.010000,0.001129,0.010464,0.392337,0
11521,0,0.010000,0.001212,0.010464,0.394110,1
11522,0,0.010000,0.001280,0.010464,0.395641,0
11523,0,0.010000,0.001334,0.010464,0.396923,0
11524,0,0.010000,0.001375,0.010464,0.397956,1
11525,0,0.010000,0.001405,0.010464,0.398751,1
11526,0,0.010000,0.001424,0.010464,0.399322,1
11527,0,0.010000,0.001433,0.010464,0.399690,1
11528,0,0.010000,0.001434,0.010464,0.399875,1
11529,0,0.010000,0.001429,0.010464,0.399901,0
11530,0,0.010000,0.001417,0.010464,0.399788,1
11531,0,0.010000,0.001400,0.010464,0.399559,1
11532,0,0.010000,0.001379,0.010464,0.399234,1
11533,0,0.010000,0.001355,0.010464,0.398830,1
11534,0,0.010000,0.001329,0.010464,0.398364,1
11535,0,0.010000,0.001300,0.010464,0.397852,0
11536,0,0.010000,0.001270,0.010464,0.397304,1
11537,0,0.010000,0.001239,0.010464,0.396733,1
11538,0,0.010000,0.001207,0.010464,0.396148,1
11539,0,0.010000,0.001175,0.010464,0.395557,0
11540,0,0.010000,0.001144,0.010464,0.394966,1
11541,0,0.010000,0.001112,0.010464,0.394381,1
11542,0,0.010000,0.001081,0.010464,0.393805,0
11543,0,0.010000,0.001051,0.010464,0.393244,1
11544,0,0.010000,0.001022,0.010464,0.392698,1
11545,0,0.010000,0.000993,0.010464,0.392170,1
11546,0,0.010000,0.000965,0.010464,0.391661,1
11547,1,0.010000,0.000772,0.010464,0.391173,0
11548,0,8.478949,0.000618,0.010464,0.387848,1
11549,0,0.010000,0.000494,0.010464,0.385298,1
11550,0,0.010000,0.000395,0.010464,0.383326,0
11551,0,0.010000,0.000316,0.010464,0.381792,1
11552,0,0.010000,0.000253,0.010464,0.380592,0
11553,0,0.010000,0.000202,0.010464,0.379649,0
11554,0,0.010000,0.000162,0.010464,0.378905,1
11555,0,0.010000,0.000130,0.010464,0.378318,1
11556,0,0.010000,0.000104,0.010464,0.377852,0
11557,0,0.010000,0.000083,0.010464,0.377482,0
11558,0,0.010000,0.000066,0.010464,0.377188,1
11559,0,0.010000,0.000053,0.010464,0.376953,1
11560,0,0.010000,0.000047,0.010464,0.376767,0
11561,0,0.010000,0.000121,0.010464,0.376687,1
11562,0,0.010000,0.000244,0.010464,0.377728,1
11563,0,0.010000,0.000396,0.010464,0.379520,1
11564,0,0.010000,0.000560,0.010464,0.381801,1
11565,0,0.010000,0.000726,0.010464,0.384372,1
11566,0,0.010000,0.000886,0.010464,0.387076,1
11567,0,0.010000,0.001035,0.010464,0.389786,1
11568,0,0.010000,0.001169,0.010464,0.392403,0
11569,0,0.010000,0.001288,0.010464,0.394853,1
11570,0,0.010000,0.001391,0.010464,0.397081,1
11571,0,0.010000,0.001477,0.010464,0.399053,0
11572,0,0.010000,0.001549,0.010464,0.400750,1
11573,0,0.010000,0.001605,0.010464,0.402168,1
11574,0,0.010000,0.001648,0.010464,0.403311,1
11575,0,0.010000,0.001679,0.010464,0.404194,1
11576,0,0.010000,0.001699,0.010464,0.404834,1
11577,0,0.010000,0.001710,0.010464,0.405253,0
11578,0,0.010000,0.001713,0.010464,0.405476,0
11579,0,0.010000,0.001708,0.010464,0.405526,1
11580,0,0.010000,0.001697,0.010464,0.405428,1
11581,0,0.010000,0.001681,0.010464,0.405204,1
11582,0,0.010000,0.001661,0.010464,0.404875,1
11583,0,0.010000,0.001638,0.010464,0.404461,0
11584,0,0.010000,0.001612,0.010464,0.403979,0
11585,0,0.010000,0.001583,0.010464,0.403443,0
11586,0,0.010000,0.001553,0.010464,0.402869,1
11587,0,0.010000,0.001523,0.010464,0.402267,1
11588,0,0.010000,0.001491,0.010464,0.401647,1
11589,0,0.010000,0.001459,0.010464,0.401018,1
11590,0,0.010000,0.001427,0.010464,0.400387,1
11591,0,0.010000,0.001395,0.010464,0.399759,0
11592,0,0.010000,0.001364,0.010464,0.399140,1
11593,0,0.010000,0.001333,0.010464,0.398532,1
11594,0,0.010000,0.001303,0.010464,0.397939,1
11595,0,0.010000,0.001274,0.010464,0.397363,0
11596,0,0.010000,0.001245,0.010464,0.396805,1
11597,0,0.010000,0.001218,0.010464,0.396268,0
11598,0,0.010000,0.001191,0.010464,0.395750,1
11599,0,0.010000,0.001165,0.010464,0.395254,1
11600,0,0.010000,0.001141,0.010464,0.394779,1
11601,0,0.010000,0.001117,0.010464,0.394324,0
11602,0,0.010000,0.001094,0.010464,0.393890,1
11603,0,0.010000,0.001072,0.010464,0.393476,1
11604,0,0.010000,0.001051,0.010464,0.393082,1
11605,0,0.010000,0.001032,0.010464,0.392706,1
11606,0,0.010000,0.001013,0.010464,0.392349,0
11607,0,0.010000,0.000994,0.010464,0.392009,1
11608,0,0.010000,0.000977,0.010464,0.391686,1
11609,0,0.010000,0.000960,0.010464,0.391378,0
11610,0,0.010000,0.000945,0.010464,0.391086,1
11611,0,0.010000,0.000929,0.010464,0.390808,1
11612,0,0.010000,0.000915,0.010464,0.390543,0
11613,0,0.010000,0.000901,0.010464,0.390291,1
11614,0,0.010000,0.000888,0.010464,0.390052,1
11615,0,0.010000,0.000875,0.010464,0.389823,0
11616,0,0.010000,0.000863,0.010464,0.389606,1
11617,0,0.010000,0.000852,0.010464,0.389398,1
11618,0,0.010000,0.000841,0.010464,0.389200,1
11619,0,0.010000,0.000830,0.010464,0.389011,1
11620,0,0.010000,0.000820,0.010464,0.388830,1
11621,0,0.010000,0.000810,0.010464,0.388657,1
11622,0,0.010000,0.000801,0.010464,0.388491,1
11623,0,0.010000,0.000792,0.010464,0.388332,0
11624,0,0.010000,0.000783,0.010464,0.388179,0
11625,0,0.010000,0.000775,0.010464,0.388033,1
11626,0,0.010000,0.000767,0.010464,0.387892,0
11627,0,0.010000,0.000759,0.010464,0.387756,0
11628,0,0.010000,0.000751,0.010464,0.387626,0
11629,0,0.010000,0.000744,0.010464,0.387499,0
11630,0,0.010000,0.000737,0.010464,0.387378,1
11631,0,0.010000,0.000730,0.010464,0.387260,1
11632,0,0.010000,0.000724,0.010464,0.387146,1
11633,0,0.010000,0.000717,0.010464,0.387036,0
11634,0,0.010000,0.000711,0.010464,0.386929,1
11635,0,0.010000,0.000705,0.010464,0.386825,1
11636,0,0.010000,0.000699,0.010464,0.386724,1
11637,0,0.010000,0.000693,0.010464,0.386626,1
11638,0,0.010000,0.000688,0.010464,0.386530,0
11639,0,0.010000,0.000682,0.010464,0.386437,1
11640,0,0.010000,0.000677,0.010464,0.386346,0
11641,0,0.010000,0.000671,0.010464,0.386258,0
11642,0,0.010000,0.000666,0.010464,0.386171,1
11643,0,0.010000,0.000661,0.010464,0.386087,0
11644,0,0.010000,0.000656,0.010464,0.386004,0
11645,0,0.010000,0.000651,0.010464,0.385923,1
11646,0,0.010000,0.000647,0.010464,0.385844,1
11647,0,0.010000,0.000642,0.010464,0.385766,1
11648,0,0.010000,0.000637,0.010464,0.385689,1
11649,0,0.010000,0.000633,0.010464,0.385615,1
11650,0,0.010000,0.000628,0.010464,0.385541,0
11651,0,0.010000,0.000624,0.010464,0.385469,1
11652,0,0.010000,0.000620,0.010464,0.385398,0
11653,0,0.010000,0.000615,0.010464,0.385328,0
11654,0,0.010000,0.000611,0.010464,0.385259,1
11655,0,0.010000,0.000607,0.010464,0.385191,1
11656,0,0.010000,0.000603,0.010464,0.385125,0
11657,0,0.010000,0.000599,0.010464,0.385059,1
11658,0,0.010000,0.000595,0.010464,0.384994,0
11659,0,0.010000,0.000591,0.010464,0.384931,0
11660,0,0.010000,0.000587,0.010464,0.384868,0
11661,0,0.010000,0.000584,0.010464,0.384806,1
11662,0,0.010000,0.000580,0.010464,0.384745,1
11663,0,0.010000,0.000576,0.010464,0.384684,1
11664,0,0.010000,0.000572,0.010464,0.384625,0
11665,0,0.010000,0.000569,0.010464,0.384566,0
11666,0,0.010000,0.000565,0.010464,0.384508,1
11667,0,0.010000,0.000562,0.010464,0.384450,1
11668,0,0.010000,0.000558,0.010464,0.384393,0
11669,1,0.010000,0.000446,0.010464,0.384337,0
11670,0,3.226124,0.000357,0.010464,0.382580,1
11671,0,0.010000,0.000286,0.010464,0.381209,1
11672,0,0.010000,0.000229,0.010464,0.380134,0
11673,0,0.010000,0.000183,0.010464,0.379288,1
11674,0,0.010000,0.000146,0.010464,0.378620,1
11675,0,0.010000,0.000117,0.010464,0.378092,1
11676,0,0.010000,0.000094,0.010464,0.377672,0
11677,0,0.010000,0.000075,0.010464,0.377339,1
11678,0,0.010000,0.000060,0.010464,0.377074,1
11679,0,0.010000,0.000048,0.010464,0.376863,0
11680,0,0.010000,0.000038,0.010464,0.376695,0
11681,0,0.010000,0.000031,0.010464,0.376560,0
11682,0,0.010000,0.000025,0.010464,0.376453,1
11683,0,0.010000,0.000077,0.010464,0.376368,1
11684,0,0.010000,0.000186,0.010464,0.377107,0
11685,0,0.010000,0.000327,0.010464,0.378660,0
11686,0,0.010000,0.000484,0.010464,0.380749,1
11687,0,0.010000,0.000645,0.010464,0.383165,1
11688,0,0.010000,0.000803,0.010464,0.385746,0
11689,0,0.010000,0.000951,0.010464,0.388363,1
11690,0,0.010000,0.001085,0.010464,0.390913,0
11691,0,0.010000,0.001205,0.010464,0.393317,0
11692,0,0.010000,0.001309,0.010464,0.395519,1
11693,0,0.010000,0.001398,0.010464,0.397482,0
11694,0,0.010000,0.001471,0.010464,0.399185,1
11695,0,0.010000,0.001530,0.010464,0.400618,1
11696,0,0.010000,0.001575,0.010464,0.401787,0
11697,0,0.010000,0.001608,0.010464,0.402700,1
11698,0,0.010000,0.001631,0.010464,0.403376,1
11699,0,0.010000,0.001644,0.010464,0.403835,1
11700,0,0.010000,0.001648,0.010464,0.404099,0
11701,0,0.010000,0.001645,0.010464,0.404191,0
11702,0,0.010000,0.001636,0.010464,0.404134,1
11703,0,0.010000,0.001622,0.010464,0.403952,1
11704,0,0.010000,0.001604,0.010464,0.403663,1
11705,0,0.010078,0.001582,0.010464,0.403288,1
11706,0,0.011061,0.001557,0.010464,0.402844,0
11707,0,0.012082,0.001530,0.010464,0.402345,1
11708,0,0.013131,0.001502,0.010464,0.401805,1
11709,0,0.014199,0.001472,0.010464,0.401236,0
11710,0,0.015275,0.001442,0.010464,0.400647,1
11711,0,0.016347,0.001411,0.010464,0.400047,1
11712,0,0.017405,0.001380,0.010464,0.399444,1
11713,0,0.018437,0.001349,0.010464,0.398842,0
11714,0,0.019433,0.001319,0.010464,0.398247,1
11715,0,0.020385,0.001289,0.010464,0.397663,1
11716,0,0.021284,0.001259,0.010464,0.397092,1
11717,0,0.022124,0.001231,0.010464,0.396537,1
11718,0,0.022902,0.001203,0.010464,0.395999,1
11719,0,0.023614,0.001176,0.010464,0.395480,1
11720,0,0.024260,0.001150,0.010464,0.394981,0
11721,0,0.024839,0.001125,0.010464,0.394501,1
11722,0,0.025353,0.001101,0.010464,0.394042,1
11723,0,0.025804,0.001078,0.010464,0.393602,1
11724,0,0.026195,0.001056,0.010464,0.393183,1
11725,0,0.026530,0.001034,0.010464,0.392782,1
11726,0,0.026813,0.001014,0.010464,0.392401,1
11727,0,0.027047,0.000995,0.010464,0.392038,1
11728,0,0.027237,0.000976,0.010464,0.391693,1
11729,0,0.027387,0.000958,0.010464,0.391364,0
11730,0,0.027500,0.000942,0.010464,0.391052,0
11731,0,0.027581,0.000925,0.010464,0.390755,1
11732,0,0.027633,0.000910,0.010464,0.390472,1
11733,0,0.027659,0.000895,0.010464,0.390204,0
11734,0,0.027661,0.000881,0.010464,0.389949,0
11735,0,0.027644,0.000868,0.010464,0.389706,1
11736,0,0.027609,0.000855,0.010464,0.389475,0
11737,0,0.027558,0.000843,0.010464,0.389256,1
11738,0,0.027493,0.000831,0.010464,0.389046,0
11739,0,0.027416,0.000820,0.010464,0.388846,1
11740,0,0.027329,0.000809,0.010464,0.388656,0
11741,0,0.027233,0.000799,0.010464,0.388474,0
11742,0,0.027129,0.000789,0.010464,0.388301,1
11743,0,0.027019,0.000780,0.010464,0.388135,1
11744,0,0.026903,0.000771,0.010464,0.387976,1
11745,0,0.026782,0.000762,0.010464,0.387824,1
11746,0,0.026657,0.000754,0.010464,0.387678,0
11747,0,0.026529,0.000746,0.010464,0.387538,0
11748,0,0.026397,0.000738,0.010464,0.387403,0
11749,0,0.026264,0.000730,0.010464,0.387273,1
11750,0,0.026128,0.000723,0.010464,0.387149,0
11751,0,0.025991,0.000716,0.010464,0.387029,0
11752,0,0.025853,0.000710,0.010464,0.386913,1
11753,0,0.025714,0.000703,0.010464,0.386800,0
11754,0,0.025574,0.000697,0.010464,0.386692,1
11755,0,0.025433,0.000690,0.010464,0.386587,1
11756,0,0.025293,0.000684,0.010464,0.386485,1
11757,0,0.025152,0.000679,0.010464,0.386387,0
11758,0,0.025012,0.000673,0.010464,0.386291,0
11759,0,0.024872,0.000667,0.010464,0.386198,0
11760,0,0.024732,0.000662,0.010464,0.386107,0
11761,0,0.024592,0.000657,0.010464,0.386019,1
11762,0,0.024454,0.000652,0.010464,0.385933,0
11763,0,0.024315,0.000647,0.010464,0.385849,0
11764,0,0.024178,0.000642,0.010464,0.385767,0
11765,0,0.024041,0.000637,0.010464,0.385687,0
11766,0,0.023905,0.000632,0.010464,0.385609,1
11767,0,0.023769,0.000628,0.010464,0.385532,1
11768,0,0.023635,0.000623,0.010464,0.385457,1
11769,0,0.023501,0.000619,0.010464,0.385383,1
11770,0,0.023369,0.000614,0.010464,0.385311,0
11771,0,0.023237,0.000610,0.010464,0.385241,0
11772,0,0.023106,0.000606,0.010464,0.385171,0
11773,0,0.022976,0.000602,0.010464,0.385103,1
11774,0,0.022847,0.000597,0.010464,0.385036,1
11775,0,0.022719,0.000593,0.010464,0.384970,1
11776,0,0.022592,0.000589,0.010464,0.384905,1
11777,0,0.022466,0.000586,0.010464,0.384841,0
11778,0,0.022341,0.000582,0.010464,0.384778,1
11779,0,0.022217,0.000578,0.010464,0.384716,1
11780,0,0.022093,0.000574,0.010464,0.384655,1
11781,0,0.021971,0.000570,0.010464,0.384594,0
11782,0,0.021850,0.000567,0.010464,0.384535,0
11783,0,0.021730,0.000563,0.010464,0.384476,0
11784,0,0.021610,0.000560,0.010464,0.384419,0
11785,0,0.021492,0.000556,0.010464,0.384361,1
11786,0,0.021374,0.000553,0.010464,0.384305,1
11787,0,0.021258,0.000549,0.010464,0.384250,1
11788,0,0.021142,0.000546,0.010464,0.384195,0
11789,0,0.021028,0.000542,0.010464,0.384140,0
11790,0,0.020914,0.000539,0.010464,0.384087,1
11791,0,0.020801,0.000536,0.010464,0.384034,0
11792,0,0.020689,0.000532,0.010464,0.383981,0
11793,0,0.020578,0.000529,0.010464,0.383929,1
11794,0,0.020468,0.000526,0.010464,0.383878,0
11795,0,0.020359,0.000523,0.010464,0.383828,1
11796,0,0.020251,0.000520,0.010464,0.383777,1
11797,0,0.020143,0.000517,0.010464,0.383728,0
11798,0,0.020036,0.000514,0.010464,0.383679,0
11799,0,0.019931,0.000511,0.010464,0.383630,0
11800,0,0.019826,0.000507,0.010464,0.383582,1
11801,0,0.019722,0.000505,0.010464,0.383535,1
11802,0,0.019618,0.000502,0.010464,0.383488,0
11803,0,0.019516,0.000499,0.010464,0.383441,0
11804,0,0.019414,0.000496,0.010464,0.383395,0
11805,0,0.019313,0.000493,0.010464,0.383349,1
11806,0,0.019213,0.000490,0.010464,0.383304,1
11807,0,0.019114,0.000487,0.010464,0.383260,0
11808,0,0.019016,0.000484,0.010464,0.383215,1
11809,0,0.018918,0.000482,0.010464,0.383171,1
11810,0,0.018821,0.000479,0.010464,0.383128,1
11811,0,0.018725,0.000476,0.010464,0.383085,0
11812,0,0.018629,0.000473,0.010464,0.383042,0
11813,0,0.018535,0.000471,0.010464,0.383000,0
11814,0,0.018441,0.000468,0.010464,0.382958,1
11815,0,0.018348,0.000465,0.010464,0.382917,1
11816,0,0.018255,0.000463,0.010464,0.382876,1
11817,0,0.018163,0.000460,0.010464,0.382835,0
11818,0,0.018072,0.000458,0.010464,0.382795,1
11819,0,0.017982,0.000455,0.010464,0.382755,1
11820,0,0.017892,0.000453,0.010464,0.382716,1
11821,0,0.017803,0.000450,0.010464,0.382676,0
11822,0,0.017715,0.000448,0.010464,0.382638,0
11823,0,0.017627,0.000445,0.010464,0.382599,0
11824,0,0.017540,0.000443,0.010464,0.382561,1
11825,0,0.017454,0.000440,0.010464,0.382523,1
11826,0,0.017368,0.000438,0.010464,0.382486,0
11827,0,0.017283,0.000436,0.010464,0.382449,1
11828,0,0.017198,0.000433,0.010464,0.382412,1
11829,0,0.017115,0.000431,0.010464,0.382375,1
11830,0,0.017032,0.000429,0.010464,0.382339,1
11831,0,0.016949,0.000426,0.010464,0.382303,0
11832,0,0.016867,0.000424,0.010464,0.382268,1
11833,0,0.016786,0.000422,0.010464,0.382233,0
11834,0,0.016705,0.000420,0.010464,0.382198,0
11835,0,0.016625,0.000417,0.010464,0.382163,0
11836,0,0.016545,0.000415,0.010464,0.382129,0
11837,0,0.016466,0.000413,0.010464,0.382095,1
11838,0,0.016388,0.000411,0.010464,0.382061,1
11839,0,0.016310,0.000409,0.010464,0.382028,1
11840,0,0.016233,0.000406,0.010464,0.381994,1
11841,0,0.016156,0.000404,0.010464,0.381962,1
11842,0,0.016080,0.000402,0.010464,0.381929,1
11843,0,0.016005,0.000400,0.010464,0.381897,1
11844,0,0.015929,0.000398,0.010464,0.381865,1
11845,0,0.015855,0.000396,0.010464,0.381833,1
11846,0,0.015781,0.000394,0.010464,0.381801,1
11847,0,0.015708,0.000392,0.010464,0.381770,1
11848,0,0.015635,0.000390,0.010464,0.381739,0
11849,0,0.015562,0.000388,0.010464,0.381708,0
11850,0,0.015490,0.000386,0.010464,0.381678,1
11851,0,0.015419,0.000384,0.010464,0.381647,0
11852,0,0.015348,0.000382,0.010464,0.381617,0
11853,0,0.015278,0.000380,0.010464,0.381588,1
11854,0,0.015208,0.000378,0.010464,0.381558,1
11855,0,0.015139,0.000376,0.010464,0.381529,1
11856,0,0.015070,0.000374,0.010464,0.381500,1
11857,0,0.015001,0.000373,0.010464,0.381471,1
11858,0,0.014933,0.000371,0.010464,0.381442,1
11859,0,0.014866,0.000369,0.010464,0.381414,1
11860,0,0.014799,0.000367,0.010464,0.381386,0
11861,0,0.014732,0.000365,0.010464,0.381358,0
11862,0,0.014666,0.000363,0.010464,0.381330,0
11863,0,0.014601,0.000362,0.010464,0.381303,1
11864,0,0.014536,0.000360,0.010464,0.381276,0
11865,0,0.014471,0.000358,0.010464,0.381249,0
11866,0,0.014407,0.000356,0.010464,0.381222,0
11867,0,0.014343,0.000355,0.010464,0.381195,1
11868,0,0.014279,0.000353,0.010464,0.381169,0
11869,0,0.014216,0.000351,0.010464,0.381142,1
11870,0,0.014154,0.000349,0.010464,0.381116,0
11871,0,0.014092,0.000348,0.010464,0.381091,1
11872,0,0.014030,0.000346,0.010464,0.381065,1
11873,0,0.013969,0.000344,0.010464,0.381040,1
11874,0,0.013908,0.000343,0.010464,0.381014,1
11875,0,0.013847,0.000341,0.010464,0.380989,1
11876,0,0.013787,0.000339,0.010464,0.380965,1
11877,0,0.013728,0.000338,0.010464,0.380940,1
11878,0,0.013668,0.000336,0.010464,0.380916,0
11879,0,0.013609,0.000335,0.010464,0.380891,1
11880,0,0.013551,0.000333,0.010464,0.380867,1
11881,0,0.013493,0.000331,0.010464,0.380843,1
11882,0,0.013435,0.000330,0.010464,0.380820,0
11883,0,0.013378,0.000328,0.010464,0.380796,0
11884,0,0.013321,0.000327,0.010464,0.380773,1
11885,0,0.013264,0.000325,0.010464,0.380749,0
11886,0,0.013208,0.000324,0.010464,0.380726,0
11887,0,0.013152,0.000322,0.010464,0.380704,1
11888,0,0.013097,0.000321,0.010464,0.380681,1
11889,0,0.013042,0.000319,0.010464,0.380658,0
11890,0,0.012987,0.000318,0.010464,0.380636,1
11891,0,0.012932,0.000316,0.010464,0.380614,1
11892,0,0.012878,0.000315,0.010464,0.380592,1
11893,0,0.012825,0.000313,0.010464,0.380570,0
11894,0,0.012771,0.000312,0.010464,0.380548,1
11895,0,0.012718,0.000311,0.010464,0.380527,1
11896,0,0.012665,0.000309,0.010464,0.380505,1
11897,0,0.012613,0.000308,0.010464,0.380484,1
11898,0,0.012561,0.000306,0.010464,0.380463,1
11899,0,0.012509,0.000305,0.010464,0.380442,1
11900,0,0.012458,0.000304,0.010464,0.380421,0
11901,0,0.012407,0.000302,0.010464,0.380401,0
11902,0,0.012356,0.000301,0.010464,0.380380,1
11903,0,0.012306,0.000299,0.010464,0.380360,1
11904,0,0.012256,0.000298,0.010464,0.380339,1
11905,0,0.012206,0.000297,0.010464,0.380319,0
11906,0,0.012156,0.000295,0.010464,0.380299,0
11907,0,0.012107,0.000294,0.010464,0.380280,0
11908,0,0.012058,0.000293,0.010464,0.380260,0
11909,0,0.012010,0.000292,0.010464,0.380241,0
11910,0,0.011962,0.000290,0.010464,0.380221,1
11911,0,0.011914,0.000289,0.010464,0.380202,0
11912,0,0.011866,0.000288,0.010464,0.380183,1
11913,0,0.011819,0.000286,0.010464,0.380164,0
11914,0,0.011772,0.000285,0.010464,0.380145,1
11915,0,0.011725,0.000284,0.010464,0.380126,0
11916,0,0.011678,0.000283,0.010464,0.380108,1
11917,0,0.011632,0.000282,0.010464,0.380089,0
11918,0,0.011586,0.000280,0.010464,0.380071,1
11919,0,0.011541,0.000279,0.010464,0.380053,0
11920,0,0.011495,0.000278,0.010464,0.380035,0
11921,0,0.011450,0.000277,0.010464,0.380017,1
11922,0,0.011405,0.000275,0.010464,0.379999,0
11923,0,0.011361,0.000274,0.010464,0.379981,1
11924,0,0.011316,0.000273,0.010464,0.379964,1
11925,0,0.011272,0.000272,0.010464,0.379946,0
11926,0,0.011229,0.000271,0.010464,0.379929,0
11927,0,0.011185,0.000270,0.010464,0.379912,1
11928,0,0.011142,0.000268,0.010464,0.379894,0
11929,0,0.011099,0.000267,0.010464,0.379877,0
11930,0,0.011056,0.000266,0.010464,0.379861,1
11931,0,0.011014,0.000265,0.010464,0.379844,0
11932,0,0.010972,0.000264,0.010464,0.379827,0
11933,0,0.010930,0.000263,0.010464,0.379811,1
11934,0,0.010888,0.000262,0.010464,0.379794,1
11935,0,0.010846,0.000261,0.010464,0.379778,1
11936,0,0.010805,0.000260,0.010464,0.379762,1
11937,0,0.010764,0.000259,0.010464,0.379745,1
11938,0,0.010723,0.000257,0.010464,0.379729,1
11939,0,0.010683,0.000256,0.010464,0.379714,1
11940,0,0.010643,0.000255,0.010464,0.379698,1
11941,0,0.010603,0.000254,0.010464,0.379682,1
11942,0,0.010563,0.000253,0.010464,0.379666,0
11943,0,0.010523,0.000252,0.010464,0.379651,0
11944,0,0.010484,0.000251,0.010464,0.379635,0
11945,0,0.010445,0.000250,0.010464,0.379620,1
11946,0,0.010406,0.000249,0.010464,0.379605,1
11947,0,0.010367,0.000248,0.010464,0.379590,1
11948,0,0.010329,0.000247,0.010464,0.379575,1
11949,0,0.010291,0.000246,0.010464,0.379560,1
11950,0,0.010253,0.000245,0.010464,0.379545,0
11951,0,0.010215,0.000244,0.010464,0.379530,0
11952,0,0.010177,0.000243,0.010464,0.379516,0
11953,0,0.010140,0.000242,0.010464,0.379501,1
11954,0,0.010103,0.000241,0.010464,0.379487,1
11955,0,0.010066,0.000240,0.010464,0.379472,0
11956,0,0.010029,0.000239,0.010464,0.379458,0
11957,0,0.010000,0.000238,0.010464,0.379444,1
11958,0,0.010000,0.000237,0.010464,0.379430,1
11959,0,0.010000,0.000236,0.010464,0.379416,1
11960,0,0.010000,0.000235,0.010464,0.379402,1
11961,0,0.010000,0.000234,0.010464,0.379388,0
11962,0,0.010000,0.000234,0.010464,0.379374,1
11963,0,0.010000,0.000233,0.010464,0.379361,1
11964,0,0.010000,0.000232,0.010464,0.379347,1
11965,0,0.010000,0.000231,0.010464,0.379334,1
11966,0,0.010000,0.000230,0.010464,0.379320,0
11967,0,0.010000,0.000229,0.010464,0.379307,1
11968,0,0.010000,0.000228,0.010464,0.379294,1
11969,0,0.010000,0.000227,0.010464,0.379280,1
11970,0,0.010000,0.000226,0.010464,0.379267,1
11971,0,0.010000,0.000225,0.010464,0.379254,1
11972,0,0.010000,0.000225,0.010464,0.379241,1
11973,0,0.010000,0.000224,0.010464,0.379229,1
11974,0,0.010000,0.000223,0.010464,0.379216,1
11975,0,0.010000,0.000222,0.010464,0.379203,0
11976,0,0.010000,0.000221,0.010464,0.379191,1
11977,0,0.010000,0.000220,0.010464,0.379178,0
11978,0,0.010000,0.000219,0.010464,0.379166,1
11979,0,0.010000,0.000219,0.010464,0.379153,0
11980,0,0.010000,0.000218,0.010464,0.379141,0
11981,0,0.010000,0.000217,0.010464,0.379129,1
11982,0,0.010000,0.000216,0.010464,0.379116,0
11983,0,0.010000,0.000215,0.010464,0.379104,1
11984,0,0.010000,0.000214,0.010464,0.379092,1
11985,0,0.010000,0.000214,0.010464,0.379080,0
11986,0,0.010000,0.000213,0.010464,0.379068,1
11987,0,0.010000,0.000212,0.010464,0.379057,0
11988,0,0.010000,0.000211,0.010464,0.379045,0
11989,0,0.010000,0.000210,0.010464,0.379033,1
11990,0,0.010000,0.000210,0.010464,0.379022,1
11991,0,0.010000,0.000209,0.010464,0.379010,1
11992,0,0.010000,0.000208,0.010464,0.378999,0
11993,0,0.010000,0.000207,0.010464,0.378987,1
11994,0,0.010000,0.000206,0.010464,0.378976,1
11995,0,0.010000,0.000206,0.010464,0.378964,0
11996,0,0.010000,0.000205,0.010464,0.378953,1
11997,0,0.010000,0.000204,0.010464,0.378942,0
11998,0,0.010000,0.000203,0.010464,0.378931,0
11999,0,0.010000,0.000203,0.010464,0.378920,0
12000,0,0.010000,0.000202,0.010464,0.378909,1
12001,0,0.010000,0.000201,0.010464,0.378898,0
12002,0,0.010000,0.000200,0.010464,0.378887,0
12003,0,0.010000,0.000200,0.010464,0.378877,0
12004,0,0.010000,0.000199,0.010464,0.378866,1
12005,0,0.010000,0.000198,0.010464,0.378855,1
12006,0,0.010000,0.000198,0.010464,0.378845,0
12007,0,0.010000,0.000197,0.010464,0.378834,1
12008,0,0.010000,0.000196,0.010464,0.378824,1
12009,0,0.010000,0.000195,0.010464,0.378813,0
12010,0,0.010000,0.000195,0.010464,0.378803,1
12011,0,0.010000,0.000194,0.010464,0.378793,0
12012,0,0.010000,0.000193,0.010464,0.378782,0
12013,0,0.010000,0.000193,0.010464,0.378772,0
12014,0,0.010000,0.000192,0.010464,0.378762,1
12015,0,0.010000,0.000191,0.010464,0.378752,1
12016,0,0.010000,0.000191,0.010464,0.378742,1
12017,0,0.010000,0.000190,0.010464,0.378732,1
12018,0,0.010000,0.000189,0.010464,0.378722,0
12019,0,0.010000,0.000189,0.010464,0.378712,1
12020,0,0.010000,0.000188,0.010464,0.378703,1
12021,0,0.010000,0.000187,0.010464,0.378693,1
12022,0,0.010000,0.000187,0.010464,0.378683,0
12023,0,0.010000,0.000186,0.010464,0.378674,1
12024,0,0.010000,0.000185,0.010464,0.378664,0
12025,0,0.010000,0.000185,0.010464,0.378654,1
12026,0,0.010000,0.000184,0.010464,0.378645,0
12027,0,0.010000,0.000183,0.010464,0.378636,1
12028,0,0.010000,0.000183,0.010464,0.378626,0
12029,0,0.010000,0.000182,0.010464,0.378617,0
12030,0,0.010000,0.000181,0.010464,0.378608,1
12031,0,0.010000,0.000181,0.010464,0.378598,0
12032,0,0.010000,0.000180,0.010464,0.378589,0
12033,0,0.010000,0.000179,0.010464,0.378580,1
12034,0,0.010000,0.000179,0.010464,0.378571,1
12035,0,0.010000,0.000178,0.010464,0.378562,1
12036,1,0.010000,0.000143,0.010464,0.378553,0
12037,0,9.790177,0.000114,0.010464,0.378038,1
12038,0,0.010000,0.000091,0.010464,0.377630,1
12039,0,0.010000,0.000073,0.010464,0.377306,1
12040,0,0.010000,0.000058,0.010464,0.377047,0
12041,0,0.010000,0.000047,0.010464,0.376842,0
12042,0,0.010000,0.000037,0.010464,0.376678,1
12043,0,0.010000,0.000030,0.010464,0.376547,0
12044,0,0.010000,0.000024,0.010464,0.376442,1
12045,0,0.010000,0.000019,0.010464,0.376359,0
12046,0,0.010000,0.000015,0.010464,0.376292,1
12047,0,0.010000,0.000012,0.010464,0.376239,0
12048,0,0.010000,0.000010,0.010464,0.376197,1
12049,0,0.010000,0.000008,0.010464,0.376163,1
12050,0,0.010000,0.000006,0.010464,0.376135,1
12051,0,0.010000,0.000053,0.010464,0.376114,1
12052,0,0.010000,0.000148,0.010464,0.376769,0
12053,0,0.010000,0.000271,0.010464,0.378119,1
12054,0,0.010000,0.000406,0.010464,0.379911,0
12055,0,0.010000,0.000544,0.010464,0.381958,0
12056,0,0.010000,0.000677,0.010464,0.384115,0
12057,0,0.010000,0.000801,0.010464,0.386269,0
12058,0,0.010000,0.000913,0.010464,0.388336,0
12059,0,0.010000,0.001010,0.010464,0.390251,1
12060,0,0.010000,0.001094,0.010464,0.391970,1
12061,0,0.010000,0.001163,0.010464,0.393468,0
12062,0,0.010000,0.001218,0.010464,0.394732,1
12063,0,0.010000,0.001261,0.010464,0.395759,0
12064,0,0.010000,0.001291,0.010464,0.396558,1
12065,0,0.010000,0.001312,0.010464,0.397141,0
12066,0,0.010000,0.001322,0.010464,0.397526,0
12067,0,0.010000,0.001325,0.010464,0.397733,0
12068,0,0.010000,0.001321,0.010464,0.397784,1
12069,0,0.010000,0.001310,0.010464,0.397698,1
12070,0,0.010000,0.001295,0.010464,0.397498,1
12071,0,0.010000,0.001275,0.010464,0.397202,0
12072,0,0.010000,0.001252,0.010464,0.396827,1
12073,0,0.010000,0.001226,0.010464,0.396391,1
12074,0,0.010000,0.001198,0.010464,0.395907,1
12075,0,0.010000,0.001169,0.010464,0.395389,0
12076,1,0.010000,0.000935,0.010464,0.394846,0
12077,0,0.010000,0.000748,0.010464,0.390642,1
12078,0,0.010000,0.000598,0.010464,0.387443,1
12079,0,0.010000,0.000479,0.010464,0.384985,1
12080,0,0.010000,0.000383,0.010464,0.383084,1
12081,0,0.010000,0.000306,0.010464,0.381603,1
12082,0,0.010000,0.000245,0.010464,0.380443,1
12083,0,0.010000,0.000196,0.010464,0.379532,1
12084,0,0.010000,0.000157,0.010464,0.378813,0
12085,0,0.010000,0.000126,0.010464,0.378244,1
12086,0,0.010000,0.000100,0.010464,0.377794,1
12087,0,0.010000,0.000080,0.010464,0.377436,0
12088,0,0.010000,0.000064,0.010464,0.377151,1
12089,0,0.010000,0.000065,0.010464,0.376924,1
12090,0,0.010000,0.000142,0.010464,0.376930,0
12091,0,0.010000,0.000268,0.010464,0.378033,0
12092,0,0.010000,0.000420,0.010464,0.379869,0
12093,0,0.010000,0.000585,0.010464,0.382178,0
12094,0,0.010000,0.000749,0.010464,0.384761,0
12095,0,0.010000,0.000907,0.010464,0.387463,0
12096,0,0.010000,0.001054,0.010464,0.390157,0
12097,0,0.010000,0.001186,0.010464,0.392747,1
12098,0,0.010000,0.001302,0.010464,0.395157,0
12099,0,0.010000,0.001401,0.010464,0.397337,1
12100,0,0.010000,0.001484,0.010464,0.399253,1
12101,0,0.010000,0.001552,0.010464,0.400889,0
12102,0,0.010000,0.001605,0.010464,0.402242,1
12103,0,0.010000,0.001645,0.010464,0.403318,1
12104,0,0.010000,0.001673,0.010464,0.404133,0
12105,0,0.010000,0.001690,0.010464,0.404707,0
12106,0,0.010000,0.001698,0.010464,0.405061,1
12107,0,0.010000,0.001697,0.010464,0.405221,1
12108,0,0.010000,0.001690,0.010464,0.405212,1
12109,0,0.010000,0.001677,0.010464,0.405058,1
12110,0,0.010000,0.001658,0.010464,0.404782,0
12111,0,0.010000,0.001636,0.010464,0.404404,0
12112,0,0.010000,0.001610,0.010464,0.403946,0
12113,0,0.010000,0.001582,0.010464,0.403423,1
12114,0,0.010000,0.001552,0.010464,0.402851,1
12115,0,0.010000,0.001521,0.010464,0.402244,1
12116,0,0.010000,0.001488,0.010464,0.401613,0
12117,0,0.010000,0.001455,0.010464,0.400967,0
12118,0,0.010000,0.001422,0.010464,0.400315,1
12119,0,0.010000,0.001389,0.010464,0.399664,0
12120,0,0.010000,0.001356,0.010464,0.399019,0
12121,0,0.010000,0.001324,0.010464,0.398384,1
12122,0,0.010000,0.001292,0.010464,0.397764,1
12123,0,0.010000,0.001262,0.010464,0.397161,0
12124,0,0.010000,0.001232,0.010464,0.396576,0
12125,0,0.010000,0.001202,0.010464,0.396012,0
12126,0,0.010000,0.001174,0.010464,0.395469,1
12127,0,0.010000,0.001147,0.010464,0.394948,0
12128,0,0.010000,0.001121,0.010464,0.394449,1
12129,0,0.010000,0.001096,0.010464,0.393972,1
12130,0,0.010000,0.001072,0.010464,0.393518,0
12131,0,0.010000,0.001050,0.010464,0.393084,0
12132,0,0.010000,0.001028,0.010464,0.392672,1
12133,0,0.010000,0.001007,0.010464,0.392279,0
12134,0,0.010751,0.000987,0.010464,0.391907,1
12135,0,0.011522,0.000968,0.010464,0.391553,1
12136,0,0.012303,0.000950,0.010464,0.391217,1
12137,0,0.013086,0.000932,0.010464,0.390898,0
12138,0,0.013867,0.000916,0.010464,0.390595,0
12139,0,0.014638,0.000900,0.010464,0.390308,1
12140,0,0.015393,0.000885,0.010464,0.390035,0
12141,0,0.016128,0.000871,0.010464,0.389776,1
12142,0,0.016838,0.000857,0.010464,0.389530,1
12143,0,0.017517,0.000845,0.010464,0.389296,1
12144,1,0.018162,0.000676,0.010464,0.389074,0
12145,0,9.423342,0.000540,0.010464,0.386241,1
12146,0,0.010000,0.000432,0.010464,0.384057,1
12147,0,0.010000,0.000346,0.010464,0.382362,1
12148,0,0.010000,0.000277,0.010464,0.381038,0
12149,0,0.010000,0.000221,0.010464,0.380000,0
12150,0,0.010000,0.000177,0.010464,0.379182,1
12151,0,0.010000,0.000142,0.010464,0.378537,1
12152,0,0.010000,0.000113,0.010464,0.378025,1
12153,0,0.010000,0.000091,0.010464,0.377620,1
12154,0,0.010000,0.000073,0.010464,0.377297,1
12155,0,0.010000,0.000058,0.010464,0.377041,1
12156,0,0.010000,0.000046,0.010464,0.376836,1
12157,0,0.010000,0.000057,0.010464,0.376674,1
12158,0,0.010000,0.000143,0.010464,0.376816,0
12159,0,0.010000,0.000276,0.010464,0.378038,1
12160,0,0.010000,0.000435,0.010464,0.379987,0
12161,0,0.010000,0.000606,0.010464,0.382408,0
12162,1,0.010000,0.000485,0.010464,0.385109,0
12163,0,0.010000,0.000388,0.010464,0.383180,1
12164,0,0.010000,0.000310,0.010464,0.381678,0
12165,0,0.010000,0.000248,0.010464,0.380502,1
12166,0,0.010000,0.000199,0.010464,0.379578,1
12167,0,0.010000,0.000159,0.010464,0.378850,1
12168,0,0.010000,0.000127,0.010464,0.378273,0
12169,0,0.010000,0.000102,0.010464,0.377817,0
12170,0,0.010000,0.000081,0.010464,0.377454,1
12171,0,0.010000,0.000065,0.010464,0.377165,0
12172,0,0.010000,0.000052,0.010464,0.376936,1
12173,0,0.010000,0.000112,0.010464,0.376753,1
12174,0,0.010000,0.000262,0.010464,0.377605,0
12175,0,0.010000,0.000466,0.010464,0.379784,1
12176,0,0.010000,0.000698,0.010464,0.382885,1
12177,0,0.010000,0.000940,0.010464,0.386613,1
12178,0,0.010000,0.001178,0.010464,0.390723,0
12179,0,0.010000,0.001403,0.010464,0.395010,0
12180,0,0.010000,0.001611,0.010464,0.399297,1
12181,0,0.010000,0.001798,0.010464,0.403437,1
12182,0,0.010000,0.001961,0.010464,0.407315,1
12183,0,0.010000,0.002102,0.010464,0.410845,1
12184,0,0.010000,0.002220,0.010464,0.413970,0
12185,0,0.010000,0.002316,0.010464,0.416661,0
12186,0,0.010000,0.002393,0.010464,0.418907,1
12187,0,0.010000,0.002451,0.010464,0.420716,1
12188,0,0.010000,0.002492,0.010464,0.422109,1
12189,0,0.010000,0.002519,0.010464,0.423115,1
12190,0,0.010000,0.002533,0.010464,0.423768,1
12191,0,0.010000,0.002536,0.010464,0.424107,0
12192,0,0.010063,0.002528,0.010464,0.424171,1
12193,0,0.012109,0.002513,0.010464,0.423997,1
12194,0,0.014423,0.002491,0.010464,0.423621,1
12195,0,0.016988,0.002463,0.010464,0.423078,1
12196,0,0.019766,0.002430,0.010464,0.422399,1
12197,0,0.022698,0.002393,0.010464,0.421610,1
12198,0,0.025711,0.002354,0.010464,0.420737,1
12199,0,0.028720,0.002313,0.010464,0.419802,1
12200,1,0.031638,0.001850,0.010464,0.418821,0
12201,0,8.965466,0.001480,0.010464,0.408431,1
12202,0,0.010000,0.001184,0.010464,0.400801,0
12203,0,0.010000,0.000947,0.010464,0.395126,1
12204,0,0.010000,0.000758,0.010464,0.390854,1
12205,0,0.010000,0.000606,0.010464,0.387605,1
12206,0,0.010000,0.000485,0.010464,0.385110,0
12207,0,0.010000,0.000388,0.010464,0.383181,0
12208,0,0.010000,0.000310,0.010464,0.381678,1
12209,0,0.010000,0.000248,0.010464,0.380503,1
12210,0,0.010000,0.000199,0.010464,0.379579,1
12211,0,0.010000,0.000191,0.010464,0.378850,0
12212,0,0.010000,0.000283,0.010464,0.378735,1
12213,0,0.010000,0.000439,0.010464,0.380093,0
12214,0,0.010000,0.000632,0.010464,0.382465,1
12215,0,0.010000,0.000843,0.010464,0.385531,0
12216,0,0.010000,0.001057,0.010464,0.389046,1
12217,0,0.010000,0.001265,0.010464,0.392807,1
12218,0,0.010000,0.001461,0.010464,0.396645,0
12219,0,0.010000,0.001640,0.010464,0.400422,1
12220,0,0.010000,0.001800,0.010464,0.404024,0
12221,0,0.010000,0.001941,0.010464,0.407367,1
12222,0,0.010000,0.002061,0.010464,0.410391,0
12223,0,0.010000,0.002163,0.010464,0.413058,0
12224,0,0.010000,0.002246,0.010464,0.415351,0
12225,0,0.010000,0.002312,0.010464,0.417267,1
12226,0,0.010000,0.002363,0.010464,0.418817,1
12227,0,0.010000,0.002400,0.010464,0.420021,0
12228,0,0.010000,0.002425,0.010464,0.420903,0
12229,1,0.010000,0.001940,0.010464,0.421494,0
12230,0,0.010000,0.001552,0.010464,0.410380,1
12231,0,0.010000,0.001242,0.010464,0.402239,0
12232,0,0.010000,0.000993,0.010464,0.396201,1
12233,0,0.010000,0.000795,0.010464,0.391668,0
12234,0,0.010000,0.000636,0.010464,0.388226,0
12235,0,0.010345,0.000509,0.010464,0.385589,0
12236,0,0.014259,0.000407,0.010464,0.383552,0
12237,0,0.019268,0.000325,0.010464,0.381968,1
12238,0,0.025410,0.000260,0.010464,0.380730,1
12239,0,0.032553,0.000215,0.010464,0.379757,1
12240,0,0.040357,0.000292,0.010464,0.379092,1
12241,0,0.048300,0.000448,0.010464,0.380227,0
12242,0,0.055793,0.000651,0.010464,0.382603,1
12243,0,0.062332,0.000879,0.010464,0.385845,1
12244,1,0.067621,0.000703,0.010464,0.389672,0
12245,0,8.804348,0.000563,0.010464,0.386699,0
12246,0,0.010000,0.000450,0.010464,0.384411,0
12247,0,0.010000,0.000360,0.010464,0.382638,1
12248,0,0.010000,0.000288,0.010464,0.381254,0
12249,0,0.010000,0.000230,0.010464,0.380170,1
12250,0,0.010000,0.000184,0.010464,0.379316,0
12251,0,0.010000,0.000148,0.010464,0.378643,0
12252,0,0.010000,0.000118,0.010464,0.378109,1
12253,0,0.010000,0.000136,0.010464,0.377686,0
12254,0,0.010000,0.000285,0.010464,0.377946,1
12255,0,0.010000,0.000518,0.010464,0.380130,0
12256,0,0.010000,0.000797,0.010464,0.383693,1
12257,0,0.010000,0.001097,0.010464,0.388261,1
12258,0,0.010000,0.001400,0.010464,0.393532,1
12259,0,0.010000,0.001694,0.010464,0.399236,1
12260,0,0.010000,0.001968,0.010464,0.405131,0
12261,0,0.010000,0.002219,0.010464,0.410997,0
12262,0,0.010000,0.002444,0.010464,0.416649,0
12263,0,0.010000,0.002640,0.010464,0.421939,1
12264,0,0.010000,0.002809,0.010464,0.426756,0
12265,0,0.010000,0.002951,0.010464,0.431029,1
12266,0,0.010000,0.003068,0.010464,0.434720,1
12267,0,0.010000,0.003161,0.010464,0.437817,0
12268,0,0.010000,0.003233,0.010464,0.440332,1
12269,0,0.010000,0.003285,0.010464,0.442293,0
12270,0,0.010000,0.003320,0.010464,0.443738,0
12271,0,0.010000,0.003340,0.010464,0.444713,1
12272,0,0.010000,0.003347,0.010464,0.445268,0
12273,0,0.010000,0.003342,0.010464,0.445451,1
12274,0,0.010000,0.003327,0.010464,0.445313,1
12275,0,0.010000,0.003304,0.010464,0.444899,1
12276,0,0.010000,0.003274,0.010464,0.444254,0
12277,0,0.010000,0.003238,0.010464,0.443417,1
12278,0,0.010000,0.003197,0.010464,0.442424,0
12279,0,0.010000,0.003152,0.010464,0.441307,0
12280,0,0.010000,0.003105,0.010464,0.440096,1
12281,0,0.010000,0.003055,0.010464,0.438813,1
12282,0,0.010000,0.003004,0.010464,0.437482,1
12283,0,0.010000,0.002952,0.010464,0.436119,0
12284,0,0.010000,0.002899,0.010464,0.434740,1
12285,0,0.010000,0.002846,0.010464,0.433357,0
12286,0,0.010000,0.002793,0.010464,0.431983,0
12287,0,0.010000,0.002741,0.010464,0.430624,0
12288,0,0.010000,0.002689,0.010464,0.429288,1
12289,0,0.010000,0.002638,0.010464,0.427980,0
12290,0,0.010000,0.002588,0.010464,0.426705,1
12291,0,0.010000,0.002539,0.010464,0.425465,1
12292,0,0.010000,0.002492,0.010464,0.424263,0
12293,0,0.010000,0.002445,0.010464,0.423099,0
12294,0,0.010000,0.002400,0.010464,0.421975,1
12295,0,0.010000,0.002356,0.010464,0.420892,1
12296,0,0.010000,0.002313,0.010464,0.419848,0
12297,1,0.010000,0.001851,0.010464,0.418843,0
12298,0,4.144201,0.001481,0.010464,0.408447,1
12299,0,0.010000,0.001184,0.010464,0.400812,1
12300,0,0.010000,0.000948,0.010464,0.395135,0
12301,0,0.010000,0.000758,0.010464,0.390861,1
12302,0,0.010000,0.000606,0.010464,0.387610,0
12303,0,0.010000,0.000485,0.010464,0.385114,0
12304,0,0.010000,0.000388,0.010464,0.383184,1
12305,0,0.010000,0.000311,0.010464,0.381681,0
12306,0,0.010000,0.000248,0.010464,0.380505,1
12307,0,0.010000,0.000199,0.010464,0.379580,0
12308,0,0.010000,0.000227,0.010464,0.378851,1
12309,0,0.010000,0.000346,0.010464,0.379259,0
12310,0,0.010000,0.000524,0.010464,0.381044,0
12311,0,0.010000,0.000733,0.010464,0.383790,1
12312,1,0.010000,0.000587,0.010464,0.387196,0
12313,0,4.387922,0.000469,0.010464,0.384795,1
12314,0,0.010000,0.000375,0.010464,0.382936,0
12315,1,0.010000,0.000300,0.010464,0.381487,0
12316,0,0.255755,0.000240,0.010464,0.380353,1
12317,0,0.180152,0.000192,0.010464,0.379461,0
12318,0,0.164744,0.000154,0.010464,0.378757,1
12319,0,0.157961,0.000123,0.010464,0.378200,0
12320,0,0.153922,0.000098,0.010464,0.377758,1
12321,0,0.150929,0.000079,0.010464,0.377407,0
12322,0,0.148381,0.000063,0.010464,0.377128,1
12323,0,0.146045,0.000050,0.010464,0.376906,0
12324,0,0.143827,0.000040,0.010464,0.376729,0
12325,0,0.141686,0.000108,0.010464,0.376588,0
12326,0,0.139605,0.000334,0.010464,0.377543,1
12327,0,0.137575,0.000659,0.010464,0.380862,1
12328,0,0.135592,0.001038,0.010464,0.385969,0
12329,0,0.133654,0.001439,0.010464,0.392463,1
12330,0,0.131757,0.001840,0.010464,0.399992,1
12331,0,0.129901,0.002224,0.010464,0.408207,0
12332,0,0.128085,0.002582,0.010464,0.416757,1
12333,0,0.126307,0.002907,0.010464,0.425310,0
12334,0,0.124566,0.003197,0.010464,0.433571,1
12335,0,0.122862,0.003449,0.010464,0.441301,1
12336,0,0.121192,0.003665,0.010464,0.448323,1
12337,0,0.119557,0.003845,0.010464,0.454523,1
12338,0,0.117955,0.003992,0.010464,0.459842,1
12339,0,0.116385,0.004109,0.010464,0.464268,0
12340,0,0.114847,0.004197,0.010464,0.467823,1
12341,0,0.113340,0.004260,0.010464,0.470553,0
12342,0,0.111862,0.004301,0.010464,0.472520,1
12343,0,0.110413,0.004322,0.010464,0.473797,0
12344,0,0.108993,0.004326,0.010464,0.474459,1
12345,0,0.107600,0.004315,0.010464,0.474580,0
12346,0,0.106234,0.004291,0.010464,0.474234,1
12347,0,0.104894,0.004257,0.010464,0.473490,1
12348,0,0.103580,0.004213,0.010464,0.472412,0
12349,0,0.102290,0.004163,0.010464,0.471058,0
12350,0,0.101025,0.004106,0.010464,0.469481,0
12351,0,0.099783,0.004044,0.010464,0.467728,0
12352,0,0.098565,0.003979,0.010464,0.465840,1
12353,0,0.097368,0.003910,0.010464,0.463853,1
12354,0,0.096194,0.003840,0.010464,0.461798,0
12355,0,0.095041,0.003769,0.010464,0.459702,0
12356,0,0.093909,0.003697,0.010464,0.457588,1
12357,0,0.092797,0.003625,0.010464,0.455473,0
12358,0,0.091706,0.003553,0.010464,0.453375,0
12359,0,0.090633,0.003482,0.010464,0.451304,1
12360,0,0.089580,0.003412,0.010464,0.449272,1
12361,0,0.088544,0.003343,0.010464,0.447286,0
12362,0,0.087528,0.003276,0.010464,0.445352,0
12363,0,0.086528,0.003210,0.010464,0.443475,1
12364,0,0.085546,0.003145,0.010464,0.441658,0
12365,1,0.084581,0.002516,0.010464,0.439902,0
12366,0,8.988209,0.002013,0.010464,0.423697,1
12367,0,0.010000,0.001610,0.010464,0.411982,0
12368,0,0.010000,0.001288,0.010464,0.403420,0
12369,0,0.010000,0.001031,0.010464,0.397082,0
12370,0,0.010000,0.000824,0.010464,0.392332,0
12371,0,0.010000,0.000660,0.010464,0.388733,1
12372,0,0.010000,0.000528,0.010464,0.385978,1
12373,0,0.010000,0.000422,0.010464,0.383854,1
12374,0,0.010000,0.000338,0.010464,0.382203,0
12375,0,0.010000,0.000349,0.010464,0.380914,0
12376,0,0.010000,0.000466,0.010464,0.381083,0
12377,0,0.010000,0.000652,0.010464,0.382891,0
12378,0,0.010000,0.000876,0.010464,0.385849,0
12379,0,0.010000,0.001119,0.010464,0.389617,1
12380,1,0.010000,0.000895,0.010464,0.393925,0
12381,1,0.010000,0.000716,0.010464,0.389944,0
12382,0,1.397614,0.000573,0.010464,0.386908,0
12383,0,0.023162,0.000458,0.010464,0.384573,1
12384,0,0.042311,0.000367,0.010464,0.382763,0
12385,0,0.070496,0.000293,0.010464,0.381352,1
12386,0,0.103519,0.000235,0.010464,0.380247,1
12387,0,0.132036,0.000188,0.010464,0.379377,1
12388,0,0.149468,0.000150,0.010464,0.378690,1
12389,0,0.156931,0.000120,0.010464,0.378147,1
12390,0,0.158723,0.000096,0.010464,0.377717,1
12391,0,0.157979,0.000077,0.010464,0.377374,1
12392,0,0.156226,0.000252,0.010464,0.377102,1
12393,0,0.154103,0.000556,0.010464,0.379635,0
12394,0,0.151866,0.000935,0.010464,0.384301,1
12395,0,0.149614,0.001352,0.010464,0.390643,0
12396,0,0.147386,0.001777,0.010464,0.398291,1
12397,0,0.145196,0.002193,0.010464,0.406881,0
12398,0,0.143051,0.002585,0.010464,0.416040,1
12399,0,0.140952,0.002947,0.010464,0.425395,0
12400,1,0.138898,0.002357,0.010464,0.434600,0
12401,0,8.201549,0.001886,0.010464,0.419875,0
12402,0,0.010000,0.001509,0.010464,0.409200,1
12403,0,0.010000,0.001207,0.010464,0.401369,0
12404,0,0.010000,0.000966,0.010464,0.395551,1
12405,0,0.010000,0.000772,0.010464,0.391176,1
12406,0,0.010000,0.000618,0.010464,0.387851,0
12407,0,0.010000,0.000673,0.010464,0.385300,1
12408,0,0.010000,0.000874,0.010464,0.386195,0
12409,0,0.010000,0.001168,0.010464,0.389588,0
12410,0,0.010000,0.001512,0.010464,0.394825,0
12411,0,0.010000,0.001879,0.010464,0.401446,0
12412,0,0.010000,0.002247,0.010464,0.409055,1
12413,0,0.010000,0.002601,0.010464,0.417281,1
12414,0,0.010000,0.002931,0.010464,0.425771,0
12415,0,0.010000,0.003233,0.010464,0.434203,0
12416,0,0.010000,0.003503,0.010464,0.442301,0
12417,0,0.010000,0.003739,0.010464,0.449848,0
12418,0,0.010000,0.003941,0.010464,0.456688,0
12419,1,0.010000,0.003153,0.010464,0.462724,0
12420,0,0.060581,0.002522,0.010464,0.440111,1
12421,0,0.094117,0.002018,0.010464,0.423848,0
12422,0,0.126483,0.001614,0.010464,0.412092,0
12423,0,0.148446,0.001291,0.010464,0.403500,0
12424,0,0.158761,0.001033,0.010464,0.397142,1
12425,0,0.161782,0.000827,0.010464,0.392377,1
12426,0,0.161448,0.000787,0.010464,0.388767,0
12427,0,0.159784,0.000909,0.010464,0.388097,0
12428,0,0.157638,0.001136,0.010464,0.390190,1
12429,0,0.155339,0.001426,0.010464,0.394247,0
12430,1,0.153014,0.001141,0.010464,0.399746,0
12431,0,8.009118,0.000913,0.010464,0.394335,0
12432,0,0.010000,0.000730,0.010464,0.390255,1
12433,0,0.010000,0.000584,0.010464,0.387146,1
12434,0,0.010000,0.000467,0.010464,0.384757,0
12435,0,0.010000,0.000374,0.010464,0.382906,0
12436,0,0.010000,0.000299,0.010464,0.381464,1
12437,0,0.010000,0.000361,0.010464,0.380334,0
12438,0,0.010000,0.000583,0.010464,0.381271,1
12439,0,0.010000,0.000904,0.010464,0.384731,0
12440,0,0.010000,0.001283,0.010464,0.390106,1
12441,0,0.010000,0.001686,0.010464,0.396974,1
12442,0,0.010000,0.002091,0.010464,0.404968,1
12443,0,0.010000,0.002482,0.010464,0.413723,0
12444,0,0.010000,0.002850,0.010464,0.422875,1
12445,0,0.010000,0.003186,0.010464,0.432076,1
12446,0,0.010000,0.003488,0.010464,0.441018,1
12447,0,0.010000,0.003755,0.010464,0.449445,0
12448,0,0.010000,0.003985,0.010464,0.457167,0
12449,0,0.010000,0.004181,0.010464,0.464060,0
12450,0,0.010000,0.004344,0.010464,0.470056,1
12451,0,0.010000,0.004476,0.010464,0.475135,0
12452,0,0.010000,0.004580,0.010464,0.479314,0
12453,0,0.010000,0.004658,0.010464,0.482633,0
12454,0,0.010000,0.004713,0.010464,0.485153,1
12455,0,0.010000,0.004748,0.010464,0.486941,1
12456,0,0.010000,0.004765,0.010464,0.488071,1
12457,0,0.010000,0.004766,0.010464,0.488616,0
12458,0,0.010000,0.004753,0.010464,0.488648,0
12459,0,0.010000,0.004729,0.010464,0.488235,1
12460,0,0.010000,0.004694,0.010464,0.487441,0
12461,0,0.010000,0.004652,0.010464,0.486325,0
12462,0,0.010000,0.004602,0.010464,0.484941,1
12463,0,0.010000,0.004546,0.010464,0.483335,0
12464,0,0.012742,0.004486,0.010464,0.481552,0
12465,0,0.019074,0.004422,0.010464,0.479629,0
12466,0,0.027663,0.004355,0.010464,0.477600,1
12467,0,0.038507,0.004287,0.010464,0.475494,0
12468,0,0.050999,0.004216,0.010464,0.473336,0
12469,0,0.063878,0.004145,0.010464,0.471148,1
12470,0,0.075611,0.004074,0.010464,0.468948,1
12471,0,0.085024,0.004002,0.010464,0.466751,0
12472,0,0.091701,0.003931,0.010464,0.464571,0
12473,0,0.095901,0.003860,0.010464,0.462417,0
12474,0,0.098197,0.003791,0.010464,0.460299,0
12475,0,0.099179,0.003722,0.010464,0.458223,0
12476,0,0.099314,0.003654,0.010464,0.456194,1
12477,0,0.098926,0.003588,0.010464,0.454216,1
12478,1,0.098225,0.002870,0.010464,0.452293,0
12479,0,8.765152,0.002296,0.010464,0.432609,0
12480,0,0.010000,0.001837,0.010464,0.418438,0
12481,0,0.010000,0.001470,0.010464,0.408151,0
12482,0,0.010000,0.001176,0.010464,0.400594,1
12483,0,0.010000,0.000941,0.010464,0.394971,1
12484,0,0.010000,0.000752,0.010464,0.390737,1
12485,0,0.010000,0.000602,0.010464,0.387515,0
12486,0,0.010000,0.000482,0.010464,0.385041,1
12487,0,0.010000,0.000428,0.010464,0.383127,1
12488,0,0.010000,0.000509,0.010464,0.382298,1
12489,0,0.010000,0.000678,0.010464,0.383562,0
12490,0,0.010000,0.000901,0.010464,0.386283,1
12491,0,0.010000,0.001152,0.010464,0.390045,1
12492,0,0.010000,0.001413,0.010464,0.394532,1
12493,0,0.010000,0.001671,0.010464,0.399483,0
12494,1,0.010000,0.001337,0.010464,0.404671,0
12495,0,0.010000,0.001070,0.010464,0.398013,1
12496,0,0.010000,0.000856,0.010464,0.393033,1
12497,0,0.010000,0.000685,0.010464,0.389266,1
12498,0,0.010000,0.000548,0.010464,0.386389,0
12499,0,0.010000,0.000438,0.010464,0.384171,1
12500,0,0.010000,0.000351,0.010464,0.382451,1
12501,0,0.011651,0.000280,0.010464,0.381108,1
12502,0,0.019022,0.000258,0.010464,0.380055,0
12503,0,0.029903,0.000389,0.010464,0.379724,0
12504,0,0.044606,0.000619,0.010464,0.381693,0
12505,0,0.062197,0.000907,0.010464,0.385312,1
12506,0,0.080233,0.001225,0.010464,0.390155,0
12507,0,0.095729,0.001551,0.010464,0.395887,0
12508,0,0.106832,0.001870,0.010464,0.402213,1
12509,0,0.113509,0.002172,0.010464,0.408857,1
12510,0,0.116824,0.002451,0.010464,0.415568,0
12511,0,0.117988,0.002704,0.010464,0.422126,0
12512,0,0.117908,0.002927,0.010464,0.428346,0
12513,0,0.117149,0.003121,0.010464,0.434089,0
12514,0,0.116035,0.003287,0.010464,0.439259,0
12515,0,0.114744,0.003426,0.010464,0.443795,0
12516,0,0.113370,0.003539,0.010464,0.447675,1
12517,0,0.111964,0.003629,0.010464,0.450901,0
12518,0,0.110554,0.003698,0.010464,0.453495,0
12519,0,0.109154,0.003747,0.010464,0.455494,0
12520,1,0.107771,0.002998,0.010464,0.456946,0
12521,0,8.642361,0.002398,0.010464,0.435954,0
12522,0,0.010000,0.001919,0.010464,0.420852,0
12523,0,0.010000,0.001535,0.010464,0.409912,0
12524,0,0.010000,0.001228,0.010464,0.401895,1
12525,0,0.010000,0.000982,0.010464,0.395944,1
12526,0,0.010000,0.000786,0.010464,0.391473,0
12527,0,0.010000,0.000629,0.010464,0.388078,1
12528,1,0.010000,0.000503,0.010464,0.385475,0
12529,0,0.010000,0.000402,0.010464,0.383463,0
12530,0,0.010000,0.000322,0.010464,0.381899,0
12531,0,0.010000,0.000258,0.010464,0.380676,0
12532,0,0.010000,0.000206,0.010464,0.379715,1
12533,0,0.010000,0.000165,0.010464,0.378957,0
12534,0,0.010000,0.000132,0.010464,0.378359,1
12535,0,0.010000,0.000105,0.010464,0.377884,0
12536,0,0.010000,0.000126,0.010464,0.377508,0
12537,0,0.010000,0.000315,0.010464,0.377803,0
12538,0,0.010000,0.000610,0.010464,0.380569,0
12539,0,0.010000,0.000968,0.010464,0.385179,1
12540,0,0.011993,0.001354,0.010464,0.391218,1
12541,0,0.020160,0.001746,0.010464,0.398343,1
12542,0,0.032496,0.002126,0.010464,0.406222,0
12543,0,0.049366,0.002485,0.010464,0.414525,0
12544,0,0.069439,0.002814,0.010464,0.422933,0
12545,0,0.089434,0.003110,0.010464,0.431158,1
12546,0,0.105705,0.003372,0.010464,0.438958,1
12547,0,0.116491,0.003598,0.010464,0.446147,0
12548,1,0.122340,0.002879,0.010464,0.452599,0
12549,0,8.265329,0.002303,0.010464,0.432830,1
12550,0,0.010000,0.001842,0.010464,0.418597,1
12551,0,0.010000,0.001474,0.010464,0.408267,1
12552,0,0.010000,0.001179,0.010464,0.400680,1
12553,0,0.010000,0.000943,0.010464,0.395035,1
12554,0,0.010000,0.000755,0.010464,0.390786,1
12555,0,0.010000,0.000689,0.010464,0.387552,1
12556,0,0.010000,0.000793,0.010464,0.386459,1
12557,0,0.010000,0.001009,0.010464,0.388200,1
12558,0,0.010000,0.001292,0.010464,0.391939,0
12559,0,0.010000,0.001610,0.010464,0.397143,1
12560,0,0.010000,0.001940,0.010464,0.403408,1
12561,1,0.010000,0.001552,0.010464,0.410380,0
12562,1,0.010000,0.001242,0.010464,0.402240,0
12563,0,3.152973,0.000993,0.010464,0.396202,0
12564,0,0.010000,0.000795,0.010464,0.391668,0
12565,0,0.010000,0.000636,0.010464,0.388226,1
12566,0,0.010000,0.000509,0.010464,0.385589,0
12567,0,0.010000,0.000407,0.010464,0.383552,1
12568,0,0.010000,0.000325,0.010464,0.381968,0
12569,0,0.012966,0.000260,0.010464,0.380730,0
12570,1,0.027402,0.000208,0.010464,0.379757,0
12571,0,5.961302,0.000167,0.010464,0.378991,0
12572,0,0.010000,0.000133,0.010464,0.378385,1
12573,0,0.010000,0.000107,0.010464,0.377905,1
12574,0,0.010000,0.000085,0.010464,0.377524,1
12575,0,0.010000,0.000068,0.010464,0.377222,0
12576,0,0.010000,0.000055,0.010464,0.376980,1
12577,0,0.010000,0.000243,0.010464,0.376788,0
12578,0,0.010000,0.000605,0.010464,0.379495,1
12579,0,0.010000,0.001074,0.010464,0.385094,1
12580,0,0.010000,0.001597,0.010464,0.393103,1
12581,0,0.010000,0.002139,0.010464,0.403148,1
12582,0,0.010000,0.002674,0.010464,0.414813,1
12583,0,0.010000,0.003184,0.010464,0.427599,0
12584,0,0.010000,0.003657,0.010464,0.440949,0
12585,0,0.010000,0.004087,0.010464,0.454305,1
12586,0,0.010000,0.004470,0.010464,0.467166,1
12587,1,0.013375,0.003576,0.010464,0.479137,0
12588,0,5.539018,0.002861,0.010464,0.451963,1
12589,1,0.010000,0.002289,0.010464,0.432372,0
12590,0,0.010000,0.001831,0.010464,0.418267,0
12591,0,0.010000,0.001465,0.010464,0.408026,1
12592,0,0.013971,0.001172,0.010464,0.400501,1
12593,0,0.036449,0.000938,0.010464,0.394902,1
12594,0,0.084278,0.000750,0.010464,0.390685,0
12595,0,0.155935,0.000600,0.010464,0.387475,1
12596,0,0.213914,0.000551,0.010464,0.385010,1
12597,1,0.232972,0.000441,0.010464,0.384225,0
12598,0,6.937936,0.000353,0.010464,0.382493,1
12599,0,0.010000,0.000282,0.010464,0.381141,0
12600,1,0.010000,0.000226,0.010464,0.380081,0
12601,0,0.010000,0.000181,0.010464,0.379246,1
12602,0,0.010000,0.000144,0.010464,0.378587,1
12603,0,0.010000,0.000116,0.010464,0.378065,1
12604,0,0.010000,0.000092,0.010464,0.377651,0
12605,0,0.010000,0.000074,0.010464,0.377323,1
12606,0,0.021817,0.000081,0.010464,0.377061,0
12607,0,0.060528,0.000362,0.010464,0.377157,0
12608,0,0.137956,0.000821,0.010464,0.381284,1
12609,0,0.224391,0.001386,0.010464,0.388680,1
12610,0,0.259363,0.002004,0.010464,0.398967,0
12611,1,0.259698,0.001603,0.010464,0.411791,0
12612,0,6.693302,0.001283,0.010464,0.403279,0
12613,0,0.010000,0.001026,0.010464,0.396977,0
12614,0,0.010000,0.000821,0.010464,0.392253,1
12615,0,0.010000,0.000845,0.010464,0.388672,1
12616,1,0.010000,0.000676,0.010464,0.389079,0
12617,0,0.010000,0.000541,0.010464,0.386244,0
12618,0,0.010000,0.000433,0.010464,0.384060,1
12619,0,0.015296,0.000346,0.010464,0.382364,1
12620,0,0.048610,0.000277,0.010464,0.381040,1
12621,0,0.128845,0.000453,0.010464,0.380001,1
12622,0,0.237801,0.000840,0.010464,0.382674,0
12623,0,0.285521,0.001360,0.010464,0.389004,1
12624,0,0.283577,0.001953,0.010464,0.398462,0
12625,0,0.277680,0.002576,0.010464,0.410667,0
12626,1,0.271965,0.002060,0.010464,0.425154,0
12627,0,6.561082,0.001648,0.010464,0.413040,1
12628,0,0.010000,0.001319,0.010464,0.404198,1
12629,0,0.010000,0.001055,0.010464,0.397661,1
12630,1,0.010000,0.000844,0.010464,0.392772,0
12631,0,0.010000,0.000675,0.010464,0.389068,1
12632,0,0.010000,0.000540,0.010464,0.386236,1
12633,0,0.010000,0.000432,0.010464,0.384053,1
12634,0,0.028611,0.000346,0.010464,0.382359,1
12635,0,0.088191,0.000479,0.010464,0.381036,0
12636,0,0.202663,0.000841,0.010464,0.383085,0
12637,0,0.290471,0.001349,0.010464,0.389019,0
12638,0,0.297575,0.001939,0.010464,0.398239,0
12639,1,0.290866,0.001551,0.010464,0.410353,0
12640,0,6.353163,0.001241,0.010464,0.402220,0
12641,0,0.010000,0.000993,0.010464,0.396187,1
12642,0,0.010000,0.000794,0.010464,0.391657,1
12643,0,0.010000,0.000915,0.010464,0.388218,1
12644,0,0.010000,0.001254,0.010464,0.390298,1
12645,0,0.010000,0.001731,0.010464,0.396442,0
12646,0,0.010000,0.002287,0.010464,0.405920,0
12647,0,0.010000,0.002877,0.010464,0.418219,1
12648,1,0.010000,0.002302,0.010464,0.432787,0
12649,0,0.455546,0.001841,0.010464,0.418567,0
12650,1,0.295238,0.001473,0.010464,0.408245,0
12651,0,5.997783,0.001178,0.010464,0.400663,0
12652,0,0.010000,0.000943,0.010464,0.395023,1
12653,0,0.010000,0.000754,0.010464,0.390776,0
12654,0,0.010000,0.000603,0.010464,0.387545,1
12655,0,0.010000,0.000506,0.010464,0.385064,1
12656,0,0.010000,0.000718,0.010464,0.383512,1
12657,0,0.010000,0.001134,0.010464,0.386933,0
12658,0,0.010000,0.001677,0.010464,0.394200,1
12659,0,0.010000,0.002289,0.010464,0.404785,0
12660,0,0.010000,0.002928,0.010464,0.418269,1
12661,0,0.010000,0.003563,0.010464,0.434111,1
12662,0,0.025336,0.004174,0.010464,0.451587,0
12663,0,0.069749,0.004747,0.010464,0.469847,1
12664,0,0.153997,0.005272,0.010464,0.488029,0
12665,0,0.237234,0.005746,0.010464,0.505384,0
12666,0,0.263723,0.006165,0.010464,0.521357,1
12667,1,0.261818,0.004932,0.010464,0.535604,0
12668,0,6.671933,0.003946,0.010464,0.494079,0
12669,1,0.010000,0.003156,0.010464,0.462856,0
12670,0,0.010000,0.002525,0.010464,0.440206,0
12671,0,0.010000,0.002020,0.010464,0.423916,1
12672,0,0.010000,0.001616,0.010464,0.412141,1
12673,1,0.010000,0.001293,0.010464,0.403537,0
12674,1,2.049030,0.001034,0.010464,0.397169,1
12675,0,1.672877,0.000827,0.010464,0.392398,1
12676,0,0.028330,0.000662,0.010464,0.388783,1
12677,0,0.122792,0.000530,0.010464,0.386017,0
12678,0,0.330356,0.000424,0.010464,0.383884,1
12679,0,0.399847,0.000339,0.010464,0.382227,1
12680,0,0.371550,0.000271,0.010464,0.380932,1
12681,1,0.367781,0.000217,0.010464,0.379917,0
12682,0,5.565413,0.000174,0.010464,0.379117,1
12683,0,0.010000,0.000139,0.010464,0.378485,1
12684,0,0.010000,0.000111,0.010464,0.377984,0
12685,0,0.010000,0.000192,0.010464,0.377587,0
12686,0,0.010000,0.000559,0.010464,0.378746,1
12687,0,0.010000,0.001112,0.010464,0.384352,1
12688,0,0.010000,0.001776,0.010464,0.393808,1
12689,0,0.010000,0.002494,0.010464,0.406858,0
12690,0,0.010000,0.003227,0.010464,0.423165,0
12691,0,0.032096,0.003944,0.010464,0.442119,0
12692,0,0.100830,0.004627,0.010464,0.462808,0
12693,0,0.226992,0.005262,0.010464,0.484140,0
12694,0,0.306881,0.005842,0.010464,0.505042,1
12695,1,0.305822,0.004674,0.010464,0.524630,0
12696,0,6.196010,0.003739,0.010464,0.485652,0
12697,1,0.010000,0.002991,0.010464,0.456698,0
12698,1,0.010000,0.002393,0.010464,0.435776,0
12699,0,0.188791,0.001914,0.010464,0.420724,0
12700,0,0.443807,0.001531,0.010464,0.409819,0
12701,1,0.417037,0.001225,0.010464,0.401826,0
12702,0,5.043268,0.000980,0.010464,0.395892,0
12703,0,0.010000,0.000784,0.010464,0.391434,0
12704,1,0.010000,0.000627,0.010464,0.388048,1
12705,0,0.013255,0.000502,0.010464,0.385452,1
12706,0,0.084391,0.000401,0.010464,0.383445,1
12707,0,0.348204,0.000321,0.010464,0.381885,1
12708,0,0.501877,0.000257,0.010464,0.380665,1
12709,1,0.422001,0.000206,0.010464,0.379706,0
12710,0,4.855449,0.000164,0.010464,0.378951,1
12711,1,0.010000,0.000132,0.010464,0.378353,0
12712,0,0.010000,0.000105,0.010464,0.377880,0
12713,0,0.025288,0.000084,0.010464,0.377504,1
12714,0,0.160251,0.000067,0.010464,0.377206,0
12715,1,0.501556,0.000054,0.010464,0.376968,0
12716,1,4.434614,0.000043,0.010464,0.376778,0
12717,0,0.010000,0.000034,0.010464,0.376627,0
12718,0,0.010903,0.000028,0.010464,0.376506,0
12719,0,0.092040,0.000022,0.010464,0.376410,0
12720,0,0.456115,0.000018,0.010464,0.376333,0
12721,0,0.564667,0.000202,0.010464,0.376272,0
12722,0,0.474835,0.000670,0.010464,0.378901,0
12723,0,0.505639,0.001322,0.010464,0.386143,1
12724,0,0.467528,0.002084,0.010464,0.397718,1
12725,0,0.467708,0.002901,0.010464,0.413566,1
12726,1,0.448942,0.002321,0.010464,0.433405,0
12727,0,4.769240,0.002060,0.010464,0.419013,1
12728,0,0.010000,0.002162,0.010464,0.413031,1
12729,0,0.010000,0.002513,0.010464,0.415331,1
12730,0,0.010000,0.003026,0.010464,0.423609,0
12731,1,0.010000,0.002421,0.010464,0.436697,0
12732,0,0.893512,0.001957,0.010464,0.421388,1
12733,0,0.251496,0.001916,0.010464,0.410754,1
12734,0,0.530168,0.002170,0.010464,0.409860,0
12735,0,0.426922,0.002621,0.010464,0.415521,0
12736,0,0.459377,0.003196,0.010464,0.426289,1
12737,0,0.428204,0.003840,0.010464,0.441293,0
12738,0,0.425306,0.004511,0.010464,0.459683,0
12739,0,0.411306,0.005180,0.010464,0.480420,0
12740,0,0.402127,0.005826,0.010464,0.502296,0
12741,0,0.391760,0.006436,0.010464,0.524095,1
12742,0,0.382283,0.006998,0.010464,0.544780,1
12743,0,0.373000,0.007509,0.010464,0.563622,1
12744,0,0.364096,0.007966,0.010464,0.580222,1
12745,1,0.355499,0.006453,0.010464,0.594461,1
12746,0,5.678539,0.005538,0.010464,0.545367,1
12747,0,0.010000,0.005061,0.010464,0.514325,0
12748,0,0.010000,0.004899,0.010464,0.498346,0
12749,0,0.010000,0.004956,0.010464,0.492983,0
12750,0,0.010000,0.005161,0.010464,0.494863,0
12751,0,0.010000,0.005459,0.010464,0.501652,1
12752,0,0.010000,0.005810,0.010464,0.511650,1
12753,1,0.010000,0.004648,0.010464,0.523536,0
12754,0,1.592793,0.003718,0.010464,0.484820,1
12755,0,0.030623,0.003204,0.010464,0.456092,1
12756,1,0.115374,0.002563,0.010464,0.441493,0
12757,0,5.240083,0.002050,0.010464,0.424843,1
12758,1,0.010000,0.001640,0.010464,0.412815,0
12759,0,0.010000,0.001312,0.010464,0.404032,1
12760,0,0.010000,0.001050,0.010464,0.397537,0
12761,0,0.044530,0.000840,0.010464,0.392675,0
12762,0,0.190982,0.000672,0.010464,0.388994,1
12763,0,0.417760,0.000689,0.010464,0.386179,1
12764,0,0.401728,0.000997,0.010464,0.386454,1
12765,1,0.393633,0.000798,0.010464,0.391733,0
12766,0,5.307462,0.000638,0.010464,0.388276,0
12767,0,0.010000,0.000510,0.010464,0.385627,1
12768,1,0.010000,0.000408,0.010464,0.383581,0
12769,0,0.010000,0.000327,0.010464,0.381991,1
12770,0,0.036233,0.000261,0.010464,0.380748,1
12771,0,0.175130,0.000209,0.010464,0.379772,1
12772,0,0.434450,0.000356,0.010464,0.379002,1
12773,0,0.421234,0.000772,0.010464,0.381192,1
12774,0,0.411311,0.001362,0.010464,0.387844,1
12775,0,0.400704,0.002054,0.010464,0.398487,0
12776,0,0.390870,0.002795,0.010464,0.412889,1
12777,1,0.381278,0.002236,0.010464,0.430672,0
12778,1,5.423179,0.001789,0.010464,0.417038,0
12779,0,0.010000,0.001431,0.010464,0.407128,0
12780,0,0.010000,0.001145,0.010464,0.399836,0
12781,1,0.010000,0.000916,0.010464,0.394403,1
12782,0,1.958617,0.000733,0.010464,0.390307,1
12783,0,0.017391,0.000586,0.010464,0.387186,0
12784,0,0.105722,0.000469,0.010464,0.384787,1
12785,0,0.388043,0.000399,0.010464,0.382930,1
12786,0,0.482225,0.000670,0.010464,0.381842,1
12787,0,0.424811,0.001171,0.010464,0.386150,1
12788,0,0.433589,0.001815,0.010464,0.394876,0
12789,1,0.414604,0.001452,0.010464,0.407682,0
12790,0,5.084772,0.001162,0.010464,0.400246,1
12791,0,0.010000,0.001091,0.010464,0.394711,0
12792,0,0.010000,0.001340,0.010464,0.393418,1
12793,1,0.010000,0.001072,0.010464,0.398073,0
12794,0,0.070176,0.000858,0.010464,0.393078,0
12795,0,0.308127,0.000686,0.010464,0.389301,0
12796,0,0.505358,0.000815,0.010464,0.386415,1
12797,1,0.417593,0.000652,0.010464,0.388573,0
12798,0,4.875169,0.000522,0.010464,0.385856,1
12799,1,0.010000,0.000417,0.010464,0.383759,0
12800,0,0.010000,0.000334,0.010464,0.382129,1
12801,0,0.023857,0.000267,0.010464,0.380856,1
12802,0,0.151559,0.000214,0.010464,0.379857,1
12803,0,0.489068,0.000319,0.010464,0.379070,1
12804,0,0.468288,0.000718,0.010464,0.380636,0
12805,1,0.459527,0.000574,0.010464,0.386941,0
12806,0,4.699559,0.000459,0.010464,0.384598,0
12807,0,0.010000,0.000380,0.010464,0.382783,1
12808,0,0.010000,0.000647,0.010464,0.381549,1
12809,0,0.010000,0.001149,0.010464,0.385775,0
12810,0,0.010000,0.001800,0.010464,0.394484,1
12811,0,0.010000,0.002535,0.010464,0.407365,1
12812,0,0.049493,0.003307,0.010464,0.424163,1
12813,0,0.203356,0.004081,0.010464,0.444346,0
12814,0,0.418138,0.004833,0.010464,0.466985,0
12815,1,0.395715,0.003866,0.010464,0.490836,0
12816,0,5.256424,0.003353,0.010464,0.460481,0
12817,0,0.010000,0.003230,0.010464,0.445623,1
12818,0,0.010000,0.003379,0.010464,0.442201,0
12819,0,0.010000,0.003711,0.010464,0.446337,1
12820,0,0.010000,0.004159,0.010464,0.455872,0
12821,0,0.010000,0.004672,0.010464,0.469366,0
12822,0,0.010000,0.005213,0.010464,0.485599,1
12823,0,0.012473,0.005755,0.010464,0.503407,0
12824,0,0.050342,0.006280,0.010464,0.521691,0
12825,1,0.162970,0.005024,0.010464,0.539506,1
12826,0,5.552641,0.004188,0.010464,0.497112,0
12827,1,0.010000,0.003350,0.010464,0.470254,0
12828,1,0.010000,0.002680,0.010464,0.445538,0
12829,1,0.545020,0.002144,0.010464,0.427753,0
12830,1,4.300831,0.001715,0.010464,0.414925,0
12831,0,0.010000,0.001372,0.010464,0.405581,0
12832,1,0.015712,0.001098,0.010464,0.398689,0
12833,0,2.143424,0.000878,0.010464,0.393542,1
12834,0,0.016475,0.000703,0.010464,0.389653,1
12835,0,0.153851,0.000562,0.010464,0.386685,1
12836,1,0.640958,0.000450,0.010464,0.384401,0
12837,0,3.633741,0.000360,0.010464,0.382629,1
12838,1,0.010000,0.000288,0.010464,0.381247,0
12839,1,0.085449,0.000230,0.010464,0.380164,0
12840,0,3.077377,0.000184,0.010464,0.379312,1
12841,0,0.010000,0.000147,0.010464,0.378639,1
12842,0,0.019769,0.000118,0.010464,0.378107,0
12843,1,0.211908,0.000094,0.010464,0.377684,0
12844,0,3.628000,0.000075,0.010464,0.377349,1
12845,1,0.010000,0.000060,0.010464,0.377082,1
12846,0,0.077938,0.000048,0.010464,0.376869,0
12847,1,0.662267,0.000039,0.010464,0.376700,0
12848,1,2.937975,0.000031,0.010464,0.376564,0
12849,0,0.028854,0.000025,0.010464,0.376456,1
12850,0,0.434377,0.000020,0.010464,0.376370,1
12851,0,1.030617,0.000016,0.010464,0.376301,0
12852,0,0.404200,0.000013,0.010464,0.376246,1
12853,1,0.929532,0.000010,0.010464,0.376202,0
12854,0,2.426776,0.000008,0.010464,0.376167,0
12855,0,0.010767,0.000104,0.010464,0.376139,0
12856,0,0.148121,0.000476,0.010464,0.377481,1
12857,0,0.811942,0.001041,0.010464,0.383037,0
12858,0,0.491039,0.001733,0.010464,0.392515,1
12859,0,0.726451,0.002503,0.010464,0.405963,1
12860,0,0.500092,0.003312,0.010464,0.423384,1
12861,0,0.644692,0.004129,0.010464,0.444466,1
12862,0,0.506901,0.004933,0.010464,0.468442,1
12863,0,0.576948,0.005709,0.010464,0.494123,1
12864,0,0.503137,0.006444,0.010464,0.520110,0
12865,0,0.525802,0.007132,0.010464,0.545078,1
12866,0,0.488671,0.007767,0.010464,0.568014,1
12867,0,0.488116,0.008346,0.010464,0.588320,1
12868,1,0.467820,0.007371,0.010464,0.605783,0
12869,0,4.596577,0.006832,0.010464,0.575782,1
12870,1,0.010000,0.005466,0.010464,0.558109,0
12871,1,0.010000,0.004373,0.010464,0.511887,1
12872,0,1.544392,0.003498,0.010464,0.476039,1
12873,0,0.078688,0.002798,0.010464,0.449719,1
12874,0,0.466033,0.002347,0.010464,0.430759,0
12875,0,0.617397,0.002300,0.010464,0.419627,1
12876,1,0.487300,0.001840,0.010464,0.418529,0
12877,1,4.110832,0.001472,0.010464,0.408218,1
12878,1,0.010000,0.001178,0.010464,0.400643,0
12879,1,0.554801,0.000942,0.010464,0.395008,0
12880,0,3.122803,0.000754,0.010464,0.390765,1
12881,0,0.010000,0.000603,0.010464,0.387536,1
12882,0,0.022208,0.000482,0.010464,0.385058,1
12883,0,0.259000,0.000386,0.010464,0.383140,0
12884,1,0.871148,0.000309,0.010464,0.381646,1
12885,1,2.758410,0.000247,0.010464,0.380478,0
12886,1,0.060773,0.000198,0.010464,0.379559,0
12887,1,2.390613,0.000158,0.010464,0.378834,1
12888,0,0.105131,0.000126,0.010464,0.378261,0
12889,0,1.048863,0.000101,0.010464,0.377807,0
12890,0,0.491370,0.000081,0.010464,0.377446,0
12891,1,1.033061,0.000065,0.010464,0.377159,0
12892,0,1.888205,0.000052,0.010464,0.376931,0
12893,0,0.062874,0.000041,0.010464,0.376749,1
12894,0,0.691353,0.000104,0.010464,0.376604,0
12895,0,0.751314,0.000434,0.010464,0.377486,0
12896,1,0.641088,0.000348,0.010464,0.382393,1
12897,0,2.947275,0.000351,0.010464,0.381063,1
12898,1,0.010000,0.000281,0.010464,0.381110,0
12899,1,0.441674,0.000224,0.010464,0.380057,0
12900,1,2.890142,0.000180,0.010464,0.379227,1
12901,0,0.022817,0.000144,0.010464,0.378572,0
12902,1,0.459743,0.000115,0.010464,0.378053,1
12903,1,2.583169,0.000092,0.010464,0.377642,0
12904,0,0.041678,0.000074,0.010464,0.377315,0
12905,1,0.815256,0.000059,0.010464,0.377055,1
12906,1,1.776186,0.000047,0.010464,0.376848,0
12907,0,0.289996,0.000038,0.010464,0.376683,1
12908,0,1.715467,0.000030,0.010464,0.376551,1
12909,0,0.164396,0.000024,0.010464,0.376445,0
12910,1,1.391238,0.000019,0.010464,0.376361,1
12911,1,0.820414,0.000015,0.010464,0.376294,1
12912,0,1.666175,0.000012,0.010464,0.376241,1
12913,0,0.200409,0.000010,0.010464,0.376198,1
12914,1,1.504546,0.000008,0.010464,0.376164,0
12915,1,0.621695,0.000006,0.010464,0.376136,0
12916,1,1.939950,0.000005,0.010464,0.376114,1
12917,0,0.161971,0.000004,0.010464,0.376097,1
12918,0,1.742648,0.000003,0.010464,0.376083,1
12919,0,0.177671,0.000007,0.010464,0.376072,1
12920,0,1.531352,0.000168,0.010464,0.376125,1
12921,1,0.232950,0.000134,0.010464,0.378404,1
12922,1,2.499861,0.000107,0.010464,0.377920,0
12923,0,0.044105,0.000086,0.010464,0.377536,1
12924,1,0.935240,0.000069,0.010464,0.377231,0
12925,1,1.423034,0.000055,0.010464,0.376988,1
12926,1,0.563286,0.000044,0.010464,0.376794,0
12927,0,1.749758,0.000035,0.010464,0.376640,1
12928,1,0.227122,0.000028,0.010464,0.376517,1
12929,1,1.965920,0.000023,0.010464,0.376418,0
12930,0,0.113240,0.000018,0.010464,0.376340,0
12931,1,1.833367,0.000014,0.010464,0.376277,1
12932,1,0.162479,0.000053,0.010464,0.376227,1
12933,1,1.619432,0.000203,0.010464,0.376767,0
12934,1,0.212582,0.000459,0.010464,0.378907,1
12935,1,1.470867,0.000814,0.010464,0.382781,1
12936,1,0.240534,0.001255,0.010464,0.388559,1
12937,0,1.301384,0.001228,0.010464,0.396446,0
12938,1,1.138071,0.001377,0.010464,0.395948,0
12939,1,0.478048,0.001669,0.010464,0.398781,1
12940,0,1.163983,0.001501,0.010464,0.404618,0
12941,1,1.444676,0.001553,0.010464,0.401213,1
12942,0,0.231607,0.001250,0.010464,0.402266,0
12943,1,2.756348,0.001201,0.010464,0.396361,0
12944,1,0.010000,0.001355,0.010464,0.395438,0
12945,1,0.147229,0.001670,0.010464,0.398363,0
12946,1,1.073800,0.002107,0.010464,0.404639,0
12947,1,0.416493,0.002634,0.010464,0.414082,0
12948,0,1.005791,0.002448,0.010464,0.426610,0
12949,0,2.099039,0.001958,0.010464,0.422040,0
12950,0,0.254747,0.001567,0.010464,0.410777,1
12951,0,2.764684,0.001253,0.010464,0.402532,1
12952,1,0.026502,0.001003,0.010464,0.396420,0
12953,0,0.585844,0.000802,0.010464,0.391833,1
12954,1,2.227411,0.000642,0.010464,0.388352,0
12955,0,0.038045,0.000513,0.010464,0.385686,0
12956,0,1.486786,0.000411,0.010464,0.383627,0
12957,0,0.563394,0.000329,0.010464,0.382027,1
12958,0,1.884807,0.000263,0.010464,0.380776,0
12959,0,0.161787,0.000210,0.010464,0.379794,1
12960,1,1.725020,0.000168,0.010464,0.379020,1
12961,1,0.280842,0.000135,0.010464,0.378408,1
12962,1,1.971638,0.000108,0.010464,0.377923,1
12963,1,0.109662,0.000086,0.010464,0.377539,0
12964,1,1.433771,0.000116,0.010464,0.377233,1
12965,0,0.323715,0.000093,0.010464,0.377664,0
12966,0,2.399398,0.000075,0.010464,0.377332,0
12967,1,0.052365,0.000060,0.010464,0.377069,0
12968,1,1.091337,0.000084,0.010464,0.376859,0
12969,1,0.686146,0.000248,0.010464,0.377197,1
12970,1,1.151269,0.000536,0.010464,0.379571,0
12971,1,0.498955,0.000931,0.010464,0.383991,1
12972,1,1.200926,0.001414,0.010464,0.390575,0
12973,0,0.369948,0.001370,0.010464,0.399499,1
12974,1,2.859458,0.001520,0.010464,0.398648,1
12975,1,0.010000,0.001823,0.010464,0.401590,1
12976,1,0.093921,0.002245,0.010464,0.407851,1
12977,0,0.858681,0.002061,0.010464,0.417244,0
12978,0,2.260711,0.001649,0.010464,0.413049,0
12979,0,0.145562,0.001319,0.010464,0.404204,0
12980,1,2.466813,0.001055,0.010464,0.397666,1
12981,0,0.017336,0.000844,0.010464,0.392772,1
12982,0,1.058890,0.000675,0.010464,0.389068,1
12983,1,1.274483,0.000540,0.010464,0.386236,1
12984,0,0.476664,0.000432,0.010464,0.384053,1
12985,1,2.225578,0.000346,0.010464,0.382359,0
12986,0,0.044149,0.000277,0.010464,0.381036,0
12987,1,1.463011,0.000221,0.010464,0.379998,1
12988,0,0.332252,0.000177,0.010464,0.379181,0
12989,0,2.290841,0.000142,0.010464,0.378536,1
12990,0,0.063885,0.000113,0.010464,0.378025,0
12991,1,1.394521,0.000091,0.010464,0.377619,1
12992,1,0.517319,0.000073,0.010464,0.377297,1
12993,0,1.666622,0.000058,0.010464,0.377040,1
12994,0,0.323005,0.000046,0.010464,0.376836,1
12995,0,1.965966,0.000037,0.010464,0.376673,1
12996,0,0.111344,0.000043,0.010464,0.376543,1
12997,1,1.440909,0.000034,0.010464,0.376620,0
12998,1,0.605056,0.000027,0.010464,0.376501,0
12999,1,1.800470,0.000022,0.010464,0.376406,1
13000,0,0.196266,0.000017,0.010464,0.376330,1
13001,1,1.949526,0.000014,0.010464,0.376269,0
13002,1,0.133503,0.000011,0.010464,0.376220,0
13003,1,1.630693,0.000095,0.010464,0.376182,0
13004,1,0.226802,0.000285,0.010464,0.377366,1
13005,1,1.558673,0.000577,0.010464,0.380129,0
13006,1,0.210924,0.000960,0.010464,0.384635,1
13007,1,1.344295,0.001423,0.010464,0.391080,1
13008,1,0.282338,0.001951,0.010464,0.399675,1
13009,0,1.206230,0.001899,0.010464,0.410620,0
13010,1,1.447614,0.002039,0.010464,0.409480,1
13011,1,0.213118,0.002331,0.010464,0.412564,1
13012,1,1.150976,0.002741,0.010464,0.419267,1
13013,0,0.347511,0.002510,0.010464,0.429281,1
13014,0,3.115710,0.002008,0.010464,0.423550,0
13015,0,0.013609,0.001606,0.010464,0.411875,1
13016,1,0.983817,0.001285,0.010464,0.403341,1
13017,0,0.680683,0.001028,0.010464,0.397023,0
13018,0,2.175390,0.000823,0.010464,0.392288,1
13019,1,0.120938,0.000658,0.010464,0.388699,0
13020,0,1.374936,0.000526,0.010464,0.385952,0
13021,1,0.763771,0.000421,0.010464,0.383834,1
13022,1,1.127657,0.000337,0.010464,0.382188,1
13023,0,0.572612,0.000270,0.010464,0.380902,1
13024,1,2.230762,0.000216,0.010464,0.379893,0
13025,0,0.038279,0.000172,0.010464,0.379098,1
13026,0,1.477399,0.000138,0.010464,0.378470,1
13027,1,0.567298,0.000110,0.010464,0.377972,1
13028,1,1.486695,0.000088,0.010464,0.377578,1
13029,1,0.289439,0.000189,0.010464,0.377264,1
13030,1,1.492789,0.000442,0.010464,0.378708,1
13031,1,0.225661,0.000822,0.010464,0.382514,1
13032,1,1.284204,0.001302,0.010464,0.388684,0
13033,1,0.298728,0.001860,0.010464,0.397344,1
13034,0,1.144883,0.001787,0.010464,0.408649,1
13035,1,1.658587,0.001929,0.010464,0.407079,1
13036,1,0.116021,0.002238,0.010464,0.410143,1
13037,0,0.926738,0.001965,0.010464,0.417092,1
13038,1,2.142916,0.001966,0.010464,0.410920,1
13039,1,0.030147,0.002179,0.010464,0.410958,1
13040,0,0.419087,0.001825,0.010464,0.415724,1
13041,0,3.054411,0.001460,0.010464,0.407895,1
13042,0,0.016217,0.001168,0.010464,0.400404,1
13043,1,1.089943,0.000934,0.010464,0.394829,0
13044,0,0.561744,0.000747,0.010464,0.390629,0
13045,1,2.368571,0.000598,0.010464,0.387433,0
13046,0,0.023223,0.000478,0.010464,0.384978,1
13047,1,1.236169,0.000383,0.010464,0.383078,1
13048,0,0.453804,0.000306,0.010464,0.381598,0
13049,1,2.411050,0.000245,0.010464,0.380440,1
13050,0,0.022540,0.000196,0.010464,0.379529,0
13051,1,1.144965,0.000157,0.010464,0.378811,0
13052,0,0.582568,0.000125,0.010464,0.378243,0
13053,1,2.150713,0.000100,0.010464,0.377792,1
13054,0,0.050881,0.000080,0.010464,0.377434,0
13055,1,1.614501,0.000064,0.010464,0.377150,0
13056,1,0.218788,0.000074,0.010464,0.376923,1
13057,1,1.489843,0.000260,0.010464,0.377061,1
13058,1,0.233174,0.000592,0.010464,0.379756,0
13059,1,1.308712,0.001040,0.010464,0.384881,1
13060,1,0.288899,0.001578,0.010464,0.392500,0
13061,1,1.162006,0.002182,0.010464,0.402763,0
13062,1,0.332708,0.002833,0.010464,0.415803,0
13063,1,1.019125,0.003511,0.010464,0.431636,0
13064,0,0.381299,0.003329,0.010464,0.450073,1
13065,1,3.372436,0.003398,0.010464,0.444965,1
13066,1,0.010000,0.003651,0.010464,0.446874,1
13067,1,0.010283,0.004038,0.010464,0.454128,1
13068,1,0.130212,0.004518,0.010464,0.465671,1
13069,1,0.728592,0.005057,0.010464,0.480651,0
13070,0,0.528371,0.004579,0.010464,0.498209,0
13071,0,3.552056,0.003664,0.010464,0.482617,1
13072,1,0.010000,0.003089,0.010464,0.454489,1
13073,1,0.102907,0.002902,0.010464,0.438387,1
13074,1,0.721114,0.003001,0.010464,0.433441,0
13075,1,0.586035,0.003306,0.010464,0.436048,1
13076,0,0.667309,0.002731,0.010464,0.444325,0
13077,1,3.261654,0.002557,0.010464,0.429028,1
13078,1,0.010000,0.002680,0.010464,0.424709,0
13079,1,0.010000,0.003013,0.010464,0.427747,0
13080,1,0.102319,0.003491,0.010464,0.436350,0
13081,0,0.575434,0.002943,0.010464,0.449504,1
13082,1,3.619018,0.002795,0.010464,0.434497,1
13083,1,0.010000,0.002937,0.010464,0.430662,1
13084,1,0.010000,0.003285,0.010464,0.434357,0
13085,1,0.026658,0.003770,0.010464,0.443721,1
13086,1,0.212271,0.004343,0.010464,0.457626,1
13087,0,0.653837,0.003713,0.010464,0.475114,0
13088,0,3.754987,0.002971,0.010464,0.455949,1
13089,1,0.010000,0.002377,0.010464,0.435237,1
13090,1,0.066568,0.002042,0.010464,0.420335,1
13091,1,0.476060,0.002076,0.010464,0.412634,1
13092,1,0.680115,0.002370,0.010464,0.413381,1
13093,1,0.494667,0.002843,0.010464,0.420182,1
13094,1,0.600831,0.003431,0.010464,0.431907,1
13095,1,0.500125,0.004086,0.010464,0.447816,1
13096,1,0.541154,0.004770,0.010464,0.467117,0
13097,1,0.491404,0.005458,0.010464,0.488792,1
13098,1,0.498285,0.006129,0.010464,0.511630,1
13099,0,0.473147,0.005295,0.010464,0.534393,0
13100,1,4.536825,0.004904,0.010464,0.506153,1
13101,1,0.010000,0.004834,0.010464,0.493174,0
13102,0,0.010000,0.003867,0.010464,0.490858,1
13103,1,0.060809,0.003167,0.010464,0.460497,1
13104,1,0.350836,0.002923,0.010464,0.440487,1
13105,1,0.604618,0.003006,0.010464,0.433986,1
13106,0,0.444926,0.002405,0.010464,0.436161,0
13107,1,4.399042,0.001924,0.010464,0.421002,1
13108,1,0.010000,0.001777,0.010464,0.410021,0
13109,1,0.010000,0.001957,0.010464,0.406879,1
13110,1,0.010000,0.002362,0.010464,0.410758,1
13111,1,0.010000,0.002912,0.010464,0.419984,0
13112,1,0.046775,0.003549,0.010464,0.433696,0
13113,1,0.229311,0.004228,0.010464,0.451169,0
13114,1,0.492364,0.004916,0.010464,0.471504,1
13115,1,0.420233,0.005591,0.010464,0.493571,0
13116,1,0.435691,0.006236,0.010464,0.516126,1
13117,0,0.414082,0.005155,0.010464,0.538009,0
13118,1,5.083478,0.004589,0.010464,0.501454,1
13119,1,0.010000,0.004396,0.010464,0.482926,1
13120,0,0.010000,0.003517,0.010464,0.476788,0
13121,0,0.011753,0.002814,0.010464,0.450261,0
13122,1,2.416023,0.002251,0.010464,0.431149,0
13123,1,0.010000,0.001801,0.010464,0.417383,0
13124,0,0.040972,0.001441,0.010464,0.407380,0
13125,1,3.373452,0.001152,0.010464,0.400023,0
13126,1,0.010000,0.000922,0.010464,0.394543,1
13127,1,0.010000,0.000738,0.010464,0.390413,0
13128,1,0.022933,0.000732,0.010464,0.387267,1
13129,1,0.146398,0.001041,0.010464,0.387173,0
13130,0,0.482328,0.000833,0.010464,0.392512,1
13131,1,4.474901,0.000666,0.010464,0.388870,1
13132,1,0.010000,0.000600,0.010464,0.386084,0
13133,1,0.010000,0.000870,0.010464,0.385003,1
13134,1,0.010000,0.001367,0.010464,0.389504,1
13135,1,0.010000,0.002010,0.010464,0.398595,1
13136,0,0.028121,0.001608,0.010464,0.411922,0
13137,0,3.391874,0.001287,0.010464,0.403376,0
13138,1,0.028502,0.001029,0.010464,0.397049,0
13139,1,0.209924,0.000823,0.010464,0.392307,0
13140,1,0.619593,0.000659,0.010464,0.388714,0
13141,0,0.454686,0.000527,0.010464,0.385964,0
13142,1,4.293335,0.000422,0.010464,0.383843,0
13143,0,0.010000,0.000337,0.010464,0.382195,0
13144,0,0.014157,0.000270,0.010464,0.380907,1
13145,0,1.942856,0.000216,0.010464,0.379897,1
13146,1,0.607828,0.000173,0.010464,0.379101,1
13147,1,0.748897,0.000138,0.010464,0.378473,0
13148,1,0.572707,0.000111,0.010464,0.377975,1
13149,1,0.691522,0.000088,0.010464,0.377579,1
13150,1,0.552291,0.000071,0.010464,0.377265,0
13151,0,0.631960,0.000057,0.010464,0.377015,0
13152,1,3.519526,0.000045,0.010464,0.376816,1
13153,1,0.010000,0.000036,0.010464,0.376657,0
13154,0,0.010000,0.000029,0.010464,0.376531,0
13155,1,0.919597,0.000023,0.010464,0.376429,1
13156,0,0.394796,0.000019,0.010464,0.376349,0
13157,1,3.632283,0.000015,0.010464,0.376284,0
13158,1,0.010000,0.000012,0.010464,0.376233,0
13159,0,0.010000,0.000009,0.010464,0.376191,0
13160,1,0.772584,0.000008,0.010464,0.376158,1
13161,1,0.569242,0.000006,0.010464,0.376132,0
13162,1,0.714828,0.000254,0.010464,0.376111,1
13163,1,0.548603,0.000746,0.010464,0.379670,0
13164,0,0.652138,0.000596,0.010464,0.387400,0
13165,1,3.427868,0.000536,0.010464,0.384952,1
13166,1,0.010000,0.000800,0.010464,0.383985,0
13167,1,0.010000,0.001289,0.010464,0.388310,0
13168,1,0.050774,0.001928,0.010464,0.397097,0
13169,0,0.355913,0.001543,0.010464,0.410123,0
13170,1,4.011016,0.001501,0.010464,0.402050,1
13171,1,0.010000,0.001758,0.010464,0.401215,1
13172,1,0.010000,0.002223,0.010464,0.406486,0
13173,1,0.010000,0.002823,0.010464,0.416732,1
13174,1,0.059462,0.003504,0.010464,0.431387,0
13175,1,0.346625,0.004226,0.010464,0.449896,0
13176,0,0.607261,0.003611,0.010464,0.471445,0
13177,1,4.043924,0.003417,0.010464,0.452965,1
13178,1,0.010000,0.003525,0.010464,0.447424,1
13179,1,0.010000,0.003842,0.010464,0.450485,0
13180,1,0.010000,0.004298,0.010464,0.459750,0
13181,1,0.025422,0.004838,0.010464,0.473682,0
13182,1,0.154523,0.005422,0.010464,0.490995,1
13183,1,0.478780,0.006021,0.010464,0.510424,1
13184,0,0.460839,0.005087,0.010464,0.530708,0
13185,1,4.664650,0.004632,0.010464,0.499207,1
13186,1,0.010000,0.004524,0.010464,0.484319,0
13187,1,0.010000,0.004659,0.010464,0.480838,1
13188,1,0.010000,0.004960,0.010464,0.485188,1
13189,1,0.010000,0.005367,0.010464,0.495007,1
13190,1,0.011131,0.005834,0.010464,0.508550,1
13191,1,0.059380,0.006329,0.010464,0.524357,0
13192,1,0.234999,0.006826,0.010464,0.541162,0
13193,1,0.434518,0.007309,0.010464,0.557905,1
13194,1,0.393722,0.007765,0.010464,0.573785,0
13195,1,0.394334,0.008186,0.010464,0.588271,0
13196,1,0.381502,0.008567,0.010464,0.601085,0
13197,1,0.373180,0.008906,0.010464,0.612143,1
13198,0,0.364028,0.007321,0.010464,0.621492,0
13199,1,5.592837,0.006332,0.010464,0.574166,1
13200,1,0.010000,0.005782,0.010464,0.541270,1
13201,1,0.010000,0.005550,0.010464,0.522594,0
13202,1,0.010000,0.005541,0.010464,0.514722,0
13203,1,0.010000,0.005686,0.010464,0.514441,1
13204,1,0.010000,0.005929,0.010464,0.519327,0
13205,1,0.010000,0.006230,0.010464,0.527577,1
13206,0,0.010000,0.004984,0.010464,0.537813,0
13207,1,1.925469,0.003987,0.010464,0.495793,0
13208,1,0.012601,0.003469,0.010464,0.464114,1
13209,1,0.053332,0.003312,0.010464,0.448877,1
13210,1,0.177850,0.003410,0.010464,0.444493,0
13211,1,0.340687,0.003678,0.010464,0.447221,1
13212,1,0.355165,0.004054,0.010464,0.454913,0
13213,1,0.342801,0.004491,0.010464,0.466148,0
13214,1,0.335693,0.004955,0.010464,0.479797,1
13215,1,0.327972,0.005422,0.010464,0.494850,0
13216,1,0.320644,0.005872,0.010464,0.510396,0
13217,1,0.313544,0.006296,0.010464,0.525663,0
13218,0,0.306682,0.005037,0.010464,0.540057,0
13219,1,6.183230,0.004029,0.010464,0.497542,0
13220,1,0.010000,0.003399,0.010464,0.465400,0
13221,1,0.010000,0.003149,0.010464,0.446906,1
13222,1,0.010000,0.003168,0.010464,0.440009,1
13223,1,0.010000,0.003369,0.010464,0.440513,0
13224,1,0.010000,0.003687,0.010464,0.446061,1
13225,1,0.010000,0.004075,0.010464,0.455184,0
13226,1,0.010000,0.004497,0.010464,0.466796,1
13227,1,0.010000,0.004926,0.010464,0.479971,1
13228,1,0.010000,0.005345,0.010464,0.493882,1
13229,1,0.010000,0.005741,0.010464,0.507812,0
13230,1,0.010000,0.006105,0.010464,0.521184,1
13231,1,0.021948,0.006434,0.010464,0.533577,1
13232,1,0.057191,0.006724,0.010464,0.544726,0
13233,1,0.124778,0.006975,0.010464,0.554500,1
13234,1,0.202387,0.007188,0.010464,0.562865,1
13235,1,0.240588,0.007364,0.010464,0.569860,0
13236,0,0.244900,0.005891,0.010464,0.575564,0
13237,1,6.851562,0.004713,0.010464,0.526303,1
13238,1,0.010000,0.003770,0.010464,0.486927,0
13239,1,0.010000,0.003157,0.010464,0.457627,0
13240,0,0.010000,0.002526,0.010464,0.440219,0
13241,1,0.010000,0.002020,0.010464,0.423926,1
13242,1,0.010000,0.001616,0.010464,0.412148,1
13243,0,0.010000,0.001293,0.010464,0.403542,0
13244,1,2.565567,0.001034,0.010464,0.397173,1
13245,1,0.010000,0.000828,0.010464,0.392401,0
13246,1,0.010000,0.000662,0.010464,0.388785,1
13247,1,0.024657,0.000530,0.010464,0.386019,1
13248,1,0.080210,0.000424,0.010464,0.383885,0
13249,1,0.196889,0.000457,0.010464,0.382228,1
13250,1,0.296885,0.000746,0.010464,0.382737,0
13251,1,0.306026,0.001201,0.010464,0.387400,0
13252,1,0.298640,0.001755,0.010464,0.395434,1
13253,1,0.292302,0.002358,0.010464,0.406404,1
13254,1,0.286126,0.002974,0.010464,0.419888,1
13255,1,0.280147,0.003579,0.010464,0.435335,1
13256,1,0.274355,0.004154,0.010464,0.452043,1
13257,1,0.268743,0.004689,0.010464,0.469232,1
13258,1,0.263303,0.005176,0.010464,0.486148,1
13259,1,0.258027,0.005612,0.010464,0.502160,0
13260,0,0.252911,0.004489,0.010464,0.516813,0
13261,1,6.775995,0.003591,0.010464,0.479735,1
13262,1,0.010000,0.002873,0.010464,0.452397,1
13263,1,0.010000,0.002424,0.010464,0.432684,1
13264,0,0.010000,0.001939,0.010464,0.421466,0
13265,1,0.010000,0.001551,0.010464,0.410359,1
13266,1,0.010000,0.001241,0.010464,0.402224,0
13267,1,0.010000,0.000993,0.010464,0.396190,1
13268,1,0.012289,0.000794,0.010464,0.391659,1
13269,1,0.038458,0.000777,0.010464,0.388219,0
13270,1,0.103887,0.001011,0.010464,0.387925,0
13271,1,0.206702,0.001409,0.010464,0.391978,0
13272,1,0.271189,0.001906,0.010464,0.399404,1
13273,1,0.276765,0.002455,0.010464,0.409644,1
13274,1,0.271436,0.003019,0.010464,0.422204,1
13275,1,0.265925,0.003575,0.010464,0.436518,1
13276,1,0.260571,0.004105,0.010464,0.451924,1
13277,1,0.255378,0.004599,0.010464,0.467717,1
13278,1,0.250340,0.005048,0.010464,0.483235,0
13279,1,0.245452,0.005451,0.010464,0.497924,0
13280,1,0.240706,0.005805,0.010464,0.511386,1
13281,1,0.236098,0.006111,0.010464,0.523377,0
13282,0,0.231623,0.004889,0.010464,0.533790,0
13283,0,7.023017,0.003911,0.010464,0.492675,0
13284,1,0.010000,0.003129,0.010464,0.461827,0
13285,1,0.010000,0.002503,0.010464,0.439466,0
13286,1,0.010000,0.002003,0.010464,0.423383,0
13287,1,0.010000,0.001602,0.010464,0.411754,1
13288,1,0.010000,0.001282,0.010464,0.403252,1
13289,1,0.010000,0.001025,0.010464,0.396956,0
13290,1,0.010000,0.001055,0.010464,0.392238,0
13291,1,0.018601,0.001306,0.010464,0.392767,0
13292,1,0.050762,0.001700,0.010464,0.397421,0
13293,1,0.117251,0.002179,0.010464,0.405270,1
13294,1,0.201279,0.002698,0.010464,0.415715,0
13295,1,0.246508,0.003227,0.010464,0.428206,1
13296,1,0.251909,0.003744,0.010464,0.442139,0
13297,1,0.248078,0.004234,0.010464,0.456860,1
13298,1,0.243371,0.004688,0.010464,0.471712,0
13299,1,0.238700,0.005099,0.010464,0.486110,1
13300,1,0.234152,0.005464,0.010464,0.499589,1
13301,1,0.229732,0.005784,0.010464,0.511828,1
13302,1,0.225437,0.006058,0.010464,0.522643,1
13303,1,0.221263,0.006289,0.010464,0.531965,1
13304,1,0.217204,0.006479,0.010464,0.539809,1
13305,1,0.213258,0.006631,0.010464,0.546244,0
13306,1,0.209419,0.006748,0.010464,0.551372,1
13307,1,0.205684,0.006834,0.010464,0.555311,1
13308,1,0.202049,0.006892,0.010464,0.558180,0
13309,1,0.198510,0.006924,0.010464,0.560095,1
13310,0,0.195064,0.005539,0.010464,0.561167,0
13311,1,7.466129,0.004431,0.010464,0.514370,0
13312,1,0.010000,0.003545,0.010464,0.477900,1
13313,1,0.010000,0.002836,0.010464,0.451066,0
13314,1,0.010000,0.002269,0.010464,0.431728,0
13315,1,0.010000,0.002015,0.010464,0.417801,1
13316,1,0.010000,0.001988,0.010464,0.412024,1
13317,1,0.010000,0.002116,0.010464,0.411434,0
13318,1,0.010000,0.002345,0.010464,0.414300,1
13319,1,0.010000,0.002634,0.010464,0.419594,0
13320,1,0.010000,0.002953,0.010464,0.426609,0
13321,1,0.010000,0.003281,0.010464,0.434780,1
13322,1,0.010000,0.003602,0.010464,0.443623,1
13323,1,0.010000,0.003907,0.010464,0.452713,1
13324,1,0.010000,0.004187,0.010464,0.461685,1
13325,1,0.010000,0.004440,0.010464,0.470249,1
13326,1,0.010000,0.004664,0.010464,0.478183,0
13327,1,0.010000,0.004857,0.010464,0.485338,0
13328,1,0.010000,0.005021,0.010464,0.491629,1
13329,1,0.010000,0.005156,0.010464,0.497020,1
13330,1,0.010000,0.005265,0.010464,0.501514,0
13331,1,0.010000,0.005349,0.010464,0.505143,0
13332,0,0.010000,0.004279,0.010464,0.507957,0
13333,1,4.337010,0.003423,0.010464,0.473107,1
13334,1,0.010000,0.002739,0.010464,0.447599,1
13335,1,0.010000,0.002191,0.010464,0.429235,0
13336,1,0.010000,0.001753,0.010464,0.415998,1
13337,1,0.010000,0.001402,0.010464,0.406367,0
13338,1,0.010000,0.001240,0.010464,0.399273,1
13339,1,0.010000,0.001277,0.010464,0.396171,1
13340,1,0.010000,0.001448,0.010464,0.396867,1
13341,1,0.010000,0.001703,0.010464,0.400162,1
13342,1,0.010000,0.002007,0.010464,0.405331,0
13343,1,0.010000,0.002333,0.010464,0.411857,1
13344,1,0.010000,0.002662,0.010464,0.419312,0
13345,1,0.016125,0.002981,0.010464,0.427313,1
13346,1,0.029205,0.003281,0.010464,0.435516,1
13347,1,0.049541,0.003556,0.010464,0.443619,0
13348,1,0.076452,0.003803,0.010464,0.451373,1
13349,1,0.104804,0.004020,0.010464,0.458586,1
13350,1,0.127368,0.004208,0.010464,0.465124,0
13351,1,0.140714,0.004368,0.010464,0.470903,0
13352,1,0.146532,0.004500,0.010464,0.475886,0
13353,1,0.148017,0.004606,0.010464,0.480070,1
13354,1,0.147429,0.004689,0.010464,0.483478,0
13355,1,0.145942,0.004750,0.010464,0.486151,1
13356,1,0.144089,0.004792,0.010464,0.488143,0
13357,1,0.142104,0.004817,0.010464,0.489511,1
13358,1,0.140087,0.004827,0.010464,0.490319,1
13359,1,0.138080,0.004823,0.010464,0.490628,1
13360,1,0.136102,0.004807,0.010464,0.490498,1
13361,0,0.134159,0.003846,0.010464,0.489986,0
13362,1,8.266964,0.003077,0.010464,0.459860,0
13363,1,0.010000,0.002461,0.010464,0.438050,0
13364,1,0.010000,0.001969,0.010464,0.422363,1
13365,1,0.010000,0.001575,0.010464,0.411012,1
13366,1,0.010000,0.001260,0.010464,0.402706,1
13367,1,0.010000,0.001008,0.010464,0.396549,1
13368,0,0.010000,0.000806,0.010464,0.391930,0
13369,1,0.010000,0.000645,0.010464,0.388426,0
13370,1,0.010000,0.000516,0.010464,0.385743,1
13371,1,0.010000,0.000413,0.010464,0.383671,1
13372,1,0.010000,0.000330,0.010464,0.382061,1
13373,0,0.010000,0.000264,0.010464,0.380803,0
13374,1,2.497869,0.000211,0.010464,0.379815,1
13375,1,0.010000,0.000169,0.010464,0.379036,1
13376,1,0.010000,0.000135,0.010464,0.378421,1
13377,1,0.010000,0.000108,0.010464,0.377934,1
13378,1,0.017485,0.000087,0.010464,0.377547,1
13379,1,0.037818,0.000069,0.010464,0.377240,1
13380,1,0.073776,0.000055,0.010464,0.376995,1
13381,1,0.122059,0.000221,0.010464,0.376800,1
13382,1,0.164528,0.000550,0.010464,0.379180,0
13383,1,0.186406,0.000977,0.010464,0.384205,0
13384,1,0.192367,0.001457,0.010464,0.391385,0
13385,1,0.191843,0.001955,0.010464,0.400347,1
13386,1,0.189369,0.002447,0.010464,0.410705,0
13387,1,0.186393,0.002917,0.010464,0.422022,0
13388,1,0.183330,0.003354,0.010464,0.433825,0
13389,1,0.180296,0.003751,0.010464,0.445645,1
13390,1,0.177323,0.004106,0.010464,0.457063,0
13391,1,0.174419,0.004417,0.010464,0.467740,1
13392,1,0.171586,0.004684,0.010464,0.477435,0
13393,1,0.168821,0.004910,0.010464,0.486000,1
13394,1,0.166122,0.005097,0.010464,0.493370,1
13395,1,0.163489,0.005248,0.010464,0.499541,1
13396,1,0.160919,0.005365,0.010464,0.504557,0
13397,1,0.158409,0.005452,0.010464,0.508487,1
13398,1,0.155958,0.005512,0.010464,0.511419,1
13399,1,0.153564,0.005548,0.010464,0.513450,1
13400,1,0.151225,0.005564,0.010464,0.514677,1
13401,1,0.148940,0.005561,0.010464,0.515193,1
13402,1,0.146707,0.005542,0.010464,0.515088,0
13403,1,0.144524,0.005509,0.010464,0.514448,1
13404,1,0.142390,0.005465,0.010464,0.513348,0
13405,1,0.140304,0.005411,0.010464,0.511859,1
13406,1,0.138264,0.005349,0.010464,0.510046,1
13407,1,0.136268,0.005281,0.010464,0.507965,1
13408,1,0.134316,0.005207,0.010464,0.505669,0
13409,1,0.132405,0.005129,0.010464,0.503201,1
13410,1,0.130536,0.005048,0.010464,0.500603,1
13411,1,0.128706,0.004965,0.010464,0.497910,1
13412,1,0.126915,0.004880,0.010464,0.495153,1
13413,1,0.125162,0.004794,0.010464,0.492358,1
13414,1,0.123445,0.004707,0.010464,0.489547,0
13415,1,0.121764,0.004621,0.010464,0.486740,1
13416,1,0.120117,0.004535,0.010464,0.483953,0
13417,1,0.118503,0.004450,0.010464,0.481200,1
13418,1,0.116923,0.004366,0.010464,0.478491,1
13419,1,0.115374,0.004283,0.010464,0.475834,0
13420,1,0.113856,0.004202,0.010464,0.473238,1
13421,1,0.112368,0.004122,0.010464,0.470708,1
13422,1,0.110909,0.004044,0.010464,0.468246,1
13423,1,0.109479,0.003968,0.010464,0.465856,1
13424,0,0.108077,0.003175,0.010464,0.463539,0
13425,1,8.638277,0.002540,0.010464,0.440698,0
13426,1,0.010000,0.002032,0.010464,0.424270,0
13427,1,0.010000,0.001625,0.010464,0.412399,0
13428,1,0.010000,0.001300,0.010464,0.403726,0
13429,1,0.010000,0.001040,0.010464,0.397310,1
13430,1,0.010000,0.000832,0.010464,0.392504,1
13431,1,0.010000,0.000666,0.010464,0.388864,0
13432,1,0.010000,0.000533,0.010464,0.386079,1
13433,0,0.010000,0.000426,0.010464,0.383932,0
13434,1,0.010000,0.000341,0.010464,0.382264,1
13435,0,0.010000,0.000273,0.010464,0.380962,0
13436,1,0.723458,0.000218,0.010464,0.379940,1
13437,0,0.128069,0.000175,0.010464,0.379135,0
13438,1,7.047241,0.000140,0.010464,0.378499,0
13439,1,0.010000,0.000112,0.010464,0.377996,1
13440,1,0.010000,0.000089,0.010464,0.377596,1
13441,1,0.010000,0.000071,0.010464,0.377279,1
13442,1,0.010000,0.000057,0.010464,0.377026,0
13443,1,0.010000,0.000046,0.010464,0.376825,0
13444,1,0.010000,0.000037,0.010464,0.376664,1
13445,1,0.010000,0.000029,0.010464,0.376536,1
13446,1,0.010000,0.000023,0.010464,0.376434,0
13447,1,0.010000,0.000223,0.010464,0.376352,0
13448,1,0.010000,0.000599,0.010464,0.379199,1
13449,1,0.010000,0.001083,0.010464,0.384997,0
13450,1,0.010000,0.001621,0.010464,0.393270,1
13451,1,0.010000,0.002177,0.010464,0.403641,0
13452,1,0.010000,0.002724,0.010464,0.415680,1
13453,1,0.010000,0.003244,0.010464,0.428862,1
13454,1,0.010000,0.003726,0.010464,0.442601,1
13455,1,0.010000,0.004162,0.010464,0.456305,1
13456,1,0.010000,0.004549,0.010464,0.469454,1
13457,1,0.010000,0.004886,0.010464,0.481639,1
13458,1,0.014263,0.005175,0.010464,0.492582,1
13459,1,0.026825,0.005417,0.010464,0.502131,1
13460,1,0.047313,0.005615,0.010464,0.510234,0
13461,1,0.075772,0.005772,0.010464,0.516915,0
13462,1,0.106988,0.005892,0.010464,0.522246,1
13463,1,0.132316,0.005979,0.010464,0.526329,0
13464,1,0.147124,0.006036,0.010464,0.529281,1
13465,1,0.153288,0.006067,0.010464,0.531220,1
13466,1,0.154650,0.006074,0.010464,0.532263,0
13467,1,0.153838,0.006062,0.010464,0.532521,1
13468,1,0.152137,0.006032,0.010464,0.532098,1
13469,0,0.150100,0.004826,0.010464,0.531089,0
13470,1,8.045456,0.003860,0.010464,0.490593,1
13471,0,0.010000,0.003088,0.010464,0.460304,0
13472,1,0.010000,0.002471,0.010464,0.438369,1
13473,1,0.010000,0.001977,0.010464,0.422593,1
13474,1,0.010000,0.001581,0.010464,0.411180,1
13475,1,0.010000,0.001265,0.010464,0.402829,1
13476,0,0.010000,0.001012,0.010464,0.396641,0
13477,0,0.477285,0.000810,0.010464,0.392000,0
13478,0,6.486458,0.000648,0.010464,0.388479,0
13479,1,0.010000,0.000518,0.010464,0.385784,0
13480,1,0.010000,0.000415,0.010464,0.383703,0
13481,1,0.010000,0.000332,0.010464,0.382086,1
13482,1,0.010000,0.000265,0.010464,0.380822,0
13483,1,0.010000,0.000212,0.010464,0.379830,0
13484,1,0.013001,0.000170,0.010464,0.379048,0
13485,1,0.042765,0.000136,0.010464,0.378431,1
13486,1,0.119024,0.000109,0.010464,0.377941,1
13487,1,0.233133,0.000129,0.010464,0.377553,0
13488,1,0.290143,0.000441,0.010464,0.377851,0
13489,1,0.288892,0.000941,0.010464,0.382502,0
13490,1,0.282757,0.001551,0.010464,0.390746,1
13491,1,0.276884,0.002216,0.010464,0.402223,1
13492,1,0.271193,0.002893,0.010464,0.416563,1
13493,1,0.265678,0.003555,0.010464,0.433202,0
13494,1,0.260331,0.004183,0.010464,0.451356,0
13495,1,0.255145,0.004763,0.010464,0.470103,0
13496,1,0.250115,0.005288,0.010464,0.488539,0
13497,1,0.245233,0.005755,0.010464,0.505905,1
13498,1,0.240493,0.006163,0.010464,0.521668,1
13499,1,0.235892,0.006512,0.010464,0.535527,1
13500,1,0.231422,0.006807,0.010464,0.547380,1
13501,1,0.227080,0.007049,0.010464,0.557262,0
13502,1,0.222859,0.007243,0.010464,0.565295,0
13503,1,0.218757,0.007393,0.010464,0.571645,1
13504,1,0.214768,0.007503,0.010464,0.576491,1
13505,1,0.210888,0.007577,0.010464,0.580010,0
13506,1,0.207113,0.007619,0.010464,0.582365,0
13507,1,0.203440,0.007633,0.010464,0.583702,1
13508,1,0.199864,0.007623,0.010464,0.584154,1
13509,0,0.196383,0.006099,0.010464,0.583833,0
13510,1,7.449701,0.004879,0.010464,0.533354,1
13511,1,0.010000,0.003903,0.010464,0.492338,1
13512,0,0.010000,0.003123,0.010464,0.461581,0
13513,1,0.010000,0.002498,0.010464,0.439288,1
13514,1,0.010000,0.001998,0.010464,0.423255,0
13515,1,0.010000,0.001599,0.010464,0.411661,1
13516,1,0.010000,0.001279,0.010464,0.403183,1
13517,1,0.010000,0.001023,0.010464,0.396905,0
13518,1,0.010000,0.000819,0.010464,0.392199,0
13519,1,0.010000,0.000862,0.010464,0.388631,1
13520,1,0.017766,0.001104,0.010464,0.389377,0
13521,1,0.042144,0.001473,0.010464,0.393659,1
13522,1,0.088227,0.001916,0.010464,0.400662,0
13523,1,0.149783,0.002393,0.010464,0.409846,0
13524,1,0.196829,0.002877,0.010464,0.420722,1
13525,1,0.213973,0.003348,0.010464,0.432780,1
13526,1,0.215406,0.003793,0.010464,0.445478,0
13527,1,0.212656,0.004203,0.010464,0.458284,1
13528,1,0.209082,0.004573,0.010464,0.470723,1
13529,1,0.205412,0.004901,0.010464,0.482411,0
13530,1,0.201798,0.005187,0.010464,0.493074,1
13531,1,0.198269,0.005432,0.010464,0.502544,0
13532,1,0.194831,0.005637,0.010464,0.510744,1
13533,1,0.191481,0.005805,0.010464,0.517668,1
13534,1,0.188218,0.005938,0.010464,0.523360,0
13535,1,0.185038,0.006040,0.010464,0.527894,1
13536,1,0.181939,0.006114,0.010464,0.531364,0
13537,1,0.178918,0.006162,0.010464,0.533867,0
13538,1,0.175973,0.006188,0.010464,0.535504,0
13539,1,0.173100,0.006193,0.010464,0.536374,1
13540,1,0.170298,0.006181,0.010464,0.536566,0
13541,1,0.167564,0.006155,0.010464,0.536168,0
13542,1,0.164896,0.006115,0.010464,0.535256,0
13543,1,0.162292,0.006064,0.010464,0.533903,0
13544,1,0.159750,0.006004,0.010464,0.532173,1
13545,0,0.157267,0.004803,0.010464,0.530125,0
13546,0,7.952963,0.003842,0.010464,0.489853,0
13547,1,0.010000,0.003074,0.010464,0.459762,0
13548,1,0.010000,0.002459,0.010464,0.437980,1
13549,0,0.010000,0.001967,0.010464,0.422313,0
13550,1,0.047203,0.001574,0.010464,0.410975,0
13551,1,0.115031,0.001259,0.010464,0.402678,0
13552,1,0.206350,0.001007,0.010464,0.396529,0
13553,1,0.256493,0.000806,0.010464,0.391915,1
13554,1,0.261304,0.000645,0.010464,0.388415,0
13555,1,0.256863,0.000516,0.010464,0.385734,0
13556,1,0.251840,0.000413,0.010464,0.383664,1
13557,1,0.246913,0.000330,0.010464,0.382056,0
13558,1,0.242125,0.000470,0.010464,0.380799,0
13559,1,0.237476,0.000798,0.010464,0.382949,1
13560,1,0.232961,0.001243,0.010464,0.388290,0
13561,1,0.228575,0.001752,0.010464,0.396234,1
13562,1,0.224313,0.002286,0.010464,0.406353,1
13563,1,0.220170,0.002818,0.010464,0.418205,1
13564,1,0.216142,0.003330,0.010464,0.431269,1
13565,1,0.212224,0.003807,0.010464,0.444969,1
13566,1,0.208413,0.004244,0.010464,0.458722,1
13567,1,0.204705,0.004635,0.010464,0.472010,1
13568,1,0.201096,0.004980,0.010464,0.484417,1
13569,1,0.197583,0.005277,0.010464,0.495655,0
13570,1,0.194161,0.005530,0.010464,0.505556,1
13571,1,0.190829,0.005740,0.010464,0.514054,0
13572,1,0.187583,0.005910,0.010464,0.521160,1
13573,1,0.184419,0.006043,0.010464,0.526935,0
13574,1,0.181336,0.006144,0.010464,0.531472,0
13575,0,0.178330,0.004915,0.010464,0.534879,0
13576,1,7.677794,0.003932,0.010464,0.493517,1
13577,1,0.010000,0.003145,0.010464,0.462444,1
13578,1,0.010000,0.002516,0.010464,0.439910,1
13579,1,0.010000,0.002013,0.010464,0.423703,0
13580,1,0.010000,0.001701,0.010464,0.411986,1
13581,1,0.010000,0.001638,0.010464,0.405296,1
13582,1,0.010000,0.001744,0.010464,0.403982,0
13583,1,0.010000,0.001962,0.010464,0.406190,0
13584,1,0.010000,0.002248,0.010464,0.410865,0
13585,1,0.010000,0.002569,0.010464,0.417309,1
13586,0,0.010000,0.002055,0.010464,0.424984,0
13587,1,0.010000,0.001644,0.010464,0.412917,1
13588,1,0.014832,0.001315,0.010464,0.404107,1
13589,1,0.033599,0.001052,0.010464,0.397594,1
13590,1,0.069009,0.000842,0.010464,0.392718,1
13591,1,0.120165,0.000673,0.010464,0.389026,0
13592,1,0.168151,0.000697,0.010464,0.386204,0
13593,1,0.193490,0.000901,0.010464,0.386592,1
13594,1,0.200131,0.001220,0.010464,0.390044,1
13595,1,0.199421,0.001607,0.010464,0.395801,0
13596,1,0.196685,0.002027,0.010464,0.403359,1
13597,1,0.193483,0.002453,0.010464,0.412289,1
13598,1,0.190223,0.002869,0.010464,0.422168,0
13599,1,0.187008,0.003261,0.010464,0.432569,1
13600,1,0.183863,0.003624,0.010464,0.443081,1
13601,1,0.180796,0.003951,0.010464,0.453334,0
13602,1,0.177804,0.004241,0.010464,0.463025,1
13603,1,0.174886,0.004494,0.010464,0.471928,0
13604,1,0.172040,0.004711,0.010464,0.479895,1
13605,1,0.169264,0.004892,0.010464,0.486847,1
13606,1,0.166555,0.005040,0.010464,0.492761,1
13607,1,0.163911,0.005158,0.010464,0.497657,1
13608,1,0.161331,0.005249,0.010464,0.501582,1
13609,1,0.158811,0.005315,0.010464,0.504604,0
13610,1,0.156351,0.005358,0.010464,0.506798,1
13611,1,0.153948,0.005381,0.010464,0.508246,0
13612,1,0.151600,0.005387,0.010464,0.509029,1
13613,1,0.149307,0.005377,0.010464,0.509226,0
13614,1,0.147065,0.005355,0.010464,0.508910,0
13615,1,0.144874,0.005321,0.010464,0.508151,1
13616,1,0.142733,0.005277,0.010464,0.507013,0
13617,1,0.140639,0.005226,0.010464,0.505554,0
13618,1,0.138591,0.005167,0.010464,0.503827,1
13619,1,0.136588,0.005104,0.010464,0.501879,0
13620,1,0.134629,0.005035,0.010464,0.499754,1
13621,1,0.132712,0.004963,0.010464,0.497488,1
13622,1,0.130836,0.004889,0.010464,0.495114,0
13623,1,0.129000,0.004812,0.010464,0.492662,1
13624,1,0.127203,0.004734,0.010464,0.490158,1
13625,1,0.125443,0.004656,0.010464,0.487622,1
13626,1,0.123721,0.004577,0.010464,0.485074,1
13627,1,0.122034,0.004498,0.010464,0.482530,0
13628,1,0.120381,0.004419,0.010464,0.480002,1
13629,1,0.118762,0.004341,0.010464,0.477503,1
13630,1,0.117176,0.004264,0.010464,0.475041,1
13631,1,0.115622,0.004188,0.010464,0.472623,0
13632,1,0.114099,0.004113,0.010464,0.470256,0
13633,1,0.112607,0.004039,0.010464,0.467944,1
13634,1,0.111143,0.003967,0.010464,0.465690,1
13635,1,0.109709,0.003896,0.010464,0.463497,0
13636,1,0.108302,0.003827,0.010464,0.461367,1
13637,1,0.106923,0.003759,0.010464,0.459299,0
13638,1,0.105570,0.003693,0.010464,0.457294,0
13639,1,0.104242,0.003629,0.010464,0.455353,1
13640,1,0.102940,0.003566,0.010464,0.453474,1
13641,1,0.101663,0.003504,0.010464,0.451657,1
13642,1,0.100409,0.003445,0.010464,0.449900,1
13643,1,0.099179,0.003387,0.010464,0.448202,1
13644,1,0.097972,0.003330,0.010464,0.446561,1
13645,1,0.096786,0.003275,0.010464,0.444976,1
13646,1,0.095623,0.003221,0.010464,0.443444,1
13647,1,0.094480,0.003169,0.010464,0.441965,0
13648,1,0.093358,0.003118,0.010464,0.440536,1
13649,1,0.092256,0.003068,0.010464,0.439155,1
13650,1,0.091174,0.003020,0.010464,0.437821,1
13651,1,0.090111,0.002973,0.010464,0.436532,1
13652,1,0.089067,0.002927,0.010464,0.435285,0
13653,1,0.088040,0.002882,0.010464,0.434080,1
13654,1,0.087032,0.002838,0.010464,0.432914,1
13655,1,0.086041,0.002796,0.010464,0.431786,1
13656,1,0.085068,0.002755,0.010464,0.430695,1
13657,1,0.084111,0.002714,0.010464,0.429638,1
13658,1,0.083170,0.002675,0.010464,0.428615,1
13659,1,0.082245,0.002636,0.010464,0.427624,1
13660,1,0.081335,0.002599,0.010464,0.426663,0
13661,1,0.080441,0.002562,0.010464,0.425732,1
13662,1,0.079562,0.002527,0.010464,0.424829,1
13663,1,0.078697,0.002492,0.010464,0.423953,1
13664,1,0.077846,0.002458,0.010464,0.423103,0
13665,1,0.077010,0.002424,0.010464,0.422277,1
13666,1,0.076187,0.002392,0.010464,0.421475,1
13667,1,0.075377,0.002360,0.010464,0.420697,0
13668,0,0.074580,0.001888,0.010464,0.419940,0
13669,1,9.141147,0.001510,0.010464,0.409247,1
13670,1,0.010000,0.001208,0.010464,0.401404,1
13671,1,0.010000,0.000967,0.010464,0.395577,1
13672,1,0.010000,0.000773,0.010464,0.391196,1
13673,1,0.010000,0.000619,0.010464,0.387866,0
13674,1,0.010000,0.000495,0.010464,0.385311,0
13675,1,0.010000,0.000396,0.010464,0.383337,1
13676,1,0.010000,0.000317,0.010464,0.381800,1
13677,1,0.010000,0.000253,0.010464,0.380598,1
13678,1,0.010000,0.000203,0.010464,0.379654,1
13679,1,0.010000,0.000263,0.010464,0.378909,0
13680,1,0.010000,0.000408,0.010464,0.379801,1
13681,1,0.010000,0.000604,0.010464,0.381984,0
13682,1,0.010000,0.000828,0.010464,0.385077,0
13683,1,0.010000,0.001063,0.010464,0.388795,0
13684,1,0.010000,0.001295,0.010464,0.392907,1
13685,1,0.010000,0.001518,0.010464,0.397219,0
13686,1,0.010000,0.001726,0.010464,0.401562,1
13687,1,0.010000,0.001914,0.010464,0.405799,0
13688,1,0.010000,0.002082,0.010464,0.409816,0
13689,1,0.010000,0.002229,0.010464,0.413530,0
13690,1,0.010000,0.002356,0.010464,0.416882,1
13691,1,0.010000,0.002462,0.010464,0.419837,1
13692,1,0.010000,0.002550,0.010464,0.422381,1
13693,1,0.010000,0.002620,0.010464,0.424513,0
13694,1,0.010000,0.002674,0.010464,0.426247,0
13695,1,0.010000,0.002714,0.010464,0.427606,0
13696,1,0.010000,0.002742,0.010464,0.428616,1
13697,1,0.010000,0.002758,0.010464,0.429309,1
13698,1,0.010000,0.002764,0.010464,0.429720,1
13699,1,0.010000,0.002762,0.010464,0.429880,1
13700,1,0.010000,0.002752,0.010464,0.429823,1
13701,1,0.010000,0.002736,0.010464,0.429579,0
13702,1,0.010000,0.002715,0.010464,0.429178,0
13703,1,0.010000,0.002690,0.010464,0.428644,1
13704,1,0.010000,0.002661,0.010464,0.428003,1
13705,1,0.010000,0.002629,0.010464,0.427274,1
13706,1,0.010000,0.002595,0.010464,0.426478,1
13707,1,0.010000,0.002559,0.010464,0.425629,0
13708,1,0.010000,0.002522,0.010464,0.424743,1
13709,1,0.010000,0.002484,0.010464,0.423831,1
13710,1,0.010000,0.002445,0.010464,0.422903,1
13711,1,0.010000,0.002406,0.010464,0.421969,1
13712,1,0.010000,0.002367,0.010464,0.421034,1
13713,1,0.010000,0.002328,0.010464,0.420106,1
13714,1,0.010000,0.002290,0.010464,0.419189,1
13715,1,0.010000,0.002252,0.010464,0.418287,1
13716,1,0.010000,0.002214,0.010464,0.417403,1
13717,1,0.010000,0.002178,0.010464,0.416539,0
13718,1,0.010000,0.002142,0.010464,0.415698,0
13719,1,0.010000,0.002107,0.010464,0.414879,1
13720,1,0.010000,0.002073,0.010464,0.414084,0
13721,1,0.010000,0.002039,0.010464,0.413314,0
13722,1,0.010000,0.002007,0.010464,0.412569,0
13723,1,0.010000,0.001975,0.010464,0.411848,1
13724,1,0.010000,0.001945,0.010464,0.411151,0
13725,1,0.010000,0.001915,0.010464,0.410478,0
13726,1,0.010000,0.001886,0.010464,0.409828,1
13727,1,0.010000,0.001858,0.010464,0.409201,0
13728,1,0.010000,0.001830,0.010464,0.408596,0
13729,1,0.010000,0.001804,0.010464,0.408012,1
13730,1,0.010000,0.001778,0.010464,0.407448,1
13731,1,0.010000,0.001753,0.010464,0.406904,1
13732,1,0.010000,0.001729,0.010464,0.406379,0
13733,1,0.010000,0.001706,0.010464,0.405872,1
13734,1,0.010000,0.001683,0.010464,0.405383,0
13735,1,0.010000,0.001661,0.010464,0.404910,1
13736,1,0.010000,0.001639,0.010464,0.404452,1
13737,1,0.010000,0.001618,0.010464,0.404010,0
13738,1,0.010000,0.001598,0.010464,0.403581,1
13739,1,0.010000,0.001578,0.010464,0.403167,1
13740,1,0.010000,0.001559,0.010464,0.402765,1
13741,1,0.010000,0.001540,0.010464,0.402376,1
13742,1,0.010000,0.001522,0.010464,0.401999,1
13743,1,0.010000,0.001504,0.010464,0.401633,1
13744,1,0.010000,0.001487,0.010464,0.401277,1
13745,1,0.010000,0.001470,0.010464,0.400932,0
13746,1,0.010000,0.001453,0.010464,0.400596,1
13747,1,0.010000,0.001437,0.010464,0.400270,1
13748,1,0.010000,0.001421,0.010464,0.399952,1
13749,1,0.010000,0.001406,0.010464,0.399643,0
13750,1,0.010000,0.001391,0.010464,0.399342,1
13751,1,0.010000,0.001376,0.010464,0.399048,1
13752,1,0.011207,0.001361,0.010464,0.398762,1
13753,1,0.012802,0.001347,0.010464,0.398482,1
13754,1,0.014509,0.001333,0.010464,0.398210,0
13755,1,0.016311,0.001320,0.010464,0.397944,0
13756,1,0.018179,0.001307,0.010464,0.397684,1
13757,1,0.020082,0.001293,0.010464,0.397429,1
13758,1,0.021987,0.001281,0.010464,0.397181,1
13759,1,0.023857,0.001268,0.010464,0.396937,1
13760,1,0.025661,0.001256,0.010464,0.396699,0
13761,1,0.027366,0.001244,0.010464,0.396466,1
13762,1,0.028950,0.001232,0.010464,0.396238,1
13763,1,0.030394,0.001220,0.010464,0.396014,0
13764,1,0.031687,0.001208,0.010464,0.395795,1
13765,1,0.032825,0.001197,0.010464,0.395580,1
13766,1,0.033808,0.001186,0.010464,0.395370,1
13767,1,0.034642,0.001175,0.010464,0.395163,0
13768,1,0.035336,0.001164,0.010464,0.394960,0
13769,1,0.035901,0.001154,0.010464,0.394761,1
13770,1,0.036351,0.001143,0.010464,0.394565,1
13771,1,0.036696,0.001133,0.010464,0.394373,0
13772,1,0.036951,0.001123,0.010464,0.394185,1
13773,1,0.037127,0.001113,0.010464,0.393999,0
13774,1,0.037234,0.001103,0.010464,0.393817,1
13775,1,0.037283,0.001093,0.010464,0.393638,1
13776,1,0.037282,0.001084,0.010464,0.393462,1
13777,1,0.037240,0.001074,0.010464,0.393289,0
13778,1,0.037162,0.001065,0.010464,0.393119,0
13779,1,0.037056,0.001056,0.010464,0.392951,1
13780,1,0.036924,0.001047,0.010464,0.392787,1
13781,1,0.036773,0.001038,0.010464,0.392624,1
13782,1,0.036605,0.001029,0.010464,0.392465,1
13783,1,0.036423,0.001021,0.010464,0.392308,0
13784,1,0.036231,0.001012,0.010464,0.392153,1
13785,1,0.036029,0.001004,0.010464,0.392001,1
13786,1,0.035821,0.000995,0.010464,0.391851,1
13787,1,0.035607,0.000987,0.010464,0.391703,1
13788,1,0.035389,0.000979,0.010464,0.391557,0
13789,1,0.035167,0.000971,0.010464,0.391414,1
13790,1,0.034944,0.000963,0.010464,0.391273,0
13791,1,0.034719,0.000955,0.010464,0.391133,0
13792,1,0.034493,0.000948,0.010464,0.390996,0
13793,1,0.034266,0.000940,0.010464,0.390861,1
13794,1,0.034040,0.000932,0.010464,0.390727,0
13795,1,0.033814,0.000925,0.010464,0.390596,1
13796,1,0.033588,0.000918,0.010464,0.390466,1
13797,1,0.033364,0.000910,0.010464,0.390339,1
13798,1,0.033140,0.000903,0.010464,0.390213,1
13799,1,0.032918,0.000896,0.010464,0.390088,0
13800,1,0.032697,0.000889,0.010464,0.389966,1
13801,1,0.032478,0.000882,0.010464,0.389845,1
13802,1,0.032261,0.000876,0.010464,0.389726,1
13803,1,0.032045,0.000869,0.010464,0.389608,1
13804,1,0.031831,0.000862,0.010464,0.389492,1
13805,1,0.031619,0.000856,0.010464,0.389377,1
13806,1,0.031408,0.000849,0.010464,0.389264,1
13807,1,0.031200,0.000843,0.010464,0.389153,1
13808,1,0.030993,0.000836,0.010464,0.389042,0
13809,1,0.030788,0.000830,0.010464,0.388934,1
13810,1,0.030585,0.000824,0.010464,0.388827,1
13811,1,0.030384,0.000818,0.010464,0.388721,1
13812,1,0.030185,0.000812,0.010464,0.388616,1
13813,1,0.029987,0.000806,0.010464,0.388513,0
13814,1,0.029792,0.000800,0.010464,0.388411,1
13815,1,0.029598,0.000794,0.010464,0.388310,0
13816,1,0.029407,0.000788,0.010464,0.388211,1
13817,1,0.029217,0.000782,0.010464,0.388113,1
13818,1,0.029029,0.000777,0.010464,0.388016,1
13819,1,0.028842,0.000771,0.010464,0.387920,1
13820,1,0.028658,0.000765,0.010464,0.387826,1
13821,1,0.028475,0.000760,0.010464,0.387732,1
13822,1,0.028294,0.000754,0.010464,0.387640,1
13823,1,0.028115,0.000749,0.010464,0.387549,0
13824,1,0.027937,0.000744,0.010464,0.387459,1
13825,1,0.027761,0.000738,0.010464,0.387370,1
13826,1,0.027587,0.000733,0.010464,0.387282,1
13827,1,0.027414,0.000728,0.010464,0.387196,0
13828,1,0.027243,0.000723,0.010464,0.387110,0
13829,1,0.027074,0.000718,0.010464,0.387025,1
13830,1,0.026906,0.000713,0.010464,0.386941,0
13831,1,0.026740,0.000708,0.010464,0.386858,0
13832,1,0.026575,0.000703,0.010464,0.386777,1
13833,1,0.026412,0.000698,0.010464,0.386696,1
13834,1,0.026251,0.000694,0.010464,0.386616,0
13835,1,0.026091,0.000689,0.010464,0.386537,0
13836,1,0.025932,0.000684,0.010464,0.386459,1
13837,1,0.025775,0.000679,0.010464,0.386381,1
13838,1,0.025619,0.000675,0.010464,0.386305,1
13839,1,0.025465,0.000670,0.010464,0.386229,1
13840,1,0.025312,0.000666,0.010464,0.386155,1
13841,1,0.025161,0.000661,0.010464,0.386081,1
13842,1,0.025011,0.000657,0.010464,0.386008,0
13843,1,0.024862,0.000653,0.010464,0.385936,1
13844,1,0.024715,0.000648,0.010464,0.385865,1
13845,1,0.024569,0.000644,0.010464,0.385794,1
13846,1,0.024424,0.000640,0.010464,0.385724,1
13847,1,0.024281,0.000636,0.010464,0.385655,1
13848,1,0.024139,0.000631,0.010464,0.385587,0
13849,1,0.023998,0.000627,0.010464,0.385519,1
13850,1,0.023858,0.000623,0.010464,0.385452,1
13851,1,0.023720,0.000619,0.010464,0.385386,0
13852,1,0.023583,0.000615,0.010464,0.385321,1
13853,1,0.023447,0.000611,0.010464,0.385256,0
13854,1,0.023312,0.000607,0.010464,0.385192,0
13855,1,0.023179,0.000603,0.010464,0.385129,1
13856,1,0.023046,0.000600,0.010464,0.385066,1
13857,1,0.022915,0.000596,0.010464,0.385004,1
13858,1,0.022785,0.000592,0.010464,0.384943,1
13859,1,0.022656,0.000588,0.010464,0.384882,1
13860,1,0.022528,0.000585,0.010464,0.384822,1
13861,1,0.022401,0.000581,0.010464,0.384763,1
13862,1,0.022276,0.000577,0.010464,0.384704,1
13863,1,0.022151,0.000574,0.010464,0.384646,1
13864,1,0.022028,0.000570,0.010464,0.384588,1
13865,1,0.021905,0.000567,0.010464,0.384531,0
13866,1,0.021784,0.000563,0.010464,0.384474,1
13867,1,0.021664,0.000560,0.010464,0.384418,1
13868,1,0.021544,0.000556,0.010464,0.384363,0
13869,1,0.021426,0.000553,0.010464,0.384308,0
13870,1,0.021309,0.000550,0.010464,0.384254,1
13871,1,0.021192,0.000546,0.010464,0.384200,1
13872,1,0.021077,0.000543,0.010464,0.384147,1
13873,1,0.020962,0.000540,0.010464,0.384095,1
13874,1,0.020849,0.000536,0.010464,0.384043,0
13875,1,0.020736,0.000533,0.010464,0.383991,1
13876,1,0.020625,0.000530,0.010464,0.383940,1
13877,1,0.020514,0.000527,0.010464,0.383889,1
13878,1,0.020404,0.000524,0.010464,0.383839,1
13879,1,0.020295,0.000521,0.010464,0.383790,0
13880,1,0.020187,0.000517,0.010464,0.383741,1
13881,0,0.020080,0.000414,0.010464,0.383692,0
13882,0,9.901818,0.000331,0.010464,0.382077,0
13883,1,0.010000,0.000265,0.010464,0.380815,1
13884,1,0.010000,0.000212,0.010464,0.379825,1
13885,1,0.010000,0.000170,0.010464,0.379044,0
13886,1,0.010000,0.000136,0.010464,0.378427,0
13887,1,0.010000,0.000109,0.010464,0.377939,1
13888,1,0.010000,0.000087,0.010464,0.377551,0
13889,1,0.010000,0.000069,0.010464,0.377243,1
13890,1,0.010000,0.000056,0.010464,0.376997,1
13891,1,0.010000,0.000044,0.010464,0.376802,0
13892,1,0.010000,0.000036,0.010464,0.376646,1
13893,1,0.010000,0.000028,0.010464,0.376521,1
13894,1,0.010000,0.000023,0.010464,0.376422,1
13895,1,0.010000,0.000018,0.010464,0.376343,1
13896,1,0.010000,0.000099,0.010464,0.376279,1
13897,1,0.010000,0.000281,0.010464,0.377413,0
13898,1,0.010000,0.000524,0.010464,0.380065,1
13899,1,0.010000,0.000796,0.010464,0.383790,1
13900,1,0.010000,0.001077,0.010464,0.388253,1
13901,1,0.010000,0.001352,0.010464,0.393172,1
13902,1,0.010000,0.001610,0.010464,0.398297,0
13903,1,0.010000,0.001845,0.010464,0.403411,0
13904,1,0.010000,0.002054,0.010464,0.408329,0
13905,1,0.010000,0.002236,0.010464,0.412903,1
13906,1,0.010000,0.002389,0.010464,0.417026,0
13907,1,0.010000,0.002515,0.010464,0.420626,1
13908,1,0.010000,0.002616,0.010464,0.423670,0
13909,1,0.010000,0.002693,0.010464,0.426147,1
13910,1,0.010000,0.002748,0.010464,0.428073,1
13911,1,0.010000,0.002785,0.010464,0.429479,1
13912,1,0.010000,0.002804,0.010464,0.430405,1
13913,1,0.010000,0.002808,0.010464,0.430899,1
13914,1,0.010000,0.002800,0.010464,0.431014,1
13915,1,0.010000,0.002781,0.010464,0.430800,1
13916,1,0.010000,0.002752,0.010464,0.430307,1
13917,1,0.010000,0.002716,0.010464,0.429583,1
13918,1,0.010000,0.002674,0.010464,0.428671,1
13919,1,0.010000,0.002627,0.010464,0.427610,1
13920,1,0.010000,0.002576,0.010464,0.426434,1
13921,1,0.010000,0.002523,0.010464,0.425176,1
13922,1,0.010000,0.002467,0.010464,0.423860,1
13923,1,0.010000,0.002410,0.010464,0.422509,1
13924,1,0.010000,0.002353,0.010464,0.421141,0
13925,1,0.010000,0.002295,0.010464,0.419774,1
13926,1,0.010000,0.002238,0.010464,0.418418,1
13927,1,0.010000,0.002182,0.010464,0.417085,1
13928,1,0.010000,0.002126,0.010464,0.415782,1
13929,1,0.010000,0.002072,0.010464,0.414516,0
13930,1,0.010000,0.002019,0.010464,0.413291,1
13931,1,0.010000,0.001967,0.010464,0.412110,1
13932,1,0.010000,0.001918,0.010464,0.410975,0
13933,1,0.010000,0.001869,0.010464,0.409888,0
13934,1,0.010000,0.001823,0.010464,0.408849,1
13935,1,0.010000,0.001779,0.010464,0.407857,1
13936,1,0.010000,0.001736,0.010464,0.406913,1
13937,1,0.010000,0.001695,0.010464,0.406015,1
13938,1,0.010000,0.001656,0.010464,0.405161,1
13939,1,0.011333,0.001618,0.010464,0.404351,1
13940,1,0.012843,0.001582,0.010464,0.403583,0
13941,1,0.014447,0.001548,0.010464,0.402854,1
13942,1,0.016126,0.001516,0.010464,0.402163,1
13943,1,0.017857,0.001484,0.010464,0.401508,1
13944,1,0.019612,0.001455,0.010464,0.400888,1
13945,1,0.021361,0.001426,0.010464,0.400300,1
13946,1,0.023076,0.001399,0.010464,0.399743,1
13947,1,0.024727,0.001373,0.010464,0.399214,1
13948,1,0.026290,0.001349,0.010464,0.398713,1
13949,1,0.027745,0.001325,0.010464,0.398238,0
13950,1,0.029076,0.001303,0.010464,0.397786,1
13951,1,0.030273,0.001281,0.010464,0.397358,1
13952,1,0.031333,0.001261,0.010464,0.396950,1
13953,0,0.032256,0.001009,0.010464,0.396562,0
13954,1,9.467412,0.000807,0.010464,0.391940,0
13955,1,0.010000,0.000646,0.010464,0.388434,0
13956,1,0.010000,0.000516,0.010464,0.385749,1
13957,1,0.010000,0.000413,0.010464,0.383676,0
13958,1,0.010000,0.000331,0.010464,0.382065,1
13959,1,0.010000,0.000264,0.010464,0.380806,0
13960,1,0.010000,0.000212,0.010464,0.379817,1
13961,1,0.010000,0.000169,0.010464,0.379038,1
13962,1,0.010000,0.000135,0.010464,0.378423,1
13963,1,0.010000,0.000108,0.010464,0.377935,1
13964,1,0.010000,0.000087,0.010464,0.377548,0
13965,1,0.010000,0.000070,0.010464,0.377240,1
13966,1,0.010000,0.000146,0.010464,0.377001,1
13967,1,0.010000,0.000281,0.010464,0.378083,1
13968,1,0.010000,0.000451,0.010464,0.380066,1
13969,1,0.010000,0.000638,0.010464,0.382655,1
13970,1,0.010000,0.000829,0.010464,0.385628,0
13971,1,0.010000,0.001015,0.010464,0.388807,1
13972,1,0.010000,0.001189,0.010464,0.392045,0
13973,1,0.010000,0.001349,0.010464,0.395223,1
13974,1,0.010000,0.001492,0.010464,0.398246,1
13975,1,0.010000,0.001618,0.010464,0.401044,0
13976,1,0.010000,0.001725,0.010464,0.403568,0
13977,1,0.010000,0.001816,0.010464,0.405789,1
13978,1,0.010000,0.001890,0.010464,0.407694,1
13979,1,0.010000,0.001948,0.010464,0.409281,1
13980,1,0.010000,0.001993,0.010464,0.410561,1
13981,1,0.010000,0.002026,0.010464,0.411551,1
13982,1,0.010000,0.002048,0.010464,0.412273,1
13983,1,0.010000,0.002059,0.010464,0.412752,1
13984,1,0.010000,0.002063,0.010464,0.413015,1
13985,1,0.010000,0.002059,0.010464,0.413088,1
13986,1,0.010000,0.002048,0.010464,0.412998,0
13987,1,0.010000,0.002033,0.010464,0.412768,1
13988,1,0.010000,0.002013,0.010464,0.412422,1
13989,1,0.010000,0.001989,0.010464,0.411980,1
13990,1,0.010000,0.001963,0.010464,0.411462,1
13991,1,0.010000,0.001935,0.010464,0.410883,0
13992,1,0.010000,0.001904,0.010464,0.410258,1
13993,1,0.010000,0.001873,0.010464,0.409600,1
13994,1,0.010000,0.001840,0.010464,0.408919,0
13995,1,0.010000,0.001808,0.010464,0.408225,1
13996,1,0.010000,0.001775,0.010464,0.407525,1
13997,1,0.010000,0.001742,0.010464,0.406825,1
13998,1,0.010000,0.001709,0.010464,0.406131,1
13999,1,0.010000,0.001676,0.010464,0.405447,1
14000,1,0.010000,0.001645,0.010464,0.404776,1
14001,1,0.010000,0.001614,0.010464,0.404121,1
14002,1,0.010000,0.001583,0.010464,0.403484,1
14003,1,0.010000,0.001553,0.010464,0.402866,0
14004,1,0.010000,0.001525,0.010464,0.402268,0
14005,1,0.010000,0.001497,0.010464,0.401691,1
14006,1,0.010000,0.001470,0.010464,0.401135,1
14007,1,0.010000,0.001444,0.010464,0.400600,1
14008,1,0.010000,0.001419,0.010464,0.400086,1
14009,1,0.010000,0.001394,0.010464,0.399592,1
14010,1,0.010000,0.001371,0.010464,0.399119,1
14011,1,0.010000,0.001348,0.010464,0.398665,1
14012,1,0.010000,0.001327,0.010464,0.398230,0
14013,1,0.010000,0.001306,0.010464,0.397813,1
14014,1,0.010000,0.001286,0.010464,0.397414,1
14015,1,0.010000,0.001266,0.010464,0.397031,1
14016,1,0.010000,0.001248,0.010464,0.396664,0
14017,1,0.010000,0.001230,0.010464,0.396313,1
14018,1,0.010000,0.001212,0.010464,0.395976,1
14019,1,0.010000,0.001196,0.010464,0.395653,1
14020,1,0.010000,0.001180,0.010464,0.395343,1
14021,1,0.010000,0.001164,0.010464,0.395046,1
14022,1,0.010000,0.001149,0.010464,0.394760,1
14023,1,0.010000,0.001135,0.010464,0.394485,1
14024,1,0.010000,0.001121,0.010464,0.394220,1
14025,1,0.010000,0.001108,0.010464,0.393966,1
14026,1,0.010000,0.001095,0.010464,0.393720,1
14027,1,0.010000,0.001082,0.010464,0.393484,1
14028,1,0.010000,0.001070,0.010464,0.393256,1
14029,1,0.010000,0.001058,0.010464,0.393035,1
14030,1,0.010000,0.001046,0.010464,0.392822,1
14031,1,0.010000,0.001035,0.010464,0.392616,1
14032,1,0.010000,0.001025,0.010464,0.392417,1
14033,1,0.010000,0.001014,0.010464,0.392224,1
14034,1,0.010000,0.001004,0.010464,0.392036,0
14035,1,0.010000,0.000994,0.010464,0.391854,1
14036,1,0.010000,0.000984,0.010464,0.391677,1
14037,1,0.010000,0.000975,0.010464,0.391506,1
14038,1,0.010000,0.000965,0.010464,0.391338,1
14039,1,0.010000,0.000956,0.010464,0.391176,0
14040,1,0.010000,0.000948,0.010464,0.391017,1
14041,1,0.010000,0.000939,0.010464,0.390863,1
14042,1,0.010000,0.000931,0.010464,0.390712,1
14043,1,0.010000,0.000922,0.010464,0.390564,1
14044,1,0.010000,0.000914,0.010464,0.390421,1
14045,1,0.010000,0.000906,0.010464,0.390280,1
14046,1,0.010000,0.000899,0.010464,0.390142,1
14047,1,0.010000,0.000891,0.010464,0.390008,1
14048,1,0.010000,0.000884,0.010464,0.389876,1
14049,1,0.010000,0.000876,0.010464,0.389746,1
14050,1,0.010000,0.000869,0.010464,0.389620,1
14051,1,0.010000,0.000862,0.010464,0.389495,1
14052,1,0.010000,0.000855,0.010464,0.389373,1
14053,1,0.010000,0.000848,0.010464,0.389254,1
14054,1,0.010000,0.000841,0.010464,0.389136,1
14055,1,0.010000,0.000835,0.010464,0.389021,1
14056,1,0.010000,0.000828,0.010464,0.388907,1
14057,1,0.010000,0.000822,0.010464,0.388796,1
14058,1,0.010000,0.000815,0.010464,0.388686,1
14059,1,0.010000,0.000809,0.010464,0.388578,1
14060,1,0.010000,0.000803,0.010464,0.388471,1
14061,1,0.010000,0.000797,0.010464,0.388367,1
14062,1,0.010000,0.000791,0.010464,0.388264,1
14063,1,0.010000,0.000785,0.010464,0.388162,1
14064,1,0.010000,0.000779,0.010464,0.388062,1
14065,1,0.010000,0.000773,0.010464,0.387964,1
14066,1,0.010000,0.000768,0.010464,0.387866,1
14067,1,0.010000,0.000762,0.010464,0.387771,1
14068,1,0.010000,0.000756,0.010464,0.387676,0
14069,1,0.010000,0.000751,0.010464,0.387583,1
14070,1,0.010000,0.000746,0.010464,0.387491,1
14071,1,0.010000,0.000740,0.010464,0.387401,1
14072,1,0.010000,0.000735,0.010464,0.387311,0
14073,1,0.010000,0.000730,0.010464,0.387223,1
14074,1,0.010000,0.000725,0.010464,0.387136,1
14075,1,0.010000,0.000719,0.010464,0.387050,1
14076,1,0.010000,0.000714,0.010464,0.386965,0
14077,1,0.010000,0.000709,0.010464,0.386881,1
14078,1,0.010000,0.000704,0.010464,0.386798,1
14079,1,0.010000,0.000700,0.010464,0.386717,1
14080,1,0.010000,0.000695,0.010464,0.386636,1
14081,1,0.010000,0.000690,0.010464,0.386556,0
14082,1,0.010000,0.000685,0.010464,0.386477,1
14083,1,0.010000,0.000681,0.010464,0.386399,1
14084,1,0.010000,0.000676,0.010464,0.386322,1
14085,1,0.010000,0.000671,0.010464,0.386246,0
14086,1,0.010000,0.000667,0.010464,0.386171,1
14087,1,0.010000,0.000662,0.010464,0.386097,0
14088,1,0.010000,0.000658,0.010464,0.386024,1
14089,1,0.010000,0.000654,0.010464,0.385951,1
14090,1,0.010000,0.000649,0.010464,0.385879,1
14091,1,0.010000,0.000645,0.010464,0.385808,1
14092,1,0.010000,0.000641,0.010464,0.385738,1
14093,1,0.010000,0.000636,0.010464,0.385669,1
14094,1,0.010000,0.000632,0.010464,0.385600,1
14095,1,0.010000,0.000628,0.010464,0.385532,0
14096,1,0.010000,0.000624,0.010464,0.385465,0
14097,1,0.010000,0.000620,0.010464,0.385399,1
14098,1,0.010000,0.000616,0.010464,0.385333,1
14099,1,0.010000,0.000612,0.010464,0.385268,1
14100,1,0.010000,0.000608,0.010464,0.385204,0
14101,1,0.010000,0.000604,0.010464,0.385141,0
14102,1,0.010000,0.000600,0.010464,0.385078,1
14103,1,0.010000,0.000597,0.010464,0.385015,1
14104,1,0.010000,0.000593,0.010464,0.384954,1
14105,1,0.010000,0.000589,0.010464,0.384893,1
14106,1,0.010000,0.000585,0.010464,0.384833,1
14107,1,0.010000,0.000582,0.010464,0.384773,1
14108,1,0.010000,0.000578,0.010464,0.384714,1
14109,1,0.010000,0.000574,0.010464,0.384656,1
14110,1,0.010000,0.000571,0.010464,0.384598,0
14111,1,0.010000,0.000567,0.010464,0.384541,1
14112,1,0.010000,0.000564,0.010464,0.384484,0
14113,1,0.010000,0.000560,0.010464,0.384428,1
14114,1,0.010000,0.000557,0.010464,0.384373,0
14115,1,0.010000,0.000553,0.010464,0.384318,1
14116,1,0.010000,0.000550,0.010464,0.384264,1
14117,1,0.010000,0.000547,0.010464,0.384210,1
14118,1,0.010000,0.000543,0.010464,0.384157,1
14119,1,0.010000,0.000540,0.010464,0.384104,1
14120,1,0.010000,0.000537,0.010464,0.384052,0
14121,1,0.010000,0.000534,0.010464,0.384000,1
14122,1,0.010000,0.000530,0.010464,0.383949,0
14123,1,0.010186,0.000527,0.010464,0.383898,1
14124,1,0.010554,0.000524,0.010464,0.383848,0
14125,1,0.010914,0.000521,0.010464,0.383798,0
14126,1,0.011265,0.000518,0.010464,0.383749,1
14127,1,0.011608,0.000515,0.010464,0.383700,1
14128,1,0.011939,0.000512,0.010464,0.383652,1
14129,1,0.012259,0.000509,0.010464,0.383604,0
14130,1,0.012567,0.000506,0.010464,0.383557,1
14131,1,0.012862,0.000503,0.010464,0.383510,1
14132,1,0.013143,0.000500,0.010464,0.383464,1
14133,1,0.013410,0.000497,0.010464,0.383418,0
14134,1,0.013663,0.000494,0.010464,0.383372,1
14135,1,0.013902,0.000491,0.010464,0.383327,1
14136,1,0.014126,0.000489,0.010464,0.383282,0
14137,1,0.014335,0.000486,0.010464,0.383238,1
14138,1,0.014530,0.000483,0.010464,0.383194,1
14139,1,0.014711,0.000480,0.010464,0.383151,0
14140,1,0.014878,0.000478,0.010464,0.383108,1
14141,1,0.015032,0.000475,0.010464,0.383065,1
14142,1,0.015172,0.000472,0.010464,0.383023,1
14143,1,0.015300,0.000470,0.010464,0.382981,1
14144,1,0.015415,0.000467,0.010464,0.382939,0
14145,1,0.015519,0.000464,0.010464,0.382898,1
14146,1,0.015611,0.000462,0.010464,0.382857,1
14147,1,0.015693,0.000459,0.010464,0.382817,1
14148,1,0.015765,0.000457,0.010464,0.382777,1
14149,1,0.015827,0.000454,0.010464,0.382737,0
14150,1,0.015880,0.000452,0.010464,0.382698,1
14151,1,0.015925,0.000449,0.010464,0.382659,1
14152,1,0.015961,0.000447,0.010464,0.382620,1
14153,1,0.015990,0.000444,0.010464,0.382582,1
14154,1,0.016012,0.000442,0.010464,0.382544,1
14155,1,0.016027,0.000439,0.010464,0.382507,1
14156,1,0.016036,0.000437,0.010464,0.382469,1
14157,1,0.016039,0.000435,0.010464,0.382432,1
14158,1,0.016037,0.000432,0.010464,0.382396,1
14159,1,0.016030,0.000430,0.010464,0.382359,1
14160,1,0.016018,0.000428,0.010464,0.382323,1
14161,1,0.016002,0.000425,0.010464,0.382288,1
14162,0,0.015982,0.000340,0.010464,0.382252,0
14163,1,9.865189,0.000272,0.010464,0.380953,0
14164,1,0.010000,0.000218,0.010464,0.379933,1
14165,1,0.010000,0.000174,0.010464,0.379129,1
14166,1,0.010000,0.000139,0.010464,0.378495,1
14167,1,0.010000,0.000111,0.010464,0.377992,1
14168,1,0.010000,0.000089,0.010464,0.377593,1
14169,1,0.010000,0.000071,0.010464,0.377276,1
14170,1,0.010000,0.000057,0.010464,0.377024,1
14171,1,0.010000,0.000046,0.010464,0.376823,1
14172,1,0.010000,0.000037,0.010464,0.376663,1
14173,1,0.010000,0.000029,0.010464,0.376535,1
14174,1,0.010000,0.000023,0.010464,0.376433,1
14175,1,0.010000,0.000019,0.010464,0.376351,0
14176,1,0.010000,0.000047,0.010464,0.376286,1
14177,1,0.010000,0.000137,0.010464,0.376678,1
14178,1,0.010000,0.000264,0.010464,0.377951,1
14179,1,0.010000,0.000410,0.010464,0.379806,1
14180,1,0.010000,0.000564,0.010464,0.382023,1
14181,1,0.010000,0.000716,0.010464,0.384433,1
14182,1,0.010000,0.000859,0.010464,0.386901,1
14183,1,0.010000,0.000991,0.010464,0.389324,0
14184,1,0.010000,0.001108,0.010464,0.391620,1
14185,1,0.010000,0.001211,0.010464,0.393732,0
14186,1,0.010000,0.001298,0.010464,0.395618,1
14187,1,0.010000,0.001370,0.010464,0.397258,0
14188,1,0.010000,0.001428,0.010464,0.398640,0
14189,1,0.010000,0.001472,0.010464,0.399767,1
14190,1,0.010000,0.001505,0.010464,0.400647,1
14191,1,0.010000,0.001527,0.010464,0.401298,0
14192,1,0.010000,0.001540,0.010464,0.401738,1
14193,1,0.010000,0.001544,0.010464,0.401989,1
14194,1,0.010000,0.001541,0.010464,0.402073,1
14195,1,0.010000,0.001532,0.010464,0.402012,0
14196,1,0.010000,0.001517,0.010464,0.401829,0
14197,1,0.010000,0.001499,0.010464,0.401543,0
14198,1,0.010000,0.001477,0.010464,0.401174,1
14199,1,0.010000,0.001452,0.010464,0.400737,0
14200,1,0.010000,0.001425,0.010464,0.400248,1
14201,1,0.010000,0.001397,0.010464,0.399719,0
14202,1,0.010000,0.001367,0.010464,0.399163,1
14203,1,0.010000,0.001337,0.010464,0.398589,0
14204,1,0.010000,0.001306,0.010464,0.398005,1
14205,1,0.010000,0.001275,0.010464,0.397418,1
14206,1,0.010000,0.001245,0.010464,0.396833,1
14207,1,0.010000,0.001214,0.010464,0.396256,1
14208,1,0.010000,0.001185,0.010464,0.395690,0
14209,1,0.010000,0.001156,0.010464,0.395138,1
14210,1,0.010000,0.001127,0.010464,0.394602,1
14211,1,0.010000,0.001100,0.010464,0.394084,1
14212,1,0.010000,0.001074,0.010464,0.393584,1
14213,1,0.010000,0.001048,0.010464,0.393104,0
14214,1,0.010000,0.001024,0.010464,0.392645,1
14215,1,0.010000,0.001000,0.010464,0.392205,1
14216,1,0.010000,0.000977,0.010464,0.391785,1
14217,1,0.010000,0.000956,0.010464,0.391385,1
14218,1,0.010000,0.000935,0.010464,0.391005,1
14219,1,0.010000,0.000915,0.010464,0.390643,1
14220,1,0.010000,0.000897,0.010464,0.390299,1
14221,1,0.010000,0.000879,0.010464,0.389973,1
14222,1,0.010000,0.000862,0.010464,0.389664,1
14223,1,0.010000,0.000846,0.010464,0.389370,0
14224,1,0.010000,0.000830,0.010464,0.389092,1
14225,1,0.010000,0.000815,0.010464,0.388828,1
14226,1,0.010000,0.000801,0.010464,0.388578,1
14227,1,0.010000,0.000788,0.010464,0.388341,0
14228,1,0.010000,0.000776,0.010464,0.388117,1
14229,1,0.010000,0.000763,0.010464,0.387903,1
14230,1,0.010000,0.000752,0.010464,0.387701,1
14231,1,0.010000,0.000741,0.010464,0.387509,1
14232,1,0.010000,0.000731,0.010464,0.387326,1
14233,1,0.010000,0.000721,0.010464,0.387153,0
14234,1,0.010000,0.000711,0.010464,0.386988,0
14235,1,0.010000,0.000702,0.010464,0.386831,1
14236,1,0.010000,0.000694,0.010464,0.386681,1
14237,1,0.010000,0.000685,0.010464,0.386538,1
14238,1,0.010000,0.000677,0.010464,0.386401,1
14239,1,0.010000,0.000670,0.010464,0.386271,1
14240,1,0.010000,0.000663,0.010464,0.386146,0
14241,1,0.010000,0.000656,0.010464,0.386027,1
14242,1,0.010000,0.000649,0.010464,0.385912,1
14243,1,0.010000,0.000642,0.010464,0.385802,0
14244,1,0.010000,0.000636,0.010464,0.385697,1
14245,1,0.010000,0.000630,0.010464,0.385595,1
14246,1,0.010000,0.000624,0.010464,0.385497,1
14247,1,0.010000,0.000619,0.010464,0.385403,1
14248,1,0.010000,0.000613,0.010464,0.385312,1
14249,1,0.010000,0.000608,0.010464,0.385224,0
14250,1,0.010000,0.000603,0.010464,0.385138,1
14251,1,0.010000,0.000598,0.010464,0.385056,1
14252,1,0.010000,0.000593,0.010464,0.384976,1
14253,1,0.010000,0.000588,0.010464,0.384898,1
14254,1,0.010000,0.000584,0.010464,0.384823,1
14255,1,0.010000,0.000579,0.010464,0.384749,1
14256,1,0.010000,0.000575,0.010464,0.384678,1
14257,1,0.010000,0.000571,0.010464,0.384608,1
14258,1,0.010000,0.000567,0.010464,0.384540,1
14259,1,0.010000,0.000563,0.010464,0.384473,1
14260,1,0.010000,0.000559,0.010464,0.384408,0
14261,1,0.010000,0.000555,0.010464,0.384345,1
14262,1,0.010000,0.000551,0.010464,0.384283,0
14263,1,0.010000,0.000547,0.010464,0.384222,1
14264,1,0.010000,0.000543,0.010464,0.384162,1
14265,1,0.010000,0.000540,0.010464,0.384104,1
14266,1,0.010000,0.000536,0.010464,0.384046,1
14267,1,0.010000,0.000533,0.010464,0.383990,1
14268,1,0.010000,0.000529,0.010464,0.383934,0
14269,1,0.010000,0.000526,0.010464,0.383880,1
14270,1,0.010000,0.000523,0.010464,0.383826,1
14271,1,0.010000,0.000519,0.010464,0.383773,0
14272,1,0.010000,0.000516,0.010464,0.383721,1
14273,1,0.010000,0.000513,0.010464,0.383670,1
14274,1,0.010000,0.000510,0.010464,0.383619,1
14275,1,0.010000,0.000507,0.010464,0.383569,1
14276,1,0.010000,0.000503,0.010464,0.383520,0
14277,1,0.010000,0.000500,0.010464,0.383472,1
14278,1,0.010000,0.000497,0.010464,0.383424,1
14279,1,0.010000,0.000494,0.010464,0.383377,1
14280,1,0.010000,0.000492,0.010464,0.383330,1
14281,1,0.010000,0.000489,0.010464,0.383284,0
14282,1,0.010000,0.000486,0.010464,0.383238,1
14283,1,0.010000,0.000483,0.010464,0.383193,1
14284,1,0.010000,0.000480,0.010464,0.383149,0
14285,1,0.010000,0.000477,0.010464,0.383105,1
14286,1,0.010000,0.000475,0.010464,0.383061,1
14287,1,0.010000,0.000472,0.010464,0.383018,0
14288,1,0.010000,0.000469,0.010464,0.382976,1
14289,1,0.010000,0.000467,0.010464,0.382934,1
14290,1,0.010000,0.000464,0.010464,0.382892,1
14291,1,0.010000,0.000461,0.010464,0.382851,1
14292,1,0.010000,0.000459,0.010464,0.382810,1
14293,1,0.010000,0.000456,0.010464,0.382770,1
14294,1,0.010000,0.000454,0.010464,0.382730,1
14295,1,0.010000,0.000451,0.010464,0.382690,0
14296,1,0.010000,0.000449,0.010464,0.382651,1
14297,1,0.010000,0.000446,0.010464,0.382612,1
14298,1,0.010000,0.000444,0.010464,0.382573,1
14299,1,0.010000,0.000441,0.010464,0.382535,1
14300,1,0.010000,0.000439,0.010464,0.382498,1
14301,1,0.010000,0.000436,0.010464,0.382460,1
14302,1,0.010000,0.000434,0.010464,0.382423,1
14303,1,0.010000,0.000432,0.010464,0.382386,1
14304,1,0.010000,0.000429,0.010464,0.382350,1
14305,1,0.010000,0.000427,0.010464,0.382314,1
14306,1,0.010000,0.000425,0.010464,0.382278,0
14307,1,0.010000,0.000422,0.010464,0.382243,0
14308,1,0.010000,0.000420,0.010464,0.382208,1
14309,1,0.010000,0.000418,0.010464,0.382173,1
14310,1,0.010000,0.000416,0.010464,0.382139,1
14311,1,0.010000,0.000414,0.010464,0.382104,1
14312,1,0.010000,0.000411,0.010464,0.382071,0
14313,1,0.010000,0.000409,0.010464,0.382037,1
14314,1,0.010000,0.000407,0.010464,0.382004,1
14315,1,0.010000,0.000405,0.010464,0.381971,1
14316,1,0.010000,0.000403,0.010464,0.381938,1
14317,1,0.010000,0.000401,0.010464,0.381905,1
14318,1,0.010000,0.000399,0.010464,0.381873,1
14319,1,0.010000,0.000397,0.010464,0.381841,1
14320,1,0.010000,0.000395,0.010464,0.381810,1
14321,1,0.010000,0.000392,0.010464,0.381778,1
14322,1,0.010000,0.000390,0.010464,0.381747,1
14323,1,0.010000,0.000388,0.010464,0.381716,1
14324,1,0.010000,0.000386,0.010464,0.381686,1
14325,1,0.010000,0.000385,0.010464,0.381655,1
14326,1,0.010000,0.000383,0.010464,0.381625,0
14327,1,0.010000,0.000381,0.010464,0.381596,0
14328,1,0.010000,0.000379,0.010464,0.381566,1
14329,1,0.010000,0.000377,0.010464,0.381537,0
14330,1,0.010000,0.000375,0.010464,0.381507,0
14331,1,0.010000,0.000373,0.010464,0.381479,1
14332,1,0.010000,0.000371,0.010464,0.381450,0
14333,1,0.010000,0.000369,0.010464,0.381421,0
14334,1,0.010000,0.000367,0.010464,0.381393,1
14335,1,0.010000,0.000366,0.010464,0.381365,1
14336,1,0.010000,0.000364,0.010464,0.381338,1
14337,1,0.010000,0.000362,0.010464,0.381310,1
14338,1,0.010000,0.000360,0.010464,0.381283,0
14339,1,0.010000,0.000358,0.010464,0.381256,1
14340,1,0.010000,0.000357,0.010464,0.381229,1
14341,1,0.010000,0.000355,0.010464,0.381202,1
14342,1,0.010000,0.000353,0.010464,0.381176,1
14343,1,0.010000,0.000352,0.010464,0.381149,0
14344,1,0.010000,0.000350,0.010464,0.381123,1
14345,1,0.010000,0.000348,0.010464,0.381097,0
14346,1,0.010000,0.000346,0.010464,0.381072,0
14347,1,0.010000,0.000345,0.010464,0.381046,1
14348,1,0.010000,0.000343,0.010464,0.381021,1
14349,1,0.010000,0.000341,0.010464,0.380996,1
14350,1,0.010000,0.000340,0.010464,0.380971,1
14351,1,0.010000,0.000338,0.010464,0.380946,1
14352,1,0.010000,0.000337,0.010464,0.380922,1
14353,1,0.010000,0.000335,0.010464,0.380898,1
14354,1,0.010000,0.000333,0.010464,0.380873,1
14355,1,0.010000,0.000332,0.010464,0.380849,1
14356,1,0.010000,0.000330,0.010464,0.380826,1
14357,1,0.010000,0.000329,0.010464,0.380802,1
14358,1,0.010000,0.000327,0.010464,0.380779,1
14359,1,0.010000,0.000326,0.010464,0.380755,0
14360,1,0.010000,0.000324,0.010464,0.380732,0
14361,1,0.010000,0.000323,0.010464,0.380709,1
14362,1,0.010000,0.000321,0.010464,0.380687,1
14363,1,0.010000,0.000320,0.010464,0.380664,1
14364,1,0.010000,0.000318,0.010464,0.380642,0
14365,1,0.010000,0.000317,0.010464,0.380620,1
14366,1,0.010000,0.000315,0.010464,0.380597,1
14367,1,0.010000,0.000314,0.010464,0.380576,0
14368,1,0.010000,0.000312,0.010464,0.380554,1
14369,1,0.010000,0.000311,0.010464,0.380532,1
14370,1,0.010000,0.000310,0.010464,0.380511,1
14371,1,0.010000,0.000308,0.010464,0.380489,1
14372,1,0.010000,0.000307,0.010464,0.380468,1
14373,1,0.010000,0.000305,0.010464,0.380447,1
14374,1,0.010000,0.000304,0.010464,0.380427,1
14375,1,0.010000,0.000303,0.010464,0.380406,1
14376,1,0.010000,0.000301,0.010464,0.380385,1
14377,1,0.010000,0.000300,0.010464,0.380365,1
14378,1,0.010000,0.000298,0.010464,0.380345,1
14379,1,0.010000,0.000297,0.010464,0.380325,1
14380,1,0.010000,0.000296,0.010464,0.380305,0
14381,1,0.010000,0.000295,0.010464,0.380285,1
14382,1,0.010000,0.000293,0.010464,0.380265,1
14383,1,0.010000,0.000292,0.010464,0.380246,1
14384,1,0.010000,0.000291,0.010464,0.380226,1
14385,1,0.010000,0.000289,0.010464,0.380207,0
14386,1,0.010000,0.000288,0.010464,0.380188,1
14387,1,0.010000,0.000287,0.010464,0.380169,1
14388,1,0.010000,0.000286,0.010464,0.380150,1
14389,1,0.010000,0.000284,0.010464,0.380131,1
14390,1,0.010000,0.000283,0.010464,0.380113,1
14391,1,0.010000,0.000282,0.010464,0.380094,1
14392,1,0.010000,0.000281,0.010464,0.380076,1
14393,1,0.010000,0.000279,0.010464,0.380058,1
14394,1,0.010000,0.000278,0.010464,0.380039,1
14395,1,0.010000,0.000277,0.010464,0.380021,0
14396,1,0.010000,0.000276,0.010464,0.380004,1
14397,1,0.010000,0.000275,0.010464,0.379986,1
14398,1,0.010000,0.000273,0.010464,0.379968,1
14399,1,0.010000,0.000272,0.010464,0.379951,1
14400,1,0.010000,0.000271,0.010464,0.379933,1
14401,1,0.010000,0.000270,0.010464,0.379916,1
14402,1,0.010000,0.000269,0.010464,0.379899,1
14403,1,0.010000,0.000268,0.010464,0.379882,1
14404,1,0.010000,0.000267,0.010464,0.379865,0
14405,1,0.010000,0.000265,0.010464,0.379848,1
14406,1,0.010000,0.000264,0.010464,0.379831,1
14407,1,0.010000,0.000263,0.010464,0.379815,1
14408,1,0.010000,0.000262,0.010464,0.379798,1
14409,1,0.010000,0.000261,0.010464,0.379782,1
14410,1,0.010000,0.000260,0.010464,0.379766,1
14411,1,0.010000,0.000259,0.010464,0.379750,1
14412,1,0.010000,0.000258,0.010464,0.379734,1
14413,1,0.010000,0.000257,0.010464,0.379718,1
14414,1,0.010000,0.000256,0.010464,0.379702,1
14415,1,0.010000,0.000255,0.010464,0.379686,1
14416,1,0.010000,0.000253,0.010464,0.379670,1
14417,1,0.010000,0.000252,0.010464,0.379655,0
14418,1,0.010000,0.000251,0.010464,0.379639,1
14419,1,0.010000,0.000250,0.010464,0.379624,1
14420,1,0.010000,0.000249,0.010464,0.379609,1
14421,1,0.010000,0.000248,0.010464,0.379594,1
14422,1,0.010000,0.000247,0.010464,0.379579,0
14423,1,0.010000,0.000246,0.010464,0.379564,0
14424,1,0.010000,0.000245,0.010464,0.379549,1
14425,1,0.010000,0.000244,0.010464,0.379534,1
14426,1,0.010000,0.000243,0.010464,0.379520,1
14427,1,0.010000,0.000242,0.010464,0.379505,1
14428,1,0.010000,0.000241,0.010464,0.379490,1
14429,1,0.010000,0.000240,0.010464,0.379476,1
14430,1,0.010000,0.000239,0.010464,0.379462,1
14431,1,0.010000,0.000238,0.010464,0.379448,1
14432,1,0.010000,0.000238,0.010464,0.379433,0
14433,1,0.010000,0.000237,0.010464,0.379419,0
14434,1,0.010000,0.000236,0.010464,0.379405,0
14435,1,0.010000,0.000235,0.010464,0.379392,1
14436,1,0.010000,0.000234,0.010464,0.379378,1
14437,1,0.010000,0.000233,0.010464,0.379364,0
14438,1,0.010000,0.000232,0.010464,0.379351,1
14439,1,0.010000,0.000231,0.010464,0.379337,1
14440,1,0.010000,0.000230,0.010464,0.379324,1
14441,1,0.010000,0.000229,0.010464,0.379310,0
14442,1,0.010000,0.000228,0.010464,0.379297,1
14443,1,0.010000,0.000227,0.010464,0.379284,1
14444,1,0.010000,0.000227,0.010464,0.379271,0
14445,1,0.010000,0.000226,0.010464,0.379258,1
14446,1,0.010000,0.000225,0.010464,0.379245,1
14447,1,0.010000,0.000224,0.010464,0.379232,1
14448,1,0.010000,0.000223,0.010464,0.379219,1
14449,1,0.010000,0.000222,0.010464,0.379206,1
14450,1,0.010000,0.000221,0.010464,0.379194,0
14451,1,0.010000,0.000220,0.010464,0.379181,0
14452,1,0.010000,0.000220,0.010464,0.379169,0
14453,1,0.010000,0.000219,0.010464,0.379156,1
14454,1,0.010000,0.000218,0.010464,0.379144,1
14455,1,0.010000,0.000217,0.010464,0.379132,0
14456,1,0.010000,0.000216,0.010464,0.379119,0
14457,1,0.010000,0.000215,0.010464,0.379107,1
14458,1,0.010000,0.000215,0.010464,0.379095,1
14459,1,0.010000,0.000214,0.010464,0.379083,1
14460,1,0.010000,0.000213,0.010464,0.379071,1
14461,1,0.010000,0.000212,0.010464,0.379060,1
14462,1,0.010000,0.000211,0.010464,0.379048,1
14463,1,0.010000,0.000211,0.010464,0.379036,1
14464,1,0.010000,0.000210,0.010464,0.379025,1
14465,1,0.010000,0.000209,0.010464,0.379013,0
14466,1,0.010000,0.000208,0.010464,0.379001,0
14467,1,0.010000,0.000207,0.010464,0.378990,1
14468,1,0.010000,0.000207,0.010464,0.378979,1
14469,1,0.010000,0.000206,0.010464,0.378967,1
14470,1,0.010000,0.000205,0.010464,0.378956,1
14471,1,0.010000,0.000204,0.010464,0.378945,0
14472,1,0.010000,0.000204,0.010464,0.378934,1
14473,1,0.010000,0.000203,0.010464,0.378923,1
14474,1,0.010000,0.000202,0.010464,0.378912,1
14475,1,0.010000,0.000201,0.010464,0.378901,1
14476,1,0.010000,0.000201,0.010464,0.378890,1
14477,1,0.010000,0.000200,0.010464,0.378879,1
14478,1,0.010000,0.000199,0.010464,0.378869,0
14479,1,0.010000,0.000198,0.010464,0.378858,1
14480,1,0.010000,0.000198,0.010464,0.378847,1
14481,1,0.010000,0.000197,0.010464,0.378837,1
14482,1,0.010000,0.000196,0.010464,0.378826,1
14483,1,0.010000,0.000196,0.010464,0.378816,1
14484,1,0.010000,0.000195,0.010464,0.378806,1
14485,1,0.010000,0.000194,0.010464,0.378795,1
14486,1,0.010000,0.000193,0.010464,0.378785,1
14487,1,0.010000,0.000193,0.010464,0.378775,1
14488,1,0.010000,0.000192,0.010464,0.378765,1
14489,1,0.010000,0.000191,0.010464,0.378755,0
14490,1,0.010000,0.000191,0.010464,0.378745,0
14491,1,0.010000,0.000190,0.010464,0.378735,0
14492,1,0.010000,0.000189,0.010464,0.378725,1
14493,1,0.010000,0.000189,0.010464,0.378715,1
14494,1,0.010000,0.000188,0.010464,0.378705,1
14495,1,0.010000,0.000187,0.010464,0.378695,1
14496,1,0.010000,0.000187,0.010464,0.378686,0
14497,1,0.010000,0.000186,0.010464,0.378676,1
14498,1,0.010000,0.000185,0.010464,0.378666,1
14499,1,0.010000,0.000185,0.010464,0.378657,1
14500,1,0.010000,0.000184,0.010464,0.378647,1
14501,1,0.010000,0.000183,0.010464,0.378638,1
14502,1,0.010000,0.000183,0.010464,0.378628,0
14503,1,0.010000,0.000182,0.010464,0.378619,1
14504,1,0.010000,0.000182,0.010464,0.378610,1
14505,1,0.010000,0.000181,0.010464,0.378601,1
14506,1,0.010000,0.000180,0.010464,0.378591,0
14507,1,0.010000,0.000180,0.010464,0.378582,1
14508,1,0.010000,0.000179,0.010464,0.378573,1
14509,1,0.010000,0.000178,0.010464,0.378564,1
14510,1,0.010000,0.000178,0.010464,0.378555,1
14511,1,0.010000,0.000177,0.010464,0.378546,1
14512,1,0.010000,0.000177,0.010464,0.378537,1
14513,1,0.010000,0.000176,0.010464,0.378529,1
14514,1,0.010000,0.000175,0.010464,0.378520,1
14515,1,0.010000,0.000175,0.010464,0.378511,1
14516,1,0.010000,0.000174,0.010464,0.378502,1
14517,1,0.010000,0.000174,0.010464,0.378494,1
14518,1,0.010000,0.000173,0.010464,0.378485,1
14519,1,0.010000,0.000172,0.010464,0.378476,1
14520,1,0.010000,0.000172,0.010464,0.378468,1
14521,1,0.010000,0.000171,0.010464,0.378459,1
14522,1,0.010000,0.000171,0.010464,0.378451,1
14523,1,0.010000,0.000170,0.010464,0.378443,1
14524,1,0.010000,0.000169,0.010464,0.378434,1
14525,1,0.010000,0.000169,0.010464,0.378426,0
14526,1,0.010000,0.000168,0.010464,0.378418,1
14527,1,0.010000,0.000168,0.010464,0.378410,1
14528,1,0.010000,0.000167,0.010464,0.378401,1
14529,1,0.010000,0.000167,0.010464,0.378393,1
14530,1,0.010000,0.000166,0.010464,0.378385,1
14531,1,0.010000,0.000166,0.010464,0.378377,1
14532,1,0.010000,0.000165,0.010464,0.378369,1
14533,1,0.010000,0.000164,0.010464,0.378361,1
14534,1,0.010000,0.000164,0.010464,0.378353,1
14535,1,0.010000,0.000163,0.010464,0.378345,1
14536,1,0.010000,0.000163,0.010464,0.378338,0
14537,1,0.010000,0.000162,0.010464,0.378330,1
14538,1,0.010000,0.000162,0.010464,0.378322,1
14539,1,0.010000,0.000161,0.010464,0.378314,1
14540,1,0.010000,0.000161,0.010464,0.378307,1
14541,1,0.010000,0.000160,0.010464,0.378299,1
14542,1,0.010000,0.000160,0.010464,0.378291,1
14543,1,0.010000,0.000159,0.010464,0.378284,1
14544,1,0.010000,0.000159,0.010464,0.378276,1
14545,1,0.010000,0.000158,0.010464,0.378269,1
14546,1,0.010000,0.000158,0.010464,0.378261,1
14547,1,0.010000,0.000157,0.010464,0.378254,1
14548,1,0.010000,0.000157,0.010464,0.378247,1
14549,1,0.010000,0.000156,0.010464,0.378239,1
14550,1,0.010000,0.000156,0.010464,0.378232,1
14551,1,0.010000,0.000155,0.010464,0.378225,1
14552,1,0.010000,0.000155,0.010464,0.378217,0
14553,1,0.010000,0.000154,0.010464,0.378210,0
14554,1,0.010000,0.000154,0.010464,0.378203,0
14555,1,0.010000,0.000153,0.010464,0.378196,1
14556,1,0.010000,0.000153,0.010464,0.378189,1
14557,1,0.010000,0.000152,0.010464,0.378182,1
14558,1,0.010000,0.000152,0.010464,0.378175,1
14559,1,0.010000,0.000151,0.010464,0.378168,0
14560,1,0.010000,0.000151,0.010464,0.378161,1
14561,1,0.010000,0.000150,0.010464,0.378154,1
14562,1,0.010000,0.000150,0.010464,0.378147,1
14563,1,0.010000,0.000149,0.010464,0.378140,1
14564,1,0.010000,0.000149,0.010464,0.378133,1
14565,1,0.010000,0.000148,0.010464,0.378127,0
14566,1,0.010000,0.000148,0.010464,0.378120,1
14567,1,0.010000,0.000147,0.010464,0.378113,0
14568,1,0.010000,0.000147,0.010464,0.378106,1
14569,1,0.010000,0.000146,0.010464,0.378100,1
14570,1,0.010000,0.000146,0.010464,0.378093,1
14571,1,0.010000,0.000145,0.010464,0.378086,1
14572,1,0.010000,0.000145,0.010464,0.378080,1
14573,1,0.010000,0.000145,0.010464,0.378073,1
14574,1,0.010000,0.000144,0.010464,0.378067,1
14575,1,0.010000,0.000144,0.010464,0.378060,1
14576,1,0.010000,0.000143,0.010464,0.378054,1
14577,1,0.010000,0.000143,0.010464,0.378048,1
14578,1,0.010000,0.000142,0.010464,0.378041,1
14579,1,0.010000,0.000142,0.010464,0.378035,1
14580,1,0.010000,0.000141,0.010464,0.378029,1
14581,1,0.010000,0.000141,0.010464,0.378022,1
14582,1,0.010000,0.000141,0.010464,0.378016,0
14583,1,0.010000,0.000140,0.010464,0.378010,1
14584,1,0.010000,0.000140,0.010464,0.378004,1
14585,1,0.010000,0.000139,0.010464,0.377997,0
14586,1,0.010000,0.000139,0.010464,0.377991,1
14587,1,0.010000,0.000138,0.010464,0.377985,0
14588,1,0.010000,0.000138,0.010464,0.377979,1
14589,1,0.010000,0.000138,0.010464,0.377973,1
14590,1,0.010000,0.000137,0.010464,0.377967,1
14591,1,0.010000,0.000137,0.010464,0.377961,1
14592,1,0.010000,0.000136,0.010464,0.377955,0
14593,1,0.010000,0.000136,0.010464,0.377949,1
14594,1,0.010000,0.000136,0.010464,0.377943,1
14595,1,0.010000,0.000135,0.010464,0.377937,0
14596,1,0.010000,0.000135,0.010464,0.377932,1
14597,1,0.010000,0.000134,0.010464,0.377926,0
14598,1,0.010000,0.000134,0.010464,0.377920,1
14599,1,0.010000,0.000134,0.010464,0.377914,1
14600,1,0.010000,0.000133,0.010464,0.377908,1
14601,1,0.010000,0.000133,0.010464,0.377903,0
14602,1,0.010000,0.000132,0.010464,0.377897,1
14603,1,0.010000,0.000132,0.010464,0.377891,1
14604,1,0.010000,0.000132,0.010464,0.377886,1
14605,1,0.010000,0.000131,0.010464,0.377880,0
14606,1,0.010000,0.000131,0.010464,0.377874,1
14607,1,0.010000,0.000130,0.010464,0.377869,1
14608,1,0.010000,0.000130,0.010464,0.377863,0
14609,1,0.010000,0.000130,0.010464,0.377858,1
14610,1,0.010000,0.000129,0.010464,0.377852,1
14611,1,0.010000,0.000129,0.010464,0.377847,1
14612,1,0.010000,0.000128,0.010464,0.377841,1
14613,1,0.010000,0.000128,0.010464,0.377836,1
14614,1,0.010000,0.000128,0.010464,0.377831,1
14615,1,0.010000,0.000127,0.010464,0.377825,1
14616,1,0.010000,0.000127,0.010464,0.377820,1
14617,1,0.010000,0.000127,0.010464,0.377815,0
14618,1,0.010000,0.000126,0.010464,0.377809,1
14619,1,0.010000,0.000126,0.010464,0.377804,1
14620,1,0.010000,0.000126,0.010464,0.377799,1
14621,1,0.010000,0.000125,0.010464,0.377794,1
14622,1,0.010000,0.000125,0.010464,0.377788,1
14623,1,0.010000,0.000124,0.010464,0.377783,1
14624,1,0.010000,0.000124,0.010464,0.377778,1
14625,1,0.010000,0.000124,0.010464,0.377773,1
14626,1,0.010000,0.000123,0.010464,0.377768,1
14627,1,0.010000,0.000123,0.010464,0.377763,1
14628,1,0.010000,0.000123,0.010464,0.377758,1
14629,1,0.010000,0.000122,0.010464,0.377753,1
14630,1,0.010000,0.000122,0.010464,0.377748,1
14631,1,0.010000,0.000122,0.010464,0.377743,1
14632,1,0.010000,0.000121,0.010464,0.377738,1
14633,1,0.010000,0.000121,0.010464,0.377733,1
14634,1,0.010000,0.000121,0.010464,0.377728,1
14635,1,0.010000,0.000120,0.010464,0.377723,1
14636,1,0.010000,0.000120,0.010464,0.377718,1
14637,1,0.010000,0.000120,0.010464,0.377713,1
14638,1,0.010000,0.000119,0.010464,0.377708,1
14639,1,0.010000,0.000119,0.010464,0.377703,1
14640,1,0.010000,0.000119,0.010464,0.377699,1
14641,1,0.010000,0.000118,0.010464,0.377694,1
14642,1,0.010000,0.000118,0.010464,0.377689,0
14643,1,0.010000,0.000118,0.010464,0.377684,1
14644,1,0.010000,0.000117,0.010464,0.377680,1
14645,1,0.010000,0.000117,0.010464,0.377675,1
14646,1,0.010000,0.000117,0.010464,0.377670,1
14647,1,0.010000,0.000116,0.010464,0.377666,1
14648,1,0.010000,0.000116,0.010464,0.377661,1
14649,1,0.010000,0.000116,0.010464,0.377656,1
14650,1,0.010000,0.000115,0.010464,0.377652,0
14651,1,0.010000,0.000115,0.010464,0.377647,1
14652,1,0.010000,0.000115,0.010464,0.377643,1
14653,1,0.010000,0.000114,0.010464,0.377638,1
14654,1,0.010000,0.000114,0.010464,0.377633,1
14655,1,0.010000,0.000114,0.010464,0.377629,1
14656,1,0.010000,0.000113,0.010464,0.377624,0
14657,1,0.010000,0.000113,0.010464,0.377620,0
14658,1,0.010000,0.000113,0.010464,0.377616,1
14659,1,0.010000,0.000112,0.010464,0.377611,0
14660,1,0.010000,0.000112,0.010464,0.377607,1
14661,1,0.010000,0.000112,0.010464,0.377602,1
14662,1,0.010000,0.000112,0.010464,0.377598,1
14663,1,0.010000,0.000111,0.010464,0.377594,1
14664,1,0.010000,0.000111,0.010464,0.377589,1
14665,1,0.010000,0.000111,0.010464,0.377585,0
14666,1,0.010000,0.000110,0.010464,0.377581,1
14667,1,0.010000,0.000110,0.010464,0.377576,1
14668,1,0.010000,0.000110,0.010464,0.377572,0
14669,1,0.010000,0.000109,0.010464,0.377568,1
14670,1,0.010000,0.000109,0.010464,0.377564,1
14671,1,0.010000,0.000109,0.010464,0.377559,1
14672,1,0.010000,0.000109,0.010464,0.377555,1
14673,1,0.010000,0.000108,0.010464,0.377551,0
14674,1,0.010000,0.000108,0.010464,0.377547,1
14675,1,0.010000,0.000108,0.010464,0.377543,1
14676,1,0.010000,0.000107,0.010464,0.377539,1
14677,1,0.010000,0.000107,0.010464,0.377534,0
14678,1,0.010000,0.000107,0.010464,0.377530,1
14679,1,0.010000,0.000106,0.010464,0.377526,1
14680,1,0.010000,0.000106,0.010464,0.377522,1
14681,1,0.010000,0.000106,0.010464,0.377518,1
14682,1,0.010000,0.000106,0.010464,0.377514,0
14683,1,0.010000,0.000105,0.010464,0.377510,1
14684,1,0.010000,0.000105,0.010464,0.377506,1
14685,1,0.010000,0.000105,0.010464,0.377502,0
14686,1,0.010000,0.000105,0.010464,0.377498,1
14687,1,0.010000,0.000104,0.010464,0.377494,1
14688,1,0.010000,0.000104,0.010464,0.377490,1
14689,1,0.010000,0.000104,0.010464,0.377486,1
14690,1,0.010000,0.000103,0.010464,0.377482,0
14691,1,0.010000,0.000103,0.010464,0.377479,1
14692,1,0.010000,0.000103,0.010464,0.377475,1
14693,1,0.010000,0.000103,0.010464,0.377471,0
14694,1,0.010000,0.000102,0.010464,0.377467,1
14695,1,0.010000,0.000102,0.010464,0.377463,0
14696,1,0.010000,0.000102,0.010464,0.377459,1
14697,1,0.010000,0.000102,0.010464,0.377456,1
14698,1,0.010000,0.000101,0.010464,0.377452,1
14699,1,0.010000,0.000101,0.010464,0.377448,1
14700,1,0.010000,0.000101,0.010464,0.377444,1
14701,1,0.010000,0.000101,0.010464,0.377441,1
14702,1,0.010000,0.000100,0.010464,0.377437,1
14703,1,0.010000,0.000100,0.010464,0.377433,1
14704,1,0.010000,0.000100,0.010464,0.377429,1
14705,1,0.010000,0.000099,0.010464,0.377426,1
14706,1,0.010000,0.000099,0.010464,0.377422,1
14707,1,0.010000,0.000099,0.010464,0.377419,0
14708,1,0.010000,0.000099,0.010464,0.377415,1
14709,1,0.010000,0.000098,0.010464,0.377411,1
14710,1,0.010000,0.000098,0.010464,0.377408,1
14711,1,0.010000,0.000098,0.010464,0.377404,1
14712,1,0.010000,0.000098,0.010464,0.377401,1
14713,1,0.010000,0.000097,0.010464,0.377397,1
14714,1,0.010000,0.000097,0.010464,0.377393,1
14715,1,0.010000,0.000097,0.010464,0.377390,1
14716,1,0.010000,0.000097,0.010464,0.377386,1
14717,1,0.010000,0.000096,0.010464,0.377383,1
14718,1,0.010000,0.000096,0.010464,0.377379,0
14719,1,0.010000,0.000096,0.010464,0.377376,1
14720,1,0.010000,0.000096,0.010464,0.377372,1
14721,1,0.010000,0.000095,0.010464,0.377369,1
14722,1,0.010000,0.000095,0.010464,0.377366,1
14723,1,0.010000,0.000095,0.010464,0.377362,1
14724,1,0.010000,0.000095,0.010464,0.377359,1
14725,1,0.010000,0.000095,0.010464,0.377355,1
14726,1,0.010000,0.000094,0.010464,0.377352,1
14727,1,0.010000,0.000094,0.010464,0.377349,0
14728,1,0.010000,0.000094,0.010464,0.377345,0
14729,1,0.010000,0.000094,0.010464,0.377342,1
14730,1,0.010000,0.000093,0.010464,0.377338,1
14731,1,0.010000,0.000093,0.010464,0.377335,1
14732,1,0.010000,0.000093,0.010464,0.377332,1
14733,1,0.010000,0.000093,0.010464,0.377329,1
14734,1,0.010000,0.000092,0.010464,0.377325,0
14735,1,0.010000,0.000092,0.010464,0.377322,0
14736,1,0.010000,0.000092,0.010464,0.377319,1
14737,1,0.010000,0.000092,0.010464,0.377316,1
14738,1,0.010000,0.000092,0.010464,0.377312,1
14739,1,0.010000,0.000091,0.010464,0.377309,1
14740,1,0.010000,0.000091,0.010464,0.377306,1
14741,1,0.010000,0.000091,0.010464,0.377303,1
14742,1,0.010000,0.000091,0.010464,0.377300,1
14743,1,0.010000,0.000090,0.010464,0.377296,1
14744,1,0.010000,0.000090,0.010464,0.377293,1
14745,1,0.010000,0.000090,0.010464,0.377290,1
14746,1,0.010000,0.000090,0.010464,0.377287,0
14747,1,0.010000,0.000089,0.010464,0.377284,0
14748,1,0.010000,0.000089,0.010464,0.377281,1
14749,1,0.010000,0.000089,0.010464,0.377278,1
14750,1,0.010000,0.000089,0.010464,0.377274,1
14751,1,0.010000,0.000089,0.010464,0.377271,1
14752,1,0.010000,0.000088,0.010464,0.377268,0
14753,1,0.010000,0.000088,0.010464,0.377265,1
14754,1,0.010000,0.000088,0.010464,0.377262,1
14755,1,0.010000,0.000088,0.010464,0.377259,0
14756,1,0.010000,0.000088,0.010464,0.377256,1
14757,1,0.010000,0.000087,0.010464,0.377253,1
14758,1,0.010000,0.000087,0.010464,0.377250,1
14759,1,0.010000,0.000087,0.010464,0.377247,1
14760,1,0.010000,0.000087,0.010464,0.377244,1
14761,1,0.010000,0.000086,0.010464,0.377241,0
14762,1,0.010000,0.000086,0.010464,0.377238,1
14763,1,0.010000,0.000086,0.010464,0.377235,1
14764,1,0.010000,0.000086,0.010464,0.377232,1
14765,1,0.010000,0.000086,0.010464,0.377229,1
14766,1,0.010000,0.000085,0.010464,0.377226,1
14767,1,0.010000,0.000085,0.010464,0.377224,0
14768,1,0.010000,0.000085,0.010464,0.377221,1
14769,1,0.010000,0.000085,0.010464,0.377218,1
14770,1,0.010000,0.000085,0.010464,0.377215,1
14771,1,0.010000,0.000084,0.010464,0.377212,1
14772,1,0.010000,0.000084,0.010464,0.377209,1
14773,1,0.010000,0.000084,0.010464,0.377206,1
14774,1,0.010000,0.000084,0.010464,0.377204,1
14775,1,0.010000,0.000084,0.010464,0.377201,0
14776,1,0.010000,0.000083,0.010464,0.377198,0
14777,1,0.010000,0.000083,0.010464,0.377195,0
14778,1,0.010000,0.000083,0.010464,0.377192,1
14779,1,0.010000,0.000083,0.010464,0.377190,1
14780,1,0.010000,0.000083,0.010464,0.377187,1
14781,1,0.010000,0.000082,0.010464,0.377184,1
14782,1,0.010000,0.000082,0.010464,0.377181,1
14783,1,0.010000,0.000082,0.010464,0.377178,1
14784,1,0.010000,0.000082,0.010464,0.377176,1
14785,1,0.010000,0.000082,0.010464,0.377173,0
14786,1,0.010000,0.000082,0.010464,0.377170,1
14787,1,0.010000,0.000081,0.010464,0.377168,1
14788,1,0.010000,0.000081,0.010464,0.377165,0
14789,1,0.010000,0.000081,0.010464,0.377162,1
14790,1,0.010000,0.000081,0.010464,0.377160,1
14791,1,0.010000,0.000081,0.010464,0.377157,1
14792,1,0.010000,0.000080,0.010464,0.377154,1
14793,1,0.010000,0.000080,0.010464,0.377152,1
14794,1,0.010000,0.000080,0.010464,0.377149,1
14795,1,0.010000,0.000080,0.010464,0.377146,1
14796,1,0.010000,0.000080,0.010464,0.377144,1
14797,1,0.010000,0.000079,0.010464,0.377141,1
14798,1,0.010000,0.000079,0.010464,0.377138,1
14799,1,0.010000,0.000079,0.010464,0.377136,1
14800,1,0.010000,0.000079,0.010464,0.377133,1
14801,1,0.010000,0.000079,0.010464,0.377131,1
14802,1,0.010000,0.000079,0.010464,0.377128,1
14803,1,0.010000,0.000078,0.010464,0.377126,1
14804,1,0.010000,0.000078,0.010464,0.377123,1
14805,1,0.010000,0.000078,0.010464,0.377121,0
14806,1,0.010000,0.000078,0.010464,0.377118,1
14807,1,0.010000,0.000078,0.010464,0.377115,0
14808,1,0.010000,0.000077,0.010464,0.377113,1
14809,1,0.010000,0.000077,0.010464,0.377110,0
14810,1,0.010000,0.000077,0.010464,0.377108,0
14811,1,0.010000,0.000077,0.010464,0.377106,1
14812,1,0.010000,0.000077,0.010464,0.377103,1
14813,1,0.010000,0.000077,0.010464,0.377101,1
14814,1,0.010000,0.000076,0.010464,0.377098,1
14815,1,0.010000,0.000076,0.010464,0.377096,1
14816,1,0.010000,0.000076,0.010464,0.377093,1
14817,1,0.010000,0.000076,0.010464,0.377091,1
14818,1,0.010000,0.000076,0.010464,0.377088,1
14819,1,0.010000,0.000076,0.010464,0.377086,1
14820,1,0.010000,0.000075,0.010464,0.377084,1
14821,1,0.010000,0.000075,0.010464,0.377081,1
14822,1,0.010000,0.000075,0.010464,0.377079,1
14823,1,0.010000,0.000075,0.010464,0.377076,1
14824,1,0.010000,0.000075,0.010464,0.377074,1
14825,1,0.010000,0.000075,0.010464,0.377072,1
14826,1,0.010000,0.000074,0.010464,0.377069,1
14827,1,0.010000,0.000074,0.010464,0.377067,1
14828,1,0.010000,0.000074,0.010464,0.377065,1
14829,1,0.010000,0.000074,0.010464,0.377062,1
14830,1,0.010000,0.000074,0.010464,0.377060,1
14831,1,0.010000,0.000074,0.010464,0.377058,1
14832,1,0.010000,0.000073,0.010464,0.377055,0
14833,1,0.010000,0.000073,0.010464,0.377053,1
14834,1,0.010000,0.000073,0.010464,0.377051,1
14835,1,0.010000,0.000073,0.010464,0.377048,1
14836,1,0.010000,0.000073,0.010464,0.377046,1
14837,1,0.010000,0.000073,0.010464,0.377044,1
14838,1,0.010000,0.000072,0.010464,0.377042,1
14839,1,0.010000,0.000072,0.010464,0.377039,0
14840,1,0.010000,0.000072,0.010464,0.377037,1
14841,1,0.010000,0.000072,0.010464,0.377035,1
14842,1,0.010000,0.000072,0.010464,0.377033,1
14843,1,0.010000,0.000072,0.010464,0.377030,1
14844,1,0.010000,0.000071,0.010464,0.377028,1
14845,1,0.010000,0.000071,0.010464,0.377026,1
14846,1,0.010000,0.000071,0.010464,0.377024,1
14847,1,0.010000,0.000071,0.010464,0.377022,1
14848,1,0.010000,0.000071,0.010464,0.377019,0
14849,1,0.010000,0.000071,0.010464,0.377017,1
14850,1,0.010000,0.000071,0.010464,0.377015,1
14851,1,0.010000,0.000070,0.010464,0.377013,1
14852,1,0.010000,0.000070,0.010464,0.377011,0
14853,1,0.010000,0.000070,0.010464,0.377009,1
14854,1,0.010000,0.000070,0.010464,0.377007,1
14855,1,0.010000,0.000070,0.010464,0.377004,1
14856,1,0.010000,0.000070,0.010464,0.377002,1
14857,1,0.010000,0.000070,0.010464,0.377000,1
14858,1,0.010000,0.000069,0.010464,0.376998,1
14859,1,0.010000,0.000069,0.010464,0.376996,1
14860,1,0.010000,0.000069,0.010464,0.376994,0
14861,1,0.010000,0.000069,0.010464,0.376992,0
14862,1,0.010000,0.000069,0.010464,0.376990,1
14863,1,0.010000,0.000069,0.010464,0.376988,1
14864,1,0.010000,0.000068,0.010464,0.376986,1
14865,1,0.010000,0.000068,0.010464,0.376983,1
14866,1,0.010000,0.000068,0.010464,0.376981,1
14867,1,0.010000,0.000068,0.010464,0.376979,1
14868,1,0.010000,0.000068,0.010464,0.376977,1
14869,1,0.010000,0.000068,0.010464,0.376975,1
14870,1,0.010000,0.000068,0.010464,0.376973,1
14871,1,0.010000,0.000067,0.010464,0.376971,1
14872,1,0.010000,0.000067,0.010464,0.376969,0
14873,1,0.010000,0.000067,0.010464,0.376967,1
14874,1,0.010000,0.000067,0.010464,0.376965,1
14875,1,0.010000,0.000067,0.010464,0.376963,1
14876,1,0.010000,0.000067,0.010464,0.376961,1
14877,1,0.010000,0.000067,0.010464,0.376959,1
14878,1,0.010000,0.000066,0.010464,0.376957,1
14879,1,0.010000,0.000066,0.010464,0.376955,1
14880,1,0.010000,0.000066,0.010464,0.376953,1
14881,1,0.010000,0.000066,0.010464,0.376951,1
14882,1,0.010000,0.000066,0.010464,0.376949,1
14883,1,0.010000,0.000066,0.010464,0.376947,1
14884,1,0.010000,0.000066,0.010464,0.376945,1
14885,1,0.010000,0.000065,0.010464,0.376943,1
14886,1,0.010000,0.000065,0.010464,0.376941,0
14887,1,0.010000,0.000065,0.010464,0.376939,1
14888,1,0.010000,0.000065,0.010464,0.376937,1
14889,1,0.010000,0.000065,0.010464,0.376936,1
14890,1,0.010000,0.000065,0.010464,0.376934,1
14891,1,0.010000,0.000065,0.010464,0.376932,0
14892,1,0.010000,0.000065,0.010464,0.376930,1
14893,1,0.010000,0.000064,0.010464,0.376928,1
14894,1,0.010000,0.000064,0.010464,0.376926,0
14895,1,0.010000,0.000064,0.010464,0.376924,0
14896,1,0.010000,0.000064,0.010464,0.376922,1
14897,1,0.010000,0.000064,0.010464,0.376920,1
14898,1,0.010000,0.000064,0.010464,0.376919,0
14899,1,0.010000,0.000064,0.010464,0.376917,1
14900,1,0.010000,0.000063,0.010464,0.376915,0
14901,1,0.010000,0.000063,0.010464,0.376913,1
14902,1,0.010000,0.000063,0.010464,0.376911,1
14903,1,0.010000,0.000063,0.010464,0.376909,1
14904,1,0.010000,0.000063,0.010464,0.376907,1
14905,1,0.010000,0.000063,0.010464,0.376906,1
14906,1,0.010000,0.000063,0.010464,0.376904,1
14907,1,0.010000,0.000063,0.010464,0.376902,1
14908,1,0.010000,0.000062,0.010464,0.376900,1
14909,1,0.010000,0.000062,0.010464,0.376898,1
14910,1,0.010000,0.000062,0.010464,0.376897,1
14911,1,0.010000,0.000062,0.010464,0.376895,1
14912,1,0.010000,0.000062,0.010464,0.376893,1
14913,1,0.010000,0.000062,0.010464,0.376891,1
14914,1,0.010000,0.000062,0.010464,0.376889,1
14915,1,0.010000,0.000062,0.010464,0.376888,1
14916,1,0.010000,0.000061,0.010464,0.376886,1
14917,1,0.010000,0.000061,0.010464,0.376884,1
14918,1,0.010000,0.000061,0.010464,0.376882,1
14919,1,0.010000,0.000061,0.010464,0.376881,1
14920,1,0.010000,0.000061,0.010464,0.376879,1
14921,1,0.010000,0.000061,0.010464,0.376877,1
14922,1,0.010000,0.000061,0.010464,0.376875,1
14923,1,0.010000,0.000061,0.010464,0.376874,1
14924,1,0.010000,0.000060,0.010464,0.376872,1
14925,1,0.010000,0.000060,0.010464,0.376870,1
14926,1,0.010000,0.000060,0.010464,0.376869,1
14927,1,0.010000,0.000060,0.010464,0.376867,1
14928,1,0.010000,0.000060,0.010464,0.376865,1
14929,1,0.010000,0.000060,0.010464,0.376863,1
14930,1,0.010000,0.000060,0.010464,0.376862,1
14931,1,0.010000,0.000060,0.010464,0.376860,1
14932,1,0.010000,0.000059,0.010464,0.376858,1
14933,1,0.010000,0.000059,0.010464,0.376857,1
14934,1,0.010000,0.000059,0.010464,0.376855,1
14935,1,0.010000,0.000059,0.010464,0.376853,1
14936,1,0.010000,0.000059,0.010464,0.376852,0
14937,1,0.010000,0.000059,0.010464,0.376850,1
14938,1,0.010000,0.000059,0.010464,0.376848,1
14939,1,0.010000,0.000059,0.010464,0.376847,1
14940,1,0.010000,0.000059,0.010464,0.376845,0
14941,1,0.010000,0.000058,0.010464,0.376844,1
14942,1,0.010000,0.000058,0.010464,0.376842,1
14943,1,0.010000,0.000058,0.010464,0.376840,1
14944,1,0.010000,0.000058,0.010464,0.376839,1
14945,1,0.010000,0.000058,0.010464,0.376837,1
14946,1,0.010000,0.000058,0.010464,0.376835,1
14947,1,0.010000,0.000058,0.010464,0.376834,1
14948,1,0.010000,0.000058,0.010464,0.376832,1
14949,1,0.010000,0.000058,0.010464,0.376831,1
14950,1,0.010000,0.000057,0.010464,0.376829,1
14951,1,0.010000,0.000057,0.010464,0.376827,1
14952,1,0.010000,0.000057,0.010464,0.376826,1
14953,1,0.010000,0.000057,0.010464,0.376824,1
14954,1,0.010000,0.000057,0.010464,0.376823,0
14955,1,0.010000,0.000057,0.010464,0.376821,1
14956,1,0.010000,0.000057,0.010464,0.376820,0
14957,1,0.010000,0.000057,0.010464,0.376818,1
14958,1,0.010000,0.000057,0.010464,0.376816,1
14959,1,0.010000,0.000056,0.010464,0.376815,1
14960,1,0.010000,0.000056,0.010464,0.376813,0
14961,1,0.010000,0.000056,0.010464,0.376812,1
14962,1,0.010000,0.000056,0.010464,0.376810,1
14963,1,0.010000,0.000056,0.010464,0.376809,1
14964,1,0.010000,0.000056,0.010464,0.376807,1
14965,1,0.010000,0.000056,0.010464,0.376806,1
14966,1,0.010000,0.000056,0.010464,0.376804,1
14967,1,0.010000,0.000056,0.010464,0.376803,1
14968,1,0.010000,0.000055,0.010464,0.376801,1
14969,1,0.010000,0.000055,0.010464,0.376800,1
14970,1,0.010000,0.000055,0.010464,0.376798,1
14971,1,0.010000,0.000055,0.010464,0.376797,1
14972,1,0.010000,0.000055,0.010464,0.376795,1
14973,1,0.010000,0.000055,0.010464,0.376794,1
14974,1,0.010000,0.000055,0.010464,0.376792,1
14975,1,0.010000,0.000055,0.010464,0.376791,1
14976,1,0.010000,0.000055,0.010464,0.376789,1
14977,1,0.010000,0.000054,0.010464,0.376788,1
14978,1,0.010000,0.000054,0.010464,0.376786,1
14979,1,0.010000,0.000054,0.010464,0.376785,1
14980,1,0.010000,0.000054,0.010464,0.376784,1
14981,1,0.010000,0.000054,0.010464,0.376782,1
14982,1,0.010000,0.000054,0.010464,0.376781,1
14983,1,0.010000,0.000054,0.010464,0.376779,1
14984,1,0.010000,0.000054,0.010464,0.376778,1
14985,1,0.010000,0.000054,0.010464,0.376776,1
14986,1,0.010000,0.000054,0.010464,0.376775,1
14987,1,0.010000,0.000053,0.010464,0.376773,1
14988,1,0.010000,0.000053,0.010464,0.376772,1
14989,1,0.010000,0.000053,0.010464,0.376771,1
14990,1,0.010000,0.000053,0.010464,0.376769,1
14991,1,0.010000,0.000053,0.010464,0.376768,1
14992,1,0.010000,0.000053,0.010464,0.376766,0
14993,1,0.010000,0.000053,0.010464,0.376765,0
14994,1,0.010000,0.000053,0.010464,0.376764,1
14995,1,0.010000,0.000053,0.010464,0.376762,0
14996,1,0.010000,0.000053,0.010464,0.376761,1
14997,1,0.010000,0.000052,0.010464,0.376759,1
14998,1,0.010000,0.000052,0.010464,0.376758,1
14999,1,0.010000,0.000052,0.010464,0.376757,0
15000,1,0.010000,0.000052,0.010464,0.376755,1
15001,1,0.010000,0.000052,0.010464,0.376754,1
15002,1,0.010000,0.000052,0.010464,0.376753,1
15003,1,0.010000,0.000052,0.010464,0.376751,1
15004,1,0.010000,0.000052,0.010464,0.376750,1
15005,1,0.010000,0.000052,0.010464,0.376748,1
15006,1,0.010000,0.000052,0.010464,0.376747,1
15007,1,0.010000,0.000051,0.010464,0.376746,1
15008,1,0.010000,0.000051,0.010464,0.376744,0
15009,1,0.010000,0.000051,0.010464,0.376743,1
15010,1,0.010000,0.000051,0.010464,0.376742,1
15011,1,0.010000,0.000051,0.010464,0.376740,1
15012,1,0.010000,0.000051,0.010464,0.376739,1
15013,1,0.010000,0.000051,0.010464,0.376738,1
15014,1,0.010000,0.000051,0.010464,0.376736,1
15015,1,0.010000,0.000051,0.010464,0.376735,1
15016,1,0.010000,0.000051,0.010464,0.376734,1
15017,1,0.010000,0.000051,0.010464,0.376732,0
15018,1,0.010000,0.000050,0.010464,0.376731,1
15019,1,0.010000,0.000050,0.010464,0.376730,1
15020,1,0.010000,0.000050,0.010464,0.376729,0
15021,1,0.010000,0.000050,0.010464,0.376727,1
15022,1,0.010000,0.000050,0.010464,0.376726,1
15023,1,0.010000,0.000050,0.010464,0.376725,1
15024,1,0.010000,0.000050,0.010464,0.376723,1
15025,1,0.010000,0.000050,0.010464,0.376722,0
15026,1,0.010000,0.000050,0.010464,0.376721,1
15027,1,0.010000,0.000050,0.010464,0.376720,1
15028,1,0.010000,0.000050,0.010464,0.376718,1
15029,1,0.010000,0.000049,0.010464,0.376717,1
15030,1,0.010000,0.000049,0.010464,0.376716,1
15031,1,0.010000,0.000049,0.010464,0.376715,1
15032,1,0.010000,0.000049,0.010464,0.376713,0
15033,1,0.010000,0.000049,0.010464,0.376712,1
15034,1,0.010000,0.000049,0.010464,0.376711,1
15035,1,0.010000,0.000049,0.010464,0.376709,1
15036,1,0.010000,0.000049,0.010464,0.376708,1
15037,1,0.010000,0.000049,0.010464,0.376707,1
15038,1,0.010000,0.000049,0.010464,0.376706,1
15039,1,0.010000,0.000049,0.010464,0.376705,1
15040,1,0.010000,0.000048,0.010464,0.376703,1
15041,1,0.010000,0.000048,0.010464,0.376702,1
15042,1,0.010000,0.000048,0.010464,0.376701,1
15043,1,0.010000,0.000048,0.010464,0.376700,1
15044,1,0.010000,0.000048,0.010464,0.376698,1
15045,1,0.010000,0.000048,0.010464,0.376697,1
15046,1,0.010000,0.000048,0.010464,0.376696,1
15047,1,0.010000,0.000048,0.010464,0.376695,1
15048,1,0.010000,0.000048,0.010464,0.376694,1
15049,1,0.010000,0.000048,0.010464,0.376692,1
15050,1,0.010000,0.000048,0.010464,0.376691,0
15051,1,0.010000,0.000048,0.010464,0.376690,1
15052,1,0.010000,0.000047,0.010464,0.376689,1
15053,1,0.010000,0.000047,0.010464,0.376688,0
15054,1,0.010000,0.000047,0.010464,0.376686,1
15055,1,0.010000,0.000047,0.010464,0.376685,1
15056,1,0.010000,0.000047,0.010464,0.376684,1
15057,1,0.010000,0.000047,0.010464,0.376683,1
15058,1,0.010000,0.000047,0.010464,0.376682,1
15059,1,0.010000,0.000047,0.010464,0.376681,1
15060,1,0.010000,0.000047,0.010464,0.376679,1
15061,1,0.010000,0.000047,0.010464,0.376678,1
15062,1,0.010000,0.000047,0.010464,0.376677,1
15063,1,0.010000,0.000047,0.010464,0.376676,1
15064,1,0.010000,0.000046,0.010464,0.376675,1
15065,1,0.010000,0.000046,0.010464,0.376674,1
15066,1,0.010000,0.000046,0.010464,0.376672,1
15067,1,0.010000,0.000046,0.010464,0.376671,1
15068,1,0.010000,0.000046,0.010464,0.376670,1
15069,1,0.010000,0.000046,0.010464,0.376669,1
15070,1,0.010000,0.000046,0.010464,0.376668,1
15071,1,0.010000,0.000046,0.010464,0.376667,1
15072,1,0.010000,0.000046,0.010464,0.376666,0
15073,1,0.010000,0.000046,0.010464,0.376665,0
15074,1,0.010000,0.000046,0.010464,0.376663,1
15075,1,0.010000,0.000046,0.010464,0.376662,0
15076,1,0.010000,0.000045,0.010464,0.376661,1
15077,1,0.010000,0.000045,0.010464,0.376660,1
15078,1,0.010000,0.000045,0.010464,0.376659,1
15079,1,0.010000,0.000045,0.010464,0.376658,1
15080,1,0.010000,0.000045,0.010464,0.376657,0
15081,1,0.010000,0.000045,0.010464,0.376656,1
15082,1,0.010000,0.000045,0.010464,0.376655,0
15083,1,0.010000,0.000045,0.010464,0.376653,1
15084,1,0.010000,0.000045,0.010464,0.376652,1
15085,1,0.010000,0.000045,0.010464,0.376651,1
15086,1,0.010000,0.000045,0.010464,0.376650,1
15087,1,0.010000,0.000045,0.010464,0.376649,1
15088,1,0.010000,0.000045,0.010464,0.376648,0
15089,1,0.010000,0.000044,0.010464,0.376647,1
15090,1,0.010000,0.000044,0.010464,0.376646,0
15091,1,0.010000,0.000044,0.010464,0.376645,1
15092,1,0.010000,0.000044,0.010464,0.376644,1
15093,1,0.010000,0.000044,0.010464,0.376643,1
15094,1,0.010000,0.000044,0.010464,0.376642,1
15095,1,0.010000,0.000044,0.010464,0.376641,0
15096,1,0.010000,0.000044,0.010464,0.376639,1
15097,1,0.010000,0.000044,0.010464,0.376638,1
15098,1,0.010000,0.000044,0.010464,0.376637,1
15099,1,0.010000,0.000044,0.010464,0.376636,1
15100,1,0.010000,0.000044,0.010464,0.376635,1
15101,1,0.010000,0.000044,0.010464,0.376634,1
15102,1,0.010000,0.000043,0.010464,0.376633,0
15103,1,0.010000,0.000043,0.010464,0.376632,1
15104,1,0.010000,0.000043,0.010464,0.376631,1
15105,1,0.010000,0.000043,0.010464,0.376630,1
15106,1,0.010000,0.000043,0.010464,0.376629,1
15107,1,0.010000,0.000043,0.010464,0.376628,1
15108,1,0.010000,0.000043,0.010464,0.376627,1
15109,1,0.010000,0.000043,0.010464,0.376626,0
15110,1,0.010000,0.000043,0.010464,0.376625,1
15111,1,0.010000,0.000043,0.010464,0.376624,0
15112,1,0.010000,0.000043,0.010464,0.376623,0
15113,1,0.010000,0.000043,0.010464,0.376622,1
15114,1,0.010000,0.000043,0.010464,0.376621,1
15115,1,0.010000,0.000043,0.010464,0.376620,1
15116,1,0.010000,0.000042,0.010464,0.376619,1
15117,1,0.010000,0.000042,0.010464,0.376618,1
15118,1,0.010000,0.000042,0.010464,0.376617,1
15119,1,0.010000,0.000042,0.010464,0.376616,1
15120,1,0.010000,0.000042,0.010464,0.376615,1
15121,1,0.010000,0.000042,0.010464,0.376614,1
15122,1,0.010000,0.000042,0.010464,0.376613,0
15123,1,0.010000,0.000042,0.010464,0.376612,1
15124,1,0.010000,0.000042,0.010464,0.376611,1
15125,1,0.010000,0.000042,0.010464,0.376610,1
15126,1,0.010000,0.000042,0.010464,0.376609,1
15127,1,0.010000,0.000042,0.010464,0.376608,1
15128,1,0.010000,0.000042,0.010464,0.376607,1
15129,1,0.010000,0.000042,0.010464,0.376606,1
15130,1,0.010000,0.000041,0.010464,0.376605,1
15131,1,0.010000,0.000041,0.010464,0.376604,1
15132,1,0.010000,0.000041,0.010464,0.376603,1
15133,1,0.010000,0.000041,0.010464,0.376602,1
15134,1,0.010000,0.000041,0.010464,0.376601,1
15135,1,0.010000,0.000041,0.010464,0.376600,1
15136,1,0.010000,0.000041,0.010464,0.376599,1
15137,1,0.010000,0.000041,0.010464,0.376598,0
15138,1,0.010000,0.000041,0.010464,0.376597,0
15139,1,0.010000,0.000041,0.010464,0.376596,0
15140,1,0.010000,0.000041,0.010464,0.376595,1
15141,1,0.010000,0.000041,0.010464,0.376594,1
15142,1,0.010000,0.000041,0.010464,0.376594,0
15143,1,0.010000,0.000041,0.010464,0.376593,1
15144,1,0.010000,0.000041,0.010464,0.376592,1
15145,1,0.010000,0.000040,0.010464,0.376591,1
15146,1,0.010000,0.000040,0.010464,0.376590,1
15147,1,0.010000,0.000040,0.010464,0.376589,1
15148,1,0.010000,0.000040,0.010464,0.376588,1
15149,1,0.010000,0.000040,0.010464,0.376587,1
15150,1,0.010000,0.000040,0.010464,0.376586,1
15151,1,0.010000,0.000040,0.010464,0.376585,1
15152,1,0.010000,0.000040,0.010464,0.376584,1
15153,1,0.010000,0.000040,0.010464,0.376583,1
15154,1,0.010000,0.000040,0.010464,0.376582,1
15155,1,0.010000,0.000040,0.010464,0.376582,1
15156,1,0.010000,0.000040,0.010464,0.376581,1
15157,1,0.010000,0.000040,0.010464,0.376580,1
15158,1,0.010000,0.000040,0.010464,0.376579,1
15159,1,0.010000,0.000040,0.010464,0.376578,1
15160,1,0.010000,0.000039,0.010464,0.376577,1
15161,1,0.010000,0.000039,0.010464,0.376576,1
15162,1,0.010000,0.000039,0.010464,0.376575,1
15163,1,0.010000,0.000039,0.010464,0.376574,1
15164,1,0.010000,0.000039,0.010464,0.376573,1
15165,1,0.010000,0.000039,0.010464,0.376572,1
15166,1,0.010000,0.000039,0.010464,0.376572,1
15167,1,0.010000,0.000039,0.010464,0.376571,1
15168,1,0.010000,0.000039,0.010464,0.376570,1
15169,1,0.010000,0.000039,0.010464,0.376569,1
15170,1,0.010000,0.000039,0.010464,0.376568,1
15171,1,0.010000,0.000039,0.010464,0.376567,0
15172,1,0.010000,0.000039,0.010464,0.376566,1
15173,1,0.010000,0.000039,0.010464,0.376565,1
15174,1,0.010000,0.000039,0.010464,0.376565,1
15175,1,0.010000,0.000039,0.010464,0.376564,1
15176,1,0.010000,0.000038,0.010464,0.376563,1
15177,1,0.010000,0.000038,0.010464,0.376562,1
15178,1,0.010000,0.000038,0.010464,0.376561,0
15179,1,0.010000,0.000038,0.010464,0.376560,1
15180,1,0.010000,0.000038,0.010464,0.376559,1
15181,1,0.010000,0.000038,0.010464,0.376559,1
15182,1,0.010000,0.000038,0.010464,0.376558,1
15183,1,0.010000,0.000038,0.010464,0.376557,1
15184,1,0.010000,0.000038,0.010464,0.376556,1
15185,1,0.010000,0.000038,0.010464,0.376555,1
15186,1,0.010000,0.000038,0.010464,0.376554,1
15187,1,0.010000,0.000038,0.010464,0.376553,1
15188,1,0.010000,0.000038,0.010464,0.376553,1
15189,1,0.010000,0.000038,0.010464,0.376552,1
15190,1,0.010000,0.000038,0.010464,0.376551,0
15191,1,0.010000,0.000038,0.010464,0.376550,1
15192,1,0.010000,0.000037,0.010464,0.376549,1
15193,1,0.010000,0.000037,0.010464,0.376548,1
15194,1,0.010000,0.000037,0.010464,0.376548,1
15195,1,0.010000,0.000037,0.010464,0.376547,1
15196,1,0.010000,0.000037,0.010464,0.376546,1
15197,1,0.010000,0.000037,0.010464,0.376545,1
15198,1,0.010000,0.000037,0.010464,0.376544,1
15199,1,0.010000,0.000037,0.010464,0.376543,1
15200,1,0.010000,0.000037,0.010464,0.376543,1
15201,1,0.010000,0.000037,0.010464,0.376542,0
15202,1,0.010000,0.000037,0.010464,0.376541,1
15203,1,0.010000,0.000037,0.010464,0.376540,1
15204,1,0.010000,0.000037,0.010464,0.376539,1
15205,1,0.010000,0.000037,0.010464,0.376539,0
15206,1,0.010000,0.000037,0.010464,0.376538,1
15207,1,0.010000,0.000037,0.010464,0.376537,0
15208,1,0.010000,0.000037,0.010464,0.376536,1
15209,1,0.010000,0.000036,0.010464,0.376535,1
15210,1,0.010000,0.000036,0.010464,0.376535,1
15211,1,0.010000,0.000036,0.010464,0.376534,1
15212,1,0.010000,0.000036,0.010464,0.376533,1
15213,1,0.010000,0.000036,0.010464,0.376532,0
15214,1,0.010000,0.000036,0.010464,0.376531,0
15215,1,0.010000,0.000036,0.010464,0.376531,1
15216,1,0.010000,0.000036,0.010464,0.376530,1
15217,1,0.010000,0.000036,0.010464,0.376529,1
15218,1,0.010000,0.000036,0.010464,0.376528,1
15219,1,0.010000,0.000036,0.010464,0.376527,1
15220,1,0.010000,0.000036,0.010464,0.376527,1
15221,1,0.010000,0.000036,0.010464,0.376526,1
15222,1,0.010000,0.000036,0.010464,0.376525,1
15223,1,0.010000,0.000036,0.010464,0.376524,1
15224,1,0.010000,0.000036,0.010464,0.376524,1
15225,1,0.010000,0.000036,0.010464,0.376523,1
15226,1,0.010000,0.000036,0.010464,0.376522,1
15227,1,0.010000,0.000035,0.010464,0.376521,1
15228,1,0.010000,0.000035,0.010464,0.376521,1
15229,1,0.010000,0.000035,0.010464,0.376520,1
15230,1,0.010000,0.000035,0.010464,0.376519,1
15231,1,0.010000,0.000035,0.010464,0.376518,0
15232,1,0.010000,0.000035,0.010464,0.376518,0
15233,1,0.010000,0.000035,0.010464,0.376517,0
15234,1,0.010000,0.000035,0.010464,0.376516,1
15235,1,0.010000,0.000035,0.010464,0.376515,1
15236,1,0.010000,0.000035,0.010464,0.376514,1
15237,1,0.010000,0.000035,0.010464,0.376514,1
15238,1,0.010000,0.000035,0.010464,0.376513,1
15239,1,0.010000,0.000035,0.010464,0.376512,1
15240,1,0.010000,0.000035,0.010464,0.376511,1
15241,1,0.010000,0.000035,0.010464,0.376511,1
15242,1,0.010000,0.000035,0.010464,0.376510,1
15243,1,0.010000,0.000035,0.010464,0.376509,1
15244,1,0.010000,0.000035,0.010464,0.376509,1
15245,1,0.010000,0.000035,0.010464,0.376508,1
15246,1,0.010000,0.000034,0.010464,0.376507,1
15247,1,0.010000,0.000034,0.010464,0.376506,1
15248,1,0.010000,0.000034,0.010464,0.376506,1
15249,1,0.010000,0.000034,0.010464,0.376505,1
15250,1,0.010000,0.000034,0.010464,0.376504,1
15251,1,0.010000,0.000034,0.010464,0.376503,1
15252,1,0.010000,0.000034,0.010464,0.376503,1
15253,1,0.010000,0.000034,0.010464,0.376502,1
15254,1,0.010000,0.000034,0.010464,0.376501,1
15255,1,0.010000,0.000034,0.010464,0.376501,1
15256,1,0.010000,0.000034,0.010464,0.376500,1
15257,1,0.010000,0.000034,0.010464,0.376499,0
15258,1,0.010000,0.000034,0.010464,0.376498,1
15259,1,0.010000,0.000034,0.010464,0.376498,1
15260,1,0.010000,0.000034,0.010464,0.376497,1
15261,1,0.010000,0.000034,0.010464,0.376496,1
15262,1,0.010000,0.000034,0.010464,0.376496,0
15263,1,0.010000,0.000034,0.010464,0.376495,1
15264,1,0.010000,0.000034,0.010464,0.376494,1
15265,1,0.010000,0.000034,0.010464,0.376493,1
15266,1,0.010000,0.000033,0.010464,0.376493,1
15267,1,0.010000,0.000033,0.010464,0.376492,1
15268,1,0.010000,0.000033,0.010464,0.376491,0
15269,1,0.010000,0.000033,0.010464,0.376491,1
15270,1,0.010000,0.000033,0.010464,0.376490,1
15271,1,0.010000,0.000033,0.010464,0.376489,1
15272,1,0.010000,0.000033,0.010464,0.376489,1
15273,1,0.010000,0.000033,0.010464,0.376488,1
15274,1,0.010000,0.000033,0.010464,0.376487,1
15275,1,0.010000,0.000033,0.010464,0.376486,1
15276,1,0.010000,0.000033,0.010464,0.376486,1
15277,1,0.010000,0.000033,0.010464,0.376485,1
15278,1,0.010000,0.000033,0.010464,0.376484,1
15279,1,0.010000,0.000033,0.010464,0.376484,1
15280,1,0.010000,0.000033,0.010464,0.376483,1
15281,1,0.010000,0.000033,0.010464,0.376482,1
15282,1,0.010000,0.000033,0.010464,0.376482,1
15283,1,0.010000,0.000033,0.010464,0.376481,1
15284,1,0.010000,0.000033,0.010464,0.376480,1
15285,1,0.010000,0.000033,0.010464,0.376480,1
15286,1,0.010000,0.000032,0.010464,0.376479,1
15287,1,0.010000,0.000032,0.010464,0.376478,0
15288,1,0.010000,0.000032,0.010464,0.376478,1
15289,1,0.010000,0.000032,0.010464,0.376477,1
15290,1,0.010000,0.000032,0.010464,0.376476,1
15291,1,0.010000,0.000032,0.010464,0.376476,0
15292,1,0.010000,0.000032,0.010464,0.376475,1
15293,1,0.010000,0.000032,0.010464,0.376474,1
15294,1,0.010000,0.000032,0.010464,0.376474,1
15295,1,0.010000,0.000032,0.010464,0.376473,1
15296,1,0.010000,0.000032,0.010464,0.376472,1
15297,1,0.010000,0.000032,0.010464,0.376472,0
15298,1,0.010000,0.000032,0.010464,0.376471,1
15299,1,0.010000,0.000032,0.010464,0.376470,1
15300,1,0.010000,0.000032,0.010464,0.376470,1
15301,1,0.010000,0.000032,0.010464,0.376469,0
15302,1,0.010000,0.000032,0.010464,0.376468,1
15303,1,0.010000,0.000032,0.010464,0.376468,1
15304,1,0.010000,0.000032,0.010464,0.376467,1
15305,1,0.010000,0.000032,0.010464,0.376466,1
15306,1,0.010000,0.000032,0.010464,0.376466,1
15307,1,0.010000,0.000031,0.010464,0.376465,1
15308,1,0.010000,0.000031,0.010464,0.376465,1
15309,1,0.010000,0.000031,0.010464,0.376464,1
15310,1,0.010000,0.000031,0.010464,0.376463,1
15311,1,0.010000,0.000031,0.010464,0.376463,1
15312,1,0.010000,0.000031,0.010464,0.376462,1
15313,1,0.010000,0.000031,0.010464,0.376461,1
15314,1,0.010000,0.000031,0.010464,0.376461,1
15315,1,0.010000,0.000031,0.010464,0.376460,1
15316,1,0.010000,0.000031,0.010464,0.376460,0
15317,1,0.010000,0.000031,0.010464,0.376459,1
15318,1,0.010000,0.000031,0.010464,0.376458,0
15319,1,0.010000,0.000031,0.010464,0.376458,1
15320,1,0.010000,0.000031,0.010464,0.376457,1
15321,1,0.010000,0.000031,0.010464,0.376456,1
15322,1,0.010000,0.000031,0.010464,0.376456,1
15323,1,0.010000,0.000031,0.010464,0.376455,1
15324,1,0.010000,0.000031,0.010464,0.376455,1
15325,1,0.010000,0.000031,0.010464,0.376454,1
15326,1,0.010000,0.000031,0.010464,0.376453,1
15327,1,0.010000,0.000031,0.010464,0.376453,1
15328,1,0.010000,0.000031,0.010464,0.376452,1
15329,1,0.010000,0.000031,0.010464,0.376451,1
15330,1,0.010000,0.000030,0.010464,0.376451,1
15331,1,0.010000,0.000030,0.010464,0.376450,1
15332,1,0.010000,0.000030,0.010464,0.376450,1
15333,1,0.010000,0.000030,0.010464,0.376449,0
15334,1,0.010000,0.000030,0.010464,0.376448,1
15335,1,0.010000,0.000030,0.010464,0.376448,1
15336,1,0.010000,0.000030,0.010464,0.376447,1
15337,1,0.010000,0.000030,0.010464,0.376447,1
15338,1,0.010000,0.000030,0.010464,0.376446,1
15339,1,0.010000,0.000030,0.010464,0.376445,0
15340,1,0.010000,0.000030,0.010464,0.376445,1
15341,1,0.010000,0.000030,0.010464,0.376444,1
15342,1,0.010000,0.000030,0.010464,0.376444,1
15343,1,0.010000,0.000030,0.010464,0.376443,1
15344,1,0.010000,0.000030,0.010464,0.376442,1
15345,1,0.010000,0.000030,0.010464,0.376442,1
15346,1,0.010000,0.000030,0.010464,0.376441,0
15347,1,0.010000,0.000030,0.010464,0.376441,1
15348,1,0.010000,0.000030,0.010464,0.376440,1
15349,1,0.010000,0.000030,0.010464,0.376440,1
15350,1,0.010000,0.000030,0.010464,0.376439,1
15351,1,0.010000,0.000030,0.010464,0.376438,0
15352,1,0.010000,0.000030,0.010464,0.376438,1
15353,1,0.010000,0.000029,0.010464,0.376437,1
15354,1,0.010000,0.000029,0.010464,0.376437,1
15355,1,0.010000,0.000029,0.010464,0.376436,1
15356,1,0.010000,0.000029,0.010464,0.376435,1
15357,1,0.010000,0.000029,0.010464,0.376435,0
15358,1,0.010000,0.000029,0.010464,0.376434,1
15359,1,0.010000,0.000029,0.010464,0.376434,1
15360,1,0.010000,0.000029,0.010464,0.376433,1
15361,1,0.010000,0.000029,0.010464,0.376433,1
15362,1,0.010000,0.000029,0.010464,0.376432,1
15363,1,0.010000,0.000029,0.010464,0.376431,1
15364,1,0.010000,0.000029,0.010464,0.376431,1
15365,1,0.010000,0.000029,0.010464,0.376430,1
15366,1,0.010000,0.000029,0.010464,0.376430,1
15367,1,0.010000,0.000029,0.010464,0.376429,1
15368,1,0.010000,0.000029,0.010464,0.376429,1
15369,1,0.010000,0.000029,0.010464,0.376428,1
15370,1,0.010000,0.000029,0.010464,0.376428,1
15371,1,0.010000,0.000029,0.010464,0.376427,1
15372,1,0.010000,0.000029,0.010464,0.376426,1
15373,1,0.010000,0.000029,0.010464,0.376426,0
15374,1,0.010000,0.000029,0.010464,0.376425,1
15375,1,0.010000,0.000029,0.010464,0.376425,1
15376,1,0.010000,0.000029,0.010464,0.376424,1
15377,1,0.010000,0.000029,0.010464,0.376424,1
15378,1,0.010000,0.000028,0.010464,0.376423,0
15379,1,0.010000,0.000028,0.010464,0.376423,1
15380,1,0.010000,0.000028,0.010464,0.376422,1
15381,1,0.010000,0.000028,0.010464,0.376421,1
15382,1,0.010000,0.000028,0.010464,0.376421,1
15383,1,0.010000,0.000028,0.010464,0.376420,1
15384,1,0.010000,0.000028,0.010464,0.376420,1
15385,1,0.010000,0.000028,0.010464,0.376419,0
15386,1,0.010000,0.000028,0.010464,0.376419,1
15387,1,0.010000,0.000028,0.010464,0.376418,1
15388,1,0.010000,0.000028,0.010464,0.376418,1
15389,1,0.010000,0.000028,0.010464,0.376417,1
15390,1,0.010000,0.000028,0.010464,0.376417,1
15391,1,0.010000,0.000028,0.010464,0.376416,1
15392,1,0.010000,0.000028,0.010464,0.376416,1
15393,1,0.010000,0.000028,0.010464,0.376415,1
15394,1,0.010000,0.000028,0.010464,0.376414,1
15395,1,0.010000,0.000028,0.010464,0.376414,1
15396,1,0.010000,0.000028,0.010464,0.376413,1
15397,1,0.010000,0.000028,0.010464,0.376413,1
15398,1,0.010000,0.000028,0.010464,0.376412,1
15399,1,0.010000,0.000028,0.010464,0.376412,1
15400,1,0.010000,0.000028,0.010464,0.376411,0
15401,1,0.010000,0.000028,0.010464,0.376411,1
15402,1,0.010000,0.000028,0.010464,0.376410,1
15403,1,0.010000,0.000028,0.010464,0.376410,1
15404,1,0.010000,0.000027,0.010464,0.376409,1
15405,1,0.010000,0.000027,0.010464,0.376409,1
15406,1,0.010000,0.000027,0.010464,0.376408,1
15407,1,0.010000,0.000027,0.010464,0.376408,1
15408,1,0.010000,0.000027,0.010464,0.376407,1
15409,1,0.010000,0.000027,0.010464,0.376407,0
15410,1,0.010000,0.000027,0.010464,0.376406,1
15411,1,0.010000,0.000027,0.010464,0.376405,1
15412,1,0.010000,0.000027,0.010464,0.376405,1
15413,1,0.010000,0.000027,0.010464,0.376404,1
15414,1,0.010000,0.000027,0.010464,0.376404,1
15415,1,0.010000,0.000027,0.010464,0.376403,1
15416,1,0.010000,0.000027,0.010464,0.376403,1
15417,1,0.010000,0.000027,0.010464,0.376402,1
15418,1,0.010000,0.000027,0.010464,0.376402,1
15419,1,0.010000,0.000027,0.010464,0.376401,1
15420,1,0.010000,0.000027,0.010464,0.376401,1
15421,1,0.010000,0.000027,0.010464,0.376400,1
15422,1,0.010000,0.000027,0.010464,0.376400,1
15423,1,0.010000,0.000027,0.010464,0.376399,1
15424,1,0.010000,0.000027,0.010464,0.376399,1
15425,1,0.010000,0.000027,0.010464,0.376398,0
15426,1,0.010000,0.000027,0.010464,0.376398,1
15427,1,0.010000,0.000027,0.010464,0.376397,1
15428,1,0.010000,0.000027,0.010464,0.376397,1
15429,1,0.010000,0.000027,0.010464,0.376396,1
15430,1,0.010000,0.000027,0.010464,0.376396,1
15431,1,0.010000,0.000026,0.010464,0.376395,1
15432,1,0.010000,0.000026,0.010464,0.376395,1
15433,1,0.010000,0.000026,0.010464,0.376394,0
15434,1,0.010000,0.000026,0.010464,0.376394,1
15435,1,0.010000,0.000026,0.010464,0.376393,0
15436,1,0.010000,0.000026,0.010464,0.376393,0
15437,1,0.010000,0.000026,0.010464,0.376393,1
15438,1,0.010000,0.000026,0.010464,0.376392,1
15439,1,0.010000,0.000026,0.010464,0.376392,1
15440,1,0.010000,0.000026,0.010464,0.376391,1
15441,1,0.010000,0.000026,0.010464,0.376391,0
15442,1,0.010000,0.000026,0.010464,0.376390,1
15443,1,0.010000,0.000026,0.010464,0.376390,1
15444,1,0.010000,0.000026,0.010464,0.376389,1
15445,1,0.010000,0.000026,0.010464,0.376389,1
15446,1,0.010000,0.000026,0.010464,0.376388,1
15447,1,0.010000,0.000026,0.010464,0.376388,0
15448,1,0.010000,0.000026,0.010464,0.376387,1
15449,1,0.010000,0.000026,0.010464,0.376387,1
15450,1,0.010000,0.000026,0.010464,0.376386,1
15451,1,0.010000,0.000026,0.010464,0.376386,1
15452,1,0.010000,0.000026,0.010464,0.376385,1
15453,1,0.010000,0.000026,0.010464,0.376385,1
15454,1,0.010000,0.000026,0.010464,0.376384,1
15455,1,0.010000,0.000026,0.010464,0.376384,1
15456,1,0.010000,0.000026,0.010464,0.376383,1
15457,1,0.010000,0.000026,0.010464,0.376383,1
15458,1,0.010000,0.000026,0.010464,0.376383,1
15459,1,0.010000,0.000026,0.010464,0.376382,1
15460,1,0.010000,0.000026,0.010464,0.376382,1
15461,1,0.010000,0.000025,0.010464,0.376381,1
15462,1,0.010000,0.000025,0.010464,0.376381,1
15463,1,0.010000,0.000025,0.010464,0.376380,1
15464,1,0.010000,0.000025,0.010464,0.376380,1
15465,1,0.010000,0.000025,0.010464,0.376379,1
15466,1,0.010000,0.000025,0.010464,0.376379,1
15467,1,0.010000,0.000025,0.010464,0.376378,0
15468,1,0.010000,0.000025,0.010464,0.376378,0
15469,1,0.010000,0.000025,0.010464,0.376377,1
15470,1,0.010000,0.000025,0.010464,0.376377,1
15471,1,0.010000,0.000025,0.010464,0.376377,1
15472,1,0.010000,0.000025,0.010464,0.376376,1
15473,1,0.010000,0.000025,0.010464,0.376376,1
15474,1,0.010000,0.000025,0.010464,0.376375,1
15475,1,0.010000,0.000025,0.010464,0.376375,1
15476,1,0.010000,0.000025,0.010464,0.376374,1
15477,1,0.010000,0.000025,0.010464,0.376374,1
15478,1,0.010000,0.000025,0.010464,0.376373,1
15479,1,0.010000,0.000025,0.010464,0.376373,1
15480,1,0.010000,0.000025,0.010464,0.376372,1
15481,1,0.010000,0.000025,0.010464,0.376372,1
15482,1,0.010000,0.000025,0.010464,0.376372,1
15483,1,0.010000,0.000025,0.010464,0.376371,1
15484,1,0.010000,0.000025,0.010464,0.376371,1
15485,1,0.010000,0.000025,0.010464,0.376370,1
15486,1,0.010000,0.000025,0.010464,0.376370,0
15487,1,0.010000,0.000025,0.010464,0.376369,1
15488,1,0.010000,0.000025,0.010464,0.376369,1
15489,1,0.010000,0.000025,0.010464,0.376368,0
15490,1,0.010000,0.000025,0.010464,0.376368,1
15491,1,0.010000,0.000025,0.010464,0.376368,1
15492,1,0.010000,0.000024,0.010464,0.376367,1
15493,1,0.010000,0.000024,0.010464,0.376367,1
15494,1,0.010000,0.000024,0.010464,0.376366,1
15495,1,0.010000,0.000024,0.010464,0.376366,1
15496,1,0.010000,0.000024,0.010464,0.376365,1
15497,1,0.010000,0.000024,0.010464,0.376365,1
15498,1,0.010000,0.000024,0.010464,0.376365,1
15499,1,0.010000,0.000024,0.010464,0.376364,0
15500,1,0.010000,0.000024,0.010464,0.376364,0
15501,1,0.010000,0.000024,0.010464,0.376363,1
15502,1,0.010000,0.000024,0.010464,0.376363,1
15503,1,0.010000,0.000024,0.010464,0.376362,1
15504,1,0.010000,0.000024,0.010464,0.376362,1
15505,1,0.010000,0.000024,0.010464,0.376362,1
15506,1,0.010000,0.000024,0.010464,0.376361,1
15507,1,0.010000,0.000024,0.010464,0.376361,1
15508,1,0.010000,0.000024,0.010464,0.376360,1
15509,1,0.010000,0.000024,0.010464,0.376360,1
15510,1,0.010000,0.000024,0.010464,0.376359,1
15511,1,0.010000,0.000024,0.010464,0.376359,1
15512,1,0.010000,0.000024,0.010464,0.376359,1
15513,1,0.010000,0.000024,0.010464,0.376358,0
15514,1,0.010000,0.000024,0.010464,0.376358,1
15515,1,0.010000,0.000024,0.010464,0.376357,1
15516,1,0.010000,0.000024,0.010464,0.376357,1
15517,1,0.010000,0.000024,0.010464,0.376356,1
15518,1,0.010000,0.000024,0.010464,0.376356,0
15519,1,0.010000,0.000024,0.010464,0.376356,1
15520,1,0.010000,0.000024,0.010464,0.376355,1
15521,1,0.010000,0.000024,0.010464,0.376355,1
15522,1,0.010000,0.000024,0.010464,0.376354,1
15523,1,0.010000,0.000024,0.010464,0.376354,1
15524,1,0.010000,0.000023,0.010464,0.376354,1
15525,1,0.010000,0.000023,0.010464,0.376353,0
15526,1,0.010000,0.000023,0.010464,0.376353,1
15527,1,0.010000,0.000023,0.010464,0.376352,1
15528,1,0.010000,0.000023,0.010464,0.376352,1
15529,1,0.010000,0.000023,0.010464,0.376351,0
15530,1,0.010000,0.000023,0.010464,0.376351,1
15531,1,0.010000,0.000023,0.010464,0.376351,1
15532,1,0.010000,0.000023,0.010464,0.376350,1
15533,1,0.010000,0.000023,0.010464,0.376350,1
15534,1,0.010000,0.000023,0.010464,0.376349,1
15535,1,0.010000,0.000023,0.010464,0.376349,1
15536,1,0.010000,0.000023,0.010464,0.376349,1
15537,1,0.010000,0.000023,0.010464,0.376348,1
15538,1,0.010000,0.000023,0.010464,0.376348,1
15539,1,0.010000,0.000023,0.010464,0.376347,1
15540,1,0.010000,0.000023,0.010464,0.376347,1
15541,1,0.010000,0.000023,0.010464,0.376347,1
15542,1,0.010000,0.000023,0.010464,0.376346,0
15543,1,0.010000,0.000023,0.010464,0.376346,1
15544,1,0.010000,0.000023,0.010464,0.376345,1
15545,1,0.010000,0.000023,0.010464,0.376345,1
15546,1,0.010000,0.000023,0.010464,0.376345,1
15547,1,0.010000,0.000023,0.010464,0.376344,1
15548,1,0.010000,0.000023,0.010464,0.376344,1
15549,1,0.010000,0.000023,0.010464,0.376343,1
15550,1,0.010000,0.000023,0.010464,0.376343,1
15551,1,0.010000,0.000023,0.010464,0.376343,0
15552,1,0.010000,0.000023,0.010464,0.376342,1
15553,1,0.010000,0.000023,0.010464,0.376342,1
15554,1,0.010000,0.000023,0.010464,0.376342,1
15555,1,0.010000,0.000023,0.010464,0.376341,1
15556,1,0.010000,0.000023,0.010464,0.376341,1
15557,1,0.010000,0.000023,0.010464,0.376340,1
15558,1,0.010000,0.000023,0.010464,0.376340,1
15559,1,0.010000,0.000023,0.010464,0.376340,1
15560,1,0.010000,0.000022,0.010464,0.376339,1
15561,1,0.010000,0.000022,0.010464,0.376339,1
15562,1,0.010000,0.000022,0.010464,0.376338,1
15563,1,0.010000,0.000022,0.010464,0.376338,1
15564,1,0.010000,0.000022,0.010464,0.376338,1
15565,1,0.010000,0.000022,0.010464,0.376337,1
15566,1,0.010000,0.000022,0.010464,0.376337,1
15567,1,0.010000,0.000022,0.010464,0.376337,1
15568,1,0.010000,0.000022,0.010464,0.376336,1
15569,1,0.010000,0.000022,0.010464,0.376336,1
15570,1,0.010000,0.000022,0.010464,0.376335,1
15571,1,0.010000,0.000022,0.010464,0.376335,1
15572,1,0.010000,0.000022,0.010464,0.376335,1
15573,1,0.010000,0.000022,0.010464,0.376334,1
15574,1,0.010000,0.000022,0.010464,0.376334,1
15575,1,0.010000,0.000022,0.010464,0.376334,1
15576,1,0.010000,0.000022,0.010464,0.376333,1
15577,1,0.010000,0.000022,0.010464,0.376333,1
15578,1,0.010000,0.000022,0.010464,0.376332,1
15579,1,0.010000,0.000022,0.010464,0.376332,1
15580,1,0.010000,0.000022,0.010464,0.376332,0
15581,1,0.010000,0.000022,0.010464,0.376331,1
15582,1,0.010000,0.000022,0.010464,0.376331,1
15583,1,0.010000,0.000022,0.010464,0.376331,1
15584,1,0.010000,0.000022,0.010464,0.376330,1
15585,1,0.010000,0.000022,0.010464,0.376330,1
15586,1,0.010000,0.000022,0.010464,0.376329,1
15587,1,0.010000,0.000022,0.010464,0.376329,0
15588,1,0.010000,0.000022,0.010464,0.376329,1
15589,1,0.010000,0.000022,0.010464,0.376328,1
15590,1,0.010000,0.000022,0.010464,0.376328,1
15591,1,0.010000,0.000022,0.010464,0.376328,1
15592,1,0.010000,0.000022,0.010464,0.376327,1
15593,1,0.010000,0.000022,0.010464,0.376327,1
15594,1,0.010000,0.000022,0.010464,0.376327,1
15595,1,0.010000,0.000022,0.010464,0.376326,1
15596,1,0.010000,0.000022,0.010464,0.376326,1
15597,1,0.010000,0.000021,0.010464,0.376325,0
15598,1,0.010000,0.000021,0.010464,0.376325,1
15599,1,0.010000,0.000021,0.010464,0.376325,1
15600,1,0.010000,0.000021,0.010464,0.376324,1
15601,1,0.010000,0.000021,0.010464,0.376324,1
15602,1,0.010000,0.000021,0.010464,0.376324,1
15603,1,0.010000,0.000021,0.010464,0.376323,1
15604,1,0.010000,0.000021,0.010464,0.376323,1
15605,1,0.010000,0.000021,0.010464,0.376323,1
15606,1,0.010000,0.000021,0.010464,0.376322,1
15607,1,0.010000,0.000021,0.010464,0.376322,1
15608,1,0.010000,0.000021,0.010464,0.376322,1
15609,1,0.010000,0.000021,0.010464,0.376321,1
15610,1,0.010000,0.000021,0.010464,0.376321,0
15611,1,0.010000,0.000021,0.010464,0.376320,1
15612,1,0.010000,0.000021,0.010464,0.376320,1
15613,1,0.010000,0.000021,0.010464,0.376320,0
15614,1,0.010000,0.000021,0.010464,0.376319,1
15615,1,0.010000,0.000021,0.010464,0.376319,1
15616,1,0.010000,0.000021,0.010464,0.376319,1
15617,1,0.010000,0.000021,0.010464,0.376318,1
15618,1,0.010000,0.000021,0.010464,0.376318,1
15619,1,0.010000,0.000021,0.010464,0.376318,1
15620,1,0.010000,0.000021,0.010464,0.376317,0
15621,1,0.010000,0.000021,0.010464,0.376317,1
15622,1,0.010000,0.000021,0.010464,0.376317,1
15623,1,0.010000,0.000021,0.010464,0.376316,1
15624,1,0.010000,0.000021,0.010464,0.376316,1
15625,1,0.010000,0.000021,0.010464,0.376316,0
15626,1,0.010000,0.000021,0.010464,0.376315,1
15627,1,0.010000,0.000021,0.010464,0.376315,1
15628,1,0.010000,0.000021,0.010464,0.376315,1
15629,1,0.010000,0.000021,0.010464,0.376314,1
15630,1,0.010000,0.000021,0.010464,0.376314,0
15631,1,0.010000,0.000021,0.010464,0.376314,0
15632,1,0.010000,0.000021,0.010464,0.376313,1
15633,1,0.010000,0.000021,0.010464,0.376313,1
15634,1,0.010000,0.000021,0.010464,0.376313,1
15635,1,0.010000,0.000021,0.010464,0.376312,1
15636,1,0.010000,0.000021,0.010464,0.376312,1
15637,1,0.010000,0.000020,0.010464,0.376312,1
15638,1,0.010000,0.000020,0.010464,0.376311,1
15639,1,0.010000,0.000020,0.010464,0.376311,1
15640,1,0.010000,0.000020,0.010464,0.376311,1
15641,1,0.010000,0.000020,0.010464,0.376310,0
15642,1,0.010000,0.000020,0.010464,0.376310,1
15643,1,0.010000,0.000020,0.010464,0.376310,1
15644,1,0.010000,0.000020,0.010464,0.376309,1
15645,1,0.010000,0.000020,0.010464,0.376309,1
15646,1,0.010000,0.000020,0.010464,0.376309,1
15647,1,0.010000,0.000020,0.010464,0.376308,1
15648,1,0.010000,0.000020,0.010464,0.376308,0
15649,1,0.010000,0.000020,0.010464,0.376308,0
15650,1,0.010000,0.000020,0.010464,0.376307,1
15651,1,0.010000,0.000020,0.010464,0.376307,1
15652,1,0.010000,0.000020,0.010464,0.376307,0
15653,1,0.010000,0.000020,0.010464,0.376306,1
15654,1,0.010000,0.000020,0.010464,0.376306,1
15655,1,0.010000,0.000020,0.010464,0.376306,1
15656,1,0.010000,0.000020,0.010464,0.376305,1
15657,1,0.010000,0.000020,0.010464,0.376305,1
15658,1,0.010000,0.000020,0.010464,0.376305,1
15659,1,0.010000,0.000020,0.010464,0.376304,1
15660,1,0.010000,0.000020,0.010464,0.376304,1
15661,1,0.010000,0.000020,0.010464,0.376304,1
15662,1,0.010000,0.000020,0.010464,0.376303,1
15663,1,0.010000,0.000020,0.010464,0.376303,1
15664,1,0.010000,0.000020,0.010464,0.376303,1
15665,1,0.010000,0.000020,0.010464,0.376302,1
15666,1,0.010000,0.000020,0.010464,0.376302,1
15667,1,0.010000,0.000020,0.010464,0.376302,1
15668,1,0.010000,0.000020,0.010464,0.376301,1
15669,1,0.010000,0.000020,0.010464,0.376301,0
15670,1,0.010000,0.000020,0.010464,0.376301,1
15671,1,0.010000,0.000020,0.010464,0.376301,1
15672,1,0.010000,0.000020,0.010464,0.376300,1
15673,1,0.010000,0.000020,0.010464,0.376300,1
15674,1,0.010000,0.000020,0.010464,0.376300,1
15675,1,0.010000,0.000020,0.010464,0.376299,1
15676,1,0.010000,0.000020,0.010464,0.376299,0
15677,1,0.010000,0.000020,0.010464,0.376299,1
15678,1,0.010000,0.000020,0.010464,0.376298,0
15679,1,0.010000,0.000020,0.010464,0.376298,1
15680,1,0.010000,0.000019,0.010464,0.376298,1
15681,1,0.010000,0.000019,0.010464,0.376297,1
15682,1,0.010000,0.000019,0.010464,0.376297,1
15683,1,0.010000,0.000019,0.010464,0.376297,1
15684,1,0.010000,0.000019,0.010464,0.376296,1
15685,1,0.010000,0.000019,0.010464,0.376296,1
15686,1,0.010000,0.000019,0.010464,0.376296,1
15687,1,0.010000,0.000019,0.010464,0.376296,1
15688,1,0.010000,0.000019,0.010464,0.376295,1
15689,1,0.010000,0.000019,0.010464,0.376295,0
15690,1,0.010000,0.000019,0.010464,0.376295,0
15691,1,0.010000,0.000019,0.010464,0.376294,1
15692,1,0.010000,0.000019,0.010464,0.376294,1
15693,1,0.010000,0.000019,0.010464,0.376294,1
15694,1,0.010000,0.000019,0.010464,0.376293,1
15695,1,0.010000,0.000019,0.010464,0.376293,1
15696,1,0.010000,0.000019,0.010464,0.376293,1
15697,1,0.010000,0.000019,0.010464,0.376293,1
15698,1,0.010000,0.000019,0.010464,0.376292,1
15699,1,0.010000,0.000019,0.010464,0.376292,1
15700,1,0.010000,0.000019,0.010464,0.376292,1
15701,1,0.010000,0.000019,0.010464,0.376291,1
15702,1,0.010000,0.000019,0.010464,0.376291,1
15703,1,0.010000,0.000019,0.010464,0.376291,1
15704,1,0.010000,0.000019,0.010464,0.376290,1
15705,1,0.010000,0.000019,0.010464,0.376290,1
15706,1,0.010000,0.000019,0.010464,0.376290,1
15707,1,0.010000,0.000019,0.010464,0.376290,1
15708,1,0.010000,0.000019,0.010464,0.376289,1
15709,1,0.010000,0.000019,0.010464,0.376289,0
15710,1,0.010000,0.000019,0.010464,0.376289,0
15711,1,0.010000,0.000019,0.010464,0.376288,1
15712,1,0.010000,0.000019,0.010464,0.376288,1
15713,1,0.010000,0.000019,0.010464,0.376288,1
15714,1,0.010000,0.000019,0.010464,0.376287,1
15715,1,0.010000,0.000019,0.010464,0.376287,1
15716,1,0.010000,0.000019,0.010464,0.376287,1
15717,1,0.010000,0.000019,0.010464,0.376287,1
15718,1,0.010000,0.000019,0.010464,0.376286,1
15719,1,0.010000,0.000019,0.010464,0.376286,1
15720,1,0.010000,0.000019,0.010464,0.376286,1
15721,1,0.010000,0.000019,0.010464,0.376285,1
15722,1,0.010000,0.000019,0.010464,0.376285,1
15723,1,0.010000,0.000019,0.010464,0.376285,0
15724,1,0.010000,0.000019,0.010464,0.376285,0
15725,1,0.010000,0.000019,0.010464,0.376284,1
15726,1,0.010000,0.000019,0.010464,0.376284,1
15727,1,0.010000,0.000018,0.010464,0.376284,1
15728,1,0.010000,0.000018,0.010464,0.376283,1
15729,1,0.010000,0.000018,0.010464,0.376283,1
15730,1,0.010000,0.000018,0.010464,0.376283,1
15731,1,0.010000,0.000018,0.010464,0.376283,1
15732,1,0.010000,0.000018,0.010464,0.376282,1
15733,1,0.010000,0.000018,0.010464,0.376282,1
15734,1,0.010000,0.000018,0.010464,0.376282,1
15735,1,0.010000,0.000018,0.010464,0.376281,1
15736,1,0.010000,0.000018,0.010464,0.376281,1
15737,1,0.010000,0.000018,0.010464,0.376281,1
15738,1,0.010000,0.000018,0.010464,0.376281,1
15739,1,0.010000,0.000018,0.010464,0.376280,1
15740,1,0.010000,0.000018,0.010464,0.376280,1
15741,1,0.010000,0.000018,0.010464,0.376280,1
15742,1,0.010000,0.000018,0.010464,0.376279,1
15743,1,0.010000,0.000018,0.010464,0.376279,1
15744,1,0.010000,0.000018,0.010464,0.376279,1
15745,1,0.010000,0.000018,0.010464,0.376279,1
15746,1,0.010000,0.000018,0.010464,0.376278,0
15747,1,0.010000,0.000018,0.010464,0.376278,1
15748,1,0.010000,0.000018,0.010464,0.376278,1
15749,1,0.010000,0.000018,0.010464,0.376277,1
15750,1,0.010000,0.000018,0.010464,0.376277,1
15751,1,0.010000,0.000018,0.010464,0.376277,1
15752,1,0.010000,0.000018,0.010464,0.376277,0
15753,1,0.010000,0.000018,0.010464,0.376276,1
15754,1,0.010000,0.000018,0.010464,0.376276,1
15755,1,0.010000,0.000018,0.010464,0.376276,1
15756,1,0.010000,0.000018,0.010464,0.376276,1
15757,1,0.010000,0.000018,0.010464,0.376275,0
15758,1,0.010000,0.000018,0.010464,0.376275,1
15759,1,0.010000,0.000018,0.010464,0.376275,1
15760,1,0.010000,0.000018,0.010464,0.376274,1
15761,1,0.010000,0.000018,0.010464,0.376274,1
15762,1,0.010000,0.000018,0.010464,0.376274,1
15763,1,0.010000,0.000018,0.010464,0.376274,1
15764,1,0.010000,0.000018,0.010464,0.376273,1
15765,1,0.010000,0.000018,0.010464,0.376273,1
15766,1,0.010000,0.000018,0.010464,0.376273,1
15767,1,0.010000,0.000018,0.010464,0.376273,1
15768,1,0.010000,0.000018,0.010464,0.376272,1
15769,1,0.010000,0.000018,0.010464,0.376272,1
15770,1,0.010000,0.000018,0.010464,0.376272,1
15771,1,0.010000,0.000018,0.010464,0.376272,1
15772,1,0.010000,0.000018,0.010464,0.376271,1
15773,1,0.010000,0.000018,0.010464,0.376271,1
15774,1,0.010000,0.000018,0.010464,0.376271,1
15775,1,0.010000,0.000018,0.010464,0.376270,1
15776,1,0.010000,0.000018,0.010464,0.376270,1
15777,1,0.010000,0.000018,0.010464,0.376270,1
15778,1,0.010000,0.000017,0.010464,0.376270,1
15779,1,0.010000,0.000017,0.010464,0.376269,1
15780,1,0.010000,0.000017,0.010464,0.376269,0
15781,1,0.010000,0.000017,0.010464,0.376269,1
15782,1,0.010000,0.000017,0.010464,0.376269,1
15783,1,0.010000,0.000017,0.010464,0.376268,1
15784,1,0.010000,0.000017,0.010464,0.376268,1
15785,1,0.010000,0.000017,0.010464,0.376268,1
15786,1,0.010000,0.000017,0.010464,0.376268,1
15787,1,0.010000,0.000017,0.010464,0.376267,1
15788,1,0.010000,0.000017,0.010464,0.376267,1
15789,1,0.010000,0.000017,0.010464,0.376267,1
15790,1,0.010000,0.000017,0.010464,0.376267,0
15791,1,0.010000,0.000017,0.010464,0.376266,1
15792,1,0.010000,0.000017,0.010464,0.376266,0
15793,1,0.010000,0.000017,0.010464,0.376266,1
15794,1,0.010000,0.000017,0.010464,0.376266,1
15795,1,0.010000,0.000017,0.010464,0.376265,1
15796,1,0.010000,0.000017,0.010464,0.376265,1
15797,1,0.010000,0.000017,0.010464,0.376265,1
15798,1,0.010000,0.000017,0.010464,0.376264,1
15799,1,0.010000,0.000017,0.010464,0.376264,1
15800,1,0.010000,0.000017,0.010464,0.376264,1
15801,1,0.010000,0.000017,0.010464,0.376264,1
15802,1,0.010000,0.000017,0.010464,0.376263,1
15803,1,0.010000,0.000017,0.010464,0.376263,1
15804,1,0.010000,0.000017,0.010464,0.376263,1
15805,1,0.010000,0.000017,0.010464,0.376263,1
15806,1,0.010000,0.000017,0.010464,0.376262,1
15807,1,0.010000,0.000017,0.010464,0.376262,1
15808,1,0.010000,0.000017,0.010464,0.376262,1
15809,1,0.010000,0.000017,0.010464,0.376262,1
15810,1,0.010000,0.000017,0.010464,0.376261,1
15811,1,0.010000,0.000017,0.010464,0.376261,1
15812,1,0.010000,0.000017,0.010464,0.376261,1
15813,1,0.010000,0.000017,0.010464,0.376261,1
15814,1,0.010000,0.000017,0.010464,0.376260,1
15815,1,0.010000,0.000017,0.010464,0.376260,1
15816,1,0.010000,0.000017,0.010464,0.376260,1
15817,1,0.010000,0.000017,0.010464,0.376260,1
15818,1,0.010000,0.000017,0.010464,0.376259,1
15819,1,0.010000,0.000017,0.010464,0.376259,1
15820,1,0.010000,0.000017,0.010464,0.376259,1
15821,1,0.010000,0.000017,0.010464,0.376259,1
15822,1,0.010000,0.000017,0.010464,0.376258,1
15823,1,0.010000,0.000017,0.010464,0.376258,0
15824,1,0.010000,0.000017,0.010464,0.376258,1
15825,1,0.010000,0.000017,0.010464,0.376258,1
15826,1,0.010000,0.000017,0.010464,0.376257,1
15827,1,0.010000,0.000017,0.010464,0.376257,1
15828,1,0.010000,0.000017,0.010464,0.376257,1
15829,1,0.010000,0.000017,0.010464,0.376257,1
15830,1,0.010000,0.000017,0.010464,0.376257,1
15831,1,0.010000,0.000017,0.010464,0.376256,1
15832,1,0.010000,0.000017,0.010464,0.376256,1
15833,1,0.010000,0.000016,0.010464,0.376256,1
15834,1,0.010000,0.000016,0.010464,0.376256,1
15835,1,0.010000,0.000016,0.010464,0.376255,1
15836,1,0.010000,0.000016,0.010464,0.376255,1
15837,1,0.010000,0.000016,0.010464,0.376255,1
15838,1,0.010000,0.000016,0.010464,0.376255,1
15839,1,0.010000,0.000016,0.010464,0.376254,1
15840,1,0.010000,0.000016,0.010464,0.376254,1
15841,1,0.010000,0.000016,0.010464,0.376254,1
15842,1,0.010000,0.000016,0.010464,0.376254,1
15843,1,0.010000,0.000016,0.010464,0.376253,1
15844,1,0.010000,0.000016,0.010464,0.376253,0
15845,1,0.010000,0.000016,0.010464,0.376253,1
15846,1,0.010000,0.000016,0.010464,0.376253,1
15847,1,0.010000,0.000016,0.010464,0.376252,1
15848,1,0.010000,0.000016,0.010464,0.376252,1
15849,1,0.010000,0.000016,0.010464,0.376252,1
15850,1,0.010000,0.000016,0.010464,0.376252,1
15851,1,0.010000,0.000016,0.010464,0.376251,1
15852,1,0.010000,0.000016,0.010464,0.376251,1
15853,1,0.010000,0.000016,0.010464,0.376251,1
15854,1,0.010000,0.000016,0.010464,0.376251,1
15855,1,0.010000,0.000016,0.010464,0.376251,1
15856,1,0.010000,0.000016,0.010464,0.376250,1
15857,1,0.010000,0.000016,0.010464,0.376250,1
15858,1,0.010000,0.000016,0.010464,0.376250,1
15859,1,0.010000,0.000016,0.010464,0.376250,1
15860,1,0.010000,0.000016,0.010464,0.376249,1
15861,1,0.010000,0.000016,0.010464,0.376249,1
15862,1,0.010000,0.000016,0.010464,0.376249,1
15863,1,0.010000,0.000016,0.010464,0.376249,1
15864,1,0.010000,0.000016,0.010464,0.376248,1
15865,1,0.010000,0.000016,0.010464,0.376248,1
15866,1,0.010000,0.000016,0.010464,0.376248,1
15867,1,0.010000,0.000016,0.010464,0.376248,1
15868,1,0.010000,0.000016,0.010464,0.376248,1
15869,1,0.010000,0.000016,0.010464,0.376247,1
15870,1,0.010000,0.000016,0.010464,0.376247,1
15871,1,0.010000,0.000016,0.010464,0.376247,1
15872,1,0.010000,0.000016,0.010464,0.376247,1
15873,1,0.010000,0.000016,0.010464,0.376246,1
15874,1,0.010000,0.000016,0.010464,0.376246,0
15875,1,0.010000,0.000016,0.010464,0.376246,1
15876,1,0.010000,0.000016,0.010464,0.376246,0
15877,1,0.010000,0.000016,0.010464,0.376246,1
15878,1,0.010000,0.000016,0.010464,0.376245,1
15879,1,0.010000,0.000016,0.010464,0.376245,0
15880,1,0.010000,0.000016,0.010464,0.376245,1
15881,1,0.010000,0.000016,0.010464,0.376245,1
15882,1,0.010000,0.000016,0.010464,0.376244,1
15883,1,0.010000,0.000016,0.010464,0.376244,1
15884,1,0.010000,0.000016,0.010464,0.376244,1
15885,1,0.010000,0.000016,0.010464,0.376244,1
15886,1,0.010000,0.000016,0.010464,0.376243,1
15887,1,0.010000,0.000016,0.010464,0.376243,1
15888,1,0.010000,0.000016,0.010464,0.376243,1
15889,1,0.010000,0.000016,0.010464,0.376243,1
15890,1,0.010000,0.000016,0.010464,0.376243,1
15891,1,0.010000,0.000016,0.010464,0.376242,0
15892,1,0.010000,0.000016,0.010464,0.376242,1
15893,1,0.010000,0.000015,0.010464,0.376242,1
15894,1,0.010000,0.000015,0.010464,0.376242,1
15895,1,0.010000,0.000015,0.010464,0.376242,1
15896,1,0.010000,0.000015,0.010464,0.376241,1
15897,1,0.010000,0.000015,0.010464,0.376241,1
15898,1,0.010000,0.000015,0.010464,0.376241,1
15899,1,0.010000,0.000015,0.010464,0.376241,1
15900,1,0.010000,0.000015,0.010464,0.376240,1
15901,1,0.010000,0.000015,0.010464,0.376240,1
15902,1,0.010000,0.000015,0.010464,0.376240,1
15903,1,0.010000,0.000015,0.010464,0.376240,1
15904,1,0.010000,0.000015,0.010464,0.376240,1
15905,1,0.010000,0.000015,0.010464,0.376239,1
15906,1,0.010000,0.000015,0.010464,0.376239,1
15907,1,0.010000,0.000015,0.010464,0.376239,1
15908,1,0.010000,0.000015,0.010464,0.376239,1
15909,1,0.010000,0.000015,0.010464,0.376239,1
15910,1,0.010000,0.000015,0.010464,0.376238,0
15911,1,0.010000,0.000015,0.010464,0.376238,1
15912,1,0.010000,0.000015,0.010464,0.376238,1
15913,1,0.010000,0.000015,0.010464,0.376238,1
15914,1,0.010000,0.000015,0.010464,0.376237,1
15915,1,0.010000,0.000015,0.010464,0.376237,1
15916,1,0.010000,0.000015,0.010464,0.376237,1
15917,1,0.010000,0.000015,0.010464,0.376237,1
15918,1,0.010000,0.000015,0.010464,0.376237,1
15919,1,0.010000,0.000015,0.010464,0.376236,1
15920,1,0.010000,0.000015,0.010464,0.376236,1
15921,1,0.010000,0.000015,0.010464,0.376236,1
15922,1,0.010000,0.000015,0.010464,0.376236,1
15923,1,0.010000,0.000015,0.010464,0.376236,1
15924,1,0.010000,0.000015,0.010464,0.376235,1
15925,1,0.010000,0.000015,0.010464,0.376235,0
15926,1,0.010000,0.000015,0.010464,0.376235,1
15927,1,0.010000,0.000015,0.010464,0.376235,0
15928,1,0.010000,0.000015,0.010464,0.376234,1
15929,1,0.010000,0.000015,0.010464,0.376234,1
15930,1,0.010000,0.000015,0.010464,0.376234,1
15931,1,0.010000,0.000015,0.010464,0.376234,0
15932,1,0.010000,0.000015,0.010464,0.376234,1
15933,1,0.010000,0.000015,0.010464,0.376233,1
15934,1,0.010000,0.000015,0.010464,0.376233,1
15935,1,0.010000,0.000015,0.010464,0.376233,1
15936,1,0.010000,0.000015,0.010464,0.376233,1
15937,1,0.010000,0.000015,0.010464,0.376233,1
15938,1,0.010000,0.000015,0.010464,0.376232,1
15939,1,0.010000,0.000015,0.010464,0.376232,1
15940,1,0.010000,0.000015,0.010464,0.376232,0
15941,1,0.010000,0.000015,0.010464,0.376232,1
15942,1,0.010000,0.000015,0.010464,0.376232,1
15943,1,0.010000,0.000015,0.010464,0.376231,1
15944,1,0.010000,0.000015,0.010464,0.376231,1
15945,1,0.010000,0.000015,0.010464,0.376231,0
15946,1,0.010000,0.000015,0.010464,0.376231,1
15947,1,0.010000,0.000015,0.010464,0.376231,1
15948,1,0.010000,0.000015,0.010464,0.376230,1
15949,1,0.010000,0.000015,0.010464,0.376230,1
15950,1,0.010000,0.000015,0.010464,0.376230,1
15951,1,0.010000,0.000015,0.010464,0.376230,0
15952,1,0.010000,0.000015,0.010464,0.376230,1
15953,1,0.010000,0.000015,0.010464,0.376229,1
15954,1,0.010000,0.000015,0.010464,0.376229,1
15955,1,0.010000,0.000015,0.010464,0.376229,1
15956,1,0.010000,0.000015,0.010464,0.376229,1
15957,1,0.010000,0.000015,0.010464,0.376229,1
15958,1,0.010000,0.000015,0.010464,0.376228,1
15959,1,0.010000,0.000015,0.010464,0.376228,1
15960,1,0.010000,0.000014,0.010464,0.376228,1
15961,1,0.010000,0.000014,0.010464,0.376228,1
15962,1,0.010000,0.000014,0.010464,0.376228,1
15963,1,0.010000,0.000014,0.010464,0.376227,1
15964,1,0.010000,0.000014,0.010464,0.376227,1
15965,1,0.010000,0.000014,0.010464,0.376227,1
15966,1,0.010000,0.000014,0.010464,0.376227,1
15967,1,0.010000,0.000014,0.010464,0.376227,1
15968,1,0.010000,0.000014,0.010464,0.376226,1
15969,1,0.010000,0.000014,0.010464,0.376226,1
15970,1,0.010000,0.000014,0.010464,0.376226,1
15971,1,0.010000,0.000014,0.010464,0.376226,1
15972,1,0.010000,0.000014,0.010464,0.376226,1
15973,1,0.010000,0.000014,0.010464,0.376225,1
15974,1,0.010000,0.000014,0.010464,0.376225,1
15975,1,0.010000,0.000014,0.010464,0.376225,1
15976,1,0.010000,0.000014,0.010464,0.376225,1
15977,1,0.010000,0.000014,0.010464,0.376225,1
15978,1,0.010000,0.000014,0.010464,0.376224,1
15979,1,0.010000,0.000014,0.010464,0.376224,1
15980,1,0.010000,0.000014,0.010464,0.376224,1
15981,1,0.010000,0.000014,0.010464,0.376224,1
15982,1,0.010000,0.000014,0.010464,0.376224,0
15983,1,0.010000,0.000014,0.010464,0.376223,1
15984,1,0.010000,0.000014,0.010464,0.376223,0
15985,1,0.010000,0.000014,0.010464,0.376223,1
15986,1,0.010000,0.000014,0.010464,0.376223,1
15987,1,0.010000,0.000014,0.010464,0.376223,1
15988,1,0.010000,0.000014,0.010464,0.376223,1
15989,1,0.010000,0.000014,0.010464,0.376222,1
15990,1,0.010000,0.000014,0.010464,0.376222,1
15991,1,0.010000,0.000014,0.010464,0.376222,1
15992,1,0.010000,0.000014,0.010464,0.376222,1
15993,1,0.010000,0.000014,0.010464,0.376222,1
15994,1,0.010000,0.000014,0.010464,0.376221,1
15995,1,0.010000,0.000014,0.010464,0.376221,1
15996,1,0.010000,0.000014,0.010464,0.376221,1
15997,1,0.010000,0.000014,0.010464,0.376221,1
15998,1,0.010000,0.000014,0.010464,0.376221,1
15999,1,0.010000,0.000014,0.010464,0.376220,1
16000,1,0.010000,0.000014,0.010464,0.376220,0
16001,1,0.010000,0.000014,0.010464,0.376220,0
16002,1,0.010000,0.000014,0.010464,0.376220,0
16003,1,0.010000,0.000014,0.010464,0.376220,1
16004,1,0.010000,0.000014,0.010464,0.376219,1
16005,1,0.010000,0.000014,0.010464,0.376219,1
16006,1,0.010000,0.000014,0.010464,0.376219,0
16007,1,0.010000,0.000014,0.010464,0.376219,1
16008,1,0.010000,0.000014,0.010464,0.376219,1
16009,1,0.010000,0.000014,0.010464,0.376219,1
16010,1,0.010000,0.000014,0.010464,0.376218,1
16011,1,0.010000,0.000014,0.010464,0.376218,1
16012,1,0.010000,0.000014,0.010464,0.376218,1
16013,1,0.010000,0.000014,0.010464,0.376218,1
16014,1,0.010000,0.000014,0.010464,0.376218,1
16015,1,0.010000,0.000014,0.010464,0.376217,1
16016,1,0.010000,0.000014,0.010464,0.376217,1
16017,1,0.010000,0.000014,0.010464,0.376217,1
16018,1,0.010000,0.000014,0.010464,0.376217,1
16019,1,0.010000,0.000014,0.010464,0.376217,1
16020,1,0.010000,0.000014,0.010464,0.376217,1
16021,1,0.010000,0.000014,0.010464,0.376216,1
16022,1,0.010000,0.000014,0.010464,0.376216,1
16023,1,0.010000,0.000014,0.010464,0.376216,1
16024,1,0.010000,0.000014,0.010464,0.376216,1
16025,1,0.010000,0.000014,0.010464,0.376216,1
16026,1,0.010000,0.000014,0.010464,0.376215,1
16027,1,0.010000,0.000014,0.010464,0.376215,1
16028,1,0.010000,0.000014,0.010464,0.376215,1
16029,1,0.010000,0.000014,0.010464,0.376215,1
16030,1,0.010000,0.000014,0.010464,0.376215,1
16031,1,0.010000,0.000014,0.010464,0.376215,1
16032,1,0.010000,0.000014,0.010464,0.376214,1
16033,1,0.010000,0.000014,0.010464,0.376214,1
16034,1,0.010000,0.000013,0.010464,0.376214,1
16035,1,0.010000,0.000013,0.010464,0.376214,1
16036,1,0.010000,0.000013,0.010464,0.376214,1
16037,1,0.010000,0.000013,0.010464,0.376213,1
16038,1,0.010000,0.000013,0.010464,0.376213,1
16039,1,0.010000,0.000013,0.010464,0.376213,1
16040,1,0.010000,0.000013,0.010464,0.376213,1
16041,1,0.010000,0.000013,0.010464,0.376213,1
16042,1,0.010000,0.000013,0.010464,0.376213,1
16043,1,0.010000,0.000013,0.010464,0.376212,1
16044,1,0.010000,0.000013,0.010464,0.376212,0
16045,1,0.010000,0.000013,0.010464,0.376212,1
16046,1,0.010000,0.000013,0.010464,0.376212,1
16047,1,0.010000,0.000013,0.010464,0.376212,1
16048,1,0.010000,0.000013,0.010464,0.376212,1
16049,1,0.010000,0.000013,0.010464,0.376211,1
16050,1,0.010000,0.000013,0.010464,0.376211,1
16051,1,0.010000,0.000013,0.010464,0.376211,1
16052,1,0.010000,0.000013,0.010464,0.376211,1
16053,1,0.010000,0.000013,0.010464,0.376211,1
16054,1,0.010000,0.000013,0.010464,0.376210,0
16055,1,0.010000,0.000013,0.010464,0.376210,1
16056,1,0.010000,0.000013,0.010464,0.376210,0
16057,1,0.010000,0.000013,0.010464,0.376210,1
16058,1,0.010000,0.000013,0.010464,0.376210,1
16059,1,0.010000,0.000013,0.010464,0.376210,1
16060,1,0.010000,0.000013,0.010464,0.376209,1
16061,1,0.010000,0.000013,0.010464,0.376209,1
16062,1,0.010000,0.000013,0.010464,0.376209,1
16063,1,0.010000,0.000013,0.010464,0.376209,1
16064,1,0.010000,0.000013,0.010464,0.376209,1
16065,1,0.010000,0.000013,0.010464,0.376209,1
16066,1,0.010000,0.000013,0.010464,0.376208,1
16067,1,0.010000,0.000013,0.010464,0.376208,1
16068,1,0.010000,0.000013,0.010464,0.376208,1
16069,1,0.010000,0.000013,0.010464,0.376208,1
16070,1,0.010000,0.000013,0.010464,0.376208,0
16071,1,0.010000,0.000013,0.010464,0.376208,1
16072,1,0.010000,0.000013,0.010464,0.376207,1
16073,1,0.010000,0.000013,0.010464,0.376207,1
16074,1,0.010000,0.000013,0.010464,0.376207,1
16075,1,0.010000,0.000013,0.010464,0.376207,1
16076,1,0.010000,0.000013,0.010464,0.376207,1
16077,1,0.010000,0.000013,0.010464,0.376207,1
16078,1,0.010000,0.000013,0.010464,0.376206,1
16079,1,0.010000,0.000013,0.010464,0.376206,1
16080,1,0.010000,0.000013,0.010464,0.376206,1
16081,1,0.010000,0.000013,0.010464,0.376206,1
16082,1,0.010000,0.000013,0.010464,0.376206,1
16083,1,0.010000,0.000013,0.010464,0.376206,1
16084,1,0.010000,0.000013,0.010464,0.376205,1
16085,1,0.010000,0.000013,0.010464,0.376205,1
16086,1,0.010000,0.000013,0.010464,0.376205,1
16087,1,0.010000,0.000013,0.010464,0.376205,1
16088,1,0.010000,0.000013,0.010464,0.376205,1
16089,1,0.010000,0.000013,0.010464,0.376205,1
16090,1,0.010000,0.000013,0.010464,0.376204,1
16091,1,0.010000,0.000013,0.010464,0.376204,1
16092,1,0.010000,0.000013,0.010464,0.376204,1
16093,1,0.010000,0.000013,0.010464,0.376204,1
16094,1,0.010000,0.000013,0.010464,0.376204,1
16095,1,0.010000,0.000013,0.010464,0.376204,1
16096,1,0.010000,0.000013,0.010464,0.376203,1
16097,1,0.010000,0.000013,0.010464,0.376203,1
16098,1,0.010000,0.000013,0.010464,0.376203,1
16099,1,0.010000,0.000013,0.010464,0.376203,1
16100,1,0.010000,0.000013,0.010464,0.376203,1
16101,1,0.010000,0.000013,0.010464,0.376203,1
16102,1,0.010000,0.000013,0.010464,0.376202,1
16103,1,0.010000,0.000013,0.010464,0.376202,0
16104,1,0.010000,0.000013,0.010464,0.376202,0
16105,1,0.010000,0.000013,0.010464,0.376202,1
16106,1,0.010000,0.000013,0.010464,0.376202,1
16107,1,0.010000,0.000013,0.010464,0.376202,1
16108,1,0.010000,0.000013,0.010464,0.376201,1
16109,1,0.010000,0.000013,0.010464,0.376201,1
16110,1,0.010000,0.000013,0.010464,0.376201,1
16111,1,0.010000,0.000013,0.010464,0.376201,1
16112,1,0.010000,0.000013,0.010464,0.376201,1
16113,1,0.010000,0.000013,0.010464,0.376201,1
16114,1,0.010000,0.000013,0.010464,0.376201,1
16115,1,0.010000,0.000013,0.010464,0.376200,1
16116,1,0.010000,0.000012,0.010464,0.376200,0
16117,1,0.010000,0.000012,0.010464,0.376200,0
16118,1,0.010000,0.000012,0.010464,0.376200,1
16119,1,0.010000,0.000012,0.010464,0.376200,0
16120,1,0.010000,0.000012,0.010464,0.376200,1
16121,1,0.010000,0.000012,0.010464,0.376199,1
16122,1,0.010000,0.000012,0.010464,0.376199,1
16123,1,0.010000,0.000012,0.010464,0.376199,1
16124,1,0.010000,0.000012,0.010464,0.376199,1
16125,1,0.010000,0.000012,0.010464,0.376199,1
16126,1,0.010000,0.000012,0.010464,0.376199,1
16127,1,0.010000,0.000012,0.010464,0.376198,1
16128,1,0.010000,0.000012,0.010464,0.376198,1
16129,1,0.010000,0.000012,0.010464,0.376198,0
16130,1,0.010000,0.000012,0.010464,0.376198,1
16131,1,0.010000,0.000012,0.010464,0.376198,0
16132,1,0.010000,0.000012,0.010464,0.376198,1
16133,1,0.010000,0.000012,0.010464,0.376198,1
16134,1,0.010000,0.000012,0.010464,0.376197,1
16135,1,0.010000,0.000012,0.010464,0.376197,1
16136,1,0.010000,0.000012,0.010464,0.376197,1
16137,1,0.010000,0.000012,0.010464,0.376197,1
16138,1,0.010000,0.000012,0.010464,0.376197,1
16139,1,0.010000,0.000012,0.010464,0.376197,1
16140,1,0.010000,0.000012,0.010464,0.376196,1
16141,1,0.010000,0.000012,0.010464,0.376196,1
16142,1,0.010000,0.000012,0.010464,0.376196,1
16143,1,0.010000,0.000012,0.010464,0.376196,1
16144,1,0.010000,0.000012,0.010464,0.376196,1
16145,1,0.010000,0.000012,0.010464,0.376196,1
16146,1,0.010000,0.000012,0.010464,0.376196,1
16147,1,0.010000,0.000012,0.010464,0.376195,0
16148,1,0.010000,0.000012,0.010464,0.376195,0
16149,1,0.010000,0.000012,0.010464,0.376195,1
16150,1,0.010000,0.000012,0.010464,0.376195,1
16151,1,0.010000,0.000012,0.010464,0.376195,1
16152,1,0.010000,0.000012,0.010464,0.376195,1
16153,1,0.010000,0.000012,0.010464,0.376194,1
16154,1,0.010000,0.000012,0.010464,0.376194,1
16155,1,0.010000,0.000012,0.010464,0.376194,1
16156,1,0.010000,0.000012,0.010464,0.376194,0
16157,1,0.010000,0.000012,0.010464,0.376194,1
16158,1,0.010000,0.000012,0.010464,0.376194,1
16159,1,0.010000,0.000012,0.010464,0.376194,1
16160,1,0.010000,0.000012,0.010464,0.376193,1
16161,1,0.010000,0.000012,0.010464,0.376193,1
16162,1,0.010000,0.000012,0.010464,0.376193,0
16163,1,0.010000,0.000012,0.010464,0.376193,1
16164,1,0.010000,0.000012,0.010464,0.376193,1
16165,1,0.010000,0.000012,0.010464,0.376193,1
16166,1,0.010000,0.000012,0.010464,0.376193,1
16167,1,0.010000,0.000012,0.010464,0.376192,1
16168,1,0.010000,0.000012,0.010464,0.376192,1
16169,1,0.010000,0.000012,0.010464,0.376192,1
16170,1,0.010000,0.000012,0.010464,0.376192,1
16171,1,0.010000,0.000012,0.010464,0.376192,1
16172,1,0.010000,0.000012,0.010464,0.376192,1
16173,1,0.010000,0.000012,0.010464,0.376191,1
16174,1,0.010000,0.000012,0.010464,0.376191,1
16175,1,0.010000,0.000012,0.010464,0.376191,1
16176,1,0.010000,0.000012,0.010464,0.376191,1
16177,1,0.010000,0.000012,0.010464,0.376191,1
16178,1,0.010000,0.000012,0.010464,0.376191,1
16179,1,0.010000,0.000012,0.010464,0.376191,1
16180,1,0.010000,0.000012,0.010464,0.376190,1
16181,1,0.010000,0.000012,0.010464,0.376190,1
16182,1,0.010000,0.000012,0.010464,0.376190,1
16183,1,0.010000,0.000012,0.010464,0.376190,1
16184,1,0.010000,0.000012,0.010464,0.376190,0
16185,1,0.010000,0.000012,0.010464,0.376190,1
16186,1,0.010000,0.000012,0.010464,0.376190,1
16187,1,0.010000,0.000012,0.010464,0.376189,1
16188,1,0.010000,0.000012,0.010464,0.376189,1
16189,1,0.010000,0.000012,0.010464,0.376189,0
16190,1,0.010000,0.000012,0.010464,0.376189,1
16191,1,0.010000,0.000012,0.010464,0.376189,1
16192,1,0.010000,0.000012,0.010464,0.376189,1
16193,1,0.010000,0.000012,0.010464,0.376189,1
16194,1,0.010000,0.000012,0.010464,0.376188,0
16195,1,0.010000,0.000012,0.010464,0.376188,0
16196,1,0.010000,0.000012,0.010464,0.376188,1
16197,1,0.010000,0.000012,0.010464,0.376188,1
16198,1,0.010000,0.000012,0.010464,0.376188,1
16199,1,0.010000,0.000012,0.010464,0.376188,1
16200,1,0.010000,0.000012,0.010464,0.376188,1
16201,1,0.010000,0.000012,0.010464,0.376187,1
16202,1,0.010000,0.000012,0.010464,0.376187,1
16203,1,0.010000,0.000012,0.010464,0.376187,1
16204,1,0.010000,0.000012,0.010464,0.376187,1
16205,1,0.010000,0.000012,0.010464,0.376187,0
16206,1,0.010000,0.000012,0.010464,0.376187,0
16207,1,0.010000,0.000012,0.010464,0.376187,1
16208,1,0.010000,0.000012,0.010464,0.376186,1
16209,1,0.010000,0.000011,0.010464,0.376186,1
16210,1,0.010000,0.000011,0.010464,0.376186,1
16211,1,0.010000,0.000011,0.010464,0.376186,1
16212,1,0.010000,0.000011,0.010464,0.376186,1
16213,1,0.010000,0.000011,0.010464,0.376186,1
16214,1,0.010000,0.000011,0.010464,0.376186,1
16215,1,0.010000,0.000011,0.010464,0.376185,1
16216,1,0.010000,0.000011,0.010464,0.376185,1
16217,1,0.010000,0.000011,0.010464,0.376185,1
16218,1,0.010000,0.000011,0.010464,0.376185,1
16219,1,0.010000,0.000011,0.010464,0.376185,1
16220,1,0.010000,0.000011,0.010464,0.376185,1
16221,1,0.010000,0.000011,0.010464,0.376185,1
16222,1,0.010000,0.000011,0.010464,0.376185,1
16223,1,0.010000,0.000011,0.010464,0.376184,1
16224,1,0.010000,0.000011,0.010464,0.376184,1
16225,1,0.010000,0.000011,0.010464,0.376184,1
16226,1,0.010000,0.000011,0.010464,0.376184,1
16227,1,0.010000,0.000011,0.010464,0.376184,1
16228,1,0.010000,0.000011,0.010464,0.376184,1
16229,1,0.010000,0.000011,0.010464,0.376184,1
16230,1,0.010000,0.000011,0.010464,0.376183,1
16231,1,0.010000,0.000011,0.010464,0.376183,1
16232,1,0.010000,0.000011,0.010464,0.376183,1
16233,1,0.010000,0.000011,0.010464,0.376183,1
16234,1,0.010000,0.000011,0.010464,0.376183,1
16235,1,0.010000,0.000011,0.010464,0.376183,1
16236,1,0.010000,0.000011,0.010464,0.376183,1
16237,1,0.010000,0.000011,0.010464,0.376182,1
16238,1,0.010000,0.000011,0.010464,0.376182,1
16239,1,0.010000,0.000011,0.010464,0.376182,1
16240,1,0.010000,0.000011,0.010464,0.376182,1
16241,1,0.010000,0.000011,0.010464,0.376182,1
16242,1,0.010000,0.000011,0.010464,0.376182,0
16243,1,0.010000,0.000011,0.010464,0.376182,0
16244,1,0.010000,0.000011,0.010464,0.376182,1
16245,1,0.010000,0.000011,0.010464,0.376181,1
16246,1,0.010000,0.000011,0.010464,0.376181,1
16247,1,0.010000,0.000011,0.010464,0.376181,1
16248,1,0.010000,0.000011,0.010464,0.376181,1
16249,1,0.010000,0.000011,0.010464,0.376181,1
16250,1,0.010000,0.000011,0.010464,0.376181,1
16251,1,0.010000,0.000011,0.010464,0.376181,1
16252,1,0.010000,0.000011,0.010464,0.376180,1
16253,1,0.010000,0.000011,0.010464,0.376180,1
16254,1,0.010000,0.000011,0.010464,0.376180,1
16255,1,0.010000,0.000011,0.010464,0.376180,1
16256,1,0.010000,0.000011,0.010464,0.376180,1
16257,1,0.010000,0.000011,0.010464,0.376180,1
16258,1,0.010000,0.000011,0.010464,0.376180,1
16259,1,0.010000,0.000011,0.010464,0.376180,1
16260,1,0.010000,0.000011,0.010464,0.376179,1
16261,1,0.010000,0.000011,0.010464,0.376179,1
16262,1,0.010000,0.000011,0.010464,0.376179,1
16263,1,0.010000,0.000011,0.010464,0.376179,1
16264,1,0.010000,0.000011,0.010464,0.376179,1
16265,1,0.010000,0.000011,0.010464,0.376179,1
16266,1,0.010000,0.000011,0.010464,0.376179,1
16267,1,0.010000,0.000011,0.010464,0.376178,0
16268,1,0.010000,0.000011,0.010464,0.376178,1
16269,1,0.010000,0.000011,0.010464,0.376178,0
16270,1,0.010000,0.000011,0.010464,0.376178,1
16271,1,0.010000,0.000011,0.010464,0.376178,1
16272,1,0.010000,0.000011,0.010464,0.376178,0
16273,1,0.010000,0.000011,0.010464,0.376178,0
16274,1,0.010000,0.000011,0.010464,0.376178,1
16275,1,0.010000,0.000011,0.010464,0.376177,1
16276,1,0.010000,0.000011,0.010464,0.376177,1
16277,1,0.010000,0.000011,0.010464,0.376177,1
16278,1,0.010000,0.000011,0.010464,0.376177,1
16279,1,0.010000,0.000011,0.010464,0.376177,1
16280,1,0.010000,0.000011,0.010464,0.376177,1
16281,1,0.010000,0.000011,0.010464,0.376177,1
16282,1,0.010000,0.000011,0.010464,0.376177,1
16283,1,0.010000,0.000011,0.010464,0.376176,1
16284,1,0.010000,0.000011,0.010464,0.376176,1
16285,1,0.010000,0.000011,0.010464,0.376176,1
16286,1,0.010000,0.000011,0.010464,0.376176,1
16287,1,0.010000,0.000011,0.010464,0.376176,1
16288,1,0.010000,0.000011,0.010464,0.376176,1
16289,1,0.010000,0.000011,0.010464,0.376176,1
16290,1,0.010000,0.000011,0.010464,0.376176,1
16291,1,0.010000,0.000011,0.010464,0.376175,1
16292,1,0.010000,0.000011,0.010464,0.376175,1
16293,1,0.010000,0.000011,0.010464,0.376175,1
16294,1,0.010000,0.000011,0.010464,0.376175,1
16295,1,0.010000,0.000011,0.010464,0.376175,1
16296,1,0.010000,0.000011,0.010464,0.376175,1
16297,1,0.010000,0.000011,0.010464,0.376175,1
16298,1,0.010000,0.000011,0.010464,0.376175,0
16299,1,0.010000,0.000011,0.010464,0.376174,1
16300,1,0.010000,0.000011,0.010464,0.376174,1
16301,1,0.010000,0.000011,0.010464,0.376174,1
16302,1,0.010000,0.000011,0.010464,0.376174,1
16303,1,0.010000,0.000011,0.010464,0.376174,1
16304,1,0.010000,0.000011,0.010464,0.376174,1
16305,1,0.010000,0.000011,0.010464,0.376174,1
16306,1,0.010000,0.000011,0.010464,0.376174,1
16307,1,0.010000,0.000011,0.010464,0.376173,1
16308,1,0.010000,0.000011,0.010464,0.376173,1
16309,1,0.010000,0.000011,0.010464,0.376173,1
16310,1,0.010000,0.000011,0.010464,0.376173,1
16311,1,0.010000,0.000011,0.010464,0.376173,1
16312,1,0.010000,0.000011,0.010464,0.376173,1
16313,1,0.010000,0.000011,0.010464,0.376173,1
16314,1,0.010000,0.000011,0.010464,0.376173,1
16315,1,0.010000,0.000010,0.010464,0.376172,1
16316,1,0.010000,0.000010,0.010464,0.376172,1
16317,1,0.010000,0.000010,0.010464,0.376172,1
16318,1,0.010000,0.000010,0.010464,0.376172,1
16319,1,0.010000,0.000010,0.010464,0.376172,0
16320,1,0.010000,0.000010,0.010464,0.376172,1
16321,1,0.010000,0.000010,0.010464,0.376172,1
16322,1,0.010000,0.000010,0.010464,0.376172,1
16323,1,0.010000,0.000010,0.010464,0.376171,1
16324,1,0.010000,0.000010,0.010464,0.376171,1
16325,1,0.010000,0.000010,0.010464,0.376171,1
16326,1,0.010000,0.000010,0.010464,0.376171,1
16327,1,0.010000,0.000010,0.010464,0.376171,1
16328,1,0.010000,0.000010,0.010464,0.376171,1
16329,1,0.010000,0.000010,0.010464,0.376171,1
16330,1,0.010000,0.000010,0.010464,0.376171,1
16331,1,0.010000,0.000010,0.010464,0.376170,1
16332,1,0.010000,0.000010,0.010464,0.376170,1
16333,1,0.010000,0.000010,0.010464,0.376170,1
16334,1,0.010000,0.000010,0.010464,0.376170,1
16335,1,0.010000,0.000010,0.010464,0.376170,1
16336,1,0.010000,0.000010,0.010464,0.376170,1
16337,1,0.010000,0.000010,0.010464,0.376170,1
16338,1,0.010000,0.000010,0.010464,0.376170,1
16339,1,0.010000,0.000010,0.010464,0.376170,1
16340,1,0.010000,0.000010,0.010464,0.376169,1
16341,1,0.010000,0.000010,0.010464,0.376169,1
16342,1,0.010000,0.000010,0.010464,0.376169,1
16343,1,0.010000,0.000010,0.010464,0.376169,1
16344,1,0.010000,0.000010,0.010464,0.376169,1
16345,1,0.010000,0.000010,0.010464,0.376169,1
16346,1,0.010000,0.000010,0.010464,0.376169,1
16347,1,0.010000,0.000010,0.010464,0.376169,1
16348,1,0.010000,0.000010,0.010464,0.376168,1
16349,1,0.010000,0.000010,0.010464,0.376168,1
16350,1,0.010000,0.000010,0.010464,0.376168,1
16351,1,0.010000,0.000010,0.010464,0.376168,1
16352,1,0.010000,0.000010,0.010464,0.376168,1
16353,1,0.010000,0.000010,0.010464,0.376168,1
16354,1,0.010000,0.000010,0.010464,0.376168,0
16355,1,0.010000,0.000010,0.010464,0.376168,1
16356,1,0.010000,0.000010,0.010464,0.376168,1
16357,1,0.010000,0.000010,0.010464,0.376167,1
16358,1,0.010000,0.000010,0.010464,0.376167,1
16359,1,0.010000,0.000010,0.010464,0.376167,0
16360,1,0.010000,0.000010,0.010464,0.376167,1
16361,1,0.010000,0.000010,0.010464,0.376167,1
16362,1,0.010000,0.000010,0.010464,0.376167,0
16363,1,0.010000,0.000010,0.010464,0.376167,1
16364,1,0.010000,0.000010,0.010464,0.376167,1
16365,1,0.010000,0.000010,0.010464,0.376166,1
16366,1,0.010000,0.000010,0.010464,0.376166,1
16367,1,0.010000,0.000010,0.010464,0.376166,1
16368,1,0.010000,0.000010,0.010464,0.376166,1
16369,1,0.010000,0.000010,0.010464,0.376166,0
16370,1,0.010000,0.000010,0.010464,0.376166,1
16371,1,0.010000,0.000010,0.010464,0.376166,1
16372,1,0.010000,0.000010,0.010464,0.376166,1
16373,1,0.010000,0.000010,0.010464,0.376166,1
16374,1,0.010000,0.000010,0.010464,0.376165,0
16375,1,0.010000,0.000010,0.010464,0.376165,1
16376,1,0.010000,0.000010,0.010464,0.376165,1
16377,1,0.010000,0.000010,0.010464,0.376165,1
16378,1,0.010000,0.000010,0.010464,0.376165,1
16379,1,0.010000,0.000010,0.010464,0.376165,1
16380,1,0.010000,0.000010,0.010464,0.376165,1
16381,1,0.010000,0.000010,0.010464,0.376165,1
16382,1,0.010000,0.000010,0.010464,0.376165,1
16383,1,0.010000,0.000010,0.010464,0.376164,1
16384,1,0.010000,0.000010,0.010464,0.376164,1
16385,1,0.010000,0.000010,0.010464,0.376164,1
16386,1,0.010000,0.000010,0.010464,0.376164,1
16387,1,0.010000,0.000010,0.010464,0.376164,1
16388,1,0.010000,0.000010,0.010464,0.376164,1
16389,1,0.010000,0.000010,0.010464,0.376164,1
16390,1,0.010000,0.000010,0.010464,0.376164,1
16391,1,0.010000,0.000010,0.010464,0.376164,1
16392,1,0.010000,0.000010,0.010464,0.376163,1
16393,1,0.010000,0.000010,0.010464,0.376163,1
16394,1,0.010000,0.000010,0.010464,0.376163,1
16395,1,0.010000,0.000010,0.010464,0.376163,0
16396,1,0.010000,0.000010,0.010464,0.376163,1
16397,1,0.010000,0.000010,0.010464,0.376163,1
16398,1,0.010000,0.000010,0.010464,0.376163,1
16399,1,0.010000,0.000010,0.010464,0.376163,1
16400,1,0.010000,0.000010,0.010464,0.376163,0
16401,1,0.010000,0.000010,0.010464,0.376162,1
16402,1,0.010000,0.000010,0.010464,0.376162,1
16403,1,0.010000,0.000010,0.010464,0.376162,1
16404,1,0.010000,0.000010,0.010464,0.376162,1
16405,1,0.010000,0.000010,0.010464,0.376162,1
16406,1,0.010000,0.000010,0.010464,0.376162,0
16407,1,0.010000,0.000010,0.010464,0.376162,1
16408,1,0.010000,0.000010,0.010464,0.376162,0
16409,1,0.010000,0.000010,0.010464,0.376162,1
16410,1,0.010000,0.000010,0.010464,0.376161,1
16411,1,0.010000,0.000010,0.010464,0.376161,1
16412,1,0.010000,0.000010,0.010464,0.376161,1
16413,1,0.010000,0.000010,0.010464,0.376161,1
16414,1,0.010000,0.000010,0.010464,0.376161,1
16415,1,0.010000,0.000010,0.010464,0.376161,1
16416,1,0.010000,0.000010,0.010464,0.376161,1
16417,1,0.010000,0.000010,0.010464,0.376161,1
16418,1,0.010000,0.000010,0.010464,0.376161,1
16419,1,0.010000,0.000010,0.010464,0.376160,1
16420,1,0.010000,0.000010,0.010464,0.376160,1
16421,1,0.010000,0.000010,0.010464,0.376160,1
16422,1,0.010000,0.000010,0.010464,0.376160,1
16423,1,0.010000,0.000010,0.010464,0.376160,1
16424,1,0.010000,0.000010,0.010464,0.376160,0
16425,1,0.010000,0.000010,0.010464,0.376160,1
16426,1,0.010000,0.000010,0.010464,0.376160,1
16427,1,0.010000,0.000010,0.010464,0.376160,0
16428,1,0.010000,0.000010,0.010464,0.376160,1
16429,1,0.010000,0.000010,0.010464,0.376159,1
16430,1,0.010000,0.000010,0.010464,0.376159,1
16431,1,0.010000,0.000010,0.010464,0.376159,1
16432,1,0.010000,0.000010,0.010464,0.376159,1
16433,1,0.010000,0.000010,0.010464,0.376159,1
16434,1,0.010000,0.000010,0.010464,0.376159,1
16435,1,0.010000,0.000010,0.010464,0.376159,1
16436,1,0.010000,0.000010,0.010464,0.376159,0
16437,1,0.010000,0.000010,0.010464,0.376159,1
16438,1,0.010000,0.000009,0.010464,0.376158,0
16439,1,0.010000,0.000009,0.010464,0.376158,0
16440,1,0.010000,0.000009,0.010464,0.376158,0
16441,1,0.010000,0.000009,0.010464,0.376158,1
16442,1,0.010000,0.000009,0.010464,0.376158,1
16443,1,0.010000,0.000009,0.010464,0.376158,1
16444,1,0.010000,0.000009,0.010464,0.376158,0
16445,1,0.010000,0.000009,0.010464,0.376158,1
16446,1,0.010000,0.000009,0.010464,0.376158,1
16447,1,0.010000,0.000009,0.010464,0.376158,1
16448,1,0.010000,0.000009,0.010464,0.376157,1
16449,1,0.010000,0.000009,0.010464,0.376157,1
16450,1,0.010000,0.000009,0.010464,0.376157,1
16451,1,0.010000,0.000009,0.010464,0.376157,1
16452,1,0.010000,0.000009,0.010464,0.376157,1
16453,1,0.010000,0.000009,0.010464,0.376157,1
16454,1,0.010000,0.000009,0.010464,0.376157,1
16455,1,0.010000,0.000009,0.010464,0.376157,1
16456,1,0.010000,0.000009,0.010464,0.376157,0
16457,1,0.010000,0.000009,0.010464,0.376156,1
16458,1,0.010000,0.000009,0.010464,0.376156,1
16459,1,0.010000,0.000009,0.010464,0.376156,1
16460,1,0.010000,0.000009,0.010464,0.376156,1
16461,1,0.010000,0.000009,0.010464,0.376156,1
16462,1,0.010000,0.000009,0.010464,0.376156,1
16463,1,0.010000,0.000009,0.010464,0.376156,1
16464,1,0.010000,0.000009,0.010464,0.376156,1
16465,1,0.010000,0.000009,0.010464,0.376156,1
16466,1,0.010000,0.000009,0.010464,0.376156,1
16467,1,0.010000,0.000009,0.010464,0.376155,1
16468,1,0.010000,0.000009,0.010464,0.376155,1
16469,1,0.010000,0.000009,0.010464,0.376155,1
16470,1,0.010000,0.000009,0.010464,0.376155,1
16471,1,0.010000,0.000009,0.010464,0.376155,1
16472,1,0.010000,0.000009,0.010464,0.376155,1
16473,1,0.010000,0.000009,0.010464,0.376155,1
16474,1,0.010000,0.000009,0.010464,0.376155,1
16475,1,0.010000,0.000009,0.010464,0.376155,0
16476,1,0.010000,0.000009,0.010464,0.376155,1
16477,1,0.010000,0.000009,0.010464,0.376154,1
16478,1,0.010000,0.000009,0.010464,0.376154,1
16479,1,0.010000,0.000009,0.010464,0.376154,1
16480,1,0.010000,0.000009,0.010464,0.376154,1
16481,1,0.010000,0.000009,0.010464,0.376154,1
16482,1,0.010000,0.000009,0.010464,0.376154,1
16483,1,0.010000,0.000009,0.010464,0.376154,1
16484,1,0.010000,0.000009,0.010464,0.376154,1
16485,1,0.010000,0.000009,0.010464,0.376154,0
16486,1,0.010000,0.000009,0.010464,0.376154,1
16487,1,0.010000,0.000009,0.010464,0.376153,1
16488,1,0.010000,0.000009,0.010464,0.376153,1
16489,1,0.010000,0.000009,0.010464,0.376153,0
16490,1,0.010000,0.000009,0.010464,0.376153,1
16491,1,0.010000,0.000009,0.010464,0.376153,1
16492,1,0.010000,0.000009,0.010464,0.376153,1
16493,1,0.010000,0.000009,0.010464,0.376153,1
16494,1,0.010000,0.000009,0.010464,0.376153,1
16495,1,0.010000,0.000009,0.010464,0.376153,1
16496,1,0.010000,0.000009,0.010464,0.376153,1
16497,1,0.010000,0.000009,0.010464,0.376152,1
16498,1,0.010000,0.000009,0.010464,0.376152,1
16499,1,0.010000,0.000009,0.010464,0.376152,1
16500,1,0.010000,0.000009,0.010464,0.376152,1
16501,1,0.010000,0.000009,0.010464,0.376152,1
16502,1,0.010000,0.000009,0.010464,0.376152,1
16503,1,0.010000,0.000009,0.010464,0.376152,0
16504,1,0.010000,0.000009,0.010464,0.376152,1
16505,1,0.010000,0.000009,0.010464,0.376152,0
16506,1,0.010000,0.000009,0.010464,0.376152,1
16507,1,0.010000,0.000009,0.010464,0.376151,0
16508,1,0.010000,0.000009,0.010464,0.376151,1
16509,1,0.010000,0.000009,0.010464,0.376151,1
16510,1,0.010000,0.000009,0.010464,0.376151,1
16511,1,0.010000,0.000009,0.010464,0.376151,1
16512,1,0.010000,0.000009,0.010464,0.376151,1
16513,1,0.010000,0.000009,0.010464,0.376151,1
16514,1,0.010000,0.000009,0.010464,0.376151,1
16515,1,0.010000,0.000009,0.010464,0.376151,1
16516,1,0.010000,0.000009,0.010464,0.376151,1
16517,1,0.010000,0.000009,0.010464,0.376151,1
16518,1,0.010000,0.000009,0.010464,0.376150,1
16519,1,0.010000,0.000009,0.010464,0.376150,1
16520,1,0.010000,0.000009,0.010464,0.376150,1
16521,1,0.010000,0.000009,0.010464,0.376150,1
16522,1,0.010000,0.000009,0.010464,0.376150,1
16523,1,0.010000,0.000009,0.010464,0.376150,1
16524,1,0.010000,0.000009,0.010464,0.376150,1
16525,1,0.010000,0.000009,0.010464,0.376150,1
16526,1,0.010000,0.000009,0.010464,0.376150,1
16527,1,0.010000,0.000009,0.010464,0.376150,0
16528,1,0.010000,0.000009,0.010464,0.376149,1
16529,1,0.010000,0.000009,0.010464,0.376149,1
16530,1,0.010000,0.000009,0.010464,0.376149,1
16531,1,0.010000,0.000009,0.010464,0.376149,1
16532,1,0.010000,0.000009,0.010464,0.376149,0
16533,1,0.010000,0.000009,0.010464,0.376149,1
16534,1,0.010000,0.000009,0.010464,0.376149,1
16535,1,0.010000,0.000009,0.010464,0.376149,1
16536,1,0.010000,0.000009,0.010464,0.376149,1
16537,1,0.010000,0.000009,0.010464,0.376149,1
16538,1,0.010000,0.000009,0.010464,0.376149,1
16539,1,0.010000,0.000009,0.010464,0.376148,1
16540,1,0.010000,0.000009,0.010464,0.376148,1
16541,1,0.010000,0.000009,0.010464,0.376148,0
16542,1,0.010000,0.000009,0.010464,0.376148,1
16543,1,0.010000,0.000009,0.010464,0.376148,1
16544,1,0.010000,0.000009,0.010464,0.376148,0
16545,1,0.010000,0.000009,0.010464,0.376148,0
16546,1,0.010000,0.000009,0.010464,0.376148,1
16547,1,0.010000,0.000009,0.010464,0.376148,1
16548,1,0.010000,0.000009,0.010464,0.376148,1
16549,1,0.010000,0.000009,0.010464,0.376148,1
16550,1,0.010000,0.000009,0.010464,0.376147,0
16551,1,0.010000,0.000009,0.010464,0.376147,1
16552,1,0.010000,0.000009,0.010464,0.376147,1
16553,1,0.010000,0.000009,0.010464,0.376147,1
16554,1,0.010000,0.000009,0.010464,0.376147,0
16555,1,0.010000,0.000009,0.010464,0.376147,1
16556,1,0.010000,0.000009,0.010464,0.376147,1
16557,1,0.010000,0.000009,0.010464,0.376147,1
16558,1,0.010000,0.000009,0.010464,0.376147,1
16559,1,0.010000,0.000009,0.010464,0.376147,1
16560,1,0.010000,0.000009,0.010464,0.376147,1
16561,1,0.010000,0.000009,0.010464,0.376146,1
16562,1,0.010000,0.000009,0.010464,0.376146,1
16563,1,0.010000,0.000009,0.010464,0.376146,1
16564,1,0.010000,0.000009,0.010464,0.376146,1
16565,1,0.010000,0.000009,0.010464,0.376146,1
16566,1,0.010000,0.000009,0.010464,0.376146,1
16567,1,0.010000,0.000009,0.010464,0.376146,1
16568,1,0.010000,0.000009,0.010464,0.376146,1
16569,1,0.010000,0.000009,0.010464,0.376146,1
16570,1,0.010000,0.000009,0.010464,0.376146,1
16571,1,0.010000,0.000009,0.010464,0.376146,0
16572,1,0.010000,0.000009,0.010464,0.376145,1
16573,1,0.010000,0.000009,0.010464,0.376145,0
16574,1,0.010000,0.000009,0.010464,0.376145,1
16575,1,0.010000,0.000009,0.010464,0.376145,1
16576,1,0.010000,0.000009,0.010464,0.376145,1
16577,1,0.010000,0.000009,0.010464,0.376145,1
16578,1,0.010000,0.000009,0.010464,0.376145,1
16579,1,0.010000,0.000009,0.010464,0.376145,1
16580,1,0.010000,0.000009,0.010464,0.376145,1
16581,1,0.010000,0.000009,0.010464,0.376145,1
16582,1,0.010000,0.000008,0.010464,0.376145,1
16583,1,0.010000,0.000008,0.010464,0.376144,1
16584,1,0.010000,0.000008,0.010464,0.376144,1
16585,1,0.010000,0.000008,0.010464,0.376144,1
16586,1,0.010000,0.000008,0.010464,0.376144,1
16587,1,0.010000,0.000008,0.010464,0.376144,1
16588,1,0.010000,0.000008,0.010464,0.376144,1
16589,1,0.010000,0.000008,0.010464,0.376144,1
16590,1,0.010000,0.000008,0.010464,0.376144,1
16591,1,0.010000,0.000008,0.010464,0.376144,0
16592,1,0.010000,0.000008,0.010464,0.376144,1
16593,1,0.010000,0.000008,0.010464,0.376144,1
16594,1,0.010000,0.000008,0.010464,0.376143,1
16595,1,0.010000,0.000008,0.010464,0.376143,1
16596,1,0.010000,0.000008,0.010464,0.376143,1
16597,1,0.010000,0.000008,0.010464,0.376143,1
16598,1,0.010000,0.000008,0.010464,0.376143,1
16599,1,0.010000,0.000008,0.010464,0.376143,1
16600,1,0.010000,0.000008,0.010464,0.376143,1
16601,1,0.010000,0.000008,0.010464,0.376143,1
16602,1,0.010000,0.000008,0.010464,0.376143,1
16603,1,0.010000,0.000008,0.010464,0.376143,1
16604,1,0.010000,0.000008,0.010464,0.376143,1
16605,1,0.010000,0.000008,0.010464,0.376142,0
16606,1,0.010000,0.000008,0.010464,0.376142,1
16607,1,0.010000,0.000008,0.010464,0.376142,1
16608,1,0.010000,0.000008,0.010464,0.376142,1
16609,1,0.010000,0.000008,0.010464,0.376142,1
16610,1,0.010000,0.000008,0.010464,0.376142,1
16611,1,0.010000,0.000008,0.010464,0.376142,1
16612,1,0.010000,0.000008,0.010464,0.376142,1
16613,1,0.010000,0.000008,0.010464,0.376142,1
16614,1,0.010000,0.000008,0.010464,0.376142,1
16615,1,0.010000,0.000008,0.010464,0.376142,1
16616,1,0.010000,0.000008,0.010464,0.376142,1
16617,1,0.010000,0.000008,0.010464,0.376141,1
16618,1,0.010000,0.000008,0.010464,0.376141,1
16619,1,0.010000,0.000008,0.010464,0.376141,1
16620,1,0.010000,0.000008,0.010464,0.376141,0
16621,1,0.010000,0.000008,0.010464,0.376141,1
16622,1,0.010000,0.000008,0.010464,0.376141,1
16623,1,0.010000,0.000008,0.010464,0.376141,1
16624,1,0.010000,0.000008,0.010464,0.376141,1
16625,1,0.010000,0.000008,0.010464,0.376141,1
16626,1,0.010000,0.000008,0.010464,0.376141,1
16627,1,0.010000,0.000008,0.010464,0.376141,0
16628,1,0.010000,0.000008,0.010464,0.376141,1
16629,1,0.010000,0.000008,0.010464,0.376140,1
16630,1,0.010000,0.000008,0.010464,0.376140,1
16631,1,0.010000,0.000008,0.010464,0.376140,1
16632,1,0.010000,0.000008,0.010464,0.376140,1
16633,1,0.010000,0.000008,0.010464,0.376140,1
16634,1,0.010000,0.000008,0.010464,0.376140,1
16635,1,0.010000,0.000008,0.010464,0.376140,1
16636,1,0.010000,0.000008,0.010464,0.376140,1
16637,1,0.010000,0.000008,0.010464,0.376140,1
16638,1,0.010000,0.000008,0.010464,0.376140,1
16639,1,0.010000,0.000008,0.010464,0.376140,1
16640,1,0.010000,0.000008,0.010464,0.376140,1
16641,1,0.010000,0.000008,0.010464,0.376139,1
16642,1,0.010000,0.000008,0.010464,0.376139,1
16643,1,0.010000,0.000008,0.010464,0.376139,1
16644,1,0.010000,0.000008,0.010464,0.376139,0
16645,1,0.010000,0.000008,0.010464,0.376139,1
16646,1,0.010000,0.000008,0.010464,0.376139,1
16647,1,0.010000,0.000008,0.010464,0.376139,1
16648,1,0.010000,0.000008,0.010464,0.376139,1
16649,1,0.010000,0.000008,0.010464,0.376139,1
16650,1,0.010000,0.000008,0.010464,0.376139,1
16651,1,0.010000,0.000008,0.010464,0.376139,1
16652,1,0.010000,0.000008,0.010464,0.376139,1
16653,1,0.010000,0.000008,0.010464,0.376138,1
16654,1,0.010000,0.000008,0.010464,0.376138,1
16655,1,0.010000,0.000008,0.010464,0.376138,1
16656,1,0.010000,0.000008,0.010464,0.376138,1
16657,1,0.010000,0.000008,0.010464,0.376138,1
16658,1,0.010000,0.000008,0.010464,0.376138,1
16659,1,0.010000,0.000008,0.010464,0.376138,1
16660,1,0.010000,0.000008,0.010464,0.376138,0
16661,1,0.010000,0.000008,0.010464,0.376138,1
16662,1,0.010000,0.000008,0.010464,0.376138,1
16663,1,0.010000,0.000008,0.010464,0.376138,0
16664,1,0.010000,0.000008,0.010464,0.376138,1
16665,1,0.010000,0.000008,0.010464,0.376137,1
16666,1,0.010000,0.000008,0.010464,0.376137,1
16667,1,0.010000,0.000008,0.010464,0.376137,1
16668,1,0.010000,0.000008,0.010464,0.376137,1
16669,1,0.010000,0.000008,0.010464,0.376137,1
16670,1,0.010000,0.000008,0.010464,0.376137,1
16671,1,0.010000,0.000008,0.010464,0.376137,1
16672,1,0.010000,0.000008,0.010464,0.376137,1
16673,1,0.010000,0.000008,0.010464,0.376137,0
16674,1,0.010000,0.000008,0.010464,0.376137,1
16675,1,0.010000,0.000008,0.010464,0.376137,1
16676,1,0.010000,0.000008,0.010464,0.376137,1
16677,1,0.010000,0.000008,0.010464,0.376137,1
16678,1,0.010000,0.000008,0.010464,0.376136,1
16679,1,0.010000,0.000008,0.010464,0.376136,1
16680,1,0.010000,0.000008,0.010464,0.376136,1
16681,1,0.010000,0.000008,0.010464,0.376136,1
16682,1,0.010000,0.000008,0.010464,0.376136,1
16683,1,0.010000,0.000008,0.010464,0.376136,1
16684,1,0.010000,0.000008,0.010464,0.376136,1
16685,1,0.010000,0.000008,0.010464,0.376136,1
16686,1,0.010000,0.000008,0.010464,0.376136,0
16687,1,0.010000,0.000008,0.010464,0.376136,1
16688,1,0.010000,0.000008,0.010464,0.376136,1
16689,1,0.010000,0.000008,0.010464,0.376136,1
16690,1,0.010000,0.000008,0.010464,0.376135,0
16691,1,0.010000,0.000008,0.010464,0.376135,1
16692,1,0.010000,0.000008,0.010464,0.376135,1
16693,1,0.010000,0.000008,0.010464,0.376135,1
16694,1,0.010000,0.000008,0.010464,0.376135,1
16695,1,0.010000,0.000008,0.010464,0.376135,1
16696,1,0.010000,0.000008,0.010464,0.376135,1
16697,1,0.010000,0.000008,0.010464,0.376135,1
16698,1,0.010000,0.000008,0.010464,0.376135,1
16699,1,0.010000,0.000008,0.010464,0.376135,1
16700,1,0.010000,0.000008,0.010464,0.376135,1
16701,1,0.010000,0.000008,0.010464,0.376135,1
16702,1,0.010000,0.000008,0.010464,0.376135,0
16703,1,0.010000,0.000008,0.010464,0.376134,1
16704,1,0.010000,0.000008,0.010464,0.376134,1
16705,1,0.010000,0.000008,0.010464,0.376134,1
16706,1,0.010000,0.000008,0.010464,0.376134,1
16707,1,0.010000,0.000008,0.010464,0.376134,1
16708,1,0.010000,0.000008,0.010464,0.376134,1
16709,1,0.010000,0.000008,0.010464,0.376134,1
16710,1,0.010000,0.000008,0.010464,0.376134,1
16711,1,0.010000,0.000008,0.010464,0.376134,0
16712,1,0.010000,0.000008,0.010464,0.376134,1
16713,1,0.010000,0.000008,0.010464,0.376134,1
16714,1,0.010000,0.000008,0.010464,0.376134,1
16715,1,0.010000,0.000008,0.010464,0.376134,1
16716,1,0.010000,0.000008,0.010464,0.376133,1
16717,1,0.010000,0.000008,0.010464,0.376133,1
16718,1,0.010000,0.000008,0.010464,0.376133,1
16719,1,0.010000,0.000008,0.010464,0.376133,1
16720,1,0.010000,0.000008,0.010464,0.376133,0
16721,1,0.010000,0.000008,0.010464,0.376133,1
16722,1,0.010000,0.000008,0.010464,0.376133,1
16723,1,0.010000,0.000008,0.010464,0.376133,1
16724,1,0.010000,0.000008,0.010464,0.376133,1
16725,1,0.010000,0.000008,0.010464,0.376133,1
16726,1,0.010000,0.000008,0.010464,0.376133,1
16727,1,0.010000,0.000008,0.010464,0.376133,1
16728,1,0.010000,0.000008,0.010464,0.376133,1
16729,1,0.010000,0.000008,0.010464,0.376132,1
16730,1,0.010000,0.000008,0.010464,0.376132,1
16731,1,0.010000,0.000008,0.010464,0.376132,1
16732,1,0.010000,0.000008,0.010464,0.376132,1
16733,1,0.010000,0.000008,0.010464,0.376132,1
16734,1,0.010000,0.000008,0.010464,0.376132,1
16735,1,0.010000,0.000008,0.010464,0.376132,1
16736,1,0.010000,0.000008,0.010464,0.376132,1
16737,1,0.010000,0.000008,0.010464,0.376132,0
16738,1,0.010000,0.000008,0.010464,0.376132,1
16739,1,0.010000,0.000008,0.010464,0.376132,0
16740,1,0.010000,0.000008,0.010464,0.376132,0
16741,1,0.010000,0.000008,0.010464,0.376132,1
16742,1,0.010000,0.000008,0.010464,0.376131,1
16743,1,0.010000,0.000008,0.010464,0.376131,0
16744,1,0.010000,0.000008,0.010464,0.376131,1
16745,1,0.010000,0.000008,0.010464,0.376131,1
16746,1,0.010000,0.000008,0.010464,0.376131,1
16747,1,0.010000,0.000008,0.010464,0.376131,1
16748,1,0.010000,0.000008,0.010464,0.376131,1
16749,1,0.010000,0.000008,0.010464,0.376131,1
16750,1,0.010000,0.000008,0.010464,0.376131,1
16751,1,0.010000,0.000008,0.010464,0.376131,1
16752,1,0.010000,0.000008,0.010464,0.376131,0
16753,1,0.010000,0.000007,0.010464,0.376131,1
16754,1,0.010000,0.000007,0.010464,0.376131,1
16755,1,0.010000,0.000007,0.010464,0.376131,1
16756,1,0.010000,0.000007,0.010464,0.376130,1
16757,1,0.010000,0.000007,0.010464,0.376130,1
16758,1,0.010000,0.000007,0.010464,0.376130,1
16759,1,0.010000,0.000007,0.010464,0.376130,1
16760,1,0.010000,0.000007,0.010464,0.376130,1
16761,1,0.010000,0.000007,0.010464,0.376130,1
16762,1,0.010000,0.000007,0.010464,0.376130,1
16763,1,0.010000,0.000007,0.010464,0.376130,1
16764,1,0.010000,0.000007,0.010464,0.376130,1
16765,1,0.010000,0.000007,0.010464,0.376130,1
16766,1,0.010000,0.000007,0.010464,0.376130,1
16767,1,0.010000,0.000007,0.010464,0.376130,1
16768,1,0.010000,0.000007,0.010464,0.376130,1
16769,1,0.010000,0.000007,0.010464,0.376130,1
16770,1,0.010000,0.000007,0.010464,0.376129,1
16771,1,0.010000,0.000007,0.010464,0.376129,1
16772,1,0.010000,0.000007,0.010464,0.376129,1
16773,1,0.010000,0.000007,0.010464,0.376129,0
16774,1,0.010000,0.000007,0.010464,0.376129,1
16775,1,0.010000,0.000007,0.010464,0.376129,1
16776,1,0.010000,0.000007,0.010464,0.376129,1
16777,1,0.010000,0.000007,0.010464,0.376129,1
16778,1,0.010000,0.000007,0.010464,0.376129,0
16779,1,0.010000,0.000007,0.010464,0.376129,1
16780,1,0.010000,0.000007,0.010464,0.376129,1
16781,1,0.010000,0.000007,0.010464,0.376129,1
16782,1,0.010000,0.000007,0.010464,0.376129,1
16783,1,0.010000,0.000007,0.010464,0.376129,1
16784,1,0.010000,0.000007,0.010464,0.376128,1
16785,1,0.010000,0.000007,0.010464,0.376128,1
16786,1,0.010000,0.000007,0.010464,0.376128,1
16787,1,0.010000,0.000007,0.010464,0.376128,1
16788,1,0.010000,0.000007,0.010464,0.376128,1
16789,1,0.010000,0.000007,0.010464,0.376128,1
16790,1,0.010000,0.000007,0.010464,0.376128,1
16791,1,0.010000,0.000007,0.010464,0.376128,1
16792,1,0.010000,0.000007,0.010464,0.376128,1
16793,1,0.010000,0.000007,0.010464,0.376128,1
16794,1,0.010000,0.000007,0.010464,0.376128,1
16795,1,0.010000,0.000007,0.010464,0.376128,1
16796,1,0.010000,0.000007,0.010464,0.376128,1
16797,1,0.010000,0.000007,0.010464,0.376128,1
16798,1,0.010000,0.000007,0.010464,0.376127,1
16799,1,0.010000,0.000007,0.010464,0.376127,1
16800,1,0.010000,0.000007,0.010464,0.376127,1
16801,1,0.010000,0.000007,0.010464,0.376127,1
16802,1,0.010000,0.000007,0.010464,0.376127,1
16803,1,0.010000,0.000007,0.010464,0.376127,1
16804,1,0.010000,0.000007,0.010464,0.376127,1
16805,1,0.010000,0.000007,0.010464,0.376127,1
16806,1,0.010000,0.000007,0.010464,0.376127,1
16807,1,0.010000,0.000007,0.010464,0.376127,1
16808,1,0.010000,0.000007,0.010464,0.376127,1
16809,1,0.010000,0.000007,0.010464,0.376127,1
16810,1,0.010000,0.000007,0.010464,0.376127,1
16811,1,0.010000,0.000007,0.010464,0.376127,1
16812,1,0.010000,0.000007,0.010464,0.376126,0
16813,1,0.010000,0.000007,0.010464,0.376126,1
16814,1,0.010000,0.000007,0.010464,0.376126,1
16815,1,0.010000,0.000007,0.010464,0.376126,1
16816,1,0.010000,0.000007,0.010464,0.376126,1
16817,1,0.010000,0.000007,0.010464,0.376126,1
16818,1,0.010000,0.000007,0.010464,0.376126,1
16819,1,0.010000,0.000007,0.010464,0.376126,1
16820,1,0.010000,0.000007,0.010464,0.376126,1
16821,1,0.010000,0.000007,0.010464,0.376126,1
16822,1,0.010000,0.000007,0.010464,0.376126,1
16823,1,0.010000,0.000007,0.010464,0.376126,1
16824,1,0.010000,0.000007,0.010464,0.376126,1
16825,1,0.010000,0.000007,0.010464,0.376126,1
16826,1,0.010000,0.000007,0.010464,0.376126,1
16827,1,0.010000,0.000007,0.010464,0.376125,1
16828,1,0.010000,0.000007,0.010464,0.376125,1
16829,1,0.010000,0.000007,0.010464,0.376125,1
16830,1,0.010000,0.000007,0.010464,0.376125,1
16831,1,0.010000,0.000007,0.010464,0.376125,1
16832,1,0.010000,0.000007,0.010464,0.376125,1
16833,1,0.010000,0.000007,0.010464,0.376125,1
16834,1,0.010000,0.000007,0.010464,0.376125,1
16835,1,0.010000,0.000007,0.010464,0.376125,1
16836,1,0.010000,0.000007,0.010464,0.376125,1
16837,1,0.010000,0.000007,0.010464,0.376125,1
16838,1,0.010000,0.000007,0.010464,0.376125,1
16839,1,0.010000,0.000007,0.010464,0.376125,1
16840,1,0.010000,0.000007,0.010464,0.376125,1
16841,1,0.010000,0.000007,0.010464,0.376124,1
16842,1,0.010000,0.000007,0.010464,0.376124,1
16843,1,0.010000,0.000007,0.010464,0.376124,1
16844,1,0.010000,0.000007,0.010464,0.376124,1
16845,1,0.010000,0.000007,0.010464,0.376124,0
16846,1,0.010000,0.000007,0.010464,0.376124,1
16847,1,0.010000,0.000007,0.010464,0.376124,1
16848,1,0.010000,0.000007,0.010464,0.376124,1
16849,1,0.010000,0.000007,0.010464,0.376124,1
16850,1,0.010000,0.000007,0.010464,0.376124,1
16851,1,0.010000,0.000007,0.010464,0.376124,1
16852,1,0.010000,0.000007,0.010464,0.376124,1
16853,1,0.010000,0.000007,0.010464,0.376124,1
16854,1,0.010000,0.000007,0.010464,0.376124,1
16855,1,0.010000,0.000007,0.010464,0.376124,1
16856,1,0.010000,0.000007,0.010464,0.376123,1
16857,1,0.010000,0.000007,0.010464,0.376123,1
16858,1,0.010000,0.000007,0.010464,0.376123,1
16859,1,0.010000,0.000007,0.010464,0.376123,1
16860,1,0.010000,0.000007,0.010464,0.376123,1
16861,1,0.010000,0.000007,0.010464,0.376123,1
16862,1,0.010000,0.000007,0.010464,0.376123,1
16863,1,0.010000,0.000007,0.010464,0.376123,1
16864,1,0.010000,0.000007,0.010464,0.376123,1
16865,1,0.010000,0.000007,0.010464,0.376123,1
16866,1,0.010000,0.000007,0.010464,0.376123,1
16867,1,0.010000,0.000007,0.010464,0.376123,1
16868,1,0.010000,0.000007,0.010464,0.376123,1
16869,1,0.010000,0.000007,0.010464,0.376123,1
16870,1,0.010000,0.000007,0.010464,0.376123,1
16871,1,0.010000,0.000007,0.010464,0.376122,1
16872,1,0.010000,0.000007,0.010464,0.376122,1
16873,1,0.010000,0.000007,0.010464,0.376122,1
16874,1,0.010000,0.000007,0.010464,0.376122,1
16875,1,0.010000,0.000007,0.010464,0.376122,0
16876,1,0.010000,0.000007,0.010464,0.376122,1
16877,1,0.010000,0.000007,0.010464,0.376122,1
16878,1,0.010000,0.000007,0.010464,0.376122,1
16879,1,0.010000,0.000007,0.010464,0.376122,0
16880,1,0.010000,0.000007,0.010464,0.376122,1
16881,1,0.010000,0.000007,0.010464,0.376122,1
16882,1,0.010000,0.000007,0.010464,0.376122,0
16883,1,0.010000,0.000007,0.010464,0.376122,1
16884,1,0.010000,0.000007,0.010464,0.376122,1
16885,1,0.010000,0.000007,0.010464,0.376122,1
16886,1,0.010000,0.000007,0.010464,0.376122,1
16887,1,0.010000,0.000007,0.010464,0.376121,1
16888,1,0.010000,0.000007,0.010464,0.376121,1
16889,1,0.010000,0.000007,0.010464,0.376121,0
16890,1,0.010000,0.000007,0.010464,0.376121,1
16891,1,0.010000,0.000007,0.010464,0.376121,1
16892,1,0.010000,0.000007,0.010464,0.376121,1
16893,1,0.010000,0.000007,0.010464,0.376121,0
16894,1,0.010000,0.000007,0.010464,0.376121,1
16895,1,0.010000,0.000007,0.010464,0.376121,1
16896,1,0.010000,0.000007,0.010464,0.376121,1
16897,1,0.010000,0.000007,0.010464,0.376121,1
16898,1,0.010000,0.000007,0.010464,0.376121,1
16899,1,0.010000,0.000007,0.010464,0.376121,1
16900,1,0.010000,0.000007,0.010464,0.376121,1
16901,1,0.010000,0.000007,0.010464,0.376121,1
16902,1,0.010000,0.000007,0.010464,0.376120,1
16903,1,0.010000,0.000007,0.010464,0.376120,1
16904,1,0.010000,0.000007,0.010464,0.376120,1
16905,1,0.010000,0.000007,0.010464,0.376120,1
16906,1,0.010000,0.000007,0.010464,0.376120,1
16907,1,0.010000,0.000007,0.010464,0.376120,1
16908,1,0.010000,0.000007,0.010464,0.376120,1
16909,1,0.010000,0.000007,0.010464,0.376120,0
16910,1,0.010000,0.000007,0.010464,0.376120,1
16911,1,0.010000,0.000007,0.010464,0.376120,1
16912,1,0.010000,0.000007,0.010464,0.376120,0
16913,1,0.010000,0.000007,0.010464,0.376120,1
16914,1,0.010000,0.000007,0.010464,0.376120,1
16915,1,0.010000,0.000007,0.010464,0.376120,0
16916,1,0.010000,0.000007,0.010464,0.376120,1
16917,1,0.010000,0.000007,0.010464,0.376120,1
16918,1,0.010000,0.000007,0.010464,0.376119,1
16919,1,0.010000,0.000007,0.010464,0.376119,1
16920,1,0.010000,0.000007,0.010464,0.376119,0
16921,1,0.010000,0.000007,0.010464,0.376119,1
16922,1,0.010000,0.000007,0.010464,0.376119,1
16923,1,0.010000,0.000007,0.010464,0.376119,0
16924,1,0.010000,0.000007,0.010464,0.376119,1
16925,1,0.010000,0.000007,0.010464,0.376119,1
16926,1,0.010000,0.000007,0.010464,0.376119,1
16927,1,0.010000,0.000007,0.010464,0.376119,1
16928,1,0.010000,0.000007,0.010464,0.376119,1
16929,1,0.010000,0.000007,0.010464,0.376119,1
16930,1,0.010000,0.000007,0.010464,0.376119,1
16931,1,0.010000,0.000007,0.010464,0.376119,1
16932,1,0.010000,0.000007,0.010464,0.376119,1
16933,1,0.010000,0.000007,0.010464,0.376119,1
16934,1,0.010000,0.000007,0.010464,0.376118,1
16935,1,0.010000,0.000007,0.010464,0.376118,0
16936,1,0.010000,0.000007,0.010464,0.376118,0
16937,1,0.010000,0.000007,0.010464,0.376118,0
16938,1,0.010000,0.000007,0.010464,0.376118,1
16939,1,0.010000,0.000007,0.010464,0.376118,1
16940,1,0.010000,0.000007,0.010464,0.376118,1
16941,1,0.010000,0.000007,0.010464,0.376118,1
16942,1,0.010000,0.000007,0.010464,0.376118,1
16943,1,0.010000,0.000007,0.010464,0.376118,1
16944,1,0.010000,0.000007,0.010464,0.376118,0
16945,1,0.010000,0.000007,0.010464,0.376118,0
16946,1,0.010000,0.000007,0.010464,0.376118,1
16947,1,0.010000,0.000007,0.010464,0.376118,0
16948,1,0.010000,0.000007,0.010464,0.376118,1
16949,1,0.010000,0.000007,0.010464,0.376118,1
16950,1,0.010000,0.000007,0.010464,0.376118,1
16951,1,0.010000,0.000007,0.010464,0.376117,1
16952,1,0.010000,0.000007,0.010464,0.376117,1
16953,1,0.010000,0.000007,0.010464,0.376117,0
16954,1,0.010000,0.000007,0.010464,0.376117,1
16955,1,0.010000,0.000007,0.010464,0.376117,1
16956,1,0.010000,0.000007,0.010464,0.376117,1
16957,1,0.010000,0.000007,0.010464,0.376117,1
16958,1,0.010000,0.000007,0.010464,0.376117,1
16959,1,0.010000,0.000007,0.010464,0.376117,1
16960,1,0.010000,0.000007,0.010464,0.376117,1
16961,1,0.010000,0.000007,0.010464,0.376117,1
16962,1,0.010000,0.000006,0.010464,0.376117,1
16963,1,0.010000,0.000006,0.010464,0.376117,1
16964,1,0.010000,0.000006,0.010464,0.376117,1
16965,1,0.010000,0.000006,0.010464,0.376117,1
16966,1,0.010000,0.000006,0.010464,0.376117,1
16967,1,0.010000,0.000006,0.010464,0.376116,1
16968,1,0.010000,0.000006,0.010464,0.376116,1
16969,1,0.010000,0.000006,0.010464,0.376116,1
16970,1,0.010000,0.000006,0.010464,0.376116,1
16971,1,0.010000,0.000006,0.010464,0.376116,1
16972,1,0.010000,0.000006,0.010464,0.376116,1
16973,1,0.010000,0.000006,0.010464,0.376116,1
16974,1,0.010000,0.000006,0.010464,0.376116,1
16975,1,0.010000,0.000006,0.010464,0.376116,0
16976,1,0.010000,0.000006,0.010464,0.376116,1
16977,1,0.010000,0.000006,0.010464,0.376116,1
16978,1,0.010000,0.000006,0.010464,0.376116,1
16979,1,0.010000,0.000006,0.010464,0.376116,1
16980,1,0.010000,0.000006,0.010464,0.376116,1
16981,1,0.010000,0.000006,0.010464,0.376116,1
16982,1,0.010000,0.000006,0.010464,0.376116,1
16983,1,0.010000,0.000006,0.010464,0.376116,1
16984,1,0.010000,0.000006,0.010464,0.376115,1
16985,1,0.010000,0.000006,0.010464,0.376115,1
16986,1,0.010000,0.000006,0.010464,0.376115,1
16987,1,0.010000,0.000006,0.010464,0.376115,1
16988,1,0.010000,0.000006,0.010464,0.376115,1
16989,1,0.010000,0.000006,0.010464,0.376115,1
16990,1,0.010000,0.000006,0.010464,0.376115,1
16991,1,0.010000,0.000006,0.010464,0.376115,1
16992,1,0.010000,0.000006,0.010464,0.376115,1
16993,1,0.010000,0.000006,0.010464,0.376115,1
16994,1,0.010000,0.000006,0.010464,0.376115,1
16995,1,0.010000,0.000006,0.010464,0.376115,1
16996,1,0.010000,0.000006,0.010464,0.376115,1
16997,1,0.010000,0.000006,0.010464,0.376115,1
16998,1,0.010000,0.000006,0.010464,0.376115,1
16999,1,0.010000,0.000006,0.010464,0.376115,1
17000,1,0.010000,0.000006,0.010464,0.376115,1
17001,1,0.010000,0.000006,0.010464,0.376115,1
17002,1,0.010000,0.000006,0.010464,0.376114,1
17003,1,0.010000,0.000006,0.010464,0.376114,1
17004,1,0.010000,0.000006,0.010464,0.376114,1
17005,1,0.010000,0.000006,0.010464,0.376114,1
17006,1,0.010000,0.000006,0.010464,0.376114,1
17007,1,0.010000,0.000006,0.010464,0.376114,1
17008,1,0.010000,0.000006,0.010464,0.376114,1
17009,1,0.010000,0.000006,0.010464,0.376114,1
17010,1,0.010000,0.000006,0.010464,0.376114,1
17011,1,0.010000,0.000006,0.010464,0.376114,1
17012,1,0.010000,0.000006,0.010464,0.376114,1
17013,1,0.010000,0.000006,0.010464,0.376114,1
17014,1,0.010000,0.000006,0.010464,0.376114,1
17015,1,0.010000,0.000006,0.010464,0.376114,1
17016,1,0.010000,0.000006,0.010464,0.376114,1
17017,1,0.010000,0.000006,0.010464,0.376114,1
17018,1,0.010000,0.000006,0.010464,0.376114,1
17019,1,0.010000,0.000006,0.010464,0.376114,1
17020,1,0.010000,0.000006,0.010464,0.376113,1
17021,1,0.010000,0.000006,0.010464,0.376113,0
17022,1,0.010000,0.000006,0.010464,0.376113,1
17023,1,0.010000,0.000006,0.010464,0.376113,1
17024,1,0.010000,0.000006,0.010464,0.376113,0
17025,1,0.010000,0.000006,0.010464,0.376113,1
17026,1,0.010000,0.000006,0.010464,0.376113,1
17027,1,0.010000,0.000006,0.010464,0.376113,1
17028,1,0.010000,0.000006,0.010464,0.376113,1
17029,1,0.010000,0.000006,0.010464,0.376113,1
17030,1,0.010000,0.000006,0.010464,0.376113,0
17031,1,0.010000,0.000006,0.010464,0.376113,1
17032,1,0.010000,0.000006,0.010464,0.376113,1
17033,1,0.010000,0.000006,0.010464,0.376113,1
17034,1,0.010000,0.000006,0.010464,0.376113,0
17035,1,0.010000,0.000006,0.010464,0.376113,1
17036,1,0.010000,0.000006,0.010464,0.376113,1
17037,1,0.010000,0.000006,0.010464,0.376113,1
17038,1,0.010000,0.000006,0.010464,0.376112,1
17039,1,0.010000,0.000006,0.010464,0.376112,1
17040,1,0.010000,0.000006,0.010464,0.376112,1
17041,1,0.010000,0.000006,0.010464,0.376112,1
17042,1,0.010000,0.000006,0.010464,0.376112,1
17043,1,0.010000,0.000006,0.010464,0.376112,1
17044,1,0.010000,0.000006,0.010464,0.376112,1
17045,1,0.010000,0.000006,0.010464,0.376112,1
17046,1,0.010000,0.000006,0.010464,0.376112,1
17047,1,0.010000,0.000006,0.010464,0.376112,1
17048,1,0.010000,0.000006,0.010464,0.376112,1
17049,1,0.010000,0.000006,0.010464,0.376112,1
17050,1,0.010000,0.000006,0.010464,0.376112,1
17051,1,0.010000,0.000006,0.010464,0.376112,1
17052,1,0.010000,0.000006,0.010464,0.376112,1
17053,1,0.010000,0.000006,0.010464,0.376112,1
17054,1,0.010000,0.000006,0.010464,0.376112,1
17055,1,0.010000,0.000006,0.010464,0.376112,1
17056,1,0.010000,0.000006,0.010464,0.376111,1
17057,1,0.010000,0.000006,0.010464,0.376111,1
17058,1,0.010000,0.000006,0.010464,0.376111,1
17059,1,0.010000,0.000006,0.010464,0.376111,1
17060,1,0.010000,0.000006,0.010464,0.376111,1
17061,1,0.010000,0.000006,0.010464,0.376111,1
17062,1,0.010000,0.000006,0.010464,0.376111,1
17063,1,0.010000,0.000006,0.010464,0.376111,1
17064,1,0.010000,0.000006,0.010464,0.376111,1
17065,1,0.010000,0.000006,0.010464,0.376111,1
17066,1,0.010000,0.000006,0.010464,0.376111,1
17067,1,0.010000,0.000006,0.010464,0.376111,1
17068,1,0.010000,0.000006,0.010464,0.376111,0
17069,1,0.010000,0.000006,0.010464,0.376111,1
17070,1,0.010000,0.000006,0.010464,0.376111,1
17071,1,0.010000,0.000006,0.010464,0.376111,1
17072,1,0.010000,0.000006,0.010464,0.376111,1
17073,1,0.010000,0.000006,0.010464,0.376111,1
17074,1,0.010000,0.000006,0.010464,0.376111,1
17075,1,0.010000,0.000006,0.010464,0.376110,1
17076,1,0.010000,0.000006,0.010464,0.376110,1
17077,1,0.010000,0.000006,0.010464,0.376110,1
17078,1,0.010000,0.000006,0.010464,0.376110,1
17079,1,0.010000,0.000006,0.010464,0.376110,1
17080,1,0.010000,0.000006,0.010464,0.376110,1
17081,1,0.010000,0.000006,0.010464,0.376110,0
17082,1,0.010000,0.000006,0.010464,0.376110,1
17083,1,0.010000,0.000006,0.010464,0.376110,1
17084,1,0.010000,0.000006,0.010464,0.376110,1
17085,1,0.010000,0.000006,0.010464,0.376110,1
17086,1,0.010000,0.000006,0.010464,0.376110,1
17087,1,0.010000,0.000006,0.010464,0.376110,1
17088,1,0.010000,0.000006,0.010464,0.376110,1
17089,1,0.010000,0.000006,0.010464,0.376110,1
17090,1,0.010000,0.000006,0.010464,0.376110,1
17091,1,0.010000,0.000006,0.010464,0.376110,1
17092,1,0.010000,0.000006,0.010464,0.376110,1
17093,1,0.010000,0.000006,0.010464,0.376109,1
17094,1,0.010000,0.000006,0.010464,0.376109,1
17095,1,0.010000,0.000006,0.010464,0.376109,1
17096,1,0.010000,0.000006,0.010464,0.376109,1
17097,1,0.010000,0.000006,0.010464,0.376109,1
17098,1,0.010000,0.000006,0.010464,0.376109,1
17099,1,0.010000,0.000006,0.010464,0.376109,1
17100,1,0.010000,0.000006,0.010464,0.376109,1
17101,1,0.010000,0.000006,0.010464,0.376109,1
17102,1,0.010000,0.000006,0.010464,0.376109,0
17103,1,0.010000,0.000006,0.010464,0.376109,1
17104,1,0.010000,0.000006,0.010464,0.376109,0
17105,1,0.010000,0.000006,0.010464,0.376109,0
17106,1,0.010000,0.000006,0.010464,0.376109,1
17107,1,0.010000,0.000006,0.010464,0.376109,1
17108,1,0.010000,0.000006,0.010464,0.376109,1
17109,1,0.010000,0.000006,0.010464,0.376109,1
17110,1,0.010000,0.000006,0.010464,0.376109,1
17111,1,0.010000,0.000006,0.010464,0.376109,1
17112,1,0.010000,0.000006,0.010464,0.376109,0
17113,1,0.010000,0.000006,0.010464,0.376108,1
17114,1,0.010000,0.000006,0.010464,0.376108,1
17115,1,0.010000,0.000006,0.010464,0.376108,1
17116,1,0.010000,0.000006,0.010464,0.376108,1
17117,1,0.010000,0.000006,0.010464,0.376108,1
17118,1,0.010000,0.000006,0.010464,0.376108,1
17119,1,0.010000,0.000006,0.010464,0.376108,1
17120,1,0.010000,0.000006,0.010464,0.376108,1
17121,1,0.010000,0.000006,0.010464,0.376108,1
17122,1,0.010000,0.000006,0.010464,0.376108,1
17123,1,0.010000,0.000006,0.010464,0.376108,1
17124,1,0.010000,0.000006,0.010464,0.376108,1
17125,1,0.010000,0.000006,0.010464,0.376108,1
17126,1,0.010000,0.000006,0.010464,0.376108,1
17127,1,0.010000,0.000006,0.010464,0.376108,1
17128,1,0.010000,0.000006,0.010464,0.376108,1
17129,1,0.010000,0.000006,0.010464,0.376108,1
17130,1,0.010000,0.000006,0.010464,0.376108,1
17131,1,0.010000,0.000006,0.010464,0.376108,1
17132,1,0.010000,0.000006,0.010464,0.376107,1
17133,1,0.010000,0.000006,0.010464,0.376107,1
17134,1,0.010000,0.000006,0.010464,0.376107,0
17135,1,0.010000,0.000006,0.010464,0.376107,1
17136,1,0.010000,0.000006,0.010464,0.376107,1
17137,1,0.010000,0.000006,0.010464,0.376107,1
17138,1,0.010000,0.000006,0.010464,0.376107,1
17139,1,0.010000,0.000006,0.010464,0.376107,1
17140,1,0.010000,0.000006,0.010464,0.376107,1
17141,1,0.010000,0.000006,0.010464,0.376107,1
17142,1,0.010000,0.000006,0.010464,0.376107,1
17143,1,0.010000,0.000006,0.010464,0.376107,1
17144,1,0.010000,0.000006,0.010464,0.376107,1
17145,1,0.010000,0.000006,0.010464,0.376107,1
17146,1,0.010000,0.000006,0.010464,0.376107,1
17147,1,0.010000,0.000006,0.010464,0.376107,1
17148,1,0.010000,0.000006,0.010464,0.376107,1
17149,1,0.010000,0.000006,0.010464,0.376107,1
17150,1,0.010000,0.000006,0.010464,0.376107,1
17151,1,0.010000,0.000006,0.010464,0.376107,1
17152,1,0.010000,0.000006,0.010464,0.376106,1
17153,1,0.010000,0.000006,0.010464,0.376106,1
17154,1,0.010000,0.000006,0.010464,0.376106,1
17155,1,0.010000,0.000006,0.010464,0.376106,1
17156,1,0.010000,0.000006,0.010464,0.376106,1
17157,1,0.010000,0.000006,0.010464,0.376106,1
17158,1,0.010000,0.000006,0.010464,0.376106,1
17159,1,0.010000,0.000006,0.010464,0.376106,1
17160,1,0.010000,0.000006,0.010464,0.376106,1
17161,1,0.010000,0.000006,0.010464,0.376106,0
17162,1,0.010000,0.000006,0.010464,0.376106,1
17163,1,0.010000,0.000006,0.010464,0.376106,1
17164,1,0.010000,0.000006,0.010464,0.376106,0
17165,1,0.010000,0.000006,0.010464,0.376106,1
17166,1,0.010000,0.000006,0.010464,0.376106,1
17167,1,0.010000,0.000006,0.010464,0.376106,1
17168,1,0.010000,0.000006,0.010464,0.376106,1
17169,1,0.010000,0.000006,0.010464,0.376106,1
17170,1,0.010000,0.000006,0.010464,0.376106,1
17171,1,0.010000,0.000006,0.010464,0.376106,1
17172,1,0.010000,0.000006,0.010464,0.376105,1
17173,1,0.010000,0.000006,0.010464,0.376105,1
17174,1,0.010000,0.000006,0.010464,0.376105,1
17175,1,0.010000,0.000006,0.010464,0.376105,1
17176,1,0.010000,0.000006,0.010464,0.376105,1
17177,1,0.010000,0.000006,0.010464,0.376105,1
17178,1,0.010000,0.000006,0.010464,0.376105,1
17179,1,0.010000,0.000006,0.010464,0.376105,1
17180,1,0.010000,0.000006,0.010464,0.376105,1
17181,1,0.010000,0.000006,0.010464,0.376105,1
17182,1,0.010000,0.000006,0.010464,0.376105,1
17183,1,0.010000,0.000006,0.010464,0.376105,1
17184,1,0.010000,0.000006,0.010464,0.376105,1
17185,1,0.010000,0.000006,0.010464,0.376105,1
17186,1,0.010000,0.000006,0.010464,0.376105,1
17187,1,0.010000,0.000006,0.010464,0.376105,1
17188,1,0.010000,0.000006,0.010464,0.376105,1
17189,1,0.010000,0.000006,0.010464,0.376105,1
17190,1,0.010000,0.000006,0.010464,0.376105,1
17191,1,0.010000,0.000006,0.010464,0.376105,1
17192,1,0.010000,0.000006,0.010464,0.376105,0
17193,1,0.010000,0.000006,0.010464,0.376104,1
17194,1,0.010000,0.000006,0.010464,0.376104,1
17195,1,0.010000,0.000006,0.010464,0.376104,1
17196,1,0.010000,0.000006,0.010464,0.376104,1
17197,1,0.010000,0.000006,0.010464,0.376104,1
17198,1,0.010000,0.000006,0.010464,0.376104,1
17199,1,0.010000,0.000006,0.010464,0.376104,0
17200,1,0.010000,0.000006,0.010464,0.376104,1
17201,1,0.010000,0.000006,0.010464,0.376104,1
17202,1,0.010000,0.000006,0.010464,0.376104,1
17203,1,0.010000,0.000006,0.010464,0.376104,1
17204,1,0.010000,0.000006,0.010464,0.376104,1
17205,1,0.010000,0.000006,0.010464,0.376104,1
17206,1,0.010000,0.000006,0.010464,0.376104,1
17207,1,0.010000,0.000006,0.010464,0.376104,1
17208,1,0.010000,0.000006,0.010464,0.376104,1
17209,1,0.010000,0.000006,0.010464,0.376104,1
17210,1,0.010000,0.000006,0.010464,0.376104,1
17211,1,0.010000,0.000006,0.010464,0.376104,1
17212,1,0.010000,0.000006,0.010464,0.376104,1
17213,1,0.010000,0.000006,0.010464,0.376104,1
17214,1,0.010000,0.000006,0.010464,0.376103,1
17215,1,0.010000,0.000006,0.010464,0.376103,0
17216,1,0.010000,0.000006,0.010464,0.376103,1
17217,1,0.010000,0.000006,0.010464,0.376103,1
17218,1,0.010000,0.000006,0.010464,0.376103,1
17219,1,0.010000,0.000006,0.010464,0.376103,1
17220,1,0.010000,0.000006,0.010464,0.376103,1
17221,1,0.010000,0.000006,0.010464,0.376103,1
17222,1,0.010000,0.000006,0.010464,0.376103,1
17223,1,0.010000,0.000006,0.010464,0.376103,1
17224,1,0.010000,0.000006,0.010464,0.376103,1
17225,1,0.010000,0.000006,0.010464,0.376103,1
17226,1,0.010000,0.000005,0.010464,0.376103,1
17227,1,0.010000,0.000005,0.010464,0.376103,1
17228,1,0.010000,0.000005,0.010464,0.376103,1
17229,1,0.010000,0.000005,0.010464,0.376103,1
17230,1,0.010000,0.000005,0.010464,0.376103,1
17231,1,0.010000,0.000005,0.010464,0.376103,1
17232,1,0.010000,0.000005,0.010464,0.376103,1
17233,1,0.010000,0.000005,0.010464,0.376103,1
17234,1,0.010000,0.000005,0.010464,0.376103,1
17235,1,0.010000,0.000005,0.010464,0.376103,1
17236,1,0.010000,0.000005,0.010464,0.376102,1
17237,1,0.010000,0.000005,0.010464,0.376102,1
17238,1,0.010000,0.000005,0.010464,0.376102,1
17239,1,0.010000,0.000005,0.010464,0.376102,1
17240,1,0.010000,0.000005,0.010464,0.376102,1
17241,1,0.010000,0.000005,0.010464,0.376102,1
17242,1,0.010000,0.000005,0.010464,0.376102,1
17243,1,0.010000,0.000005,0.010464,0.376102,1
17244,1,0.010000,0.000005,0.010464,0.376102,1
17245,1,0.010000,0.000005,0.010464,0.376102,1
17246,1,0.010000,0.000005,0.010464,0.376102,1
17247,1,0.010000,0.000005,0.010464,0.376102,1
17248,1,0.010000,0.000005,0.010464,0.376102,1
17249,1,0.010000,0.000005,0.010464,0.376102,1
17250,1,0.010000,0.000005,0.010464,0.376102,1
17251,1,0.010000,0.000005,0.010464,0.376102,1
17252,1,0.010000,0.000005,0.010464,0.376102,1
17253,1,0.010000,0.000005,0.010464,0.376102,1
17254,1,0.010000,0.000005,0.010464,0.376102,1
17255,1,0.010000,0.000005,0.010464,0.376102,1
17256,1,0.010000,0.000005,0.010464,0.376102,1
17257,1,0.010000,0.000005,0.010464,0.376102,1
17258,1,0.010000,0.000005,0.010464,0.376101,1
17259,1,0.010000,0.000005,0.010464,0.376101,1
17260,1,0.010000,0.000005,0.010464,0.376101,1
17261,1,0.010000,0.000005,0.010464,0.376101,1
17262,1,0.010000,0.000005,0.010464,0.376101,1
17263,1,0.010000,0.000005,0.010464,0.376101,1
17264,1,0.010000,0.000005,0.010464,0.376101,1
17265,1,0.010000,0.000005,0.010464,0.376101,0
17266,1,0.010000,0.000005,0.010464,0.376101,0
17267,1,0.010000,0.000005,0.010464,0.376101,1
17268,1,0.010000,0.000005,0.010464,0.376101,1
17269,1,0.010000,0.000005,0.010464,0.376101,1
17270,1,0.010000,0.000005,0.010464,0.376101,1
17271,1,0.010000,0.000005,0.010464,0.376101,1
17272,1,0.010000,0.000005,0.010464,0.376101,1
17273,1,0.010000,0.000005,0.010464,0.376101,1
17274,1,0.010000,0.000005,0.010464,0.376101,1
17275,1,0.010000,0.000005,0.010464,0.376101,1
17276,1,0.010000,0.000005,0.010464,0.376101,1
17277,1,0.010000,0.000005,0.010464,0.376101,1
17278,1,0.010000,0.000005,0.010464,0.376101,1
17279,1,0.010000,0.000005,0.010464,0.376101,1
17280,1,0.010000,0.000005,0.010464,0.376100,1
17281,1,0.010000,0.000005,0.010464,0.376100,1
17282,1,0.010000,0.000005,0.010464,0.376100,1
17283,1,0.010000,0.000005,0.010464,0.376100,1
17284,1,0.010000,0.000005,0.010464,0.376100,1
17285,1,0.010000,0.000005,0.010464,0.376100,0
17286,1,0.010000,0.000005,0.010464,0.376100,1
17287,1,0.010000,0.000005,0.010464,0.376100,1
17288,1,0.010000,0.000005,0.010464,0.376100,1
17289,1,0.010000,0.000005,0.010464,0.376100,1
17290,1,0.010000,0.000005,0.010464,0.376100,1
17291,1,0.010000,0.000005,0.010464,0.376100,1
17292,1,0.010000,0.000005,0.010464,0.376100,1
17293,1,0.010000,0.000005,0.010464,0.376100,1
17294,1,0.010000,0.000005,0.010464,0.376100,1
17295,1,0.010000,0.000005,0.010464,0.376100,1
17296,1,0.010000,0.000005,0.010464,0.376100,1
17297,1,0.010000,0.000005,0.010464,0.376100,1
17298,1,0.010000,0.000005,0.010464,0.376100,1
17299,1,0.010000,0.000005,0.010464,0.376100,1
17300,1,0.010000,0.000005,0.010464,0.376100,1
17301,1,0.010000,0.000005,0.010464,0.376100,1
17302,1,0.010000,0.000005,0.010464,0.376100,1
17303,1,0.010000,0.000005,0.010464,0.376099,1
17304,1,0.010000,0.000005,0.010464,0.376099,1
17305,1,0.010000,0.000005,0.010464,0.376099,1
17306,1,0.010000,0.000005,0.010464,0.376099,0
17307,1,0.010000,0.000005,0.010464,0.376099,1
17308,1,0.010000,0.000005,0.010464,0.376099,1
17309,1,0.010000,0.000005,0.010464,0.376099,1
17310,1,0.010000,0.000005,0.010464,0.376099,1
17311,1,0.010000,0.000005,0.010464,0.376099,1
17312,1,0.010000,0.000005,0.010464,0.376099,1
17313,1,0.010000,0.000005,0.010464,0.376099,1
17314,1,0.010000,0.000005,0.010464,0.376099,0
17315,1,0.010000,0.000005,0.010464,0.376099,1
17316,1,0.010000,0.000005,0.010464,0.376099,0
17317,1,0.010000,0.000005,0.010464,0.376099,1
17318,1,0.010000,0.000005,0.010464,0.376099,1
17319,1,0.010000,0.000005,0.010464,0.376099,1
17320,1,0.010000,0.000005,0.010464,0.376099,1
17321,1,0.010000,0.000005,0.010464,0.376099,1
17322,1,0.010000,0.000005,0.010464,0.376099,1
17323,1,0.010000,0.000005,0.010464,0.376099,1
17324,1,0.010000,0.000005,0.010464,0.376099,1
17325,1,0.010000,0.000005,0.010464,0.376099,1
17326,1,0.010000,0.000005,0.010464,0.376098,1
17327,1,0.010000,0.000005,0.010464,0.376098,1
17328,1,0.010000,0.000005,0.010464,0.376098,1
17329,1,0.010000,0.000005,0.010464,0.376098,1
17330,1,0.010000,0.000005,0.010464,0.376098,1
17331,1,0.010000,0.000005,0.010464,0.376098,1
17332,1,0.010000,0.000005,0.010464,0.376098,1
17333,1,0.010000,0.000005,0.010464,0.376098,0
17334,1,0.010000,0.000005,0.010464,0.376098,1
17335,1,0.010000,0.000005,0.010464,0.376098,1
17336,1,0.010000,0.000005,0.010464,0.376098,1
17337,1,0.010000,0.000005,0.010464,0.376098,1
17338,1,0.010000,0.000005,0.010464,0.376098,1
17339,1,0.010000,0.000005,0.010464,0.376098,1
17340,1,0.010000,0.000005,0.010464,0.376098,1
17341,1,0.010000,0.000005,0.010464,0.376098,1
17342,1,0.010000,0.000005,0.010464,0.376098,1
17343,1,0.010000,0.000005,0.010464,0.376098,1
17344,1,0.010000,0.000005,0.010464,0.376098,1
17345,1,0.010000,0.000005,0.010464,0.376098,1
17346,1,0.010000,0.000005,0.010464,0.376098,1
17347,1,0.010000,0.000005,0.010464,0.376098,1
17348,1,0.010000,0.000005,0.010464,0.376098,1
17349,1,0.010000,0.000005,0.010464,0.376098,0
17350,1,0.010000,0.000005,0.010464,0.376097,1
17351,1,0.010000,0.000005,0.010464,0.376097,1
17352,1,0.010000,0.000005,0.010464,0.376097,1
17353,1,0.010000,0.000005,0.010464,0.376097,1
17354,1,0.010000,0.000005,0.010464,0.376097,1
17355,1,0.010000,0.000005,0.010464,0.376097,1
17356,1,0.010000,0.000005,0.010464,0.376097,1
17357,1,0.010000,0.000005,0.010464,0.376097,1
17358,1,0.010000,0.000005,0.010464,0.376097,1
17359,1,0.010000,0.000005,0.010464,0.376097,0
17360,1,0.010000,0.000005,0.010464,0.376097,1
17361,1,0.010000,0.000005,0.010464,0.376097,1
17362,1,0.010000,0.000005,0.010464,0.376097,0
17363,1,0.010000,0.000005,0.010464,0.376097,1
17364,1,0.010000,0.000005,0.010464,0.376097,1
17365,1,0.010000,0.000005,0.010464,0.376097,1
17366,1,0.010000,0.000005,0.010464,0.376097,1
17367,1,0.010000,0.000005,0.010464,0.376097,1
17368,1,0.010000,0.000005,0.010464,0.376097,1
17369,1,0.010000,0.000005,0.010464,0.376097,1
17370,1,0.010000,0.000005,0.010464,0.376097,1
17371,1,0.010000,0.000005,0.010464,0.376097,1
17372,1,0.010000,0.000005,0.010464,0.376097,1
17373,1,0.010000,0.000005,0.010464,0.376097,1
17374,1,0.010000,0.000005,0.010464,0.376096,1
17375,1,0.010000,0.000005,0.010464,0.376096,1
17376,1,0.010000,0.000005,0.010464,0.376096,1
17377,1,0.010000,0.000005,0.010464,0.376096,1
17378,1,0.010000,0.000005,0.010464,0.376096,1
17379,1,0.010000,0.000005,0.010464,0.376096,1
17380,1,0.010000,0.000005,0.010464,0.376096,0
17381,1,0.010000,0.000005,0.010464,0.376096,1
17382,1,0.010000,0.000005,0.010464,0.376096,1
17383,1,0.010000,0.000005,0.010464,0.376096,1
17384,1,0.010000,0.000005,0.010464,0.376096,1
17385,1,0.010000,0.000005,0.010464,0.376096,1
17386,1,0.010000,0.000005,0.010464,0.376096,1
17387,1,0.010000,0.000005,0.010464,0.376096,1
17388,1,0.010000,0.000005,0.010464,0.376096,1
17389,1,0.010000,0.000005,0.010464,0.376096,1
17390,1,0.010000,0.000005,0.010464,0.376096,1
17391,1,0.010000,0.000005,0.010464,0.376096,1
17392,1,0.010000,0.000005,0.010464,0.376096,1
17393,1,0.010000,0.000005,0.010464,0.376096,1
17394,1,0.010000,0.000005,0.010464,0.376096,1
17395,1,0.010000,0.000005,0.010464,0.376096,1
17396,1,0.010000,0.000005,0.010464,0.376096,1
17397,1,0.010000,0.000005,0.010464,0.376096,1
17398,1,0.010000,0.000005,0.010464,0.376096,1
17399,1,0.010000,0.000005,0.010464,0.376095,1
17400,1,0.010000,0.000005,0.010464,0.376095,1
17401,1,0.010000,0.000005,0.010464,0.376095,1
17402,1,0.010000,0.000005,0.010464,0.376095,1
17403,1,0.010000,0.000005,0.010464,0.376095,1
17404,1,0.010000,0.000005,0.010464,0.376095,1
17405,1,0.010000,0.000005,0.010464,0.376095,1
17406,1,0.010000,0.000005,0.010464,0.376095,1
17407,1,0.010000,0.000005,0.010464,0.376095,1
17408,1,0.010000,0.000005,0.010464,0.376095,1
17409,1,0.010000,0.000005,0.010464,0.376095,1
17410,1,0.010000,0.000005,0.010464,0.376095,0
17411,1,0.010000,0.000005,0.010464,0.376095,1
17412,1,0.010000,0.000005,0.010464,0.376095,0
17413,1,0.010000,0.000005,0.010464,0.376095,1
17414,1,0.010000,0.000005,0.010464,0.376095,1
17415,1,0.010000,0.000005,0.010464,0.376095,1
17416,1,0.010000,0.000005,0.010464,0.376095,1
17417,1,0.010000,0.000005,0.010464,0.376095,1
17418,1,0.010000,0.000005,0.010464,0.376095,1
17419,1,0.010000,0.000005,0.010464,0.376095,1
17420,1,0.010000,0.000005,0.010464,0.376095,1
17421,1,0.010000,0.000005,0.010464,0.376095,1
17422,1,0.010000,0.000005,0.010464,0.376095,1
17423,1,0.010000,0.000005,0.010464,0.376095,1
17424,1,0.010000,0.000005,0.010464,0.376095,1
17425,1,0.010000,0.000005,0.010464,0.376094,1
17426,1,0.010000,0.000005,0.010464,0.376094,1
17427,1,0.010000,0.000005,0.010464,0.376094,1
17428,1,0.010000,0.000005,0.010464,0.376094,0
17429,1,0.010000,0.000005,0.010464,0.376094,1
17430,1,0.010000,0.000005,0.010464,0.376094,1
17431,1,0.010000,0.000005,0.010464,0.376094,1
17432,1,0.010000,0.000005,0.010464,0.376094,1
17433,1,0.010000,0.000005,0.010464,0.376094,1
17434,1,0.010000,0.000005,0.010464,0.376094,1
17435,1,0.010000,0.000005,0.010464,0.376094,1
17436,1,0.010000,0.000005,0.010464,0.376094,1
17437,1,0.010000,0.000005,0.010464,0.376094,1
17438,1,0.010000,0.000005,0.010464,0.376094,0
17439,1,0.010000,0.000005,0.010464,0.376094,0
17440,1,0.010000,0.000005,0.010464,0.376094,1
17441,1,0.010000,0.000005,0.010464,0.376094,1
17442,1,0.010000,0.000005,0.010464,0.376094,1
17443,1,0.010000,0.000005,0.010464,0.376094,1
17444,1,0.010000,0.000005,0.010464,0.376094,1
17445,1,0.010000,0.000005,0.010464,0.376094,1
17446,1,0.010000,0.000005,0.010464,0.376094,1
17447,1,0.010000,0.000005,0.010464,0.376094,1
17448,1,0.010000,0.000005,0.010464,0.376094,0
17449,1,0.010000,0.000005,0.010464,0.376094,0
17450,1,0.010000,0.000005,0.010464,0.376094,1
17451,1,0.010000,0.000005,0.010464,0.376093,1
17452,1,0.010000,0.000005,0.010464,0.376093,1
17453,1,0.010000,0.000005,0.010464,0.376093,1
17454,1,0.010000,0.000005,0.010464,0.376093,1
17455,1,0.010000,0.000005,0.010464,0.376093,1
17456,1,0.010000,0.000005,0.010464,0.376093,1
17457,1,0.010000,0.000005,0.010464,0.376093,1
17458,1,0.010000,0.000005,0.010464,0.376093,1
17459,1,0.010000,0.000005,0.010464,0.376093,1
17460,1,0.010000,0.000005,0.010464,0.376093,0
17461,1,0.010000,0.000005,0.010464,0.376093,1
17462,1,0.010000,0.000005,0.010464,0.376093,1
17463,1,0.010000,0.000005,0.010464,0.376093,1
17464,1,0.010000,0.000005,0.010464,0.376093,1
17465,1,0.010000,0.000005,0.010464,0.376093,1
17466,1,0.010000,0.000005,0.010464,0.376093,1
17467,1,0.010000,0.000005,0.010464,0.376093,1
17468,1,0.010000,0.000005,0.010464,0.376093,1
17469,1,0.010000,0.000005,0.010464,0.376093,1
17470,1,0.010000,0.000005,0.010464,0.376093,1
17471,1,0.010000,0.000005,0.010464,0.376093,1
17472,1,0.010000,0.000005,0.010464,0.376093,1
17473,1,0.010000,0.000005,0.010464,0.376093,1
17474,1,0.010000,0.000005,0.010464,0.376093,1
17475,1,0.010000,0.000005,0.010464,0.376093,1
17476,1,0.010000,0.000005,0.010464,0.376093,1
17477,1,0.010000,0.000005,0.010464,0.376093,1
17478,1,0.010000,0.000005,0.010464,0.376092,1
17479,1,0.010000,0.000005,0.010464,0.376092,1
17480,1,0.010000,0.000005,0.010464,0.376092,1
17481,1,0.010000,0.000005,0.010464,0.376092,1
17482,1,0.010000,0.000005,0.010464,0.376092,1
17483,1,0.010000,0.000005,0.010464,0.376092,1
17484,1,0.010000,0.000005,0.010464,0.376092,1
17485,1,0.010000,0.000005,0.010464,0.376092,1
17486,1,0.010000,0.000005,0.010464,0.376092,0
17487,1,0.010000,0.000005,0.010464,0.376092,1
17488,1,0.010000,0.000005,0.010464,0.376092,0
17489,1,0.010000,0.000005,0.010464,0.376092,1
17490,1,0.010000,0.000005,0.010464,0.376092,0
17491,1,0.010000,0.000005,0.010464,0.376092,1
17492,1,0.010000,0.000005,0.010464,0.376092,0
17493,1,0.010000,0.000005,0.010464,0.376092,1
17494,1,0.010000,0.000005,0.010464,0.376092,1
17495,1,0.010000,0.000005,0.010464,0.376092,1
17496,1,0.010000,0.000005,0.010464,0.376092,1
17497,1,0.010000,0.000005,0.010464,0.376092,1
17498,1,0.010000,0.000005,0.010464,0.376092,1
17499,1,0.010000,0.000005,0.010464,0.376092,1
17500,1,0.010000,0.000005,0.010464,0.376092,1
17501,1,0.010000,0.000005,0.010464,0.376092,1
17502,1,0.010000,0.000005,0.010464,0.376092,1
17503,1,0.010000,0.000005,0.010464,0.376092,1
17504,1,0.010000,0.000005,0.010464,0.376091,1
17505,1,0.010000,0.000005,0.010464,0.376091,1
17506,1,0.010000,0.000005,0.010464,0.376091,1
17507,1,0.010000,0.000005,0.010464,0.376091,1
17508,1,0.010000,0.000005,0.010464,0.376091,1
17509,1,0.010000,0.000005,0.010464,0.376091,1
17510,1,0.010000,0.000005,0.010464,0.376091,1
17511,1,0.010000,0.000005,0.010464,0.376091,1
17512,1,0.010000,0.000005,0.010464,0.376091,1
17513,1,0.010000,0.000005,0.010464,0.376091,1
17514,1,0.010000,0.000005,0.010464,0.376091,1
17515,1,0.010000,0.000005,0.010464,0.376091,1
17516,1,0.010000,0.000005,0.010464,0.376091,1
17517,1,0.010000,0.000005,0.010464,0.376091,1
17518,1,0.010000,0.000005,0.010464,0.376091,1
17519,1,0.010000,0.000005,0.010464,0.376091,1
17520,1,0.010000,0.000005,0.010464,0.376091,1
17521,1,0.010000,0.000005,0.010464,0.376091,1
17522,1,0.010000,0.000005,0.010464,0.376091,1
17523,1,0.010000,0.000005,0.010464,0.376091,1
17524,1,0.010000,0.000005,0.010464,0.376091,1
17525,1,0.010000,0.000005,0.010464,0.376091,1
17526,1,0.010000,0.000005,0.010464,0.376091,1
17527,1,0.010000,0.000005,0.010464,0.376091,1
17528,1,0.010000,0.000005,0.010464,0.376091,1
17529,1,0.010000,0.000005,0.010464,0.376091,1
17530,1,0.010000,0.000005,0.010464,0.376091,1
17531,1,0.010000,0.000005,0.010464,0.376091,1
17532,1,0.010000,0.000005,0.010464,0.376090,1
17533,1,0.010000,0.000005,0.010464,0.376090,1
17534,1,0.010000,0.000005,0.010464,0.376090,1
17535,1,0.010000,0.000005,0.010464,0.376090,1
17536,1,0.010000,0.000005,0.010464,0.376090,1
17537,1,0.010000,0.000005,0.010464,0.376090,1
17538,1,0.010000,0.000005,0.010464,0.376090,1
17539,1,0.010000,0.000005,0.010464,0.376090,1
17540,1,0.010000,0.000005,0.010464,0.376090,1
17541,1,0.010000,0.000005,0.010464,0.376090,1
17542,1,0.010000,0.000005,0.010464,0.376090,0
17543,1,0.010000,0.000005,0.010464,0.376090,1
17544,1,0.010000,0.000005,0.010464,0.376090,0
17545,1,0.010000,0.000005,0.010464,0.376090,1
17546,1,0.010000,0.000005,0.010464,0.376090,1
17547,1,0.010000,0.000005,0.010464,0.376090,1
17548,1,0.010000,0.000005,0.010464,0.376090,1
17549,1,0.010000,0.000005,0.010464,0.376090,1
17550,1,0.010000,0.000005,0.010464,0.376090,1
17551,1,0.010000,0.000005,0.010464,0.376090,1
17552,1,0.010000,0.000005,0.010464,0.376090,1
17553,1,0.010000,0.000005,0.010464,0.376090,1
17554,1,0.010000,0.000005,0.010464,0.376090,1
17555,1,0.010000,0.000005,0.010464,0.376090,1
17556,1,0.010000,0.000005,0.010464,0.376090,0
17557,1,0.010000,0.000005,0.010464,0.376090,1
17558,1,0.010000,0.000005,0.010464,0.376090,1
17559,1,0.010000,0.000005,0.010464,0.376090,1
17560,1,0.010000,0.000005,0.010464,0.376090,1
17561,1,0.010000,0.000005,0.010464,0.376089,1
17562,1,0.010000,0.000005,0.010464,0.376089,0
17563,1,0.010000,0.000005,0.010464,0.376089,0
17564,1,0.010000,0.000005,0.010464,0.376089,1
17565,1,0.010000,0.000005,0.010464,0.376089,1
17566,1,0.010000,0.000005,0.010464,0.376089,1
17567,1,0.010000,0.000005,0.010464,0.376089,1
17568,1,0.010000,0.000005,0.010464,0.376089,1
17569,1,0.010000,0.000005,0.010464,0.376089,1
17570,1,0.010000,0.000005,0.010464,0.376089,1
17571,1,0.010000,0.000005,0.010464,0.376089,1
17572,1,0.010000,0.000005,0.010464,0.376089,1
17573,1,0.010000,0.000005,0.010464,0.376089,1
17574,1,0.010000,0.000005,0.010464,0.376089,0
17575,1,0.010000,0.000004,0.010464,0.376089,0
17576,1,0.010000,0.000004,0.010464,0.376089,1
17577,1,0.010000,0.000004,0.010464,0.376089,0
17578,1,0.010000,0.000004,0.010464,0.376089,1
17579,1,0.010000,0.000004,0.010464,0.376089,1
17580,1,0.010000,0.000004,0.010464,0.376089,1
17581,1,0.010000,0.000004,0.010464,0.376089,1
17582,1,0.010000,0.000004,0.010464,0.376089,1
17583,1,0.010000,0.000004,0.010464,0.376089,1
17584,1,0.010000,0.000004,0.010464,0.376089,1
17585,1,0.010000,0.000004,0.010464,0.376089,1
17586,1,0.010000,0.000004,0.010464,0.376089,1
17587,1,0.010000,0.000004,0.010464,0.376089,1
17588,1,0.010000,0.000004,0.010464,0.376089,1
17589,1,0.010000,0.000004,0.010464,0.376089,1
17590,1,0.010000,0.000004,0.010464,0.376088,1
17591,1,0.010000,0.000004,0.010464,0.376088,1
17592,1,0.010000,0.000004,0.010464,0.376088,1
17593,1,0.010000,0.000004,0.010464,0.376088,1
17594,1,0.010000,0.000004,0.010464,0.376088,1
17595,1,0.010000,0.000004,0.010464,0.376088,1
17596,1,0.010000,0.000004,0.010464,0.376088,1
17597,1,0.010000,0.000004,0.010464,0.376088,1
17598,1,0.010000,0.000004,0.010464,0.376088,0
17599,1,0.010000,0.000004,0.010464,0.376088,1
17600,1,0.010000,0.000004,0.010464,0.376088,1
17601,1,0.010000,0.000004,0.010464,0.376088,1
17602,1,0.010000,0.000004,0.010464,0.376088,1
17603,1,0.010000,0.000004,0.010464,0.376088,1
17604,1,0.010000,0.000004,0.010464,0.376088,1
17605,1,0.010000,0.000004,0.010464,0.376088,1
17606,1,0.010000,0.000004,0.010464,0.376088,1
17607,1,0.010000,0.000004,0.010464,0.376088,0
17608,1,0.010000,0.000004,0.010464,0.376088,1
17609,1,0.010000,0.000004,0.010464,0.376088,1
17610,1,0.010000,0.000004,0.010464,0.376088,0
17611,1,0.010000,0.000004,0.010464,0.376088,1
17612,1,0.010000,0.000004,0.010464,0.376088,1
17613,1,0.010000,0.000004,0.010464,0.376088,1
17614,1,0.010000,0.000004,0.010464,0.376088,1
17615,1,0.010000,0.000004,0.010464,0.376088,1
17616,1,0.010000,0.000004,0.010464,0.376088,1
17617,1,0.010000,0.000004,0.010464,0.376088,1
17618,1,0.010000,0.000004,0.010464,0.376088,1
17619,1,0.010000,0.000004,0.010464,0.376088,1
17620,1,0.010000,0.000004,0.010464,0.376087,1
17621,1,0.010000,0.000004,0.010464,0.376087,1
17622,1,0.010000,0.000004,0.010464,0.376087,1
17623,1,0.010000,0.000004,0.010464,0.376087,1
17624,1,0.010000,0.000004,0.010464,0.376087,1
17625,1,0.010000,0.000004,0.010464,0.376087,1
17626,1,0.010000,0.000004,0.010464,0.376087,1
17627,1,0.010000,0.000004,0.010464,0.376087,1
17628,1,0.010000,0.000004,0.010464,0.376087,1
17629,1,0.010000,0.000004,0.010464,0.376087,1
17630,1,0.010000,0.000004,0.010464,0.376087,1
17631,1,0.010000,0.000004,0.010464,0.376087,1
17632,1,0.010000,0.000004,0.010464,0.376087,1
17633,1,0.010000,0.000004,0.010464,0.376087,1
17634,1,0.010000,0.000004,0.010464,0.376087,1
17635,1,0.010000,0.000004,0.010464,0.376087,1
17636,1,0.010000,0.000004,0.010464,0.376087,1
17637,1,0.010000,0.000004,0.010464,0.376087,1
17638,1,0.010000,0.000004,0.010464,0.376087,1
17639,1,0.010000,0.000004,0.010464,0.376087,1
17640,1,0.010000,0.000004,0.010464,0.376087,1
17641,1,0.010000,0.000004,0.010464,0.376087,1
17642,1,0.010000,0.000004,0.010464,0.376087,0
17643,1,0.010000,0.000004,0.010464,0.376087,1
17644,1,0.010000,0.000004,0.010464,0.376087,1
17645,1,0.010000,0.000004,0.010464,0.376087,1
17646,1,0.010000,0.000004,0.010464,0.376087,1
17647,1,0.010000,0.000004,0.010464,0.376087,1
17648,1,0.010000,0.000004,0.010464,0.376087,1
17649,1,0.010000,0.000004,0.010464,0.376087,0
17650,1,0.010000,0.000004,0.010464,0.376086,1
17651,1,0.010000,0.000004,0.010464,0.376086,1
17652,1,0.010000,0.000004,0.010464,0.376086,1
17653,1,0.010000,0.000004,0.010464,0.376086,1
17654,1,0.010000,0.000004,0.010464,0.376086,1
17655,1,0.010000,0.000004,0.010464,0.376086,1
17656,1,0.010000,0.000004,0.010464,0.376086,1
17657,1,0.010000,0.000004,0.010464,0.376086,1
17658,1,0.010000,0.000004,0.010464,0.376086,1
17659,1,0.010000,0.000004,0.010464,0.376086,1
17660,1,0.010000,0.000004,0.010464,0.376086,1
17661,1,0.010000,0.000004,0.010464,0.376086,1
17662,1,0.010000,0.000004,0.010464,0.376086,1
17663,1,0.010000,0.000004,0.010464,0.376086,1
17664,1,0.010000,0.000004,0.010464,0.376086,1
17665,1,0.010000,0.000004,0.010464,0.376086,1
17666,1,0.010000,0.000004,0.010464,0.376086,1
17667,1,0.010000,0.000004,0.010464,0.376086,1
17668,1,0.010000,0.000004,0.010464,0.376086,1
17669,1,0.010000,0.000004,0.010464,0.376086,1
17670,1,0.010000,0.000004,0.010464,0.376086,1
17671,1,0.010000,0.000004,0.010464,0.376086,0
17672,1,0.010000,0.000004,0.010464,0.376086,1
17673,1,0.010000,0.000004,0.010464,0.376086,1
17674,1,0.010000,0.000004,0.010464,0.376086,1
17675,1,0.010000,0.000004,0.010464,0.376086,1
17676,1,0.010000,0.000004,0.010464,0.376086,1
17677,1,0.010000,0.000004,0.010464,0.376086,1
17678,1,0.010000,0.000004,0.010464,0.376086,1
17679,1,0.010000,0.000004,0.010464,0.376086,1
17680,1,0.010000,0.000004,0.010464,0.376086,1
17681,1,0.010000,0.000004,0.010464,0.376086,1
17682,1,0.010000,0.000004,0.010464,0.376085,1
17683,1,0.010000,0.000004,0.010464,0.376085,1
17684,1,0.010000,0.000004,0.010464,0.376085,1
17685,1,0.010000,0.000004,0.010464,0.376085,1
17686,1,0.010000,0.000004,0.010464,0.376085,1
17687,1,0.010000,0.000004,0.010464,0.376085,1
17688,1,0.010000,0.000004,0.010464,0.376085,1
17689,1,0.010000,0.000004,0.010464,0.376085,1
17690,1,0.010000,0.000004,0.010464,0.376085,1
17691,1,0.010000,0.000004,0.010464,0.376085,1
17692,1,0.010000,0.000004,0.010464,0.376085,1
17693,1,0.010000,0.000004,0.010464,0.376085,1
17694,1,0.010000,0.000004,0.010464,0.376085,0
17695,1,0.010000,0.000004,0.010464,0.376085,1
17696,1,0.010000,0.000004,0.010464,0.376085,1
17697,1,0.010000,0.000004,0.010464,0.376085,1
17698,1,0.010000,0.000004,0.010464,0.376085,1
17699,1,0.010000,0.000004,0.010464,0.376085,1
17700,1,0.010000,0.000004,0.010464,0.376085,1
17701,1,0.010000,0.000004,0.010464,0.376085,1
17702,1,0.010000,0.000004,0.010464,0.376085,1
17703,1,0.010000,0.000004,0.010464,0.376085,1
17704,1,0.010000,0.000004,0.010464,0.376085,1
17705,1,0.010000,0.000004,0.010464,0.376085,1
17706,1,0.010000,0.000004,0.010464,0.376085,1
17707,1,0.010000,0.000004,0.010464,0.376085,1
17708,1,0.010000,0.000004,0.010464,0.376085,1
17709,1,0.010000,0.000004,0.010464,0.376085,0
17710,1,0.010000,0.000004,0.010464,0.376085,1
17711,1,0.010000,0.000004,0.010464,0.376085,1
17712,1,0.010000,0.000004,0.010464,0.376085,1
17713,1,0.010000,0.000004,0.010464,0.376085,1
17714,1,0.010000,0.000004,0.010464,0.376085,0
17715,1,0.010000,0.000004,0.010464,0.376084,1
17716,1,0.010000,0.000004,0.010464,0.376084,1
17717,1,0.010000,0.000004,0.010464,0.376084,1
17718,1,0.010000,0.000004,0.010464,0.376084,1
17719,1,0.010000,0.000004,0.010464,0.376084,1
17720,1,0.010000,0.000004,0.010464,0.376084,1
17721,1,0.010000,0.000004,0.010464,0.376084,1
17722,1,0.010000,0.000004,0.010464,0.376084,1
17723,1,0.010000,0.000004,0.010464,0.376084,1
17724,1,0.010000,0.000004,0.010464,0.376084,1
17725,1,0.010000,0.000004,0.010464,0.376084,1
17726,1,0.010000,0.000004,0.010464,0.376084,1
17727,1,0.010000,0.000004,0.010464,0.376084,1
17728,1,0.010000,0.000004,0.010464,0.376084,1
17729,1,0.010000,0.000004,0.010464,0.376084,1
17730,1,0.010000,0.000004,0.010464,0.376084,1
17731,1,0.010000,0.000004,0.010464,0.376084,1
17732,1,0.010000,0.000004,0.010464,0.376084,1
17733,1,0.010000,0.000004,0.010464,0.376084,1
17734,1,0.010000,0.000004,0.010464,0.376084,1
17735,1,0.010000,0.000004,0.010464,0.376084,1
17736,1,0.010000,0.000004,0.010464,0.376084,1
17737,1,0.010000,0.000004,0.010464,0.376084,1
17738,1,0.010000,0.000004,0.010464,0.376084,1
17739,1,0.010000,0.000004,0.010464,0.376084,1
17740,1,0.010000,0.000004,0.010464,0.376084,1
17741,1,0.010000,0.000004,0.010464,0.376084,1
17742,1,0.010000,0.000004,0.010464,0.376084,1
17743,1,0.010000,0.000004,0.010464,0.376084,0
17744,1,0.010000,0.000004,0.010464,0.376084,1
17745,1,0.010000,0.000004,0.010464,0.376084,1
17746,1,0.010000,0.000004,0.010464,0.376084,1
17747,1,0.010000,0.000004,0.010464,0.376083,1
17748,1,0.010000,0.000004,0.010464,0.376083,1
17749,1,0.010000,0.000004,0.010464,0.376083,1
17750,1,0.010000,0.000004,0.010464,0.376083,0
17751,1,0.010000,0.000004,0.010464,0.376083,1
17752,1,0.010000,0.000004,0.010464,0.376083,1
17753,1,0.010000,0.000004,0.010464,0.376083,1
17754,1,0.010000,0.000004,0.010464,0.376083,1
17755,1,0.010000,0.000004,0.010464,0.376083,1
17756,1,0.010000,0.000004,0.010464,0.376083,1
17757,1,0.010000,0.000004,0.010464,0.376083,1
17758,1,0.010000,0.000004,0.010464,0.376083,1
17759,1,0.010000,0.000004,0.010464,0.376083,1
17760,1,0.010000,0.000004,0.010464,0.376083,1
17761,1,0.010000,0.000004,0.010464,0.376083,1
17762,1,0.010000,0.000004,0.010464,0.376083,1
17763,1,0.010000,0.000004,0.010464,0.376083,0
17764,1,0.010000,0.000004,0.010464,0.376083,1
17765,1,0.010000,0.000004,0.010464,0.376083,1
17766,1,0.010000,0.000004,0.010464,0.376083,1
17767,1,0.010000,0.000004,0.010464,0.376083,0
17768,1,0.010000,0.000004,0.010464,0.376083,1
17769,1,0.010000,0.000004,0.010464,0.376083,1
17770,1,0.010000,0.000004,0.010464,0.376083,1
17771,1,0.010000,0.000004,0.010464,0.376083,1
17772,1,0.010000,0.000004,0.010464,0.376083,1
17773,1,0.010000,0.000004,0.010464,0.376083,1
17774,1,0.010000,0.000004,0.010464,0.376083,1
17775,1,0.010000,0.000004,0.010464,0.376083,1
17776,1,0.010000,0.000004,0.010464,0.376083,1
17777,1,0.010000,0.000004,0.010464,0.376083,0
17778,1,0.010000,0.000004,0.010464,0.376083,1
17779,1,0.010000,0.000004,0.010464,0.376083,1
17780,1,0.010000,0.000004,0.010464,0.376083,1
17781,1,0.010000,0.000004,0.010464,0.376082,1
17782,1,0.010000,0.000004,0.010464,0.376082,1
17783,1,0.010000,0.000004,0.010464,0.376082,1
17784,1,0.010000,0.000004,0.010464,0.376082,1
17785,1,0.010000,0.000004,0.010464,0.376082,1
17786,1,0.010000,0.000004,0.010464,0.376082,1
17787,1,0.010000,0.000004,0.010464,0.376082,1
17788,1,0.010000,0.000004,0.010464,0.376082,1
17789,1,0.010000,0.000004,0.010464,0.376082,1
17790,1,0.010000,0.000004,0.010464,0.376082,1
17791,1,0.010000,0.000004,0.010464,0.376082,1
17792,1,0.010000,0.000004,0.010464,0.376082,1
17793,1,0.010000,0.000004,0.010464,0.376082,1
17794,1,0.010000,0.000004,0.010464,0.376082,1
17795,1,0.010000,0.000004,0.010464,0.376082,1
17796,1,0.010000,0.000004,0.010464,0.376082,1
17797,1,0.010000,0.000004,0.010464,0.376082,1
17798,1,0.010000,0.000004,0.010464,0.376082,0
17799,1,0.010000,0.000004,0.010464,0.376082,0
17800,1,0.010000,0.000004,0.010464,0.376082,1
17801,1,0.010000,0.000004,0.010464,0.376082,0
17802,1,0.010000,0.000004,0.010464,0.376082,1
17803,1,0.010000,0.000004,0.010464,0.376082,1
17804,1,0.010000,0.000004,0.010464,0.376082,1
17805,1,0.010000,0.000004,0.010464,0.376082,1
17806,1,0.010000,0.000004,0.010464,0.376082,1
17807,1,0.010000,0.000004,0.010464,0.376082,0
17808,1,0.010000,0.000004,0.010464,0.376082,1
17809,1,0.010000,0.000004,0.010464,0.376082,1
17810,1,0.010000,0.000004,0.010464,0.376082,1
17811,1,0.010000,0.000004,0.010464,0.376082,1
17812,1,0.010000,0.000004,0.010464,0.376082,1
17813,1,0.010000,0.000004,0.010464,0.376082,1
17814,1,0.010000,0.000004,0.010464,0.376082,1
17815,1,0.010000,0.000004,0.010464,0.376082,1
17816,1,0.010000,0.000004,0.010464,0.376081,1
17817,1,0.010000,0.000004,0.010464,0.376081,1
17818,1,0.010000,0.000004,0.010464,0.376081,1
17819,1,0.010000,0.000004,0.010464,0.376081,1
17820,1,0.010000,0.000004,0.010464,0.376081,1
17821,1,0.010000,0.000004,0.010464,0.376081,1
17822,1,0.010000,0.000004,0.010464,0.376081,1
17823,1,0.010000,0.000004,0.010464,0.376081,0
17824,1,0.010000,0.000004,0.010464,0.376081,1
17825,1,0.010000,0.000004,0.010464,0.376081,1
17826,1,0.010000,0.000004,0.010464,0.376081,0
17827,1,0.010000,0.000004,0.010464,0.376081,1
17828,1,0.010000,0.000004,0.010464,0.376081,1
17829,1,0.010000,0.000004,0.010464,0.376081,0
17830,1,0.010000,0.000004,0.010464,0.376081,1
17831,1,0.010000,0.000004,0.010464,0.376081,1
17832,1,0.010000,0.000004,0.010464,0.376081,1
17833,1,0.010000,0.000004,0.010464,0.376081,0
17834,1,0.010000,0.000004,0.010464,0.376081,0
17835,1,0.010000,0.000004,0.010464,0.376081,1
17836,1,0.010000,0.000004,0.010464,0.376081,1
17837,1,0.010000,0.000004,0.010464,0.376081,1
17838,1,0.010000,0.000004,0.010464,0.376081,1
17839,1,0.010000,0.000004,0.010464,0.376081,1
17840,1,0.010000,0.000004,0.010464,0.376081,1
17841,1,0.010000,0.000004,0.010464,0.376081,0
17842,1,0.010000,0.000004,0.010464,0.376081,1
17843,1,0.010000,0.000004,0.010464,0.376081,1
17844,1,0.010000,0.000004,0.010464,0.376081,1
17845,1,0.010000,0.000004,0.010464,0.376081,1
17846,1,0.010000,0.000004,0.010464,0.376081,1
17847,1,0.010000,0.000004,0.010464,0.376081,1
17848,1,0.010000,0.000004,0.010464,0.376081,0
17849,1,0.010000,0.000004,0.010464,0.376081,1
17850,1,0.010000,0.000004,0.010464,0.376081,1
17851,1,0.010000,0.000004,0.010464,0.376081,1
17852,1,0.010000,0.000004,0.010464,0.376080,1
17853,1,0.010000,0.000004,0.010464,0.376080,1
17854,1,0.010000,0.000004,0.010464,0.376080,1
17855,1,0.010000,0.000004,0.010464,0.376080,1
17856,1,0.010000,0.000004,0.010464,0.376080,1
17857,1,0.010000,0.000004,0.010464,0.376080,1
17858,1,0.010000,0.000004,0.010464,0.376080,1
17859,1,0.010000,0.000004,0.010464,0.376080,0
17860,1,0.010000,0.000004,0.010464,0.376080,1
17861,1,0.010000,0.000004,0.010464,0.376080,1
17862,1,0.010000,0.000004,0.010464,0.376080,0
17863,1,0.010000,0.000004,0.010464,0.376080,1
17864,1,0.010000,0.000004,0.010464,0.376080,1
17865,1,0.010000,0.000004,0.010464,0.376080,1
17866,1,0.010000,0.000004,0.010464,0.376080,1
17867,1,0.010000,0.000004,0.010464,0.376080,1
17868,1,0.010000,0.000004,0.010464,0.376080,1
17869,1,0.010000,0.000004,0.010464,0.376080,1
17870,1,0.010000,0.000004,0.010464,0.376080,1
17871,1,0.010000,0.000004,0.010464,0.376080,1
17872,1,0.010000,0.000004,0.010464,0.376080,1
17873,1,0.010000,0.000004,0.010464,0.376080,1
17874,1,0.010000,0.000004,0.010464,0.376080,1
17875,1,0.010000,0.000004,0.010464,0.376080,1
17876,1,0.010000,0.000004,0.010464,0.376080,1
17877,1,0.010000,0.000004,0.010464,0.376080,1
17878,1,0.010000,0.000004,0.010464,0.376080,1
17879,1,0.010000,0.000004,0.010464,0.376080,1
17880,1,0.010000,0.000004,0.010464,0.376080,1
17881,1,0.010000,0.000004,0.010464,0.376080,1
17882,1,0.010000,0.000004,0.010464,0.376080,1
17883,1,0.010000,0.000004,0.010464,0.376080,1
17884,1,0.010000,0.000004,0.010464,0.376080,1
17885,1,0.010000,0.000004,0.010464,0.376080,1
17886,1,0.010000,0.000004,0.010464,0.376080,1
17887,1,0.010000,0.000004,0.010464,0.376080,1
17888,1,0.010000,0.000004,0.010464,0.376079,1
17889,1,0.010000,0.000004,0.010464,0.376079,0
17890,1,0.010000,0.000004,0.010464,0.376079,1
17891,1,0.010000,0.000004,0.010464,0.376079,1
17892,1,0.010000,0.000004,0.010464,0.376079,1
17893,1,0.010000,0.000004,0.010464,0.376079,1
17894,1,0.010000,0.000004,0.010464,0.376079,1
17895,1,0.010000,0.000004,0.010464,0.376079,1
17896,1,0.010000,0.000004,0.010464,0.376079,1
17897,1,0.010000,0.000004,0.010464,0.376079,1
17898,1,0.010000,0.000004,0.010464,0.376079,1
17899,1,0.010000,0.000004,0.010464,0.376079,1
17900,1,0.010000,0.000004,0.010464,0.376079,1
17901,1,0.010000,0.000004,0.010464,0.376079,1
17902,1,0.010000,0.000004,0.010464,0.376079,0
17903,1,0.010000,0.000004,0.010464,0.376079,1
17904,1,0.010000,0.000004,0.010464,0.376079,1
17905,1,0.010000,0.000004,0.010464,0.376079,1
17906,1,0.010000,0.000004,0.010464,0.376079,1
17907,1,0.010000,0.000004,0.010464,0.376079,1
17908,1,0.010000,0.000004,0.010464,0.376079,1
17909,1,0.010000,0.000004,0.010464,0.376079,1
17910,1,0.010000,0.000004,0.010464,0.376079,1
17911,1,0.010000,0.000004,0.010464,0.376079,1
17912,1,0.010000,0.000004,0.010464,0.376079,1
17913,1,0.010000,0.000004,0.010464,0.376079,1
17914,1,0.010000,0.000004,0.010464,0.376079,1
17915,1,0.010000,0.000004,0.010464,0.376079,0
17916,1,0.010000,0.000004,0.010464,0.376079,0
17917,1,0.010000,0.000004,0.010464,0.376079,1
17918,1,0.010000,0.000004,0.010464,0.376079,0
17919,1,0.010000,0.000004,0.010464,0.376079,1
17920,1,0.010000,0.000004,0.010464,0.376079,1
17921,1,0.010000,0.000004,0.010464,0.376079,1
17922,1,0.010000,0.000004,0.010464,0.376079,1
17923,1,0.010000,0.000004,0.010464,0.376079,1
17924,1,0.010000,0.000004,0.010464,0.376079,1
17925,1,0.010000,0.000004,0.010464,0.376079,0
17926,1,0.010000,0.000004,0.010464,0.376078,1
17927,1,0.010000,0.000004,0.010464,0.376078,1
17928,1,0.010000,0.000004,0.010464,0.376078,1
17929,1,0.010000,0.000004,0.010464,0.376078,1
17930,1,0.010000,0.000004,0.010464,0.376078,1
17931,1,0.010000,0.000004,0.010464,0.376078,1
17932,1,0.010000,0.000004,0.010464,0.376078,1
17933,1,0.010000,0.000004,0.010464,0.376078,1
17934,1,0.010000,0.000004,0.010464,0.376078,1
17935,1,0.010000,0.000004,0.010464,0.376078,1
17936,1,0.010000,0.000004,0.010464,0.376078,1
17937,1,0.010000,0.000004,0.010464,0.376078,1
17938,1,0.010000,0.000004,0.010464,0.376078,1
17939,1,0.010000,0.000004,0.010464,0.376078,1
17940,1,0.010000,0.000004,0.010464,0.376078,1
17941,1,0.010000,0.000004,0.010464,0.376078,1
17942,1,0.010000,0.000004,0.010464,0.376078,1
17943,1,0.010000,0.000004,0.010464,0.376078,1
17944,1,0.010000,0.000004,0.010464,0.376078,1
17945,1,0.010000,0.000004,0.010464,0.376078,1
17946,1,0.010000,0.000004,0.010464,0.376078,1
17947,1,0.010000,0.000004,0.010464,0.376078,1
17948,1,0.010000,0.000004,0.010464,0.376078,1
17949,1,0.010000,0.000004,0.010464,0.376078,1
17950,1,0.010000,0.000004,0.010464,0.376078,1
17951,1,0.010000,0.000004,0.010464,0.376078,1
17952,1,0.010000,0.000004,0.010464,0.376078,1
17953,1,0.010000,0.000004,0.010464,0.376078,1
17954,1,0.010000,0.000004,0.010464,0.376078,0
17955,1,0.010000,0.000004,0.010464,0.376078,0
17956,1,0.010000,0.000004,0.010464,0.376078,1
17957,1,0.010000,0.000004,0.010464,0.376078,1
17958,1,0.010000,0.000004,0.010464,0.376078,0
17959,1,0.010000,0.000004,0.010464,0.376078,1
17960,1,0.010000,0.000004,0.010464,0.376078,1
17961,1,0.010000,0.000004,0.010464,0.376078,1
17962,1,0.010000,0.000004,0.010464,0.376078,0
17963,1,0.010000,0.000004,0.010464,0.376078,1
17964,1,0.010000,0.000004,0.010464,0.376078,1
17965,1,0.010000,0.000004,0.010464,0.376078,1
17966,1,0.010000,0.000004,0.010464,0.376077,1
17967,1,0.010000,0.000004,0.010464,0.376077,1
17968,1,0.010000,0.000004,0.010464,0.376077,1
17969,1,0.010000,0.000004,0.010464,0.376077,0
17970,1,0.010000,0.000004,0.010464,0.376077,1
17971,1,0.010000,0.000004,0.010464,0.376077,1
17972,1,0.010000,0.000004,0.010464,0.376077,1
17973,1,0.010000,0.000004,0.010464,0.376077,1
17974,1,0.010000,0.000004,0.010464,0.376077,1
17975,1,0.010000,0.000004,0.010464,0.376077,1
17976,1,0.010000,0.000004,0.010464,0.376077,1
17977,1,0.010000,0.000004,0.010464,0.376077,1
17978,1,0.010000,0.000004,0.010464,0.376077,1
17979,1,0.010000,0.000004,0.010464,0.376077,0
17980,1,0.010000,0.000004,0.010464,0.376077,1
17981,1,0.010000,0.000004,0.010464,0.376077,0
17982,1,0.010000,0.000004,0.010464,0.376077,1
17983,1,0.010000,0.000004,0.010464,0.376077,1
17984,1,0.010000,0.000004,0.010464,0.376077,1
17985,1,0.010000,0.000004,0.010464,0.376077,1
17986,1,0.010000,0.000004,0.010464,0.376077,1
17987,1,0.010000,0.000004,0.010464,0.376077,1
17988,1,0.010000,0.000004,0.010464,0.376077,1
17989,1,0.010000,0.000004,0.010464,0.376077,1
17990,1,0.010000,0.000004,0.010464,0.376077,1
17991,1,0.010000,0.000004,0.010464,0.376077,1
17992,1,0.010000,0.000004,0.010464,0.376077,1
17993,1,0.010000,0.000004,0.010464,0.376077,1
17994,1,0.010000,0.000004,0.010464,0.376077,1
17995,1,0.010000,0.000004,0.010464,0.376077,1
17996,1,0.010000,0.000004,0.010464,0.376077,1
17997,1,0.010000,0.000004,0.010464,0.376077,1
17998,1,0.010000,0.000004,0.010464,0.376077,1
17999,1,0.010000,0.000004,0.010464,0.376077,1
18000,1,0.010000,0.000004,0.010464,0.376077,1
18001,1,0.010000,0.000004,0.010464,0.376077,1
18002,1,0.010000,0.000004,0.010464,0.376077,1
18003,1,0.010000,0.000004,0.010464,0.376077,1
18004,1,0.010000,0.000004,0.010464,0.376077,1
18005,1,0.010000,0.000004,0.010464,0.376076,1
18006,1,0.010000,0.000004,0.010464,0.376076,0
18007,1,0.010000,0.000004,0.010464,0.376076,1
18008,1,0.010000,0.000004,0.010464,0.376076,1
18009,1,0.010000,0.000004,0.010464,0.376076,1
18010,1,0.010000,0.000004,0.010464,0.376076,1
18011,1,0.010000,0.000004,0.010464,0.376076,1
18012,1,0.010000,0.000004,0.010464,0.376076,1
18013,1,0.010000,0.000004,0.010464,0.376076,1
18014,1,0.010000,0.000004,0.010464,0.376076,1
18015,1,0.010000,0.000004,0.010464,0.376076,1
18016,1,0.010000,0.000004,0.010464,0.376076,1
18017,1,0.010000,0.000004,0.010464,0.376076,1
18018,1,0.010000,0.000004,0.010464,0.376076,1
18019,1,0.010000,0.000004,0.010464,0.376076,1
18020,1,0.010000,0.000004,0.010464,0.376076,1
18021,1,0.010000,0.000004,0.010464,0.376076,1
18022,1,0.010000,0.000004,0.010464,0.376076,1
18023,1,0.010000,0.000004,0.010464,0.376076,1
18024,1,0.010000,0.000004,0.010464,0.376076,1
18025,1,0.010000,0.000004,0.010464,0.376076,1
18026,1,0.010000,0.000004,0.010464,0.376076,1
18027,1,0.010000,0.000004,0.010464,0.376076,1
18028,1,0.010000,0.000004,0.010464,0.376076,1
18029,1,0.010000,0.000004,0.010464,0.376076,0
18030,1,0.010000,0.000004,0.010464,0.376076,1
18031,1,0.010000,0.000004,0.010464,0.376076,1
18032,1,0.010000,0.000004,0.010464,0.376076,1
18033,1,0.010000,0.000004,0.010464,0.376076,1
18034,1,0.010000,0.000004,0.010464,0.376076,1
18035,1,0.010000,0.000004,0.010464,0.376076,1
18036,1,0.010000,0.000004,0.010464,0.376076,1
18037,1,0.010000,0.000004,0.010464,0.376076,1
18038,1,0.010000,0.000004,0.010464,0.376076,1
18039,1,0.010000,0.000004,0.010464,0.376076,1
18040,1,0.010000,0.000004,0.010464,0.376076,0
18041,1,0.010000,0.000004,0.010464,0.376076,0
18042,1,0.010000,0.000004,0.010464,0.376076,1
18043,1,0.010000,0.000004,0.010464,0.376076,1
18044,1,0.010000,0.000004,0.010464,0.376076,1
18045,1,0.010000,0.000004,0.010464,0.376076,1
18046,1,0.010000,0.000004,0.010464,0.376075,1
18047,1,0.010000,0.000004,0.010464,0.376075,1
18048,1,0.010000,0.000004,0.010464,0.376075,1
18049,1,0.010000,0.000004,0.010464,0.376075,1
18050,1,0.010000,0.000004,0.010464,0.376075,0
18051,1,0.010000,0.000004,0.010464,0.376075,1
18052,1,0.010000,0.000004,0.010464,0.376075,1
18053,1,0.010000,0.000004,0.010464,0.376075,1
18054,1,0.010000,0.000004,0.010464,0.376075,1
18055,1,0.010000,0.000004,0.010464,0.376075,1
18056,1,0.010000,0.000004,0.010464,0.376075,1
18057,1,0.010000,0.000004,0.010464,0.376075,1
18058,1,0.010000,0.000004,0.010464,0.376075,1
18059,1,0.010000,0.000004,0.010464,0.376075,1
18060,1,0.010000,0.000004,0.010464,0.376075,1
18061,1,0.010000,0.000004,0.010464,0.376075,1
18062,1,0.010000,0.000004,0.010464,0.376075,1
18063,1,0.010000,0.000004,0.010464,0.376075,1
18064,1,0.010000,0.000004,0.010464,0.376075,1
18065,1,0.010000,0.000004,0.010464,0.376075,1
18066,1,0.010000,0.000003,0.010464,0.376075,1
18067,1,0.010000,0.000003,0.010464,0.376075,1
18068,1,0.010000,0.000003,0.010464,0.376075,0
18069,1,0.010000,0.000003,0.010464,0.376075,0
18070,1,0.010000,0.000003,0.010464,0.376075,1
18071,1,0.010000,0.000003,0.010464,0.376075,1
18072,1,0.010000,0.000003,0.010464,0.376075,1
18073,1,0.010000,0.000003,0.010464,0.376075,1
18074,1,0.010000,0.000003,0.010464,0.376075,1
18075,1,0.010000,0.000003,0.010464,0.376075,0
18076,1,0.010000,0.000003,0.010464,0.376075,1
18077,1,0.010000,0.000003,0.010464,0.376075,1
18078,1,0.010000,0.000003,0.010464,0.376075,1
18079,1,0.010000,0.000003,0.010464,0.376075,1
18080,1,0.010000,0.000003,0.010464,0.376075,1
18081,1,0.010000,0.000003,0.010464,0.376075,1
18082,1,0.010000,0.000003,0.010464,0.376075,1
18083,1,0.010000,0.000003,0.010464,0.376075,1
18084,1,0.010000,0.000003,0.010464,0.376075,1
18085,1,0.010000,0.000003,0.010464,0.376075,1
18086,1,0.010000,0.000003,0.010464,0.376075,1
18087,1,0.010000,0.000003,0.010464,0.376075,1
18088,1,0.010000,0.000003,0.010464,0.376075,0
18089,1,0.010000,0.000003,0.010464,0.376075,1
18090,1,0.010000,0.000003,0.010464,0.376074,0
18091,1,0.010000,0.000003,0.010464,0.376074,1
18092,1,0.010000,0.000003,0.010464,0.376074,1
18093,1,0.010000,0.000003,0.010464,0.376074,0
18094,1,0.010000,0.000003,0.010464,0.376074,1
18095,1,0.010000,0.000003,0.010464,0.376074,1
18096,1,0.010000,0.000003,0.010464,0.376074,1
18097,1,0.010000,0.000003,0.010464,0.376074,1
18098,1,0.010000,0.000003,0.010464,0.376074,1
18099,1,0.010000,0.000003,0.010464,0.376074,1
18100,1,0.010000,0.000003,0.010464,0.376074,1
18101,1,0.010000,0.000003,0.010464,0.376074,1
18102,1,0.010000,0.000003,0.010464,0.376074,1
18103,1,0.010000,0.000003,0.010464,0.376074,1
18104,1,0.010000,0.000003,0.010464,0.376074,1
18105,1,0.010000,0.000003,0.010464,0.376074,1
18106,1,0.010000,0.000003,0.010464,0.376074,1
18107,1,0.010000,0.000003,0.010464,0.376074,1
18108,1,0.010000,0.000003,0.010464,0.376074,1
18109,1,0.010000,0.000003,0.010464,0.376074,1
18110,1,0.010000,0.000003,0.010464,0.376074,1
18111,1,0.010000,0.000003,0.010464,0.376074,1
18112,1,0.010000,0.000003,0.010464,0.376074,1
18113,1,0.010000,0.000003,0.010464,0.376074,1
18114,1,0.010000,0.000003,0.010464,0.376074,1
18115,1,0.010000,0.000003,0.010464,0.376074,1
18116,1,0.010000,0.000003,0.010464,0.376074,1
18117,1,0.010000,0.000003,0.010464,0.376074,1
18118,1,0.010000,0.000003,0.010464,0.376074,1
18119,1,0.010000,0.000003,0.010464,0.376074,1
18120,1,0.010000,0.000003,0.010464,0.376074,1
18121,1,0.010000,0.000003,0.010464,0.376074,1
18122,1,0.010000,0.000003,0.010464,0.376074,1
18123,1,0.010000,0.000003,0.010464,0.376074,1
18124,1,0.010000,0.000003,0.010464,0.376074,1
18125,1,0.010000,0.000003,0.010464,0.376074,1
18126,1,0.010000,0.000003,0.010464,0.376074,1
18127,1,0.010000,0.000003,0.010464,0.376074,0
18128,1,0.010000,0.000003,0.010464,0.376074,1
18129,1,0.010000,0.000003,0.010464,0.376074,1
18130,1,0.010000,0.000003,0.010464,0.376074,1
18131,1,0.010000,0.000003,0.010464,0.376074,1
18132,1,0.010000,0.000003,0.010464,0.376074,1
18133,1,0.010000,0.000003,0.010464,0.376073,1
18134,1,0.010000,0.000003,0.010464,0.376073,1
18135,1,0.010000,0.000003,0.010464,0.376073,1
18136,1,0.010000,0.000003,0.010464,0.376073,1
18137,1,0.010000,0.000003,0.010464,0.376073,1
18138,1,0.010000,0.000003,0.010464,0.376073,1
18139,1,0.010000,0.000003,0.010464,0.376073,1
18140,1,0.010000,0.000003,0.010464,0.376073,1
18141,1,0.010000,0.000003,0.010464,0.376073,1
18142,1,0.010000,0.000003,0.010464,0.376073,1
18143,1,0.010000,0.000003,0.010464,0.376073,1
18144,1,0.010000,0.000003,0.010464,0.376073,1
18145,1,0.010000,0.000003,0.010464,0.376073,1
18146,1,0.010000,0.000003,0.010464,0.376073,0
18147,1,0.010000,0.000003,0.010464,0.376073,1
18148,1,0.010000,0.000003,0.010464,0.376073,1
18149,1,0.010000,0.000003,0.010464,0.376073,1
18150,1,0.010000,0.000003,0.010464,0.376073,1
18151,1,0.010000,0.000003,0.010464,0.376073,1
18152,1,0.010000,0.000003,0.010464,0.376073,1
18153,1,0.010000,0.000003,0.010464,0.376073,1
18154,1,0.010000,0.000003,0.010464,0.376073,1
18155,1,0.010000,0.000003,0.010464,0.376073,1
18156,1,0.010000,0.000003,0.010464,0.376073,1
18157,1,0.010000,0.000003,0.010464,0.376073,1
18158,1,0.010000,0.000003,0.010464,0.376073,1
18159,1,0.010000,0.000003,0.010464,0.376073,1
18160,1,0.010000,0.000003,0.010464,0.376073,1
18161,1,0.010000,0.000003,0.010464,0.376073,1
18162,1,0.010000,0.000003,0.010464,0.376073,1
18163,1,0.010000,0.000003,0.010464,0.376073,1
18164,1,0.010000,0.000003,0.010464,0.376073,1
18165,1,0.010000,0.000003,0.010464,0.376073,1
18166,1,0.010000,0.000003,0.010464,0.376073,1
18167,1,0.010000,0.000003,0.010464,0.376073,1
18168,1,0.010000,0.000003,0.010464,0.376073,1
18169,1,0.010000,0.000003,0.010464,0.376073,1
18170,1,0.010000,0.000003,0.010464,0.376073,1
18171,1,0.010000,0.000003,0.010464,0.376073,0
18172,1,0.010000,0.000003,0.010464,0.376073,1
18173,1,0.010000,0.000003,0.010464,0.376073,1
18174,1,0.010000,0.000003,0.010464,0.376073,1
18175,1,0.010000,0.000003,0.010464,0.376073,1
18176,1,0.010000,0.000003,0.010464,0.376073,0
18177,1,0.010000,0.000003,0.010464,0.376073,1
18178,1,0.010000,0.000003,0.010464,0.376073,1
18179,1,0.010000,0.000003,0.010464,0.376072,1
18180,1,0.010000,0.000003,0.010464,0.376072,1
18181,1,0.010000,0.000003,0.010464,0.376072,1
18182,1,0.010000,0.000003,0.010464,0.376072,1
18183,1,0.010000,0.000003,0.010464,0.376072,1
18184,1,0.010000,0.000003,0.010464,0.376072,0
18185,1,0.010000,0.000003,0.010464,0.376072,1
18186,1,0.010000,0.000003,0.010464,0.376072,1
18187,1,0.010000,0.000003,0.010464,0.376072,1
18188,1,0.010000,0.000003,0.010464,0.376072,1
18189,1,0.010000,0.000003,0.010464,0.376072,1
18190,1,0.010000,0.000003,0.010464,0.376072,1
18191,1,0.010000,0.000003,0.010464,0.376072,1
18192,1,0.010000,0.000003,0.010464,0.376072,1
18193,1,0.010000,0.000003,0.010464,0.376072,1
18194,1,0.010000,0.000003,0.010464,0.376072,1
18195,1,0.010000,0.000003,0.010464,0.376072,0
18196,1,0.010000,0.000003,0.010464,0.376072,1
18197,1,0.010000,0.000003,0.010464,0.376072,1
18198,1,0.010000,0.000003,0.010464,0.376072,1
18199,1,0.010000,0.000003,0.010464,0.376072,1
18200,1,0.010000,0.000003,0.010464,0.376072,1
18201,1,0.010000,0.000003,0.010464,0.376072,1
18202,1,0.010000,0.000003,0.010464,0.376072,0
18203,1,0.010000,0.000003,0.010464,0.376072,1
18204,1,0.010000,0.000003,0.010464,0.376072,1
18205,1,0.010000,0.000003,0.010464,0.376072,1
18206,1,0.010000,0.000003,0.010464,0.376072,1
18207,1,0.010000,0.000003,0.010464,0.376072,1
18208,1,0.010000,0.000003,0.010464,0.376072,1
18209,1,0.010000,0.000003,0.010464,0.376072,1
18210,1,0.010000,0.000003,0.010464,0.376072,1
18211,1,0.010000,0.000003,0.010464,0.376072,1
18212,1,0.010000,0.000003,0.010464,0.376072,1
18213,1,0.010000,0.000003,0.010464,0.376072,1
18214,1,0.010000,0.000003,0.010464,0.376072,1
18215,1,0.010000,0.000003,0.010464,0.376072,1
18216,1,0.010000,0.000003,0.010464,0.376072,1
18217,1,0.010000,0.000003,0.010464,0.376072,1
18218,1,0.010000,0.000003,0.010464,0.376072,1
18219,1,0.010000,0.000003,0.010464,0.376072,1
18220,1,0.010000,0.000003,0.010464,0.376072,1
18221,1,0.010000,0.000003,0.010464,0.376072,1
18222,1,0.010000,0.000003,0.010464,0.376072,1
18223,1,0.010000,0.000003,0.010464,0.376072,1
18224,1,0.010000,0.000003,0.010464,0.376072,1
18225,1,0.010000,0.000003,0.010464,0.376071,1
18226,1,0.010000,0.000003,0.010464,0.376071,1
18227,1,0.010000,0.000003,0.010464,0.376071,1
18228,1,0.010000,0.000003,0.010464,0.376071,1
18229,1,0.010000,0.000003,0.010464,0.376071,1
18230,1,0.010000,0.000003,0.010464,0.376071,1
18231,1,0.010000,0.000003,0.010464,0.376071,1
18232,1,0.010000,0.000003,0.010464,0.376071,1
18233,1,0.010000,0.000003,0.010464,0.376071,1
18234,1,0.010000,0.000003,0.010464,0.376071,1
18235,1,0.010000,0.000003,0.010464,0.376071,1
18236,1,0.010000,0.000003,0.010464,0.376071,1
18237,1,0.010000,0.000003,0.010464,0.376071,1
18238,1,0.010000,0.000003,0.010464,0.376071,1
18239,1,0.010000,0.000003,0.010464,0.376071,1
18240,1,0.010000,0.000003,0.010464,0.376071,1
18241,1,0.010000,0.000003,0.010464,0.376071,1
18242,1,0.010000,0.000003,0.010464,0.376071,1
18243,1,0.010000,0.000003,0.010464,0.376071,1
18244,1,0.010000,0.000003,0.010464,0.376071,1
18245,1,0.010000,0.000003,0.010464,0.376071,1
18246,1,0.010000,0.000003,0.010464,0.376071,1
18247,1,0.010000,0.000003,0.010464,0.376071,1
18248,1,0.010000,0.000003,0.010464,0.376071,1
18249,1,0.010000,0.000003,0.010464,0.376071,1
18250,1,0.010000,0.000003,0.010464,0.376071,0
18251,1,0.010000,0.000003,0.010464,0.376071,1
18252,1,0.010000,0.000003,0.010464,0.376071,1
18253,1,0.010000,0.000003,0.010464,0.376071,1
18254,1,0.010000,0.000003,0.010464,0.376071,1
18255,1,0.010000,0.000003,0.010464,0.376071,1
18256,1,0.010000,0.000003,0.010464,0.376071,0
18257,1,0.010000,0.000003,0.010464,0.376071,1
18258,1,0.010000,0.000003,0.010464,0.376071,1
18259,1,0.010000,0.000003,0.010464,0.376071,1
18260,1,0.010000,0.000003,0.010464,0.376071,1
18261,1,0.010000,0.000003,0.010464,0.376071,1
18262,1,0.010000,0.000003,0.010464,0.376071,1
18263,1,0.010000,0.000003,0.010464,0.376071,1
18264,1,0.010000,0.000003,0.010464,0.376071,1
18265,1,0.010000,0.000003,0.010464,0.376071,1
18266,1,0.010000,0.000003,0.010464,0.376071,1
18267,1,0.010000,0.000003,0.010464,0.376071,1
18268,1,0.010000,0.000003,0.010464,0.376071,1
18269,1,0.010000,0.000003,0.010464,0.376071,0
18270,1,0.010000,0.000003,0.010464,0.376071,1
18271,1,0.010000,0.000003,0.010464,0.376071,1
18272,1,0.010000,0.000003,0.010464,0.376071,1
18273,1,0.010000,0.000003,0.010464,0.376071,1
18274,1,0.010000,0.000003,0.010464,0.376070,1
18275,1,0.010000,0.000003,0.010464,0.376070,1
18276,1,0.010000,0.000003,0.010464,0.376070,0
18277,1,0.010000,0.000003,0.010464,0.376070,1
18278,1,0.010000,0.000003,0.010464,0.376070,1
18279,1,0.010000,0.000003,0.010464,0.376070,1
18280,1,0.010000,0.000003,0.010464,0.376070,1
18281,1,0.010000,0.000003,0.010464,0.376070,1
18282,1,0.010000,0.000003,0.010464,0.376070,1
18283,1,0.010000,0.000003,0.010464,0.376070,1
18284,1,0.010000,0.000003,0.010464,0.376070,1
18285,1,0.010000,0.000003,0.010464,0.376070,1
18286,1,0.010000,0.000003,0.010464,0.376070,1
18287,1,0.010000,0.000003,0.010464,0.376070,1
18288,1,0.010000,0.000003,0.010464,0.376070,1
18289,1,0.010000,0.000003,0.010464,0.376070,1
18290,1,0.010000,0.000003,0.010464,0.376070,1
18291,1,0.010000,0.000003,0.010464,0.376070,1
18292,1,0.010000,0.000003,0.010464,0.376070,1
18293,1,0.010000,0.000003,0.010464,0.376070,1
18294,1,0.010000,0.000003,0.010464,0.376070,0
18295,1,0.010000,0.000003,0.010464,0.376070,1
18296,1,0.010000,0.000003,0.010464,0.376070,1
18297,1,0.010000,0.000003,0.010464,0.376070,1
18298,1,0.010000,0.000003,0.010464,0.376070,0
18299,1,0.010000,0.000003,0.010464,0.376070,1
18300,1,0.010000,0.000003,0.010464,0.376070,1
18301,1,0.010000,0.000003,0.010464,0.376070,1
18302,1,0.010000,0.000003,0.010464,0.376070,1
18303,1,0.010000,0.000003,0.010464,0.376070,1
18304,1,0.010000,0.000003,0.010464,0.376070,1
18305,1,0.010000,0.000003,0.010464,0.376070,1
18306,1,0.010000,0.000003,0.010464,0.376070,1
18307,1,0.010000,0.000003,0.010464,0.376070,0
18308,1,0.010000,0.000003,0.010464,0.376070,1
18309,1,0.010000,0.000003,0.010464,0.376070,1
18310,1,0.010000,0.000003,0.010464,0.376070,1
18311,1,0.010000,0.000003,0.010464,0.376070,1
18312,1,0.010000,0.000003,0.010464,0.376070,1
18313,1,0.010000,0.000003,0.010464,0.376070,1
18314,1,0.010000,0.000003,0.010464,0.376070,1
18315,1,0.010000,0.000003,0.010464,0.376070,1
18316,1,0.010000,0.000003,0.010464,0.376070,1
18317,1,0.010000,0.000003,0.010464,0.376070,1
18318,1,0.010000,0.000003,0.010464,0.376070,0
18319,1,0.010000,0.000003,0.010464,0.376070,1
18320,1,0.010000,0.000003,0.010464,0.376070,0
18321,1,0.010000,0.000003,0.010464,0.376070,1
18322,1,0.010000,0.000003,0.010464,0.376070,1
18323,1,0.010000,0.000003,0.010464,0.376070,1
18324,1,0.010000,0.000003,0.010464,0.376069,1
18325,1,0.010000,0.000003,0.010464,0.376069,1
18326,1,0.010000,0.000003,0.010464,0.376069,1
18327,1,0.010000,0.000003,0.010464,0.376069,1
18328,1,0.010000,0.000003,0.010464,0.376069,1
18329,1,0.010000,0.000003,0.010464,0.376069,1
18330,1,0.010000,0.000003,0.010464,0.376069,1
18331,1,0.010000,0.000003,0.010464,0.376069,1
18332,1,0.010000,0.000003,0.010464,0.376069,1
18333,1,0.010000,0.000003,0.010464,0.376069,1
18334,1,0.010000,0.000003,0.010464,0.376069,1
18335,1,0.010000,0.000003,0.010464,0.376069,1
18336,1,0.010000,0.000003,0.010464,0.376069,1
18337,1,0.010000,0.000003,0.010464,0.376069,1
18338,1,0.010000,0.000003,0.010464,0.376069,1
18339,1,0.010000,0.000003,0.010464,0.376069,1
18340,1,0.010000,0.000003,0.010464,0.376069,1
18341,1,0.010000,0.000003,0.010464,0.376069,1
18342,1,0.010000,0.000003,0.010464,0.376069,1
18343,1,0.010000,0.000003,0.010464,0.376069,1
18344,1,0.010000,0.000003,0.010464,0.376069,1
18345,1,0.010000,0.000003,0.010464,0.376069,1
18346,1,0.010000,0.000003,0.010464,0.376069,1
18347,1,0.010000,0.000003,0.010464,0.376069,1
18348,1,0.010000,0.000003,0.010464,0.376069,1
18349,1,0.010000,0.000003,0.010464,0.376069,1
18350,1,0.010000,0.000003,0.010464,0.376069,1
18351,1,0.010000,0.000003,0.010464,0.376069,1
18352,1,0.010000,0.000003,0.010464,0.376069,1
18353,1,0.010000,0.000003,0.010464,0.376069,1
18354,1,0.010000,0.000003,0.010464,0.376069,1
18355,1,0.010000,0.000003,0.010464,0.376069,1
18356,1,0.010000,0.000003,0.010464,0.376069,1
18357,1,0.010000,0.000003,0.010464,0.376069,1
18358,1,0.010000,0.000003,0.010464,0.376069,1
18359,1,0.010000,0.000003,0.010464,0.376069,1
18360,1,0.010000,0.000003,0.010464,0.376069,1
18361,1,0.010000,0.000003,0.010464,0.376069,1
18362,1,0.010000,0.000003,0.010464,0.376069,1
18363,1,0.010000,0.000003,0.010464,0.376069,1
18364,1,0.010000,0.000003,0.010464,0.376069,1
18365,1,0.010000,0.000003,0.010464,0.376069,1
18366,1,0.010000,0.000003,0.010464,0.376069,1
18367,1,0.010000,0.000003,0.010464,0.376069,1
18368,1,0.010000,0.000003,0.010464,0.376069,1
18369,1,0.010000,0.000003,0.010464,0.376069,1
18370,1,0.010000,0.000003,0.010464,0.376069,1
18371,1,0.010000,0.000003,0.010464,0.376069,1
18372,1,0.010000,0.000003,0.010464,0.376069,1
18373,1,0.010000,0.000003,0.010464,0.376069,1
18374,1,0.010000,0.000003,0.010464,0.376069,1
18375,1,0.010000,0.000003,0.010464,0.376068,1
18376,1,0.010000,0.000003,0.010464,0.376068,1
18377,1,0.010000,0.000003,0.010464,0.376068,0
18378,1,0.010000,0.000003,0.010464,0.376068,1
18379,1,0.010000,0.000003,0.010464,0.376068,1
18380,1,0.010000,0.000003,0.010464,0.376068,1
18381,1,0.010000,0.000003,0.010464,0.376068,1
18382,1,0.010000,0.000003,0.010464,0.376068,1
18383,1,0.010000,0.000003,0.010464,0.376068,1
18384,1,0.010000,0.000003,0.010464,0.376068,1
18385,1,0.010000,0.000003,0.010464,0.376068,1
18386,1,0.010000,0.000003,0.010464,0.376068,1
18387,1,0.010000,0.000003,0.010464,0.376068,1
18388,1,0.010000,0.000003,0.010464,0.376068,1
18389,1,0.010000,0.000003,0.010464,0.376068,1
18390,1,0.010000,0.000003,0.010464,0.376068,1
18391,1,0.010000,0.000003,0.010464,0.376068,1
18392,1,0.010000,0.000003,0.010464,0.376068,1
18393,1,0.010000,0.000003,0.010464,0.376068,1
18394,1,0.010000,0.000003,0.010464,0.376068,1
18395,1,0.010000,0.000003,0.010464,0.376068,1
18396,1,0.010000,0.000003,0.010464,0.376068,1
18397,1,0.010000,0.000003,0.010464,0.376068,1
18398,1,0.010000,0.000003,0.010464,0.376068,1
18399,1,0.010000,0.000003,0.010464,0.376068,1
18400,1,0.010000,0.000003,0.010464,0.376068,1
18401,1,0.010000,0.000003,0.010464,0.376068,1
18402,1,0.010000,0.000003,0.010464,0.376068,1
18403,1,0.010000,0.000003,0.010464,0.376068,0
18404,1,0.010000,0.000003,0.010464,0.376068,1
18405,1,0.010000,0.000003,0.010464,0.376068,1
18406,1,0.010000,0.000003,0.010464,0.376068,1
18407,1,0.010000,0.000003,0.010464,0.376068,1
18408,1,0.010000,0.000003,0.010464,0.376068,1
18409,1,0.010000,0.000003,0.010464,0.376068,1
18410,1,0.010000,0.000003,0.010464,0.376068,0
18411,1,0.010000,0.000003,0.010464,0.376068,1
18412,1,0.010000,0.000003,0.010464,0.376068,1
18413,1,0.010000,0.000003,0.010464,0.376068,1
18414,1,0.010000,0.000003,0.010464,0.376068,1
18415,1,0.010000,0.000003,0.010464,0.376068,0
18416,1,0.010000,0.000003,0.010464,0.376068,1
18417,1,0.010000,0.000003,0.010464,0.376068,1
18418,1,0.010000,0.000003,0.010464,0.376068,1
18419,1,0.010000,0.000003,0.010464,0.376068,1
18420,1,0.010000,0.000003,0.010464,0.376068,1
18421,1,0.010000,0.000003,0.010464,0.376068,1
18422,1,0.010000,0.000003,0.010464,0.376068,1
18423,1,0.010000,0.000003,0.010464,0.376068,1
18424,1,0.010000,0.000003,0.010464,0.376068,1
18425,1,0.010000,0.000003,0.010464,0.376068,1
18426,1,0.010000,0.000003,0.010464,0.376068,1
18427,1,0.010000,0.000003,0.010464,0.376068,0
18428,1,0.010000,0.000003,0.010464,0.376068,1
18429,1,0.010000,0.000003,0.010464,0.376068,1
18430,1,0.010000,0.000003,0.010464,0.376067,1
18431,1,0.010000,0.000003,0.010464,0.376067,1
18432,1,0.010000,0.000003,0.010464,0.376067,1
18433,1,0.010000,0.000003,0.010464,0.376067,1
18434,1,0.010000,0.000003,0.010464,0.376067,1
18435,1,0.010000,0.000003,0.010464,0.376067,1
18436,1,0.010000,0.000003,0.010464,0.376067,1
18437,1,0.010000,0.000003,0.010464,0.376067,1
18438,1,0.010000,0.000003,0.010464,0.376067,1
18439,1,0.010000,0.000003,0.010464,0.376067,1
18440,1,0.010000,0.000003,0.010464,0.376067,1
18441,1,0.010000,0.000003,0.010464,0.376067,1
18442,1,0.010000,0.000003,0.010464,0.376067,1
18443,1,0.010000,0.000003,0.010464,0.376067,1
18444,1,0.010000,0.000003,0.010464,0.376067,1
18445,1,0.010000,0.000003,0.010464,0.376067,1
18446,1,0.010000,0.000003,0.010464,0.376067,1
18447,1,0.010000,0.000003,0.010464,0.376067,1
18448,1,0.010000,0.000003,0.010464,0.376067,1
18449,1,0.010000,0.000003,0.010464,0.376067,1
18450,1,0.010000,0.000003,0.010464,0.376067,1
18451,1,0.010000,0.000003,0.010464,0.376067,1
18452,1,0.010000,0.000003,0.010464,0.376067,0
18453,1,0.010000,0.000003,0.010464,0.376067,1
18454,1,0.010000,0.000003,0.010464,0.376067,1
18455,1,0.010000,0.000003,0.010464,0.376067,1
18456,1,0.010000,0.000003,0.010464,0.376067,1
18457,1,0.010000,0.000003,0.010464,0.376067,1
18458,1,0.010000,0.000003,0.010464,0.376067,1
18459,1,0.010000,0.000003,0.010464,0.376067,1
18460,1,0.010000,0.000003,0.010464,0.376067,1
18461,1,0.010000,0.000003,0.010464,0.376067,1
18462,1,0.010000,0.000003,0.010464,0.376067,1
18463,1,0.010000,0.000003,0.010464,0.376067,1
18464,1,0.010000,0.000003,0.010464,0.376067,1
18465,1,0.010000,0.000003,0.010464,0.376067,1
18466,1,0.010000,0.000003,0.010464,0.376067,0
18467,1,0.010000,0.000003,0.010464,0.376067,1
18468,1,0.010000,0.000003,0.010464,0.376067,1
18469,1,0.010000,0.000003,0.010464,0.376067,1
18470,1,0.010000,0.000003,0.010464,0.376067,1
18471,1,0.010000,0.000003,0.010464,0.376067,0
18472,1,0.010000,0.000003,0.010464,0.376067,1
18473,1,0.010000,0.000003,0.010464,0.376067,1
18474,1,0.010000,0.000003,0.010464,0.376067,1
18475,1,0.010000,0.000003,0.010464,0.376067,1
18476,1,0.010000,0.000003,0.010464,0.376067,1
18477,1,0.010000,0.000003,0.010464,0.376067,1
18478,1,0.010000,0.000003,0.010464,0.376067,1
18479,1,0.010000,0.000003,0.010464,0.376067,1
18480,1,0.010000,0.000003,0.010464,0.376067,1
18481,1,0.010000,0.000003,0.010464,0.376067,1
18482,1,0.010000,0.000003,0.010464,0.376067,1
18483,1,0.010000,0.000003,0.010464,0.376067,1
18484,1,0.010000,0.000003,0.010464,0.376067,1
18485,1,0.010000,0.000003,0.010464,0.376067,0
18486,1,0.010000,0.000003,0.010464,0.376066,1
18487,1,0.010000,0.000003,0.010464,0.376066,1
18488,1,0.010000,0.000003,0.010464,0.376066,1
18489,1,0.010000,0.000003,0.010464,0.376066,1
18490,1,0.010000,0.000003,0.010464,0.376066,1
18491,1,0.010000,0.000003,0.010464,0.376066,1
18492,1,0.010000,0.000003,0.010464,0.376066,1
18493,1,0.010000,0.000003,0.010464,0.376066,1
18494,1,0.010000,0.000003,0.010464,0.376066,1
18495,1,0.010000,0.000003,0.010464,0.376066,1
18496,1,0.010000,0.000003,0.010464,0.376066,1
18497,1,0.010000,0.000003,0.010464,0.376066,0
18498,1,0.010000,0.000003,0.010464,0.376066,1
18499,1,0.010000,0.000003,0.010464,0.376066,1
18500,1,0.010000,0.000003,0.010464,0.376066,1
18501,1,0.010000,0.000003,0.010464,0.376066,1
18502,1,0.010000,0.000003,0.010464,0.376066,1
18503,1,0.010000,0.000003,0.010464,0.376066,0
18504,1,0.010000,0.000003,0.010464,0.376066,1
18505,1,0.010000,0.000003,0.010464,0.376066,1
18506,1,0.010000,0.000003,0.010464,0.376066,1
18507,1,0.010000,0.000003,0.010464,0.376066,1
18508,1,0.010000,0.000003,0.010464,0.376066,1
18509,1,0.010000,0.000003,0.010464,0.376066,1
18510,1,0.010000,0.000003,0.010464,0.376066,1
18511,1,0.010000,0.000003,0.010464,0.376066,1
18512,1,0.010000,0.000003,0.010464,0.376066,1
18513,1,0.010000,0.000003,0.010464,0.376066,1
18514,1,0.010000,0.000003,0.010464,0.376066,1
18515,1,0.010000,0.000003,0.010464,0.376066,1
18516,1,0.010000,0.000003,0.010464,0.376066,1
18517,1,0.010000,0.000003,0.010464,0.376066,0
18518,1,0.010000,0.000003,0.010464,0.376066,1
18519,1,0.010000,0.000003,0.010464,0.376066,1
18520,1,0.010000,0.000003,0.010464,0.376066,1
18521,1,0.010000,0.000003,0.010464,0.376066,1
18522,1,0.010000,0.000003,0.010464,0.376066,1
18523,1,0.010000,0.000003,0.010464,0.376066,1
18524,1,0.010000,0.000003,0.010464,0.376066,1
18525,1,0.010000,0.000003,0.010464,0.376066,1
18526,1,0.010000,0.000003,0.010464,0.376066,1
18527,1,0.010000,0.000003,0.010464,0.376066,1
18528,1,0.010000,0.000003,0.010464,0.376066,1
18529,1,0.010000,0.000003,0.010464,0.376066,1
18530,1,0.010000,0.000003,0.010464,0.376066,1
18531,1,0.010000,0.000003,0.010464,0.376066,1
18532,1,0.010000,0.000003,0.010464,0.376066,1
18533,1,0.010000,0.000003,0.010464,0.376066,1
18534,1,0.010000,0.000003,0.010464,0.376066,1
18535,1,0.010000,0.000003,0.010464,0.376066,1
18536,1,0.010000,0.000003,0.010464,0.376066,1
18537,1,0.010000,0.000003,0.010464,0.376066,1
18538,1,0.010000,0.000003,0.010464,0.376066,1
18539,1,0.010000,0.000003,0.010464,0.376066,1
18540,1,0.010000,0.000003,0.010464,0.376066,1
18541,1,0.010000,0.000003,0.010464,0.376066,0
18542,1,0.010000,0.000003,0.010464,0.376066,1
18543,1,0.010000,0.000003,0.010464,0.376065,1
18544,1,0.010000,0.000003,0.010464,0.376065,1
18545,1,0.010000,0.000003,0.010464,0.376065,1
18546,1,0.010000,0.000003,0.010464,0.376065,1
18547,1,0.010000,0.000003,0.010464,0.376065,1
18548,1,0.010000,0.000003,0.010464,0.376065,1
18549,1,0.010000,0.000003,0.010464,0.376065,1
18550,1,0.010000,0.000003,0.010464,0.376065,1
18551,1,0.010000,0.000003,0.010464,0.376065,1
18552,1,0.010000,0.000003,0.010464,0.376065,0
18553,1,0.010000,0.000003,0.010464,0.376065,1
18554,1,0.010000,0.000003,0.010464,0.376065,1
18555,1,0.010000,0.000003,0.010464,0.376065,1
18556,1,0.010000,0.000003,0.010464,0.376065,0
18557,1,0.010000,0.000003,0.010464,0.376065,1
18558,1,0.010000,0.000003,0.010464,0.376065,1
18559,1,0.010000,0.000003,0.010464,0.376065,1
18560,1,0.010000,0.000003,0.010464,0.376065,1
18561,1,0.010000,0.000003,0.010464,0.376065,1
18562,1,0.010000,0.000003,0.010464,0.376065,1
18563,1,0.010000,0.000003,0.010464,0.376065,1
18564,1,0.010000,0.000003,0.010464,0.376065,1
18565,1,0.010000,0.000003,0.010464,0.376065,1
18566,1,0.010000,0.000003,0.010464,0.376065,1
18567,1,0.010000,0.000003,0.010464,0.376065,1
18568,1,0.010000,0.000003,0.010464,0.376065,1
18569,1,0.010000,0.000003,0.010464,0.376065,1
18570,1,0.010000,0.000003,0.010464,0.376065,1
18571,1,0.010000,0.000003,0.010464,0.376065,1
18572,1,0.010000,0.000003,0.010464,0.376065,1
18573,1,0.010000,0.000003,0.010464,0.376065,1
18574,1,0.010000,0.000003,0.010464,0.376065,1
18575,1,0.010000,0.000003,0.010464,0.376065,1
18576,1,0.010000,0.000003,0.010464,0.376065,1
18577,1,0.010000,0.000003,0.010464,0.376065,1
18578,1,0.010000,0.000003,0.010464,0.376065,1
18579,1,0.010000,0.000003,0.010464,0.376065,1
18580,1,0.010000,0.000003,0.010464,0.376065,1
18581,1,0.010000,0.000003,0.010464,0.376065,1
18582,1,0.010000,0.000003,0.010464,0.376065,1
18583,1,0.010000,0.000003,0.010464,0.376065,1
18584,1,0.010000,0.000003,0.010464,0.376065,1
18585,1,0.010000,0.000003,0.010464,0.376065,1
18586,1,0.010000,0.000003,0.010464,0.376065,1
18587,1,0.010000,0.000003,0.010464,0.376065,1
18588,1,0.010000,0.000003,0.010464,0.376065,1
18589,1,0.010000,0.000003,0.010464,0.376065,1
18590,1,0.010000,0.000003,0.010464,0.376065,1
18591,1,0.010000,0.000003,0.010464,0.376065,0
18592,1,0.010000,0.000003,0.010464,0.376065,1
18593,1,0.010000,0.000003,0.010464,0.376065,1
18594,1,0.010000,0.000003,0.010464,0.376065,1
18595,1,0.010000,0.000003,0.010464,0.376065,0
18596,1,0.010000,0.000003,0.010464,0.376065,0
18597,1,0.010000,0.000003,0.010464,0.376065,1
18598,1,0.010000,0.000003,0.010464,0.376065,1
18599,1,0.010000,0.000003,0.010464,0.376065,1
18600,1,0.010000,0.000003,0.010464,0.376065,1
18601,1,0.010000,0.000003,0.010464,0.376065,1
18602,1,0.010000,0.000003,0.010464,0.376065,1
18603,1,0.010000,0.000003,0.010464,0.376064,1
18604,1,0.010000,0.000003,0.010464,0.376064,1
18605,1,0.010000,0.000003,0.010464,0.376064,1
18606,1,0.010000,0.000003,0.010464,0.376064,0
18607,1,0.010000,0.000003,0.010464,0.376064,1
18608,1,0.010000,0.000003,0.010464,0.376064,1
18609,1,0.010000,0.000003,0.010464,0.376064,1
18610,1,0.010000,0.000003,0.010464,0.376064,1
18611,1,0.010000,0.000003,0.010464,0.376064,1
18612,1,0.010000,0.000003,0.010464,0.376064,1
18613,1,0.010000,0.000003,0.010464,0.376064,1
18614,1,0.010000,0.000003,0.010464,0.376064,1
18615,1,0.010000,0.000003,0.010464,0.376064,0
18616,1,0.010000,0.000003,0.010464,0.376064,1
18617,1,0.010000,0.000003,0.010464,0.376064,1
18618,1,0.010000,0.000003,0.010464,0.376064,1
18619,1,0.010000,0.000003,0.010464,0.376064,1
18620,1,0.010000,0.000003,0.010464,0.376064,1
18621,1,0.010000,0.000003,0.010464,0.376064,1
18622,1,0.010000,0.000003,0.010464,0.376064,1
18623,1,0.010000,0.000003,0.010464,0.376064,0
18624,1,0.010000,0.000003,0.010464,0.376064,0
18625,1,0.010000,0.000003,0.010464,0.376064,1
18626,1,0.010000,0.000003,0.010464,0.376064,1
18627,1,0.010000,0.000003,0.010464,0.376064,1
18628,1,0.010000,0.000003,0.010464,0.376064,0
18629,1,0.010000,0.000003,0.010464,0.376064,1
18630,1,0.010000,0.000003,0.010464,0.376064,1
18631,1,0.010000,0.000003,0.010464,0.376064,1
18632,1,0.010000,0.000003,0.010464,0.376064,1
18633,1,0.010000,0.000003,0.010464,0.376064,1
18634,1,0.010000,0.000003,0.010464,0.376064,1
18635,1,0.010000,0.000003,0.010464,0.376064,1
18636,1,0.010000,0.000003,0.010464,0.376064,1
18637,1,0.010000,0.000003,0.010464,0.376064,1
18638,1,0.010000,0.000003,0.010464,0.376064,1
18639,1,0.010000,0.000003,0.010464,0.376064,1
18640,1,0.010000,0.000003,0.010464,0.376064,1
18641,1,0.010000,0.000003,0.010464,0.376064,1
18642,1,0.010000,0.000003,0.010464,0.376064,0
18643,1,0.010000,0.000003,0.010464,0.376064,0
18644,1,0.010000,0.000003,0.010464,0.376064,1
18645,1,0.010000,0.000003,0.010464,0.376064,1
18646,1,0.010000,0.000003,0.010464,0.376064,1
18647,1,0.010000,0.000003,0.010464,0.376064,1
18648,1,0.010000,0.000003,0.010464,0.376064,1
18649,1,0.010000,0.000003,0.010464,0.376064,1
18650,1,0.010000,0.000003,0.010464,0.376064,1
18651,1,0.010000,0.000003,0.010464,0.376064,1
18652,1,0.010000,0.000003,0.010464,0.376064,1
18653,1,0.010000,0.000003,0.010464,0.376064,1
18654,1,0.010000,0.000003,0.010464,0.376064,1
18655,1,0.010000,0.000003,0.010464,0.376064,1
18656,1,0.010000,0.000003,0.010464,0.376064,1
18657,1,0.010000,0.000003,0.010464,0.376064,1
18658,1,0.010000,0.000003,0.010464,0.376064,1
18659,1,0.010000,0.000003,0.010464,0.376064,1
18660,1,0.010000,0.000003,0.010464,0.376064,1
18661,1,0.010000,0.000003,0.010464,0.376064,1
18662,1,0.010000,0.000003,0.010464,0.376064,1
18663,1,0.010000,0.000003,0.010464,0.376064,1
18664,1,0.010000,0.000003,0.010464,0.376064,1
18665,1,0.010000,0.000003,0.010464,0.376063,1
18666,1,0.010000,0.000003,0.010464,0.376063,1
18667,1,0.010000,0.000003,0.010464,0.376063,1
18668,1,0.010000,0.000003,0.010464,0.376063,1
18669,1,0.010000,0.000003,0.010464,0.376063,1
18670,1,0.010000,0.000003,0.010464,0.376063,1
18671,1,0.010000,0.000003,0.010464,0.376063,1
18672,1,0.010000,0.000003,0.010464,0.376063,1
18673,1,0.010000,0.000003,0.010464,0.376063,0
18674,1,0.010000,0.000003,0.010464,0.376063,1
18675,1,0.010000,0.000003,0.010464,0.376063,1
18676,1,0.010000,0.000003,0.010464,0.376063,1
18677,1,0.010000,0.000003,0.010464,0.376063,0
18678,1,0.010000,0.000003,0.010464,0.376063,1
18679,1,0.010000,0.000003,0.010464,0.376063,1
18680,1,0.010000,0.000003,0.010464,0.376063,1
18681,1,0.010000,0.000003,0.010464,0.376063,1
18682,1,0.010000,0.000003,0.010464,0.376063,1
18683,1,0.010000,0.000003,0.010464,0.376063,1
18684,1,0.010000,0.000003,0.010464,0.376063,1
18685,1,0.010000,0.000003,0.010464,0.376063,0
18686,1,0.010000,0.000003,0.010464,0.376063,0
18687,1,0.010000,0.000003,0.010464,0.376063,0
18688,1,0.010000,0.000003,0.010464,0.376063,1
18689,1,0.010000,0.000003,0.010464,0.376063,1
18690,1,0.010000,0.000003,0.010464,0.376063,1
18691,1,0.010000,0.000003,0.010464,0.376063,1
18692,1,0.010000,0.000003,0.010464,0.376063,1
18693,1,0.010000,0.000003,0.010464,0.376063,1
18694,1,0.010000,0.000003,0.010464,0.376063,1
18695,1,0.010000,0.000003,0.010464,0.376063,1
18696,1,0.010000,0.000003,0.010464,0.376063,1
18697,1,0.010000,0.000003,0.010464,0.376063,1
18698,1,0.010000,0.000003,0.010464,0.376063,0
18699,1,0.010000,0.000003,0.010464,0.376063,0
18700,1,0.010000,0.000003,0.010464,0.376063,1
18701,1,0.010000,0.000003,0.010464,0.376063,1
18702,1,0.010000,0.000003,0.010464,0.376063,1
18703,1,0.010000,0.000003,0.010464,0.376063,1
18704,1,0.010000,0.000003,0.010464,0.376063,1
18705,1,0.010000,0.000003,0.010464,0.376063,1
18706,1,0.010000,0.000003,0.010464,0.376063,1
18707,1,0.010000,0.000003,0.010464,0.376063,1
18708,1,0.010000,0.000003,0.010464,0.376063,1
18709,1,0.010000,0.000003,0.010464,0.376063,1
18710,1,0.010000,0.000003,0.010464,0.376063,1
18711,1,0.010000,0.000003,0.010464,0.376063,1
18712,1,0.010000,0.000003,0.010464,0.376063,1
18713,1,0.010000,0.000003,0.010464,0.376063,1
18714,1,0.010000,0.000003,0.010464,0.376063,1
18715,1,0.010000,0.000003,0.010464,0.376063,1
18716,1,0.010000,0.000003,0.010464,0.376063,1
18717,1,0.010000,0.000003,0.010464,0.376063,1
18718,1,0.010000,0.000003,0.010464,0.376063,0
18719,1,0.010000,0.000003,0.010464,0.376063,1
18720,1,0.010000,0.000003,0.010464,0.376063,1
18721,1,0.010000,0.000003,0.010464,0.376063,1
18722,1,0.010000,0.000003,0.010464,0.376063,1
18723,1,0.010000,0.000003,0.010464,0.376063,1
18724,1,0.010000,0.000003,0.010464,0.376063,1
18725,1,0.010000,0.000003,0.010464,0.376063,0
18726,1,0.010000,0.000003,0.010464,0.376063,1
18727,1,0.010000,0.000003,0.010464,0.376063,0
18728,1,0.010000,0.000003,0.010464,0.376063,1
18729,1,0.010000,0.000003,0.010464,0.376063,1
18730,1,0.010000,0.000003,0.010464,0.376062,1
18731,1,0.010000,0.000003,0.010464,0.376062,1
18732,1,0.010000,0.000003,0.010464,0.376062,1
18733,1,0.010000,0.000003,0.010464,0.376062,1
18734,1,0.010000,0.000003,0.010464,0.376062,1
18735,1,0.010000,0.000003,0.010464,0.376062,1
18736,1,0.010000,0.000003,0.010464,0.376062,1
18737,1,0.010000,0.000003,0.010464,0.376062,1
18738,1,0.010000,0.000003,0.010464,0.376062,1
18739,1,0.010000,0.000003,0.010464,0.376062,1
18740,1,0.010000,0.000003,0.010464,0.376062,1
18741,1,0.010000,0.000003,0.010464,0.376062,1
18742,1,0.010000,0.000003,0.010464,0.376062,0
18743,1,0.010000,0.000003,0.010464,0.376062,1
18744,1,0.010000,0.000003,0.010464,0.376062,1
18745,1,0.010000,0.000003,0.010464,0.376062,1
18746,1,0.010000,0.000003,0.010464,0.376062,1
18747,1,0.010000,0.000003,0.010464,0.376062,1
18748,1,0.010000,0.000003,0.010464,0.376062,1
18749,1,0.010000,0.000003,0.010464,0.376062,1
18750,1,0.010000,0.000003,0.010464,0.376062,1
18751,1,0.010000,0.000003,0.010464,0.376062,1
18752,1,0.010000,0.000003,0.010464,0.376062,1
18753,1,0.010000,0.000003,0.010464,0.376062,1
18754,1,0.010000,0.000003,0.010464,0.376062,1
18755,1,0.010000,0.000003,0.010464,0.376062,1
18756,1,0.010000,0.000003,0.010464,0.376062,1
18757,1,0.010000,0.000003,0.010464,0.376062,1
18758,1,0.010000,0.000003,0.010464,0.376062,1
18759,1,0.010000,0.000003,0.010464,0.376062,1
18760,1,0.010000,0.000003,0.010464,0.376062,1
18761,1,0.010000,0.000003,0.010464,0.376062,1
18762,1,0.010000,0.000003,0.010464,0.376062,1
18763,1,0.010000,0.000003,0.010464,0.376062,1
18764,1,0.010000,0.000003,0.010464,0.376062,1
18765,1,0.010000,0.000003,0.010464,0.376062,1
18766,1,0.010000,0.000003,0.010464,0.376062,1
18767,1,0.010000,0.000003,0.010464,0.376062,1
18768,1,0.010000,0.000003,0.010464,0.376062,1
18769,1,0.010000,0.000003,0.010464,0.376062,1
18770,1,0.010000,0.000003,0.010464,0.376062,1
18771,1,0.010000,0.000003,0.010464,0.376062,1
18772,1,0.010000,0.000003,0.010464,0.376062,1
18773,1,0.010000,0.000003,0.010464,0.376062,0
18774,1,0.010000,0.000003,0.010464,0.376062,1
18775,1,0.010000,0.000003,0.010464,0.376062,1
18776,1,0.010000,0.000003,0.010464,0.376062,1
18777,1,0.010000,0.000003,0.010464,0.376062,1
18778,1,0.010000,0.000003,0.010464,0.376062,1
18779,1,0.010000,0.000003,0.010464,0.376062,0
18780,1,0.010000,0.000003,0.010464,0.376062,1
18781,1,0.010000,0.000003,0.010464,0.376062,1
18782,1,0.010000,0.000003,0.010464,0.376062,1
18783,1,0.010000,0.000003,0.010464,0.376062,1
18784,1,0.010000,0.000003,0.010464,0.376062,1
18785,1,0.010000,0.000003,0.010464,0.376062,1
18786,1,0.010000,0.000003,0.010464,0.376062,1
18787,1,0.010000,0.000003,0.010464,0.376062,1
18788,1,0.010000,0.000003,0.010464,0.376062,1
18789,1,0.010000,0.000003,0.010464,0.376062,1
18790,1,0.010000,0.000003,0.010464,0.376062,1
18791,1,0.010000,0.000003,0.010464,0.376062,1
18792,1,0.010000,0.000003,0.010464,0.376062,1
18793,1,0.010000,0.000003,0.010464,0.376062,1
18794,1,0.010000,0.000003,0.010464,0.376062,1
18795,1,0.010000,0.000003,0.010464,0.376062,1
18796,1,0.010000,0.000003,0.010464,0.376062,1
18797,1,0.010000,0.000003,0.010464,0.376062,1
18798,1,0.010000,0.000003,0.010464,0.376062,1
18799,1,0.010000,0.000003,0.010464,0.376061,1
18800,1,0.010000,0.000003,0.010464,0.376061,1
18801,1,0.010000,0.000003,0.010464,0.376061,1
18802,1,0.010000,0.000003,0.010464,0.376061,1
18803,1,0.010000,0.000003,0.010464,0.376061,1
18804,1,0.010000,0.000003,0.010464,0.376061,1
18805,1,0.010000,0.000003,0.010464,0.376061,1
18806,1,0.010000,0.000003,0.010464,0.376061,1
18807,1,0.010000,0.000003,0.010464,0.376061,1
18808,1,0.010000,0.000003,0.010464,0.376061,1
18809,1,0.010000,0.000003,0.010464,0.376061,1
18810,1,0.010000,0.000003,0.010464,0.376061,1
18811,1,0.010000,0.000003,0.010464,0.376061,1
18812,1,0.010000,0.000003,0.010464,0.376061,1
18813,1,0.010000,0.000003,0.010464,0.376061,1
18814,1,0.010000,0.000003,0.010464,0.376061,1
18815,1,0.010000,0.000002,0.010464,0.376061,0
18816,1,0.010000,0.000002,0.010464,0.376061,1
18817,1,0.010000,0.000002,0.010464,0.376061,0
18818,1,0.010000,0.000002,0.010464,0.376061,1
18819,1,0.010000,0.000002,0.010464,0.376061,0
18820,1,0.010000,0.000002,0.010464,0.376061,1
18821,1,0.010000,0.000002,0.010464,0.376061,1
18822,1,0.010000,0.000002,0.010464,0.376061,1
18823,1,0.010000,0.000002,0.010464,0.376061,1
18824,1,0.010000,0.000002,0.010464,0.376061,1
18825,1,0.010000,0.000002,0.010464,0.376061,1
18826,1,0.010000,0.000002,0.010464,0.376061,1
18827,1,0.010000,0.000002,0.010464,0.376061,1
18828,1,0.010000,0.000002,0.010464,0.376061,1
18829,1,0.010000,0.000002,0.010464,0.376061,1
18830,1,0.010000,0.000002,0.010464,0.376061,1
18831,1,0.010000,0.000002,0.010464,0.376061,1
18832,1,0.010000,0.000002,0.010464,0.376061,1
18833,1,0.010000,0.000002,0.010464,0.376061,1
18834,1,0.010000,0.000002,0.010464,0.376061,1
18835,1,0.010000,0.000002,0.010464,0.376061,1
18836,1,0.010000,0.000002,0.010464,0.376061,1
18837,1,0.010000,0.000002,0.010464,0.376061,1
18838,1,0.010000,0.000002,0.010464,0.376061,1
18839,1,0.010000,0.000002,0.010464,0.376061,1
18840,1,0.010000,0.000002,0.010464,0.376061,1
18841,1,0.010000,0.000002,0.010464,0.376061,1
18842,1,0.010000,0.000002,0.010464,0.376061,1
18843,1,0.010000,0.000002,0.010464,0.376061,1
18844,1,0.010000,0.000002,0.010464,0.376061,1
18845,1,0.010000,0.000002,0.010464,0.376061,1
18846,1,0.010000,0.000002,0.010464,0.376061,1
18847,1,0.010000,0.000002,0.010464,0.376061,1
18848,1,0.010000,0.000002,0.010464,0.376061,1
18849,1,0.010000,0.000002,0.010464,0.376061,1
18850,1,0.010000,0.000002,0.010464,0.376061,1
18851,1,0.010000,0.000002,0.010464,0.376061,1
18852,1,0.010000,0.000002,0.010464,0.376061,1
18853,1,0.010000,0.000002,0.010464,0.376061,1
18854,1,0.010000,0.000002,0.010464,0.376061,1
18855,1,0.010000,0.000002,0.010464,0.376061,1
18856,1,0.010000,0.000002,0.010464,0.376061,1
18857,1,0.010000,0.000002,0.010464,0.376061,0
18858,1,0.010000,0.000002,0.010464,0.376061,1
18859,1,0.010000,0.000002,0.010464,0.376061,1
18860,1,0.010000,0.000002,0.010464,0.376061,1
18861,1,0.010000,0.000002,0.010464,0.376061,1
18862,1,0.010000,0.000002,0.010464,0.376061,0
18863,1,0.010000,0.000002,0.010464,0.376061,1
18864,1,0.010000,0.000002,0.010464,0.376061,1
18865,1,0.010000,0.000002,0.010464,0.376061,1
18866,1,0.010000,0.000002,0.010464,0.376061,1
18867,1,0.010000,0.000002,0.010464,0.376061,1
18868,1,0.010000,0.000002,0.010464,0.376060,1
18869,1,0.010000,0.000002,0.010464,0.376060,1
18870,1,0.010000,0.000002,0.010464,0.376060,1
18871,1,0.010000,0.000002,0.010464,0.376060,1
18872,1,0.010000,0.000002,0.010464,0.376060,1
18873,1,0.010000,0.000002,0.010464,0.376060,1
18874,1,0.010000,0.000002,0.010464,0.376060,1
18875,1,0.010000,0.000002,0.010464,0.376060,1
18876,1,0.010000,0.000002,0.010464,0.376060,1
18877,1,0.010000,0.000002,0.010464,0.376060,1
18878,1,0.010000,0.000002,0.010464,0.376060,1
18879,1,0.010000,0.000002,0.010464,0.376060,1
18880,1,0.010000,0.000002,0.010464,0.376060,1
18881,1,0.010000,0.000002,0.010464,0.376060,1
18882,1,0.010000,0.000002,0.010464,0.376060,1
18883,1,0.010000,0.000002,0.010464,0.376060,1
18884,1,0.010000,0.000002,0.010464,0.376060,1
18885,1,0.010000,0.000002,0.010464,0.376060,1
18886,1,0.010000,0.000002,0.010464,0.376060,1
18887,1,0.010000,0.000002,0.010464,0.376060,1
18888,1,0.010000,0.000002,0.010464,0.376060,1
18889,1,0.010000,0.000002,0.010464,0.376060,1
18890,1,0.010000,0.000002,0.010464,0.376060,1
18891,1,0.010000,0.000002,0.010464,0.376060,1
18892,1,0.010000,0.000002,0.010464,0.376060,1
18893,1,0.010000,0.000002,0.010464,0.376060,1
18894,1,0.010000,0.000002,0.010464,0.376060,1
18895,1,0.010000,0.000002,0.010464,0.376060,1
18896,1,0.010000,0.000002,0.010464,0.376060,1
18897,1,0.010000,0.000002,0.010464,0.376060,1
18898,1,0.010000,0.000002,0.010464,0.376060,1
18899,1,0.010000,0.000002,0.010464,0.376060,1
18900,1,0.010000,0.000002,0.010464,0.376060,0
18901,1,0.010000,0.000002,0.010464,0.376060,1
18902,1,0.010000,0.000002,0.010464,0.376060,1
18903,1,0.010000,0.000002,0.010464,0.376060,1
18904,1,0.010000,0.000002,0.010464,0.376060,1
18905,1,0.010000,0.000002,0.010464,0.376060,1
18906,1,0.010000,0.000002,0.010464,0.376060,1
18907,1,0.010000,0.000002,0.010464,0.376060,1
18908,1,0.010000,0.000002,0.010464,0.376060,1
18909,1,0.010000,0.000002,0.010464,0.376060,1
18910,1,0.010000,0.000002,0.010464,0.376060,1
18911,1,0.010000,0.000002,0.010464,0.376060,1
18912,1,0.010000,0.000002,0.010464,0.376060,1
18913,1,0.010000,0.000002,0.010464,0.376060,1
18914,1,0.010000,0.000002,0.010464,0.376060,1
18915,1,0.010000,0.000002,0.010464,0.376060,1
18916,1,0.010000,0.000002,0.010464,0.376060,1
18917,1,0.010000,0.000002,0.010464,0.376060,1
18918,1,0.010000,0.000002,0.010464,0.376060,1
18919,1,0.010000,0.000002,0.010464,0.376060,1
18920,1,0.010000,0.000002,0.010464,0.376060,1
18921,1,0.010000,0.000002,0.010464,0.376060,1
18922,1,0.010000,0.000002,0.010464,0.376060,1
18923,1,0.010000,0.000002,0.010464,0.376060,1
18924,1,0.010000,0.000002,0.010464,0.376060,1
18925,1,0.010000,0.000002,0.010464,0.376060,1
18926,1,0.010000,0.000002,0.010464,0.376060,1
18927,1,0.010000,0.000002,0.010464,0.376060,1
18928,1,0.010000,0.000002,0.010464,0.376060,1
18929,1,0.010000,0.000002,0.010464,0.376060,1
18930,1,0.010000,0.000002,0.010464,0.376060,1
18931,1,0.010000,0.000002,0.010464,0.376060,1
18932,1,0.010000,0.000002,0.010464,0.376060,1
18933,1,0.010000,0.000002,0.010464,0.376060,1
18934,1,0.010000,0.000002,0.010464,0.376060,1
18935,1,0.010000,0.000002,0.010464,0.376060,1
18936,1,0.010000,0.000002,0.010464,0.376060,1
18937,1,0.010000,0.000002,0.010464,0.376060,1
18938,1,0.010000,0.000002,0.010464,0.376060,0
18939,1,0.010000,0.000002,0.010464,0.376060,0
18940,1,0.010000,0.000002,0.010464,0.376060,1
18941,1,0.010000,0.000002,0.010464,0.376060,1
18942,1,0.010000,0.000002,0.010464,0.376059,1
18943,1,0.010000,0.000002,0.010464,0.376059,1
18944,1,0.010000,0.000002,0.010464,0.376059,1
18945,1,0.010000,0.000002,0.010464,0.376059,1
18946,1,0.010000,0.000002,0.010464,0.376059,1
18947,1,0.010000,0.000002,0.010464,0.376059,1
18948,1,0.010000,0.000002,0.010464,0.376059,1
18949,1,0.010000,0.000002,0.010464,0.376059,1
18950,1,0.010000,0.000002,0.010464,0.376059,1
18951,1,0.010000,0.000002,0.010464,0.376059,1
18952,1,0.010000,0.000002,0.010464,0.376059,1
18953,1,0.010000,0.000002,0.010464,0.376059,1
18954,1,0.010000,0.000002,0.010464,0.376059,1
18955,1,0.010000,0.000002,0.010464,0.376059,1
18956,1,0.010000,0.000002,0.010464,0.376059,1
18957,1,0.010000,0.000002,0.010464,0.376059,1
18958,1,0.010000,0.000002,0.010464,0.376059,1
18959,1,0.010000,0.000002,0.010464,0.376059,1
18960,1,0.010000,0.000002,0.010464,0.376059,1
18961,1,0.010000,0.000002,0.010464,0.376059,1
18962,1,0.010000,0.000002,0.010464,0.376059,1
18963,1,0.010000,0.000002,0.010464,0.376059,1
18964,1,0.010000,0.000002,0.010464,0.376059,1
18965,1,0.010000,0.000002,0.010464,0.376059,1
18966,1,0.010000,0.000002,0.010464,0.376059,1
18967,1,0.010000,0.000002,0.010464,0.376059,1
18968,1,0.010000,0.000002,0.010464,0.376059,1
18969,1,0.010000,0.000002,0.010464,0.376059,1
18970,1,0.010000,0.000002,0.010464,0.376059,1
18971,1,0.010000,0.000002,0.010464,0.376059,1
18972,1,0.010000,0.000002,0.010464,0.376059,1
18973,1,0.010000,0.000002,0.010464,0.376059,1
18974,1,0.010000,0.000002,0.010464,0.376059,1
18975,1,0.010000,0.000002,0.010464,0.376059,1
18976,1,0.010000,0.000002,0.010464,0.376059,1
18977,1,0.010000,0.000002,0.010464,0.376059,1
18978,1,0.010000,0.000002,0.010464,0.376059,1
18979,1,0.010000,0.000002,0.010464,0.376059,1
18980,1,0.010000,0.000002,0.010464,0.376059,1
18981,1,0.010000,0.000002,0.010464,0.376059,1
18982,1,0.010000,0.000002,0.010464,0.376059,1
18983,1,0.010000,0.000002,0.010464,0.376059,1
18984,1,0.010000,0.000002,0.010464,0.376059,1
18985,1,0.010000,0.000002,0.010464,0.376059,1
18986,1,0.010000,0.000002,0.010464,0.376059,1
18987,1,0.010000,0.000002,0.010464,0.376059,1
18988,1,0.010000,0.000002,0.010464,0.376059,1
18989,1,0.010000,0.000002,0.010464,0.376059,1
18990,1,0.010000,0.000002,0.010464,0.376059,1
18991,1,0.010000,0.000002,0.010464,0.376059,1
18992,1,0.010000,0.000002,0.010464,0.376059,1
18993,1,0.010000,0.000002,0.010464,0.376059,1
18994,1,0.010000,0.000002,0.010464,0.376059,1
18995,1,0.010000,0.000002,0.010464,0.376059,1
18996,1,0.010000,0.000002,0.010464,0.376059,1
18997,1,0.010000,0.000002,0.010464,0.376059,0
18998,1,0.010000,0.000002,0.010464,0.376059,1
18999,1,0.010000,0.000002,0.010464,0.376059,1
19000,1,0.010000,0.000002,0.010464,0.376059,1
19001,1,0.010000,0.000002,0.010464,0.376059,1
19002,1,0.010000,0.000002,0.010464,0.376059,0
19003,1,0.010000,0.000002,0.010464,0.376059,1
19004,1,0.010000,0.000002,0.010464,0.376059,1
19005,1,0.010000,0.000002,0.010464,0.376059,1
19006,1,0.010000,0.000002,0.010464,0.376059,1
19007,1,0.010000,0.000002,0.010464,0.376059,1
19008,1,0.010000,0.000002,0.010464,0.376059,1
19009,1,0.010000,0.000002,0.010464,0.376059,1
19010,1,0.010000,0.000002,0.010464,0.376059,1
19011,1,0.010000,0.000002,0.010464,0.376059,1
19012,1,0.010000,0.000002,0.010464,0.376059,1
19013,1,0.010000,0.000002,0.010464,0.376059,1
19014,1,0.010000,0.000002,0.010464,0.376059,1
19015,1,0.010000,0.000002,0.010464,0.376059,1
19016,1,0.010000,0.000002,0.010464,0.376059,1
19017,1,0.010000,0.000002,0.010464,0.376059,1
19018,1,0.010000,0.000002,0.010464,0.376059,1
19019,1,0.010000,0.000002,0.010464,0.376059,1
19020,1,0.010000,0.000002,0.010464,0.376058,1
19021,1,0.010000,0.000002,0.010464,0.376058,1
19022,1,0.010000,0.000002,0.010464,0.376058,1
19023,1,0.010000,0.000002,0.010464,0.376058,1
19024,1,0.010000,0.000002,0.010464,0.376058,1
19025,1,0.010000,0.000002,0.010464,0.376058,1
19026,1,0.010000,0.000002,0.010464,0.376058,1
19027,1,0.010000,0.000002,0.010464,0.376058,1
19028,1,0.010000,0.000002,0.010464,0.376058,1
19029,1,0.010000,0.000002,0.010464,0.376058,1
19030,1,0.010000,0.000002,0.010464,0.376058,1
19031,1,0.010000,0.000002,0.010464,0.376058,1
19032,1,0.010000,0.000002,0.010464,0.376058,1
19033,1,0.010000,0.000002,0.010464,0.376058,1
19034,1,0.010000,0.000002,0.010464,0.376058,1
19035,1,0.010000,0.000002,0.010464,0.376058,1
19036,1,0.010000,0.000002,0.010464,0.376058,1
19037,1,0.010000,0.000002,0.010464,0.376058,1
19038,1,0.010000,0.000002,0.010464,0.376058,1
19039,1,0.010000,0.000002,0.010464,0.376058,1
19040,1,0.010000,0.000002,0.010464,0.376058,1
19041,1,0.010000,0.000002,0.010464,0.376058,1
19042,1,0.010000,0.000002,0.010464,0.376058,1
19043,1,0.010000,0.000002,0.010464,0.376058,1
19044,1,0.010000,0.000002,0.010464,0.376058,1
19045,1,0.010000,0.000002,0.010464,0.376058,1
19046,1,0.010000,0.000002,0.010464,0.376058,1
19047,1,0.010000,0.000002,0.010464,0.376058,1
19048,1,0.010000,0.000002,0.010464,0.376058,1
19049,1,0.010000,0.000002,0.010464,0.376058,1
19050,1,0.010000,0.000002,0.010464,0.376058,1
19051,1,0.010000,0.000002,0.010464,0.376058,1
19052,1,0.010000,0.000002,0.010464,0.376058,1
19053,1,0.010000,0.000002,0.010464,0.376058,1
19054,1,0.010000,0.000002,0.010464,0.376058,1
19055,1,0.010000,0.000002,0.010464,0.376058,1
19056,1,0.010000,0.000002,0.010464,0.376058,1
19057,1,0.010000,0.000002,0.010464,0.376058,1
19058,1,0.010000,0.000002,0.010464,0.376058,1
19059,1,0.010000,0.000002,0.010464,0.376058,1
19060,1,0.010000,0.000002,0.010464,0.376058,0
19061,1,0.010000,0.000002,0.010464,0.376058,1
19062,1,0.010000,0.000002,0.010464,0.376058,1
19063,1,0.010000,0.000002,0.010464,0.376058,1
19064,1,0.010000,0.000002,0.010464,0.376058,1
19065,1,0.010000,0.000002,0.010464,0.376058,1
19066,1,0.010000,0.000002,0.010464,0.376058,1
19067,1,0.010000,0.000002,0.010464,0.376058,1
19068,1,0.010000,0.000002,0.010464,0.376058,1
19069,1,0.010000,0.000002,0.010464,0.376058,1
19070,1,0.010000,0.000002,0.010464,0.376058,1
19071,1,0.010000,0.000002,0.010464,0.376058,1
19072,1,0.010000,0.000002,0.010464,0.376058,1
19073,1,0.010000,0.000002,0.010464,0.376058,1
19074,1,0.010000,0.000002,0.010464,0.376058,1
19075,1,0.010000,0.000002,0.010464,0.376058,1
19076,1,0.010000,0.000002,0.010464,0.376058,1
19077,1,0.010000,0.000002,0.010464,0.376058,1
19078,1,0.010000,0.000002,0.010464,0.376058,0
19079,1,0.010000,0.000002,0.010464,0.376058,1
19080,1,0.010000,0.000002,0.010464,0.376058,1
19081,1,0.010000,0.000002,0.010464,0.376058,1
19082,1,0.010000,0.000002,0.010464,0.376058,1
19083,1,0.010000,0.000002,0.010464,0.376058,1
19084,1,0.010000,0.000002,0.010464,0.376058,1
19085,1,0.010000,0.000002,0.010464,0.376058,0
19086,1,0.010000,0.000002,0.010464,0.376058,1
19087,1,0.010000,0.000002,0.010464,0.376058,1
19088,1,0.010000,0.000002,0.010464,0.376058,1
19089,1,0.010000,0.000002,0.010464,0.376058,1
19090,1,0.010000,0.000002,0.010464,0.376058,1
19091,1,0.010000,0.000002,0.010464,0.376058,0
19092,1,0.010000,0.000002,0.010464,0.376058,1
19093,1,0.010000,0.000002,0.010464,0.376058,1
19094,1,0.010000,0.000002,0.010464,0.376058,1
19095,1,0.010000,0.000002,0.010464,0.376058,1
19096,1,0.010000,0.000002,0.010464,0.376058,1
19097,1,0.010000,0.000002,0.010464,0.376058,1
19098,1,0.010000,0.000002,0.010464,0.376058,1
19099,1,0.010000,0.000002,0.010464,0.376058,1
19100,1,0.010000,0.000002,0.010464,0.376058,1
19101,1,0.010000,0.000002,0.010464,0.376057,1
19102,1,0.010000,0.000002,0.010464,0.376057,1
19103,1,0.010000,0.000002,0.010464,0.376057,1
19104,1,0.010000,0.000002,0.010464,0.376057,1
19105,1,0.010000,0.000002,0.010464,0.376057,1
19106,1,0.010000,0.000002,0.010464,0.376057,1
19107,1,0.010000,0.000002,0.010464,0.376057,1
19108,1,0.010000,0.000002,0.010464,0.376057,1
19109,1,0.010000,0.000002,0.010464,0.376057,1
19110,1,0.010000,0.000002,0.010464,0.376057,1
19111,1,0.010000,0.000002,0.010464,0.376057,1
19112,1,0.010000,0.000002,0.010464,0.376057,1
19113,1,0.010000,0.000002,0.010464,0.376057,1
19114,1,0.010000,0.000002,0.010464,0.376057,1
19115,1,0.010000,0.000002,0.010464,0.376057,1
19116,1,0.010000,0.000002,0.010464,0.376057,1
19117,1,0.010000,0.000002,0.010464,0.376057,1
19118,1,0.010000,0.000002,0.010464,0.376057,1
19119,1,0.010000,0.000002,0.010464,0.376057,1
19120,1,0.010000,0.000002,0.010464,0.376057,1
19121,1,0.010000,0.000002,0.010464,0.376057,1
19122,1,0.010000,0.000002,0.010464,0.376057,1
19123,1,0.010000,0.000002,0.010464,0.376057,1
19124,1,0.010000,0.000002,0.010464,0.376057,1
19125,1,0.010000,0.000002,0.010464,0.376057,0
19126,1,0.010000,0.000002,0.010464,0.376057,1
19127,1,0.010000,0.000002,0.010464,0.376057,1
19128,1,0.010000,0.000002,0.010464,0.376057,1
19129,1,0.010000,0.000002,0.010464,0.376057,1
19130,1,0.010000,0.000002,0.010464,0.376057,1
19131,1,0.010000,0.000002,0.010464,0.376057,1
19132,1,0.010000,0.000002,0.010464,0.376057,0
19133,1,0.010000,0.000002,0.010464,0.376057,1
19134,1,0.010000,0.000002,0.010464,0.376057,1
19135,1,0.010000,0.000002,0.010464,0.376057,1
19136,1,0.010000,0.000002,0.010464,0.376057,1
19137,1,0.010000,0.000002,0.010464,0.376057,0
19138,1,0.010000,0.000002,0.010464,0.376057,1
19139,1,0.010000,0.000002,0.010464,0.376057,1
19140,1,0.010000,0.000002,0.010464,0.376057,1
19141,1,0.010000,0.000002,0.010464,0.376057,1
19142,1,0.010000,0.000002,0.010464,0.376057,1
19143,1,0.010000,0.000002,0.010464,0.376057,1
19144,1,0.010000,0.000002,0.010464,0.376057,1
19145,1,0.010000,0.000002,0.010464,0.376057,1
19146,1,0.010000,0.000002,0.010464,0.376057,1
19147,1,0.010000,0.000002,0.010464,0.376057,1
19148,1,0.010000,0.000002,0.010464,0.376057,1
19149,1,0.010000,0.000002,0.010464,0.376057,1
19150,1,0.010000,0.000002,0.010464,0.376057,1
19151,1,0.010000,0.000002,0.010464,0.376057,1
19152,1,0.010000,0.000002,0.010464,0.376057,1
19153,1,0.010000,0.000002,0.010464,0.376057,1
19154,1,0.010000,0.000002,0.010464,0.376057,1
19155,1,0.010000,0.000002,0.010464,0.376057,1
19156,1,0.010000,0.000002,0.010464,0.376057,1
19157,1,0.010000,0.000002,0.010464,0.376057,1
19158,1,0.010000,0.000002,0.010464,0.376057,1
19159,1,0.010000,0.000002,0.010464,0.376057,1
19160,1,0.010000,0.000002,0.010464,0.376057,1
19161,1,0.010000,0.000002,0.010464,0.376057,1
19162,1,0.010000,0.000002,0.010464,0.376057,1
19163,1,0.010000,0.000002,0.010464,0.376057,1
19164,1,0.010000,0.000002,0.010464,0.376057,1
19165,1,0.010000,0.000002,0.010464,0.376057,1
19166,1,0.010000,0.000002,0.010464,0.376057,1
19167,1,0.010000,0.000002,0.010464,0.376057,1
19168,1,0.010000,0.000002,0.010464,0.376057,1
19169,1,0.010000,0.000002,0.010464,0.376057,1
19170,1,0.010000,0.000002,0.010464,0.376057,1
19171,1,0.010000,0.000002,0.010464,0.376057,0
19172,1,0.010000,0.000002,0.010464,0.376057,1
19173,1,0.010000,0.000002,0.010464,0.376057,1
19174,1,0.010000,0.000002,0.010464,0.376057,1
19175,1,0.010000,0.000002,0.010464,0.376057,1
19176,1,0.010000,0.000002,0.010464,0.376057,1
19177,1,0.010000,0.000002,0.010464,0.376057,1
19178,1,0.010000,0.000002,0.010464,0.376057,1
19179,1,0.010000,0.000002,0.010464,0.376057,1
19180,1,0.010000,0.000002,0.010464,0.376057,1
19181,1,0.010000,0.000002,0.010464,0.376057,1
19182,1,0.010000,0.000002,0.010464,0.376057,1
19183,1,0.010000,0.000002,0.010464,0.376057,1
19184,1,0.010000,0.000002,0.010464,0.376057,1
19185,1,0.010000,0.000002,0.010464,0.376056,1
19186,1,0.010000,0.000002,0.010464,0.376056,1
19187,1,0.010000,0.000002,0.010464,0.376056,1
19188,1,0.010000,0.000002,0.010464,0.376056,1
19189,1,0.010000,0.000002,0.010464,0.376056,1
19190,1,0.010000,0.000002,0.010464,0.376056,1
19191,1,0.010000,0.000002,0.010464,0.376056,1
19192,1,0.010000,0.000002,0.010464,0.376056,1
19193,1,0.010000,0.000002,0.010464,0.376056,0
19194,1,0.010000,0.000002,0.010464,0.376056,1
19195,1,0.010000,0.000002,0.010464,0.376056,1
19196,1,0.010000,0.000002,0.010464,0.376056,1
19197,1,0.010000,0.000002,0.010464,0.376056,1
19198,1,0.010000,0.000002,0.010464,0.376056,1
19199,1,0.010000,0.000002,0.010464,0.376056,1
19200,1,0.010000,0.000002,0.010464,0.376056,1
19201,1,0.010000,0.000002,0.010464,0.376056,1
19202,1,0.010000,0.000002,0.010464,0.376056,1
19203,1,0.010000,0.000002,0.010464,0.376056,0
19204,1,0.010000,0.000002,0.010464,0.376056,1
19205,1,0.010000,0.000002,0.010464,0.376056,1
19206,1,0.010000,0.000002,0.010464,0.376056,1
19207,1,0.010000,0.000002,0.010464,0.376056,0
19208,1,0.010000,0.000002,0.010464,0.376056,1
19209,1,0.010000,0.000002,0.010464,0.376056,1
19210,1,0.010000,0.000002,0.010464,0.376056,1
19211,1,0.010000,0.000002,0.010464,0.376056,1
19212,1,0.010000,0.000002,0.010464,0.376056,1
19213,1,0.010000,0.000002,0.010464,0.376056,1
19214,1,0.010000,0.000002,0.010464,0.376056,1
19215,1,0.010000,0.000002,0.010464,0.376056,1
19216,1,0.010000,0.000002,0.010464,0.376056,1
19217,1,0.010000,0.000002,0.010464,0.376056,1
19218,1,0.010000,0.000002,0.010464,0.376056,0
19219,1,0.010000,0.000002,0.010464,0.376056,1
19220,1,0.010000,0.000002,0.010464,0.376056,1
19221,1,0.010000,0.000002,0.010464,0.376056,1
19222,1,0.010000,0.000002,0.010464,0.376056,1
19223,1,0.010000,0.000002,0.010464,0.376056,1
19224,1,0.010000,0.000002,0.010464,0.376056,1
19225,1,0.010000,0.000002,0.010464,0.376056,1
19226,1,0.010000,0.000002,0.010464,0.376056,1
19227,1,0.010000,0.000002,0.010464,0.376056,1
19228,1,0.010000,0.000002,0.010464,0.376056,1
19229,1,0.010000,0.000002,0.010464,0.376056,1
19230,1,0.010000,0.000002,0.010464,0.376056,1
19231,1,0.010000,0.000002,0.010464,0.376056,1
19232,1,0.010000,0.000002,0.010464,0.376056,1
19233,1,0.010000,0.000002,0.010464,0.376056,1
19234,1,0.010000,0.000002,0.010464,0.376056,1
19235,1,0.010000,0.000002,0.010464,0.376056,1
19236,1,0.010000,0.000002,0.010464,0.376056,1
19237,1,0.010000,0.000002,0.010464,0.376056,1
19238,1,0.010000,0.000002,0.010464,0.376056,1
19239,1,0.010000,0.000002,0.010464,0.376056,1
19240,1,0.010000,0.000002,0.010464,0.376056,1
19241,1,0.010000,0.000002,0.010464,0.376056,1
19242,1,0.010000,0.000002,0.010464,0.376056,1
19243,1,0.010000,0.000002,0.010464,0.376056,1
19244,1,0.010000,0.000002,0.010464,0.376056,1
19245,1,0.010000,0.000002,0.010464,0.376056,1
19246,1,0.010000,0.000002,0.010464,0.376056,1
19247,1,0.010000,0.000002,0.010464,0.376056,1
19248,1,0.010000,0.000002,0.010464,0.376056,1
19249,1,0.010000,0.000002,0.010464,0.376056,1
19250,1,0.010000,0.000002,0.010464,0.376056,1
19251,1,0.010000,0.000002,0.010464,0.376056,1
19252,1,0.010000,0.000002,0.010464,0.376056,1
19253,1,0.010000,0.000002,0.010464,0.376056,1
19254,1,0.010000,0.000002,0.010464,0.376056,1
19255,1,0.010000,0.000002,0.010464,0.376056,1
19256,1,0.010000,0.000002,0.010464,0.376056,1
19257,1,0.010000,0.000002,0.010464,0.376056,1
19258,1,0.010000,0.000002,0.010464,0.376056,1
19259,1,0.010000,0.000002,0.010464,0.376056,1
19260,1,0.010000,0.000002,0.010464,0.376056,1
19261,1,0.010000,0.000002,0.010464,0.376056,1
19262,1,0.010000,0.000002,0.010464,0.376056,1
19263,1,0.010000,0.000002,0.010464,0.376056,1
19264,1,0.010000,0.000002,0.010464,0.376056,1
19265,1,0.010000,0.000002,0.010464,0.376056,1
19266,1,0.010000,0.000002,0.010464,0.376056,1
19267,1,0.010000,0.000002,0.010464,0.376056,1
19268,1,0.010000,0.000002,0.010464,0.376056,1
19269,1,0.010000,0.000002,0.010464,0.376056,1
19270,1,0.010000,0.000002,0.010464,0.376056,1
19271,1,0.010000,0.000002,0.010464,0.376056,1
19272,1,0.010000,0.000002,0.010464,0.376056,1
19273,1,0.010000,0.000002,0.010464,0.376056,1
19274,1,0.010000,0.000002,0.010464,0.376055,1
19275,1,0.010000,0.000002,0.010464,0.376055,1
19276,1,0.010000,0.000002,0.010464,0.376055,1
19277,1,0.010000,0.000002,0.010464,0.376055,1
19278,1,0.010000,0.000002,0.010464,0.376055,1
19279,1,0.010000,0.000002,0.010464,0.376055,1
19280,1,0.010000,0.000002,0.010464,0.376055,1
19281,1,0.010000,0.000002,0.010464,0.376055,1
19282,1,0.010000,0.000002,0.010464,0.376055,1
19283,1,0.010000,0.000002,0.010464,0.376055,1
19284,1,0.010000,0.000002,0.010464,0.376055,0
19285,1,0.010000,0.000002,0.010464,0.376055,0
19286,1,0.010000,0.000002,0.010464,0.376055,1
19287,1,0.010000,0.000002,0.010464,0.376055,1
19288,1,0.010000,0.000002,0.010464,0.376055,1
19289,1,0.010000,0.000002,0.010464,0.376055,1
19290,1,0.010000,0.000002,0.010464,0.376055,1
19291,1,0.010000,0.000002,0.010464,0.376055,1
19292,1,0.010000,0.000002,0.010464,0.376055,1
19293,1,0.010000,0.000002,0.010464,0.376055,1
19294,1,0.010000,0.000002,0.010464,0.376055,1
19295,1,0.010000,0.000002,0.010464,0.376055,1
19296,1,0.010000,0.000002,0.010464,0.376055,1
19297,1,0.010000,0.000002,0.010464,0.376055,1
19298,1,0.010000,0.000002,0.010464,0.376055,1
19299,1,0.010000,0.000002,0.010464,0.376055,1
19300,1,0.010000,0.000002,0.010464,0.376055,1
19301,1,0.010000,0.000002,0.010464,0.376055,1
19302,1,0.010000,0.000002,0.010464,0.376055,1
19303,1,0.010000,0.000002,0.010464,0.376055,1
19304,1,0.010000,0.000002,0.010464,0.376055,1
19305,1,0.010000,0.000002,0.010464,0.376055,1
19306,1,0.010000,0.000002,0.010464,0.376055,1
19307,1,0.010000,0.000002,0.010464,0.376055,1
19308,1,0.010000,0.000002,0.010464,0.376055,0
19309,1,0.010000,0.000002,0.010464,0.376055,1
19310,1,0.010000,0.000002,0.010464,0.376055,1
19311,1,0.010000,0.000002,0.010464,0.376055,1
19312,1,0.010000,0.000002,0.010464,0.376055,1
19313,1,0.010000,0.000002,0.010464,0.376055,1
19314,1,0.010000,0.000002,0.010464,0.376055,1
19315,1,0.010000,0.000002,0.010464,0.376055,1
19316,1,0.010000,0.000002,0.010464,0.376055,1
19317,1,0.010000,0.000002,0.010464,0.376055,1
19318,1,0.010000,0.000002,0.010464,0.376055,1
19319,1,0.010000,0.000002,0.010464,0.376055,1
19320,1,0.010000,0.000002,0.010464,0.376055,1
19321,1,0.010000,0.000002,0.010464,0.376055,1
19322,1,0.010000,0.000002,0.010464,0.376055,1
19323,1,0.010000,0.000002,0.010464,0.376055,1
19324,1,0.010000,0.000002,0.010464,0.376055,1
19325,1,0.010000,0.000002,0.010464,0.376055,1
19326,1,0.010000,0.000002,0.010464,0.376055,1
19327,1,0.010000,0.000002,0.010464,0.376055,1
19328,1,0.010000,0.000002,0.010464,0.376055,1
19329,1,0.010000,0.000002,0.010464,0.376055,1
19330,1,0.010000,0.000002,0.010464,0.376055,1
19331,1,0.010000,0.000002,0.010464,0.376055,1
19332,1,0.010000,0.000002,0.010464,0.376055,1
19333,1,0.010000,0.000002,0.010464,0.376055,1
19334,1,0.010000,0.000002,0.010464,0.376055,1
19335,1,0.010000,0.000002,0.010464,0.376055,1
19336,1,0.010000,0.000002,0.010464,0.376055,1
19337,1,0.010000,0.000002,0.010464,0.376055,1
19338,1,0.010000,0.000002,0.010464,0.376055,1
19339,1,0.010000,0.000002,0.010464,0.376055,1
19340,1,0.010000,0.000002,0.010464,0.376055,1
19341,1,0.010000,0.000002,0.010464,0.376055,1
19342,1,0.010000,0.000002,0.010464,0.376055,1
19343,1,0.010000,0.000002,0.010464,0.376055,0
19344,1,0.010000,0.000002,0.010464,0.376055,1
19345,1,0.010000,0.000002,0.010464,0.376055,1
19346,1,0.010000,0.000002,0.010464,0.376055,1
19347,1,0.010000,0.000002,0.010464,0.376055,1
19348,1,0.010000,0.000002,0.010464,0.376055,1
19349,1,0.010000,0.000002,0.010464,0.376055,1
19350,1,0.010000,0.000002,0.010464,0.376055,1
19351,1,0.010000,0.000002,0.010464,0.376055,1
19352,1,0.010000,0.000002,0.010464,0.376055,1
19353,1,0.010000,0.000002,0.010464,0.376055,1
19354,1,0.010000,0.000002,0.010464,0.376055,1
19355,1,0.010000,0.000002,0.010464,0.376055,0
19356,1,0.010000,0.000002,0.010464,0.376055,1
19357,1,0.010000,0.000002,0.010464,0.376055,1
19358,1,0.010000,0.000002,0.010464,0.376055,1
19359,1,0.010000,0.000002,0.010464,0.376055,0
19360,1,0.010000,0.000002,0.010464,0.376055,1
19361,1,0.010000,0.000002,0.010464,0.376055,1
19362,1,0.010000,0.000002,0.010464,0.376055,1
19363,1,0.010000,0.000002,0.010464,0.376055,1
19364,1,0.010000,0.000002,0.010464,0.376055,1
19365,1,0.010000,0.000002,0.010464,0.376055,1
19366,1,0.010000,0.000002,0.010464,0.376055,1
19367,1,0.010000,0.000002,0.010464,0.376055,1
19368,1,0.010000,0.000002,0.010464,0.376054,1
19369,1,0.010000,0.000002,0.010464,0.376054,1
19370,1,0.010000,0.000002,0.010464,0.376054,1
19371,1,0.010000,0.000002,0.010464,0.376054,1
19372,1,0.010000,0.000002,0.010464,0.376054,1
19373,1,0.010000,0.000002,0.010464,0.376054,1
19374,1,0.010000,0.000002,0.010464,0.376054,1
19375,1,0.010000,0.000002,0.010464,0.376054,1
19376,1,0.010000,0.000002,0.010464,0.376054,0
19377,1,0.010000,0.000002,0.010464,0.376054,1
19378,1,0.010000,0.000002,0.010464,0.376054,1
19379,1,0.010000,0.000002,0.010464,0.376054,1
19380,1,0.010000,0.000002,0.010464,0.376054,1
19381,1,0.010000,0.000002,0.010464,0.376054,1
19382,1,0.010000,0.000002,0.010464,0.376054,1
19383,1,0.010000,0.000002,0.010464,0.376054,1
19384,1,0.010000,0.000002,0.010464,0.376054,1
19385,1,0.010000,0.000002,0.010464,0.376054,1
19386,1,0.010000,0.000002,0.010464,0.376054,1
19387,1,0.010000,0.000002,0.010464,0.376054,1
19388,1,0.010000,0.000002,0.010464,0.376054,1
19389,1,0.010000,0.000002,0.010464,0.376054,1
19390,1,0.010000,0.000002,0.010464,0.376054,1
19391,1,0.010000,0.000002,0.010464,0.376054,1
19392,1,0.010000,0.000002,0.010464,0.376054,1
19393,1,0.010000,0.000002,0.010464,0.376054,1
19394,1,0.010000,0.000002,0.010464,0.376054,1
19395,1,0.010000,0.000002,0.010464,0.376054,1
19396,1,0.010000,0.000002,0.010464,0.376054,1
19397,1,0.010000,0.000002,0.010464,0.376054,1
19398,1,0.010000,0.000002,0.010464,0.376054,1
19399,1,0.010000,0.000002,0.010464,0.376054,1
19400,1,0.010000,0.000002,0.010464,0.376054,1
19401,1,0.010000,0.000002,0.010464,0.376054,1
19402,1,0.010000,0.000002,0.010464,0.376054,1
19403,1,0.010000,0.000002,0.010464,0.376054,1
19404,1,0.010000,0.000002,0.010464,0.376054,1
19405,1,0.010000,0.000002,0.010464,0.376054,1
19406,1,0.010000,0.000002,0.010464,0.376054,1
19407,1,0.010000,0.000002,0.010464,0.376054,1
19408,1,0.010000,0.000002,0.010464,0.376054,1
19409,1,0.010000,0.000002,0.010464,0.376054,1
19410,1,0.010000,0.000002,0.010464,0.376054,1
19411,1,0.010000,0.000002,0.010464,0.376054,1
19412,1,0.010000,0.000002,0.010464,0.376054,1
19413,1,0.010000,0.000002,0.010464,0.376054,1
19414,1,0.010000,0.000002,0.010464,0.376054,1
19415,1,0.010000,0.000002,0.010464,0.376054,1
19416,1,0.010000,0.000002,0.010464,0.376054,1
19417,1,0.010000,0.000002,0.010464,0.376054,1
19418,1,0.010000,0.000002,0.010464,0.376054,1
19419,1,0.010000,0.000002,0.010464,0.376054,0
19420,1,0.010000,0.000002,0.010464,0.376054,1
19421,1,0.010000,0.000002,0.010464,0.376054,1
19422,1,0.010000,0.000002,0.010464,0.376054,0
19423,1,0.010000,0.000002,0.010464,0.376054,1
19424,1,0.010000,0.000002,0.010464,0.376054,1
19425,1,0.010000,0.000002,0.010464,0.376054,1
19426,1,0.010000,0.000002,0.010464,0.376054,1
19427,1,0.010000,0.000002,0.010464,0.376054,1
19428,1,0.010000,0.000002,0.010464,0.376054,1
19429,1,0.010000,0.000002,0.010464,0.376054,1
19430,1,0.010000,0.000002,0.010464,0.376054,1
19431,1,0.010000,0.000002,0.010464,0.376054,1
19432,1,0.010000,0.000002,0.010464,0.376054,1
19433,1,0.010000,0.000002,0.010464,0.376054,1
19434,1,0.010000,0.000002,0.010464,0.376054,1
19435,1,0.010000,0.000002,0.010464,0.376054,1
19436,1,0.010000,0.000002,0.010464,0.376054,1
19437,1,0.010000,0.000002,0.010464,0.376054,1
19438,1,0.010000,0.000002,0.010464,0.376054,1
19439,1,0.010000,0.000002,0.010464,0.376054,1
19440,1,0.010000,0.000002,0.010464,0.376054,1
19441,1,0.010000,0.000002,0.010464,0.376054,1
19442,1,0.010000,0.000002,0.010464,0.376054,1
19443,1,0.010000,0.000002,0.010464,0.376054,1
19444,1,0.010000,0.000002,0.010464,0.376054,1
19445,1,0.010000,0.000002,0.010464,0.376054,1
19446,1,0.010000,0.000002,0.010464,0.376054,1
19447,1,0.010000,0.000002,0.010464,0.376054,1
19448,1,0.010000,0.000002,0.010464,0.376054,1
19449,1,0.010000,0.000002,0.010464,0.376054,1
19450,1,0.010000,0.000002,0.010464,0.376054,1
19451,1,0.010000,0.000002,0.010464,0.376054,1
19452,1,0.010000,0.000002,0.010464,0.376054,1
19453,1,0.010000,0.000002,0.010464,0.376054,1
19454,1,0.010000,0.000002,0.010464,0.376054,1
19455,1,0.010000,0.000002,0.010464,0.376054,1
19456,1,0.010000,0.000002,0.010464,0.376054,1
19457,1,0.010000,0.000002,0.010464,0.376054,1
19458,1,0.010000,0.000002,0.010464,0.376054,1
19459,1,0.010000,0.000002,0.010464,0.376054,1
19460,1,0.010000,0.000002,0.010464,0.376054,1
19461,1,0.010000,0.000002,0.010464,0.376054,1
19462,1,0.010000,0.000002,0.010464,0.376054,1
19463,1,0.010000,0.000002,0.010464,0.376054,1
19464,1,0.010000,0.000002,0.010464,0.376054,1
19465,1,0.010000,0.000002,0.010464,0.376054,1
19466,1,0.010000,0.000002,0.010464,0.376053,1
19467,1,0.010000,0.000002,0.010464,0.376053,1
19468,1,0.010000,0.000002,0.010464,0.376053,1
19469,1,0.010000,0.000002,0.010464,0.376053,1
19470,1,0.010000,0.000002,0.010464,0.376053,1
19471,1,0.010000,0.000002,0.010464,0.376053,1
19472,1,0.010000,0.000002,0.010464,0.376053,1
19473,1,0.010000,0.000002,0.010464,0.376053,1
19474,1,0.010000,0.000002,0.010464,0.376053,1
19475,1,0.010000,0.000002,0.010464,0.376053,1
19476,1,0.010000,0.000002,0.010464,0.376053,1
19477,1,0.010000,0.000002,0.010464,0.376053,0
19478,1,0.010000,0.000002,0.010464,0.376053,1
19479,1,0.010000,0.000002,0.010464,0.376053,1
19480,1,0.010000,0.000002,0.010464,0.376053,1
19481,1,0.010000,0.000002,0.010464,0.376053,1
19482,1,0.010000,0.000002,0.010464,0.376053,1
19483,1,0.010000,0.000002,0.010464,0.376053,1
19484,1,0.010000,0.000002,0.010464,0.376053,1
19485,1,0.010000,0.000002,0.010464,0.376053,1
19486,1,0.010000,0.000002,0.010464,0.376053,1
19487,1,0.010000,0.000002,0.010464,0.376053,1
19488,1,0.010000,0.000002,0.010464,0.376053,1
19489,1,0.010000,0.000002,0.010464,0.376053,1
19490,1,0.010000,0.000002,0.010464,0.376053,1
19491,1,0.010000,0.000002,0.010464,0.376053,1
19492,1,0.010000,0.000002,0.010464,0.376053,1
19493,1,0.010000,0.000002,0.010464,0.376053,1
19494,1,0.010000,0.000002,0.010464,0.376053,1
19495,1,0.010000,0.000002,0.010464,0.376053,1
19496,1,0.010000,0.000002,0.010464,0.376053,1
19497,1,0.010000,0.000002,0.010464,0.376053,1
19498,1,0.010000,0.000002,0.010464,0.376053,1
19499,1,0.010000,0.000002,0.010464,0.376053,1
19500,1,0.010000,0.000002,0.010464,0.376053,1
19501,1,0.010000,0.000002,0.010464,0.376053,1
19502,1,0.010000,0.000002,0.010464,0.376053,1
19503,1,0.010000,0.000002,0.010464,0.376053,1
19504,1,0.010000,0.000002,0.010464,0.376053,1
19505,1,0.010000,0.000002,0.010464,0.376053,1
19506,1,0.010000,0.000002,0.010464,0.376053,1
19507,1,0.010000,0.000002,0.010464,0.376053,1
19508,1,0.010000,0.000002,0.010464,0.376053,1
19509,1,0.010000,0.000002,0.010464,0.376053,1
19510,1,0.010000,0.000002,0.010464,0.376053,1
19511,1,0.010000,0.000002,0.010464,0.376053,1
19512,1,0.010000,0.000002,0.010464,0.376053,0
19513,1,0.010000,0.000002,0.010464,0.376053,1
19514,1,0.010000,0.000002,0.010464,0.376053,1
19515,1,0.010000,0.000002,0.010464,0.376053,1
19516,1,0.010000,0.000002,0.010464,0.376053,1
19517,1,0.010000,0.000002,0.010464,0.376053,1
19518,1,0.010000,0.000002,0.010464,0.376053,1
19519,1,0.010000,0.000002,0.010464,0.376053,1
19520,1,0.010000,0.000002,0.010464,0.376053,1
19521,1,0.010000,0.000002,0.010464,0.376053,1
19522,1,0.010000,0.000002,0.010464,0.376053,1
19523,1,0.010000,0.000002,0.010464,0.376053,1
19524,1,0.010000,0.000002,0.010464,0.376053,1
19525,1,0.010000,0.000002,0.010464,0.376053,1
19526,1,0.010000,0.000002,0.010464,0.376053,1
19527,1,0.010000,0.000002,0.010464,0.376053,1
19528,1,0.010000,0.000002,0.010464,0.376053,1
19529,1,0.010000,0.000002,0.010464,0.376053,1
19530,1,0.010000,0.000002,0.010464,0.376053,1
19531,1,0.010000,0.000002,0.010464,0.376053,1
19532,1,0.010000,0.000002,0.010464,0.376053,0
19533,1,0.010000,0.000002,0.010464,0.376053,1
19534,1,0.010000,0.000002,0.010464,0.376053,1
19535,1,0.010000,0.000002,0.010464,0.376053,1
19536,1,0.010000,0.000002,0.010464,0.376053,1
19537,1,0.010000,0.000002,0.010464,0.376053,1
19538,1,0.010000,0.000002,0.010464,0.376053,1
19539,1,0.010000,0.000002,0.010464,0.376053,0
19540,1,0.010000,0.000002,0.010464,0.376053,1
19541,1,0.010000,0.000002,0.010464,0.376053,1
19542,1,0.010000,0.000002,0.010464,0.376053,1
19543,1,0.010000,0.000002,0.010464,0.376053,1
19544,1,0.010000,0.000002,0.010464,0.376053,1
19545,1,0.010000,0.000002,0.010464,0.376053,1
19546,1,0.010000,0.000002,0.010464,0.376053,1
19547,1,0.010000,0.000002,0.010464,0.376053,1
19548,1,0.010000,0.000002,0.010464,0.376053,1
19549,1,0.010000,0.000002,0.010464,0.376053,1
19550,1,0.010000,0.000002,0.010464,0.376053,1
19551,1,0.010000,0.000002,0.010464,0.376053,1
19552,1,0.010000,0.000002,0.010464,0.376053,1
19553,1,0.010000,0.000002,0.010464,0.376053,1
19554,1,0.010000,0.000002,0.010464,0.376053,1
19555,1,0.010000,0.000002,0.010464,0.376053,1
19556,1,0.010000,0.000002,0.010464,0.376053,1
19557,1,0.010000,0.000002,0.010464,0.376053,1
19558,1,0.010000,0.000002,0.010464,0.376053,1
19559,1,0.010000,0.000002,0.010464,0.376053,1
19560,1,0.010000,0.000002,0.010464,0.376053,1
19561,1,0.010000,0.000002,0.010464,0.376053,1
19562,1,0.010000,0.000002,0.010464,0.376053,1
19563,1,0.010000,0.000002,0.010464,0.376053,1
19564,1,0.010000,0.000002,0.010464,0.376053,1
19565,1,0.010000,0.000002,0.010464,0.376053,1
19566,1,0.010000,0.000002,0.010464,0.376053,1
19567,1,0.010000,0.000002,0.010464,0.376053,1
19568,1,0.010000,0.000002,0.010464,0.376053,1
19569,1,0.010000,0.000002,0.010464,0.376053,1
19570,1,0.010000,0.000002,0.010464,0.376053,1
19571,1,0.010000,0.000002,0.010464,0.376053,0
19572,1,0.010000,0.000002,0.010464,0.376052,1
19573,1,0.010000,0.000002,0.010464,0.376052,1
19574,1,0.010000,0.000002,0.010464,0.376052,1
19575,1,0.010000,0.000002,0.010464,0.376052,1
19576,1,0.010000,0.000002,0.010464,0.376052,1
19577,1,0.010000,0.000002,0.010464,0.376052,1
19578,1,0.010000,0.000002,0.010464,0.376052,0
19579,1,0.010000,0.000002,0.010464,0.376052,1
19580,1,0.010000,0.000002,0.010464,0.376052,1
19581,1,0.010000,0.000002,0.010464,0.376052,1
19582,1,0.010000,0.000002,0.010464,0.376052,1
19583,1,0.010000,0.000002,0.010464,0.376052,1
19584,1,0.010000,0.000002,0.010464,0.376052,1
19585,1,0.010000,0.000002,0.010464,0.376052,1
19586,1,0.010000,0.000002,0.010464,0.376052,1
19587,1,0.010000,0.000002,0.010464,0.376052,1
19588,1,0.010000,0.000002,0.010464,0.376052,1
19589,1,0.010000,0.000002,0.010464,0.376052,1
19590,1,0.010000,0.000002,0.010464,0.376052,1
19591,1,0.010000,0.000002,0.010464,0.376052,1
19592,1,0.010000,0.000002,0.010464,0.376052,0
19593,1,0.010000,0.000002,0.010464,0.376052,1
19594,1,0.010000,0.000002,0.010464,0.376052,1
19595,1,0.010000,0.000002,0.010464,0.376052,1
19596,1,0.010000,0.000002,0.010464,0.376052,1
19597,1,0.010000,0.000002,0.010464,0.376052,1
19598,1,0.010000,0.000002,0.010464,0.376052,1
19599,1,0.010000,0.000002,0.010464,0.376052,0
19600,1,0.010000,0.000002,0.010464,0.376052,0
19601,1,0.010000,0.000002,0.010464,0.376052,1
19602,1,0.010000,0.000002,0.010464,0.376052,1
19603,1,0.010000,0.000002,0.010464,0.376052,1
19604,1,0.010000,0.000002,0.010464,0.376052,0
19605,1,0.010000,0.000002,0.010464,0.376052,1
19606,1,0.010000,0.000002,0.010464,0.376052,1
19607,1,0.010000,0.000002,0.010464,0.376052,1
19608,1,0.010000,0.000002,0.010464,0.376052,1
19609,1,0.010000,0.000002,0.010464,0.376052,1
19610,1,0.010000,0.000002,0.010464,0.376052,1
19611,1,0.010000,0.000002,0.010464,0.376052,1
19612,1,0.010000,0.000002,0.010464,0.376052,1
19613,1,0.010000,0.000002,0.010464,0.376052,1
19614,1,0.010000,0.000002,0.010464,0.376052,1
19615,1,0.010000,0.000002,0.010464,0.376052,1
19616,1,0.010000,0.000002,0.010464,0.376052,1
19617,1,0.010000,0.000002,0.010464,0.376052,1
19618,1,0.010000,0.000002,0.010464,0.376052,1
19619,1,0.010000,0.000002,0.010464,0.376052,1
19620,1,0.010000,0.000002,0.010464,0.376052,1
19621,1,0.010000,0.000002,0.010464,0.376052,1
19622,1,0.010000,0.000002,0.010464,0.376052,1
19623,1,0.010000,0.000002,0.010464,0.376052,1
19624,1,0.010000,0.000002,0.010464,0.376052,1
19625,1,0.010000,0.000002,0.010464,0.376052,1
19626,1,0.010000,0.000002,0.010464,0.376052,1
19627,1,0.010000,0.000002,0.010464,0.376052,1
19628,1,0.010000,0.000002,0.010464,0.376052,0
19629,1,0.010000,0.000002,0.010464,0.376052,1
19630,1,0.010000,0.000002,0.010464,0.376052,1
19631,1,0.010000,0.000002,0.010464,0.376052,1
19632,1,0.010000,0.000002,0.010464,0.376052,1
19633,1,0.010000,0.000002,0.010464,0.376052,1
19634,1,0.010000,0.000002,0.010464,0.376052,1
19635,1,0.010000,0.000002,0.010464,0.376052,1
19636,1,0.010000,0.000002,0.010464,0.376052,1
19637,1,0.010000,0.000002,0.010464,0.376052,0
19638,1,0.010000,0.000002,0.010464,0.376052,1
19639,1,0.010000,0.000002,0.010464,0.376052,1
19640,1,0.010000,0.000002,0.010464,0.376052,1
19641,1,0.010000,0.000002,0.010464,0.376052,1
19642,1,0.010000,0.000002,0.010464,0.376052,1
19643,1,0.010000,0.000002,0.010464,0.376052,1
19644,1,0.010000,0.000002,0.010464,0.376052,1
19645,1,0.010000,0.000002,0.010464,0.376052,1
19646,1,0.010000,0.000002,0.010464,0.376052,1
19647,1,0.010000,0.000002,0.010464,0.376052,1
19648,1,0.010000,0.000002,0.010464,0.376052,1
19649,1,0.010000,0.000002,0.010464,0.376052,1
19650,1,0.010000,0.000002,0.010464,0.376052,1
19651,1,0.010000,0.000002,0.010464,0.376052,1
19652,1,0.010000,0.000002,0.010464,0.376052,1
19653,1,0.010000,0.000002,0.010464,0.376052,0
19654,1,0.010000,0.000002,0.010464,0.376052,1
19655,1,0.010000,0.000002,0.010464,0.376052,1
19656,1,0.010000,0.000002,0.010464,0.376052,0
19657,1,0.010000,0.000002,0.010464,0.376052,1
19658,1,0.010000,0.000002,0.010464,0.376052,1
19659,1,0.010000,0.000002,0.010464,0.376052,1
19660,1,0.010000,0.000002,0.010464,0.376052,1
19661,1,0.010000,0.000002,0.010464,0.376052,1
19662,1,0.010000,0.000002,0.010464,0.376052,1
19663,1,0.010000,0.000002,0.010464,0.376052,1
19664,1,0.010000,0.000002,0.010464,0.376052,1
19665,1,0.010000,0.000002,0.010464,0.376052,1
19666,1,0.010000,0.000002,0.010464,0.376052,1
19667,1,0.010000,0.000002,0.010464,0.376052,1
19668,1,0.010000,0.000002,0.010464,0.376052,1
19669,1,0.010000,0.000002,0.010464,0.376052,1
19670,1,0.010000,0.000002,0.010464,0.376052,1
19671,1,0.010000,0.000002,0.010464,0.376052,0
19672,1,0.010000,0.000002,0.010464,0.376052,1
19673,1,0.010000,0.000002,0.010464,0.376052,1
19674,1,0.010000,0.000002,0.010464,0.376052,1
19675,1,0.010000,0.000002,0.010464,0.376052,1
19676,1,0.010000,0.000002,0.010464,0.376052,1
19677,1,0.010000,0.000002,0.010464,0.376052,1
19678,1,0.010000,0.000002,0.010464,0.376052,1
19679,1,0.010000,0.000002,0.010464,0.376052,1
19680,1,0.010000,0.000002,0.010464,0.376052,1
19681,1,0.010000,0.000002,0.010464,0.376052,1
19682,1,0.010000,0.000002,0.010464,0.376051,1
19683,1,0.010000,0.000002,0.010464,0.376051,1
19684,1,0.010000,0.000002,0.010464,0.376051,1
19685,1,0.010000,0.000002,0.010464,0.376051,1
19686,1,0.010000,0.000002,0.010464,0.376051,1
19687,1,0.010000,0.000002,0.010464,0.376051,1
19688,1,0.010000,0.000002,0.010464,0.376051,1
19689,1,0.010000,0.000002,0.010464,0.376051,1
19690,1,0.010000,0.000002,0.010464,0.376051,1
19691,1,0.010000,0.000002,0.010464,0.376051,1
19692,1,0.010000,0.000002,0.010464,0.376051,1
19693,1,0.010000,0.000002,0.010464,0.376051,1
19694,1,0.010000,0.000002,0.010464,0.376051,1
19695,1,0.010000,0.000002,0.010464,0.376051,1
19696,1,0.010000,0.000002,0.010464,0.376051,1
19697,1,0.010000,0.000002,0.010464,0.376051,1
19698,1,0.010000,0.000002,0.010464,0.376051,1
19699,1,0.010000,0.000002,0.010464,0.376051,1
19700,1,0.010000,0.000002,0.010464,0.376051,1
19701,1,0.010000,0.000002,0.010464,0.376051,1
19702,1,0.010000,0.000002,0.010464,0.376051,1
19703,1,0.010000,0.000002,0.010464,0.376051,1
19704,1,0.010000,0.000002,0.010464,0.376051,1
19705,1,0.010000,0.000002,0.010464,0.376051,1
19706,1,0.010000,0.000002,0.010464,0.376051,0
19707,1,0.010000,0.000002,0.010464,0.376051,1
19708,1,0.010000,0.000002,0.010464,0.376051,1
19709,1,0.010000,0.000002,0.010464,0.376051,1
19710,1,0.010000,0.000002,0.010464,0.376051,1
19711,1,0.010000,0.000002,0.010464,0.376051,1
19712,1,0.010000,0.000002,0.010464,0.376051,1
19713,1,0.010000,0.000002,0.010464,0.376051,1
19714,1,0.010000,0.000002,0.010464,0.376051,1
19715,1,0.010000,0.000002,0.010464,0.376051,1
19716,1,0.010000,0.000002,0.010464,0.376051,1
19717,1,0.010000,0.000002,0.010464,0.376051,1
19718,1,0.010000,0.000002,0.010464,0.376051,1
19719,1,0.010000,0.000002,0.010464,0.376051,1
19720,1,0.010000,0.000002,0.010464,0.376051,1
19721,1,0.010000,0.000002,0.010464,0.376051,1
19722,1,0.010000,0.000002,0.010464,0.376051,1
19723,1,0.010000,0.000002,0.010464,0.376051,1
19724,1,0.010000,0.000002,0.010464,0.376051,1
19725,1,0.010000,0.000002,0.010464,0.376051,1
19726,1,0.010000,0.000002,0.010464,0.376051,1
19727,1,0.010000,0.000002,0.010464,0.376051,1
19728,1,0.010000,0.000002,0.010464,0.376051,1
19729,1,0.010000,0.000002,0.010464,0.376051,1
19730,1,0.010000,0.000002,0.010464,0.376051,1
19731,1,0.010000,0.000002,0.010464,0.376051,1
19732,1,0.010000,0.000002,0.010464,0.376051,1
19733,1,0.010000,0.000002,0.010464,0.376051,1
19734,1,0.010000,0.000002,0.010464,0.376051,1
19735,1,0.010000,0.000002,0.010464,0.376051,1
19736,1,0.010000,0.000002,0.010464,0.376051,1
19737,1,0.010000,0.000002,0.010464,0.376051,1
19738,1,0.010000,0.000002,0.010464,0.376051,1
19739,1,0.010000,0.000002,0.010464,0.376051,1
19740,1,0.010000,0.000002,0.010464,0.376051,1
19741,1,0.010000,0.000002,0.010464,0.376051,1
19742,1,0.010000,0.000002,0.010464,0.376051,1
19743,1,0.010000,0.000002,0.010464,0.376051,0
19744,1,0.010000,0.000002,0.010464,0.376051,1
19745,1,0.010000,0.000002,0.010464,0.376051,1
19746,1,0.010000,0.000002,0.010464,0.376051,1
19747,1,0.010000,0.000002,0.010464,0.376051,1
19748,1,0.010000,0.000002,0.010464,0.376051,1
19749,1,0.010000,0.000002,0.010464,0.376051,1
19750,1,0.010000,0.000002,0.010464,0.376051,1
19751,1,0.010000,0.000002,0.010464,0.376051,1
19752,1,0.010000,0.000002,0.010464,0.376051,1
19753,1,0.010000,0.000002,0.010464,0.376051,1
19754,1,0.010000,0.000002,0.010464,0.376051,1
19755,1,0.010000,0.000002,0.010464,0.376051,0
19756,1,0.010000,0.000002,0.010464,0.376051,1
19757,1,0.010000,0.000002,0.010464,0.376051,1
19758,1,0.010000,0.000002,0.010464,0.376051,1
19759,1,0.010000,0.000002,0.010464,0.376051,1
19760,1,0.010000,0.000002,0.010464,0.376051,1
19761,1,0.010000,0.000002,0.010464,0.376051,1
19762,1,0.010000,0.000002,0.010464,0.376051,1
19763,1,0.010000,0.000002,0.010464,0.376051,1
19764,1,0.010000,0.000002,0.010464,0.376051,1
19765,1,0.010000,0.000002,0.010464,0.376051,1
19766,1,0.010000,0.000002,0.010464,0.376051,1
19767,1,0.010000,0.000002,0.010464,0.376051,1
19768,1,0.010000,0.000002,0.010464,0.376051,1
19769,1,0.010000,0.000002,0.010464,0.376051,1
19770,1,0.010000,0.000002,0.010464,0.376051,1
19771,1,0.010000,0.000002,0.010464,0.376051,1
19772,1,0.010000,0.000002,0.010464,0.376051,1
19773,1,0.010000,0.000002,0.010464,0.376051,1
19774,1,0.010000,0.000002,0.010464,0.376051,1
19775,1,0.010000,0.000002,0.010464,0.376051,1
19776,1,0.010000,0.000002,0.010464,0.376051,1
19777,1,0.010000,0.000002,0.010464,0.376051,1
19778,1,0.010000,0.000002,0.010464,0.376051,0
19779,1,0.010000,0.000002,0.010464,0.376051,0
19780,1,0.010000,0.000002,0.010464,0.376051,1
19781,1,0.010000,0.000002,0.010464,0.376051,1
19782,1,0.010000,0.000002,0.010464,0.376051,1
19783,1,0.010000,0.000002,0.010464,0.376051,1
19784,1,0.010000,0.000002,0.010464,0.376051,1
19785,1,0.010000,0.000002,0.010464,0.376051,1
19786,1,0.010000,0.000002,0.010464,0.376051,1
19787,1,0.010000,0.000002,0.010464,0.376051,1
19788,1,0.010000,0.000002,0.010464,0.376051,1
19789,1,0.010000,0.000002,0.010464,0.376051,1
19790,1,0.010000,0.000002,0.010464,0.376051,1
19791,1,0.010000,0.000002,0.010464,0.376051,1
19792,1,0.010000,0.000002,0.010464,0.376051,1
19793,1,0.010000,0.000002,0.010464,0.376051,1
19794,1,0.010000,0.000002,0.010464,0.376051,0
19795,1,0.010000,0.000002,0.010464,0.376051,1
19796,1,0.010000,0.000002,0.010464,0.376051,1
19797,1,0.010000,0.000002,0.010464,0.376051,1
19798,1,0.010000,0.000002,0.010464,0.376051,1
19799,1,0.010000,0.000002,0.010464,0.376050,1
19800,1,0.010000,0.000002,0.010464,0.376050,1
19801,1,0.010000,0.000002,0.010464,0.376050,1
19802,1,0.010000,0.000002,0.010464,0.376050,1
19803,1,0.010000,0.000002,0.010464,0.376050,1
19804,1,0.010000,0.000002,0.010464,0.376050,1
19805,1,0.010000,0.000002,0.010464,0.376050,1
19806,1,0.010000,0.000002,0.010464,0.376050,1
19807,1,0.010000,0.000002,0.010464,0.376050,1
19808,1,0.010000,0.000002,0.010464,0.376050,1
19809,1,0.010000,0.000002,0.010464,0.376050,0
19810,1,0.010000,0.000002,0.010464,0.376050,1
19811,1,0.010000,0.000002,0.010464,0.376050,1
19812,1,0.010000,0.000002,0.010464,0.376050,1
19813,1,0.010000,0.000002,0.010464,0.376050,1
19814,1,0.010000,0.000002,0.010464,0.376050,1
19815,1,0.010000,0.000002,0.010464,0.376050,1
19816,1,0.010000,0.000002,0.010464,0.376050,1
19817,1,0.010000,0.000002,0.010464,0.376050,1
19818,1,0.010000,0.000002,0.010464,0.376050,1
19819,1,0.010000,0.000002,0.010464,0.376050,1
19820,1,0.010000,0.000002,0.010464,0.376050,1
19821,1,0.010000,0.000002,0.010464,0.376050,1
19822,1,0.010000,0.000002,0.010464,0.376050,1
19823,1,0.010000,0.000002,0.010464,0.376050,1
19824,1,0.010000,0.000002,0.010464,0.376050,1
19825,1,0.010000,0.000002,0.010464,0.376050,1
19826,1,0.010000,0.000002,0.010464,0.376050,1
19827,1,0.010000,0.000002,0.010464,0.376050,1
19828,1,0.010000,0.000002,0.010464,0.376050,1
19829,1,0.010000,0.000002,0.010464,0.376050,0
19830,1,0.010000,0.000002,0.010464,0.376050,1
19831,1,0.010000,0.000002,0.010464,0.376050,1
19832,1,0.010000,0.000002,0.010464,0.376050,1
19833,1,0.010000,0.000002,0.010464,0.376050,1
19834,1,0.010000,0.000002,0.010464,0.376050,1
19835,1,0.010000,0.000002,0.010464,0.376050,1
19836,1,0.010000,0.000002,0.010464,0.376050,1
19837,1,0.010000,0.000002,0.010464,0.376050,1
19838,1,0.010000,0.000002,0.010464,0.376050,1
19839,1,0.010000,0.000002,0.010464,0.376050,1
19840,1,0.010000,0.000002,0.010464,0.376050,1
19841,1,0.010000,0.000002,0.010464,0.376050,1
19842,1,0.010000,0.000002,0.010464,0.376050,1
19843,1,0.010000,0.000002,0.010464,0.376050,1
19844,1,0.010000,0.000002,0.010464,0.376050,1
19845,1,0.010000,0.000002,0.010464,0.376050,1
19846,1,0.010000,0.000002,0.010464,0.376050,1
19847,1,0.010000,0.000002,0.010464,0.376050,1
19848,1,0.010000,0.000002,0.010464,0.376050,1
19849,1,0.010000,0.000002,0.010464,0.376050,0
19850,1,0.010000,0.000002,0.010464,0.376050,1
19851,1,0.010000,0.000002,0.010464,0.376050,1
19852,1,0.010000,0.000002,0.010464,0.376050,1
19853,1,0.010000,0.000002,0.010464,0.376050,1
19854,1,0.010000,0.000002,0.010464,0.376050,1
19855,1,0.010000,0.000002,0.010464,0.376050,0
19856,1,0.010000,0.000002,0.010464,0.376050,1
19857,1,0.010000,0.000002,0.010464,0.376050,1
19858,1,0.010000,0.000002,0.010464,0.376050,1
19859,1,0.010000,0.000002,0.010464,0.376050,1
19860,1,0.010000,0.000002,0.010464,0.376050,1
19861,1,0.010000,0.000002,0.010464,0.376050,1
19862,1,0.010000,0.000002,0.010464,0.376050,1
19863,1,0.010000,0.000002,0.010464,0.376050,1
19864,1,0.010000,0.000002,0.010464,0.376050,1
19865,1,0.010000,0.000002,0.010464,0.376050,1
19866,1,0.010000,0.000002,0.010464,0.376050,1
19867,1,0.010000,0.000002,0.010464,0.376050,1
19868,1,0.010000,0.000002,0.010464,0.376050,1
19869,1,0.010000,0.000002,0.010464,0.376050,1
19870,1,0.010000,0.000002,0.010464,0.376050,1
19871,1,0.010000,0.000002,0.010464,0.376050,1
19872,1,0.010000,0.000002,0.010464,0.376050,1
19873,1,0.010000,0.000002,0.010464,0.376050,1
19874,1,0.010000,0.000002,0.010464,0.376050,1
19875,1,0.010000,0.000002,0.010464,0.376050,1
19876,1,0.010000,0.000002,0.010464,0.376050,1
19877,1,0.010000,0.000002,0.010464,0.376050,1
19878,1,0.010000,0.000002,0.010464,0.376050,1
19879,1,0.010000,0.000002,0.010464,0.376050,1
19880,1,0.010000,0.000002,0.010464,0.376050,1
19881,1,0.010000,0.000002,0.010464,0.376050,1
19882,1,0.010000,0.000002,0.010464,0.376050,1
19883,1,0.010000,0.000002,0.010464,0.376050,1
19884,1,0.010000,0.000002,0.010464,0.376050,1
19885,1,0.010000,0.000002,0.010464,0.376050,1
19886,1,0.010000,0.000002,0.010464,0.376050,1
19887,1,0.010000,0.000002,0.010464,0.376050,1
19888,1,0.010000,0.000002,0.010464,0.376050,1
19889,1,0.010000,0.000002,0.010464,0.376050,1
19890,1,0.010000,0.000002,0.010464,0.376050,1
19891,1,0.010000,0.000002,0.010464,0.376050,1
19892,1,0.010000,0.000002,0.010464,0.376050,1
19893,1,0.010000,0.000002,0.010464,0.376050,1
19894,1,0.010000,0.000002,0.010464,0.376050,1
19895,1,0.010000,0.000002,0.010464,0.376050,1
19896,1,0.010000,0.000002,0.010464,0.376050,1
19897,1,0.010000,0.000002,0.010464,0.376050,1
19898,1,0.010000,0.000002,0.010464,0.376050,1
19899,1,0.010000,0.000002,0.010464,0.376050,1
19900,1,0.010000,0.000002,0.010464,0.376050,1
19901,1,0.010000,0.000002,0.010464,0.376050,1
19902,1,0.010000,0.000002,0.010464,0.376050,1
19903,1,0.010000,0.000002,0.010464,0.376050,1
19904,1,0.010000,0.000002,0.010464,0.376050,1
19905,1,0.010000,0.000002,0.010464,0.376050,1
19906,1,0.010000,0.000002,0.010464,0.376050,1
19907,1,0.010000,0.000002,0.010464,0.376050,1
19908,1,0.010000,0.000002,0.010464,0.376050,1
19909,1,0.010000,0.000002,0.010464,0.376050,1
19910,1,0.010000,0.000002,0.010464,0.376050,1
19911,1,0.010000,0.000002,0.010464,0.376050,1
19912,1,0.010000,0.000002,0.010464,0.376050,1
19913,1,0.010000,0.000002,0.010464,0.376050,1
19914,1,0.010000,0.000002,0.010464,0.376050,1
19915,1,0.010000,0.000002,0.010464,0.376050,1
19916,1,0.010000,0.000002,0.010464,0.376050,1
19917,1,0.010000,0.000002,0.010464,0.376050,1
19918,1,0.010000,0.000002,0.010464,0.376050,1
19919,1,0.010000,0.000002,0.010464,0.376050,1
19920,1,0.010000,0.000002,0.010464,0.376050,1
19921,1,0.010000,0.000002,0.010464,0.376050,1
19922,1,0.010000,0.000002,0.010464,0.376050,1
19923,1,0.010000,0.000002,0.010464,0.376050,1
19924,1,0.010000,0.000002,0.010464,0.376049,1
19925,1,0.010000,0.000002,0.010464,0.376049,1
19926,1,0.010000,0.000002,0.010464,0.376049,1
19927,1,0.010000,0.000002,0.010464,0.376049,1
19928,1,0.010000,0.000002,0.010464,0.376049,1
19929,1,0.010000,0.000002,0.010464,0.376049,1
19930,1,0.010000,0.000002,0.010464,0.376049,1
19931,1,0.010000,0.000002,0.010464,0.376049,1
19932,1,0.010000,0.000002,0.010464,0.376049,1
19933,1,0.010000,0.000002,0.010464,0.376049,1
19934,1,0.010000,0.000002,0.010464,0.376049,1
19935,1,0.010000,0.000002,0.010464,0.376049,1
19936,1,0.010000,0.000002,0.010464,0.376049,1
19937,1,0.010000,0.000002,0.010464,0.376049,1
19938,1,0.010000,0.000002,0.010464,0.376049,1
19939,1,0.010000,0.000002,0.010464,0.376049,1
19940,1,0.010000,0.000002,0.010464,0.376049,1
19941,1,0.010000,0.000002,0.010464,0.376049,1
19942,1,0.010000,0.000002,0.010464,0.376049,1
19943,1,0.010000,0.000002,0.010464,0.376049,0
19944,1,0.010000,0.000002,0.010464,0.376049,1
19945,1,0.010000,0.000002,0.010464,0.376049,1
19946,1,0.010000,0.000002,0.010464,0.376049,1
19947,1,0.010000,0.000002,0.010464,0.376049,1
19948,1,0.010000,0.000002,0.010464,0.376049,1
19949,1,0.010000,0.000002,0.010464,0.376049,1
19950,1,0.010000,0.000002,0.010464,0.376049,1
19951,1,0.010000,0.000002,0.010464,0.376049,1
19952,1,0.010000,0.000002,0.010464,0.376049,1
19953,1,0.010000,0.000002,0.010464,0.376049,1
19954,1,0.010000,0.000002,0.010464,0.376049,1
19955,1,0.010000,0.000002,0.010464,0.376049,1
19956,1,0.010000,0.000002,0.010464,0.376049,1
19957,1,0.010000,0.000002,0.010464,0.376049,1
19958,1,0.010000,0.000002,0.010464,0.376049,1
19959,1,0.010000,0.000002,0.010464,0.376049,1
19960,1,0.010000,0.000002,0.010464,0.376049,1
19961,1,0.010000,0.000002,0.010464,0.376049,1
19962,1,0.010000,0.000002,0.010464,0.376049,1
19963,1,0.010000,0.000002,0.010464,0.376049,1
19964,1,0.010000,0.000002,0.010464,0.376049,1
19965,1,0.010000,0.000002,0.010464,0.376049,1
19966,1,0.010000,0.000002,0.010464,0.376049,1
19967,1,0.010000,0.000002,0.010464,0.376049,1
19968,1,0.010000,0.000002,0.010464,0.376049,1
19969,1,0.010000,0.000002,0.010464,0.376049,1
19970,1,0.010000,0.000002,0.010464,0.376049,1
19971,1,0.010000,0.000002,0.010464,0.376049,1
19972,1,0.010000,0.000002,0.010464,0.376049,1
19973,1,0.010000,0.000002,0.010464,0.376049,1
19974,1,0.010000,0.000002,0.010464,0.376049,1
19975,1,0.010000,0.000002,0.010464,0.376049,1
19976,1,0.010000,0.000002,0.010464,0.376049,1
19977,1,0.010000,0.000002,0.010464,0.376049,1
19978,1,0.010000,0.000002,0.010464,0.376049,1
19979,1,0.010000,0.000002,0.010464,0.376049,1
19980,1,0.010000,0.000002,0.010464,0.376049,1
19981,1,0.010000,0.000002,0.010464,0.376049,1
19982,1,0.010000,0.000002,0.010464,0.376049,1
19983,1,0.010000,0.000002,0.010464,0.376049,1
19984,1,0.010000,0.000002,0.010464,0.376049,0
19985,1,0.010000,0.000002,0.010464,0.376049,1
19986,1,0.010000,0.000002,0.010464,0.376049,1
19987,1,0.010000,0.000002,0.010464,0.376049,1
19988,1,0.010000,0.000002,0.010464,0.376049,1
19989,1,0.010000,0.000002,0.010464,0.376049,1
19990,1,0.010000,0.000002,0.010464,0.376049,1
19991,1,0.010000,0.000002,0.010464,0.376049,1
19992,1,0.010000,0.000002,0.010464,0.376049,0
19993,1,0.010000,0.000002,0.010464,0.376049,1
19994,1,0.010000,0.000002,0.010464,0.376049,1
19995,1,0.010000,0.000002,0.010464,0.376049,1
19996,1,0.010000,0.000002,0.010464,0.376049,1
19997,1,0.010000,0.000002,0.010464,0.376049,1
19998,1,0.010000,0.000002,0.010464,0.376049,1
19999,1,0.010000,0.000002,0.010464,0.376049,1
