episode,is_optimal,expected,unexpected
0,1,0.008326,0.000000
1,0,0.016587,0.000000
2,1,0.024787,0.000000
3,1,0.032922,0.000014
4,0,0.040992,0.000011
5,0,0.049004,0.000009
6,1,0.056955,0.000007
7,0,0.064844,0.000006
8,1,0.072674,0.000005
9,0,0.080443,0.000004
10,1,0.088153,0.000003
11,1,0.095803,0.000002
12,1,0.103391,0.000065
13,1,0.110916,0.000236
14,1,0.118375,0.000509
15,1,0.125768,0.000877
16,0,0.133092,0.000835
17,0,0.140373,0.000668
18,0,0.147606,0.000534
19,0,0.154790,0.000427
20,0,0.161922,0.000342
21,0,0.168999,0.000273
22,0,0.176020,0.000219
23,0,0.182981,0.000230
24,0,0.189883,0.000384
25,1,0.196722,0.000307
26,1,0.203518,0.000245
27,0,0.210267,0.000196
28,1,0.216958,0.000157
29,0,0.223603,0.000126
30,0,0.230192,0.000194
31,0,0.236722,0.000399
32,0,0.243192,0.000722
33,0,0.249601,0.001145
34,1,0.255947,0.001094
35,0,0.262259,0.001231
36,0,0.268510,0.001522
37,1,0.274698,0.001343
38,0,0.280854,0.001394
39,0,0.286949,0.001628
40,0,0.292983,0.002004
41,0,0.298954,0.002485
42,1,0.304861,0.002285
43,1,0.310744,0.001828
44,1,0.316597,0.001463
45,1,0.322419,0.001170
46,1,0.328205,0.000936
47,1,0.333953,0.000749
48,0,0.339659,0.000599
49,1,0.345318,0.000479
50,1,0.350936,0.000383
51,0,0.356510,0.000307
52,1,0.362040,0.000245
53,1,0.367527,0.000196
54,0,0.372969,0.000157
55,0,0.378371,0.000126
56,1,0.383729,0.000101
57,1,0.389046,0.000080
58,1,0.394319,0.000064
59,0,0.399547,0.000051
60,0,0.404737,0.000041
61,1,0.409888,0.000033
62,0,0.414997,0.000026
63,1,0.420067,0.000021
64,1,0.425095,0.000020
65,0,0.430080,0.000016
66,0,0.435029,0.000013
67,1,0.439940,0.000010
68,0,0.444811,0.000008
69,0,0.449644,0.000007
70,0,0.454438,0.000061
71,0,0.459188,0.000212
72,1,0.463895,0.000180
73,1,0.468571,0.000144
74,1,0.473213,0.000115
75,0,0.477819,0.000092
76,1,0.482387,0.000074
77,0,0.486920,0.000059
78,0,0.491415,0.000076
79,1,0.495871,0.000061
80,0,0.500295,0.000071
81,1,0.504681,0.000057
82,0,0.509034,0.000063
83,1,0.513349,0.000051
84,1,0.517632,0.000040
85,0,0.521881,0.000032
86,1,0.526096,0.000026
87,0,0.530277,0.000021
88,0,0.534423,0.000045
89,1,0.538534,0.000036
90,0,0.542615,0.000051
91,1,0.546659,0.000041
92,0,0.550674,0.000051
93,0,0.554653,0.000140
94,1,0.558596,0.000112
95,1,0.562512,0.000090
96,0,0.566397,0.000072
97,0,0.570249,0.000130
98,1,0.574066,0.000104
99,1,0.577856,0.000083
100,0,0.581616,0.000067
101,0,0.585345,0.000110
102,0,0.589039,0.000246
103,0,0.592697,0.000477
104,0,0.596317,0.000801
105,0,0.599898,0.001210
106,1,0.603437,0.001183
107,1,0.606961,0.000947
108,1,0.610466,0.000757
109,1,0.613949,0.000606
110,1,0.617407,0.000485
111,1,0.620837,0.000388
112,1,0.624237,0.000310
113,0,0.627606,0.000248
114,1,0.630951,0.000199
115,1,0.634264,0.000238
116,0,0.637544,0.000191
117,1,0.640803,0.000203
118,0,0.644030,0.000162
119,1,0.647237,0.000160
120,0,0.650411,0.000128
121,1,0.653565,0.000119
122,0,0.656687,0.000095
123,1,0.659789,0.000084
124,1,0.662861,0.000194
125,1,0.665901,0.000421
126,1,0.668906,0.000753
127,1,0.671876,0.001177
128,1,0.674809,0.001676
129,0,0.677703,0.001628
130,1,0.680590,0.001772
131,0,0.683439,0.001504
132,0,0.686281,0.001203
133,0,0.689111,0.000963
134,0,0.691925,0.000770
135,1,0.694721,0.000616
136,0,0.697490,0.000493
137,0,0.700240,0.000394
138,0,0.702969,0.000315
139,1,0.705675,0.000252
140,1,0.708359,0.000202
141,0,0.711019,0.000161
142,1,0.713658,0.000129
143,1,0.716274,0.000103
144,1,0.718864,0.000153
145,1,0.721426,0.000331
146,0,0.723959,0.000265
147,0,0.726479,0.000212
148,1,0.728984,0.000170
149,1,0.731463,0.000259
150,1,0.733914,0.000478
151,0,0.736335,0.000410
152,0,0.738746,0.000328
153,0,0.741143,0.000262
154,1,0.743525,0.000210
155,0,0.745883,0.000168
156,1,0.748225,0.000134
157,1,0.750544,0.000145
158,1,0.752838,0.000286
159,1,0.755104,0.000546
160,0,0.757342,0.000495
161,1,0.759572,0.000603
162,1,0.761775,0.000851
163,0,0.763947,0.000749
164,0,0.766114,0.000599
165,1,0.768271,0.000508
166,0,0.770403,0.000406
167,1,0.772525,0.000327
168,0,0.774621,0.000262
169,0,0.776708,0.000209
170,1,0.778781,0.000167
171,1,0.780834,0.000141
172,0,0.782862,0.000113
173,0,0.784880,0.000090
174,1,0.786884,0.000072
175,0,0.788869,0.000058
176,1,0.790839,0.000046
177,1,0.792790,0.000066
178,1,0.794720,0.000210
179,1,0.796625,0.000470
180,0,0.798505,0.000429
181,1,0.800380,0.000542
182,1,0.802229,0.000790
183,1,0.804053,0.001152
184,1,0.805848,0.001608
185,0,0.807614,0.001534
186,0,0.809382,0.001227
187,0,0.811148,0.000982
188,0,0.812909,0.000785
189,1,0.814660,0.000628
190,0,0.816392,0.000503
191,0,0.818114,0.000402
192,0,0.819825,0.000322
193,1,0.821521,0.000257
194,0,0.823203,0.000206
195,1,0.824870,0.000165
196,0,0.826523,0.000132
197,1,0.828163,0.000105
198,1,0.829788,0.000084
199,0,0.831398,0.000067
200,1,0.832996,0.000054
201,0,0.834578,0.000043
202,1,0.836149,0.000035
203,0,0.837704,0.000028
204,0,0.839249,0.000022
205,0,0.840779,0.000028
206,1,0.842294,0.000022
207,0,0.843798,0.000026
208,1,0.845287,0.000020
209,0,0.846766,0.000023
210,1,0.848230,0.000019
211,0,0.849683,0.000021
212,0,0.851122,0.000111
213,1,0.852544,0.000089
214,1,0.853959,0.000071
215,1,0.855363,0.000057
216,1,0.856755,0.000074
217,1,0.858131,0.000184
218,1,0.859491,0.000392
219,0,0.860831,0.000364
220,0,0.862167,0.000291
221,1,0.863497,0.000266
222,0,0.864812,0.000213
223,0,0.866119,0.000170
224,1,0.867417,0.000136
225,0,0.868703,0.000109
226,0,0.869978,0.000087
227,0,0.871242,0.000100
228,1,0.872491,0.000080
229,1,0.873733,0.000064
230,1,0.874965,0.000051
231,1,0.876185,0.000107
232,1,0.877390,0.000260
233,0,0.878577,0.000224
234,1,0.879762,0.000302
235,1,0.880930,0.000492
236,1,0.882080,0.000787
237,1,0.883210,0.001176
238,0,0.884318,0.001136
239,0,0.885430,0.000909
240,1,0.886542,0.000844
241,1,0.887637,0.000956
242,0,0.888711,0.000770
243,1,0.889789,0.000787
244,0,0.890847,0.000630
245,1,0.891906,0.000597
246,0,0.892948,0.000478
247,0,0.893990,0.000382
248,1,0.895030,0.000306
249,1,0.896056,0.000291
250,1,0.897064,0.000444
251,1,0.898055,0.000736
252,1,0.899024,0.001144
253,1,0.899972,0.001644
254,1,0.900897,0.002213
255,1,0.901797,0.002831
256,0,0.902672,0.002700
257,1,0.903562,0.002802
258,1,0.904428,0.003078
259,1,0.905268,0.003482
260,1,0.906082,0.003978
261,1,0.906868,0.004533
262,1,0.907627,0.005123
263,1,0.908356,0.005729
264,0,0.909055,0.005241
265,1,0.909783,0.005076
266,1,0.910483,0.005149
267,0,0.911155,0.004324
268,1,0.911854,0.003941
269,1,0.912526,0.003886
270,0,0.913171,0.003109
271,0,0.913843,0.002487
272,0,0.914537,0.001990
273,1,0.915250,0.001592
274,0,0.915940,0.001273
275,1,0.916647,0.001019
276,0,0.917333,0.000815
277,1,0.918033,0.000652
278,1,0.918714,0.000522
279,0,0.919375,0.000417
280,0,0.920051,0.000334
281,1,0.920737,0.000267
282,0,0.921407,0.000214
283,0,0.922087,0.000171
284,1,0.922772,0.000137
285,1,0.923444,0.000109
286,1,0.924101,0.000088
287,1,0.924741,0.000160
288,1,0.925362,0.000458
289,0,0.925964,0.000366
290,1,0.926581,0.000424
291,1,0.927179,0.000709
292,1,0.927757,0.001162
293,0,0.928314,0.000972
294,1,0.928890,0.001072
295,1,0.929446,0.001387
296,1,0.929980,0.001860
297,1,0.930493,0.002441
298,1,0.930981,0.003095
299,0,0.931446,0.002826
300,1,0.931937,0.002861
301,1,0.932406,0.003116
302,1,0.932851,0.003528
303,1,0.933271,0.004046
304,1,0.933666,0.004630
305,1,0.934035,0.005249
306,1,0.934377,0.005880
307,1,0.934692,0.006504
308,0,0.934979,0.005827
309,1,0.935307,0.005530
310,0,0.935610,0.004424
311,0,0.935949,0.003539
312,1,0.936319,0.002831
313,1,0.936668,0.002265
314,0,0.936993,0.001812
315,0,0.937349,0.001450
316,1,0.937731,0.001160
317,1,0.938094,0.000928
318,1,0.938436,0.000742
319,1,0.938757,0.000836
320,0,0.939056,0.000669
321,1,0.939385,0.000535
322,1,0.939694,0.000632
323,0,0.939981,0.000506
324,1,0.940298,0.000405
325,1,0.940594,0.000509
326,0,0.940870,0.000407
327,1,0.941175,0.000326
328,1,0.941460,0.000440
329,1,0.941725,0.000820
330,1,0.941968,0.001383
331,0,0.942188,0.001106
332,0,0.942442,0.000885
333,0,0.942726,0.000708
334,1,0.943034,0.000567
335,1,0.943325,0.000453
336,0,0.943598,0.000363
337,1,0.943896,0.000290
338,1,0.944177,0.000232
339,1,0.944441,0.000354
340,1,0.944685,0.000732
341,0,0.944910,0.000585
342,1,0.945164,0.000553
343,1,0.945400,0.000816
344,1,0.945616,0.001289
345,1,0.945811,0.001904
346,0,0.945985,0.001563
347,0,0.946193,0.001251
348,0,0.946430,0.001001
349,1,0.946691,0.000800
350,1,0.946936,0.000640
351,0,0.947165,0.000512
352,0,0.947418,0.000410
353,1,0.947691,0.000328
354,1,0.947950,0.000262
355,1,0.948195,0.000210
356,1,0.948424,0.000414
357,1,0.948636,0.000840
358,1,0.948830,0.001420
359,0,0.949004,0.001166
360,1,0.949209,0.001247
361,0,0.949395,0.000998
362,0,0.949609,0.000798
363,1,0.949846,0.000639
364,1,0.950068,0.000511
365,1,0.950275,0.000630
366,1,0.950465,0.000990
367,0,0.950636,0.000792
368,1,0.950836,0.000781
369,1,0.951019,0.001044
370,0,0.951184,0.000835
371,1,0.951377,0.000764
372,1,0.951554,0.000986
373,1,0.951712,0.001417
374,1,0.951852,0.001994
375,1,0.951972,0.002665
376,1,0.952071,0.003390
377,1,0.952149,0.004139
378,1,0.952205,0.004888
379,1,0.952238,0.005621
380,0,0.952248,0.005056
381,0,0.952302,0.004045
382,1,0.952394,0.003276
383,1,0.952467,0.002970
384,1,0.952519,0.003003
385,1,0.952550,0.003275
386,0,0.952559,0.002620
387,1,0.952610,0.002318
388,1,0.952641,0.002370
389,1,0.952651,0.002672
390,0,0.952639,0.002138
391,1,0.952670,0.001846
392,0,0.952681,0.001477
393,0,0.952731,0.001182
394,1,0.952814,0.000945
395,1,0.952882,0.000756
396,1,0.952931,0.000605
397,0,0.952962,0.000484
398,1,0.953028,0.000387
399,0,0.953078,0.000310
400,1,0.953160,0.000248
401,1,0.953226,0.000198
402,1,0.953275,0.000310
403,1,0.953306,0.000696
404,0,0.953318,0.000557
405,0,0.953367,0.000445
406,1,0.953448,0.000356
407,0,0.953513,0.000285
408,0,0.953608,0.000228
409,1,0.953726,0.000182
410,0,0.953833,0.000146
411,1,0.953962,0.000117
412,1,0.954081,0.000093
413,1,0.954187,0.000075
414,1,0.954279,0.000217
415,1,0.954357,0.000606
416,1,0.954418,0.001169
417,1,0.954462,0.001846
418,1,0.954488,0.002594
419,0,0.954495,0.002318
420,1,0.954539,0.002374
421,1,0.954565,0.002669
422,1,0.954573,0.003129
423,1,0.954562,0.003698
424,1,0.954530,0.004333
425,1,0.954478,0.004999
426,1,0.954404,0.005671
427,1,0.954309,0.006331
428,1,0.954191,0.006965
429,1,0.954050,0.007563
430,1,0.953887,0.008119
431,1,0.953700,0.008628
432,1,0.953489,0.009090
433,1,0.953254,0.009502
434,1,0.952995,0.009866
435,1,0.952712,0.010182
436,1,0.952404,0.010453
437,1,0.952072,0.010681
438,1,0.951715,0.010867
439,1,0.951334,0.011016
440,1,0.950928,0.011129
441,0,0.950498,0.009333
442,1,0.950143,0.008144
443,1,0.949764,0.007407
444,1,0.949362,0.007001
445,1,0.948937,0.006834
446,1,0.948489,0.006832
447,1,0.948018,0.006943
448,1,0.947523,0.007124
449,1,0.947005,0.007346
450,1,0.946464,0.007586
451,1,0.945899,0.007827
452,1,0.945312,0.008058
453,1,0.944702,0.008271
454,1,0.944069,0.008462
455,1,0.943414,0.008626
456,1,0.942736,0.008764
457,1,0.942036,0.008874
458,1,0.941314,0.008958
459,1,0.940570,0.009016
460,0,0.939805,0.007213
461,1,0.939135,0.005770
462,1,0.938445,0.004785
463,1,0.937735,0.004229
464,1,0.937004,0.003985
465,1,0.936253,0.003959
466,1,0.935482,0.004082
467,1,0.934690,0.004302
468,1,0.933879,0.004580
469,0,0.933049,0.003664
470,1,0.932316,0.002931
471,1,0.931565,0.002345
472,1,0.930796,0.001876
473,1,0.930008,0.001758
474,0,0.929201,0.001406
475,1,0.928489,0.001125
476,1,0.927760,0.000900
477,1,0.927014,0.000720
478,1,0.926250,0.000576
479,1,0.925469,0.000681
480,1,0.924670,0.001004
481,1,0.923855,0.001465
482,1,0.923022,0.002006
483,1,0.922172,0.002584
484,1,0.921305,0.003167
485,1,0.920422,0.003734
486,1,0.919521,0.004270
487,1,0.918604,0.004765
488,1,0.917671,0.005214
489,1,0.916721,0.005615
490,1,0.915755,0.005966
491,1,0.914772,0.006268
492,1,0.913774,0.006525
493,1,0.912761,0.006737
494,1,0.911731,0.006910
495,1,0.910687,0.007045
496,1,0.909627,0.007146
497,1,0.908552,0.007217
498,1,0.907463,0.007260
499,1,0.906358,0.007280
500,1,0.905240,0.007278
501,0,0.904107,0.005822
502,1,0.903092,0.004658
503,1,0.902062,0.003726
504,1,0.901020,0.002981
505,1,0.899964,0.002424
506,0,0.898894,0.001939
507,1,0.897936,0.001551
508,1,0.896965,0.001241
509,1,0.895982,0.000993
510,1,0.894986,0.000794
511,0,0.893978,0.000635
512,1,0.893076,0.000508
513,1,0.892162,0.000407
514,0,0.891236,0.000325
515,1,0.890409,0.000260
516,1,0.889571,0.000208
517,0,0.888723,0.000167
518,1,0.887967,0.000133
519,0,0.887201,0.000107
520,1,0.886521,0.000085
521,1,0.885831,0.000068
522,1,0.885132,0.000055
523,1,0.884424,0.000044
524,1,0.883705,0.000035
525,1,0.882976,0.000028
526,1,0.882236,0.000160
527,1,0.881486,0.000561
528,1,0.880725,0.001135
529,1,0.879952,0.001807
530,1,0.879168,0.002525
531,1,0.878373,0.003250
532,1,0.877566,0.003954
533,1,0.876748,0.004620
534,0,0.875918,0.003696
535,1,0.875185,0.002957
536,1,0.874442,0.002451
537,1,0.873687,0.002326
538,0,0.872922,0.001861
539,1,0.872249,0.001489
540,1,0.871565,0.001191
541,1,0.870871,0.000953
542,1,0.870167,0.000929
543,0,0.869452,0.000743
544,1,0.868826,0.000594
545,1,0.868191,0.000475
546,1,0.867545,0.000380
547,1,0.866889,0.000434
548,1,0.866222,0.000761
549,1,0.865544,0.001266
550,1,0.864856,0.001876
551,1,0.864156,0.002539
552,1,0.863445,0.003217
553,1,0.862722,0.003881
554,1,0.861988,0.004513
555,1,0.861242,0.005100
556,1,0.860484,0.005636
557,1,0.859715,0.006117
558,1,0.858934,0.006541
559,1,0.858141,0.006908
560,1,0.857336,0.007222
561,1,0.856519,0.007485
562,0,0.855691,0.005988
563,1,0.854966,0.004790
564,1,0.854231,0.003856
565,1,0.853484,0.003361
566,1,0.852726,0.003180
567,1,0.851957,0.003220
568,0,0.851176,0.002576
569,1,0.850497,0.002061
570,1,0.849806,0.001649
571,1,0.849105,0.001319
572,1,0.848394,0.001132
573,1,0.847671,0.001235
574,1,0.846937,0.001533
575,0,0.846193,0.001227
576,1,0.845547,0.000981
577,0,0.844891,0.000785
578,1,0.844327,0.000628
579,1,0.843754,0.000502
580,0,0.843171,0.000402
581,1,0.842674,0.000322
582,0,0.842169,0.000257
583,0,0.841744,0.000206
584,1,0.841391,0.000165
585,1,0.841032,0.000132
586,0,0.840666,0.000105
587,1,0.840369,0.000084
588,1,0.840066,0.000067
589,1,0.839756,0.000054
590,1,0.839439,0.000043
591,1,0.839114,0.000035
592,1,0.838781,0.000081
593,0,0.838439,0.000065
594,0,0.838169,0.000052
595,1,0.837964,0.000041
596,1,0.837753,0.000033
597,1,0.837535,0.000027
598,1,0.837309,0.000021
599,1,0.837074,0.000271
600,1,0.836830,0.000782
601,1,0.836577,0.001460
602,1,0.836313,0.002234
603,1,0.836039,0.003051
604,1,0.835754,0.003872
605,1,0.835457,0.004670
606,1,0.835148,0.005427
607,0,0.834828,0.004341
608,1,0.834585,0.003797
609,1,0.834332,0.003644
610,1,0.834067,0.003764
611,1,0.833790,0.004068
612,1,0.833501,0.004488
613,1,0.833199,0.004974
614,1,0.832885,0.005488
615,1,0.832557,0.006004
616,1,0.832216,0.006503
617,1,0.831862,0.006972
618,1,0.831494,0.007402
619,1,0.831112,0.007789
620,1,0.830716,0.008130
621,1,0.830306,0.008425
622,0,0.829882,0.006740
623,1,0.829548,0.005543
624,0,0.829202,0.004435
625,1,0.828940,0.003548
626,1,0.828665,0.002838
627,1,0.828378,0.002271
628,1,0.828077,0.001937
629,1,0.827764,0.001949
630,1,0.827438,0.002199
631,1,0.827098,0.002604
632,1,0.826744,0.003101
633,1,0.826377,0.003646
634,1,0.825996,0.004205
635,1,0.825600,0.004754
636,1,0.825191,0.005277
637,1,0.824767,0.005764
638,0,0.824329,0.004611
639,1,0.823985,0.003689
640,0,0.823627,0.002951
641,0,0.823356,0.002361
642,0,0.823164,0.001889
643,1,0.823043,0.001511
644,1,0.822912,0.001209
645,1,0.822771,0.000967
646,1,0.822619,0.000774
647,1,0.822456,0.000619
648,1,0.822281,0.000495
649,1,0.822095,0.000436
650,1,0.821896,0.000706
651,1,0.821684,0.001195
652,1,0.821460,0.001819
653,1,0.821222,0.002518
654,1,0.820970,0.003245
655,0,0.820705,0.002596
656,1,0.820522,0.002077
657,1,0.820327,0.001840
658,1,0.820118,0.001939
659,1,0.819896,0.002265
660,0,0.819661,0.001812
661,1,0.819506,0.001449
662,1,0.819339,0.001160
663,1,0.819158,0.001132
664,1,0.818965,0.001394
665,1,0.818758,0.001847
666,1,0.818537,0.002417
667,0,0.818303,0.001934
668,1,0.818150,0.001547
669,1,0.817984,0.001238
670,1,0.817806,0.001290
671,0,0.817613,0.001032
672,1,0.817499,0.000826
673,1,0.817373,0.000661
674,1,0.817234,0.000532
675,1,0.817081,0.000743
676,1,0.816915,0.001181
677,1,0.816735,0.001762
678,0,0.816541,0.001409
679,1,0.816428,0.001127
680,0,0.816301,0.000902
681,1,0.816248,0.000722
682,1,0.816183,0.000577
683,1,0.816106,0.000462
684,1,0.816016,0.000412
685,1,0.815913,0.000687
686,1,0.815796,0.001177
687,1,0.815666,0.001802
688,1,0.815521,0.002499
689,1,0.815362,0.003225
690,1,0.815188,0.003947
691,1,0.814999,0.004643
692,1,0.814795,0.005297
693,1,0.814576,0.005900
694,1,0.814342,0.006446
695,1,0.814092,0.006933
696,1,0.813827,0.007361
697,1,0.813546,0.007731
698,1,0.813250,0.008046
699,1,0.812938,0.008308
700,1,0.812610,0.008523
701,1,0.812266,0.008692
702,1,0.811907,0.008821
703,1,0.811532,0.008912
704,1,0.811141,0.008971
705,1,0.810735,0.009000
706,1,0.810313,0.009004
707,1,0.809875,0.008984
708,1,0.809422,0.008943
709,1,0.808954,0.008886
710,1,0.808470,0.008813
711,1,0.807971,0.008727
712,1,0.807457,0.008630
713,1,0.806928,0.008524
714,1,0.806384,0.008411
715,1,0.805825,0.008291
716,1,0.805251,0.008166
717,1,0.804663,0.008037
718,1,0.804061,0.007905
719,1,0.803444,0.007772
720,1,0.802813,0.007637
721,1,0.802169,0.007501
722,0,0.801510,0.006001
723,1,0.800967,0.004801
724,1,0.800412,0.003840
725,1,0.799842,0.003072
726,1,0.799260,0.002458
727,1,0.798665,0.002096
728,1,0.798056,0.001983
729,1,0.797435,0.002043
730,1,0.796800,0.002218
731,1,0.796153,0.002465
732,1,0.795493,0.002752
733,1,0.794821,0.003056
734,1,0.794136,0.003359
735,1,0.793439,0.003651
736,1,0.792730,0.003924
737,1,0.792008,0.004172
738,1,0.791275,0.004394
739,1,0.790530,0.004588
740,1,0.789773,0.004755
741,1,0.789005,0.004894
742,1,0.788226,0.005008
743,1,0.787435,0.005098
744,1,0.786633,0.005165
745,1,0.785820,0.005213
746,1,0.784996,0.005243
747,1,0.784162,0.005256
748,1,0.783317,0.005256
749,1,0.782461,0.005242
750,1,0.781596,0.005218
751,1,0.780720,0.005185
752,1,0.779835,0.005143
753,1,0.778940,0.005094
754,1,0.778035,0.005040
755,1,0.777121,0.004981
756,1,0.776197,0.004918
757,1,0.775264,0.004852
758,1,0.774322,0.004784
759,1,0.773372,0.004714
760,1,0.772412,0.004642
761,1,0.771445,0.004570
762,1,0.770468,0.004497
763,1,0.769484,0.004425
764,1,0.768491,0.004352
765,1,0.767491,0.004280
766,1,0.766482,0.004208
767,1,0.765466,0.004138
768,1,0.764443,0.004068
769,1,0.763412,0.003999
770,1,0.762374,0.003932
771,1,0.761329,0.003865
772,1,0.760277,0.003800
773,0,0.759218,0.003040
774,1,0.758298,0.002432
775,1,0.757370,0.001946
776,1,0.756436,0.001557
777,1,0.755495,0.001245
778,1,0.754547,0.000996
779,1,0.753592,0.000797
780,1,0.752631,0.000638
781,1,0.751663,0.000510
782,1,0.750689,0.000502
783,1,0.749709,0.000617
784,1,0.748723,0.000811
785,1,0.747731,0.001051
786,1,0.746733,0.001315
787,1,0.745729,0.001585
788,1,0.744719,0.001849
789,1,0.743704,0.002099
790,1,0.742683,0.002330
791,1,0.741657,0.002539
792,1,0.740625,0.002725
793,1,0.739588,0.002887
794,1,0.738546,0.003025
795,1,0.737499,0.003141
796,1,0.736448,0.003237
797,1,0.735391,0.003313
798,1,0.734330,0.003371
799,1,0.733264,0.003414
800,1,0.732194,0.003442
801,1,0.731119,0.003458
802,1,0.730040,0.003463
803,1,0.728956,0.003458
804,1,0.727869,0.003445
805,1,0.726777,0.003425
806,1,0.725682,0.003400
807,1,0.724583,0.003369
808,1,0.723480,0.003334
809,1,0.722374,0.003295
810,0,0.721264,0.002636
811,1,0.720294,0.002109
812,1,0.719321,0.001687
813,1,0.718344,0.001350
814,1,0.717363,0.001080
815,1,0.716378,0.000864
816,1,0.715390,0.000691
817,1,0.714398,0.000553
818,1,0.713403,0.000442
819,1,0.712404,0.000360
820,1,0.711401,0.000421
821,1,0.710395,0.000575
822,1,0.709386,0.000787
823,1,0.708374,0.001031
824,1,0.707358,0.001288
825,1,0.706339,0.001543
826,1,0.705317,0.001788
827,1,0.704292,0.002017
828,0,0.703264,0.001613
829,1,0.702372,0.001291
830,1,0.701477,0.001032
831,1,0.700578,0.000826
832,1,0.699676,0.000661
833,1,0.698771,0.000529
834,1,0.697863,0.000423
835,1,0.696952,0.000338
836,1,0.696038,0.000271
837,1,0.695121,0.000357
838,0,0.694201,0.000286
839,1,0.693410,0.000229
840,1,0.692615,0.000183
841,1,0.691818,0.000146
842,1,0.691018,0.000117
843,1,0.690214,0.000094
844,1,0.689408,0.000075
845,1,0.688598,0.000060
846,1,0.687785,0.000131
847,1,0.686969,0.000350
848,1,0.686150,0.000662
849,1,0.685327,0.001024
850,1,0.684502,0.001409
851,0,0.683673,0.001127
852,1,0.682969,0.000902
853,1,0.682263,0.000721
854,1,0.681553,0.000577
855,1,0.680840,0.000462
856,1,0.680124,0.000369
857,1,0.679404,0.000295
858,1,0.678681,0.000338
859,1,0.677955,0.000542
860,1,0.677226,0.000849
861,1,0.676493,0.001215
862,1,0.675757,0.001606
863,0,0.675018,0.001285
864,1,0.674399,0.001028
865,1,0.673778,0.000822
866,1,0.673153,0.000658
867,1,0.672525,0.000526
868,1,0.671894,0.000421
869,1,0.671259,0.000337
870,1,0.670620,0.000453
871,1,0.669978,0.000712
872,1,0.669333,0.001060
873,1,0.668683,0.001455
874,1,0.668030,0.001868
875,1,0.667374,0.002277
876,1,0.666713,0.002669
877,1,0.666049,0.003033
878,1,0.665381,0.003364
879,1,0.664710,0.003659
880,1,0.664034,0.003918
881,1,0.663355,0.004140
882,1,0.662672,0.004327
883,0,0.661986,0.003461
884,1,0.661421,0.002769
885,1,0.660853,0.002215
886,1,0.660281,0.001772
887,1,0.659705,0.001418
888,0,0.659126,0.001134
889,1,0.658662,0.000907
890,0,0.658194,0.000726
891,1,0.657833,0.000581
892,1,0.657469,0.000465
893,1,0.657102,0.000372
894,1,0.656732,0.000297
895,1,0.656358,0.000238
896,1,0.655980,0.000190
897,1,0.655598,0.000152
898,1,0.655212,0.000122
899,1,0.654822,0.000304
900,1,0.654428,0.000661
901,1,0.654029,0.001124
902,1,0.653626,0.001643
903,1,0.653218,0.002180
904,1,0.652805,0.002711
905,1,0.652388,0.003217
906,1,0.651966,0.003688
907,1,0.651539,0.004115
908,1,0.651107,0.004496
909,1,0.650669,0.004830
910,0,0.650227,0.003864
911,1,0.649898,0.003091
912,1,0.649563,0.002473
913,1,0.649224,0.001978
914,1,0.648879,0.001583
915,1,0.648530,0.001411
916,1,0.648176,0.001465
917,1,0.647816,0.001671
918,1,0.647451,0.001972
919,1,0.647081,0.002326
920,1,0.646705,0.002704
921,1,0.646324,0.003083
922,1,0.645938,0.003448
923,1,0.645545,0.003791
924,1,0.645148,0.004103
925,1,0.644744,0.004382
926,1,0.644335,0.004627
927,1,0.643921,0.004837
928,1,0.643501,0.005013
929,1,0.643075,0.005158
930,1,0.642643,0.005272
931,1,0.642205,0.005360
932,0,0.641762,0.004288
933,1,0.641436,0.003430
934,1,0.641104,0.002744
935,1,0.640767,0.002195
936,1,0.640424,0.001756
937,1,0.640075,0.001405
938,1,0.639721,0.001228
939,1,0.639361,0.001253
940,1,0.638995,0.001416
941,1,0.638623,0.001665
942,0,0.638246,0.001332
943,1,0.637981,0.001066
944,1,0.637712,0.000853
945,1,0.637436,0.000682
946,1,0.637155,0.000546
947,1,0.636869,0.000436
948,1,0.636576,0.000367
949,1,0.636278,0.000511
950,1,0.635973,0.000794
951,1,0.635663,0.001162
952,1,0.635347,0.001575
953,1,0.635024,0.002004
954,1,0.634696,0.002429
955,1,0.634361,0.002835
956,1,0.634020,0.003212
957,1,0.633674,0.003556
958,1,0.633320,0.003864
959,1,0.632961,0.004134
960,1,0.632596,0.004367
961,0,0.632224,0.003493
962,1,0.631968,0.002795
963,1,0.631706,0.002236
964,0,0.631438,0.001789
965,1,0.631278,0.001431
966,1,0.631113,0.001145
967,1,0.630942,0.000916
968,1,0.630764,0.000733
969,1,0.630581,0.000586
970,1,0.630392,0.000469
971,1,0.630197,0.000375
972,0,0.629996,0.000300
973,1,0.629899,0.000240
974,1,0.629797,0.000192
975,1,0.629689,0.000154
976,1,0.629575,0.000123
977,1,0.629454,0.000098
978,1,0.629328,0.000158
979,1,0.629195,0.000434
980,1,0.629055,0.000848
981,1,0.628909,0.001341
982,1,0.628756,0.001871
983,1,0.628596,0.002408
984,1,0.628430,0.002929
985,1,0.628256,0.003421
986,1,0.628076,0.003874
987,1,0.627888,0.004282
988,1,0.627694,0.004645
989,1,0.627492,0.004960
990,1,0.627283,0.005230
991,1,0.627067,0.005457
992,1,0.626844,0.005643
993,1,0.626613,0.005792
994,1,0.626375,0.005906
995,1,0.626130,0.005989
996,1,0.625878,0.006045
997,1,0.625619,0.006076
998,0,0.625352,0.004861
999,1,0.625199,0.003889
1000,1,0.625039,0.003111
1001,1,0.624872,0.002489
1002,1,0.624698,0.001991
1003,1,0.624517,0.001593
1004,1,0.624328,0.001445
1005,1,0.624133,0.001489
1006,1,0.623930,0.001661
1007,1,0.623720,0.001914
1008,1,0.623503,0.002212
1009,1,0.623279,0.002530
1010,1,0.623047,0.002849
1011,1,0.622808,0.003158
1012,1,0.622562,0.003447
1013,1,0.622308,0.003711
1014,1,0.622047,0.003947
1015,1,0.621779,0.004154
1016,1,0.621504,0.004332
1017,1,0.621222,0.004482
1018,1,0.620932,0.004604
1019,1,0.620635,0.004702
1020,1,0.620331,0.004777
1021,1,0.620020,0.004831
1022,1,0.619702,0.004866
1023,1,0.619377,0.004884
1024,1,0.619044,0.004888
1025,1,0.618705,0.004878
1026,1,0.618359,0.004858
1027,1,0.618006,0.004827
1028,1,0.617646,0.004789
1029,1,0.617280,0.004743
1030,0,0.616907,0.003795
1031,1,0.616655,0.003036
1032,1,0.616396,0.002429
1033,1,0.616131,0.001943
1034,1,0.615859,0.001554
1035,1,0.615581,0.001243
1036,1,0.615296,0.000995
1037,1,0.615004,0.000796
1038,1,0.614706,0.000778
1039,1,0.614401,0.000896
1040,1,0.614089,0.001102
1041,1,0.613771,0.001360
1042,1,0.613446,0.001644
1043,1,0.613115,0.001935
1044,1,0.612777,0.002221
1045,1,0.612433,0.002492
1046,1,0.612082,0.002743
1047,1,0.611725,0.002969
1048,0,0.611362,0.002375
1049,1,0.611119,0.001900
1050,1,0.610869,0.001520
1051,1,0.610614,0.001216
1052,1,0.610352,0.000973
1053,1,0.610084,0.000778
1054,1,0.609809,0.000623
1055,1,0.609528,0.000513
1056,1,0.609241,0.000588
1057,0,0.608948,0.000470
1058,1,0.608770,0.000376
1059,1,0.608586,0.000301
1060,1,0.608395,0.000241
1061,1,0.608199,0.000193
1062,1,0.607996,0.000154
1063,1,0.607787,0.000123
1064,1,0.607572,0.000124
1065,1,0.607351,0.000312
1066,1,0.607123,0.000620
1067,1,0.606889,0.000998
1068,1,0.606648,0.001411
1069,1,0.606401,0.001833
1070,1,0.606148,0.002245
1071,1,0.605888,0.002635
1072,1,0.605622,0.002995
1073,1,0.605350,0.003320
1074,1,0.605071,0.003609
1075,1,0.604786,0.003860
1076,1,0.604495,0.004075
1077,1,0.604197,0.004256
1078,1,0.603893,0.004404
1079,1,0.603583,0.004522
1080,1,0.603266,0.004613
1081,1,0.602943,0.004680
1082,1,0.602614,0.004724
1083,1,0.602279,0.004749
1084,1,0.601938,0.004757
1085,1,0.601590,0.004751
1086,1,0.601237,0.004731
1087,1,0.600878,0.004701
1088,1,0.600512,0.004662
1089,1,0.600141,0.004614
1090,1,0.599764,0.004561
1091,1,0.599380,0.004502
1092,1,0.598992,0.004440
1093,1,0.598597,0.004374
1094,1,0.598197,0.004306
1095,1,0.597791,0.004236
1096,1,0.597379,0.004165
1097,1,0.596962,0.004093
1098,1,0.596539,0.004021
1099,1,0.596111,0.003949
1100,1,0.595677,0.003878
1101,1,0.595239,0.003808
1102,1,0.594794,0.003738
1103,1,0.594345,0.003670
1104,1,0.593890,0.003603
1105,1,0.593431,0.003537
1106,1,0.592966,0.003473
1107,1,0.592496,0.003410
1108,1,0.592021,0.003349
1109,1,0.591542,0.003289
1110,1,0.591057,0.003231
1111,1,0.590568,0.003175
1112,1,0.590074,0.003120
1113,1,0.589575,0.003066
1114,1,0.589072,0.003014
1115,1,0.588564,0.002963
1116,1,0.588052,0.002914
1117,1,0.587536,0.002867
1118,1,0.587014,0.002820
1119,1,0.586489,0.002775
1120,1,0.585960,0.002731
1121,1,0.585426,0.002689
1122,1,0.584888,0.002647
1123,1,0.584346,0.002607
1124,1,0.583800,0.002568
1125,1,0.583250,0.002530
1126,1,0.582696,0.002492
1127,1,0.582138,0.002456
1128,1,0.581577,0.002421
1129,1,0.581012,0.002387
1130,1,0.580443,0.002353
1131,1,0.579870,0.002321
1132,1,0.579294,0.002289
1133,1,0.578715,0.002258
1134,1,0.578132,0.002228
1135,1,0.577546,0.002199
1136,1,0.576956,0.002170
1137,1,0.576363,0.002142
1138,1,0.575767,0.002114
1139,1,0.575168,0.002087
1140,1,0.574565,0.002061
1141,1,0.573960,0.002035
1142,1,0.573352,0.002010
1143,1,0.572740,0.001985
1144,1,0.572126,0.001961
1145,1,0.571509,0.001938
1146,1,0.570890,0.001915
1147,1,0.570267,0.001892
1148,1,0.569642,0.001870
1149,1,0.569014,0.001848
1150,1,0.568384,0.001827
1151,1,0.567751,0.001806
1152,1,0.567116,0.001785
1153,1,0.566478,0.001765
1154,1,0.565838,0.001745
1155,1,0.565196,0.001726
1156,1,0.564551,0.001707
1157,1,0.563905,0.001688
1158,1,0.563256,0.001670
1159,1,0.562605,0.001652
1160,1,0.561952,0.001634
1161,1,0.561296,0.001616
1162,1,0.560639,0.001599
1163,1,0.559980,0.001582
1164,1,0.559320,0.001566
1165,1,0.558657,0.001549
1166,1,0.557992,0.001533
1167,1,0.557326,0.001518
1168,1,0.556658,0.001502
1169,1,0.555989,0.001487
1170,1,0.555318,0.001472
1171,1,0.554645,0.001457
1172,1,0.553971,0.001442
1173,1,0.553295,0.001428
1174,1,0.552618,0.001414
1175,1,0.551939,0.001400
1176,1,0.551259,0.001386
1177,1,0.550578,0.001373
1178,1,0.549896,0.001359
1179,1,0.549212,0.001346
1180,0,0.548527,0.001077
1181,1,0.547978,0.000862
1182,1,0.547427,0.000689
1183,1,0.546874,0.000551
1184,1,0.546319,0.000441
1185,1,0.545762,0.000353
1186,1,0.545204,0.000282
1187,1,0.544644,0.000226
1188,1,0.544082,0.000181
1189,1,0.543518,0.000145
1190,1,0.542953,0.000116
1191,1,0.542386,0.000093
1192,1,0.541818,0.000106
1193,1,0.541248,0.000206
1194,1,0.540676,0.000358
1195,1,0.540103,0.000542
1196,1,0.539528,0.000738
1197,1,0.538952,0.000936
1198,1,0.538374,0.001127
1199,1,0.537795,0.001306
1200,0,0.537215,0.001045
1201,1,0.536763,0.000836
1202,1,0.536309,0.000668
1203,1,0.535853,0.000535
1204,1,0.535395,0.000428
1205,1,0.534936,0.000342
1206,1,0.534475,0.000274
1207,1,0.534012,0.000219
1208,1,0.533547,0.000175
1209,1,0.533080,0.000140
1210,1,0.532611,0.000146
1211,1,0.532141,0.000266
1212,1,0.531669,0.000458
1213,1,0.531195,0.000691
1214,1,0.530719,0.000943
1215,1,0.530241,0.001198
1216,1,0.529762,0.001444
1217,1,0.529281,0.001675
1218,1,0.528798,0.001885
1219,0,0.528314,0.001508
1220,1,0.527952,0.001207
1221,1,0.527589,0.000965
1222,1,0.527224,0.000772
1223,1,0.526856,0.000618
1224,1,0.526487,0.000494
1225,1,0.526115,0.000395
1226,1,0.525742,0.000316
1227,1,0.525366,0.000253
1228,1,0.524989,0.000240
1229,1,0.524609,0.000359
1230,1,0.524227,0.000562
1231,1,0.523843,0.000815
1232,1,0.523458,0.001091
1233,1,0.523069,0.001372
1234,1,0.522679,0.001646
1235,1,0.522287,0.001903
1236,1,0.521893,0.002140
1237,1,0.521496,0.002351
1238,1,0.521098,0.002537
1239,1,0.520697,0.002697
1240,1,0.520295,0.002832
1241,1,0.519890,0.002942
1242,1,0.519483,0.003031
1243,1,0.519074,0.003099
1244,1,0.518664,0.003149
1245,1,0.518251,0.003183
1246,1,0.517836,0.003202
1247,1,0.517419,0.003208
1248,1,0.517000,0.003204
1249,1,0.516579,0.003190
1250,1,0.516156,0.003168
1251,1,0.515731,0.003139
1252,1,0.515304,0.003105
1253,1,0.514875,0.003066
1254,1,0.514445,0.003024
1255,1,0.514012,0.002979
1256,1,0.513577,0.002932
1257,1,0.513141,0.002883
1258,1,0.512703,0.002833
1259,1,0.512262,0.002783
1260,1,0.511821,0.002733
1261,1,0.511377,0.002683
1262,1,0.510931,0.002633
1263,1,0.510484,0.002583
1264,1,0.510035,0.002535
1265,1,0.509584,0.002487
1266,1,0.509131,0.002441
1267,0,0.508677,0.001953
1268,1,0.508346,0.001562
1269,1,0.508013,0.001250
1270,1,0.507679,0.001000
1271,1,0.507342,0.000800
1272,1,0.507003,0.000640
1273,1,0.506662,0.000512
1274,1,0.506319,0.000410
1275,1,0.505974,0.000328
1276,1,0.505627,0.000262
1277,1,0.505278,0.000210
1278,1,0.504926,0.000249
1279,1,0.504573,0.000377
1280,1,0.504218,0.000560
1281,1,0.503860,0.000774
1282,1,0.503501,0.001000
1283,1,0.503139,0.001227
1284,1,0.502776,0.001444
1285,1,0.502410,0.001647
1286,1,0.502042,0.001832
1287,1,0.501673,0.001997
1288,1,0.501301,0.002142
1289,1,0.500927,0.002266
1290,1,0.500552,0.002370
1291,1,0.500174,0.002456
1292,1,0.499795,0.002524
1293,1,0.499413,0.002577
1294,1,0.499030,0.002616
1295,1,0.498645,0.002642
1296,1,0.498257,0.002657
1297,1,0.497868,0.002663
1298,1,0.497477,0.002660
1299,1,0.497084,0.002650
1300,1,0.496690,0.002633
1301,1,0.496293,0.002612
1302,1,0.495895,0.002586
1303,1,0.495495,0.002557
1304,1,0.495093,0.002525
1305,1,0.494689,0.002491
1306,1,0.494284,0.002455
1307,1,0.493877,0.002418
1308,1,0.493468,0.002380
1309,1,0.493057,0.002342
1310,1,0.492645,0.002303
1311,1,0.492231,0.002265
1312,1,0.491815,0.002227
1313,1,0.491398,0.002189
1314,1,0.490979,0.002151
1315,1,0.490559,0.002115
1316,1,0.490137,0.002079
1317,1,0.489714,0.002044
1318,1,0.489289,0.002010
1319,1,0.488862,0.001976
1320,1,0.488434,0.001944
1321,0,0.488005,0.001555
1322,1,0.487698,0.001244
1323,1,0.487390,0.000995
1324,1,0.487080,0.000796
1325,1,0.486768,0.000637
1326,1,0.486454,0.000510
1327,1,0.486138,0.000408
1328,1,0.485820,0.000326
1329,1,0.485501,0.000261
1330,1,0.485179,0.000209
1331,1,0.484856,0.000167
1332,1,0.484531,0.000145
1333,1,0.484204,0.000228
1334,1,0.483875,0.000378
1335,1,0.483545,0.000569
1336,1,0.483212,0.000779
1337,1,0.482878,0.000995
1338,1,0.482542,0.001205
1339,1,0.482204,0.001405
1340,1,0.481864,0.001588
1341,1,0.481522,0.001753
1342,1,0.481179,0.001899
1343,1,0.480834,0.002025
1344,1,0.480487,0.002132
1345,1,0.480138,0.002221
1346,1,0.479788,0.002292
1347,1,0.479435,0.002349
1348,1,0.479082,0.002391
1349,1,0.478726,0.002420
1350,1,0.478369,0.002439
1351,1,0.478010,0.002447
1352,1,0.477649,0.002447
1353,1,0.477287,0.002440
1354,1,0.476923,0.002427
1355,1,0.476557,0.002408
1356,1,0.476190,0.002385
1357,1,0.475822,0.002359
1358,1,0.475451,0.002329
1359,1,0.475079,0.002298
1360,1,0.474706,0.002264
1361,1,0.474331,0.002230
1362,1,0.473954,0.002194
1363,1,0.473576,0.002158
1364,1,0.473197,0.002122
1365,1,0.472816,0.002086
1366,1,0.472434,0.002050
1367,1,0.472050,0.002014
1368,1,0.471665,0.001979
1369,1,0.471278,0.001945
1370,1,0.470890,0.001911
1371,1,0.470501,0.001878
1372,1,0.470110,0.001846
1373,1,0.469718,0.001815
1374,1,0.469324,0.001784
1375,1,0.468930,0.001755
1376,1,0.468534,0.001726
1377,1,0.468137,0.001699
1378,1,0.467738,0.001672
1379,1,0.467338,0.001646
1380,1,0.466938,0.001621
1381,1,0.466535,0.001597
1382,1,0.466132,0.001573
1383,1,0.465728,0.001550
1384,1,0.465322,0.001528
1385,1,0.464915,0.001507
1386,1,0.464508,0.001487
1387,1,0.464099,0.001467
1388,1,0.463689,0.001447
1389,1,0.463278,0.001429
1390,1,0.462866,0.001411
1391,1,0.462453,0.001393
1392,1,0.462039,0.001376
1393,1,0.461623,0.001359
1394,1,0.461207,0.001343
1395,1,0.460790,0.001328
1396,1,0.460373,0.001312
1397,1,0.459954,0.001298
1398,1,0.459534,0.001283
1399,1,0.459113,0.001269
1400,1,0.458692,0.001256
1401,1,0.458270,0.001242
1402,1,0.457847,0.001229
1403,1,0.457423,0.001216
1404,1,0.456998,0.001204
1405,1,0.456572,0.001192
1406,1,0.456146,0.001180
1407,1,0.455719,0.001168
1408,1,0.455291,0.001157
1409,1,0.454863,0.001146
1410,1,0.454433,0.001135
1411,1,0.454004,0.001124
1412,1,0.453573,0.001114
1413,1,0.453142,0.001103
1414,1,0.452710,0.001093
1415,1,0.452278,0.001083
1416,1,0.451845,0.001073
1417,1,0.451411,0.001064
1418,1,0.450977,0.001054
1419,1,0.450542,0.001045
1420,1,0.450107,0.001036
1421,1,0.449671,0.001027
1422,1,0.449234,0.001018
1423,1,0.448798,0.001009
1424,1,0.448360,0.001001
1425,1,0.447923,0.000992
1426,1,0.447484,0.000984
1427,1,0.447046,0.000976
1428,1,0.446607,0.000968
1429,1,0.446167,0.000960
1430,1,0.445727,0.000952
1431,1,0.445287,0.000944
1432,1,0.444846,0.000936
1433,1,0.444405,0.000929
1434,1,0.443964,0.000921
1435,1,0.443522,0.000914
1436,1,0.443080,0.000907
1437,1,0.442638,0.000900
1438,1,0.442195,0.000893
1439,1,0.441753,0.000886
1440,1,0.441309,0.000879
1441,1,0.440866,0.000872
1442,1,0.440423,0.000865
1443,1,0.439979,0.000858
1444,1,0.439535,0.000852
1445,1,0.439091,0.000845
1446,1,0.438646,0.000839
1447,1,0.438202,0.000833
1448,1,0.437757,0.000826
1449,1,0.437312,0.000820
1450,1,0.436867,0.000814
1451,1,0.436422,0.000808
1452,1,0.435977,0.000802
1453,1,0.435532,0.000796
1454,1,0.435086,0.000790
1455,1,0.434641,0.000784
1456,1,0.434195,0.000779
1457,1,0.433750,0.000773
1458,1,0.433304,0.000768
1459,1,0.432858,0.000762
1460,1,0.432413,0.000757
1461,1,0.431967,0.000751
1462,1,0.431521,0.000746
1463,1,0.431076,0.000741
1464,1,0.430630,0.000735
1465,1,0.430184,0.000730
1466,1,0.429739,0.000725
1467,1,0.429293,0.000720
1468,1,0.428848,0.000715
1469,1,0.428402,0.000710
1470,1,0.427957,0.000705
1471,1,0.427512,0.000700
1472,1,0.427067,0.000695
1473,1,0.426622,0.000691
1474,1,0.426177,0.000686
1475,1,0.425732,0.000681
1476,1,0.425288,0.000677
1477,1,0.424843,0.000672
1478,1,0.424399,0.000668
1479,1,0.423955,0.000663
1480,1,0.423511,0.000659
1481,1,0.423067,0.000654
1482,1,0.422624,0.000650
1483,1,0.422180,0.000646
1484,1,0.421737,0.000641
1485,1,0.421294,0.000637
1486,1,0.420851,0.000633
1487,1,0.420409,0.000629
1488,1,0.419967,0.000625
1489,1,0.419525,0.000621
1490,1,0.419083,0.000617
1491,1,0.418642,0.000613
1492,1,0.418200,0.000609
1493,1,0.417759,0.000605
1494,1,0.417319,0.000601
1495,1,0.416878,0.000597
1496,1,0.416438,0.000593
1497,1,0.415999,0.000590
1498,1,0.415559,0.000586
1499,1,0.415120,0.000582
1500,1,0.414681,0.000579
1501,1,0.414243,0.000575
1502,1,0.413805,0.000572
1503,1,0.413367,0.000568
1504,1,0.412930,0.000564
1505,1,0.412493,0.000561
1506,1,0.412056,0.000558
1507,1,0.411620,0.000554
1508,1,0.411184,0.000551
1509,1,0.410749,0.000547
1510,1,0.410314,0.000544
1511,1,0.409879,0.000541
1512,1,0.409445,0.000538
1513,1,0.409011,0.000534
1514,1,0.408577,0.000531
1515,1,0.408144,0.000528
1516,1,0.407712,0.000525
1517,1,0.407280,0.000522
1518,1,0.406848,0.000519
1519,1,0.406417,0.000516
1520,1,0.405986,0.000513
1521,1,0.405555,0.000510
1522,1,0.405125,0.000507
1523,1,0.404696,0.000504
1524,1,0.404267,0.000501
1525,1,0.403839,0.000498
1526,1,0.403411,0.000495
1527,1,0.402983,0.000492
1528,1,0.402556,0.000489
1529,1,0.402129,0.000486
1530,1,0.401703,0.000484
1531,1,0.401278,0.000481
1532,1,0.400853,0.000478
1533,1,0.400428,0.000475
1534,1,0.400004,0.000473
1535,1,0.399581,0.000470
1536,1,0.399158,0.000467
1537,1,0.398735,0.000465
1538,1,0.398313,0.000462
1539,1,0.397892,0.000460
1540,1,0.397471,0.000457
1541,1,0.397051,0.000455
1542,1,0.396631,0.000452
1543,1,0.396212,0.000450
1544,1,0.395793,0.000447
1545,1,0.395375,0.000445
1546,1,0.394957,0.000442
1547,1,0.394540,0.000440
1548,1,0.394124,0.000437
1549,1,0.393708,0.000435
1550,1,0.393293,0.000433
1551,1,0.392878,0.000430
1552,1,0.392464,0.000428
1553,1,0.392051,0.000426
1554,1,0.391638,0.000424
1555,1,0.391225,0.000421
1556,1,0.390814,0.000419
1557,0,0.390402,0.000335
1558,1,0.390109,0.000268
1559,1,0.389815,0.000215
1560,1,0.389521,0.000172
1561,1,0.389226,0.000137
1562,1,0.388932,0.000110
1563,1,0.388637,0.000088
1564,1,0.388342,0.000070
1565,1,0.388047,0.000056
1566,1,0.387752,0.000045
1567,1,0.387457,0.000036
1568,1,0.387161,0.000029
1569,1,0.386865,0.000023
1570,1,0.386569,0.000018
1571,1,0.386273,0.000045
1572,1,0.385977,0.000134
1573,1,0.385681,0.000261
1574,1,0.385384,0.000407
1575,1,0.385088,0.000560
1576,1,0.384791,0.000711
1577,1,0.384494,0.000855
1578,1,0.384197,0.000986
1579,1,0.383900,0.001103
1580,1,0.383602,0.001206
1581,1,0.383305,0.001293
1582,1,0.383007,0.001365
1583,1,0.382709,0.001423
1584,1,0.382411,0.001467
1585,1,0.382113,0.001500
1586,1,0.381815,0.001522
1587,1,0.381517,0.001534
1588,1,0.381219,0.001539
1589,1,0.380920,0.001536
1590,1,0.380622,0.001526
1591,1,0.380323,0.001512
1592,1,0.380024,0.001494
1593,1,0.379726,0.001472
1594,1,0.379427,0.001447
1595,1,0.379128,0.001420
1596,1,0.378829,0.001391
1597,1,0.378530,0.001362
1598,1,0.378231,0.001331
1599,1,0.377931,0.001301
1600,1,0.377632,0.001270
1601,1,0.377333,0.001239
1602,1,0.377033,0.001209
1603,1,0.376734,0.001179
1604,1,0.376434,0.001150
1605,1,0.376135,0.001122
1606,1,0.375835,0.001095
1607,1,0.375535,0.001068
1608,1,0.375236,0.001043
1609,1,0.374936,0.001018
1610,1,0.374636,0.000995
1611,1,0.374337,0.000972
1612,1,0.374037,0.000951
1613,1,0.373737,0.000930
1614,1,0.373437,0.000910
1615,1,0.373138,0.000892
1616,1,0.372838,0.000874
1617,1,0.372538,0.000857
1618,1,0.372238,0.000841
1619,1,0.371939,0.000825
1620,1,0.371639,0.000811
1621,1,0.371339,0.000797
1622,1,0.371039,0.000783
1623,1,0.370740,0.000771
1624,1,0.370440,0.000759
1625,1,0.370140,0.000747
1626,1,0.369841,0.000737
1627,1,0.369541,0.000726
1628,1,0.369242,0.000716
1629,1,0.368942,0.000707
1630,1,0.368643,0.000698
1631,1,0.368344,0.000689
1632,1,0.368044,0.000681
1633,1,0.367745,0.000673
1634,1,0.367446,0.000666
1635,1,0.367147,0.000658
1636,1,0.366848,0.000651
1637,1,0.366549,0.000645
1638,1,0.366250,0.000638
1639,1,0.365951,0.000632
1640,1,0.365653,0.000626
1641,1,0.365354,0.000620
1642,1,0.365056,0.000615
1643,1,0.364757,0.000609
1644,1,0.364459,0.000604
1645,1,0.364161,0.000599
1646,1,0.363863,0.000594
1647,1,0.363565,0.000589
1648,1,0.363267,0.000585
1649,1,0.362969,0.000580
1650,1,0.362671,0.000576
1651,1,0.362374,0.000571
1652,1,0.362076,0.000567
1653,1,0.361779,0.000563
1654,1,0.361482,0.000559
1655,1,0.361185,0.000555
1656,1,0.360888,0.000551
1657,1,0.360592,0.000547
1658,1,0.360295,0.000544
1659,1,0.359999,0.000540
1660,1,0.359702,0.000536
1661,1,0.359406,0.000533
1662,1,0.359110,0.000529
1663,1,0.358815,0.000526
1664,1,0.358519,0.000523
1665,1,0.358224,0.000519
1666,1,0.357928,0.000516
1667,1,0.357633,0.000513
1668,1,0.357338,0.000510
1669,1,0.357044,0.000507
1670,1,0.356749,0.000503
1671,1,0.356455,0.000500
1672,1,0.356161,0.000497
1673,1,0.355867,0.000494
1674,1,0.355573,0.000491
1675,1,0.355279,0.000489
1676,1,0.354986,0.000486
1677,1,0.354692,0.000483
1678,1,0.354399,0.000480
1679,1,0.354107,0.000477
1680,1,0.353814,0.000475
1681,1,0.353522,0.000472
1682,1,0.353230,0.000469
1683,1,0.352938,0.000466
1684,1,0.352646,0.000464
1685,1,0.352354,0.000461
1686,1,0.352063,0.000459
1687,1,0.351772,0.000456
1688,1,0.351481,0.000453
1689,1,0.351191,0.000451
1690,1,0.350900,0.000448
1691,1,0.350610,0.000446
1692,1,0.350320,0.000443
1693,1,0.350031,0.000441
1694,0,0.349741,0.000353
1695,1,0.349560,0.000282
1696,1,0.349378,0.000226
1697,1,0.349196,0.000181
1698,1,0.349014,0.000145
1699,1,0.348831,0.000116
1700,1,0.348648,0.000092
1701,1,0.348464,0.000074
1702,1,0.348280,0.000059
1703,1,0.348095,0.000047
1704,1,0.347910,0.000038
1705,1,0.347725,0.000030
1706,1,0.347539,0.000024
1707,1,0.347353,0.000019
1708,1,0.347166,0.000050
1709,1,0.346979,0.000142
1710,1,0.346792,0.000271
1711,1,0.346604,0.000419
1712,1,0.346416,0.000574
1713,1,0.346228,0.000726
1714,1,0.346039,0.000870
1715,1,0.345849,0.001002
1716,1,0.345660,0.001120
1717,1,0.345469,0.001222
1718,1,0.345279,0.001310
1719,1,0.345088,0.001382
1720,1,0.344897,0.001440
1721,1,0.344705,0.001485
1722,1,0.344513,0.001518
1723,1,0.344321,0.001540
1724,1,0.344128,0.001552
1725,1,0.343935,0.001556
1726,1,0.343742,0.001553
1727,0,0.343548,0.001243
1728,1,0.343456,0.000994
1729,1,0.343364,0.000795
1730,1,0.343272,0.000636
1731,1,0.343178,0.000509
1732,1,0.343083,0.000407
1733,1,0.342988,0.000326
1734,1,0.342892,0.000261
1735,1,0.342795,0.000208
1736,1,0.342698,0.000167
1737,1,0.342599,0.000133
1738,1,0.342500,0.000107
1739,1,0.342400,0.000099
1740,1,0.342299,0.000180
1741,1,0.342197,0.000318
1742,1,0.342095,0.000489
1743,1,0.341991,0.000674
1744,1,0.341887,0.000861
1745,1,0.341782,0.001042
1746,1,0.341676,0.001211
1747,1,0.341569,0.001364
1748,1,0.341462,0.001500
1749,1,0.341354,0.001617
1750,1,0.341244,0.001717
1751,1,0.341134,0.001799
1752,1,0.341023,0.001865
1753,1,0.340912,0.001916
1754,1,0.340799,0.001953
1755,1,0.340686,0.001978
1756,1,0.340572,0.001992
1757,1,0.340457,0.001997
1758,1,0.340341,0.001993
1759,1,0.340224,0.001983
1760,1,0.340107,0.001966
1761,1,0.339988,0.001945
1762,1,0.339869,0.001920
1763,1,0.339749,0.001892
1764,1,0.339629,0.001861
1765,1,0.339507,0.001829
1766,1,0.339385,0.001795
1767,1,0.339262,0.001760
1768,1,0.339138,0.001724
1769,1,0.339013,0.001689
1770,1,0.338887,0.001653
1771,1,0.338761,0.001618
1772,1,0.338634,0.001584
1773,1,0.338506,0.001550
1774,1,0.338377,0.001517
1775,1,0.338247,0.001484
1776,1,0.338117,0.001453
1777,1,0.337986,0.001423
1778,1,0.337854,0.001393
1779,1,0.337722,0.001365
1780,1,0.337588,0.001338
1781,1,0.337454,0.001312
1782,1,0.337319,0.001286
1783,1,0.337184,0.001262
1784,1,0.337047,0.001239
1785,1,0.336910,0.001217
1786,1,0.336772,0.001196
1787,1,0.336634,0.001175
1788,1,0.336495,0.001156
1789,1,0.336354,0.001137
1790,1,0.336214,0.001119
1791,1,0.336072,0.001102
1792,1,0.335930,0.001086
1793,1,0.335787,0.001070
1794,1,0.335644,0.001055
1795,1,0.335499,0.001040
1796,1,0.335354,0.001026
1797,1,0.335209,0.001013
1798,1,0.335063,0.001000
1799,1,0.334916,0.000988
1800,1,0.334768,0.000976
1801,1,0.334620,0.000964
1802,1,0.334471,0.000953
1803,1,0.334321,0.000942
1804,1,0.334171,0.000932
1805,1,0.334020,0.000922
1806,1,0.333868,0.000912
1807,1,0.333716,0.000903
1808,1,0.333563,0.000894
1809,1,0.333410,0.000885
1810,1,0.333256,0.000877
1811,1,0.333101,0.000868
1812,1,0.332946,0.000860
1813,1,0.332790,0.000852
1814,1,0.332633,0.000844
1815,1,0.332476,0.000837
1816,1,0.332319,0.000830
1817,1,0.332160,0.000822
1818,1,0.332002,0.000815
1819,1,0.331842,0.000809
1820,1,0.331682,0.000802
1821,1,0.331522,0.000795
1822,1,0.331361,0.000789
1823,1,0.331199,0.000783
1824,1,0.331037,0.000776
1825,1,0.330874,0.000770
1826,1,0.330711,0.000764
1827,1,0.330547,0.000758
1828,1,0.330383,0.000753
1829,1,0.330218,0.000747
1830,1,0.330053,0.000741
1831,1,0.329887,0.000736
1832,1,0.329721,0.000730
1833,1,0.329554,0.000725
1834,1,0.329387,0.000720
1835,1,0.329219,0.000714
1836,1,0.329051,0.000709
1837,1,0.328882,0.000704
1838,1,0.328713,0.000699
1839,1,0.328544,0.000694
1840,1,0.328374,0.000689
1841,1,0.328203,0.000685
1842,1,0.328032,0.000680
1843,1,0.327861,0.000675
1844,1,0.327689,0.000671
1845,1,0.327517,0.000666
1846,1,0.327344,0.000661
1847,0,0.327171,0.000529
1848,1,0.327099,0.000423
1849,1,0.327026,0.000339
1850,1,0.326952,0.000271
1851,1,0.326877,0.000217
1852,1,0.326801,0.000173
1853,1,0.326725,0.000139
1854,1,0.326647,0.000111
1855,1,0.326569,0.000089
1856,1,0.326490,0.000071
1857,1,0.326409,0.000057
1858,1,0.326328,0.000045
1859,1,0.326246,0.000036
1860,1,0.326164,0.000029
1861,1,0.326080,0.000100
1862,1,0.325995,0.000223
1863,1,0.325910,0.000374
1864,1,0.325823,0.000539
1865,1,0.325736,0.000707
1866,1,0.325648,0.000868
1867,1,0.325559,0.001019
1868,1,0.325469,0.001156
1869,1,0.325378,0.001278
1870,1,0.325286,0.001384
1871,1,0.325194,0.001473
1872,1,0.325100,0.001547
1873,1,0.325006,0.001606
1874,1,0.324911,0.001652
1875,1,0.324815,0.001685
1876,1,0.324718,0.001708
1877,1,0.324621,0.001721
1878,1,0.324522,0.001726
1879,1,0.324423,0.001723
1880,1,0.324323,0.001714
1881,1,0.324222,0.001700
1882,1,0.324120,0.001682
1883,1,0.324017,0.001660
1884,1,0.323914,0.001635
1885,1,0.323809,0.001608
1886,1,0.323704,0.001579
1887,1,0.323598,0.001550
1888,1,0.323492,0.001519
1889,1,0.323384,0.001488
1890,1,0.323276,0.001457
1891,1,0.323167,0.001426
1892,1,0.323057,0.001395
1893,1,0.322946,0.001365
1894,1,0.322835,0.001335
1895,1,0.322723,0.001306
1896,1,0.322610,0.001278
1897,1,0.322496,0.001251
1898,1,0.322382,0.001224
1899,1,0.322266,0.001199
1900,1,0.322150,0.001174
1901,1,0.322034,0.001151
1902,1,0.321916,0.001128
1903,1,0.321798,0.001106
1904,1,0.321679,0.001085
1905,1,0.321560,0.001065
1906,1,0.321439,0.001046
1907,1,0.321318,0.001028
1908,1,0.321197,0.001011
1909,1,0.321074,0.000994
1910,1,0.320951,0.000978
1911,1,0.320827,0.000963
1912,1,0.320703,0.000948
1913,1,0.320578,0.000934
1914,1,0.320452,0.000921
1915,1,0.320325,0.000908
1916,1,0.320198,0.000896
1917,1,0.320070,0.000884
1918,1,0.319942,0.000872
1919,1,0.319813,0.000862
1920,1,0.319683,0.000851
1921,1,0.319553,0.000841
1922,1,0.319422,0.000832
1923,1,0.319290,0.000822
1924,1,0.319158,0.000813
1925,1,0.319025,0.000805
1926,1,0.318892,0.000796
1927,1,0.318758,0.000788
1928,1,0.318623,0.000781
1929,1,0.318488,0.000773
1930,1,0.318352,0.000766
1931,1,0.318215,0.000759
1932,1,0.318078,0.000752
1933,1,0.317941,0.000745
1934,1,0.317803,0.000739
1935,1,0.317664,0.000732
1936,1,0.317525,0.000726
1937,1,0.317385,0.000720
1938,1,0.317245,0.000714
1939,1,0.317104,0.000708
1940,1,0.316963,0.000703
1941,1,0.316821,0.000697
1942,1,0.316678,0.000692
1943,1,0.316535,0.000686
1944,1,0.316392,0.000681
1945,1,0.316248,0.000676
1946,1,0.316104,0.000671
1947,1,0.315959,0.000666
1948,1,0.315813,0.000661
1949,1,0.315667,0.000657
1950,1,0.315521,0.000652
1951,1,0.315374,0.000647
1952,1,0.315227,0.000643
1953,1,0.315079,0.000638
1954,1,0.314931,0.000634
1955,0,0.314782,0.000507
1956,1,0.314732,0.000406
1957,1,0.314680,0.000325
1958,1,0.314628,0.000260
1959,1,0.314575,0.000208
1960,1,0.314521,0.000166
1961,1,0.314466,0.000133
1962,1,0.314410,0.000106
1963,1,0.314354,0.000085
1964,1,0.314296,0.000068
1965,1,0.314237,0.000054
1966,1,0.314178,0.000044
1967,1,0.314118,0.000035
1968,1,0.314056,0.000028
1969,1,0.313994,0.000094
1970,1,0.313931,0.000212
1971,1,0.313867,0.000361
1972,1,0.313802,0.000524
1973,1,0.313736,0.000690
1974,1,0.313670,0.000850
1975,1,0.313602,0.001000
1976,1,0.313533,0.001137
1977,1,0.313464,0.001258
1978,1,0.313394,0.001363
1979,1,0.313323,0.001452
1980,1,0.313251,0.001526
1981,1,0.313178,0.001585
1982,1,0.313104,0.001630
1983,1,0.313029,0.001664
1984,1,0.312954,0.001686
1985,1,0.312878,0.001699
1986,1,0.312800,0.001704
1987,1,0.312722,0.001701
1988,1,0.312643,0.001693
1989,1,0.312564,0.001678
1990,1,0.312483,0.001660
1991,1,0.312402,0.001638
1992,1,0.312319,0.001613
1993,1,0.312236,0.001586
1994,1,0.312152,0.001558
1995,1,0.312068,0.001528
1996,1,0.311982,0.001498
1997,1,0.311896,0.001467
1998,1,0.311809,0.001436
1999,1,0.311721,0.001405
2000,1,0.311632,0.001374
2001,1,0.311542,0.001344
2002,1,0.311452,0.001314
2003,1,0.311361,0.001285
2004,1,0.311269,0.001257
2005,1,0.311176,0.001230
2006,1,0.311083,0.001204
2007,1,0.310988,0.001178
2008,1,0.310894,0.001154
2009,1,0.310798,0.001130
2010,1,0.310701,0.001108
2011,0,0.310604,0.000886
2012,1,0.310602,0.000709
2013,1,0.310599,0.000567
2014,1,0.310595,0.000454
2015,1,0.310590,0.000363
2016,1,0.310584,0.000290
2017,1,0.310576,0.000232
2018,1,0.310568,0.000186
2019,1,0.310558,0.000149
2020,1,0.310547,0.000119
2021,1,0.310535,0.000095
2022,1,0.310522,0.000076
2023,1,0.310508,0.000061
2024,1,0.310493,0.000100
2025,1,0.310477,0.000208
2026,1,0.310460,0.000357
2027,1,0.310441,0.000528
2028,1,0.310421,0.000707
2029,1,0.310401,0.000884
2030,1,0.310379,0.001052
2031,1,0.310356,0.001208
2032,0,0.310332,0.000966
2033,1,0.310399,0.000773
2034,1,0.310466,0.000618
2035,1,0.310531,0.000495
2036,1,0.310594,0.000396
2037,1,0.310657,0.000317
2038,1,0.310718,0.000253
2039,1,0.310777,0.000203
2040,1,0.310836,0.000162
2041,1,0.310893,0.000130
2042,1,0.310948,0.000104
2043,1,0.311002,0.000160
2044,1,0.311055,0.000304
2045,1,0.311107,0.000501
2046,1,0.311157,0.000726
2047,1,0.311206,0.000961
2048,1,0.311253,0.001193
2049,1,0.311299,0.001413
2050,1,0.311343,0.001617
2051,1,0.311386,0.001800
2052,1,0.311428,0.001961
2053,1,0.311468,0.002100
2054,1,0.311507,0.002216
2055,1,0.311544,0.002313
2056,1,0.311580,0.002389
2057,1,0.311615,0.002448
2058,1,0.311648,0.002491
2059,1,0.311679,0.002519
2060,1,0.311709,0.002535
2061,0,0.311738,0.002028
2062,1,0.311857,0.001622
2063,1,0.311974,0.001298
2064,1,0.312089,0.001038
2065,1,0.312203,0.000831
2066,1,0.312316,0.000664
2067,1,0.312427,0.000532
2068,1,0.312536,0.000425
2069,1,0.312644,0.000340
2070,1,0.312750,0.000272
2071,1,0.312855,0.000220
2072,1,0.312957,0.000292
2073,1,0.313058,0.000443
2074,1,0.313158,0.000643
2075,1,0.313256,0.000867
2076,1,0.313352,0.001100
2077,1,0.313446,0.001329
2078,1,0.313539,0.001546
2079,1,0.313630,0.001746
2080,1,0.313719,0.001926
2081,1,0.313806,0.002085
2082,1,0.313892,0.002222
2083,1,0.313976,0.002339
2084,1,0.314058,0.002435
2085,1,0.314138,0.002512
2086,1,0.314217,0.002572
2087,1,0.314293,0.002617
2088,1,0.314369,0.002647
2089,1,0.314442,0.002665
2090,1,0.314513,0.002673
2091,1,0.314583,0.002671
2092,1,0.314651,0.002660
2093,1,0.314717,0.002643
2094,1,0.314781,0.002621
2095,1,0.314844,0.002593
2096,1,0.314905,0.002562
2097,1,0.314964,0.002527
2098,1,0.315021,0.002490
2099,1,0.315076,0.002452
2100,1,0.315130,0.002412
2101,1,0.315182,0.002371
2102,1,0.315232,0.002330
2103,1,0.315280,0.002288
2104,1,0.315327,0.002247
2105,1,0.315371,0.002206
2106,1,0.315414,0.002165
2107,1,0.315455,0.002126
2108,1,0.315495,0.002087
2109,1,0.315533,0.002048
2110,1,0.315569,0.002011
2111,1,0.315603,0.001975
2112,1,0.315635,0.001940
2113,1,0.315666,0.001905
2114,1,0.315695,0.001872
2115,1,0.315722,0.001840
2116,1,0.315748,0.001809
2117,1,0.315771,0.001779
2118,1,0.315793,0.001750
2119,1,0.315814,0.001722
2120,1,0.315832,0.001695
2121,1,0.315849,0.001669
2122,1,0.315865,0.001644
2123,1,0.315878,0.001619
2124,1,0.315890,0.001596
2125,1,0.315901,0.001573
2126,1,0.315909,0.001551
2127,1,0.315916,0.001530
2128,1,0.315922,0.001509
2129,1,0.315925,0.001489
2130,1,0.315927,0.001470
2131,1,0.315928,0.001451
2132,1,0.315927,0.001433
2133,1,0.315924,0.001415
2134,1,0.315919,0.001398
2135,1,0.315913,0.001381
2136,1,0.315906,0.001365
2137,1,0.315897,0.001349
2138,1,0.315886,0.001334
2139,1,0.315874,0.001319
2140,1,0.315860,0.001305
2141,1,0.315845,0.001291
2142,1,0.315828,0.001277
2143,1,0.315810,0.001263
2144,1,0.315790,0.001250
2145,1,0.315768,0.001237
2146,1,0.315745,0.001225
2147,1,0.315721,0.001212
2148,1,0.315695,0.001200
2149,1,0.315668,0.001188
2150,1,0.315639,0.001177
2151,1,0.315609,0.001166
2152,1,0.315577,0.001154
2153,1,0.315544,0.001144
2154,1,0.315510,0.001133
2155,1,0.315474,0.001122
2156,1,0.315437,0.001112
2157,1,0.315398,0.001102
2158,1,0.315358,0.001092
2159,1,0.315316,0.001082
2160,1,0.315274,0.001073
2161,1,0.315229,0.001063
2162,1,0.315184,0.001054
2163,1,0.315137,0.001045
2164,1,0.315089,0.001036
2165,1,0.315039,0.001027
2166,1,0.314989,0.001018
2167,1,0.314937,0.001009
2168,1,0.314883,0.001001
2169,1,0.314829,0.000992
2170,1,0.314773,0.000984
2171,1,0.314715,0.000976
2172,1,0.314657,0.000968
2173,1,0.314597,0.000960
2174,1,0.314536,0.000952
2175,1,0.314474,0.000944
2176,1,0.314411,0.000937
2177,1,0.314346,0.000929
2178,1,0.314281,0.000922
2179,1,0.314214,0.000914
2180,1,0.314146,0.000907
2181,1,0.314077,0.000900
2182,1,0.314006,0.000893
2183,1,0.313935,0.000886
2184,1,0.313862,0.000879
2185,1,0.313788,0.000872
2186,1,0.313713,0.000866
2187,1,0.313637,0.000859
2188,1,0.313560,0.000852
2189,1,0.313482,0.000846
2190,1,0.313403,0.000839
2191,1,0.313322,0.000833
2192,1,0.313241,0.000827
2193,1,0.313158,0.000821
2194,1,0.313075,0.000815
2195,1,0.312990,0.000808
2196,1,0.312905,0.000802
2197,1,0.312818,0.000797
2198,1,0.312730,0.000791
2199,1,0.312642,0.000785
2200,1,0.312552,0.000779
2201,1,0.312462,0.000774
2202,1,0.312370,0.000768
2203,1,0.312278,0.000762
2204,1,0.312184,0.000757
2205,1,0.312090,0.000752
2206,1,0.311994,0.000746
2207,1,0.311898,0.000741
2208,1,0.311801,0.000736
2209,1,0.311703,0.000731
2210,1,0.311604,0.000725
2211,1,0.311504,0.000720
2212,1,0.311403,0.000715
2213,1,0.311301,0.000710
2214,1,0.311199,0.000705
2215,1,0.311096,0.000701
2216,1,0.310991,0.000696
2217,1,0.310886,0.000691
2218,1,0.310780,0.000686
2219,1,0.310674,0.000682
2220,1,0.310566,0.000677
2221,1,0.310458,0.000672
2222,1,0.310349,0.000668
2223,1,0.310239,0.000663
2224,1,0.310128,0.000659
2225,1,0.310016,0.000655
2226,1,0.309904,0.000650
2227,1,0.309791,0.000646
2228,1,0.309677,0.000642
2229,1,0.309563,0.000638
2230,1,0.309447,0.000633
2231,1,0.309331,0.000629
2232,1,0.309215,0.000625
2233,1,0.309097,0.000621
2234,1,0.308979,0.000617
2235,1,0.308860,0.000613
2236,1,0.308741,0.000609
2237,1,0.308620,0.000605
2238,1,0.308500,0.000601
2239,1,0.308378,0.000598
2240,1,0.308256,0.000594
2241,1,0.308133,0.000590
2242,1,0.308009,0.000586
2243,1,0.307885,0.000583
2244,1,0.307760,0.000579
2245,1,0.307635,0.000575
2246,1,0.307509,0.000572
2247,1,0.307382,0.000568
2248,1,0.307255,0.000565
2249,1,0.307127,0.000561
2250,1,0.306999,0.000558
2251,1,0.306870,0.000554
2252,1,0.306740,0.000551
2253,1,0.306610,0.000548
2254,1,0.306479,0.000544
2255,1,0.306348,0.000541
2256,1,0.306216,0.000538
2257,1,0.306083,0.000535
2258,1,0.305950,0.000531
2259,1,0.305817,0.000528
2260,1,0.305683,0.000525
2261,1,0.305548,0.000522
2262,1,0.305413,0.000519
2263,1,0.305278,0.000516
2264,1,0.305142,0.000513
2265,1,0.305005,0.000510
2266,1,0.304868,0.000507
2267,1,0.304731,0.000504
2268,1,0.304593,0.000501
2269,1,0.304454,0.000498
2270,1,0.304315,0.000495
2271,1,0.304176,0.000492
2272,1,0.304036,0.000489
2273,1,0.303896,0.000487
2274,1,0.303755,0.000484
2275,1,0.303614,0.000481
2276,1,0.303472,0.000478
2277,1,0.303330,0.000476
2278,1,0.303188,0.000473
2279,1,0.303045,0.000470
2280,1,0.302902,0.000468
2281,1,0.302758,0.000465
2282,1,0.302614,0.000462
2283,1,0.302470,0.000460
2284,1,0.302325,0.000457
2285,1,0.302180,0.000455
2286,1,0.302034,0.000452
2287,1,0.301888,0.000450
2288,1,0.301742,0.000447
2289,1,0.301596,0.000445
2290,1,0.301449,0.000442
2291,1,0.301301,0.000440
2292,1,0.301154,0.000438
2293,1,0.301006,0.000435
2294,1,0.300857,0.000433
2295,1,0.300709,0.000431
2296,1,0.300560,0.000428
2297,1,0.300410,0.000426
2298,1,0.300261,0.000424
2299,1,0.300111,0.000421
2300,1,0.299961,0.000419
2301,1,0.299810,0.000417
2302,1,0.299659,0.000415
2303,1,0.299508,0.000413
2304,1,0.299357,0.000410
2305,1,0.299205,0.000408
2306,1,0.299053,0.000406
2307,1,0.298901,0.000404
2308,1,0.298749,0.000402
2309,1,0.298596,0.000400
2310,1,0.298443,0.000398
2311,1,0.298290,0.000396
2312,1,0.298136,0.000394
2313,1,0.297983,0.000392
2314,1,0.297829,0.000390
2315,1,0.297674,0.000388
2316,1,0.297520,0.000386
2317,1,0.297365,0.000384
2318,1,0.297210,0.000382
2319,1,0.297055,0.000380
2320,1,0.296900,0.000378
2321,1,0.296745,0.000376
2322,1,0.296589,0.000374
2323,1,0.296433,0.000372
2324,1,0.296277,0.000370
2325,1,0.296121,0.000369
2326,1,0.295964,0.000367
2327,1,0.295807,0.000365
2328,1,0.295651,0.000363
2329,1,0.295493,0.000361
2330,1,0.295336,0.000360
2331,1,0.295179,0.000358
2332,1,0.295021,0.000356
2333,1,0.294864,0.000354
2334,1,0.294706,0.000353
2335,1,0.294548,0.000351
2336,1,0.294389,0.000349
2337,1,0.294231,0.000347
2338,1,0.294073,0.000346
2339,1,0.293914,0.000344
2340,1,0.293755,0.000342
2341,1,0.293596,0.000341
2342,1,0.293437,0.000339
2343,1,0.293278,0.000338
2344,1,0.293119,0.000336
2345,1,0.292959,0.000334
2346,1,0.292800,0.000333
2347,1,0.292640,0.000331
2348,1,0.292481,0.000330
2349,1,0.292321,0.000328
2350,1,0.292161,0.000327
2351,1,0.292001,0.000325
2352,1,0.291840,0.000324
2353,1,0.291680,0.000322
2354,1,0.291520,0.000321
2355,1,0.291359,0.000319
2356,1,0.291199,0.000318
2357,1,0.291038,0.000316
2358,1,0.290877,0.000315
2359,1,0.290717,0.000313
2360,1,0.290556,0.000312
2361,1,0.290395,0.000310
2362,1,0.290234,0.000309
2363,1,0.290073,0.000308
2364,1,0.289912,0.000306
2365,1,0.289750,0.000305
2366,1,0.289589,0.000303
2367,1,0.289428,0.000302
2368,1,0.289266,0.000301
2369,1,0.289105,0.000299
2370,1,0.288943,0.000298
2371,1,0.288782,0.000297
2372,1,0.288620,0.000295
2373,1,0.288459,0.000294
2374,1,0.288297,0.000293
2375,1,0.288135,0.000291
2376,1,0.287974,0.000290
2377,1,0.287812,0.000289
2378,1,0.287650,0.000288
2379,1,0.287488,0.000286
2380,1,0.287326,0.000285
2381,1,0.287164,0.000284
2382,1,0.287002,0.000283
2383,1,0.286841,0.000281
2384,1,0.286679,0.000280
2385,1,0.286517,0.000279
2386,1,0.286355,0.000278
2387,1,0.286193,0.000276
2388,1,0.286031,0.000275
2389,1,0.285869,0.000274
2390,1,0.285707,0.000273
2391,1,0.285545,0.000272
2392,1,0.285383,0.000271
2393,1,0.285221,0.000269
2394,1,0.285059,0.000268
2395,1,0.284897,0.000267
2396,1,0.284735,0.000266
2397,1,0.284573,0.000265
2398,1,0.284411,0.000264
2399,1,0.284249,0.000263
2400,1,0.284087,0.000262
2401,1,0.283926,0.000261
2402,1,0.283764,0.000259
2403,1,0.283602,0.000258
2404,1,0.283440,0.000257
2405,1,0.283278,0.000256
2406,1,0.283116,0.000255
2407,1,0.282955,0.000254
2408,1,0.282793,0.000253
2409,1,0.282631,0.000252
2410,1,0.282470,0.000251
2411,1,0.282308,0.000250
2412,1,0.282147,0.000249
2413,1,0.281985,0.000248
2414,1,0.281824,0.000247
2415,1,0.281662,0.000246
2416,1,0.281501,0.000245
2417,1,0.281340,0.000244
2418,1,0.281178,0.000243
2419,1,0.281017,0.000242
2420,1,0.280856,0.000241
2421,1,0.280695,0.000240
2422,1,0.280534,0.000239
2423,1,0.280373,0.000238
2424,1,0.280212,0.000237
2425,1,0.280051,0.000236
2426,1,0.279890,0.000235
2427,1,0.279729,0.000234
2428,1,0.279569,0.000233
2429,1,0.279408,0.000232
2430,1,0.279247,0.000232
2431,1,0.279087,0.000231
2432,1,0.278927,0.000230
2433,1,0.278766,0.000229
2434,1,0.278606,0.000228
2435,1,0.278446,0.000227
2436,1,0.278286,0.000226
2437,1,0.278126,0.000225
2438,1,0.277966,0.000224
2439,1,0.277806,0.000224
2440,1,0.277646,0.000223
2441,1,0.277486,0.000222
2442,1,0.277326,0.000221
2443,1,0.277167,0.000220
2444,1,0.277007,0.000219
2445,1,0.276848,0.000218
2446,1,0.276689,0.000218
2447,1,0.276529,0.000217
2448,1,0.276370,0.000216
2449,1,0.276211,0.000215
2450,1,0.276052,0.000214
2451,1,0.275893,0.000213
2452,1,0.275735,0.000213
2453,1,0.275576,0.000212
2454,1,0.275417,0.000211
2455,1,0.275259,0.000210
2456,1,0.275101,0.000209
2457,1,0.274942,0.000209
2458,1,0.274784,0.000208
2459,1,0.274626,0.000207
2460,1,0.274468,0.000206
2461,1,0.274310,0.000206
2462,1,0.274152,0.000205
2463,1,0.273995,0.000204
2464,1,0.273837,0.000203
2465,1,0.273680,0.000203
2466,1,0.273522,0.000202
2467,1,0.273365,0.000201
2468,1,0.273208,0.000200
2469,1,0.273051,0.000200
2470,1,0.272894,0.000199
2471,1,0.272737,0.000198
2472,1,0.272581,0.000197
2473,1,0.272424,0.000197
2474,1,0.272268,0.000196
2475,1,0.272111,0.000195
2476,1,0.271955,0.000195
2477,1,0.271799,0.000194
2478,1,0.271643,0.000193
2479,1,0.271487,0.000193
2480,1,0.271331,0.000192
2481,1,0.271176,0.000191
2482,1,0.271020,0.000190
2483,1,0.270865,0.000190
2484,1,0.270710,0.000189
2485,1,0.270554,0.000188
2486,1,0.270399,0.000188
2487,1,0.270245,0.000187
2488,1,0.270090,0.000186
2489,1,0.269935,0.000186
2490,1,0.269781,0.000185
2491,1,0.269626,0.000184
2492,1,0.269472,0.000184
2493,1,0.269318,0.000183
2494,1,0.269164,0.000183
2495,1,0.269010,0.000182
2496,1,0.268856,0.000181
2497,1,0.268703,0.000181
2498,1,0.268549,0.000180
2499,1,0.268396,0.000179
2500,1,0.268243,0.000179
2501,1,0.268090,0.000178
2502,1,0.267937,0.000178
2503,1,0.267784,0.000177
2504,1,0.267631,0.000176
2505,1,0.267479,0.000176
2506,1,0.267326,0.000175
2507,1,0.267174,0.000174
2508,1,0.267022,0.000174
2509,1,0.266870,0.000173
2510,1,0.266718,0.000173
2511,1,0.266566,0.000172
2512,1,0.266415,0.000172
2513,1,0.266263,0.000171
2514,1,0.266112,0.000170
2515,1,0.265961,0.000170
2516,1,0.265810,0.000169
2517,1,0.265659,0.000169
2518,1,0.265508,0.000168
2519,1,0.265358,0.000168
2520,1,0.265207,0.000167
2521,1,0.265057,0.000166
2522,1,0.264907,0.000166
2523,1,0.264757,0.000165
2524,1,0.264607,0.000165
2525,1,0.264457,0.000164
2526,1,0.264307,0.000164
2527,1,0.264158,0.000163
2528,1,0.264009,0.000163
2529,1,0.263860,0.000162
2530,1,0.263711,0.000162
2531,1,0.263562,0.000161
2532,1,0.263413,0.000160
2533,1,0.263264,0.000160
2534,1,0.263116,0.000159
2535,1,0.262968,0.000159
2536,1,0.262820,0.000158
2537,1,0.262672,0.000158
2538,1,0.262524,0.000157
2539,1,0.262376,0.000157
2540,1,0.262229,0.000156
2541,1,0.262081,0.000156
2542,1,0.261934,0.000155
2543,1,0.261787,0.000155
2544,1,0.261640,0.000154
2545,1,0.261493,0.000154
2546,1,0.261347,0.000153
2547,1,0.261200,0.000153
2548,1,0.261054,0.000152
2549,1,0.260908,0.000152
2550,1,0.260762,0.000151
2551,1,0.260616,0.000151
2552,1,0.260470,0.000150
2553,1,0.260325,0.000150
2554,1,0.260180,0.000149
2555,1,0.260034,0.000149
2556,1,0.259889,0.000149
2557,1,0.259744,0.000148
2558,1,0.259600,0.000148
2559,1,0.259455,0.000147
2560,1,0.259310,0.000147
2561,1,0.259166,0.000146
2562,1,0.259022,0.000146
2563,1,0.258878,0.000145
2564,1,0.258734,0.000145
2565,1,0.258591,0.000144
2566,1,0.258447,0.000144
2567,1,0.258304,0.000143
2568,1,0.258160,0.000143
2569,1,0.258017,0.000143
2570,1,0.257874,0.000142
2571,1,0.257732,0.000142
2572,1,0.257589,0.000141
2573,1,0.257447,0.000141
2574,1,0.257304,0.000140
2575,1,0.257162,0.000140
2576,1,0.257020,0.000140
2577,1,0.256879,0.000139
2578,1,0.256737,0.000139
2579,1,0.256595,0.000138
2580,1,0.256454,0.000138
2581,1,0.256313,0.000137
2582,1,0.256172,0.000137
2583,1,0.256031,0.000137
2584,1,0.255890,0.000136
2585,1,0.255750,0.000136
2586,1,0.255609,0.000135
2587,1,0.255469,0.000135
2588,1,0.255329,0.000135
2589,1,0.255189,0.000134
2590,1,0.255050,0.000134
2591,1,0.254910,0.000133
2592,1,0.254770,0.000133
2593,1,0.254631,0.000133
2594,1,0.254492,0.000132
2595,1,0.254353,0.000132
2596,1,0.254214,0.000131
2597,1,0.254076,0.000131
2598,1,0.253937,0.000131
2599,1,0.253799,0.000130
2600,1,0.253661,0.000130
2601,1,0.253523,0.000129
2602,1,0.253385,0.000129
2603,1,0.253247,0.000129
2604,1,0.253110,0.000128
2605,1,0.252972,0.000128
2606,1,0.252835,0.000128
2607,1,0.252698,0.000127
2608,1,0.252561,0.000127
2609,1,0.252424,0.000126
2610,1,0.252288,0.000126
2611,1,0.252152,0.000126
2612,1,0.252015,0.000125
2613,1,0.251879,0.000125
2614,1,0.251743,0.000125
2615,1,0.251607,0.000124
2616,1,0.251472,0.000124
2617,1,0.251336,0.000124
2618,1,0.251201,0.000123
2619,1,0.251066,0.000123
2620,1,0.250931,0.000123
2621,1,0.250796,0.000122
2622,1,0.250662,0.000122
2623,1,0.250527,0.000121
2624,1,0.250393,0.000121
2625,1,0.250259,0.000121
2626,1,0.250124,0.000120
2627,1,0.249991,0.000120
2628,1,0.249857,0.000120
2629,1,0.249723,0.000119
2630,1,0.249590,0.000119
2631,1,0.249457,0.000119
2632,1,0.249324,0.000118
2633,1,0.249191,0.000118
2634,1,0.249058,0.000118
2635,1,0.248925,0.000117
2636,1,0.248793,0.000117
2637,1,0.248661,0.000117
2638,1,0.248529,0.000116
2639,1,0.248397,0.000116
2640,1,0.248265,0.000116
2641,1,0.248133,0.000115
2642,1,0.248002,0.000115
2643,1,0.247870,0.000115
2644,1,0.247739,0.000114
2645,1,0.247608,0.000114
2646,1,0.247477,0.000114
2647,1,0.247347,0.000114
2648,1,0.247216,0.000113
2649,1,0.247086,0.000113
2650,1,0.246955,0.000113
2651,1,0.246825,0.000112
2652,1,0.246696,0.000112
2653,1,0.246566,0.000112
2654,1,0.246436,0.000111
2655,1,0.246307,0.000111
2656,1,0.246177,0.000111
2657,1,0.246048,0.000110
2658,1,0.245919,0.000110
2659,1,0.245791,0.000110
2660,1,0.245662,0.000110
2661,1,0.245533,0.000109
2662,1,0.245405,0.000109
2663,1,0.245277,0.000109
2664,1,0.245149,0.000108
2665,1,0.245021,0.000108
2666,1,0.244893,0.000108
2667,1,0.244766,0.000108
2668,1,0.244638,0.000107
2669,1,0.244511,0.000107
2670,1,0.244384,0.000107
2671,1,0.244257,0.000106
2672,1,0.244130,0.000106
2673,1,0.244003,0.000106
2674,1,0.243877,0.000106
2675,1,0.243751,0.000105
2676,1,0.243625,0.000105
2677,1,0.243499,0.000105
2678,1,0.243373,0.000104
2679,1,0.243247,0.000104
2680,1,0.243121,0.000104
2681,1,0.242996,0.000104
2682,1,0.242871,0.000103
2683,1,0.242746,0.000103
2684,1,0.242621,0.000103
2685,1,0.242496,0.000103
2686,1,0.242371,0.000102
2687,1,0.242247,0.000102
2688,1,0.242122,0.000102
2689,1,0.241998,0.000101
2690,1,0.241874,0.000101
2691,1,0.241750,0.000101
2692,1,0.241627,0.000101
2693,1,0.241503,0.000100
2694,1,0.241380,0.000100
2695,1,0.241256,0.000100
2696,1,0.241133,0.000100
2697,1,0.241010,0.000099
2698,1,0.240888,0.000099
2699,1,0.240765,0.000099
2700,1,0.240642,0.000099
2701,1,0.240520,0.000098
2702,1,0.240398,0.000098
2703,1,0.240276,0.000098
2704,1,0.240154,0.000098
2705,1,0.240032,0.000097
2706,1,0.239911,0.000097
2707,1,0.239789,0.000097
2708,1,0.239668,0.000097
2709,1,0.239547,0.000096
2710,1,0.239426,0.000096
2711,1,0.239305,0.000096
2712,1,0.239184,0.000096
2713,1,0.239064,0.000095
2714,1,0.238943,0.000095
2715,1,0.238823,0.000095
2716,1,0.238703,0.000095
2717,1,0.238583,0.000094
2718,1,0.238463,0.000094
2719,1,0.238343,0.000094
2720,1,0.238224,0.000094
2721,1,0.238105,0.000093
2722,1,0.237985,0.000093
2723,1,0.237866,0.000093
2724,1,0.237747,0.000093
2725,1,0.237629,0.000093
2726,1,0.237510,0.000092
2727,1,0.237391,0.000092
2728,1,0.237273,0.000092
2729,1,0.237155,0.000092
2730,1,0.237037,0.000091
2731,1,0.236919,0.000091
2732,1,0.236801,0.000091
2733,1,0.236684,0.000091
2734,1,0.236566,0.000091
2735,1,0.236449,0.000090
2736,1,0.236332,0.000090
2737,1,0.236215,0.000090
2738,1,0.236098,0.000090
2739,1,0.235981,0.000089
2740,1,0.235864,0.000089
2741,1,0.235748,0.000089
2742,1,0.235632,0.000089
2743,1,0.235516,0.000089
2744,0,0.235400,0.000071
2745,1,0.235367,0.000057
2746,1,0.235334,0.000045
2747,1,0.235301,0.000036
2748,1,0.235267,0.000029
2749,1,0.235233,0.000023
2750,1,0.235198,0.000019
2751,1,0.235163,0.000015
2752,1,0.235127,0.000012
2753,1,0.235091,0.000010
2754,1,0.235054,0.000008
2755,1,0.235017,0.000006
2756,1,0.234979,0.000005
2757,1,0.234941,0.000004
2758,1,0.234903,0.000003
2759,1,0.234864,0.000029
2760,1,0.234825,0.000108
2761,1,0.234785,0.000219
2762,1,0.234745,0.000345
2763,1,0.234704,0.000476
2764,1,0.234663,0.000604
2765,1,0.234622,0.000724
2766,1,0.234580,0.000833
2767,1,0.234538,0.000928
2768,1,0.234495,0.001009
2769,1,0.234452,0.001076
2770,1,0.234409,0.001130
2771,1,0.234365,0.001171
2772,1,0.234321,0.001200
2773,1,0.234276,0.001219
2774,1,0.234231,0.001229
2775,1,0.234186,0.001230
2776,1,0.234140,0.001224
2777,1,0.234094,0.001213
2778,1,0.234047,0.001196
2779,1,0.234001,0.001175
2780,1,0.233953,0.001151
2781,1,0.233906,0.001124
2782,1,0.233858,0.001095
2783,1,0.233809,0.001065
2784,1,0.233761,0.001034
2785,1,0.233712,0.001003
2786,1,0.233662,0.000971
2787,1,0.233613,0.000939
2788,1,0.233563,0.000908
2789,1,0.233512,0.000877
2790,1,0.233461,0.000847
2791,1,0.233410,0.000818
2792,1,0.233359,0.000790
2793,1,0.233307,0.000762
2794,1,0.233255,0.000736
2795,1,0.233203,0.000711
2796,1,0.233150,0.000687
2797,1,0.233097,0.000665
2798,1,0.233044,0.000643
2799,1,0.232990,0.000622
2800,1,0.232936,0.000603
2801,1,0.232882,0.000584
2802,1,0.232827,0.000567
2803,1,0.232773,0.000550
2804,1,0.232718,0.000535
2805,1,0.232662,0.000520
2806,1,0.232606,0.000506
2807,1,0.232550,0.000493
2808,1,0.232494,0.000481
2809,1,0.232438,0.000470
2810,1,0.232381,0.000459
2811,1,0.232324,0.000449
2812,1,0.232266,0.000440
2813,1,0.232208,0.000431
2814,1,0.232151,0.000422
2815,1,0.232092,0.000414
2816,1,0.232034,0.000407
2817,1,0.231975,0.000400
2818,1,0.231916,0.000394
2819,1,0.231857,0.000387
2820,1,0.231797,0.000382
2821,1,0.231738,0.000376
2822,1,0.231678,0.000371
2823,1,0.231617,0.000366
2824,1,0.231557,0.000362
2825,1,0.231496,0.000357
2826,1,0.231435,0.000353
2827,1,0.231374,0.000349
2828,1,0.231313,0.000346
2829,1,0.231251,0.000342
2830,1,0.231189,0.000339
2831,1,0.231127,0.000336
2832,1,0.231064,0.000333
2833,1,0.231002,0.000330
2834,1,0.230939,0.000327
2835,1,0.230876,0.000324
2836,1,0.230813,0.000322
2837,1,0.230749,0.000319
2838,1,0.230686,0.000317
2839,1,0.230622,0.000315
2840,1,0.230558,0.000313
2841,1,0.230493,0.000311
2842,1,0.230429,0.000309
2843,1,0.230364,0.000307
2844,1,0.230299,0.000305
2845,1,0.230234,0.000303
2846,1,0.230169,0.000301
2847,1,0.230103,0.000299
2848,1,0.230038,0.000298
2849,1,0.229972,0.000296
2850,1,0.229906,0.000294
2851,1,0.229839,0.000293
2852,1,0.229773,0.000291
2853,1,0.229706,0.000290
2854,1,0.229640,0.000288
2855,1,0.229573,0.000287
2856,1,0.229505,0.000285
2857,1,0.229438,0.000284
2858,1,0.229371,0.000283
2859,1,0.229303,0.000281
2860,1,0.229235,0.000280
2861,1,0.229167,0.000279
2862,1,0.229099,0.000277
2863,1,0.229031,0.000276
2864,1,0.228962,0.000275
2865,1,0.228894,0.000274
2866,1,0.228825,0.000272
2867,1,0.228756,0.000271
2868,1,0.228687,0.000270
2869,1,0.228617,0.000269
2870,1,0.228548,0.000268
2871,1,0.228478,0.000266
2872,1,0.228409,0.000265
2873,1,0.228339,0.000264
2874,1,0.228269,0.000263
2875,1,0.228199,0.000262
2876,1,0.228128,0.000261
2877,1,0.228058,0.000260
2878,1,0.227987,0.000258
2879,1,0.227917,0.000257
2880,1,0.227846,0.000256
2881,1,0.227775,0.000255
2882,1,0.227704,0.000254
2883,1,0.227633,0.000253
2884,1,0.227561,0.000252
2885,1,0.227490,0.000251
2886,1,0.227418,0.000250
2887,1,0.227347,0.000249
2888,1,0.227275,0.000248
2889,1,0.227203,0.000247
2890,1,0.227131,0.000246
2891,1,0.227059,0.000245
2892,1,0.226986,0.000244
2893,1,0.226914,0.000243
2894,1,0.226841,0.000242
2895,1,0.226769,0.000241
2896,1,0.226696,0.000240
2897,1,0.226623,0.000239
2898,1,0.226550,0.000238
2899,1,0.226477,0.000237
2900,1,0.226404,0.000236
2901,1,0.226331,0.000235
2902,1,0.226257,0.000234
2903,1,0.226184,0.000233
2904,1,0.226110,0.000232
2905,1,0.226037,0.000231
2906,1,0.225963,0.000231
2907,1,0.225889,0.000230
2908,1,0.225815,0.000229
2909,1,0.225741,0.000228
2910,1,0.225667,0.000227
2911,1,0.225593,0.000226
2912,1,0.225518,0.000225
2913,1,0.225444,0.000224
2914,1,0.225370,0.000223
2915,1,0.225295,0.000223
2916,1,0.225220,0.000222
2917,1,0.225146,0.000221
2918,1,0.225071,0.000220
2919,1,0.224996,0.000219
2920,1,0.224921,0.000218
2921,1,0.224846,0.000217
2922,1,0.224771,0.000217
2923,1,0.224696,0.000216
2924,1,0.224621,0.000215
2925,1,0.224545,0.000214
2926,1,0.224470,0.000213
2927,1,0.224394,0.000213
2928,1,0.224319,0.000212
2929,1,0.224243,0.000211
2930,1,0.224168,0.000210
2931,0,0.224092,0.000168
2932,1,0.224094,0.000134
2933,1,0.224096,0.000108
2934,1,0.224097,0.000086
2935,1,0.224098,0.000069
2936,1,0.224098,0.000055
2937,1,0.224098,0.000044
2938,1,0.224097,0.000035
2939,1,0.224096,0.000028
2940,1,0.224094,0.000023
2941,1,0.224092,0.000018
2942,1,0.224089,0.000014
2943,1,0.224085,0.000012
2944,1,0.224081,0.000009
2945,1,0.224077,0.000007
2946,1,0.224072,0.000061
2947,1,0.224066,0.000161
2948,1,0.224060,0.000288
2949,1,0.224053,0.000426
2950,1,0.224046,0.000566
2951,1,0.224039,0.000701
2952,1,0.224031,0.000827
2953,1,0.224022,0.000939
2954,1,0.224013,0.001038
2955,1,0.224004,0.001122
2956,1,0.223994,0.001191
2957,1,0.223983,0.001247
2958,1,0.223972,0.001290
2959,1,0.223961,0.001321
2960,1,0.223949,0.001342
2961,1,0.223936,0.001353
2962,1,0.223923,0.001356
2963,1,0.223910,0.001352
2964,1,0.223896,0.001342
2965,1,0.223882,0.001326
2966,1,0.223867,0.001307
2967,1,0.223852,0.001284
2968,1,0.223836,0.001258
2969,1,0.223820,0.001231
2970,1,0.223803,0.001202
2971,1,0.223786,0.001172
2972,1,0.223769,0.001141
2973,1,0.223751,0.001110
2974,1,0.223732,0.001079
2975,1,0.223714,0.001048
2976,1,0.223694,0.001018
2977,1,0.223675,0.000988
2978,1,0.223655,0.000960
2979,1,0.223634,0.000932
2980,1,0.223613,0.000905
2981,1,0.223592,0.000879
2982,1,0.223570,0.000854
2983,1,0.223548,0.000830
2984,1,0.223525,0.000807
2985,1,0.223502,0.000785
2986,1,0.223478,0.000764
2987,1,0.223455,0.000744
2988,1,0.223430,0.000726
2989,1,0.223406,0.000708
2990,1,0.223381,0.000691
2991,1,0.223355,0.000675
2992,1,0.223329,0.000660
2993,1,0.223303,0.000645
2994,1,0.223276,0.000632
2995,1,0.223249,0.000619
2996,1,0.223222,0.000607
2997,1,0.223194,0.000596
2998,1,0.223166,0.000585
2999,1,0.223137,0.000575
3000,1,0.223108,0.000565
3001,1,0.223079,0.000556
3002,1,0.223049,0.000547
3003,1,0.223019,0.000539
3004,1,0.222989,0.000531
3005,1,0.222958,0.000524
3006,1,0.222927,0.000517
3007,1,0.222895,0.000510
3008,1,0.222864,0.000504
3009,1,0.222831,0.000498
3010,1,0.222799,0.000492
3011,1,0.222766,0.000487
3012,1,0.222733,0.000482
3013,1,0.222699,0.000477
3014,1,0.222665,0.000472
3015,1,0.222631,0.000468
3016,1,0.222596,0.000463
3017,1,0.222562,0.000459
3018,1,0.222526,0.000455
3019,1,0.222491,0.000451
3020,1,0.222455,0.000448
3021,1,0.222419,0.000444
3022,1,0.222382,0.000441
3023,1,0.222345,0.000437
3024,1,0.222308,0.000434
3025,1,0.222271,0.000431
3026,1,0.222233,0.000428
3027,1,0.222195,0.000425
3028,1,0.222156,0.000422
3029,1,0.222118,0.000419
3030,1,0.222079,0.000416
3031,1,0.222039,0.000414
3032,1,0.222000,0.000411
3033,1,0.221960,0.000409
3034,1,0.221919,0.000406
3035,1,0.221879,0.000404
3036,1,0.221838,0.000401
3037,1,0.221797,0.000399
3038,1,0.221756,0.000397
3039,1,0.221714,0.000394
3040,1,0.221672,0.000392
3041,1,0.221630,0.000390
3042,1,0.221588,0.000388
3043,1,0.221545,0.000386
3044,1,0.221502,0.000384
3045,1,0.221458,0.000381
3046,1,0.221415,0.000379
3047,1,0.221371,0.000377
3048,1,0.221327,0.000375
3049,1,0.221283,0.000373
3050,1,0.221238,0.000371
3051,1,0.221193,0.000370
3052,1,0.221148,0.000368
3053,1,0.221103,0.000366
3054,1,0.221057,0.000364
3055,1,0.221011,0.000362
3056,1,0.220965,0.000360
3057,1,0.220919,0.000358
3058,1,0.220872,0.000357
3059,1,0.220825,0.000355
3060,1,0.220778,0.000353
3061,1,0.220731,0.000351
3062,1,0.220684,0.000350
3063,1,0.220636,0.000348
3064,1,0.220588,0.000346
3065,1,0.220540,0.000344
3066,1,0.220491,0.000343
3067,1,0.220442,0.000341
3068,1,0.220393,0.000339
3069,1,0.220344,0.000338
3070,1,0.220295,0.000336
3071,1,0.220245,0.000335
3072,1,0.220196,0.000333
3073,1,0.220146,0.000331
3074,1,0.220095,0.000330
3075,1,0.220045,0.000328
3076,1,0.219994,0.000327
3077,1,0.219944,0.000325
3078,1,0.219893,0.000324
3079,1,0.219841,0.000322
3080,1,0.219790,0.000321
3081,1,0.219738,0.000319
3082,1,0.219686,0.000318
3083,1,0.219634,0.000316
3084,1,0.219582,0.000315
3085,1,0.219530,0.000313
3086,1,0.219477,0.000312
3087,1,0.219424,0.000310
3088,1,0.219371,0.000309
3089,1,0.219318,0.000308
3090,1,0.219265,0.000306
3091,1,0.219211,0.000305
3092,1,0.219158,0.000303
3093,1,0.219104,0.000302
3094,1,0.219050,0.000301
3095,1,0.218996,0.000299
3096,1,0.218941,0.000298
3097,1,0.218887,0.000297
3098,1,0.218832,0.000295
3099,1,0.218777,0.000294
3100,1,0.218722,0.000293
3101,1,0.218666,0.000291
3102,1,0.218611,0.000290
3103,1,0.218555,0.000289
3104,1,0.218500,0.000288
3105,1,0.218444,0.000286
3106,1,0.218388,0.000285
3107,1,0.218332,0.000284
3108,1,0.218275,0.000283
3109,1,0.218219,0.000281
3110,1,0.218162,0.000280
3111,1,0.218105,0.000279
3112,1,0.218048,0.000278
3113,1,0.217991,0.000277
3114,1,0.217934,0.000275
3115,1,0.217876,0.000274
3116,1,0.217819,0.000273
3117,1,0.217761,0.000272
3118,1,0.217703,0.000271
3119,1,0.217645,0.000270
3120,1,0.217587,0.000268
3121,1,0.217529,0.000267
3122,1,0.217471,0.000266
3123,1,0.217412,0.000265
3124,1,0.217353,0.000264
3125,1,0.217295,0.000263
3126,1,0.217236,0.000262
3127,1,0.217177,0.000261
3128,1,0.217117,0.000259
3129,1,0.217058,0.000258
3130,1,0.216999,0.000257
3131,1,0.216939,0.000256
3132,1,0.216879,0.000255
3133,1,0.216820,0.000254
3134,1,0.216760,0.000253
3135,1,0.216700,0.000252
3136,1,0.216640,0.000251
3137,1,0.216579,0.000250
3138,1,0.216519,0.000249
3139,1,0.216459,0.000248
3140,1,0.216398,0.000247
3141,1,0.216337,0.000246
3142,1,0.216276,0.000245
3143,1,0.216216,0.000244
3144,1,0.216154,0.000243
3145,1,0.216093,0.000242
3146,1,0.216032,0.000241
3147,1,0.215971,0.000240
3148,1,0.215909,0.000239
3149,1,0.215848,0.000238
3150,1,0.215786,0.000237
3151,1,0.215724,0.000236
3152,1,0.215663,0.000235
3153,1,0.215601,0.000234
3154,1,0.215539,0.000233
3155,1,0.215476,0.000232
3156,1,0.215414,0.000232
3157,1,0.215352,0.000231
3158,1,0.215290,0.000230
3159,1,0.215227,0.000229
3160,1,0.215165,0.000228
3161,1,0.215102,0.000227
3162,1,0.215039,0.000226
3163,1,0.214976,0.000225
3164,1,0.214913,0.000224
3165,1,0.214850,0.000224
3166,1,0.214787,0.000223
3167,1,0.214724,0.000222
3168,1,0.214661,0.000221
3169,1,0.214597,0.000220
3170,1,0.214534,0.000219
3171,1,0.214471,0.000218
3172,1,0.214407,0.000218
3173,1,0.214343,0.000217
3174,1,0.214280,0.000216
3175,1,0.214216,0.000215
3176,1,0.214152,0.000214
3177,1,0.214088,0.000214
3178,1,0.214024,0.000213
3179,1,0.213960,0.000212
3180,1,0.213896,0.000211
3181,1,0.213832,0.000210
3182,1,0.213767,0.000210
3183,1,0.213703,0.000209
3184,1,0.213639,0.000208
3185,1,0.213574,0.000207
3186,1,0.213510,0.000206
3187,1,0.213445,0.000206
3188,1,0.213380,0.000205
3189,1,0.213316,0.000204
3190,1,0.213251,0.000203
3191,1,0.213186,0.000203
3192,1,0.213121,0.000202
3193,1,0.213056,0.000201
3194,1,0.212991,0.000200
3195,1,0.212926,0.000200
3196,1,0.212861,0.000199
3197,1,0.212796,0.000198
3198,1,0.212731,0.000197
3199,1,0.212665,0.000197
3200,1,0.212600,0.000196
3201,1,0.212535,0.000195
3202,1,0.212469,0.000195
3203,1,0.212404,0.000194
3204,1,0.212338,0.000193
3205,1,0.212273,0.000193
3206,1,0.212207,0.000192
3207,1,0.212142,0.000191
3208,1,0.212076,0.000190
3209,1,0.212010,0.000190
3210,1,0.211944,0.000189
3211,1,0.211878,0.000188
3212,1,0.211813,0.000188
3213,1,0.211747,0.000187
3214,1,0.211681,0.000186
3215,0,0.211615,0.000149
3216,1,0.211623,0.000119
3217,1,0.211631,0.000095
3218,1,0.211639,0.000076
3219,1,0.211646,0.000061
3220,1,0.211652,0.000049
3221,1,0.211659,0.000039
3222,1,0.211664,0.000031
3223,1,0.211669,0.000025
3224,1,0.211674,0.000020
3225,1,0.211678,0.000016
3226,1,0.211682,0.000013
3227,1,0.211685,0.000010
3228,1,0.211687,0.000008
3229,1,0.211690,0.000007
3230,1,0.211691,0.000055
3231,1,0.211693,0.000152
3232,1,0.211693,0.000275
3233,1,0.211694,0.000411
3234,1,0.211694,0.000550
3235,1,0.211693,0.000684
3236,1,0.211692,0.000808
3237,1,0.211690,0.000920
3238,1,0.211688,0.001017
3239,1,0.211686,0.001101
3240,1,0.211683,0.001170
3241,1,0.211680,0.001226
3242,1,0.211676,0.001268
3243,1,0.211672,0.001299
3244,1,0.211667,0.001320
3245,1,0.211662,0.001330
3246,1,0.211656,0.001333
3247,1,0.211650,0.001329
3248,1,0.211644,0.001318
3249,1,0.211637,0.001303
3250,1,0.211630,0.001283
3251,1,0.211622,0.001260
3252,1,0.211614,0.001235
3253,1,0.211605,0.001207
3254,1,0.211596,0.001178
3255,1,0.211587,0.001147
3256,1,0.211577,0.001116
3257,1,0.211567,0.001085
3258,1,0.211557,0.001054
3259,1,0.211546,0.001024
3260,1,0.211534,0.000993
3261,1,0.211522,0.000964
3262,1,0.211510,0.000935
3263,1,0.211497,0.000907
3264,1,0.211484,0.000880
3265,1,0.211471,0.000854
3266,1,0.211457,0.000829
3267,1,0.211443,0.000805
3268,1,0.211429,0.000782
3269,1,0.211414,0.000760
3270,1,0.211398,0.000739
3271,1,0.211383,0.000720
3272,1,0.211367,0.000701
3273,1,0.211350,0.000683
3274,1,0.211333,0.000666
3275,1,0.211316,0.000651
3276,1,0.211299,0.000636
3277,1,0.211281,0.000621
3278,1,0.211263,0.000608
3279,1,0.211244,0.000595
3280,1,0.211225,0.000583
3281,1,0.211206,0.000572
3282,1,0.211186,0.000561
3283,1,0.211166,0.000551
3284,1,0.211146,0.000542
3285,1,0.211125,0.000533
3286,1,0.211104,0.000524
3287,1,0.211082,0.000516
3288,1,0.211061,0.000509
3289,1,0.211039,0.000502
3290,1,0.211016,0.000495
3291,1,0.210994,0.000488
3292,1,0.210970,0.000482
3293,1,0.210947,0.000476
3294,1,0.210923,0.000471
3295,1,0.210899,0.000466
3296,1,0.210875,0.000461
3297,1,0.210850,0.000456
3298,1,0.210825,0.000451
3299,1,0.210800,0.000447
3300,1,0.210774,0.000443
3301,1,0.210749,0.000439
3302,1,0.210722,0.000435
3303,1,0.210696,0.000431
3304,1,0.210669,0.000428
3305,1,0.210642,0.000424
3306,1,0.210614,0.000421
3307,1,0.210587,0.000418
3308,1,0.210559,0.000415
3309,1,0.210530,0.000412
3310,1,0.210502,0.000409
3311,1,0.210473,0.000406
3312,1,0.210444,0.000403
3313,1,0.210414,0.000401
3314,0,0.210384,0.000320
3315,1,0.210427,0.000256
3316,1,0.210469,0.000205
3317,1,0.210510,0.000164
3318,1,0.210550,0.000131
3319,1,0.210590,0.000105
3320,1,0.210630,0.000084
3321,1,0.210668,0.000067
3322,1,0.210706,0.000054
3323,1,0.210744,0.000043
3324,1,0.210781,0.000034
3325,1,0.210817,0.000028
3326,1,0.210852,0.000022
3327,1,0.210887,0.000018
3328,1,0.210922,0.000040
3329,1,0.210955,0.000125
3330,1,0.210989,0.000249
3331,1,0.211021,0.000393
3332,1,0.211053,0.000545
3333,1,0.211084,0.000695
3334,1,0.211115,0.000837
3335,1,0.211145,0.000968
3336,1,0.211175,0.001085
3337,1,0.211204,0.001187
3338,1,0.211232,0.001273
3339,1,0.211260,0.001345
3340,1,0.211287,0.001403
3341,1,0.211313,0.001447
3342,1,0.211339,0.001480
3343,1,0.211365,0.001502
3344,1,0.211390,0.001514
3345,1,0.211414,0.001518
3346,1,0.211437,0.001515
3347,1,0.211460,0.001506
3348,1,0.211483,0.001492
3349,1,0.211505,0.001473
3350,1,0.211526,0.001451
3351,1,0.211547,0.001426
3352,1,0.211567,0.001399
3353,1,0.211587,0.001370
3354,1,0.211606,0.001341
3355,1,0.211624,0.001310
3356,1,0.211642,0.001280
3357,1,0.211659,0.001249
3358,1,0.211676,0.001218
3359,1,0.211692,0.001188
3360,1,0.211708,0.001159
3361,1,0.211723,0.001130
3362,1,0.211738,0.001101
3363,1,0.211752,0.001074
3364,1,0.211765,0.001048
3365,1,0.211778,0.001022
3366,1,0.211791,0.000998
3367,1,0.211803,0.000974
3368,1,0.211814,0.000952
3369,1,0.211825,0.000930
3370,1,0.211835,0.000910
3371,1,0.211845,0.000890
3372,1,0.211854,0.000872
3373,1,0.211863,0.000854
3374,1,0.211871,0.000837
3375,1,0.211879,0.000821
3376,1,0.211886,0.000806
3377,1,0.211892,0.000791
3378,1,0.211899,0.000778
3379,1,0.211904,0.000764
3380,1,0.211909,0.000752
3381,1,0.211914,0.000740
3382,1,0.211918,0.000729
3383,1,0.211922,0.000718
3384,1,0.211925,0.000708
3385,1,0.211928,0.000698
3386,1,0.211930,0.000689
3387,1,0.211931,0.000680
3388,1,0.211933,0.000672
3389,1,0.211933,0.000663
3390,1,0.211934,0.000656
3391,1,0.211933,0.000648
3392,1,0.211933,0.000641
3393,1,0.211931,0.000634
3394,1,0.211930,0.000628
3395,1,0.211928,0.000622
3396,1,0.211925,0.000616
3397,1,0.211922,0.000610
3398,1,0.211919,0.000604
3399,1,0.211915,0.000599
3400,1,0.211910,0.000593
3401,1,0.211905,0.000588
3402,1,0.211900,0.000583
3403,1,0.211894,0.000579
3404,1,0.211888,0.000574
3405,1,0.211882,0.000569
3406,1,0.211874,0.000565
3407,1,0.211867,0.000561
3408,1,0.211859,0.000556
3409,1,0.211851,0.000552
3410,1,0.211842,0.000548
3411,1,0.211833,0.000545
3412,1,0.211823,0.000541
3413,1,0.211813,0.000537
3414,1,0.211803,0.000533
3415,1,0.211792,0.000530
3416,1,0.211780,0.000526
3417,1,0.211769,0.000523
3418,1,0.211757,0.000519
3419,1,0.211744,0.000516
3420,1,0.211731,0.000513
3421,1,0.211718,0.000509
3422,1,0.211704,0.000506
3423,1,0.211690,0.000503
3424,1,0.211676,0.000500
3425,1,0.211661,0.000497
3426,1,0.211645,0.000494
3427,1,0.211630,0.000491
3428,1,0.211614,0.000488
3429,1,0.211597,0.000485
3430,1,0.211580,0.000482
3431,1,0.211563,0.000479
3432,1,0.211546,0.000477
3433,1,0.211528,0.000474
3434,1,0.211510,0.000471
3435,1,0.211491,0.000468
3436,1,0.211472,0.000466
3437,1,0.211453,0.000463
3438,1,0.211433,0.000460
3439,1,0.211413,0.000458
3440,1,0.211392,0.000455
3441,1,0.211372,0.000453
3442,1,0.211350,0.000450
3443,1,0.211329,0.000448
3444,1,0.211307,0.000445
3445,1,0.211285,0.000443
3446,1,0.211263,0.000440
3447,1,0.211240,0.000438
3448,1,0.211217,0.000435
3449,1,0.211193,0.000433
3450,1,0.211169,0.000431
3451,1,0.211145,0.000428
3452,1,0.211121,0.000426
3453,1,0.211096,0.000424
3454,1,0.211071,0.000422
3455,1,0.211045,0.000419
3456,1,0.211019,0.000417
3457,1,0.210993,0.000415
3458,1,0.210967,0.000413
3459,1,0.210940,0.000410
3460,1,0.210913,0.000408
3461,1,0.210886,0.000406
3462,1,0.210858,0.000404
3463,1,0.210831,0.000402
3464,1,0.210802,0.000400
3465,1,0.210774,0.000398
3466,1,0.210745,0.000396
3467,1,0.210716,0.000394
3468,1,0.210687,0.000392
3469,1,0.210657,0.000390
3470,1,0.210627,0.000388
3471,1,0.210597,0.000386
3472,1,0.210566,0.000384
3473,1,0.210535,0.000382
3474,1,0.210504,0.000380
3475,1,0.210473,0.000378
3476,1,0.210441,0.000376
3477,1,0.210410,0.000374
3478,1,0.210377,0.000372
3479,1,0.210345,0.000370
3480,1,0.210312,0.000369
3481,1,0.210279,0.000367
3482,1,0.210246,0.000365
3483,1,0.210213,0.000363
3484,1,0.210179,0.000361
3485,1,0.210145,0.000359
3486,1,0.210111,0.000358
3487,1,0.210076,0.000356
3488,1,0.210042,0.000354
3489,1,0.210007,0.000353
3490,1,0.209971,0.000351
3491,1,0.209936,0.000349
3492,1,0.209900,0.000347
3493,1,0.209864,0.000346
3494,1,0.209828,0.000344
3495,1,0.209792,0.000342
3496,1,0.209755,0.000341
3497,1,0.209718,0.000339
3498,1,0.209681,0.000338
3499,1,0.209644,0.000336
3500,1,0.209606,0.000334
3501,1,0.209568,0.000333
3502,1,0.209530,0.000331
3503,1,0.209492,0.000330
3504,1,0.209453,0.000328
3505,1,0.209415,0.000327
3506,1,0.209376,0.000325
3507,1,0.209337,0.000323
3508,1,0.209297,0.000322
3509,1,0.209258,0.000320
3510,1,0.209218,0.000319
3511,1,0.209178,0.000318
3512,1,0.209138,0.000316
3513,1,0.209098,0.000315
3514,1,0.209057,0.000313
3515,1,0.209016,0.000312
3516,1,0.208975,0.000310
3517,1,0.208934,0.000309
3518,1,0.208893,0.000307
3519,1,0.208851,0.000306
3520,1,0.208809,0.000305
3521,1,0.208767,0.000303
3522,1,0.208725,0.000302
3523,1,0.208683,0.000301
3524,1,0.208640,0.000299
3525,1,0.208598,0.000298
3526,1,0.208555,0.000297
3527,1,0.208512,0.000295
3528,1,0.208469,0.000294
3529,1,0.208425,0.000293
3530,1,0.208382,0.000291
3531,1,0.208338,0.000290
3532,1,0.208294,0.000289
3533,1,0.208250,0.000288
3534,1,0.208206,0.000286
3535,1,0.208161,0.000285
3536,1,0.208116,0.000284
3537,1,0.208072,0.000283
3538,1,0.208027,0.000281
3539,1,0.207982,0.000280
3540,1,0.207936,0.000279
3541,1,0.207891,0.000278
3542,1,0.207845,0.000276
3543,1,0.207799,0.000275
3544,1,0.207754,0.000274
3545,1,0.207708,0.000273
3546,1,0.207661,0.000272
3547,1,0.207615,0.000271
3548,1,0.207568,0.000269
3549,1,0.207522,0.000268
3550,1,0.207475,0.000267
3551,1,0.207428,0.000266
3552,1,0.207381,0.000265
3553,1,0.207334,0.000264
3554,1,0.207286,0.000263
3555,1,0.207239,0.000262
3556,1,0.207191,0.000260
3557,1,0.207143,0.000259
3558,1,0.207095,0.000258
3559,1,0.207047,0.000257
3560,1,0.206999,0.000256
3561,1,0.206950,0.000255
3562,1,0.206902,0.000254
3563,1,0.206853,0.000253
3564,1,0.206805,0.000252
3565,1,0.206756,0.000251
3566,1,0.206707,0.000250
3567,1,0.206658,0.000249
3568,1,0.206608,0.000248
3569,1,0.206559,0.000247
3570,1,0.206509,0.000246
3571,1,0.206460,0.000245
3572,1,0.206410,0.000244
3573,1,0.206360,0.000243
3574,1,0.206310,0.000242
3575,1,0.206260,0.000241
3576,1,0.206210,0.000240
3577,1,0.206159,0.000239
3578,1,0.206109,0.000238
3579,1,0.206058,0.000237
3580,1,0.206008,0.000236
3581,1,0.205957,0.000235
3582,1,0.205906,0.000234
3583,1,0.205855,0.000233
3584,1,0.205804,0.000232
3585,1,0.205753,0.000232
3586,1,0.205701,0.000231
3587,1,0.205650,0.000230
3588,1,0.205598,0.000229
3589,1,0.205547,0.000228
3590,1,0.205495,0.000227
3591,1,0.205443,0.000226
3592,1,0.205391,0.000225
3593,1,0.205339,0.000224
3594,1,0.205287,0.000224
3595,1,0.205235,0.000223
3596,1,0.205183,0.000222
3597,1,0.205130,0.000221
3598,1,0.205078,0.000220
3599,1,0.205025,0.000219
3600,1,0.204972,0.000218
3601,1,0.204920,0.000218
3602,1,0.204867,0.000217
3603,1,0.204814,0.000216
3604,1,0.204761,0.000215
3605,1,0.204708,0.000214
3606,1,0.204654,0.000213
3607,1,0.204601,0.000213
3608,1,0.204548,0.000212
3609,1,0.204494,0.000211
3610,1,0.204441,0.000210
3611,1,0.204387,0.000209
3612,1,0.204333,0.000209
3613,1,0.204280,0.000208
3614,1,0.204226,0.000207
3615,1,0.204172,0.000206
3616,1,0.204118,0.000206
3617,1,0.204064,0.000205
3618,1,0.204010,0.000204
3619,1,0.203955,0.000203
3620,1,0.203901,0.000203
3621,1,0.203847,0.000202
3622,1,0.203792,0.000201
3623,1,0.203738,0.000200
3624,1,0.203683,0.000200
3625,1,0.203629,0.000199
3626,1,0.203574,0.000198
3627,1,0.203519,0.000197
3628,1,0.203464,0.000197
3629,1,0.203409,0.000196
3630,1,0.203354,0.000195
3631,1,0.203299,0.000195
3632,1,0.203244,0.000194
3633,1,0.203189,0.000193
3634,1,0.203134,0.000192
3635,1,0.203079,0.000192
3636,1,0.203023,0.000191
3637,1,0.202968,0.000190
3638,1,0.202912,0.000190
3639,1,0.202857,0.000189
3640,1,0.202801,0.000188
3641,1,0.202746,0.000188
3642,1,0.202690,0.000187
3643,1,0.202634,0.000186
3644,1,0.202578,0.000186
3645,1,0.202523,0.000185
3646,1,0.202467,0.000184
3647,1,0.202411,0.000184
3648,1,0.202355,0.000183
3649,1,0.202299,0.000183
3650,1,0.202243,0.000182
3651,1,0.202186,0.000181
3652,1,0.202130,0.000181
3653,1,0.202074,0.000180
3654,1,0.202018,0.000179
3655,1,0.201961,0.000179
3656,1,0.201905,0.000178
3657,1,0.201849,0.000178
3658,1,0.201792,0.000177
3659,1,0.201736,0.000176
3660,1,0.201679,0.000176
3661,1,0.201622,0.000175
3662,1,0.201566,0.000174
3663,1,0.201509,0.000174
3664,1,0.201452,0.000173
3665,1,0.201396,0.000173
3666,1,0.201339,0.000172
3667,1,0.201282,0.000172
3668,1,0.201225,0.000171
3669,1,0.201168,0.000170
3670,1,0.201111,0.000170
3671,1,0.201054,0.000169
3672,1,0.200997,0.000169
3673,1,0.200940,0.000168
3674,0,0.200883,0.000134
3675,1,0.200898,0.000108
3676,1,0.200911,0.000086
3677,1,0.200925,0.000069
3678,1,0.200938,0.000055
3679,1,0.200950,0.000044
3680,1,0.200962,0.000035
3681,1,0.200974,0.000028
3682,1,0.200985,0.000023
3683,1,0.200995,0.000018
3684,1,0.201005,0.000014
3685,1,0.201015,0.000012
3686,1,0.201024,0.000009
3687,1,0.201033,0.000007
3688,1,0.201041,0.000006
3689,1,0.201049,0.000051
3690,1,0.201056,0.000144
3691,1,0.201063,0.000265
3692,1,0.201070,0.000400
3693,1,0.201076,0.000537
3694,1,0.201081,0.000670
3695,1,0.201087,0.000793
3696,1,0.201091,0.000904
3697,1,0.201096,0.001002
3698,1,0.201099,0.001085
3699,1,0.201103,0.001153
3700,1,0.201106,0.001209
3701,1,0.201108,0.001251
3702,1,0.201110,0.001282
3703,1,0.201112,0.001302
3704,1,0.201113,0.001313
3705,1,0.201114,0.001315
3706,1,0.201115,0.001310
3707,1,0.201115,0.001300
3708,1,0.201115,0.001284
3709,1,0.201114,0.001264
3710,1,0.201113,0.001241
3711,1,0.201111,0.001215
3712,1,0.201109,0.001187
3713,1,0.201107,0.001158
3714,1,0.201104,0.001128
3715,1,0.201101,0.001097
3716,1,0.201097,0.001066
3717,1,0.201093,0.001035
3718,1,0.201089,0.001004
3719,1,0.201084,0.000973
3720,1,0.201079,0.000944
3721,1,0.201074,0.000915
3722,1,0.201068,0.000887
3723,1,0.201062,0.000860
3724,1,0.201055,0.000834
3725,1,0.201048,0.000809
3726,1,0.201041,0.000785
3727,1,0.201033,0.000762
3728,1,0.201025,0.000740
3729,1,0.201017,0.000720
3730,1,0.201008,0.000700
3731,1,0.200999,0.000681
3732,1,0.200989,0.000664
3733,1,0.200979,0.000647
3734,1,0.200969,0.000631
3735,1,0.200959,0.000616
3736,1,0.200948,0.000602
3737,1,0.200937,0.000589
3738,1,0.200925,0.000576
3739,1,0.200913,0.000564
3740,1,0.200901,0.000553
3741,1,0.200888,0.000542
3742,1,0.200876,0.000532
3743,1,0.200862,0.000523
3744,1,0.200849,0.000514
3745,1,0.200835,0.000506
3746,1,0.200821,0.000498
3747,1,0.200806,0.000490
3748,1,0.200791,0.000483
3749,1,0.200776,0.000477
3750,1,0.200761,0.000470
3751,1,0.200745,0.000464
3752,1,0.200729,0.000459
3753,1,0.200712,0.000453
3754,1,0.200696,0.000448
3755,1,0.200679,0.000443
3756,1,0.200661,0.000439
3757,1,0.200644,0.000434
3758,1,0.200626,0.000430
3759,1,0.200607,0.000426
3760,1,0.200589,0.000422
3761,1,0.200570,0.000418
3762,1,0.200551,0.000415
3763,1,0.200532,0.000411
3764,1,0.200512,0.000408
3765,1,0.200492,0.000405
3766,1,0.200472,0.000402
3767,1,0.200451,0.000399
3768,1,0.200430,0.000396
3769,1,0.200409,0.000393
3770,1,0.200388,0.000390
3771,1,0.200366,0.000388
3772,1,0.200344,0.000385
3773,1,0.200322,0.000383
3774,1,0.200300,0.000380
3775,1,0.200277,0.000378
3776,1,0.200254,0.000376
3777,1,0.200231,0.000373
3778,1,0.200207,0.000371
3779,1,0.200183,0.000369
3780,1,0.200159,0.000367
3781,1,0.200135,0.000365
3782,1,0.200111,0.000363
3783,1,0.200086,0.000361
3784,1,0.200061,0.000359
3785,1,0.200036,0.000357
3786,1,0.200010,0.000355
3787,1,0.199984,0.000353
3788,1,0.199958,0.000351
3789,1,0.199932,0.000349
3790,1,0.199906,0.000348
3791,1,0.199879,0.000346
3792,1,0.199852,0.000344
3793,1,0.199825,0.000342
3794,1,0.199797,0.000341
3795,1,0.199770,0.000339
3796,1,0.199742,0.000337
3797,1,0.199714,0.000336
3798,1,0.199685,0.000334
3799,1,0.199657,0.000332
3800,1,0.199628,0.000331
3801,1,0.199599,0.000329
3802,1,0.199570,0.000328
3803,1,0.199540,0.000326
3804,0,0.199511,0.000261
3805,1,0.199551,0.000209
3806,1,0.199590,0.000167
3807,1,0.199628,0.000134
3808,1,0.199666,0.000107
3809,1,0.199704,0.000085
3810,1,0.199741,0.000068
3811,1,0.199777,0.000055
3812,1,0.199813,0.000044
3813,1,0.199848,0.000035
3814,1,0.199883,0.000028
3815,1,0.199917,0.000022
3816,1,0.199951,0.000018
3817,1,0.199984,0.000014
3818,1,0.200016,0.000023
3819,1,0.200048,0.000098
3820,1,0.200080,0.000214
3821,1,0.200111,0.000352
3822,1,0.200141,0.000500
3823,1,0.200171,0.000647
3824,1,0.200200,0.000787
3825,1,0.200229,0.000916
3826,1,0.200257,0.001031
3827,1,0.200284,0.001132
3828,1,0.200311,0.001218
3829,1,0.200338,0.001289
3830,1,0.200364,0.001346
3831,1,0.200390,0.001391
3832,1,0.200415,0.001423
3833,1,0.200439,0.001444
3834,1,0.200463,0.001456
3835,1,0.200486,0.001460
3836,1,0.200509,0.001457
3837,1,0.200532,0.001447
3838,1,0.200554,0.001433
3839,1,0.200575,0.001414
3840,1,0.200596,0.001392
3841,1,0.200616,0.001367
3842,1,0.200636,0.001340
3843,1,0.200655,0.001311
3844,1,0.200674,0.001281
3845,1,0.200692,0.001251
3846,1,0.200710,0.001220
3847,1,0.200728,0.001189
3848,1,0.200744,0.001159
3849,1,0.200761,0.001129
3850,1,0.200777,0.001099
3851,1,0.200792,0.001070
3852,1,0.200807,0.001042
3853,1,0.200821,0.001015
3854,1,0.200835,0.000989
3855,1,0.200849,0.000964
3856,1,0.200862,0.000939
3857,1,0.200874,0.000916
3858,1,0.200886,0.000894
3859,1,0.200898,0.000873
3860,1,0.200909,0.000853
3861,1,0.200919,0.000833
3862,1,0.200930,0.000815
3863,1,0.200939,0.000798
3864,1,0.200948,0.000781
3865,1,0.200957,0.000765
3866,1,0.200966,0.000750
3867,1,0.200973,0.000736
3868,1,0.200981,0.000723
3869,1,0.200988,0.000710
3870,1,0.200994,0.000698
3871,1,0.201001,0.000687
3872,1,0.201006,0.000676
3873,1,0.201011,0.000665
3874,1,0.201016,0.000656
3875,1,0.201021,0.000646
3876,1,0.201025,0.000637
3877,1,0.201028,0.000629
3878,1,0.201031,0.000621
3879,1,0.201034,0.000613
3880,1,0.201036,0.000606
3881,1,0.201038,0.000599
3882,1,0.201039,0.000592
3883,1,0.201040,0.000586
3884,1,0.201041,0.000580
3885,1,0.201041,0.000574
3886,1,0.201041,0.000568
3887,1,0.201040,0.000563
3888,1,0.201039,0.000557
3889,1,0.201037,0.000552
3890,1,0.201036,0.000547
3891,1,0.201033,0.000543
3892,1,0.201031,0.000538
3893,1,0.201028,0.000534
3894,1,0.201024,0.000530
3895,1,0.201020,0.000525
3896,1,0.201016,0.000521
3897,1,0.201012,0.000518
3898,1,0.201007,0.000514
3899,1,0.201001,0.000510
3900,1,0.200996,0.000506
3901,1,0.200990,0.000503
3902,1,0.200983,0.000499
3903,1,0.200976,0.000496
3904,1,0.200969,0.000493
3905,1,0.200962,0.000489
3906,1,0.200954,0.000486
3907,1,0.200945,0.000483
3908,1,0.200937,0.000480
3909,1,0.200928,0.000477
3910,1,0.200918,0.000474
3911,1,0.200909,0.000471
3912,0,0.200899,0.000377
3913,1,0.200957,0.000302
3914,1,0.201015,0.000241
3915,1,0.201073,0.000193
3916,1,0.201130,0.000154
3917,1,0.201186,0.000124
3918,1,0.201241,0.000099
3919,1,0.201296,0.000079
3920,1,0.201350,0.000063
3921,1,0.201404,0.000051
3922,1,0.201457,0.000040
3923,1,0.201509,0.000032
3924,1,0.201561,0.000026
3925,1,0.201612,0.000021
3926,1,0.201662,0.000057
3927,1,0.201712,0.000153
3928,1,0.201761,0.000285
3929,1,0.201810,0.000435
3930,1,0.201858,0.000591
3931,1,0.201905,0.000745
3932,1,0.201952,0.000890
3933,1,0.201998,0.001022
3934,1,0.202043,0.001141
3935,1,0.202088,0.001244
3936,1,0.202132,0.001331
3937,1,0.202175,0.001403
3938,1,0.202218,0.001462
3939,1,0.202261,0.001507
3940,1,0.202302,0.001540
3941,1,0.202343,0.001562
3942,1,0.202384,0.001574
3943,1,0.202423,0.001579
3944,1,0.202463,0.001576
3945,1,0.202501,0.001567
3946,1,0.202539,0.001552
3947,1,0.202577,0.001534
3948,1,0.202613,0.001512
3949,1,0.202650,0.001487
3950,1,0.202685,0.001460
3951,1,0.202720,0.001432
3952,1,0.202754,0.001402
3953,1,0.202788,0.001372
3954,1,0.202821,0.001341
3955,1,0.202854,0.001310
3956,1,0.202886,0.001280
3957,1,0.202917,0.001249
3958,1,0.202948,0.001220
3959,1,0.202979,0.001191
3960,1,0.203008,0.001162
3961,1,0.203037,0.001135
3962,1,0.203066,0.001108
3963,1,0.203094,0.001082
3964,1,0.203121,0.001058
3965,1,0.203148,0.001034
3966,1,0.203174,0.001011
3967,1,0.203200,0.000990
3968,1,0.203225,0.000969
3969,1,0.203250,0.000949
3970,1,0.203274,0.000930
3971,1,0.203297,0.000912
3972,1,0.203320,0.000894
3973,1,0.203342,0.000878
3974,1,0.203364,0.000862
3975,1,0.203385,0.000847
3976,1,0.203406,0.000833
3977,1,0.203426,0.000820
3978,1,0.203446,0.000807
3979,1,0.203465,0.000795
3980,1,0.203484,0.000783
3981,1,0.203502,0.000772
3982,1,0.203519,0.000761
3983,1,0.203536,0.000751
3984,1,0.203552,0.000741
3985,1,0.203568,0.000732
3986,1,0.203584,0.000723
3987,1,0.203599,0.000714
3988,1,0.203613,0.000706
3989,1,0.203627,0.000698
3990,1,0.203640,0.000691
3991,1,0.203653,0.000684
3992,1,0.203666,0.000677
3993,1,0.203677,0.000670
3994,1,0.203689,0.000663
3995,1,0.203700,0.000657
3996,1,0.203710,0.000651
3997,1,0.203720,0.000645
3998,1,0.203729,0.000639
3999,1,0.203738,0.000634
4000,1,0.203747,0.000629
4001,1,0.203755,0.000623
4002,1,0.203762,0.000618
4003,1,0.203769,0.000613
4004,1,0.203776,0.000609
4005,1,0.203782,0.000604
4006,1,0.203787,0.000599
4007,1,0.203792,0.000595
4008,1,0.203797,0.000591
4009,1,0.203801,0.000586
4010,1,0.203805,0.000582
4011,1,0.203808,0.000578
4012,1,0.203811,0.000574
4013,1,0.203813,0.000570
4014,1,0.203815,0.000566
4015,1,0.203817,0.000562
4016,1,0.203818,0.000559
4017,1,0.203819,0.000555
4018,1,0.203819,0.000551
4019,1,0.203819,0.000548
4020,1,0.203818,0.000544
4021,1,0.203817,0.000541
4022,1,0.203815,0.000537
4023,1,0.203813,0.000534
4024,1,0.203811,0.000530
4025,1,0.203808,0.000527
4026,1,0.203805,0.000524
4027,1,0.203801,0.000521
4028,1,0.203797,0.000518
4029,1,0.203793,0.000514
4030,1,0.203788,0.000511
4031,1,0.203783,0.000508
4032,1,0.203777,0.000505
4033,1,0.203771,0.000502
4034,1,0.203764,0.000499
4035,1,0.203758,0.000496
4036,1,0.203750,0.000493
4037,1,0.203743,0.000490
4038,1,0.203735,0.000488
4039,1,0.203726,0.000485
4040,1,0.203718,0.000482
4041,1,0.203708,0.000479
4042,1,0.203699,0.000476
4043,1,0.203689,0.000474
4044,1,0.203679,0.000471
4045,1,0.203668,0.000468
4046,1,0.203657,0.000466
4047,1,0.203646,0.000463
4048,1,0.203634,0.000460
4049,1,0.203622,0.000458
4050,1,0.203609,0.000455
4051,1,0.203597,0.000453
4052,1,0.203584,0.000450
4053,1,0.203570,0.000448
4054,1,0.203556,0.000445
4055,1,0.203542,0.000443
4056,1,0.203527,0.000441
4057,1,0.203513,0.000438
4058,1,0.203497,0.000436
4059,1,0.203482,0.000433
4060,1,0.203466,0.000431
4061,1,0.203450,0.000429
4062,1,0.203433,0.000426
4063,1,0.203416,0.000424
4064,1,0.203399,0.000422
4065,1,0.203381,0.000420
4066,1,0.203364,0.000417
4067,1,0.203345,0.000415
4068,1,0.203327,0.000413
4069,1,0.203308,0.000411
4070,1,0.203289,0.000409
4071,1,0.203270,0.000407
4072,1,0.203250,0.000404
4073,1,0.203230,0.000402
4074,1,0.203209,0.000400
4075,1,0.203189,0.000398
4076,1,0.203168,0.000396
4077,1,0.203147,0.000394
4078,1,0.203125,0.000392
4079,1,0.203103,0.000390
4080,1,0.203081,0.000388
4081,1,0.203059,0.000386
4082,1,0.203036,0.000384
4083,1,0.203013,0.000382
4084,1,0.202990,0.000380
4085,1,0.202966,0.000378
4086,1,0.202942,0.000376
4087,1,0.202918,0.000374
4088,1,0.202894,0.000373
4089,1,0.202869,0.000371
4090,1,0.202844,0.000369
4091,1,0.202819,0.000367
4092,1,0.202794,0.000365
4093,1,0.202768,0.000363
4094,1,0.202742,0.000362
4095,1,0.202716,0.000360
4096,1,0.202689,0.000358
4097,1,0.202663,0.000356
4098,1,0.202636,0.000355
4099,1,0.202608,0.000353
4100,1,0.202581,0.000351
4101,1,0.202553,0.000349
4102,1,0.202525,0.000348
4103,1,0.202497,0.000346
4104,1,0.202468,0.000344
4105,1,0.202439,0.000343
4106,1,0.202411,0.000341
4107,1,0.202381,0.000339
4108,1,0.202352,0.000338
4109,1,0.202322,0.000336
4110,1,0.202292,0.000335
4111,1,0.202262,0.000333
4112,1,0.202232,0.000331
4113,1,0.202201,0.000330
4114,1,0.202170,0.000328
4115,1,0.202139,0.000327
4116,1,0.202108,0.000325
4117,1,0.202076,0.000324
4118,1,0.202045,0.000322
4119,1,0.202013,0.000321
4120,1,0.201981,0.000319
4121,1,0.201948,0.000318
4122,1,0.201916,0.000316
4123,1,0.201883,0.000315
4124,1,0.201850,0.000313
4125,1,0.201817,0.000312
4126,1,0.201783,0.000311
4127,1,0.201750,0.000309
4128,1,0.201716,0.000308
4129,1,0.201682,0.000306
4130,1,0.201647,0.000305
4131,1,0.201613,0.000304
4132,1,0.201578,0.000302
4133,1,0.201544,0.000301
4134,1,0.201509,0.000300
4135,1,0.201473,0.000298
4136,1,0.201438,0.000297
4137,1,0.201402,0.000296
4138,1,0.201367,0.000294
4139,1,0.201331,0.000293
4140,1,0.201295,0.000292
4141,1,0.201258,0.000290
4142,1,0.201222,0.000289
4143,1,0.201185,0.000288
4144,1,0.201148,0.000287
4145,1,0.201111,0.000285
4146,1,0.201074,0.000284
4147,1,0.201037,0.000283
4148,1,0.200999,0.000282
4149,1,0.200961,0.000280
4150,1,0.200924,0.000279
4151,1,0.200885,0.000278
4152,1,0.200847,0.000277
4153,1,0.200809,0.000276
4154,1,0.200770,0.000274
4155,1,0.200732,0.000273
4156,1,0.200693,0.000272
4157,1,0.200654,0.000271
4158,1,0.200615,0.000270
4159,1,0.200575,0.000269
4160,1,0.200536,0.000267
4161,1,0.200496,0.000266
4162,1,0.200456,0.000265
4163,1,0.200416,0.000264
4164,1,0.200376,0.000263
4165,1,0.200336,0.000262
4166,1,0.200296,0.000261
4167,1,0.200255,0.000260
4168,1,0.200214,0.000259
4169,1,0.200173,0.000257
4170,1,0.200132,0.000256
4171,1,0.200091,0.000255
4172,1,0.200050,0.000254
4173,1,0.200009,0.000253
4174,1,0.199967,0.000252
4175,1,0.199925,0.000251
4176,1,0.199884,0.000250
4177,1,0.199842,0.000249
4178,1,0.199800,0.000248
4179,1,0.199757,0.000247
4180,1,0.199715,0.000246
4181,1,0.199673,0.000245
4182,1,0.199630,0.000244
4183,1,0.199587,0.000243
4184,1,0.199544,0.000242
4185,1,0.199502,0.000241
4186,1,0.199458,0.000240
4187,1,0.199415,0.000239
4188,1,0.199372,0.000238
4189,1,0.199328,0.000237
4190,1,0.199285,0.000236
4191,1,0.199241,0.000235
4192,1,0.199197,0.000234
4193,1,0.199153,0.000234
4194,1,0.199109,0.000233
4195,1,0.199065,0.000232
4196,1,0.199021,0.000231
4197,1,0.198977,0.000230
4198,1,0.198932,0.000229
4199,1,0.198887,0.000228
4200,1,0.198843,0.000227
4201,1,0.198798,0.000226
4202,1,0.198753,0.000225
4203,1,0.198708,0.000225
4204,1,0.198663,0.000224
4205,1,0.198618,0.000223
4206,1,0.198572,0.000222
4207,1,0.198527,0.000221
4208,1,0.198481,0.000220
4209,1,0.198436,0.000219
4210,1,0.198390,0.000219
4211,1,0.198344,0.000218
4212,1,0.198298,0.000217
4213,1,0.198252,0.000216
4214,1,0.198206,0.000215
4215,1,0.198160,0.000214
4216,1,0.198114,0.000214
4217,1,0.198067,0.000213
4218,1,0.198021,0.000212
4219,1,0.197974,0.000211
4220,1,0.197927,0.000210
4221,1,0.197881,0.000210
4222,1,0.197834,0.000209
4223,1,0.197787,0.000208
4224,1,0.197740,0.000207
4225,1,0.197693,0.000207
4226,1,0.197646,0.000206
4227,1,0.197598,0.000205
4228,1,0.197551,0.000204
4229,1,0.197504,0.000203
4230,1,0.197456,0.000203
4231,1,0.197409,0.000202
4232,1,0.197361,0.000201
4233,1,0.197313,0.000200
4234,1,0.197265,0.000200
4235,1,0.197217,0.000199
4236,1,0.197169,0.000198
4237,1,0.197121,0.000198
4238,1,0.197073,0.000197
4239,1,0.197025,0.000196
4240,1,0.196977,0.000195
4241,1,0.196929,0.000195
4242,1,0.196880,0.000194
4243,1,0.196832,0.000193
4244,1,0.196783,0.000193
4245,1,0.196735,0.000192
4246,1,0.196686,0.000191
4247,1,0.196637,0.000191
4248,1,0.196588,0.000190
4249,1,0.196539,0.000189
4250,1,0.196490,0.000189
4251,1,0.196441,0.000188
4252,1,0.196392,0.000187
4253,1,0.196343,0.000187
4254,1,0.196294,0.000186
4255,1,0.196245,0.000185
4256,1,0.196196,0.000185
4257,1,0.196146,0.000184
4258,1,0.196097,0.000183
4259,1,0.196047,0.000183
4260,1,0.195998,0.000182
4261,1,0.195948,0.000181
4262,1,0.195898,0.000181
4263,1,0.195849,0.000180
4264,1,0.195799,0.000179
4265,1,0.195749,0.000179
4266,1,0.195699,0.000178
4267,1,0.195649,0.000178
4268,1,0.195599,0.000177
4269,1,0.195549,0.000176
4270,1,0.195499,0.000176
4271,1,0.195449,0.000175
4272,1,0.195399,0.000175
4273,1,0.195349,0.000174
4274,1,0.195298,0.000173
4275,1,0.195248,0.000173
4276,1,0.195198,0.000172
4277,1,0.195147,0.000172
4278,1,0.195097,0.000171
4279,1,0.195046,0.000170
4280,1,0.194996,0.000170
4281,1,0.194945,0.000169
4282,1,0.194895,0.000169
4283,1,0.194844,0.000168
4284,1,0.194793,0.000168
4285,1,0.194742,0.000167
4286,1,0.194692,0.000167
4287,1,0.194641,0.000166
4288,1,0.194590,0.000165
4289,1,0.194539,0.000165
4290,1,0.194488,0.000164
4291,1,0.194437,0.000164
4292,1,0.194386,0.000163
4293,1,0.194335,0.000163
4294,1,0.194284,0.000162
4295,1,0.194233,0.000162
4296,1,0.194181,0.000161
4297,1,0.194130,0.000161
4298,1,0.194079,0.000160
4299,1,0.194028,0.000159
4300,1,0.193976,0.000159
4301,1,0.193925,0.000158
4302,1,0.193873,0.000158
4303,1,0.193822,0.000157
4304,1,0.193771,0.000157
4305,1,0.193719,0.000156
4306,1,0.193668,0.000156
4307,1,0.193616,0.000155
4308,1,0.193564,0.000155
4309,1,0.193513,0.000154
4310,1,0.193461,0.000154
4311,1,0.193410,0.000153
4312,1,0.193358,0.000153
4313,1,0.193306,0.000152
4314,1,0.193254,0.000152
4315,1,0.193203,0.000151
4316,1,0.193151,0.000151
4317,1,0.193099,0.000150
4318,1,0.193047,0.000150
4319,1,0.192995,0.000150
4320,1,0.192943,0.000149
4321,1,0.192892,0.000149
4322,1,0.192840,0.000148
4323,1,0.192788,0.000148
4324,1,0.192736,0.000147
4325,1,0.192684,0.000147
4326,1,0.192632,0.000146
4327,1,0.192580,0.000146
4328,1,0.192527,0.000145
4329,1,0.192475,0.000145
4330,1,0.192423,0.000144
4331,1,0.192371,0.000144
4332,1,0.192319,0.000144
4333,1,0.192267,0.000143
4334,1,0.192215,0.000143
4335,1,0.192162,0.000142
4336,1,0.192110,0.000142
4337,1,0.192058,0.000141
4338,1,0.192006,0.000141
4339,1,0.191953,0.000141
4340,1,0.191901,0.000140
4341,1,0.191849,0.000140
4342,1,0.191797,0.000139
4343,1,0.191744,0.000139
4344,1,0.191692,0.000138
4345,1,0.191640,0.000138
4346,1,0.191587,0.000138
4347,1,0.191535,0.000137
4348,1,0.191482,0.000137
4349,1,0.191430,0.000136
4350,1,0.191378,0.000136
4351,1,0.191325,0.000135
4352,1,0.191273,0.000135
4353,1,0.191220,0.000135
4354,1,0.191168,0.000134
4355,1,0.191115,0.000134
4356,1,0.191063,0.000133
4357,1,0.191010,0.000133
4358,1,0.190958,0.000133
4359,1,0.190905,0.000132
4360,1,0.190853,0.000132
4361,1,0.190800,0.000131
4362,1,0.190748,0.000131
4363,1,0.190695,0.000131
4364,1,0.190643,0.000130
4365,1,0.190590,0.000130
4366,1,0.190537,0.000130
4367,1,0.190485,0.000129
4368,1,0.190432,0.000129
4369,1,0.190380,0.000128
4370,1,0.190327,0.000128
4371,1,0.190274,0.000128
4372,1,0.190222,0.000127
4373,1,0.190169,0.000127
4374,1,0.190117,0.000127
4375,0,0.190064,0.000101
4376,1,0.190080,0.000081
4377,1,0.190096,0.000065
4378,1,0.190111,0.000052
4379,1,0.190125,0.000041
4380,1,0.190139,0.000033
4381,1,0.190153,0.000027
4382,1,0.190166,0.000021
4383,1,0.190179,0.000017
4384,1,0.190191,0.000014
4385,1,0.190203,0.000011
4386,1,0.190215,0.000009
4387,1,0.190226,0.000007
4388,1,0.190237,0.000006
4389,1,0.190247,0.000004
4390,1,0.190257,0.000040
4391,1,0.190266,0.000126
4392,1,0.190275,0.000242
4393,1,0.190284,0.000372
4394,1,0.190292,0.000506
4395,1,0.190300,0.000637
4396,1,0.190307,0.000758
4397,1,0.190314,0.000868
4398,1,0.190320,0.000964
4399,1,0.190326,0.001046
4400,1,0.190332,0.001114
4401,1,0.190337,0.001169
4402,1,0.190342,0.001210
4403,1,0.190347,0.001241
4404,1,0.190351,0.001260
4405,1,0.190355,0.001270
4406,1,0.190358,0.001272
4407,1,0.190361,0.001267
4408,1,0.190364,0.001256
4409,1,0.190366,0.001240
4410,1,0.190368,0.001220
4411,1,0.190369,0.001196
4412,1,0.190370,0.001170
4413,1,0.190371,0.001141
4414,1,0.190371,0.001112
4415,1,0.190371,0.001081
4416,1,0.190371,0.001050
4417,1,0.190370,0.001018
4418,1,0.190369,0.000987
4419,1,0.190368,0.000956
4420,1,0.190366,0.000926
4421,1,0.190364,0.000896
4422,1,0.190362,0.000867
4423,1,0.190359,0.000839
4424,1,0.190356,0.000811
4425,1,0.190352,0.000785
4426,1,0.190348,0.000760
4427,1,0.190344,0.000737
4428,1,0.190340,0.000714
4429,1,0.190335,0.000692
4430,1,0.190330,0.000671
4431,1,0.190324,0.000652
4432,1,0.190318,0.000633
4433,1,0.190312,0.000616
4434,1,0.190306,0.000599
4435,1,0.190299,0.000584
4436,1,0.190292,0.000569
4437,1,0.190284,0.000555
4438,1,0.190277,0.000542
4439,1,0.190269,0.000529
4440,1,0.190260,0.000518
4441,1,0.190252,0.000507
4442,1,0.190243,0.000496
4443,1,0.190234,0.000487
4444,1,0.190224,0.000478
4445,1,0.190214,0.000469
4446,1,0.190204,0.000461
4447,1,0.190194,0.000453
4448,1,0.190183,0.000446
4449,1,0.190172,0.000439
4450,1,0.190160,0.000433
4451,1,0.190149,0.000427
4452,1,0.190137,0.000421
4453,1,0.190125,0.000416
4454,1,0.190112,0.000411
4455,1,0.190100,0.000406
4456,1,0.190087,0.000401
4457,1,0.190073,0.000397
4458,1,0.190060,0.000393
4459,1,0.190046,0.000389
4460,1,0.190032,0.000385
4461,1,0.190018,0.000381
4462,1,0.190003,0.000378
4463,1,0.189988,0.000375
4464,1,0.189973,0.000371
4465,1,0.189958,0.000368
4466,1,0.189942,0.000365
4467,1,0.189926,0.000363
4468,1,0.189910,0.000360
4469,1,0.189893,0.000357
4470,1,0.189877,0.000355
4471,1,0.189860,0.000352
4472,1,0.189843,0.000350
4473,1,0.189825,0.000348
4474,1,0.189808,0.000346
4475,1,0.189790,0.000343
4476,1,0.189772,0.000341
4477,1,0.189753,0.000339
4478,1,0.189735,0.000337
4479,1,0.189716,0.000335
4480,1,0.189697,0.000334
4481,1,0.189677,0.000332
4482,1,0.189658,0.000330
4483,1,0.189638,0.000328
4484,1,0.189618,0.000326
4485,1,0.189598,0.000325
4486,1,0.189578,0.000323
4487,1,0.189557,0.000321
4488,1,0.189536,0.000320
4489,1,0.189515,0.000318
4490,1,0.189494,0.000316
4491,1,0.189472,0.000315
4492,1,0.189450,0.000313
4493,1,0.189428,0.000312
4494,1,0.189406,0.000310
4495,1,0.189384,0.000309
4496,1,0.189361,0.000307
4497,1,0.189339,0.000306
4498,1,0.189316,0.000304
4499,1,0.189292,0.000303
4500,1,0.189269,0.000301
4501,1,0.189245,0.000300
4502,1,0.189222,0.000299
4503,1,0.189198,0.000297
4504,1,0.189174,0.000296
4505,1,0.189149,0.000295
4506,1,0.189125,0.000293
4507,1,0.189100,0.000292
4508,1,0.189075,0.000291
4509,1,0.189050,0.000289
4510,1,0.189024,0.000288
4511,1,0.188999,0.000287
4512,1,0.188973,0.000285
4513,1,0.188947,0.000284
4514,1,0.188921,0.000283
4515,1,0.188895,0.000282
4516,1,0.188869,0.000280
4517,1,0.188842,0.000279
4518,1,0.188816,0.000278
4519,1,0.188789,0.000277
4520,1,0.188762,0.000276
4521,1,0.188734,0.000274
4522,1,0.188707,0.000273
4523,1,0.188679,0.000272
4524,1,0.188651,0.000271
4525,1,0.188624,0.000270
4526,1,0.188595,0.000269
4527,1,0.188567,0.000267
4528,1,0.188539,0.000266
4529,1,0.188510,0.000265
4530,1,0.188481,0.000264
4531,1,0.188453,0.000263
4532,1,0.188424,0.000262
4533,1,0.188394,0.000261
4534,1,0.188365,0.000260
4535,1,0.188335,0.000259
4536,1,0.188306,0.000257
4537,1,0.188276,0.000256
4538,1,0.188246,0.000255
4539,1,0.188216,0.000254
4540,1,0.188186,0.000253
4541,1,0.188155,0.000252
4542,1,0.188125,0.000251
4543,1,0.188094,0.000250
4544,1,0.188063,0.000249
4545,1,0.188032,0.000248
4546,1,0.188001,0.000247
4547,1,0.187970,0.000246
4548,1,0.187938,0.000245
4549,1,0.187907,0.000244
4550,1,0.187875,0.000243
4551,1,0.187844,0.000242
4552,1,0.187812,0.000241
4553,1,0.187780,0.000240
4554,1,0.187747,0.000239
4555,1,0.187715,0.000238
4556,1,0.187683,0.000237
4557,1,0.187650,0.000236
4558,1,0.187617,0.000235
4559,1,0.187584,0.000234
4560,1,0.187552,0.000234
4561,1,0.187518,0.000233
4562,1,0.187485,0.000232
4563,1,0.187452,0.000231
4564,1,0.187419,0.000230
4565,1,0.187385,0.000229
4566,1,0.187351,0.000228
4567,1,0.187317,0.000227
4568,1,0.187284,0.000226
4569,1,0.187250,0.000225
4570,1,0.187215,0.000225
4571,1,0.187181,0.000224
4572,1,0.187147,0.000223
4573,1,0.187112,0.000222
4574,1,0.187078,0.000221
4575,1,0.187043,0.000220
4576,1,0.187008,0.000219
4577,1,0.186973,0.000219
4578,1,0.186938,0.000218
4579,1,0.186903,0.000217
4580,1,0.186868,0.000216
4581,1,0.186833,0.000215
4582,1,0.186797,0.000214
4583,1,0.186762,0.000214
4584,1,0.186726,0.000213
4585,1,0.186690,0.000212
4586,1,0.186654,0.000211
4587,1,0.186619,0.000210
4588,1,0.186583,0.000210
4589,1,0.186546,0.000209
4590,1,0.186510,0.000208
4591,1,0.186474,0.000207
4592,1,0.186437,0.000207
4593,1,0.186401,0.000206
4594,1,0.186364,0.000205
4595,1,0.186328,0.000204
4596,1,0.186291,0.000203
4597,1,0.186254,0.000203
4598,1,0.186217,0.000202
4599,1,0.186180,0.000201
4600,1,0.186143,0.000200
4601,1,0.186106,0.000200
4602,1,0.186068,0.000199
4603,1,0.186031,0.000198
4604,1,0.185993,0.000198
4605,1,0.185956,0.000197
4606,1,0.185918,0.000196
4607,1,0.185881,0.000195
4608,1,0.185843,0.000195
4609,1,0.185805,0.000194
4610,1,0.185767,0.000193
4611,1,0.185729,0.000193
4612,1,0.185691,0.000192
4613,1,0.185653,0.000191
4614,1,0.185614,0.000191
4615,1,0.185576,0.000190
4616,1,0.185537,0.000189
4617,1,0.185499,0.000189
4618,1,0.185460,0.000188
4619,1,0.185422,0.000187
4620,1,0.185383,0.000187
4621,1,0.185344,0.000186
4622,1,0.185305,0.000185
4623,1,0.185266,0.000185
4624,1,0.185227,0.000184
4625,1,0.185188,0.000183
4626,1,0.185149,0.000183
4627,1,0.185110,0.000182
4628,1,0.185071,0.000181
4629,1,0.185031,0.000181
4630,1,0.184992,0.000180
4631,1,0.184952,0.000179
4632,1,0.184913,0.000179
4633,1,0.184873,0.000178
4634,1,0.184834,0.000178
4635,1,0.184794,0.000177
4636,1,0.184754,0.000176
4637,1,0.184714,0.000176
4638,1,0.184674,0.000175
4639,1,0.184634,0.000175
4640,1,0.184594,0.000174
4641,1,0.184554,0.000173
4642,1,0.184514,0.000173
4643,1,0.184474,0.000172
4644,1,0.184434,0.000172
4645,1,0.184393,0.000171
4646,1,0.184353,0.000170
4647,1,0.184313,0.000170
4648,1,0.184272,0.000169
4649,1,0.184231,0.000169
4650,1,0.184191,0.000168
4651,1,0.184150,0.000168
4652,1,0.184110,0.000167
4653,1,0.184069,0.000167
4654,1,0.184028,0.000166
4655,1,0.183987,0.000165
4656,1,0.183946,0.000165
4657,1,0.183905,0.000164
4658,1,0.183864,0.000164
4659,1,0.183823,0.000163
4660,1,0.183782,0.000163
4661,1,0.183741,0.000162
4662,1,0.183700,0.000162
4663,1,0.183659,0.000161
4664,1,0.183617,0.000161
4665,1,0.183576,0.000160
4666,1,0.183535,0.000160
4667,1,0.183493,0.000159
4668,1,0.183452,0.000158
4669,1,0.183410,0.000158
4670,1,0.183369,0.000157
4671,1,0.183327,0.000157
4672,1,0.183285,0.000156
4673,1,0.183244,0.000156
4674,1,0.183202,0.000155
4675,1,0.183160,0.000155
4676,1,0.183119,0.000154
4677,1,0.183077,0.000154
4678,1,0.183035,0.000153
4679,1,0.182993,0.000153
4680,1,0.182951,0.000152
4681,1,0.182909,0.000152
4682,1,0.182867,0.000151
4683,1,0.182825,0.000151
4684,1,0.182783,0.000151
4685,1,0.182741,0.000150
4686,1,0.182698,0.000150
4687,1,0.182656,0.000149
4688,1,0.182614,0.000149
4689,1,0.182572,0.000148
4690,1,0.182529,0.000148
4691,1,0.182487,0.000147
4692,1,0.182445,0.000147
4693,1,0.182402,0.000146
4694,1,0.182360,0.000146
4695,1,0.182317,0.000145
4696,1,0.182275,0.000145
4697,1,0.182232,0.000144
4698,1,0.182190,0.000144
4699,1,0.182147,0.000144
4700,1,0.182105,0.000143
4701,1,0.182062,0.000143
4702,1,0.182019,0.000142
4703,1,0.181977,0.000142
4704,1,0.181934,0.000141
4705,1,0.181891,0.000141
4706,1,0.181848,0.000141
4707,1,0.181806,0.000140
4708,1,0.181763,0.000140
4709,1,0.181720,0.000139
4710,1,0.181677,0.000139
4711,1,0.181634,0.000138
4712,1,0.181591,0.000138
4713,1,0.181548,0.000138
4714,1,0.181505,0.000137
4715,1,0.181462,0.000137
4716,1,0.181419,0.000136
4717,1,0.181376,0.000136
4718,1,0.181333,0.000135
4719,1,0.181290,0.000135
4720,1,0.181247,0.000135
4721,1,0.181204,0.000134
4722,1,0.181160,0.000134
4723,1,0.181117,0.000133
4724,1,0.181074,0.000133
4725,1,0.181031,0.000133
4726,1,0.180988,0.000132
4727,1,0.180944,0.000132
4728,1,0.180901,0.000131
4729,1,0.180858,0.000131
4730,1,0.180814,0.000131
4731,1,0.180771,0.000130
4732,1,0.180728,0.000130
4733,1,0.180684,0.000130
4734,1,0.180641,0.000129
4735,1,0.180597,0.000129
4736,1,0.180554,0.000128
4737,1,0.180511,0.000128
4738,1,0.180467,0.000128
4739,1,0.180424,0.000127
4740,1,0.180380,0.000127
4741,1,0.180337,0.000127
4742,1,0.180293,0.000126
4743,1,0.180250,0.000126
4744,1,0.180206,0.000125
4745,1,0.180162,0.000125
4746,1,0.180119,0.000125
4747,1,0.180075,0.000124
4748,1,0.180032,0.000124
4749,1,0.179988,0.000124
4750,1,0.179944,0.000123
4751,1,0.179901,0.000123
4752,1,0.179857,0.000123
4753,1,0.179813,0.000122
4754,1,0.179770,0.000122
4755,1,0.179726,0.000122
4756,1,0.179682,0.000121
4757,1,0.179639,0.000121
4758,1,0.179595,0.000120
4759,1,0.179551,0.000120
4760,1,0.179507,0.000120
4761,1,0.179464,0.000119
4762,1,0.179420,0.000119
4763,1,0.179376,0.000119
4764,1,0.179332,0.000118
4765,1,0.179289,0.000118
4766,1,0.179245,0.000118
4767,1,0.179201,0.000117
4768,1,0.179157,0.000117
4769,1,0.179113,0.000117
4770,1,0.179070,0.000116
4771,1,0.179026,0.000116
4772,1,0.178982,0.000116
4773,1,0.178938,0.000116
4774,1,0.178894,0.000115
4775,1,0.178850,0.000115
4776,1,0.178806,0.000115
4777,1,0.178763,0.000114
4778,1,0.178719,0.000114
4779,1,0.178675,0.000114
4780,1,0.178631,0.000113
4781,1,0.178587,0.000113
4782,1,0.178543,0.000113
4783,1,0.178499,0.000112
4784,1,0.178455,0.000112
4785,1,0.178411,0.000112
4786,1,0.178367,0.000111
4787,1,0.178324,0.000111
4788,1,0.178280,0.000111
4789,1,0.178236,0.000111
4790,1,0.178192,0.000110
4791,1,0.178148,0.000110
4792,1,0.178104,0.000110
4793,1,0.178060,0.000109
4794,1,0.178016,0.000109
4795,1,0.177972,0.000109
4796,1,0.177928,0.000108
4797,1,0.177884,0.000108
4798,1,0.177840,0.000108
4799,1,0.177796,0.000108
4800,1,0.177752,0.000107
4801,1,0.177708,0.000107
4802,1,0.177665,0.000107
4803,1,0.177621,0.000106
4804,1,0.177577,0.000106
4805,1,0.177533,0.000106
4806,1,0.177489,0.000106
4807,1,0.177445,0.000105
4808,1,0.177401,0.000105
4809,1,0.177357,0.000105
4810,1,0.177313,0.000104
4811,1,0.177269,0.000104
4812,1,0.177225,0.000104
4813,1,0.177181,0.000104
4814,1,0.177137,0.000103
4815,1,0.177093,0.000103
4816,1,0.177049,0.000103
4817,1,0.177005,0.000103
4818,1,0.176961,0.000102
4819,1,0.176918,0.000102
4820,1,0.176874,0.000102
4821,1,0.176830,0.000101
4822,1,0.176786,0.000101
4823,1,0.176742,0.000101
4824,1,0.176698,0.000101
4825,1,0.176654,0.000100
4826,1,0.176610,0.000100
4827,1,0.176566,0.000100
4828,1,0.176522,0.000100
4829,1,0.176478,0.000099
4830,1,0.176435,0.000099
4831,1,0.176391,0.000099
4832,1,0.176347,0.000099
4833,1,0.176303,0.000098
4834,1,0.176259,0.000098
4835,1,0.176215,0.000098
4836,1,0.176171,0.000098
4837,1,0.176127,0.000097
4838,1,0.176084,0.000097
4839,1,0.176040,0.000097
4840,0,0.175996,0.000078
4841,1,0.176016,0.000062
4842,1,0.176037,0.000050
4843,1,0.176056,0.000040
4844,1,0.176076,0.000032
4845,1,0.176094,0.000025
4846,1,0.176113,0.000020
4847,1,0.176131,0.000016
4848,1,0.176149,0.000013
4849,1,0.176166,0.000010
4850,1,0.176183,0.000008
4851,1,0.176199,0.000007
4852,1,0.176215,0.000005
4853,1,0.176230,0.000004
4854,1,0.176246,0.000003
4855,1,0.176260,0.000031
4856,1,0.176275,0.000112
4857,1,0.176289,0.000224
4858,1,0.176302,0.000351
4859,1,0.176315,0.000483
4860,1,0.176328,0.000612
4861,1,0.176341,0.000732
4862,1,0.176353,0.000841
4863,1,0.176364,0.000936
4864,1,0.176376,0.001017
4865,1,0.176387,0.001085
4866,1,0.176397,0.001139
4867,1,0.176407,0.001180
4868,1,0.176417,0.001209
4869,1,0.176427,0.001228
4870,1,0.176436,0.001238
4871,1,0.176444,0.001240
4872,1,0.176453,0.001234
4873,1,0.176461,0.001223
4874,1,0.176469,0.001206
4875,1,0.176476,0.001185
4876,1,0.176483,0.001161
4877,1,0.176489,0.001135
4878,1,0.176496,0.001106
4879,1,0.176502,0.001076
4880,1,0.176507,0.001045
4881,1,0.176513,0.001013
4882,1,0.176518,0.000982
4883,1,0.176522,0.000950
4884,1,0.176526,0.000919
4885,1,0.176530,0.000888
4886,1,0.176534,0.000858
4887,1,0.176537,0.000829
4888,1,0.176540,0.000801
4889,1,0.176543,0.000774
4890,1,0.176545,0.000748
4891,1,0.176547,0.000723
4892,1,0.176549,0.000699
4893,1,0.176551,0.000676
4894,1,0.176552,0.000654
4895,1,0.176552,0.000634
4896,1,0.176553,0.000614
4897,1,0.176553,0.000596
4898,1,0.176553,0.000578
4899,1,0.176553,0.000562
4900,1,0.176552,0.000546
4901,1,0.176551,0.000531
4902,1,0.176550,0.000518
4903,1,0.176548,0.000505
4904,1,0.176546,0.000492
4905,1,0.176544,0.000481
4906,1,0.176542,0.000470
4907,1,0.176539,0.000460
4908,1,0.176536,0.000450
4909,1,0.176533,0.000442
4910,1,0.176529,0.000433
4911,1,0.176526,0.000425
4912,1,0.176522,0.000418
4913,1,0.176517,0.000411
4914,1,0.176513,0.000404
4915,1,0.176508,0.000398
4916,1,0.176503,0.000392
4917,1,0.176497,0.000387
4918,1,0.176492,0.000381
4919,1,0.176486,0.000376
4920,1,0.176480,0.000372
4921,1,0.176473,0.000367
4922,1,0.176467,0.000363
4923,1,0.176460,0.000359
4924,1,0.176452,0.000356
4925,1,0.176445,0.000352
4926,1,0.176437,0.000349
4927,1,0.176430,0.000345
4928,1,0.176421,0.000342
4929,1,0.176413,0.000339
4930,1,0.176404,0.000337
4931,1,0.176396,0.000334
4932,1,0.176386,0.000331
4933,1,0.176377,0.000329
4934,1,0.176368,0.000327
4935,1,0.176358,0.000324
4936,1,0.176348,0.000322
4937,1,0.176338,0.000320
4938,1,0.176327,0.000318
4939,1,0.176316,0.000316
4940,1,0.176305,0.000314
4941,1,0.176294,0.000312
4942,1,0.176283,0.000310
4943,1,0.176271,0.000308
4944,1,0.176260,0.000307
4945,1,0.176248,0.000305
4946,1,0.176235,0.000303
4947,1,0.176223,0.000302
4948,1,0.176210,0.000300
4949,1,0.176198,0.000298
4950,1,0.176185,0.000297
4951,1,0.176171,0.000295
4952,1,0.176158,0.000294
4953,1,0.176144,0.000292
4954,1,0.176130,0.000291
4955,1,0.176116,0.000290
4956,1,0.176102,0.000288
4957,1,0.176088,0.000287
4958,1,0.176073,0.000285
4959,1,0.176058,0.000284
4960,1,0.176043,0.000283
4961,1,0.176028,0.000281
4962,1,0.176013,0.000280
4963,1,0.175997,0.000279
4964,1,0.175981,0.000278
4965,1,0.175965,0.000276
4966,1,0.175949,0.000275
4967,1,0.175933,0.000274
4968,1,0.175916,0.000273
4969,1,0.175900,0.000272
4970,1,0.175883,0.000270
4971,1,0.175866,0.000269
4972,1,0.175849,0.000268
4973,1,0.175831,0.000267
4974,1,0.175814,0.000266
4975,1,0.175796,0.000265
4976,1,0.175778,0.000263
4977,1,0.175760,0.000262
4978,1,0.175742,0.000261
4979,1,0.175724,0.000260
4980,1,0.175705,0.000259
4981,1,0.175686,0.000258
4982,1,0.175667,0.000257
4983,1,0.175648,0.000256
4984,1,0.175629,0.000255
4985,1,0.175610,0.000254
4986,1,0.175590,0.000253
4987,1,0.175571,0.000251
4988,1,0.175551,0.000250
4989,1,0.175531,0.000249
4990,1,0.175511,0.000248
4991,1,0.175491,0.000247
4992,1,0.175470,0.000246
4993,1,0.175450,0.000245
4994,1,0.175429,0.000244
4995,1,0.175408,0.000243
4996,1,0.175387,0.000242
4997,1,0.175366,0.000241
4998,1,0.175345,0.000240
4999,1,0.175323,0.000239
5000,1,0.175302,0.000239
5001,1,0.175280,0.000238
5002,1,0.175258,0.000237
5003,1,0.175236,0.000236
5004,1,0.175214,0.000235
5005,1,0.175192,0.000234
5006,1,0.175169,0.000233
5007,1,0.175147,0.000232
5008,1,0.175124,0.000231
5009,1,0.175101,0.000230
5010,1,0.175078,0.000229
5011,1,0.175055,0.000228
5012,1,0.175032,0.000227
5013,1,0.175009,0.000227
5014,1,0.174985,0.000226
5015,1,0.174962,0.000225
5016,1,0.174938,0.000224
5017,1,0.174914,0.000223
5018,1,0.174890,0.000222
5019,1,0.174866,0.000221
5020,1,0.174842,0.000220
5021,1,0.174818,0.000220
5022,1,0.174793,0.000219
5023,1,0.174769,0.000218
5024,1,0.174744,0.000217
5025,1,0.174719,0.000216
5026,1,0.174694,0.000215
5027,1,0.174670,0.000215
5028,1,0.174644,0.000214
5029,1,0.174619,0.000213
5030,1,0.174594,0.000212
5031,1,0.174568,0.000211
5032,1,0.174543,0.000211
5033,1,0.174517,0.000210
5034,1,0.174491,0.000209
5035,1,0.174466,0.000208
5036,1,0.174440,0.000207
5037,1,0.174414,0.000207
5038,1,0.174387,0.000206
5039,1,0.174361,0.000205
5040,1,0.174335,0.000204
5041,1,0.174308,0.000204
5042,1,0.174282,0.000203
5043,1,0.174255,0.000202
5044,1,0.174228,0.000201
5045,1,0.174201,0.000201
5046,1,0.174174,0.000200
5047,1,0.174147,0.000199
5048,1,0.174120,0.000198
5049,1,0.174093,0.000198
5050,1,0.174065,0.000197
5051,1,0.174038,0.000196
5052,1,0.174010,0.000196
5053,1,0.173983,0.000195
5054,1,0.173955,0.000194
5055,1,0.173927,0.000194
5056,1,0.173899,0.000193
5057,1,0.173871,0.000192
5058,1,0.173843,0.000191
5059,1,0.173815,0.000191
5060,1,0.173787,0.000190
5061,1,0.173759,0.000189
5062,1,0.173730,0.000189
5063,1,0.173702,0.000188
5064,1,0.173673,0.000187
5065,1,0.173644,0.000187
5066,1,0.173616,0.000186
5067,1,0.173587,0.000185
5068,1,0.173558,0.000185
5069,1,0.173529,0.000184
5070,1,0.173500,0.000183
5071,1,0.173471,0.000183
5072,1,0.173441,0.000182
5073,1,0.173412,0.000182
5074,1,0.173383,0.000181
5075,1,0.173353,0.000180
5076,1,0.173324,0.000180
5077,1,0.173294,0.000179
5078,1,0.173264,0.000178
5079,1,0.173234,0.000178
5080,1,0.173205,0.000177
5081,1,0.173175,0.000177
5082,1,0.173145,0.000176
5083,1,0.173115,0.000175
5084,1,0.173085,0.000175
5085,1,0.173054,0.000174
5086,1,0.173024,0.000174
5087,1,0.172994,0.000173
5088,1,0.172963,0.000172
5089,1,0.172933,0.000172
5090,1,0.172902,0.000171
5091,1,0.172872,0.000171
5092,1,0.172841,0.000170
5093,1,0.172810,0.000169
5094,1,0.172780,0.000169
5095,1,0.172749,0.000168
5096,1,0.172718,0.000168
5097,1,0.172687,0.000167
5098,1,0.172656,0.000167
5099,1,0.172625,0.000166
5100,1,0.172594,0.000166
5101,1,0.172562,0.000165
5102,1,0.172531,0.000164
5103,1,0.172500,0.000164
5104,1,0.172468,0.000163
5105,1,0.172437,0.000163
5106,1,0.172405,0.000162
5107,1,0.172374,0.000162
5108,1,0.172342,0.000161
5109,1,0.172310,0.000161
5110,1,0.172279,0.000160
5111,1,0.172247,0.000160
5112,1,0.172215,0.000159
5113,1,0.172183,0.000159
5114,1,0.172151,0.000158
5115,1,0.172119,0.000158
5116,1,0.172087,0.000157
5117,1,0.172055,0.000157
5118,1,0.172023,0.000156
5119,1,0.171991,0.000156
5120,1,0.171958,0.000155
5121,1,0.171926,0.000155
5122,1,0.171894,0.000154
5123,1,0.171861,0.000154
5124,1,0.171829,0.000153
5125,1,0.171796,0.000153
5126,1,0.171764,0.000152
5127,1,0.171731,0.000152
5128,1,0.171698,0.000151
5129,1,0.171666,0.000151
5130,1,0.171633,0.000150
5131,1,0.171600,0.000150
5132,1,0.171567,0.000149
5133,1,0.171534,0.000149
5134,1,0.171502,0.000148
5135,1,0.171469,0.000148
5136,1,0.171436,0.000147
5137,1,0.171403,0.000147
5138,1,0.171369,0.000146
5139,1,0.171336,0.000146
5140,1,0.171303,0.000145
5141,1,0.171270,0.000145
5142,1,0.171237,0.000145
5143,1,0.171203,0.000144
5144,1,0.171170,0.000144
5145,1,0.171137,0.000143
5146,1,0.171103,0.000143
5147,1,0.171070,0.000142
5148,1,0.171036,0.000142
5149,1,0.171003,0.000141
5150,1,0.170969,0.000141
5151,1,0.170936,0.000141
5152,1,0.170902,0.000140
5153,1,0.170868,0.000140
5154,1,0.170835,0.000139
5155,1,0.170801,0.000139
5156,1,0.170767,0.000138
5157,1,0.170733,0.000138
5158,1,0.170699,0.000138
5159,1,0.170665,0.000137
5160,1,0.170631,0.000137
5161,1,0.170598,0.000136
5162,1,0.170564,0.000136
5163,1,0.170530,0.000136
5164,1,0.170495,0.000135
5165,1,0.170461,0.000135
5166,1,0.170427,0.000134
5167,1,0.170393,0.000134
5168,1,0.170359,0.000134
5169,1,0.170325,0.000133
5170,1,0.170291,0.000133
5171,1,0.170256,0.000132
5172,1,0.170222,0.000132
5173,1,0.170188,0.000132
5174,1,0.170153,0.000131
5175,1,0.170119,0.000131
5176,1,0.170085,0.000130
5177,1,0.170050,0.000130
5178,1,0.170016,0.000130
5179,1,0.169981,0.000129
5180,1,0.169947,0.000129
5181,1,0.169912,0.000128
5182,1,0.169877,0.000128
5183,1,0.169843,0.000128
5184,1,0.169808,0.000127
5185,1,0.169774,0.000127
5186,1,0.169739,0.000127
5187,1,0.169704,0.000126
5188,1,0.169670,0.000126
5189,1,0.169635,0.000126
5190,1,0.169600,0.000125
5191,1,0.169565,0.000125
5192,1,0.169530,0.000124
5193,1,0.169496,0.000124
5194,1,0.169461,0.000124
5195,1,0.169426,0.000123
5196,1,0.169391,0.000123
5197,1,0.169356,0.000123
5198,1,0.169321,0.000122
5199,1,0.169286,0.000122
5200,1,0.169251,0.000122
5201,1,0.169216,0.000121
5202,1,0.169181,0.000121
5203,1,0.169146,0.000121
5204,1,0.169111,0.000120
5205,1,0.169076,0.000120
5206,1,0.169041,0.000120
5207,1,0.169006,0.000119
5208,1,0.168971,0.000119
5209,1,0.168935,0.000119
5210,1,0.168900,0.000118
5211,1,0.168865,0.000118
5212,1,0.168830,0.000118
5213,1,0.168795,0.000117
5214,1,0.168759,0.000117
5215,1,0.168724,0.000117
5216,1,0.168689,0.000116
5217,1,0.168653,0.000116
5218,1,0.168618,0.000116
5219,1,0.168583,0.000115
5220,1,0.168547,0.000115
5221,1,0.168512,0.000115
5222,1,0.168477,0.000114
5223,1,0.168441,0.000114
5224,1,0.168406,0.000114
5225,1,0.168371,0.000113
5226,1,0.168335,0.000113
5227,1,0.168300,0.000113
5228,1,0.168264,0.000112
5229,1,0.168229,0.000112
5230,1,0.168193,0.000112
5231,1,0.168158,0.000112
5232,1,0.168122,0.000111
5233,1,0.168087,0.000111
5234,1,0.168051,0.000111
5235,1,0.168016,0.000110
5236,1,0.167980,0.000110
5237,1,0.167944,0.000110
5238,1,0.167909,0.000109
5239,1,0.167873,0.000109
5240,1,0.167838,0.000109
5241,1,0.167802,0.000109
5242,1,0.167766,0.000108
5243,1,0.167731,0.000108
5244,1,0.167695,0.000108
5245,1,0.167659,0.000107
5246,1,0.167624,0.000107
5247,1,0.167588,0.000107
5248,1,0.167552,0.000107
5249,1,0.167517,0.000106
5250,1,0.167481,0.000106
5251,1,0.167445,0.000106
5252,1,0.167410,0.000105
5253,1,0.167374,0.000105
5254,1,0.167338,0.000105
5255,1,0.167302,0.000105
5256,1,0.167267,0.000104
5257,1,0.167231,0.000104
5258,1,0.167195,0.000104
5259,1,0.167159,0.000103
5260,1,0.167123,0.000103
5261,1,0.167088,0.000103
5262,1,0.167052,0.000103
5263,1,0.167016,0.000102
5264,1,0.166980,0.000102
5265,1,0.166944,0.000102
5266,1,0.166908,0.000102
5267,1,0.166873,0.000101
5268,1,0.166837,0.000101
5269,1,0.166801,0.000101
5270,1,0.166765,0.000101
5271,1,0.166729,0.000100
5272,1,0.166693,0.000100
5273,1,0.166658,0.000100
5274,1,0.166622,0.000099
5275,1,0.166586,0.000099
5276,1,0.166550,0.000099
5277,1,0.166514,0.000099
5278,1,0.166478,0.000098
5279,1,0.166442,0.000098
5280,1,0.166406,0.000098
5281,1,0.166370,0.000098
5282,1,0.166334,0.000097
5283,1,0.166299,0.000097
5284,1,0.166263,0.000097
5285,1,0.166227,0.000097
5286,1,0.166191,0.000096
5287,1,0.166155,0.000096
5288,1,0.166119,0.000096
5289,1,0.166083,0.000096
5290,1,0.166047,0.000095
5291,1,0.166011,0.000095
5292,1,0.165975,0.000095
5293,1,0.165939,0.000095
5294,1,0.165903,0.000095
5295,1,0.165867,0.000094
5296,1,0.165831,0.000094
5297,1,0.165795,0.000094
5298,1,0.165760,0.000094
5299,1,0.165724,0.000093
5300,1,0.165688,0.000093
5301,1,0.165652,0.000093
5302,1,0.165616,0.000093
5303,1,0.165580,0.000092
5304,1,0.165544,0.000092
5305,1,0.165508,0.000092
5306,1,0.165472,0.000092
5307,1,0.165436,0.000092
5308,1,0.165400,0.000091
5309,1,0.165364,0.000091
5310,1,0.165328,0.000091
5311,1,0.165292,0.000091
5312,1,0.165256,0.000090
5313,1,0.165220,0.000090
5314,1,0.165184,0.000090
5315,1,0.165148,0.000090
5316,1,0.165112,0.000089
5317,1,0.165076,0.000089
5318,1,0.165040,0.000089
5319,1,0.165005,0.000089
5320,1,0.164969,0.000089
5321,1,0.164933,0.000088
5322,1,0.164897,0.000088
5323,1,0.164861,0.000088
5324,1,0.164825,0.000088
5325,1,0.164789,0.000088
5326,1,0.164753,0.000087
5327,1,0.164717,0.000087
5328,1,0.164681,0.000087
5329,1,0.164645,0.000087
5330,1,0.164609,0.000087
5331,1,0.164573,0.000086
5332,1,0.164537,0.000086
5333,1,0.164501,0.000086
5334,1,0.164466,0.000086
5335,1,0.164430,0.000085
5336,1,0.164394,0.000085
5337,1,0.164358,0.000085
5338,1,0.164322,0.000085
5339,1,0.164286,0.000085
5340,1,0.164250,0.000084
5341,1,0.164214,0.000084
5342,1,0.164178,0.000084
5343,1,0.164142,0.000084
5344,1,0.164107,0.000084
5345,1,0.164071,0.000083
5346,1,0.164035,0.000083
5347,1,0.163999,0.000083
5348,1,0.163963,0.000083
5349,1,0.163927,0.000083
5350,1,0.163891,0.000082
5351,1,0.163856,0.000082
5352,1,0.163820,0.000082
5353,1,0.163784,0.000082
5354,1,0.163748,0.000082
5355,1,0.163712,0.000082
5356,1,0.163676,0.000081
5357,1,0.163641,0.000081
5358,1,0.163605,0.000081
5359,1,0.163569,0.000081
5360,1,0.163533,0.000081
5361,1,0.163497,0.000080
5362,1,0.163462,0.000080
5363,1,0.163426,0.000080
5364,1,0.163390,0.000080
5365,1,0.163354,0.000080
5366,1,0.163318,0.000079
5367,1,0.163283,0.000079
5368,1,0.163247,0.000079
5369,1,0.163211,0.000079
5370,1,0.163175,0.000079
5371,1,0.163140,0.000079
5372,1,0.163104,0.000078
5373,1,0.163068,0.000078
5374,1,0.163032,0.000078
5375,1,0.162997,0.000078
5376,1,0.162961,0.000078
5377,1,0.162925,0.000077
5378,1,0.162890,0.000077
5379,1,0.162854,0.000077
5380,1,0.162818,0.000077
5381,1,0.162783,0.000077
5382,1,0.162747,0.000077
5383,1,0.162711,0.000076
5384,1,0.162676,0.000076
5385,1,0.162640,0.000076
5386,1,0.162604,0.000076
5387,1,0.162569,0.000076
5388,1,0.162533,0.000076
5389,1,0.162498,0.000075
5390,1,0.162462,0.000075
5391,1,0.162426,0.000075
5392,1,0.162391,0.000075
5393,1,0.162355,0.000075
5394,1,0.162320,0.000075
5395,1,0.162284,0.000074
5396,1,0.162248,0.000074
5397,1,0.162213,0.000074
5398,1,0.162177,0.000074
5399,1,0.162142,0.000074
5400,1,0.162106,0.000074
5401,1,0.162071,0.000073
5402,1,0.162035,0.000073
5403,1,0.162000,0.000073
5404,1,0.161964,0.000073
5405,1,0.161929,0.000073
5406,1,0.161893,0.000073
5407,1,0.161858,0.000072
5408,1,0.161822,0.000072
5409,1,0.161787,0.000072
5410,1,0.161752,0.000072
5411,1,0.161716,0.000072
5412,1,0.161681,0.000072
5413,1,0.161645,0.000071
5414,1,0.161610,0.000071
5415,1,0.161575,0.000071
5416,1,0.161539,0.000071
5417,1,0.161504,0.000071
5418,1,0.161468,0.000071
5419,1,0.161433,0.000071
5420,1,0.161398,0.000070
5421,1,0.161362,0.000070
5422,1,0.161327,0.000070
5423,1,0.161292,0.000070
5424,1,0.161256,0.000070
5425,1,0.161221,0.000070
5426,1,0.161186,0.000070
5427,1,0.161151,0.000069
5428,1,0.161115,0.000069
5429,1,0.161080,0.000069
5430,1,0.161045,0.000069
5431,1,0.161010,0.000069
5432,1,0.160974,0.000069
5433,1,0.160939,0.000068
5434,1,0.160904,0.000068
5435,1,0.160869,0.000068
5436,1,0.160834,0.000068
5437,1,0.160798,0.000068
5438,1,0.160763,0.000068
5439,1,0.160728,0.000068
5440,1,0.160693,0.000067
5441,1,0.160658,0.000067
5442,1,0.160623,0.000067
5443,1,0.160588,0.000067
5444,1,0.160553,0.000067
5445,1,0.160517,0.000067
5446,1,0.160482,0.000067
5447,1,0.160447,0.000066
5448,1,0.160412,0.000066
5449,1,0.160377,0.000066
5450,1,0.160342,0.000066
5451,1,0.160307,0.000066
5452,1,0.160272,0.000066
5453,1,0.160237,0.000066
5454,1,0.160202,0.000065
5455,1,0.160167,0.000065
5456,1,0.160132,0.000065
5457,1,0.160097,0.000065
5458,1,0.160062,0.000065
5459,1,0.160027,0.000065
5460,1,0.159993,0.000065
5461,1,0.159958,0.000065
5462,1,0.159923,0.000064
5463,1,0.159888,0.000064
5464,1,0.159853,0.000064
5465,1,0.159818,0.000064
5466,1,0.159783,0.000064
5467,1,0.159748,0.000064
5468,1,0.159714,0.000064
5469,1,0.159679,0.000063
5470,1,0.159644,0.000063
5471,1,0.159609,0.000063
5472,1,0.159574,0.000063
5473,1,0.159540,0.000063
5474,1,0.159505,0.000063
5475,1,0.159470,0.000063
5476,1,0.159435,0.000063
5477,1,0.159401,0.000062
5478,1,0.159366,0.000062
5479,1,0.159331,0.000062
5480,1,0.159297,0.000062
5481,1,0.159262,0.000062
5482,1,0.159227,0.000062
5483,1,0.159193,0.000062
5484,1,0.159158,0.000062
5485,1,0.159123,0.000061
5486,1,0.159089,0.000061
5487,1,0.159054,0.000061
5488,1,0.159020,0.000061
5489,1,0.158985,0.000061
5490,1,0.158950,0.000061
5491,1,0.158916,0.000061
5492,1,0.158881,0.000061
5493,1,0.158847,0.000060
5494,1,0.158812,0.000060
5495,1,0.158778,0.000060
5496,1,0.158743,0.000060
5497,1,0.158709,0.000060
5498,1,0.158674,0.000060
5499,1,0.158640,0.000060
5500,1,0.158606,0.000060
5501,1,0.158571,0.000059
5502,1,0.158537,0.000059
5503,1,0.158502,0.000059
5504,1,0.158468,0.000059
5505,1,0.158434,0.000059
5506,1,0.158399,0.000059
5507,1,0.158365,0.000059
5508,1,0.158331,0.000059
5509,1,0.158296,0.000059
5510,1,0.158262,0.000058
5511,1,0.158228,0.000058
5512,1,0.158193,0.000058
5513,1,0.158159,0.000058
5514,1,0.158125,0.000058
5515,1,0.158091,0.000058
5516,1,0.158056,0.000058
5517,1,0.158022,0.000058
5518,1,0.157988,0.000058
5519,1,0.157954,0.000057
5520,1,0.157920,0.000057
5521,1,0.157886,0.000057
5522,1,0.157851,0.000057
5523,1,0.157817,0.000057
5524,1,0.157783,0.000057
5525,1,0.157749,0.000057
5526,1,0.157715,0.000057
5527,1,0.157681,0.000057
5528,1,0.157647,0.000056
5529,1,0.157613,0.000056
5530,1,0.157579,0.000056
5531,1,0.157545,0.000056
5532,1,0.157511,0.000056
5533,1,0.157477,0.000056
5534,1,0.157443,0.000056
5535,1,0.157409,0.000056
5536,1,0.157375,0.000056
5537,1,0.157341,0.000055
5538,1,0.157307,0.000055
5539,1,0.157273,0.000055
5540,1,0.157239,0.000055
5541,1,0.157205,0.000055
5542,1,0.157171,0.000055
5543,1,0.157138,0.000055
5544,1,0.157104,0.000055
5545,1,0.157070,0.000055
5546,1,0.157036,0.000054
5547,1,0.157002,0.000054
5548,1,0.156968,0.000054
5549,1,0.156935,0.000054
5550,1,0.156901,0.000054
5551,1,0.156867,0.000054
5552,1,0.156833,0.000054
5553,1,0.156800,0.000054
5554,1,0.156766,0.000054
5555,1,0.156732,0.000054
5556,1,0.156699,0.000053
5557,1,0.156665,0.000053
5558,1,0.156631,0.000053
5559,1,0.156598,0.000053
5560,1,0.156564,0.000053
5561,1,0.156530,0.000053
5562,1,0.156497,0.000053
5563,1,0.156463,0.000053
5564,1,0.156430,0.000053
5565,1,0.156396,0.000053
5566,1,0.156363,0.000052
5567,1,0.156329,0.000052
5568,1,0.156296,0.000052
5569,1,0.156262,0.000052
5570,1,0.156229,0.000052
5571,1,0.156195,0.000052
5572,1,0.156162,0.000052
5573,1,0.156128,0.000052
5574,1,0.156095,0.000052
5575,1,0.156061,0.000052
5576,1,0.156028,0.000051
5577,1,0.155995,0.000051
5578,1,0.155961,0.000051
5579,1,0.155928,0.000051
5580,1,0.155895,0.000051
5581,1,0.155861,0.000051
5582,1,0.155828,0.000051
5583,1,0.155795,0.000051
5584,1,0.155761,0.000051
5585,1,0.155728,0.000051
5586,1,0.155695,0.000051
5587,1,0.155662,0.000050
5588,1,0.155629,0.000050
5589,1,0.155595,0.000050
5590,1,0.155562,0.000050
5591,1,0.155529,0.000050
5592,1,0.155496,0.000050
5593,1,0.155463,0.000050
5594,1,0.155429,0.000050
5595,1,0.155396,0.000050
5596,1,0.155363,0.000050
5597,1,0.155330,0.000050
5598,1,0.155297,0.000049
5599,1,0.155264,0.000049
5600,1,0.155231,0.000049
5601,1,0.155198,0.000049
5602,1,0.155165,0.000049
5603,1,0.155132,0.000049
5604,1,0.155099,0.000049
5605,1,0.155066,0.000049
5606,1,0.155033,0.000049
5607,1,0.155000,0.000049
5608,1,0.154967,0.000049
5609,1,0.154934,0.000048
5610,1,0.154901,0.000048
5611,1,0.154868,0.000048
5612,1,0.154836,0.000048
5613,1,0.154803,0.000048
5614,1,0.154770,0.000048
5615,1,0.154737,0.000048
5616,1,0.154704,0.000048
5617,1,0.154671,0.000048
5618,1,0.154639,0.000048
5619,1,0.154606,0.000048
5620,1,0.154573,0.000048
5621,1,0.154540,0.000047
5622,1,0.154508,0.000047
5623,1,0.154475,0.000047
5624,1,0.154442,0.000047
5625,1,0.154410,0.000047
5626,1,0.154377,0.000047
5627,1,0.154344,0.000047
5628,1,0.154312,0.000047
5629,1,0.154279,0.000047
5630,1,0.154246,0.000047
5631,1,0.154214,0.000047
5632,1,0.154181,0.000047
5633,1,0.154149,0.000046
5634,1,0.154116,0.000046
5635,1,0.154084,0.000046
5636,1,0.154051,0.000046
5637,1,0.154019,0.000046
5638,1,0.153986,0.000046
5639,1,0.153954,0.000046
5640,1,0.153921,0.000046
5641,1,0.153889,0.000046
5642,1,0.153856,0.000046
5643,1,0.153824,0.000046
5644,1,0.153792,0.000046
5645,1,0.153759,0.000045
5646,1,0.153727,0.000045
5647,1,0.153694,0.000045
5648,1,0.153662,0.000045
5649,1,0.153630,0.000045
5650,1,0.153598,0.000045
5651,1,0.153565,0.000045
5652,1,0.153533,0.000045
5653,1,0.153501,0.000045
5654,1,0.153468,0.000045
5655,1,0.153436,0.000045
5656,1,0.153404,0.000045
5657,1,0.153372,0.000045
5658,1,0.153340,0.000044
5659,1,0.153307,0.000044
5660,1,0.153275,0.000044
5661,1,0.153243,0.000044
5662,1,0.153211,0.000044
5663,1,0.153179,0.000044
5664,1,0.153147,0.000044
5665,1,0.153115,0.000044
5666,1,0.153083,0.000044
5667,1,0.153051,0.000044
5668,1,0.153019,0.000044
5669,1,0.152987,0.000044
5670,1,0.152955,0.000044
5671,1,0.152923,0.000043
5672,1,0.152891,0.000043
5673,1,0.152859,0.000043
5674,1,0.152827,0.000043
5675,1,0.152795,0.000043
5676,1,0.152763,0.000043
5677,1,0.152731,0.000043
5678,1,0.152699,0.000043
5679,1,0.152667,0.000043
5680,1,0.152635,0.000043
5681,1,0.152603,0.000043
5682,1,0.152572,0.000043
5683,1,0.152540,0.000043
5684,1,0.152508,0.000043
5685,1,0.152476,0.000042
5686,1,0.152445,0.000042
5687,1,0.152413,0.000042
5688,1,0.152381,0.000042
5689,1,0.152349,0.000042
5690,1,0.152318,0.000042
5691,1,0.152286,0.000042
5692,1,0.152254,0.000042
5693,1,0.152223,0.000042
5694,1,0.152191,0.000042
5695,1,0.152159,0.000042
5696,1,0.152128,0.000042
5697,1,0.152096,0.000042
5698,1,0.152065,0.000042
5699,1,0.152033,0.000041
5700,1,0.152001,0.000041
5701,1,0.151970,0.000041
5702,1,0.151938,0.000041
5703,1,0.151907,0.000041
5704,1,0.151875,0.000041
5705,1,0.151844,0.000041
5706,1,0.151812,0.000041
5707,1,0.151781,0.000041
5708,1,0.151749,0.000041
5709,1,0.151718,0.000041
5710,1,0.151687,0.000041
5711,1,0.151655,0.000041
5712,1,0.151624,0.000041
5713,1,0.151593,0.000041
5714,1,0.151561,0.000040
5715,1,0.151530,0.000040
5716,1,0.151499,0.000040
5717,1,0.151467,0.000040
5718,1,0.151436,0.000040
5719,1,0.151405,0.000040
5720,1,0.151373,0.000040
5721,1,0.151342,0.000040
5722,1,0.151311,0.000040
5723,1,0.151280,0.000040
5724,1,0.151249,0.000040
5725,1,0.151217,0.000040
5726,1,0.151186,0.000040
5727,1,0.151155,0.000040
5728,1,0.151124,0.000040
5729,1,0.151093,0.000039
5730,1,0.151062,0.000039
5731,1,0.151031,0.000039
5732,1,0.151000,0.000039
5733,1,0.150969,0.000039
5734,1,0.150938,0.000039
5735,1,0.150906,0.000039
5736,1,0.150875,0.000039
5737,1,0.150844,0.000039
5738,1,0.150813,0.000039
5739,1,0.150783,0.000039
5740,1,0.150752,0.000039
5741,1,0.150721,0.000039
5742,1,0.150690,0.000039
5743,1,0.150659,0.000039
5744,1,0.150628,0.000039
5745,1,0.150597,0.000038
5746,1,0.150566,0.000038
5747,1,0.150535,0.000038
5748,1,0.150505,0.000038
5749,1,0.150474,0.000038
5750,1,0.150443,0.000038
5751,1,0.150412,0.000038
5752,1,0.150381,0.000038
5753,1,0.150351,0.000038
5754,1,0.150320,0.000038
5755,1,0.150289,0.000038
5756,1,0.150258,0.000038
5757,1,0.150228,0.000038
5758,1,0.150197,0.000038
5759,1,0.150166,0.000038
5760,1,0.150136,0.000038
5761,1,0.150105,0.000037
5762,1,0.150074,0.000037
5763,1,0.150044,0.000037
5764,1,0.150013,0.000037
5765,1,0.149983,0.000037
5766,1,0.149952,0.000037
5767,1,0.149922,0.000037
5768,1,0.149891,0.000037
5769,1,0.149861,0.000037
5770,1,0.149830,0.000037
5771,1,0.149800,0.000037
5772,1,0.149769,0.000037
5773,1,0.149739,0.000037
5774,1,0.149708,0.000037
5775,1,0.149678,0.000037
5776,1,0.149647,0.000037
5777,1,0.149617,0.000037
5778,1,0.149587,0.000037
5779,1,0.149556,0.000036
5780,1,0.149526,0.000036
5781,1,0.149495,0.000036
5782,1,0.149465,0.000036
5783,1,0.149435,0.000036
5784,1,0.149405,0.000036
5785,1,0.149374,0.000036
5786,1,0.149344,0.000036
5787,1,0.149314,0.000036
5788,1,0.149284,0.000036
5789,1,0.149253,0.000036
5790,1,0.149223,0.000036
5791,1,0.149193,0.000036
5792,1,0.149163,0.000036
5793,1,0.149133,0.000036
5794,1,0.149102,0.000036
5795,1,0.149072,0.000036
5796,1,0.149042,0.000035
5797,1,0.149012,0.000035
5798,1,0.148982,0.000035
5799,1,0.148952,0.000035
5800,1,0.148922,0.000035
5801,1,0.148892,0.000035
5802,1,0.148862,0.000035
5803,1,0.148832,0.000035
5804,1,0.148802,0.000035
5805,1,0.148772,0.000035
5806,1,0.148742,0.000035
5807,1,0.148712,0.000035
5808,1,0.148682,0.000035
5809,1,0.148652,0.000035
5810,1,0.148622,0.000035
5811,1,0.148592,0.000035
5812,1,0.148562,0.000035
5813,1,0.148533,0.000035
5814,1,0.148503,0.000035
5815,1,0.148473,0.000034
5816,1,0.148443,0.000034
5817,1,0.148413,0.000034
5818,1,0.148383,0.000034
5819,1,0.148354,0.000034
5820,1,0.148324,0.000034
5821,1,0.148294,0.000034
5822,1,0.148264,0.000034
5823,1,0.148235,0.000034
5824,1,0.148205,0.000034
5825,1,0.148175,0.000034
5826,1,0.148146,0.000034
5827,1,0.148116,0.000034
5828,1,0.148086,0.000034
5829,1,0.148057,0.000034
5830,1,0.148027,0.000034
5831,1,0.147998,0.000034
5832,1,0.147968,0.000034
5833,1,0.147938,0.000034
5834,1,0.147909,0.000034
5835,1,0.147879,0.000033
5836,1,0.147850,0.000033
5837,1,0.147820,0.000033
5838,1,0.147791,0.000033
5839,1,0.147761,0.000033
5840,1,0.147732,0.000033
5841,1,0.147702,0.000033
5842,1,0.147673,0.000033
5843,1,0.147644,0.000033
5844,1,0.147614,0.000033
5845,1,0.147585,0.000033
5846,1,0.147555,0.000033
5847,1,0.147526,0.000033
5848,1,0.147497,0.000033
5849,1,0.147467,0.000033
5850,1,0.147438,0.000033
5851,1,0.147409,0.000033
5852,1,0.147379,0.000033
5853,1,0.147350,0.000033
5854,1,0.147321,0.000033
5855,1,0.147292,0.000032
5856,1,0.147262,0.000032
5857,1,0.147233,0.000032
5858,1,0.147204,0.000032
5859,1,0.147175,0.000032
5860,1,0.147146,0.000032
5861,1,0.147117,0.000032
5862,1,0.147087,0.000032
5863,1,0.147058,0.000032
5864,1,0.147029,0.000032
5865,1,0.147000,0.000032
5866,1,0.146971,0.000032
5867,1,0.146942,0.000032
5868,1,0.146913,0.000032
5869,1,0.146884,0.000032
5870,1,0.146855,0.000032
5871,1,0.146826,0.000032
5872,1,0.146797,0.000032
5873,1,0.146768,0.000032
5874,1,0.146739,0.000032
5875,1,0.146710,0.000032
5876,1,0.146681,0.000031
5877,1,0.146652,0.000031
5878,1,0.146623,0.000031
5879,1,0.146594,0.000031
5880,1,0.146565,0.000031
5881,1,0.146536,0.000031
5882,1,0.146508,0.000031
5883,1,0.146479,0.000031
5884,1,0.146450,0.000031
5885,1,0.146421,0.000031
5886,1,0.146392,0.000031
5887,1,0.146364,0.000031
5888,1,0.146335,0.000031
5889,1,0.146306,0.000031
5890,1,0.146277,0.000031
5891,1,0.146249,0.000031
5892,1,0.146220,0.000031
5893,1,0.146191,0.000031
5894,1,0.146163,0.000031
5895,1,0.146134,0.000031
5896,1,0.146105,0.000031
5897,1,0.146077,0.000031
5898,1,0.146048,0.000031
5899,1,0.146019,0.000030
5900,1,0.145991,0.000030
5901,1,0.145962,0.000030
5902,1,0.145934,0.000030
5903,1,0.145905,0.000030
5904,1,0.145877,0.000030
5905,1,0.145848,0.000030
5906,1,0.145819,0.000030
5907,1,0.145791,0.000030
5908,1,0.145763,0.000030
5909,1,0.145734,0.000030
5910,1,0.145706,0.000030
5911,1,0.145677,0.000030
5912,1,0.145649,0.000030
5913,1,0.145620,0.000030
5914,1,0.145592,0.000030
5915,1,0.145564,0.000030
5916,1,0.145535,0.000030
5917,1,0.145507,0.000030
5918,1,0.145478,0.000030
5919,1,0.145450,0.000030
5920,1,0.145422,0.000030
5921,1,0.145394,0.000030
5922,1,0.145365,0.000029
5923,1,0.145337,0.000029
5924,1,0.145309,0.000029
5925,1,0.145281,0.000029
5926,1,0.145252,0.000029
5927,1,0.145224,0.000029
5928,1,0.145196,0.000029
5929,1,0.145168,0.000029
5930,1,0.145140,0.000029
5931,1,0.145111,0.000029
5932,1,0.145083,0.000029
5933,1,0.145055,0.000029
5934,1,0.145027,0.000029
5935,1,0.144999,0.000029
5936,1,0.144971,0.000029
5937,1,0.144943,0.000029
5938,1,0.144915,0.000029
5939,1,0.144887,0.000029
5940,1,0.144859,0.000029
5941,1,0.144831,0.000029
5942,1,0.144803,0.000029
5943,1,0.144775,0.000029
5944,1,0.144747,0.000029
5945,1,0.144719,0.000029
5946,1,0.144691,0.000029
5947,1,0.144663,0.000028
5948,1,0.144635,0.000028
5949,1,0.144607,0.000028
5950,1,0.144579,0.000028
5951,1,0.144551,0.000028
5952,1,0.144523,0.000028
5953,1,0.144496,0.000028
5954,1,0.144468,0.000028
5955,1,0.144440,0.000028
5956,1,0.144412,0.000028
5957,1,0.144384,0.000028
5958,1,0.144357,0.000028
5959,1,0.144329,0.000028
5960,1,0.144301,0.000028
5961,1,0.144273,0.000028
5962,1,0.144246,0.000028
5963,1,0.144218,0.000028
5964,1,0.144190,0.000028
5965,1,0.144162,0.000028
5966,1,0.144135,0.000028
5967,1,0.144107,0.000028
5968,1,0.144080,0.000028
5969,1,0.144052,0.000028
5970,1,0.144024,0.000028
5971,1,0.143997,0.000028
5972,1,0.143969,0.000028
5973,1,0.143942,0.000027
5974,1,0.143914,0.000027
5975,1,0.143886,0.000027
5976,1,0.143859,0.000027
5977,1,0.143831,0.000027
5978,1,0.143804,0.000027
5979,1,0.143776,0.000027
5980,1,0.143749,0.000027
5981,1,0.143722,0.000027
5982,1,0.143694,0.000027
5983,1,0.143667,0.000027
5984,1,0.143639,0.000027
5985,1,0.143612,0.000027
5986,1,0.143584,0.000027
5987,1,0.143557,0.000027
5988,1,0.143530,0.000027
5989,1,0.143502,0.000027
5990,1,0.143475,0.000027
5991,1,0.143448,0.000027
5992,1,0.143420,0.000027
5993,1,0.143393,0.000027
5994,1,0.143366,0.000027
5995,1,0.143339,0.000027
5996,1,0.143311,0.000027
5997,1,0.143284,0.000027
5998,1,0.143257,0.000027
5999,1,0.143230,0.000027
6000,1,0.143202,0.000027
6001,1,0.143175,0.000026
6002,1,0.143148,0.000026
6003,1,0.143121,0.000026
6004,1,0.143094,0.000026
6005,1,0.143067,0.000026
6006,1,0.143040,0.000026
6007,1,0.143012,0.000026
6008,1,0.142985,0.000026
6009,1,0.142958,0.000026
6010,1,0.142931,0.000026
6011,1,0.142904,0.000026
6012,1,0.142877,0.000026
6013,1,0.142850,0.000026
6014,1,0.142823,0.000026
6015,1,0.142796,0.000026
6016,1,0.142769,0.000026
6017,1,0.142742,0.000026
6018,1,0.142715,0.000026
6019,1,0.142688,0.000026
6020,1,0.142661,0.000026
6021,1,0.142634,0.000026
6022,1,0.142607,0.000026
6023,1,0.142581,0.000026
6024,1,0.142554,0.000026
6025,1,0.142527,0.000026
6026,1,0.142500,0.000026
6027,1,0.142473,0.000026
6028,1,0.142446,0.000026
6029,1,0.142420,0.000026
6030,1,0.142393,0.000025
6031,1,0.142366,0.000025
6032,1,0.142339,0.000025
6033,1,0.142312,0.000025
6034,1,0.142286,0.000025
6035,1,0.142259,0.000025
6036,1,0.142232,0.000025
6037,1,0.142206,0.000025
6038,1,0.142179,0.000025
6039,1,0.142152,0.000025
6040,1,0.142126,0.000025
6041,1,0.142099,0.000025
6042,1,0.142072,0.000025
6043,1,0.142046,0.000025
6044,1,0.142019,0.000025
6045,1,0.141992,0.000025
6046,1,0.141966,0.000025
6047,1,0.141939,0.000025
6048,1,0.141913,0.000025
6049,1,0.141886,0.000025
6050,1,0.141860,0.000025
6051,1,0.141833,0.000025
6052,1,0.141807,0.000025
6053,1,0.141780,0.000025
6054,1,0.141754,0.000025
6055,1,0.141727,0.000025
6056,1,0.141701,0.000025
6057,1,0.141674,0.000025
6058,1,0.141648,0.000025
6059,1,0.141621,0.000025
6060,1,0.141595,0.000025
6061,1,0.141569,0.000024
6062,1,0.141542,0.000024
6063,1,0.141516,0.000024
6064,1,0.141490,0.000024
6065,1,0.141463,0.000024
6066,1,0.141437,0.000024
6067,1,0.141411,0.000024
6068,1,0.141384,0.000024
6069,1,0.141358,0.000024
6070,1,0.141332,0.000024
6071,1,0.141306,0.000024
6072,1,0.141279,0.000024
6073,1,0.141253,0.000024
6074,1,0.141227,0.000024
6075,1,0.141201,0.000024
6076,1,0.141174,0.000024
6077,1,0.141148,0.000024
6078,1,0.141122,0.000024
6079,1,0.141096,0.000024
6080,1,0.141070,0.000024
6081,1,0.141044,0.000024
6082,1,0.141018,0.000024
6083,1,0.140991,0.000024
6084,1,0.140965,0.000024
6085,1,0.140939,0.000024
6086,1,0.140913,0.000024
6087,1,0.140887,0.000024
6088,1,0.140861,0.000024
6089,1,0.140835,0.000024
6090,1,0.140809,0.000024
6091,1,0.140783,0.000024
6092,1,0.140757,0.000024
6093,1,0.140731,0.000024
6094,1,0.140705,0.000023
6095,1,0.140679,0.000023
6096,1,0.140653,0.000023
6097,1,0.140627,0.000023
6098,1,0.140602,0.000023
6099,1,0.140576,0.000023
6100,1,0.140550,0.000023
6101,1,0.140524,0.000023
6102,1,0.140498,0.000023
6103,1,0.140472,0.000023
6104,1,0.140446,0.000023
6105,1,0.140421,0.000023
6106,1,0.140395,0.000023
6107,1,0.140369,0.000023
6108,1,0.140343,0.000023
6109,1,0.140317,0.000023
6110,1,0.140292,0.000023
6111,1,0.140266,0.000023
6112,1,0.140240,0.000023
6113,1,0.140214,0.000023
6114,1,0.140189,0.000023
6115,1,0.140163,0.000023
6116,1,0.140137,0.000023
6117,1,0.140112,0.000023
6118,1,0.140086,0.000023
6119,1,0.140060,0.000023
6120,1,0.140035,0.000023
6121,1,0.140009,0.000023
6122,1,0.139984,0.000023
6123,1,0.139958,0.000023
6124,1,0.139932,0.000023
6125,1,0.139907,0.000023
6126,1,0.139881,0.000023
6127,1,0.139856,0.000023
6128,1,0.139830,0.000023
6129,1,0.139805,0.000022
6130,1,0.139779,0.000022
6131,1,0.139754,0.000022
6132,1,0.139728,0.000022
6133,1,0.139703,0.000022
6134,1,0.139677,0.000022
6135,1,0.139652,0.000022
6136,1,0.139627,0.000022
6137,1,0.139601,0.000022
6138,1,0.139576,0.000022
6139,1,0.139550,0.000022
6140,1,0.139525,0.000022
6141,1,0.139500,0.000022
6142,1,0.139474,0.000022
6143,1,0.139449,0.000022
6144,1,0.139424,0.000022
6145,1,0.139398,0.000022
6146,1,0.139373,0.000022
6147,1,0.139348,0.000022
6148,1,0.139322,0.000022
6149,1,0.139297,0.000022
6150,1,0.139272,0.000022
6151,1,0.139247,0.000022
6152,1,0.139221,0.000022
6153,1,0.139196,0.000022
6154,1,0.139171,0.000022
6155,1,0.139146,0.000022
6156,1,0.139121,0.000022
6157,1,0.139095,0.000022
6158,1,0.139070,0.000022
6159,1,0.139045,0.000022
6160,1,0.139020,0.000022
6161,1,0.138995,0.000022
6162,1,0.138970,0.000022
6163,1,0.138945,0.000022
6164,1,0.138920,0.000022
6165,1,0.138895,0.000022
6166,1,0.138870,0.000021
6167,1,0.138845,0.000021
6168,1,0.138819,0.000021
6169,1,0.138794,0.000021
6170,1,0.138769,0.000021
6171,1,0.138744,0.000021
6172,1,0.138720,0.000021
6173,1,0.138695,0.000021
6174,1,0.138670,0.000021
6175,1,0.138645,0.000021
6176,1,0.138620,0.000021
6177,1,0.138595,0.000021
6178,1,0.138570,0.000021
6179,1,0.138545,0.000021
6180,1,0.138520,0.000021
6181,1,0.138495,0.000021
6182,1,0.138470,0.000021
6183,1,0.138446,0.000021
6184,1,0.138421,0.000021
6185,1,0.138396,0.000021
6186,1,0.138371,0.000021
6187,1,0.138346,0.000021
6188,1,0.138321,0.000021
6189,1,0.138297,0.000021
6190,1,0.138272,0.000021
6191,1,0.138247,0.000021
6192,1,0.138222,0.000021
6193,1,0.138198,0.000021
6194,1,0.138173,0.000021
6195,1,0.138148,0.000021
6196,1,0.138124,0.000021
6197,1,0.138099,0.000021
6198,1,0.138074,0.000021
6199,1,0.138050,0.000021
6200,1,0.138025,0.000021
6201,1,0.138000,0.000021
6202,1,0.137976,0.000021
6203,1,0.137951,0.000021
6204,1,0.137927,0.000021
6205,1,0.137902,0.000021
6206,1,0.137877,0.000020
6207,1,0.137853,0.000020
6208,1,0.137828,0.000020
6209,1,0.137804,0.000020
6210,1,0.137779,0.000020
6211,1,0.137755,0.000020
6212,1,0.137730,0.000020
6213,1,0.137706,0.000020
6214,1,0.137681,0.000020
6215,1,0.137657,0.000020
6216,1,0.137632,0.000020
6217,1,0.137608,0.000020
6218,1,0.137584,0.000020
6219,1,0.137559,0.000020
6220,1,0.137535,0.000020
6221,1,0.137510,0.000020
6222,1,0.137486,0.000020
6223,1,0.137462,0.000020
6224,1,0.137437,0.000020
6225,1,0.137413,0.000020
6226,1,0.137389,0.000020
6227,1,0.137364,0.000020
6228,1,0.137340,0.000020
6229,1,0.137316,0.000020
6230,1,0.137291,0.000020
6231,1,0.137267,0.000020
6232,1,0.137243,0.000020
6233,1,0.137219,0.000020
6234,1,0.137194,0.000020
6235,1,0.137170,0.000020
6236,1,0.137146,0.000020
6237,1,0.137122,0.000020
6238,1,0.137097,0.000020
6239,1,0.137073,0.000020
6240,1,0.137049,0.000020
6241,1,0.137025,0.000020
6242,1,0.137001,0.000020
6243,1,0.136977,0.000020
6244,1,0.136953,0.000020
6245,1,0.136928,0.000020
6246,1,0.136904,0.000020
6247,1,0.136880,0.000020
6248,1,0.136856,0.000020
6249,1,0.136832,0.000019
6250,1,0.136808,0.000019
6251,1,0.136784,0.000019
6252,1,0.136760,0.000019
6253,1,0.136736,0.000019
6254,1,0.136712,0.000019
6255,1,0.136688,0.000019
6256,1,0.136664,0.000019
6257,1,0.136640,0.000019
6258,1,0.136616,0.000019
6259,1,0.136592,0.000019
6260,1,0.136568,0.000019
6261,1,0.136544,0.000019
6262,1,0.136520,0.000019
6263,1,0.136496,0.000019
6264,1,0.136473,0.000019
6265,1,0.136449,0.000019
6266,1,0.136425,0.000019
6267,1,0.136401,0.000019
6268,1,0.136377,0.000019
6269,1,0.136353,0.000019
6270,1,0.136330,0.000019
6271,1,0.136306,0.000019
6272,1,0.136282,0.000019
6273,1,0.136258,0.000019
6274,1,0.136234,0.000019
6275,1,0.136211,0.000019
6276,1,0.136187,0.000019
6277,1,0.136163,0.000019
6278,1,0.136139,0.000019
6279,1,0.136116,0.000019
6280,1,0.136092,0.000019
6281,1,0.136068,0.000019
6282,1,0.136045,0.000019
6283,1,0.136021,0.000019
6284,1,0.135997,0.000019
6285,1,0.135974,0.000019
6286,1,0.135950,0.000019
6287,1,0.135926,0.000019
6288,1,0.135903,0.000019
6289,1,0.135879,0.000019
6290,1,0.135856,0.000019
6291,1,0.135832,0.000019
6292,1,0.135808,0.000019
6293,1,0.135785,0.000019
6294,1,0.135761,0.000019
6295,1,0.135738,0.000019
6296,1,0.135714,0.000018
6297,1,0.135691,0.000018
6298,1,0.135667,0.000018
6299,1,0.135644,0.000018
6300,1,0.135620,0.000018
6301,1,0.135597,0.000018
6302,1,0.135573,0.000018
6303,1,0.135550,0.000018
6304,1,0.135526,0.000018
6305,1,0.135503,0.000018
6306,1,0.135480,0.000018
6307,1,0.135456,0.000018
6308,1,0.135433,0.000018
6309,1,0.135409,0.000018
6310,1,0.135386,0.000018
6311,1,0.135363,0.000018
6312,1,0.135339,0.000018
6313,1,0.135316,0.000018
6314,1,0.135293,0.000018
6315,1,0.135269,0.000018
6316,1,0.135246,0.000018
6317,1,0.135223,0.000018
6318,1,0.135199,0.000018
6319,1,0.135176,0.000018
6320,1,0.135153,0.000018
6321,1,0.135130,0.000018
6322,1,0.135106,0.000018
6323,1,0.135083,0.000018
6324,1,0.135060,0.000018
6325,1,0.135037,0.000018
6326,1,0.135014,0.000018
6327,1,0.134990,0.000018
6328,1,0.134967,0.000018
6329,1,0.134944,0.000018
6330,1,0.134921,0.000018
6331,1,0.134898,0.000018
6332,1,0.134875,0.000018
6333,1,0.134852,0.000018
6334,1,0.134829,0.000018
6335,1,0.134805,0.000018
6336,1,0.134782,0.000018
6337,1,0.134759,0.000018
6338,1,0.134736,0.000018
6339,1,0.134713,0.000018
6340,1,0.134690,0.000018
6341,1,0.134667,0.000018
6342,1,0.134644,0.000018
6343,1,0.134621,0.000018
6344,1,0.134598,0.000018
6345,1,0.134575,0.000018
6346,1,0.134552,0.000018
6347,1,0.134529,0.000017
6348,1,0.134506,0.000017
6349,1,0.134483,0.000017
6350,1,0.134460,0.000017
6351,1,0.134437,0.000017
6352,1,0.134415,0.000017
6353,1,0.134392,0.000017
6354,1,0.134369,0.000017
6355,1,0.134346,0.000017
6356,1,0.134323,0.000017
6357,1,0.134300,0.000017
6358,1,0.134277,0.000017
6359,1,0.134255,0.000017
6360,1,0.134232,0.000017
6361,1,0.134209,0.000017
6362,1,0.134186,0.000017
6363,1,0.134163,0.000017
6364,1,0.134141,0.000017
6365,1,0.134118,0.000017
6366,1,0.134095,0.000017
6367,1,0.134072,0.000017
6368,1,0.134050,0.000017
6369,1,0.134027,0.000017
6370,1,0.134004,0.000017
6371,1,0.133981,0.000017
6372,1,0.133959,0.000017
6373,1,0.133936,0.000017
6374,1,0.133913,0.000017
6375,1,0.133891,0.000017
6376,1,0.133868,0.000017
6377,1,0.133845,0.000017
6378,1,0.133823,0.000017
6379,1,0.133800,0.000017
6380,1,0.133778,0.000017
6381,1,0.133755,0.000017
6382,1,0.133732,0.000017
6383,1,0.133710,0.000017
6384,1,0.133687,0.000017
6385,1,0.133665,0.000017
6386,1,0.133642,0.000017
6387,1,0.133620,0.000017
6388,1,0.133597,0.000017
6389,1,0.133575,0.000017
6390,1,0.133552,0.000017
6391,1,0.133530,0.000017
6392,1,0.133507,0.000017
6393,1,0.133485,0.000017
6394,1,0.133462,0.000017
6395,1,0.133440,0.000017
6396,1,0.133417,0.000017
6397,1,0.133395,0.000017
6398,1,0.133373,0.000017
6399,1,0.133350,0.000017
6400,1,0.133328,0.000017
6401,1,0.133305,0.000017
6402,1,0.133283,0.000016
6403,1,0.133261,0.000016
6404,1,0.133238,0.000016
6405,1,0.133216,0.000016
6406,1,0.133194,0.000016
6407,1,0.133171,0.000016
6408,1,0.133149,0.000016
6409,1,0.133127,0.000016
6410,1,0.133104,0.000016
6411,1,0.133082,0.000016
6412,1,0.133060,0.000016
6413,1,0.133038,0.000016
6414,1,0.133015,0.000016
6415,1,0.132993,0.000016
6416,1,0.132971,0.000016
6417,1,0.132949,0.000016
6418,1,0.132926,0.000016
6419,1,0.132904,0.000016
6420,1,0.132882,0.000016
6421,1,0.132860,0.000016
6422,1,0.132838,0.000016
6423,1,0.132816,0.000016
6424,1,0.132793,0.000016
6425,1,0.132771,0.000016
6426,1,0.132749,0.000016
6427,1,0.132727,0.000016
6428,1,0.132705,0.000016
6429,1,0.132683,0.000016
6430,1,0.132661,0.000016
6431,1,0.132639,0.000016
6432,1,0.132617,0.000016
6433,1,0.132595,0.000016
6434,1,0.132573,0.000016
6435,1,0.132551,0.000016
6436,1,0.132529,0.000016
6437,1,0.132507,0.000016
6438,1,0.132485,0.000016
6439,1,0.132463,0.000016
6440,1,0.132441,0.000016
6441,1,0.132419,0.000016
6442,1,0.132397,0.000016
6443,1,0.132375,0.000016
6444,1,0.132353,0.000016
6445,1,0.132331,0.000016
6446,1,0.132309,0.000016
6447,1,0.132287,0.000016
6448,1,0.132265,0.000016
6449,1,0.132243,0.000016
6450,1,0.132221,0.000016
6451,1,0.132199,0.000016
6452,1,0.132178,0.000016
6453,1,0.132156,0.000016
6454,1,0.132134,0.000016
6455,1,0.132112,0.000016
6456,1,0.132090,0.000016
6457,1,0.132068,0.000016
6458,1,0.132047,0.000016
6459,1,0.132025,0.000016
6460,1,0.132003,0.000016
6461,1,0.131981,0.000016
6462,1,0.131960,0.000015
6463,1,0.131938,0.000015
6464,1,0.131916,0.000015
6465,1,0.131894,0.000015
6466,1,0.131873,0.000015
6467,1,0.131851,0.000015
6468,1,0.131829,0.000015
6469,1,0.131808,0.000015
6470,1,0.131786,0.000015
6471,1,0.131764,0.000015
6472,1,0.131743,0.000015
6473,1,0.131721,0.000015
6474,1,0.131699,0.000015
6475,1,0.131678,0.000015
6476,1,0.131656,0.000015
6477,1,0.131634,0.000015
6478,1,0.131613,0.000015
6479,1,0.131591,0.000015
6480,1,0.131570,0.000015
6481,1,0.131548,0.000015
6482,1,0.131527,0.000015
6483,1,0.131505,0.000015
6484,1,0.131483,0.000015
6485,1,0.131462,0.000015
6486,1,0.131440,0.000015
6487,1,0.131419,0.000015
6488,1,0.131397,0.000015
6489,1,0.131376,0.000015
6490,1,0.131354,0.000015
6491,1,0.131333,0.000015
6492,1,0.131312,0.000015
6493,1,0.131290,0.000015
6494,1,0.131269,0.000015
6495,1,0.131247,0.000015
6496,1,0.131226,0.000015
6497,1,0.131204,0.000015
6498,1,0.131183,0.000015
6499,1,0.131162,0.000015
6500,1,0.131140,0.000015
6501,1,0.131119,0.000015
6502,1,0.131098,0.000015
6503,1,0.131076,0.000015
6504,1,0.131055,0.000015
6505,1,0.131034,0.000015
6506,1,0.131012,0.000015
6507,1,0.130991,0.000015
6508,1,0.130970,0.000015
6509,1,0.130948,0.000015
6510,1,0.130927,0.000015
6511,1,0.130906,0.000015
6512,1,0.130884,0.000015
6513,1,0.130863,0.000015
6514,1,0.130842,0.000015
6515,1,0.130821,0.000015
6516,1,0.130800,0.000015
6517,1,0.130778,0.000015
6518,1,0.130757,0.000015
6519,1,0.130736,0.000015
6520,1,0.130715,0.000015
6521,1,0.130694,0.000015
6522,1,0.130672,0.000015
6523,1,0.130651,0.000015
6524,1,0.130630,0.000015
6525,1,0.130609,0.000015
6526,1,0.130588,0.000015
6527,1,0.130567,0.000015
6528,1,0.130546,0.000015
6529,1,0.130525,0.000014
6530,1,0.130503,0.000014
6531,1,0.130482,0.000014
6532,1,0.130461,0.000014
6533,1,0.130440,0.000014
6534,1,0.130419,0.000014
6535,1,0.130398,0.000014
6536,1,0.130377,0.000014
6537,1,0.130356,0.000014
6538,1,0.130335,0.000014
6539,1,0.130314,0.000014
6540,1,0.130293,0.000014
6541,1,0.130272,0.000014
6542,1,0.130251,0.000014
6543,1,0.130230,0.000014
6544,1,0.130209,0.000014
6545,1,0.130188,0.000014
6546,1,0.130167,0.000014
6547,1,0.130146,0.000014
6548,1,0.130126,0.000014
6549,1,0.130105,0.000014
6550,1,0.130084,0.000014
6551,1,0.130063,0.000014
6552,1,0.130042,0.000014
6553,1,0.130021,0.000014
6554,1,0.130000,0.000014
6555,1,0.129979,0.000014
6556,1,0.129959,0.000014
6557,1,0.129938,0.000014
6558,1,0.129917,0.000014
6559,1,0.129896,0.000014
6560,1,0.129875,0.000014
6561,1,0.129854,0.000014
6562,1,0.129834,0.000014
6563,1,0.129813,0.000014
6564,1,0.129792,0.000014
6565,1,0.129771,0.000014
6566,1,0.129751,0.000014
6567,1,0.129730,0.000014
6568,1,0.129709,0.000014
6569,1,0.129688,0.000014
6570,1,0.129668,0.000014
6571,1,0.129647,0.000014
6572,1,0.129626,0.000014
6573,1,0.129606,0.000014
6574,1,0.129585,0.000014
6575,1,0.129564,0.000014
6576,1,0.129544,0.000014
6577,1,0.129523,0.000014
6578,1,0.129502,0.000014
6579,1,0.129482,0.000014
6580,1,0.129461,0.000014
6581,1,0.129441,0.000014
6582,1,0.129420,0.000014
6583,1,0.129399,0.000014
6584,1,0.129379,0.000014
6585,1,0.129358,0.000014
6586,1,0.129338,0.000014
6587,1,0.129317,0.000014
6588,1,0.129297,0.000014
6589,1,0.129276,0.000014
6590,1,0.129256,0.000014
6591,1,0.129235,0.000014
6592,1,0.129215,0.000014
6593,1,0.129194,0.000014
6594,1,0.129174,0.000014
6595,1,0.129153,0.000014
6596,1,0.129133,0.000014
6597,1,0.129112,0.000014
6598,1,0.129092,0.000014
6599,1,0.129071,0.000014
6600,1,0.129051,0.000014
6601,1,0.129030,0.000014
6602,1,0.129010,0.000014
6603,1,0.128990,0.000013
6604,1,0.128969,0.000013
6605,1,0.128949,0.000013
6606,1,0.128928,0.000013
6607,1,0.128908,0.000013
6608,1,0.128888,0.000013
6609,1,0.128867,0.000013
6610,1,0.128847,0.000013
6611,1,0.128827,0.000013
6612,1,0.128806,0.000013
6613,1,0.128786,0.000013
6614,1,0.128766,0.000013
6615,1,0.128746,0.000013
6616,1,0.128725,0.000013
6617,1,0.128705,0.000013
6618,1,0.128685,0.000013
6619,1,0.128664,0.000013
6620,1,0.128644,0.000013
6621,1,0.128624,0.000013
6622,1,0.128604,0.000013
6623,1,0.128583,0.000013
6624,1,0.128563,0.000013
6625,1,0.128543,0.000013
6626,1,0.128523,0.000013
6627,1,0.128503,0.000013
6628,1,0.128483,0.000013
6629,1,0.128462,0.000013
6630,1,0.128442,0.000013
6631,1,0.128422,0.000013
6632,1,0.128402,0.000013
6633,1,0.128382,0.000013
6634,1,0.128362,0.000013
6635,1,0.128342,0.000013
6636,1,0.128321,0.000013
6637,1,0.128301,0.000013
6638,1,0.128281,0.000013
6639,1,0.128261,0.000013
6640,1,0.128241,0.000013
6641,1,0.128221,0.000013
6642,1,0.128201,0.000013
6643,1,0.128181,0.000013
6644,1,0.128161,0.000013
6645,1,0.128141,0.000013
6646,1,0.128121,0.000013
6647,1,0.128101,0.000013
6648,1,0.128081,0.000013
6649,1,0.128061,0.000013
6650,1,0.128041,0.000013
6651,1,0.128021,0.000013
6652,1,0.128001,0.000013
6653,1,0.127981,0.000013
6654,1,0.127961,0.000013
6655,1,0.127941,0.000013
6656,1,0.127921,0.000013
6657,1,0.127901,0.000013
6658,1,0.127881,0.000013
6659,1,0.127861,0.000013
6660,1,0.127842,0.000013
6661,1,0.127822,0.000013
6662,1,0.127802,0.000013
6663,1,0.127782,0.000013
6664,1,0.127762,0.000013
6665,1,0.127742,0.000013
6666,1,0.127722,0.000013
6667,1,0.127703,0.000013
6668,1,0.127683,0.000013
6669,1,0.127663,0.000013
6670,1,0.127643,0.000013
6671,1,0.127623,0.000013
6672,1,0.127604,0.000013
6673,1,0.127584,0.000013
6674,1,0.127564,0.000013
6675,1,0.127544,0.000013
6676,1,0.127525,0.000013
6677,1,0.127505,0.000013
6678,1,0.127485,0.000013
6679,1,0.127465,0.000013
6680,1,0.127446,0.000013
6681,1,0.127426,0.000013
6682,1,0.127406,0.000013
6683,1,0.127387,0.000013
6684,1,0.127367,0.000013
6685,1,0.127347,0.000012
6686,1,0.127327,0.000012
6687,1,0.127308,0.000012
6688,1,0.127288,0.000012
6689,1,0.127269,0.000012
6690,1,0.127249,0.000012
6691,1,0.127229,0.000012
6692,1,0.127210,0.000012
6693,1,0.127190,0.000012
6694,1,0.127170,0.000012
6695,1,0.127151,0.000012
6696,1,0.127131,0.000012
6697,1,0.127112,0.000012
6698,1,0.127092,0.000012
6699,1,0.127073,0.000012
6700,1,0.127053,0.000012
6701,1,0.127034,0.000012
6702,1,0.127014,0.000012
6703,1,0.126995,0.000012
6704,1,0.126975,0.000012
6705,1,0.126955,0.000012
6706,1,0.126936,0.000012
6707,1,0.126917,0.000012
6708,1,0.126897,0.000012
6709,1,0.126878,0.000012
6710,1,0.126858,0.000012
6711,1,0.126839,0.000012
6712,1,0.126819,0.000012
6713,1,0.126800,0.000012
6714,1,0.126780,0.000012
6715,1,0.126761,0.000012
6716,1,0.126742,0.000012
6717,1,0.126722,0.000012
6718,1,0.126703,0.000012
6719,1,0.126683,0.000012
6720,1,0.126664,0.000012
6721,1,0.126645,0.000012
6722,1,0.126625,0.000012
6723,1,0.126606,0.000012
6724,1,0.126587,0.000012
6725,1,0.126567,0.000012
6726,1,0.126548,0.000012
6727,1,0.126529,0.000012
6728,1,0.126509,0.000012
6729,1,0.126490,0.000012
6730,1,0.126471,0.000012
6731,1,0.126451,0.000012
6732,1,0.126432,0.000012
6733,1,0.126413,0.000012
6734,1,0.126394,0.000012
6735,1,0.126374,0.000012
6736,1,0.126355,0.000012
6737,1,0.126336,0.000012
6738,1,0.126317,0.000012
6739,1,0.126297,0.000012
6740,1,0.126278,0.000012
6741,1,0.126259,0.000012
6742,1,0.126240,0.000012
6743,1,0.126221,0.000012
6744,1,0.126202,0.000012
6745,1,0.126182,0.000012
6746,1,0.126163,0.000012
6747,1,0.126144,0.000012
6748,1,0.126125,0.000012
6749,1,0.126106,0.000012
6750,1,0.126087,0.000012
6751,1,0.126068,0.000012
6752,1,0.126048,0.000012
6753,1,0.126029,0.000012
6754,1,0.126010,0.000012
6755,1,0.125991,0.000012
6756,1,0.125972,0.000012
6757,1,0.125953,0.000012
6758,1,0.125934,0.000012
6759,1,0.125915,0.000012
6760,1,0.125896,0.000012
6761,1,0.125877,0.000012
6762,1,0.125858,0.000012
6763,1,0.125839,0.000012
6764,1,0.125820,0.000012
6765,1,0.125801,0.000012
6766,1,0.125782,0.000012
6767,1,0.125763,0.000012
6768,1,0.125744,0.000012
6769,1,0.125725,0.000012
6770,1,0.125706,0.000012
6771,1,0.125687,0.000012
6772,1,0.125668,0.000012
6773,1,0.125649,0.000012
6774,1,0.125630,0.000012
6775,1,0.125611,0.000012
6776,1,0.125592,0.000012
6777,1,0.125573,0.000012
6778,1,0.125555,0.000011
6779,1,0.125536,0.000011
6780,1,0.125517,0.000011
6781,1,0.125498,0.000011
6782,1,0.125479,0.000011
6783,1,0.125460,0.000011
6784,1,0.125441,0.000011
6785,1,0.125423,0.000011
6786,1,0.125404,0.000011
6787,1,0.125385,0.000011
6788,1,0.125366,0.000011
6789,1,0.125347,0.000011
6790,1,0.125329,0.000011
6791,1,0.125310,0.000011
6792,1,0.125291,0.000011
6793,1,0.125272,0.000011
6794,1,0.125253,0.000011
6795,1,0.125235,0.000011
6796,1,0.125216,0.000011
6797,1,0.125197,0.000011
6798,1,0.125178,0.000011
6799,1,0.125160,0.000011
6800,1,0.125141,0.000011
6801,1,0.125122,0.000011
6802,1,0.125104,0.000011
6803,1,0.125085,0.000011
6804,1,0.125066,0.000011
6805,1,0.125048,0.000011
6806,1,0.125029,0.000011
6807,1,0.125010,0.000011
6808,1,0.124992,0.000011
6809,1,0.124973,0.000011
6810,1,0.124954,0.000011
6811,1,0.124936,0.000011
6812,1,0.124917,0.000011
6813,1,0.124898,0.000011
6814,1,0.124880,0.000011
6815,1,0.124861,0.000011
6816,1,0.124843,0.000011
6817,1,0.124824,0.000011
6818,1,0.124805,0.000011
6819,1,0.124787,0.000011
6820,1,0.124768,0.000011
6821,1,0.124750,0.000011
6822,1,0.124731,0.000011
6823,1,0.124713,0.000011
6824,1,0.124694,0.000011
6825,1,0.124676,0.000011
6826,1,0.124657,0.000011
6827,1,0.124639,0.000011
6828,1,0.124620,0.000011
6829,1,0.124602,0.000011
6830,1,0.124583,0.000011
6831,1,0.124565,0.000011
6832,1,0.124546,0.000011
6833,1,0.124528,0.000011
6834,1,0.124509,0.000011
6835,1,0.124491,0.000011
6836,1,0.124473,0.000011
6837,1,0.124454,0.000011
6838,1,0.124436,0.000011
6839,1,0.124417,0.000011
6840,1,0.124399,0.000011
6841,1,0.124381,0.000011
6842,1,0.124362,0.000011
6843,1,0.124344,0.000011
6844,1,0.124325,0.000011
6845,1,0.124307,0.000011
6846,1,0.124289,0.000011
6847,1,0.124270,0.000011
6848,1,0.124252,0.000011
6849,1,0.124234,0.000011
6850,1,0.124215,0.000011
6851,1,0.124197,0.000011
6852,1,0.124179,0.000011
6853,1,0.124160,0.000011
6854,1,0.124142,0.000011
6855,1,0.124124,0.000011
6856,1,0.124106,0.000011
6857,1,0.124087,0.000011
6858,1,0.124069,0.000011
6859,1,0.124051,0.000011
6860,1,0.124033,0.000011
6861,1,0.124014,0.000011
6862,1,0.123996,0.000011
6863,1,0.123978,0.000011
6864,1,0.123960,0.000011
6865,1,0.123941,0.000011
6866,1,0.123923,0.000011
6867,1,0.123905,0.000011
6868,1,0.123887,0.000011
6869,1,0.123869,0.000011
6870,1,0.123851,0.000011
6871,1,0.123832,0.000011
6872,1,0.123814,0.000011
6873,1,0.123796,0.000011
6874,1,0.123778,0.000011
6875,1,0.123760,0.000011
6876,1,0.123742,0.000011
6877,1,0.123724,0.000011
6878,1,0.123706,0.000011
6879,1,0.123687,0.000011
6880,1,0.123669,0.000011
6881,1,0.123651,0.000011
6882,1,0.123633,0.000011
6883,1,0.123615,0.000011
6884,1,0.123597,0.000010
6885,1,0.123579,0.000010
6886,1,0.123561,0.000010
6887,1,0.123543,0.000010
6888,1,0.123525,0.000010
6889,1,0.123507,0.000010
6890,1,0.123489,0.000010
6891,1,0.123471,0.000010
6892,1,0.123453,0.000010
6893,1,0.123435,0.000010
6894,1,0.123417,0.000010
6895,1,0.123399,0.000010
6896,1,0.123381,0.000010
6897,1,0.123363,0.000010
6898,1,0.123345,0.000010
6899,1,0.123327,0.000010
6900,1,0.123309,0.000010
6901,1,0.123291,0.000010
6902,1,0.123273,0.000010
6903,1,0.123255,0.000010
6904,1,0.123237,0.000010
6905,1,0.123220,0.000010
6906,1,0.123202,0.000010
6907,1,0.123184,0.000010
6908,1,0.123166,0.000010
6909,1,0.123148,0.000010
6910,1,0.123130,0.000010
6911,1,0.123112,0.000010
6912,1,0.123094,0.000010
6913,1,0.123077,0.000010
6914,1,0.123059,0.000010
6915,1,0.123041,0.000010
6916,1,0.123023,0.000010
6917,1,0.123005,0.000010
6918,1,0.122987,0.000010
6919,1,0.122970,0.000010
6920,1,0.122952,0.000010
6921,1,0.122934,0.000010
6922,1,0.122916,0.000010
6923,1,0.122899,0.000010
6924,1,0.122881,0.000010
6925,1,0.122863,0.000010
6926,1,0.122845,0.000010
6927,1,0.122828,0.000010
6928,1,0.122810,0.000010
6929,1,0.122792,0.000010
6930,1,0.122774,0.000010
6931,1,0.122757,0.000010
6932,1,0.122739,0.000010
6933,1,0.122721,0.000010
6934,1,0.122704,0.000010
6935,1,0.122686,0.000010
6936,1,0.122668,0.000010
6937,1,0.122651,0.000010
6938,1,0.122633,0.000010
6939,1,0.122615,0.000010
6940,1,0.122598,0.000010
6941,1,0.122580,0.000010
6942,1,0.122562,0.000010
6943,1,0.122545,0.000010
6944,1,0.122527,0.000010
6945,1,0.122510,0.000010
6946,1,0.122492,0.000010
6947,1,0.122474,0.000010
6948,1,0.122457,0.000010
6949,1,0.122439,0.000010
6950,1,0.122422,0.000010
6951,1,0.122404,0.000010
6952,1,0.122386,0.000010
6953,1,0.122369,0.000010
6954,1,0.122351,0.000010
6955,1,0.122334,0.000010
6956,1,0.122316,0.000010
6957,1,0.122299,0.000010
6958,1,0.122281,0.000010
6959,1,0.122264,0.000010
6960,1,0.122246,0.000010
6961,1,0.122229,0.000010
6962,1,0.122211,0.000010
6963,1,0.122194,0.000010
6964,1,0.122176,0.000010
6965,1,0.122159,0.000010
6966,1,0.122141,0.000010
6967,1,0.122124,0.000010
6968,1,0.122107,0.000010
6969,1,0.122089,0.000010
6970,1,0.122072,0.000010
6971,1,0.122054,0.000010
6972,1,0.122037,0.000010
6973,1,0.122020,0.000010
6974,1,0.122002,0.000010
6975,1,0.121985,0.000010
6976,1,0.121967,0.000010
6977,1,0.121950,0.000010
6978,1,0.121933,0.000010
6979,1,0.121915,0.000010
6980,1,0.121898,0.000010
6981,1,0.121881,0.000010
6982,1,0.121863,0.000010
6983,1,0.121846,0.000010
6984,1,0.121829,0.000010
6985,1,0.121811,0.000010
6986,1,0.121794,0.000010
6987,1,0.121777,0.000010
6988,1,0.121759,0.000010
6989,1,0.121742,0.000010
6990,1,0.121725,0.000010
6991,1,0.121707,0.000010
6992,1,0.121690,0.000010
6993,1,0.121673,0.000010
6994,1,0.121656,0.000010
6995,1,0.121638,0.000010
6996,1,0.121621,0.000010
6997,1,0.121604,0.000010
6998,1,0.121587,0.000010
6999,1,0.121569,0.000010
7000,1,0.121552,0.000010
7001,1,0.121535,0.000010
7002,1,0.121518,0.000010
7003,1,0.121501,0.000010
7004,1,0.121484,0.000010
7005,1,0.121466,0.000010
7006,1,0.121449,0.000010
7007,1,0.121432,0.000009
7008,1,0.121415,0.000009
7009,1,0.121398,0.000009
7010,1,0.121381,0.000009
7011,1,0.121363,0.000009
7012,1,0.121346,0.000009
7013,1,0.121329,0.000009
7014,1,0.121312,0.000009
7015,1,0.121295,0.000009
7016,1,0.121278,0.000009
7017,1,0.121261,0.000009
7018,1,0.121244,0.000009
7019,1,0.121227,0.000009
7020,1,0.121210,0.000009
7021,1,0.121192,0.000009
7022,1,0.121175,0.000009
7023,1,0.121158,0.000009
7024,1,0.121141,0.000009
7025,1,0.121124,0.000009
7026,1,0.121107,0.000009
7027,1,0.121090,0.000009
7028,1,0.121073,0.000009
7029,1,0.121056,0.000009
7030,1,0.121039,0.000009
7031,1,0.121022,0.000009
7032,1,0.121005,0.000009
7033,1,0.120988,0.000009
7034,1,0.120971,0.000009
7035,1,0.120954,0.000009
7036,1,0.120937,0.000009
7037,1,0.120920,0.000009
7038,1,0.120903,0.000009
7039,1,0.120886,0.000009
7040,1,0.120870,0.000009
7041,1,0.120853,0.000009
7042,1,0.120836,0.000009
7043,1,0.120819,0.000009
7044,1,0.120802,0.000009
7045,1,0.120785,0.000009
7046,1,0.120768,0.000009
7047,1,0.120751,0.000009
7048,1,0.120734,0.000009
7049,1,0.120717,0.000009
7050,1,0.120701,0.000009
7051,1,0.120684,0.000009
7052,1,0.120667,0.000009
7053,1,0.120650,0.000009
7054,1,0.120633,0.000009
7055,1,0.120616,0.000009
7056,1,0.120599,0.000009
7057,1,0.120583,0.000009
7058,1,0.120566,0.000009
7059,1,0.120549,0.000009
7060,1,0.120532,0.000009
7061,1,0.120515,0.000009
7062,1,0.120499,0.000009
7063,1,0.120482,0.000009
7064,1,0.120465,0.000009
7065,1,0.120448,0.000009
7066,1,0.120432,0.000009
7067,1,0.120415,0.000009
7068,1,0.120398,0.000009
7069,1,0.120381,0.000009
7070,1,0.120365,0.000009
7071,1,0.120348,0.000009
7072,1,0.120331,0.000009
7073,1,0.120314,0.000009
7074,1,0.120298,0.000009
7075,1,0.120281,0.000009
7076,1,0.120264,0.000009
7077,1,0.120248,0.000009
7078,1,0.120231,0.000009
7079,1,0.120214,0.000009
7080,1,0.120198,0.000009
7081,1,0.120181,0.000009
7082,1,0.120164,0.000009
7083,1,0.120148,0.000009
7084,1,0.120131,0.000009
7085,1,0.120114,0.000009
7086,1,0.120098,0.000009
7087,1,0.120081,0.000009
7088,1,0.120065,0.000009
7089,1,0.120048,0.000009
7090,1,0.120031,0.000009
7091,1,0.120015,0.000009
7092,1,0.119998,0.000009
7093,1,0.119982,0.000009
7094,1,0.119965,0.000009
7095,1,0.119949,0.000009
7096,1,0.119932,0.000009
7097,1,0.119915,0.000009
7098,1,0.119899,0.000009
7099,1,0.119882,0.000009
7100,1,0.119866,0.000009
7101,1,0.119849,0.000009
7102,1,0.119833,0.000009
7103,1,0.119816,0.000009
7104,1,0.119800,0.000009
7105,1,0.119783,0.000009
7106,1,0.119767,0.000009
7107,1,0.119750,0.000009
7108,1,0.119734,0.000009
7109,1,0.119717,0.000009
7110,1,0.119701,0.000009
7111,1,0.119684,0.000009
7112,1,0.119668,0.000009
7113,1,0.119652,0.000009
7114,1,0.119635,0.000009
7115,1,0.119619,0.000009
7116,1,0.119602,0.000009
7117,1,0.119586,0.000009
7118,1,0.119569,0.000009
7119,1,0.119553,0.000009
7120,1,0.119537,0.000009
7121,1,0.119520,0.000009
7122,1,0.119504,0.000009
7123,1,0.119487,0.000009
7124,1,0.119471,0.000009
7125,1,0.119455,0.000009
7126,1,0.119438,0.000009
7127,1,0.119422,0.000009
7128,1,0.119406,0.000009
7129,1,0.119389,0.000009
7130,1,0.119373,0.000009
7131,1,0.119357,0.000009
7132,1,0.119340,0.000009
7133,1,0.119324,0.000009
7134,1,0.119308,0.000009
7135,1,0.119291,0.000009
7136,1,0.119275,0.000009
7137,1,0.119259,0.000009
7138,1,0.119242,0.000009
7139,1,0.119226,0.000009
7140,1,0.119210,0.000009
7141,1,0.119194,0.000009
7142,1,0.119177,0.000009
7143,1,0.119161,0.000009
7144,1,0.119145,0.000009
7145,1,0.119129,0.000009
7146,1,0.119112,0.000009
7147,1,0.119096,0.000009
7148,1,0.119080,0.000009
7149,1,0.119064,0.000009
7150,1,0.119048,0.000009
7151,1,0.119031,0.000008
7152,1,0.119015,0.000008
7153,1,0.118999,0.000008
7154,1,0.118983,0.000008
7155,1,0.118967,0.000008
7156,1,0.118950,0.000008
7157,1,0.118934,0.000008
7158,1,0.118918,0.000008
7159,1,0.118902,0.000008
7160,1,0.118886,0.000008
7161,1,0.118870,0.000008
7162,1,0.118854,0.000008
7163,1,0.118838,0.000008
7164,1,0.118821,0.000008
7165,1,0.118805,0.000008
7166,1,0.118789,0.000008
7167,1,0.118773,0.000008
7168,1,0.118757,0.000008
7169,1,0.118741,0.000008
7170,1,0.118725,0.000008
7171,1,0.118709,0.000008
7172,1,0.118693,0.000008
7173,1,0.118677,0.000008
7174,1,0.118661,0.000008
7175,1,0.118645,0.000008
7176,1,0.118628,0.000008
7177,1,0.118612,0.000008
7178,1,0.118596,0.000008
7179,1,0.118580,0.000008
7180,1,0.118564,0.000008
7181,1,0.118548,0.000008
7182,1,0.118532,0.000008
7183,1,0.118516,0.000008
7184,1,0.118500,0.000008
7185,1,0.118484,0.000008
7186,1,0.118468,0.000008
7187,1,0.118452,0.000008
7188,1,0.118436,0.000008
7189,1,0.118421,0.000008
7190,1,0.118405,0.000008
7191,1,0.118389,0.000008
7192,1,0.118373,0.000008
7193,1,0.118357,0.000008
7194,1,0.118341,0.000008
7195,1,0.118325,0.000008
7196,1,0.118309,0.000008
7197,1,0.118293,0.000008
7198,1,0.118277,0.000008
7199,1,0.118261,0.000008
7200,1,0.118245,0.000008
7201,1,0.118229,0.000008
7202,1,0.118214,0.000008
7203,1,0.118198,0.000008
7204,1,0.118182,0.000008
7205,1,0.118166,0.000008
7206,1,0.118150,0.000008
7207,1,0.118134,0.000008
7208,1,0.118118,0.000008
7209,1,0.118103,0.000008
7210,1,0.118087,0.000008
7211,1,0.118071,0.000008
7212,1,0.118055,0.000008
7213,1,0.118039,0.000008
7214,1,0.118024,0.000008
7215,1,0.118008,0.000008
7216,1,0.117992,0.000008
7217,1,0.117976,0.000008
7218,1,0.117960,0.000008
7219,1,0.117945,0.000008
7220,1,0.117929,0.000008
7221,1,0.117913,0.000008
7222,1,0.117897,0.000008
7223,1,0.117882,0.000008
7224,1,0.117866,0.000008
7225,1,0.117850,0.000008
7226,1,0.117834,0.000008
7227,1,0.117819,0.000008
7228,1,0.117803,0.000008
7229,1,0.117787,0.000008
7230,1,0.117772,0.000008
7231,1,0.117756,0.000008
7232,1,0.117740,0.000008
7233,1,0.117724,0.000008
7234,1,0.117709,0.000008
7235,1,0.117693,0.000008
7236,1,0.117677,0.000008
7237,1,0.117662,0.000008
7238,1,0.117646,0.000008
7239,1,0.117630,0.000008
7240,1,0.117615,0.000008
7241,1,0.117599,0.000008
7242,1,0.117584,0.000008
7243,1,0.117568,0.000008
7244,1,0.117552,0.000008
7245,1,0.117537,0.000008
7246,1,0.117521,0.000008
7247,1,0.117505,0.000008
7248,1,0.117490,0.000008
7249,1,0.117474,0.000008
7250,1,0.117459,0.000008
7251,1,0.117443,0.000008
7252,1,0.117428,0.000008
7253,1,0.117412,0.000008
7254,1,0.117396,0.000008
7255,1,0.117381,0.000008
7256,1,0.117365,0.000008
7257,0,0.117350,0.000006
7258,1,0.117380,0.000005
7259,1,0.117410,0.000004
7260,1,0.117439,0.000003
7261,1,0.117468,0.000003
7262,1,0.117497,0.000002
7263,1,0.117525,0.000002
7264,1,0.117554,0.000001
7265,1,0.117581,0.000001
7266,1,0.117609,0.000001
7267,1,0.117636,0.000001
7268,1,0.117662,0.000001
7269,1,0.117689,0.000000
7270,1,0.117715,0.000000
7271,1,0.117740,0.000000
7272,1,0.117766,0.000000
7273,1,0.117791,0.000060
7274,1,0.117816,0.000157
7275,1,0.117840,0.000273
7276,1,0.117864,0.000397
7277,1,0.117888,0.000519
7278,1,0.117912,0.000634
7279,1,0.117935,0.000739
7280,1,0.117958,0.000830
7281,1,0.117980,0.000909
7282,1,0.118003,0.000973
7283,1,0.118025,0.001024
7284,1,0.118046,0.001063
7285,1,0.118068,0.001090
7286,1,0.118089,0.001106
7287,1,0.118110,0.001113
7288,1,0.118130,0.001112
7289,1,0.118151,0.001104
7290,1,0.118171,0.001090
7291,1,0.118190,0.001071
7292,1,0.118210,0.001047
7293,1,0.118229,0.001021
7294,1,0.118248,0.000992
7295,1,0.118267,0.000961
7296,1,0.118285,0.000929
7297,1,0.118303,0.000896
7298,1,0.118321,0.000862
7299,1,0.118339,0.000829
7300,1,0.118356,0.000796
7301,1,0.118373,0.000763
7302,1,0.118390,0.000731
7303,1,0.118407,0.000700
7304,1,0.118423,0.000669
7305,1,0.118440,0.000640
7306,1,0.118456,0.000612
7307,1,0.118471,0.000585
7308,1,0.118487,0.000559
7309,1,0.118502,0.000535
7310,1,0.118517,0.000512
7311,1,0.118532,0.000490
7312,1,0.118546,0.000469
7313,1,0.118561,0.000449
7314,1,0.118575,0.000430
7315,1,0.118588,0.000413
7316,1,0.118602,0.000397
7317,1,0.118616,0.000381
7318,1,0.118629,0.000367
7319,1,0.118642,0.000353
7320,1,0.118655,0.000340
7321,1,0.118667,0.000329
7322,1,0.118679,0.000317
7323,1,0.118692,0.000307
7324,1,0.118704,0.000297
7325,1,0.118715,0.000288
7326,1,0.118727,0.000280
7327,1,0.118738,0.000272
7328,1,0.118749,0.000265
7329,1,0.118760,0.000258
7330,1,0.118771,0.000252
7331,1,0.118782,0.000246
7332,1,0.118792,0.000240
7333,1,0.118802,0.000235
7334,1,0.118812,0.000230
7335,1,0.118822,0.000226
7336,1,0.118832,0.000222
7337,1,0.118841,0.000218
7338,1,0.118851,0.000214
7339,1,0.118860,0.000211
7340,1,0.118869,0.000208
7341,1,0.118877,0.000205
7342,1,0.118886,0.000202
7343,1,0.118894,0.000200
7344,1,0.118902,0.000197
7345,1,0.118910,0.000195
7346,1,0.118918,0.000193
7347,1,0.118926,0.000191
7348,1,0.118934,0.000189
7349,1,0.118941,0.000187
7350,1,0.118948,0.000185
7351,1,0.118955,0.000184
7352,1,0.118962,0.000182
7353,1,0.118969,0.000181
7354,1,0.118975,0.000180
7355,1,0.118982,0.000178
7356,1,0.118988,0.000177
7357,1,0.118994,0.000176
7358,1,0.119000,0.000175
7359,1,0.119006,0.000174
7360,1,0.119012,0.000173
7361,1,0.119017,0.000172
7362,1,0.119023,0.000171
7363,1,0.119028,0.000170
7364,1,0.119033,0.000169
7365,1,0.119038,0.000168
7366,1,0.119043,0.000168
7367,1,0.119047,0.000167
7368,1,0.119052,0.000166
7369,1,0.119056,0.000165
7370,1,0.119060,0.000165
7371,1,0.119064,0.000164
7372,1,0.119068,0.000163
7373,1,0.119072,0.000162
7374,1,0.119076,0.000162
7375,1,0.119079,0.000161
7376,1,0.119083,0.000161
7377,1,0.119086,0.000160
7378,1,0.119089,0.000159
7379,1,0.119092,0.000159
7380,1,0.119095,0.000158
7381,1,0.119098,0.000158
7382,1,0.119101,0.000157
7383,1,0.119103,0.000156
7384,1,0.119106,0.000156
7385,1,0.119108,0.000155
7386,1,0.119110,0.000155
7387,1,0.119112,0.000154
7388,1,0.119114,0.000154
7389,1,0.119116,0.000153
7390,1,0.119118,0.000153
7391,1,0.119119,0.000152
7392,1,0.119121,0.000152
7393,1,0.119122,0.000151
7394,1,0.119124,0.000151
7395,1,0.119125,0.000150
7396,1,0.119126,0.000150
7397,1,0.119127,0.000149
7398,1,0.119127,0.000149
7399,1,0.119128,0.000148
7400,1,0.119129,0.000148
7401,1,0.119129,0.000147
7402,1,0.119130,0.000147
7403,1,0.119130,0.000146
7404,1,0.119130,0.000146
7405,1,0.119130,0.000145
7406,1,0.119130,0.000145
7407,1,0.119130,0.000145
7408,1,0.119130,0.000144
7409,1,0.119130,0.000144
7410,1,0.119129,0.000143
7411,1,0.119129,0.000143
7412,1,0.119128,0.000142
7413,1,0.119127,0.000142
7414,1,0.119127,0.000141
7415,1,0.119126,0.000141
7416,1,0.119125,0.000141
7417,1,0.119124,0.000140
7418,1,0.119123,0.000140
7419,1,0.119121,0.000139
7420,1,0.119120,0.000139
7421,1,0.119118,0.000138
7422,1,0.119117,0.000138
7423,1,0.119115,0.000138
7424,1,0.119114,0.000137
7425,1,0.119112,0.000137
7426,1,0.119110,0.000136
7427,1,0.119108,0.000136
7428,1,0.119106,0.000135
7429,1,0.119104,0.000135
7430,1,0.119102,0.000135
7431,1,0.119099,0.000134
7432,1,0.119097,0.000134
7433,1,0.119095,0.000133
7434,1,0.119092,0.000133
7435,1,0.119089,0.000133
7436,1,0.119087,0.000132
7437,1,0.119084,0.000132
7438,1,0.119081,0.000131
7439,1,0.119078,0.000131
7440,1,0.119075,0.000131
7441,1,0.119072,0.000130
7442,1,0.119069,0.000130
7443,1,0.119066,0.000130
7444,1,0.119062,0.000129
7445,1,0.119059,0.000129
7446,1,0.119056,0.000128
7447,1,0.119052,0.000128
7448,1,0.119049,0.000128
7449,1,0.119045,0.000127
7450,1,0.119041,0.000127
7451,1,0.119037,0.000127
7452,1,0.119034,0.000126
7453,1,0.119030,0.000126
7454,1,0.119026,0.000125
7455,1,0.119022,0.000125
7456,1,0.119017,0.000125
7457,1,0.119013,0.000124
7458,1,0.119009,0.000124
7459,1,0.119005,0.000124
7460,1,0.119000,0.000123
7461,1,0.118996,0.000123
7462,1,0.118991,0.000123
7463,1,0.118987,0.000122
7464,1,0.118982,0.000122
7465,1,0.118977,0.000122
7466,1,0.118973,0.000121
7467,1,0.118968,0.000121
7468,1,0.118963,0.000121
7469,1,0.118958,0.000120
7470,1,0.118953,0.000120
7471,1,0.118948,0.000119
7472,1,0.118943,0.000119
7473,1,0.118937,0.000119
7474,1,0.118932,0.000118
7475,1,0.118927,0.000118
7476,1,0.118922,0.000118
7477,1,0.118916,0.000117
7478,1,0.118911,0.000117
7479,1,0.118905,0.000117
7480,1,0.118900,0.000116
7481,1,0.118894,0.000116
7482,1,0.118888,0.000116
7483,1,0.118883,0.000116
7484,1,0.118877,0.000115
7485,1,0.118871,0.000115
7486,1,0.118865,0.000115
7487,1,0.118859,0.000114
7488,1,0.118853,0.000114
7489,1,0.118847,0.000114
7490,1,0.118841,0.000113
7491,1,0.118835,0.000113
7492,1,0.118828,0.000113
7493,1,0.118822,0.000112
7494,1,0.118816,0.000112
7495,1,0.118810,0.000112
7496,1,0.118803,0.000111
7497,1,0.118797,0.000111
7498,1,0.118790,0.000111
7499,1,0.118784,0.000111
7500,1,0.118777,0.000110
7501,1,0.118770,0.000110
7502,1,0.118764,0.000110
7503,1,0.118757,0.000109
7504,1,0.118750,0.000109
7505,1,0.118743,0.000109
7506,1,0.118737,0.000108
7507,1,0.118730,0.000108
7508,1,0.118723,0.000108
7509,1,0.118716,0.000108
7510,1,0.118709,0.000107
7511,1,0.118702,0.000107
7512,1,0.118695,0.000107
7513,1,0.118687,0.000106
7514,1,0.118680,0.000106
7515,1,0.118673,0.000106
7516,1,0.118666,0.000106
7517,1,0.118658,0.000105
7518,1,0.118651,0.000105
7519,1,0.118644,0.000105
7520,1,0.118636,0.000104
7521,1,0.118629,0.000104
7522,1,0.118621,0.000104
7523,1,0.118614,0.000104
7524,1,0.118606,0.000103
7525,1,0.118598,0.000103
7526,1,0.118591,0.000103
7527,1,0.118583,0.000103
7528,1,0.118575,0.000102
7529,1,0.118567,0.000102
7530,1,0.118560,0.000102
7531,1,0.118552,0.000102
7532,1,0.118544,0.000101
7533,1,0.118536,0.000101
7534,1,0.118528,0.000101
7535,1,0.118520,0.000100
7536,1,0.118512,0.000100
7537,1,0.118504,0.000100
7538,1,0.118496,0.000100
7539,1,0.118487,0.000099
7540,1,0.118479,0.000099
7541,1,0.118471,0.000099
7542,1,0.118463,0.000099
7543,1,0.118455,0.000098
7544,1,0.118446,0.000098
7545,1,0.118438,0.000098
7546,1,0.118430,0.000098
7547,1,0.118421,0.000097
7548,1,0.118413,0.000097
7549,1,0.118404,0.000097
7550,1,0.118396,0.000097
7551,1,0.118387,0.000096
7552,1,0.118379,0.000096
7553,1,0.118370,0.000096
7554,1,0.118361,0.000096
7555,1,0.118353,0.000095
7556,1,0.118344,0.000095
7557,1,0.118335,0.000095
7558,1,0.118327,0.000095
7559,1,0.118318,0.000094
7560,1,0.118309,0.000094
7561,1,0.118300,0.000094
7562,1,0.118291,0.000094
7563,1,0.118282,0.000094
7564,1,0.118274,0.000093
7565,1,0.118265,0.000093
7566,1,0.118256,0.000093
7567,1,0.118247,0.000093
7568,1,0.118238,0.000092
7569,1,0.118229,0.000092
7570,1,0.118219,0.000092
7571,1,0.118210,0.000092
7572,1,0.118201,0.000091
7573,1,0.118192,0.000091
7574,1,0.118183,0.000091
7575,1,0.118174,0.000091
7576,1,0.118164,0.000091
7577,1,0.118155,0.000090
7578,1,0.118146,0.000090
7579,1,0.118137,0.000090
7580,1,0.118127,0.000090
7581,1,0.118118,0.000089
7582,1,0.118109,0.000089
7583,1,0.118099,0.000089
7584,1,0.118090,0.000089
7585,1,0.118080,0.000089
7586,1,0.118071,0.000088
7587,1,0.118061,0.000088
7588,1,0.118052,0.000088
7589,1,0.118042,0.000088
7590,1,0.118033,0.000088
7591,1,0.118023,0.000087
7592,1,0.118013,0.000087
7593,1,0.118004,0.000087
7594,1,0.117994,0.000087
7595,1,0.117984,0.000086
7596,1,0.117975,0.000086
7597,1,0.117965,0.000086
7598,1,0.117955,0.000086
7599,1,0.117946,0.000086
7600,1,0.117936,0.000085
7601,1,0.117926,0.000085
7602,1,0.117916,0.000085
7603,1,0.117906,0.000085
7604,1,0.117896,0.000085
7605,1,0.117886,0.000084
7606,1,0.117877,0.000084
7607,1,0.117867,0.000084
7608,1,0.117857,0.000084
7609,1,0.117847,0.000084
7610,1,0.117837,0.000083
7611,1,0.117827,0.000083
7612,1,0.117817,0.000083
7613,1,0.117807,0.000083
7614,1,0.117797,0.000083
7615,1,0.117786,0.000082
7616,1,0.117776,0.000082
7617,1,0.117766,0.000082
7618,1,0.117756,0.000082
7619,1,0.117746,0.000082
7620,1,0.117736,0.000081
7621,1,0.117726,0.000081
7622,1,0.117715,0.000081
7623,1,0.117705,0.000081
7624,1,0.117695,0.000081
7625,1,0.117685,0.000081
7626,1,0.117674,0.000080
7627,1,0.117664,0.000080
7628,1,0.117654,0.000080
7629,1,0.117643,0.000080
7630,1,0.117633,0.000080
7631,1,0.117623,0.000079
7632,1,0.117612,0.000079
7633,1,0.117602,0.000079
7634,1,0.117591,0.000079
7635,1,0.117581,0.000079
7636,1,0.117571,0.000079
7637,1,0.117560,0.000078
7638,1,0.117550,0.000078
7639,1,0.117539,0.000078
7640,1,0.117529,0.000078
7641,1,0.117518,0.000078
7642,1,0.117508,0.000077
7643,1,0.117497,0.000077
7644,1,0.117486,0.000077
7645,1,0.117476,0.000077
7646,1,0.117465,0.000077
7647,1,0.117455,0.000077
7648,1,0.117444,0.000076
7649,1,0.117433,0.000076
7650,1,0.117423,0.000076
7651,1,0.117412,0.000076
7652,1,0.117401,0.000076
7653,1,0.117391,0.000076
7654,1,0.117380,0.000075
7655,1,0.117369,0.000075
7656,1,0.117358,0.000075
7657,1,0.117348,0.000075
7658,1,0.117337,0.000075
7659,1,0.117326,0.000075
7660,1,0.117315,0.000074
7661,1,0.117305,0.000074
7662,1,0.117294,0.000074
7663,1,0.117283,0.000074
7664,1,0.117272,0.000074
7665,1,0.117261,0.000074
7666,1,0.117250,0.000073
7667,1,0.117239,0.000073
7668,1,0.117229,0.000073
7669,1,0.117218,0.000073
7670,1,0.117207,0.000073
7671,1,0.117196,0.000073
7672,1,0.117185,0.000072
7673,1,0.117174,0.000072
7674,1,0.117163,0.000072
7675,1,0.117152,0.000072
7676,1,0.117141,0.000072
7677,1,0.117130,0.000072
7678,1,0.117119,0.000071
7679,1,0.117108,0.000071
7680,1,0.117097,0.000071
7681,1,0.117086,0.000071
7682,1,0.117075,0.000071
7683,1,0.117064,0.000071
7684,1,0.117053,0.000071
7685,1,0.117041,0.000070
7686,1,0.117030,0.000070
7687,1,0.117019,0.000070
7688,1,0.117008,0.000070
7689,1,0.116997,0.000070
7690,1,0.116986,0.000070
7691,1,0.116975,0.000069
7692,1,0.116963,0.000069
7693,1,0.116952,0.000069
7694,1,0.116941,0.000069
7695,1,0.116930,0.000069
7696,1,0.116919,0.000069
7697,1,0.116907,0.000069
7698,1,0.116896,0.000068
7699,1,0.116885,0.000068
7700,1,0.116874,0.000068
7701,1,0.116863,0.000068
7702,1,0.116851,0.000068
7703,1,0.116840,0.000068
7704,1,0.116829,0.000068
7705,1,0.116817,0.000067
7706,1,0.116806,0.000067
7707,1,0.116795,0.000067
7708,1,0.116783,0.000067
7709,1,0.116772,0.000067
7710,1,0.116761,0.000067
7711,1,0.116749,0.000067
7712,1,0.116738,0.000066
7713,1,0.116727,0.000066
7714,1,0.116715,0.000066
7715,1,0.116704,0.000066
7716,1,0.116693,0.000066
7717,1,0.116681,0.000066
7718,1,0.116670,0.000066
7719,1,0.116658,0.000065
7720,1,0.116647,0.000065
7721,1,0.116636,0.000065
7722,1,0.116624,0.000065
7723,1,0.116613,0.000065
7724,1,0.116601,0.000065
7725,1,0.116590,0.000065
7726,1,0.116578,0.000065
7727,1,0.116567,0.000064
7728,1,0.116555,0.000064
7729,1,0.116544,0.000064
7730,1,0.116532,0.000064
7731,1,0.116521,0.000064
7732,1,0.116509,0.000064
7733,1,0.116498,0.000064
7734,1,0.116486,0.000063
7735,1,0.116475,0.000063
7736,1,0.116463,0.000063
7737,1,0.116452,0.000063
7738,1,0.116440,0.000063
7739,1,0.116428,0.000063
7740,1,0.116417,0.000063
7741,1,0.116405,0.000063
7742,1,0.116394,0.000062
7743,1,0.116382,0.000062
7744,1,0.116370,0.000062
7745,1,0.116359,0.000062
7746,1,0.116347,0.000062
7747,1,0.116336,0.000062
7748,1,0.116324,0.000062
7749,1,0.116312,0.000062
7750,1,0.116301,0.000061
7751,1,0.116289,0.000061
7752,1,0.116277,0.000061
7753,1,0.116266,0.000061
7754,1,0.116254,0.000061
7755,1,0.116242,0.000061
7756,1,0.116231,0.000061
7757,1,0.116219,0.000061
7758,1,0.116207,0.000060
7759,1,0.116196,0.000060
7760,1,0.116184,0.000060
7761,1,0.116172,0.000060
7762,1,0.116161,0.000060
7763,1,0.116149,0.000060
7764,1,0.116137,0.000060
7765,1,0.116125,0.000060
7766,1,0.116114,0.000059
7767,1,0.116102,0.000059
7768,1,0.116090,0.000059
7769,1,0.116078,0.000059
7770,1,0.116067,0.000059
7771,1,0.116055,0.000059
7772,1,0.116043,0.000059
7773,1,0.116031,0.000059
7774,1,0.116020,0.000059
7775,1,0.116008,0.000058
7776,1,0.115996,0.000058
7777,1,0.115984,0.000058
7778,1,0.115972,0.000058
7779,1,0.115961,0.000058
7780,1,0.115949,0.000058
7781,1,0.115937,0.000058
7782,1,0.115925,0.000058
7783,1,0.115913,0.000057
7784,1,0.115902,0.000057
7785,1,0.115890,0.000057
7786,1,0.115878,0.000057
7787,1,0.115866,0.000057
7788,1,0.115854,0.000057
7789,1,0.115842,0.000057
7790,1,0.115830,0.000057
7791,1,0.115819,0.000057
7792,1,0.115807,0.000056
7793,1,0.115795,0.000056
7794,1,0.115783,0.000056
7795,1,0.115771,0.000056
7796,1,0.115759,0.000056
7797,1,0.115747,0.000056
7798,1,0.115735,0.000056
7799,1,0.115724,0.000056
7800,1,0.115712,0.000056
7801,1,0.115700,0.000056
7802,1,0.115688,0.000055
7803,1,0.115676,0.000055
7804,1,0.115664,0.000055
7805,1,0.115652,0.000055
7806,1,0.115640,0.000055
7807,1,0.115628,0.000055
7808,1,0.115616,0.000055
7809,1,0.115604,0.000055
7810,1,0.115592,0.000055
7811,1,0.115581,0.000054
7812,1,0.115569,0.000054
7813,1,0.115557,0.000054
7814,1,0.115545,0.000054
7815,1,0.115533,0.000054
7816,1,0.115521,0.000054
7817,1,0.115509,0.000054
7818,1,0.115497,0.000054
7819,1,0.115485,0.000054
7820,1,0.115473,0.000054
7821,1,0.115461,0.000053
7822,1,0.115449,0.000053
7823,1,0.115437,0.000053
7824,1,0.115425,0.000053
7825,1,0.115413,0.000053
7826,1,0.115401,0.000053
7827,1,0.115389,0.000053
7828,1,0.115377,0.000053
7829,1,0.115365,0.000053
7830,1,0.115353,0.000053
7831,1,0.115341,0.000052
7832,1,0.115329,0.000052
7833,1,0.115317,0.000052
7834,1,0.115305,0.000052
7835,1,0.115293,0.000052
7836,1,0.115281,0.000052
7837,1,0.115269,0.000052
7838,1,0.115257,0.000052
7839,1,0.115245,0.000052
7840,1,0.115233,0.000052
7841,1,0.115221,0.000051
7842,1,0.115209,0.000051
7843,1,0.115197,0.000051
7844,1,0.115185,0.000051
7845,1,0.115173,0.000051
7846,1,0.115161,0.000051
7847,1,0.115148,0.000051
7848,1,0.115136,0.000051
7849,1,0.115124,0.000051
7850,1,0.115112,0.000051
7851,1,0.115100,0.000051
7852,1,0.115088,0.000050
7853,1,0.115076,0.000050
7854,1,0.115064,0.000050
7855,1,0.115052,0.000050
7856,1,0.115040,0.000050
7857,1,0.115028,0.000050
7858,1,0.115016,0.000050
7859,1,0.115004,0.000050
7860,1,0.114992,0.000050
7861,1,0.114980,0.000050
7862,1,0.114967,0.000050
7863,1,0.114955,0.000049
7864,1,0.114943,0.000049
7865,1,0.114931,0.000049
7866,1,0.114919,0.000049
7867,1,0.114907,0.000049
7868,1,0.114895,0.000049
7869,1,0.114883,0.000049
7870,1,0.114871,0.000049
7871,1,0.114859,0.000049
7872,1,0.114846,0.000049
7873,1,0.114834,0.000049
7874,1,0.114822,0.000048
7875,1,0.114810,0.000048
7876,1,0.114798,0.000048
7877,1,0.114786,0.000048
7878,1,0.114774,0.000048
7879,1,0.114762,0.000048
7880,1,0.114750,0.000048
7881,1,0.114737,0.000048
7882,1,0.114725,0.000048
7883,1,0.114713,0.000048
7884,1,0.114701,0.000048
7885,1,0.114689,0.000048
7886,1,0.114677,0.000047
7887,1,0.114665,0.000047
7888,1,0.114653,0.000047
7889,1,0.114640,0.000047
7890,1,0.114628,0.000047
7891,1,0.114616,0.000047
7892,1,0.114604,0.000047
7893,1,0.114592,0.000047
7894,1,0.114580,0.000047
7895,1,0.114568,0.000047
7896,1,0.114555,0.000047
7897,1,0.114543,0.000047
7898,1,0.114531,0.000046
7899,1,0.114519,0.000046
7900,1,0.114507,0.000046
7901,1,0.114495,0.000046
7902,1,0.114483,0.000046
7903,1,0.114470,0.000046
7904,1,0.114458,0.000046
7905,1,0.114446,0.000046
7906,1,0.114434,0.000046
7907,1,0.114422,0.000046
7908,1,0.114410,0.000046
7909,1,0.114397,0.000046
7910,1,0.114385,0.000045
7911,1,0.114373,0.000045
7912,1,0.114361,0.000045
7913,1,0.114349,0.000045
7914,1,0.114337,0.000045
7915,1,0.114325,0.000045
7916,1,0.114312,0.000045
7917,1,0.114300,0.000045
7918,1,0.114288,0.000045
7919,1,0.114276,0.000045
7920,1,0.114264,0.000045
7921,1,0.114252,0.000045
7922,1,0.114239,0.000045
7923,1,0.114227,0.000044
7924,1,0.114215,0.000044
7925,1,0.114203,0.000044
7926,1,0.114191,0.000044
7927,1,0.114178,0.000044
7928,1,0.114166,0.000044
7929,1,0.114154,0.000044
7930,1,0.114142,0.000044
7931,1,0.114130,0.000044
7932,1,0.114118,0.000044
7933,1,0.114105,0.000044
7934,1,0.114093,0.000044
7935,1,0.114081,0.000044
7936,1,0.114069,0.000043
7937,1,0.114057,0.000043
7938,1,0.114045,0.000043
7939,1,0.114032,0.000043
7940,1,0.114020,0.000043
7941,1,0.114008,0.000043
7942,1,0.113996,0.000043
7943,1,0.113984,0.000043
7944,1,0.113971,0.000043
7945,1,0.113959,0.000043
7946,1,0.113947,0.000043
7947,1,0.113935,0.000043
7948,1,0.113923,0.000043
7949,1,0.113911,0.000043
7950,1,0.113898,0.000042
7951,1,0.113886,0.000042
7952,1,0.113874,0.000042
7953,1,0.113862,0.000042
7954,1,0.113850,0.000042
7955,1,0.113837,0.000042
7956,1,0.113825,0.000042
7957,1,0.113813,0.000042
7958,1,0.113801,0.000042
7959,1,0.113789,0.000042
7960,1,0.113776,0.000042
7961,1,0.113764,0.000042
7962,1,0.113752,0.000042
7963,1,0.113740,0.000042
7964,1,0.113728,0.000041
7965,1,0.113716,0.000041
7966,1,0.113703,0.000041
7967,1,0.113691,0.000041
7968,1,0.113679,0.000041
7969,1,0.113667,0.000041
7970,1,0.113655,0.000041
7971,1,0.113642,0.000041
7972,1,0.113630,0.000041
7973,1,0.113618,0.000041
7974,1,0.113606,0.000041
7975,1,0.113594,0.000041
7976,1,0.113581,0.000041
7977,1,0.113569,0.000041
7978,1,0.113557,0.000041
7979,1,0.113545,0.000040
7980,1,0.113533,0.000040
7981,1,0.113521,0.000040
7982,1,0.113508,0.000040
7983,1,0.113496,0.000040
7984,1,0.113484,0.000040
7985,1,0.113472,0.000040
7986,1,0.113460,0.000040
7987,1,0.113447,0.000040
7988,1,0.113435,0.000040
7989,1,0.113423,0.000040
7990,1,0.113411,0.000040
7991,1,0.113399,0.000040
7992,1,0.113387,0.000040
7993,1,0.113374,0.000040
7994,1,0.113362,0.000039
7995,1,0.113350,0.000039
7996,1,0.113338,0.000039
7997,1,0.113326,0.000039
7998,1,0.113313,0.000039
7999,1,0.113301,0.000039
8000,1,0.113289,0.000039
8001,1,0.113277,0.000039
8002,1,0.113265,0.000039
8003,1,0.113253,0.000039
8004,1,0.113240,0.000039
8005,1,0.113228,0.000039
8006,1,0.113216,0.000039
8007,1,0.113204,0.000039
8008,1,0.113192,0.000039
8009,1,0.113179,0.000039
8010,1,0.113167,0.000038
8011,1,0.113155,0.000038
8012,1,0.113143,0.000038
8013,1,0.113131,0.000038
8014,1,0.113119,0.000038
8015,1,0.113106,0.000038
8016,1,0.113094,0.000038
8017,1,0.113082,0.000038
8018,1,0.113070,0.000038
8019,1,0.113058,0.000038
8020,1,0.113046,0.000038
8021,1,0.113033,0.000038
8022,1,0.113021,0.000038
8023,1,0.113009,0.000038
8024,1,0.112997,0.000038
8025,1,0.112985,0.000038
8026,1,0.112972,0.000037
8027,1,0.112960,0.000037
8028,1,0.112948,0.000037
8029,1,0.112936,0.000037
8030,1,0.112924,0.000037
8031,0,0.112912,0.000030
8032,1,0.112943,0.000024
8033,1,0.112973,0.000019
8034,1,0.113004,0.000015
8035,1,0.113034,0.000012
8036,1,0.113064,0.000010
8037,1,0.113093,0.000008
8038,1,0.113122,0.000006
8039,1,0.113151,0.000005
8040,1,0.113180,0.000004
8041,1,0.113208,0.000003
8042,1,0.113236,0.000003
8043,1,0.113264,0.000002
8044,1,0.113291,0.000002
8045,1,0.113318,0.000001
8046,1,0.113345,0.000013
8047,1,0.113372,0.000081
8048,1,0.113398,0.000184
8049,1,0.113424,0.000304
8050,1,0.113450,0.000431
8051,1,0.113475,0.000556
8052,1,0.113500,0.000673
8053,1,0.113525,0.000779
8054,1,0.113550,0.000872
8055,1,0.113574,0.000952
8056,1,0.113598,0.001018
8057,1,0.113622,0.001070
8058,1,0.113646,0.001110
8059,1,0.113669,0.001138
8060,1,0.113693,0.001156
8061,1,0.113715,0.001164
8062,1,0.113738,0.001164
8063,1,0.113760,0.001157
8064,1,0.113783,0.001144
8065,1,0.113805,0.001127
8066,1,0.113826,0.001105
8067,1,0.113848,0.001079
8068,1,0.113869,0.001052
8069,1,0.113890,0.001022
8070,1,0.113910,0.000991
8071,1,0.113931,0.000959
8072,1,0.113951,0.000926
8073,1,0.113971,0.000894
8074,1,0.113991,0.000861
8075,1,0.114011,0.000830
8076,1,0.114030,0.000798
8077,1,0.114049,0.000768
8078,1,0.114068,0.000738
8079,1,0.114087,0.000709
8080,1,0.114105,0.000682
8081,1,0.114123,0.000655
8082,1,0.114141,0.000630
8083,1,0.114159,0.000606
8084,1,0.114177,0.000583
8085,1,0.114194,0.000561
8086,1,0.114212,0.000541
8087,1,0.114229,0.000521
8088,1,0.114245,0.000503
8089,1,0.114262,0.000485
8090,1,0.114278,0.000469
8091,1,0.114295,0.000453
8092,1,0.114311,0.000439
8093,1,0.114326,0.000425
8094,1,0.114342,0.000413
8095,1,0.114357,0.000401
8096,1,0.114373,0.000389
8097,1,0.114388,0.000379
8098,1,0.114403,0.000369
8099,1,0.114417,0.000360
8100,1,0.114432,0.000351
8101,1,0.114446,0.000343
8102,1,0.114460,0.000336
8103,1,0.114474,0.000329
8104,1,0.114488,0.000322
8105,1,0.114501,0.000316
8106,1,0.114515,0.000310
8107,1,0.114528,0.000305
8108,1,0.114541,0.000300
8109,1,0.114554,0.000295
8110,1,0.114567,0.000291
8111,1,0.114579,0.000286
8112,1,0.114592,0.000282
8113,1,0.114604,0.000279
8114,1,0.114616,0.000275
8115,1,0.114628,0.000272
8116,1,0.114639,0.000269
8117,1,0.114651,0.000266
8118,1,0.114662,0.000263
8119,1,0.114673,0.000261
8120,1,0.114685,0.000258
8121,1,0.114695,0.000256
8122,1,0.114706,0.000254
8123,1,0.114717,0.000252
8124,1,0.114727,0.000250
8125,1,0.114737,0.000248
8126,1,0.114748,0.000246
8127,1,0.114758,0.000244
8128,1,0.114767,0.000243
8129,1,0.114777,0.000241
8130,1,0.114787,0.000239
8131,1,0.114796,0.000238
8132,1,0.114805,0.000237
8133,1,0.114814,0.000235
8134,1,0.114823,0.000234
8135,1,0.114832,0.000233
8136,1,0.114841,0.000231
8137,1,0.114849,0.000230
8138,1,0.114858,0.000229
8139,1,0.114866,0.000228
8140,1,0.114874,0.000227
8141,1,0.114882,0.000226
8142,1,0.114890,0.000224
8143,1,0.114897,0.000223
8144,1,0.114905,0.000222
8145,1,0.114912,0.000221
8146,1,0.114920,0.000220
8147,1,0.114927,0.000219
8148,1,0.114934,0.000218
8149,1,0.114941,0.000218
8150,1,0.114948,0.000217
8151,1,0.114954,0.000216
8152,1,0.114961,0.000215
8153,1,0.114967,0.000214
8154,1,0.114973,0.000213
8155,1,0.114980,0.000212
8156,1,0.114986,0.000211
8157,1,0.114992,0.000211
8158,1,0.114997,0.000210
8159,1,0.115003,0.000209
8160,1,0.115009,0.000208
8161,1,0.115014,0.000207
8162,1,0.115019,0.000206
8163,1,0.115025,0.000206
8164,1,0.115030,0.000205
8165,1,0.115035,0.000204
8166,1,0.115040,0.000203
8167,1,0.115044,0.000203
8168,1,0.115049,0.000202
8169,1,0.115054,0.000201
8170,1,0.115058,0.000200
8171,1,0.115062,0.000199
8172,1,0.115067,0.000199
8173,1,0.115071,0.000198
8174,1,0.115075,0.000197
8175,1,0.115079,0.000197
8176,1,0.115082,0.000196
8177,1,0.115086,0.000195
8178,1,0.115090,0.000194
8179,1,0.115093,0.000194
8180,1,0.115096,0.000193
8181,1,0.115100,0.000192
8182,1,0.115103,0.000192
8183,1,0.115106,0.000191
8184,1,0.115109,0.000190
8185,1,0.115112,0.000190
8186,1,0.115115,0.000189
8187,1,0.115117,0.000188
8188,1,0.115120,0.000188
8189,1,0.115122,0.000187
8190,1,0.115125,0.000186
8191,1,0.115127,0.000186
8192,1,0.115129,0.000185
8193,1,0.115131,0.000184
8194,1,0.115134,0.000184
8195,1,0.115135,0.000183
8196,1,0.115137,0.000182
8197,1,0.115139,0.000182
8198,1,0.115141,0.000181
8199,1,0.115142,0.000180
8200,1,0.115144,0.000180
8201,1,0.115145,0.000179
8202,1,0.115147,0.000179
8203,1,0.115148,0.000178
8204,1,0.115149,0.000177
8205,1,0.115150,0.000177
8206,1,0.115151,0.000176
8207,1,0.115152,0.000175
8208,1,0.115153,0.000175
8209,1,0.115153,0.000174
8210,1,0.115154,0.000174
8211,1,0.115155,0.000173
8212,1,0.115155,0.000172
8213,1,0.115155,0.000172
8214,1,0.115156,0.000171
8215,1,0.115156,0.000171
8216,1,0.115156,0.000170
8217,1,0.115156,0.000170
8218,1,0.115156,0.000169
8219,1,0.115156,0.000168
8220,1,0.115156,0.000168
8221,1,0.115156,0.000167
8222,1,0.115156,0.000167
8223,1,0.115155,0.000166
8224,1,0.115155,0.000166
8225,1,0.115154,0.000165
8226,1,0.115154,0.000165
8227,1,0.115153,0.000164
8228,1,0.115152,0.000163
8229,1,0.115152,0.000163
8230,1,0.115151,0.000162
8231,1,0.115150,0.000162
8232,1,0.115149,0.000161
8233,1,0.115148,0.000161
8234,1,0.115147,0.000160
8235,1,0.115145,0.000160
8236,1,0.115144,0.000159
8237,1,0.115143,0.000159
8238,1,0.115141,0.000158
8239,1,0.115140,0.000158
8240,1,0.115138,0.000157
8241,1,0.115137,0.000157
8242,1,0.115135,0.000156
8243,1,0.115133,0.000156
8244,1,0.115131,0.000155
8245,1,0.115129,0.000155
8246,1,0.115128,0.000154
8247,1,0.115126,0.000154
8248,1,0.115124,0.000153
8249,1,0.115121,0.000153
8250,1,0.115119,0.000152
8251,1,0.115117,0.000152
8252,1,0.115115,0.000151
8253,1,0.115112,0.000151
8254,1,0.115110,0.000150
8255,1,0.115107,0.000150
8256,1,0.115105,0.000149
8257,1,0.115102,0.000149
8258,1,0.115100,0.000148
8259,1,0.115097,0.000148
8260,1,0.115094,0.000147
8261,1,0.115091,0.000147
8262,1,0.115088,0.000146
8263,1,0.115085,0.000146
8264,1,0.115082,0.000146
8265,1,0.115079,0.000145
8266,1,0.115076,0.000145
8267,1,0.115073,0.000144
8268,1,0.115070,0.000144
8269,1,0.115067,0.000143
8270,1,0.115063,0.000143
8271,1,0.115060,0.000142
8272,1,0.115057,0.000142
8273,1,0.115053,0.000142
8274,1,0.115050,0.000141
8275,1,0.115046,0.000141
8276,1,0.115042,0.000140
8277,1,0.115039,0.000140
8278,1,0.115035,0.000139
8279,1,0.115031,0.000139
8280,1,0.115027,0.000139
8281,1,0.115023,0.000138
8282,1,0.115019,0.000138
8283,1,0.115015,0.000137
8284,1,0.115011,0.000137
8285,1,0.115007,0.000136
8286,1,0.115003,0.000136
8287,1,0.114999,0.000136
8288,1,0.114995,0.000135
8289,1,0.114991,0.000135
8290,1,0.114986,0.000134
8291,1,0.114982,0.000134
8292,1,0.114978,0.000134
8293,1,0.114973,0.000133
8294,1,0.114969,0.000133
8295,1,0.114964,0.000132
8296,1,0.114959,0.000132
8297,1,0.114955,0.000132
8298,1,0.114950,0.000131
8299,1,0.114945,0.000131
8300,1,0.114941,0.000130
8301,1,0.114936,0.000130
8302,1,0.114931,0.000130
8303,0,0.114926,0.000104
8304,1,0.114964,0.000083
8305,1,0.115001,0.000066
8306,1,0.115039,0.000053
8307,1,0.115075,0.000043
8308,1,0.115112,0.000034
8309,1,0.115148,0.000027
8310,1,0.115184,0.000022
8311,1,0.115220,0.000017
8312,1,0.115256,0.000014
8313,1,0.115291,0.000011
8314,1,0.115326,0.000009
8315,1,0.115360,0.000007
8316,1,0.115395,0.000006
8317,1,0.115429,0.000005
8318,1,0.115462,0.000041
8319,1,0.115496,0.000127
8320,1,0.115529,0.000243
8321,1,0.115562,0.000374
8322,1,0.115595,0.000509
8323,1,0.115627,0.000639
8324,1,0.115659,0.000761
8325,1,0.115691,0.000871
8326,1,0.115723,0.000967
8327,1,0.115754,0.001049
8328,1,0.115785,0.001117
8329,1,0.115816,0.001172
8330,1,0.115847,0.001214
8331,1,0.115877,0.001244
8332,1,0.115907,0.001263
8333,1,0.115937,0.001274
8334,0,0.115967,0.001019
8335,1,0.116037,0.000815
8336,1,0.116108,0.000652
8337,1,0.116177,0.000522
8338,1,0.116247,0.000417
8339,1,0.116316,0.000334
8340,1,0.116385,0.000267
8341,1,0.116453,0.000214
8342,1,0.116521,0.000171
8343,1,0.116588,0.000137
8344,1,0.116655,0.000109
8345,1,0.116722,0.000088
8346,1,0.116789,0.000070
8347,1,0.116855,0.000099
8348,1,0.116920,0.000197
8349,1,0.116985,0.000337
8350,1,0.117050,0.000500
8351,1,0.117115,0.000670
8352,1,0.117179,0.000838
8353,1,0.117242,0.000997
8354,1,0.117306,0.001143
8355,1,0.117368,0.001273
8356,1,0.117431,0.001385
8357,1,0.117493,0.001481
8358,1,0.117555,0.001559
8359,1,0.117616,0.001622
8360,1,0.117677,0.001670
8361,1,0.117738,0.001704
8362,1,0.117798,0.001727
8363,1,0.117858,0.001739
8364,1,0.117917,0.001741
8365,1,0.117976,0.001736
8366,1,0.118035,0.001724
8367,1,0.118093,0.001706
8368,1,0.118151,0.001683
8369,1,0.118209,0.001656
8370,1,0.118266,0.001627
8371,1,0.118323,0.001595
8372,1,0.118379,0.001561
8373,1,0.118435,0.001527
8374,1,0.118491,0.001491
8375,1,0.118546,0.001455
8376,1,0.118601,0.001420
8377,1,0.118656,0.001384
8378,1,0.118710,0.001349
8379,1,0.118764,0.001315
8380,1,0.118818,0.001281
8381,1,0.118871,0.001249
8382,1,0.118924,0.001217
8383,1,0.118976,0.001186
8384,1,0.119028,0.001157
8385,1,0.119080,0.001129
8386,1,0.119131,0.001102
8387,1,0.119182,0.001076
8388,1,0.119233,0.001051
8389,1,0.119283,0.001027
8390,1,0.119333,0.001005
8391,1,0.119383,0.000983
8392,1,0.119432,0.000963
8393,1,0.119481,0.000943
8394,1,0.119529,0.000925
8395,1,0.119578,0.000907
8396,1,0.119625,0.000890
8397,1,0.119673,0.000874
8398,1,0.119720,0.000859
8399,1,0.119767,0.000845
8400,1,0.119813,0.000831
8401,1,0.119860,0.000818
8402,1,0.119905,0.000806
8403,1,0.119951,0.000794
8404,1,0.119996,0.000782
8405,1,0.120041,0.000772
8406,1,0.120085,0.000761
8407,1,0.120129,0.000752
8408,1,0.120173,0.000742
8409,1,0.120217,0.000733
8410,1,0.120260,0.000725
8411,1,0.120303,0.000716
8412,1,0.120345,0.000708
8413,1,0.120388,0.000701
8414,1,0.120429,0.000694
8415,1,0.120471,0.000686
8416,1,0.120512,0.000680
8417,1,0.120553,0.000673
8418,1,0.120594,0.000667
8419,1,0.120634,0.000661
8420,1,0.120674,0.000655
8421,1,0.120714,0.000649
8422,1,0.120753,0.000643
8423,1,0.120792,0.000638
8424,1,0.120831,0.000633
8425,1,0.120869,0.000628
8426,1,0.120908,0.000623
8427,1,0.120945,0.000618
8428,1,0.120983,0.000613
8429,1,0.121020,0.000608
8430,1,0.121057,0.000604
8431,1,0.121094,0.000599
8432,1,0.121130,0.000595
8433,1,0.121166,0.000591
8434,1,0.121202,0.000587
8435,1,0.121238,0.000583
8436,1,0.121273,0.000579
8437,1,0.121308,0.000575
8438,1,0.121342,0.000571
8439,1,0.121377,0.000567
8440,1,0.121411,0.000563
8441,1,0.121444,0.000559
8442,1,0.121478,0.000556
8443,1,0.121511,0.000552
8444,1,0.121544,0.000549
8445,1,0.121577,0.000545
8446,1,0.121609,0.000542
8447,1,0.121641,0.000538
8448,1,0.121673,0.000535
8449,1,0.121704,0.000532
8450,1,0.121736,0.000528
8451,1,0.121767,0.000525
8452,1,0.121798,0.000522
8453,1,0.121828,0.000519
8454,1,0.121858,0.000516
8455,1,0.121888,0.000512
8456,1,0.121918,0.000509
8457,1,0.121947,0.000506
8458,1,0.121976,0.000503
8459,1,0.122005,0.000500
8460,1,0.122034,0.000497
8461,1,0.122062,0.000495
8462,1,0.122091,0.000492
8463,1,0.122118,0.000489
8464,1,0.122146,0.000486
8465,1,0.122174,0.000483
8466,1,0.122201,0.000480
8467,1,0.122228,0.000478
8468,1,0.122254,0.000475
8469,1,0.122281,0.000472
8470,1,0.122307,0.000470
8471,1,0.122333,0.000467
8472,1,0.122358,0.000464
8473,1,0.122384,0.000462
8474,1,0.122409,0.000459
8475,1,0.122434,0.000457
8476,1,0.122459,0.000454
8477,1,0.122483,0.000451
8478,1,0.122508,0.000449
8479,1,0.122532,0.000447
8480,1,0.122555,0.000444
8481,1,0.122579,0.000442
8482,1,0.122602,0.000439
8483,1,0.122625,0.000437
8484,1,0.122648,0.000434
8485,1,0.122671,0.000432
8486,1,0.122693,0.000430
8487,1,0.122716,0.000427
8488,1,0.122738,0.000425
8489,1,0.122759,0.000423
8490,1,0.122781,0.000421
8491,1,0.122802,0.000418
8492,1,0.122823,0.000416
8493,1,0.122844,0.000414
8494,1,0.122865,0.000412
8495,1,0.122886,0.000410
8496,1,0.122906,0.000408
8497,1,0.122926,0.000405
8498,1,0.122946,0.000403
8499,1,0.122966,0.000401
8500,1,0.122985,0.000399
8501,1,0.123004,0.000397
8502,1,0.123023,0.000395
8503,1,0.123042,0.000393
8504,1,0.123061,0.000391
8505,1,0.123079,0.000389
8506,1,0.123097,0.000387
8507,1,0.123115,0.000385
8508,1,0.123133,0.000383
8509,1,0.123151,0.000381
8510,1,0.123168,0.000379
8511,1,0.123186,0.000377
8512,1,0.123203,0.000375
8513,1,0.123220,0.000373
8514,1,0.123236,0.000372
8515,1,0.123253,0.000370
8516,1,0.123269,0.000368
8517,1,0.123285,0.000366
8518,1,0.123301,0.000364
8519,1,0.123317,0.000362
8520,1,0.123333,0.000361
8521,1,0.123348,0.000359
8522,1,0.123363,0.000357
8523,1,0.123378,0.000355
8524,1,0.123393,0.000354
8525,1,0.123408,0.000352
8526,1,0.123422,0.000350
8527,1,0.123437,0.000349
8528,1,0.123451,0.000347
8529,1,0.123465,0.000345
8530,1,0.123479,0.000344
8531,1,0.123492,0.000342
8532,1,0.123506,0.000340
8533,1,0.123519,0.000339
8534,1,0.123532,0.000337
8535,1,0.123545,0.000335
8536,1,0.123558,0.000334
8537,1,0.123570,0.000332
8538,1,0.123583,0.000331
8539,1,0.123595,0.000329
8540,1,0.123607,0.000328
8541,1,0.123619,0.000326
8542,1,0.123631,0.000324
8543,1,0.123643,0.000323
8544,1,0.123654,0.000321
8545,1,0.123665,0.000320
8546,1,0.123677,0.000319
8547,1,0.123688,0.000317
8548,1,0.123699,0.000316
8549,1,0.123709,0.000314
8550,1,0.123720,0.000313
8551,1,0.123730,0.000311
8552,1,0.123740,0.000310
8553,1,0.123751,0.000308
8554,1,0.123760,0.000307
8555,1,0.123770,0.000306
8556,1,0.123780,0.000304
8557,1,0.123789,0.000303
8558,1,0.123799,0.000302
8559,1,0.123808,0.000300
8560,1,0.123817,0.000299
8561,1,0.123826,0.000297
8562,1,0.123835,0.000296
8563,1,0.123843,0.000295
8564,1,0.123852,0.000294
8565,1,0.123860,0.000292
8566,1,0.123868,0.000291
8567,1,0.123876,0.000290
8568,1,0.123884,0.000288
8569,1,0.123892,0.000287
8570,1,0.123900,0.000286
8571,1,0.123907,0.000285
8572,1,0.123915,0.000283
8573,1,0.123922,0.000282
8574,1,0.123929,0.000281
8575,1,0.123936,0.000280
8576,1,0.123943,0.000278
8577,1,0.123950,0.000277
8578,1,0.123956,0.000276
8579,1,0.123963,0.000275
8580,1,0.123969,0.000274
8581,1,0.123976,0.000273
8582,1,0.123982,0.000271
8583,1,0.123988,0.000270
8584,1,0.123993,0.000269
8585,1,0.123999,0.000268
8586,1,0.124005,0.000267
8587,1,0.124010,0.000266
8588,1,0.124016,0.000265
8589,1,0.124021,0.000263
8590,1,0.124026,0.000262
8591,1,0.124031,0.000261
8592,1,0.124036,0.000260
8593,1,0.124041,0.000259
8594,1,0.124045,0.000258
8595,1,0.124050,0.000257
8596,1,0.124054,0.000256
8597,1,0.124058,0.000255
8598,1,0.124063,0.000254
8599,1,0.124067,0.000253
8600,1,0.124071,0.000252
8601,1,0.124074,0.000251
8602,1,0.124078,0.000250
8603,1,0.124082,0.000249
8604,1,0.124085,0.000248
8605,1,0.124089,0.000247
8606,1,0.124092,0.000246
8607,1,0.124095,0.000245
8608,1,0.124098,0.000244
8609,1,0.124101,0.000243
8610,1,0.124104,0.000242
8611,1,0.124107,0.000241
8612,1,0.124110,0.000240
8613,1,0.124112,0.000239
8614,1,0.124114,0.000238
8615,1,0.124117,0.000237
8616,1,0.124119,0.000236
8617,1,0.124121,0.000235
8618,1,0.124123,0.000234
8619,1,0.124125,0.000233
8620,1,0.124127,0.000232
8621,1,0.124129,0.000231
8622,1,0.124130,0.000230
8623,1,0.124132,0.000229
8624,1,0.124133,0.000229
8625,1,0.124135,0.000228
8626,1,0.124136,0.000227
8627,1,0.124137,0.000226
8628,1,0.124138,0.000225
8629,1,0.124139,0.000224
8630,1,0.124140,0.000223
8631,1,0.124141,0.000222
8632,1,0.124141,0.000221
8633,1,0.124142,0.000221
8634,1,0.124143,0.000220
8635,1,0.124143,0.000219
8636,1,0.124143,0.000218
8637,1,0.124143,0.000217
8638,1,0.124144,0.000216
8639,1,0.124144,0.000216
8640,1,0.124144,0.000215
8641,1,0.124143,0.000214
8642,1,0.124143,0.000213
8643,1,0.124143,0.000212
8644,1,0.124143,0.000212
8645,1,0.124142,0.000211
8646,1,0.124142,0.000210
8647,1,0.124141,0.000209
8648,1,0.124140,0.000208
8649,1,0.124139,0.000208
8650,1,0.124138,0.000207
8651,1,0.124137,0.000206
8652,1,0.124136,0.000205
8653,1,0.124135,0.000205
8654,1,0.124134,0.000204
8655,1,0.124133,0.000203
8656,1,0.124131,0.000202
8657,1,0.124130,0.000202
8658,1,0.124128,0.000201
8659,1,0.124127,0.000200
8660,1,0.124125,0.000199
8661,1,0.124123,0.000199
8662,1,0.124121,0.000198
8663,1,0.124120,0.000197
8664,1,0.124118,0.000196
8665,1,0.124115,0.000196
8666,1,0.124113,0.000195
8667,1,0.124111,0.000194
8668,1,0.124109,0.000194
8669,1,0.124106,0.000193
8670,1,0.124104,0.000192
8671,1,0.124101,0.000192
8672,1,0.124099,0.000191
8673,1,0.124096,0.000190
8674,1,0.124093,0.000190
8675,1,0.124091,0.000189
8676,1,0.124088,0.000188
8677,1,0.124085,0.000188
8678,1,0.124082,0.000187
8679,1,0.124079,0.000186
8680,1,0.124076,0.000186
8681,1,0.124072,0.000185
8682,1,0.124069,0.000184
8683,1,0.124066,0.000184
8684,1,0.124062,0.000183
8685,1,0.124059,0.000182
8686,1,0.124055,0.000182
8687,1,0.124052,0.000181
8688,1,0.124048,0.000180
8689,1,0.124044,0.000180
8690,1,0.124040,0.000179
8691,1,0.124037,0.000179
8692,1,0.124033,0.000178
8693,1,0.124029,0.000177
8694,1,0.124024,0.000177
8695,1,0.124020,0.000176
8696,1,0.124016,0.000175
8697,1,0.124012,0.000175
8698,1,0.124008,0.000174
8699,1,0.124003,0.000174
8700,1,0.123999,0.000173
8701,1,0.123994,0.000172
8702,1,0.123990,0.000172
8703,1,0.123985,0.000171
8704,1,0.123980,0.000171
8705,1,0.123976,0.000170
8706,1,0.123971,0.000170
8707,1,0.123966,0.000169
8708,1,0.123961,0.000168
8709,1,0.123956,0.000168
8710,1,0.123951,0.000167
8711,1,0.123946,0.000167
8712,1,0.123941,0.000166
8713,1,0.123936,0.000166
8714,1,0.123930,0.000165
8715,1,0.123925,0.000165
8716,1,0.123920,0.000164
8717,1,0.123914,0.000163
8718,1,0.123909,0.000163
8719,1,0.123903,0.000162
8720,1,0.123898,0.000162
8721,1,0.123892,0.000161
8722,1,0.123887,0.000161
8723,1,0.123881,0.000160
8724,1,0.123875,0.000160
8725,1,0.123869,0.000159
8726,1,0.123863,0.000159
8727,1,0.123857,0.000158
8728,1,0.123851,0.000158
8729,1,0.123845,0.000157
8730,1,0.123839,0.000157
8731,1,0.123833,0.000156
8732,1,0.123827,0.000156
8733,1,0.123821,0.000155
8734,1,0.123814,0.000155
8735,1,0.123808,0.000154
8736,1,0.123802,0.000154
8737,1,0.123795,0.000153
8738,1,0.123789,0.000153
8739,1,0.123782,0.000152
8740,1,0.123776,0.000152
8741,1,0.123769,0.000151
8742,1,0.123762,0.000151
8743,1,0.123756,0.000150
8744,1,0.123749,0.000150
8745,1,0.123742,0.000149
8746,1,0.123735,0.000149
8747,1,0.123728,0.000148
8748,1,0.123721,0.000148
8749,1,0.123714,0.000147
8750,1,0.123707,0.000147
8751,1,0.123700,0.000147
8752,1,0.123693,0.000146
8753,1,0.123686,0.000146
8754,1,0.123679,0.000145
8755,1,0.123672,0.000145
8756,1,0.123664,0.000144
8757,1,0.123657,0.000144
8758,1,0.123650,0.000143
8759,1,0.123642,0.000143
8760,1,0.123635,0.000142
8761,1,0.123627,0.000142
8762,1,0.123620,0.000142
8763,1,0.123612,0.000141
8764,1,0.123604,0.000141
8765,1,0.123597,0.000140
8766,1,0.123589,0.000140
8767,1,0.123581,0.000139
8768,1,0.123574,0.000139
8769,1,0.123566,0.000139
8770,1,0.123558,0.000138
8771,1,0.123550,0.000138
8772,1,0.123542,0.000137
8773,1,0.123534,0.000137
8774,1,0.123526,0.000136
8775,1,0.123518,0.000136
8776,1,0.123510,0.000136
8777,1,0.123502,0.000135
8778,1,0.123494,0.000135
8779,1,0.123485,0.000134
8780,1,0.123477,0.000134
8781,1,0.123469,0.000134
8782,1,0.123461,0.000133
8783,1,0.123452,0.000133
8784,1,0.123444,0.000132
8785,1,0.123435,0.000132
8786,1,0.123427,0.000132
8787,1,0.123419,0.000131
8788,1,0.123410,0.000131
8789,1,0.123401,0.000130
8790,1,0.123393,0.000130
8791,1,0.123384,0.000130
8792,1,0.123376,0.000129
8793,1,0.123367,0.000129
8794,1,0.123358,0.000129
8795,1,0.123349,0.000128
8796,1,0.123341,0.000128
8797,1,0.123332,0.000127
8798,1,0.123323,0.000127
8799,1,0.123314,0.000127
8800,1,0.123305,0.000126
8801,1,0.123296,0.000126
8802,1,0.123287,0.000126
8803,1,0.123278,0.000125
8804,1,0.123269,0.000125
8805,1,0.123260,0.000125
8806,1,0.123251,0.000124
8807,1,0.123242,0.000124
8808,1,0.123233,0.000123
8809,1,0.123223,0.000123
8810,1,0.123214,0.000123
8811,1,0.123205,0.000122
8812,1,0.123196,0.000122
8813,1,0.123186,0.000122
8814,1,0.123177,0.000121
8815,1,0.123167,0.000121
8816,1,0.123158,0.000121
8817,1,0.123149,0.000120
8818,1,0.123139,0.000120
8819,1,0.123130,0.000120
8820,1,0.123120,0.000119
8821,1,0.123111,0.000119
8822,1,0.123101,0.000119
8823,1,0.123091,0.000118
8824,1,0.123082,0.000118
8825,1,0.123072,0.000118
8826,1,0.123062,0.000117
8827,1,0.123053,0.000117
8828,1,0.123043,0.000117
8829,1,0.123033,0.000116
8830,1,0.123023,0.000116
8831,1,0.123013,0.000116
8832,1,0.123004,0.000115
8833,1,0.122994,0.000115
8834,1,0.122984,0.000115
8835,1,0.122974,0.000114
8836,1,0.122964,0.000114
8837,1,0.122954,0.000114
8838,1,0.122944,0.000113
8839,1,0.122934,0.000113
8840,1,0.122924,0.000113
8841,1,0.122914,0.000113
8842,1,0.122904,0.000112
8843,1,0.122894,0.000112
8844,1,0.122883,0.000112
8845,1,0.122873,0.000111
8846,1,0.122863,0.000111
8847,1,0.122853,0.000111
8848,1,0.122842,0.000110
8849,1,0.122832,0.000110
8850,1,0.122822,0.000110
8851,1,0.122812,0.000109
8852,1,0.122801,0.000109
8853,1,0.122791,0.000109
8854,1,0.122780,0.000109
8855,1,0.122770,0.000108
8856,1,0.122760,0.000108
8857,1,0.122749,0.000108
8858,1,0.122739,0.000107
8859,1,0.122728,0.000107
8860,1,0.122718,0.000107
8861,1,0.122707,0.000107
8862,1,0.122696,0.000106
8863,1,0.122686,0.000106
8864,1,0.122675,0.000106
8865,1,0.122665,0.000105
8866,1,0.122654,0.000105
8867,1,0.122643,0.000105
8868,1,0.122633,0.000105
8869,1,0.122622,0.000104
8870,1,0.122611,0.000104
8871,1,0.122600,0.000104
8872,1,0.122590,0.000103
8873,1,0.122579,0.000103
8874,1,0.122568,0.000103
8875,1,0.122557,0.000103
8876,1,0.122546,0.000102
8877,1,0.122535,0.000102
8878,1,0.122524,0.000102
8879,1,0.122513,0.000102
8880,1,0.122503,0.000101
8881,1,0.122492,0.000101
8882,1,0.122481,0.000101
8883,1,0.122470,0.000101
8884,1,0.122459,0.000100
8885,1,0.122447,0.000100
8886,1,0.122436,0.000100
8887,1,0.122425,0.000100
8888,1,0.122414,0.000099
8889,1,0.122403,0.000099
8890,1,0.122392,0.000099
8891,1,0.122381,0.000098
8892,1,0.122370,0.000098
8893,1,0.122358,0.000098
8894,1,0.122347,0.000098
8895,1,0.122336,0.000097
8896,1,0.122325,0.000097
8897,1,0.122314,0.000097
8898,1,0.122302,0.000097
8899,1,0.122291,0.000097
8900,1,0.122280,0.000096
8901,1,0.122268,0.000096
8902,1,0.122257,0.000096
8903,1,0.122246,0.000096
8904,1,0.122234,0.000095
8905,1,0.122223,0.000095
8906,1,0.122211,0.000095
8907,1,0.122200,0.000095
8908,1,0.122189,0.000094
8909,1,0.122177,0.000094
8910,1,0.122166,0.000094
8911,1,0.122154,0.000094
8912,1,0.122143,0.000093
8913,1,0.122131,0.000093
8914,1,0.122120,0.000093
8915,1,0.122108,0.000093
8916,1,0.122097,0.000092
8917,1,0.122085,0.000092
8918,1,0.122073,0.000092
8919,1,0.122062,0.000092
8920,1,0.122050,0.000092
8921,1,0.122038,0.000091
8922,1,0.122027,0.000091
8923,1,0.122015,0.000091
8924,1,0.122003,0.000091
8925,1,0.121992,0.000090
8926,1,0.121980,0.000090
8927,1,0.121968,0.000090
8928,1,0.121957,0.000090
8929,1,0.121945,0.000090
8930,1,0.121933,0.000089
8931,1,0.121921,0.000089
8932,1,0.121909,0.000089
8933,1,0.121898,0.000089
8934,1,0.121886,0.000088
8935,1,0.121874,0.000088
8936,1,0.121862,0.000088
8937,1,0.121850,0.000088
8938,1,0.121838,0.000088
8939,1,0.121826,0.000087
8940,1,0.121815,0.000087
8941,1,0.121803,0.000087
8942,1,0.121791,0.000087
8943,1,0.121779,0.000087
8944,1,0.121767,0.000086
8945,1,0.121755,0.000086
8946,1,0.121743,0.000086
8947,1,0.121731,0.000086
8948,1,0.121719,0.000086
8949,1,0.121707,0.000085
8950,1,0.121695,0.000085
8951,1,0.121683,0.000085
8952,1,0.121671,0.000085
8953,1,0.121659,0.000084
8954,1,0.121646,0.000084
8955,1,0.121634,0.000084
8956,1,0.121622,0.000084
8957,1,0.121610,0.000084
8958,1,0.121598,0.000083
8959,1,0.121586,0.000083
8960,1,0.121574,0.000083
8961,1,0.121562,0.000083
8962,1,0.121549,0.000083
8963,1,0.121537,0.000083
8964,1,0.121525,0.000082
8965,1,0.121513,0.000082
8966,1,0.121501,0.000082
8967,1,0.121488,0.000082
8968,1,0.121476,0.000082
8969,1,0.121464,0.000081
8970,1,0.121452,0.000081
8971,1,0.121439,0.000081
8972,1,0.121427,0.000081
8973,1,0.121415,0.000081
8974,1,0.121402,0.000080
8975,1,0.121390,0.000080
8976,1,0.121378,0.000080
8977,1,0.121365,0.000080
8978,1,0.121353,0.000080
8979,1,0.121341,0.000079
8980,1,0.121328,0.000079
8981,1,0.121316,0.000079
8982,1,0.121304,0.000079
8983,1,0.121291,0.000079
8984,1,0.121279,0.000079
8985,1,0.121266,0.000078
8986,1,0.121254,0.000078
8987,1,0.121242,0.000078
8988,1,0.121229,0.000078
8989,1,0.121217,0.000078
8990,1,0.121204,0.000078
8991,1,0.121192,0.000077
8992,1,0.121179,0.000077
8993,1,0.121167,0.000077
8994,1,0.121154,0.000077
8995,1,0.121142,0.000077
8996,1,0.121129,0.000076
8997,1,0.121117,0.000076
8998,1,0.121104,0.000076
8999,1,0.121092,0.000076
9000,1,0.121079,0.000076
9001,1,0.121066,0.000076
9002,1,0.121054,0.000075
9003,1,0.121041,0.000075
9004,1,0.121029,0.000075
9005,1,0.121016,0.000075
9006,1,0.121004,0.000075
9007,1,0.120991,0.000075
9008,1,0.120978,0.000074
9009,1,0.120966,0.000074
9010,1,0.120953,0.000074
9011,1,0.120940,0.000074
9012,1,0.120928,0.000074
9013,1,0.120915,0.000074
9014,1,0.120902,0.000073
9015,1,0.120890,0.000073
9016,0,0.120877,0.000059
9017,1,0.120910,0.000047
9018,1,0.120942,0.000038
9019,1,0.120974,0.000030
9020,1,0.121006,0.000024
9021,1,0.121038,0.000019
9022,1,0.121069,0.000015
9023,1,0.121100,0.000012
9024,1,0.121131,0.000010
9025,1,0.121161,0.000008
9026,1,0.121191,0.000006
9027,1,0.121221,0.000005
9028,1,0.121250,0.000004
9029,1,0.121280,0.000003
9030,1,0.121308,0.000003
9031,1,0.121337,0.000024
9032,1,0.121365,0.000101
9033,1,0.121393,0.000209
9034,1,0.121421,0.000334
9035,1,0.121449,0.000464
9036,1,0.121476,0.000591
9037,1,0.121503,0.000710
9038,1,0.121529,0.000818
9039,1,0.121556,0.000912
9040,1,0.121582,0.000993
9041,1,0.121608,0.001060
9042,1,0.121633,0.001113
9043,1,0.121659,0.001154
9044,1,0.121684,0.001183
9045,1,0.121709,0.001201
9046,1,0.121733,0.001211
9047,1,0.121758,0.001212
9048,1,0.121782,0.001206
9049,1,0.121805,0.001194
9050,1,0.121829,0.001177
9051,1,0.121852,0.001156
9052,1,0.121875,0.001131
9053,1,0.121898,0.001104
9054,1,0.121921,0.001075
9055,1,0.121943,0.001045
9056,1,0.121965,0.001014
9057,1,0.121987,0.000982
9058,1,0.122008,0.000950
9059,1,0.122030,0.000918
9060,1,0.122051,0.000887
9061,1,0.122072,0.000856
9062,1,0.122092,0.000826
9063,1,0.122113,0.000796
9064,1,0.122133,0.000768
9065,1,0.122153,0.000741
9066,1,0.122173,0.000715
9067,1,0.122192,0.000689
9068,1,0.122211,0.000666
9069,1,0.122231,0.000643
9070,1,0.122249,0.000621
9071,1,0.122268,0.000600
9072,1,0.122286,0.000581
9073,1,0.122305,0.000562
9074,1,0.122323,0.000545
9075,1,0.122340,0.000529
9076,1,0.122358,0.000513
9077,1,0.122375,0.000499
9078,1,0.122392,0.000485
9079,1,0.122409,0.000472
9080,1,0.122426,0.000460
9081,1,0.122443,0.000448
9082,1,0.122459,0.000438
9083,1,0.122475,0.000428
9084,1,0.122491,0.000418
9085,1,0.122507,0.000410
9086,1,0.122522,0.000401
9087,1,0.122538,0.000394
9088,1,0.122553,0.000386
9089,1,0.122568,0.000379
9090,1,0.122582,0.000373
9091,1,0.122597,0.000367
9092,1,0.122611,0.000361
9093,1,0.122626,0.000356
9094,1,0.122640,0.000351
9095,1,0.122653,0.000346
9096,1,0.122667,0.000342
9097,1,0.122681,0.000338
9098,1,0.122694,0.000334
9099,1,0.122707,0.000330
9100,1,0.122720,0.000326
9101,1,0.122733,0.000323
9102,1,0.122745,0.000320
9103,1,0.122757,0.000317
9104,1,0.122770,0.000314
9105,1,0.122782,0.000311
9106,1,0.122794,0.000308
9107,1,0.122805,0.000306
9108,1,0.122817,0.000303
9109,1,0.122828,0.000301
9110,1,0.122839,0.000299
9111,1,0.122850,0.000297
9112,1,0.122861,0.000295
9113,1,0.122872,0.000293
9114,1,0.122882,0.000291
9115,1,0.122893,0.000289
9116,1,0.122903,0.000287
9117,1,0.122913,0.000286
9118,1,0.122923,0.000284
9119,1,0.122933,0.000282
9120,1,0.122942,0.000281
9121,1,0.122951,0.000279
9122,1,0.122961,0.000278
9123,1,0.122970,0.000276
9124,1,0.122979,0.000275
9125,1,0.122988,0.000273
9126,1,0.122996,0.000272
9127,1,0.123005,0.000271
9128,1,0.123013,0.000269
9129,1,0.123021,0.000268
9130,1,0.123029,0.000267
9131,1,0.123037,0.000265
9132,1,0.123045,0.000264
9133,1,0.123053,0.000263
9134,1,0.123060,0.000262
9135,1,0.123067,0.000261
9136,1,0.123075,0.000259
9137,1,0.123082,0.000258
9138,1,0.123089,0.000257
9139,1,0.123095,0.000256
9140,1,0.123102,0.000255
9141,1,0.123109,0.000254
9142,1,0.123115,0.000253
9143,1,0.123121,0.000252
9144,1,0.123127,0.000251
9145,0,0.123133,0.000200
9146,1,0.123184,0.000160
9147,1,0.123234,0.000128
9148,1,0.123284,0.000103
9149,1,0.123334,0.000082
9150,1,0.123383,0.000066
9151,1,0.123432,0.000053
9152,1,0.123481,0.000042
9153,1,0.123529,0.000034
9154,1,0.123577,0.000027
9155,1,0.123625,0.000022
9156,1,0.123672,0.000017
9157,1,0.123719,0.000014
9158,1,0.123765,0.000011
9159,1,0.123811,0.000009
9160,1,0.123857,0.000071
9161,1,0.123903,0.000177
9162,1,0.123948,0.000309
9163,1,0.123993,0.000451
9164,1,0.124037,0.000594
9165,1,0.124082,0.000731
9166,1,0.124126,0.000857
9167,1,0.124169,0.000971
9168,1,0.124212,0.001071
9169,1,0.124255,0.001155
9170,1,0.124298,0.001226
9171,1,0.124340,0.001282
9172,1,0.124382,0.001326
9173,1,0.124424,0.001357
9174,1,0.124465,0.001378
9175,1,0.124506,0.001390
9176,1,0.124546,0.001393
9177,1,0.124587,0.001389
9178,1,0.124627,0.001379
9179,1,0.124667,0.001364
9180,1,0.124706,0.001345
9181,1,0.124745,0.001323
9182,1,0.124784,0.001297
9183,1,0.124822,0.001270
9184,1,0.124860,0.001241
9185,1,0.124898,0.001211
9186,1,0.124936,0.001181
9187,1,0.124973,0.001150
9188,1,0.125010,0.001119
9189,1,0.125047,0.001088
9190,1,0.125083,0.001058
9191,1,0.125119,0.001028
9192,1,0.125155,0.001000
9193,1,0.125190,0.000972
9194,1,0.125226,0.000945
9195,1,0.125260,0.000919
9196,1,0.125295,0.000894
9197,1,0.125329,0.000869
9198,1,0.125363,0.000847
9199,1,0.125397,0.000825
9200,1,0.125430,0.000804
9201,1,0.125464,0.000784
9202,1,0.125496,0.000765
9203,1,0.125529,0.000747
9204,1,0.125561,0.000730
9205,1,0.125593,0.000714
9206,1,0.125625,0.000698
9207,1,0.125657,0.000684
9208,1,0.125688,0.000670
9209,1,0.125719,0.000657
9210,1,0.125749,0.000645
9211,1,0.125780,0.000633
9212,1,0.125810,0.000622
9213,1,0.125840,0.000612
9214,1,0.125869,0.000602
9215,1,0.125899,0.000592
9216,1,0.125928,0.000583
9217,1,0.125957,0.000575
9218,1,0.125985,0.000567
9219,1,0.126013,0.000559
9220,1,0.126041,0.000552
9221,1,0.126069,0.000545
9222,1,0.126097,0.000539
9223,1,0.126124,0.000533
9224,1,0.126151,0.000527
9225,1,0.126178,0.000521
9226,1,0.126204,0.000516
9227,1,0.126230,0.000510
9228,1,0.126256,0.000505
9229,1,0.126282,0.000501
9230,1,0.126308,0.000496
9231,1,0.126333,0.000492
9232,1,0.126358,0.000487
9233,1,0.126383,0.000483
9234,1,0.126407,0.000479
9235,1,0.126431,0.000476
9236,1,0.126455,0.000472
9237,1,0.126479,0.000468
9238,1,0.126503,0.000465
9239,1,0.126526,0.000461
9240,1,0.126549,0.000458
9241,1,0.126572,0.000455
9242,1,0.126595,0.000452
9243,1,0.126617,0.000449
9244,1,0.126639,0.000446
9245,1,0.126661,0.000443
9246,1,0.126683,0.000440
9247,1,0.126705,0.000437
9248,1,0.126726,0.000435
9249,1,0.126747,0.000432
9250,1,0.126768,0.000429
9251,1,0.126788,0.000427
9252,1,0.126809,0.000424
9253,1,0.126829,0.000422
9254,1,0.126849,0.000419
9255,1,0.126869,0.000417
9256,1,0.126888,0.000414
9257,1,0.126907,0.000412
9258,1,0.126927,0.000410
9259,1,0.126946,0.000408
9260,1,0.126964,0.000405
9261,1,0.126983,0.000403
9262,1,0.127001,0.000401
9263,1,0.127019,0.000399
9264,1,0.127037,0.000397
9265,1,0.127055,0.000394
9266,1,0.127072,0.000392
9267,1,0.127089,0.000390
9268,1,0.127106,0.000388
9269,1,0.127123,0.000386
9270,1,0.127140,0.000384
9271,1,0.127156,0.000382
9272,1,0.127173,0.000380
9273,1,0.127189,0.000378
9274,1,0.127205,0.000376
9275,1,0.127220,0.000374
9276,1,0.127236,0.000372
9277,1,0.127251,0.000371
9278,1,0.127266,0.000369
9279,1,0.127281,0.000367
9280,1,0.127296,0.000365
9281,1,0.127311,0.000363
9282,1,0.127325,0.000361
9283,1,0.127339,0.000360
9284,1,0.127353,0.000358
9285,1,0.127367,0.000356
9286,1,0.127381,0.000354
9287,1,0.127394,0.000353
9288,1,0.127407,0.000351
9289,1,0.127421,0.000349
9290,1,0.127433,0.000347
9291,1,0.127446,0.000346
9292,1,0.127459,0.000344
9293,1,0.127471,0.000342
9294,1,0.127484,0.000341
9295,1,0.127496,0.000339
9296,1,0.127508,0.000338
9297,1,0.127519,0.000336
9298,1,0.127531,0.000334
9299,1,0.127542,0.000333
9300,1,0.127553,0.000331
9301,1,0.127565,0.000330
9302,1,0.127575,0.000328
9303,1,0.127586,0.000327
9304,1,0.127597,0.000325
9305,1,0.127607,0.000323
9306,1,0.127617,0.000322
9307,1,0.127628,0.000320
9308,1,0.127638,0.000319
9309,1,0.127647,0.000318
9310,1,0.127657,0.000316
9311,1,0.127666,0.000315
9312,1,0.127676,0.000313
9313,1,0.127685,0.000312
9314,1,0.127694,0.000310
9315,1,0.127703,0.000309
9316,1,0.127711,0.000307
9317,1,0.127720,0.000306
9318,1,0.127728,0.000305
9319,1,0.127737,0.000303
9320,1,0.127745,0.000302
9321,1,0.127753,0.000301
9322,1,0.127761,0.000299
9323,1,0.127768,0.000298
9324,1,0.127776,0.000297
9325,1,0.127783,0.000295
9326,1,0.127790,0.000294
9327,1,0.127798,0.000293
9328,1,0.127805,0.000291
9329,1,0.127811,0.000290
9330,1,0.127818,0.000289
9331,1,0.127825,0.000287
9332,1,0.127831,0.000286
9333,1,0.127837,0.000285
9334,1,0.127843,0.000284
9335,1,0.127849,0.000283
9336,1,0.127855,0.000281
9337,1,0.127861,0.000280
9338,1,0.127867,0.000279
9339,1,0.127872,0.000278
9340,1,0.127877,0.000276
9341,1,0.127883,0.000275
9342,1,0.127888,0.000274
9343,1,0.127893,0.000273
9344,1,0.127898,0.000272
9345,1,0.127902,0.000271
9346,1,0.127907,0.000269
9347,1,0.127911,0.000268
9348,1,0.127916,0.000267
9349,1,0.127920,0.000266
9350,1,0.127924,0.000265
9351,1,0.127928,0.000264
9352,1,0.127932,0.000263
9353,1,0.127935,0.000262
9354,1,0.127939,0.000260
9355,1,0.127942,0.000259
9356,1,0.127946,0.000258
9357,1,0.127949,0.000257
9358,1,0.127952,0.000256
9359,1,0.127955,0.000255
9360,1,0.127958,0.000254
9361,1,0.127961,0.000253
9362,1,0.127964,0.000252
9363,1,0.127966,0.000251
9364,1,0.127969,0.000250
9365,1,0.127971,0.000249
9366,1,0.127973,0.000248
9367,1,0.127975,0.000247
9368,1,0.127977,0.000246
9369,1,0.127979,0.000245
9370,1,0.127981,0.000244
9371,1,0.127982,0.000243
9372,1,0.127984,0.000242
9373,1,0.127985,0.000241
9374,1,0.127987,0.000240
9375,1,0.127988,0.000239
9376,1,0.127989,0.000238
9377,1,0.127990,0.000237
9378,1,0.127991,0.000236
9379,0,0.127992,0.000189
9380,1,0.128039,0.000151
9381,1,0.128086,0.000121
9382,1,0.128133,0.000097
9383,1,0.128179,0.000077
9384,1,0.128225,0.000062
9385,1,0.128271,0.000050
9386,1,0.128316,0.000040
9387,1,0.128361,0.000032
9388,1,0.128405,0.000025
9389,1,0.128450,0.000020
9390,1,0.128493,0.000016
9391,1,0.128537,0.000013
9392,1,0.128580,0.000010
9393,1,0.128623,0.000008
9394,1,0.128666,0.000068
9395,1,0.128708,0.000172
9396,1,0.128750,0.000302
9397,1,0.128792,0.000442
9398,1,0.128833,0.000584
9399,1,0.128874,0.000721
9400,1,0.128915,0.000847
9401,1,0.128955,0.000960
9402,1,0.128995,0.001059
9403,1,0.129035,0.001144
9404,1,0.129075,0.001214
9405,1,0.129114,0.001270
9406,1,0.129153,0.001313
9407,1,0.129191,0.001345
9408,1,0.129229,0.001366
9409,1,0.129267,0.001377
9410,1,0.129305,0.001380
9411,1,0.129342,0.001376
9412,1,0.129379,0.001366
9413,1,0.129416,0.001351
9414,1,0.129452,0.001332
9415,1,0.129488,0.001309
9416,1,0.129524,0.001284
9417,1,0.129560,0.001257
9418,1,0.129595,0.001228
9419,1,0.129630,0.001198
9420,1,0.129664,0.001167
9421,1,0.129698,0.001136
9422,1,0.129733,0.001105
9423,1,0.129766,0.001075
9424,1,0.129800,0.001044
9425,1,0.129833,0.001015
9426,1,0.129866,0.000986
9427,1,0.129898,0.000958
9428,1,0.129931,0.000931
9429,1,0.129963,0.000905
9430,1,0.129994,0.000880
9431,1,0.130026,0.000856
9432,1,0.130057,0.000833
9433,1,0.130088,0.000811
9434,1,0.130118,0.000790
9435,1,0.130149,0.000770
9436,1,0.130179,0.000751
9437,1,0.130208,0.000733
9438,1,0.130238,0.000716
9439,1,0.130267,0.000700
9440,1,0.130296,0.000685
9441,1,0.130325,0.000671
9442,1,0.130353,0.000657
9443,1,0.130382,0.000644
9444,1,0.130409,0.000632
9445,1,0.130437,0.000620
9446,1,0.130464,0.000609
9447,1,0.130492,0.000599
9448,1,0.130518,0.000589
9449,1,0.130545,0.000580
9450,1,0.130571,0.000571
9451,1,0.130597,0.000563
9452,1,0.130623,0.000555
9453,1,0.130649,0.000547
9454,1,0.130674,0.000540
9455,1,0.130699,0.000533
9456,1,0.130724,0.000527
9457,1,0.130749,0.000521
9458,1,0.130773,0.000515
9459,1,0.130797,0.000509
9460,1,0.130821,0.000504
9461,1,0.130845,0.000499
9462,1,0.130868,0.000494
9463,1,0.130891,0.000489
9464,1,0.130914,0.000485
9465,1,0.130937,0.000481
9466,1,0.130959,0.000476
9467,1,0.130981,0.000472
9468,1,0.131003,0.000469
9469,1,0.131025,0.000465
9470,1,0.131046,0.000461
9471,1,0.131068,0.000458
9472,1,0.131089,0.000454
9473,1,0.131109,0.000451
9474,1,0.131130,0.000448
9475,1,0.131150,0.000445
9476,1,0.131170,0.000442
9477,1,0.131190,0.000439
9478,1,0.131210,0.000436
9479,1,0.131229,0.000433
9480,1,0.131249,0.000430
9481,1,0.131268,0.000428
9482,1,0.131286,0.000425
9483,1,0.131305,0.000422
9484,1,0.131323,0.000420
9485,1,0.131341,0.000417
9486,1,0.131359,0.000415
9487,1,0.131377,0.000412
9488,1,0.131394,0.000410
9489,1,0.131412,0.000408
9490,1,0.131429,0.000405
9491,1,0.131446,0.000403
9492,1,0.131462,0.000401
9493,1,0.131479,0.000399
9494,1,0.131495,0.000396
9495,1,0.131511,0.000394
9496,1,0.131527,0.000392
9497,1,0.131543,0.000390
9498,1,0.131558,0.000388
9499,1,0.131573,0.000386
9500,1,0.131588,0.000384
9501,1,0.131603,0.000382
9502,1,0.131618,0.000380
9503,1,0.131632,0.000378
9504,1,0.131647,0.000376
9505,1,0.131661,0.000374
9506,1,0.131675,0.000372
9507,1,0.131688,0.000370
9508,1,0.131702,0.000368
9509,1,0.131715,0.000367
9510,1,0.131728,0.000365
9511,1,0.131741,0.000363
9512,1,0.131754,0.000361
9513,1,0.131767,0.000359
9514,1,0.131779,0.000357
9515,1,0.131791,0.000356
9516,1,0.131803,0.000354
9517,1,0.131815,0.000352
9518,1,0.131827,0.000350
9519,1,0.131838,0.000349
9520,1,0.131850,0.000347
9521,1,0.131861,0.000345
9522,1,0.131872,0.000344
9523,1,0.131883,0.000342
9524,1,0.131893,0.000340
9525,1,0.131904,0.000339
9526,1,0.131914,0.000337
9527,1,0.131924,0.000336
9528,1,0.131934,0.000334
9529,1,0.131944,0.000332
9530,1,0.131954,0.000331
9531,1,0.131963,0.000329
9532,1,0.131972,0.000328
9533,1,0.131981,0.000326
9534,1,0.131990,0.000325
9535,1,0.131999,0.000323
9536,1,0.132008,0.000322
9537,1,0.132016,0.000320
9538,1,0.132025,0.000319
9539,1,0.132033,0.000317
9540,1,0.132041,0.000316
9541,1,0.132049,0.000314
9542,1,0.132056,0.000313
9543,1,0.132064,0.000311
9544,1,0.132071,0.000310
9545,1,0.132079,0.000309
9546,1,0.132086,0.000307
9547,1,0.132093,0.000306
9548,1,0.132099,0.000304
9549,1,0.132106,0.000303
9550,1,0.132113,0.000302
9551,1,0.132119,0.000300
9552,1,0.132125,0.000299
9553,1,0.132131,0.000298
9554,1,0.132137,0.000296
9555,1,0.132143,0.000295
9556,1,0.132148,0.000294
9557,1,0.132154,0.000292
9558,1,0.132159,0.000291
9559,1,0.132164,0.000290
9560,1,0.132170,0.000288
9561,1,0.132174,0.000287
9562,1,0.132179,0.000286
9563,1,0.132184,0.000285
9564,1,0.132188,0.000283
9565,1,0.132193,0.000282
9566,1,0.132197,0.000281
9567,1,0.132201,0.000280
9568,1,0.132205,0.000279
9569,1,0.132209,0.000277
9570,1,0.132213,0.000276
9571,1,0.132216,0.000275
9572,1,0.132220,0.000274
9573,1,0.132223,0.000273
9574,1,0.132226,0.000271
9575,1,0.132229,0.000270
9576,1,0.132232,0.000269
9577,1,0.132235,0.000268
9578,1,0.132238,0.000267
9579,1,0.132240,0.000266
9580,1,0.132243,0.000265
9581,1,0.132245,0.000263
9582,1,0.132247,0.000262
9583,1,0.132249,0.000261
9584,1,0.132251,0.000260
9585,1,0.132253,0.000259
9586,1,0.132255,0.000258
9587,1,0.132256,0.000257
9588,1,0.132258,0.000256
9589,1,0.132259,0.000255
9590,1,0.132261,0.000254
9591,1,0.132262,0.000253
9592,1,0.132263,0.000252
9593,1,0.132264,0.000251
9594,1,0.132264,0.000250
9595,1,0.132265,0.000249
9596,1,0.132266,0.000248
9597,1,0.132266,0.000247
9598,1,0.132266,0.000246
9599,1,0.132267,0.000245
9600,1,0.132267,0.000244
9601,1,0.132267,0.000243
9602,1,0.132267,0.000242
9603,1,0.132267,0.000241
9604,1,0.132266,0.000240
9605,1,0.132266,0.000239
9606,1,0.132265,0.000238
9607,1,0.132265,0.000237
9608,1,0.132264,0.000236
9609,1,0.132263,0.000235
9610,1,0.132262,0.000234
9611,1,0.132261,0.000233
9612,1,0.132260,0.000232
9613,1,0.132259,0.000231
9614,1,0.132257,0.000230
9615,1,0.132256,0.000229
9616,1,0.132254,0.000229
9617,1,0.132253,0.000228
9618,1,0.132251,0.000227
9619,1,0.132249,0.000226
9620,1,0.132247,0.000225
9621,1,0.132245,0.000224
9622,1,0.132243,0.000223
9623,1,0.132241,0.000222
9624,1,0.132239,0.000222
9625,1,0.132236,0.000221
9626,1,0.132234,0.000220
9627,1,0.132231,0.000219
9628,1,0.132229,0.000218
9629,1,0.132226,0.000217
9630,1,0.132223,0.000217
9631,1,0.132220,0.000216
9632,1,0.132217,0.000215
9633,1,0.132214,0.000214
9634,1,0.132211,0.000213
9635,1,0.132207,0.000212
9636,1,0.132204,0.000212
9637,1,0.132200,0.000211
9638,1,0.132197,0.000210
9639,1,0.132193,0.000209
9640,1,0.132189,0.000208
9641,1,0.132186,0.000208
9642,1,0.132182,0.000207
9643,1,0.132178,0.000206
9644,1,0.132174,0.000205
9645,1,0.132170,0.000205
9646,1,0.132165,0.000204
9647,1,0.132161,0.000203
9648,1,0.132157,0.000202
9649,1,0.132152,0.000202
9650,1,0.132148,0.000201
9651,1,0.132143,0.000200
9652,1,0.132138,0.000199
9653,1,0.132133,0.000199
9654,1,0.132129,0.000198
9655,1,0.132124,0.000197
9656,1,0.132119,0.000197
9657,1,0.132113,0.000196
9658,1,0.132108,0.000195
9659,1,0.132103,0.000194
9660,1,0.132098,0.000194
9661,1,0.132092,0.000193
9662,1,0.132087,0.000192
9663,1,0.132081,0.000192
9664,1,0.132076,0.000191
9665,1,0.132070,0.000190
9666,1,0.132064,0.000190
9667,1,0.132058,0.000189
9668,1,0.132052,0.000188
9669,1,0.132046,0.000188
9670,1,0.132040,0.000187
9671,1,0.132034,0.000186
9672,1,0.132028,0.000186
9673,1,0.132022,0.000185
9674,1,0.132015,0.000184
9675,1,0.132009,0.000184
9676,1,0.132003,0.000183
9677,1,0.131996,0.000182
9678,1,0.131989,0.000182
9679,1,0.131983,0.000181
9680,1,0.131976,0.000180
9681,1,0.131969,0.000180
9682,1,0.131962,0.000179
9683,1,0.131955,0.000179
9684,1,0.131948,0.000178
9685,1,0.131941,0.000177
9686,1,0.131934,0.000177
9687,1,0.131927,0.000176
9688,1,0.131920,0.000176
9689,1,0.131912,0.000175
9690,1,0.131905,0.000174
9691,1,0.131898,0.000174
9692,1,0.131890,0.000173
9693,1,0.131883,0.000173
9694,1,0.131875,0.000172
9695,1,0.131867,0.000171
9696,1,0.131860,0.000171
9697,1,0.131852,0.000170
9698,1,0.131844,0.000170
9699,1,0.131836,0.000169
9700,1,0.131828,0.000168
9701,1,0.131820,0.000168
9702,1,0.131812,0.000167
9703,1,0.131804,0.000167
9704,1,0.131795,0.000166
9705,1,0.131787,0.000166
9706,1,0.131779,0.000165
9707,1,0.131771,0.000165
9708,1,0.131762,0.000164
9709,1,0.131754,0.000164
9710,1,0.131745,0.000163
9711,1,0.131736,0.000162
9712,1,0.131728,0.000162
9713,1,0.131719,0.000161
9714,1,0.131710,0.000161
9715,1,0.131702,0.000160
9716,1,0.131693,0.000160
9717,1,0.131684,0.000159
9718,1,0.131675,0.000159
9719,1,0.131666,0.000158
9720,1,0.131657,0.000158
9721,1,0.131648,0.000157
9722,1,0.131638,0.000157
9723,1,0.131629,0.000156
9724,1,0.131620,0.000156
9725,1,0.131611,0.000155
9726,1,0.131601,0.000155
9727,1,0.131592,0.000154
9728,1,0.131582,0.000154
9729,1,0.131573,0.000153
9730,1,0.131563,0.000153
9731,1,0.131554,0.000152
9732,1,0.131544,0.000152
9733,1,0.131534,0.000151
9734,1,0.131525,0.000151
9735,1,0.131515,0.000150
9736,1,0.131505,0.000150
9737,1,0.131495,0.000149
9738,1,0.131485,0.000149
9739,1,0.131475,0.000148
9740,1,0.131465,0.000148
9741,1,0.131455,0.000147
9742,1,0.131445,0.000147
9743,1,0.131435,0.000147
9744,1,0.131425,0.000146
9745,1,0.131414,0.000146
9746,1,0.131404,0.000145
9747,1,0.131394,0.000145
9748,1,0.131383,0.000144
9749,1,0.131373,0.000144
9750,1,0.131362,0.000143
9751,1,0.131352,0.000143
9752,1,0.131341,0.000142
9753,1,0.131331,0.000142
9754,1,0.131320,0.000142
9755,1,0.131309,0.000141
9756,1,0.131299,0.000141
9757,1,0.131288,0.000140
9758,1,0.131277,0.000140
9759,1,0.131266,0.000139
9760,1,0.131255,0.000139
9761,1,0.131245,0.000139
9762,1,0.131234,0.000138
9763,1,0.131223,0.000138
9764,1,0.131212,0.000137
9765,1,0.131201,0.000137
9766,1,0.131189,0.000136
9767,1,0.131178,0.000136
9768,1,0.131167,0.000136
9769,1,0.131156,0.000135
9770,1,0.131145,0.000135
9771,1,0.131133,0.000134
9772,1,0.131122,0.000134
9773,1,0.131111,0.000134
9774,1,0.131099,0.000133
9775,1,0.131088,0.000133
9776,1,0.131076,0.000132
9777,1,0.131065,0.000132
9778,1,0.131053,0.000132
9779,1,0.131042,0.000131
9780,1,0.131030,0.000131
9781,1,0.131019,0.000131
9782,1,0.131007,0.000130
9783,1,0.130995,0.000130
9784,1,0.130983,0.000129
9785,1,0.130972,0.000129
9786,1,0.130960,0.000129
9787,1,0.130948,0.000128
9788,1,0.130936,0.000128
9789,1,0.130924,0.000127
9790,1,0.130912,0.000127
9791,1,0.130900,0.000127
9792,1,0.130888,0.000126
9793,1,0.130876,0.000126
9794,1,0.130864,0.000126
9795,1,0.130852,0.000125
9796,1,0.130840,0.000125
9797,1,0.130828,0.000125
9798,1,0.130815,0.000124
9799,1,0.130803,0.000124
9800,1,0.130791,0.000123
9801,1,0.130779,0.000123
9802,1,0.130766,0.000123
9803,1,0.130754,0.000122
9804,1,0.130742,0.000122
9805,1,0.130729,0.000122
9806,1,0.130717,0.000121
9807,1,0.130704,0.000121
9808,1,0.130692,0.000121
9809,1,0.130679,0.000120
9810,1,0.130667,0.000120
9811,1,0.130654,0.000120
9812,1,0.130642,0.000119
9813,1,0.130629,0.000119
9814,1,0.130616,0.000119
9815,1,0.130604,0.000118
9816,1,0.130591,0.000118
9817,1,0.130578,0.000118
9818,0,0.130565,0.000094
9819,1,0.130601,0.000075
9820,1,0.130636,0.000060
9821,1,0.130671,0.000048
9822,1,0.130706,0.000039
9823,1,0.130740,0.000031
9824,1,0.130774,0.000025
9825,1,0.130808,0.000020
9826,1,0.130841,0.000016
9827,1,0.130874,0.000013
9828,1,0.130907,0.000010
9829,1,0.130939,0.000008
9830,1,0.130971,0.000006
9831,1,0.131003,0.000005
9832,1,0.131035,0.000004
9833,1,0.131066,0.000037
9834,1,0.131097,0.000122
9835,1,0.131128,0.000236
9836,1,0.131158,0.000366
9837,1,0.131188,0.000499
9838,1,0.131218,0.000629
9839,1,0.131247,0.000750
9840,1,0.131276,0.000860
9841,1,0.131305,0.000956
9842,1,0.131333,0.001038
9843,1,0.131362,0.001106
9844,1,0.131390,0.001160
9845,1,0.131417,0.001201
9846,1,0.131445,0.001231
9847,1,0.131472,0.001251
9848,1,0.131499,0.001261
9849,1,0.131525,0.001263
9850,1,0.131552,0.001257
9851,1,0.131578,0.001246
9852,1,0.131603,0.001230
9853,1,0.131629,0.001210
9854,1,0.131654,0.001186
9855,1,0.131679,0.001159
9856,1,0.131704,0.001131
9857,1,0.131728,0.001101
9858,1,0.131752,0.001071
9859,1,0.131776,0.001039
9860,1,0.131800,0.001008
9861,1,0.131823,0.000976
9862,1,0.131846,0.000945
9863,1,0.131869,0.000915
9864,1,0.131891,0.000885
9865,1,0.131914,0.000856
9866,1,0.131936,0.000828
9867,1,0.131958,0.000801
9868,1,0.131979,0.000774
9869,1,0.132001,0.000749
9870,1,0.132022,0.000726
9871,1,0.132043,0.000703
9872,1,0.132063,0.000681
9873,1,0.132084,0.000660
9874,1,0.132104,0.000641
9875,1,0.132124,0.000622
9876,1,0.132143,0.000605
9877,1,0.132163,0.000588
9878,1,0.132182,0.000573
9879,1,0.132201,0.000558
9880,1,0.132219,0.000544
9881,1,0.132238,0.000531
9882,1,0.132256,0.000519
9883,1,0.132274,0.000507
9884,1,0.132292,0.000496
9885,1,0.132310,0.000486
9886,1,0.132327,0.000476
9887,1,0.132344,0.000467
9888,1,0.132361,0.000459
9889,1,0.132378,0.000451
9890,1,0.132394,0.000443
9891,1,0.132410,0.000436
9892,1,0.132426,0.000429
9893,1,0.132442,0.000423
9894,1,0.132458,0.000417
9895,1,0.132473,0.000411
9896,1,0.132488,0.000406
9897,1,0.132503,0.000401
9898,1,0.132518,0.000396
9899,1,0.132533,0.000391
9900,1,0.132547,0.000387
9901,1,0.132561,0.000383
9902,1,0.132575,0.000379
9903,1,0.132589,0.000375
9904,1,0.132603,0.000372
9905,1,0.132616,0.000369
9906,1,0.132629,0.000365
9907,1,0.132642,0.000362
9908,1,0.132655,0.000359
9909,1,0.132667,0.000356
9910,1,0.132680,0.000354
9911,1,0.132692,0.000351
9912,1,0.132704,0.000349
9913,1,0.132716,0.000346
9914,1,0.132727,0.000344
9915,1,0.132739,0.000341
9916,1,0.132750,0.000339
9917,1,0.132761,0.000337
9918,1,0.132772,0.000335
9919,1,0.132783,0.000333
9920,1,0.132793,0.000331
9921,1,0.132803,0.000329
9922,1,0.132814,0.000327
9923,1,0.132824,0.000325
9924,1,0.132833,0.000323
9925,1,0.132843,0.000322
9926,1,0.132852,0.000320
9927,1,0.132862,0.000318
9928,1,0.132871,0.000317
9929,1,0.132880,0.000315
9930,1,0.132889,0.000313
9931,1,0.132897,0.000312
9932,1,0.132906,0.000310
9933,1,0.132914,0.000309
9934,1,0.132922,0.000307
9935,1,0.132930,0.000306
9936,1,0.132938,0.000304
9937,1,0.132945,0.000303
9938,1,0.132953,0.000301
9939,1,0.132960,0.000300
9940,1,0.132967,0.000298
9941,1,0.132974,0.000297
9942,1,0.132981,0.000296
9943,1,0.132987,0.000294
9944,1,0.132994,0.000293
9945,1,0.133000,0.000292
9946,1,0.133006,0.000290
9947,1,0.133012,0.000289
9948,1,0.133018,0.000288
9949,1,0.133024,0.000286
9950,1,0.133030,0.000285
9951,1,0.133035,0.000284
9952,1,0.133040,0.000283
9953,1,0.133045,0.000281
9954,1,0.133050,0.000280
9955,1,0.133055,0.000279
9956,1,0.133060,0.000278
9957,1,0.133064,0.000276
9958,1,0.133069,0.000275
9959,1,0.133073,0.000274
9960,1,0.133077,0.000273
9961,1,0.133081,0.000272
9962,1,0.133085,0.000270
9963,1,0.133089,0.000269
9964,1,0.133092,0.000268
9965,1,0.133096,0.000267
9966,1,0.133099,0.000266
9967,1,0.133102,0.000265
9968,1,0.133105,0.000264
9969,1,0.133108,0.000263
9970,1,0.133111,0.000261
9971,1,0.133113,0.000260
9972,1,0.133116,0.000259
9973,1,0.133118,0.000258
9974,1,0.133121,0.000257
9975,1,0.133123,0.000256
9976,1,0.133125,0.000255
9977,1,0.133126,0.000254
9978,1,0.133128,0.000253
9979,1,0.133130,0.000252
9980,1,0.133131,0.000251
9981,1,0.133133,0.000250
9982,1,0.133134,0.000249
9983,1,0.133135,0.000248
9984,1,0.133136,0.000247
9985,1,0.133137,0.000246
9986,1,0.133138,0.000245
9987,1,0.133138,0.000244
9988,1,0.133139,0.000243
9989,1,0.133139,0.000242
9990,1,0.133140,0.000241
9991,1,0.133140,0.000240
9992,1,0.133140,0.000239
9993,1,0.133140,0.000238
9994,1,0.133140,0.000237
9995,1,0.133139,0.000236
9996,1,0.133139,0.000235
9997,1,0.133138,0.000234
9998,1,0.133138,0.000233
9999,1,0.133137,0.000232
10000,1,0.133136,0.000231
10001,1,0.133135,0.000230
10002,1,0.133134,0.000230
10003,1,0.133133,0.000229
10004,1,0.133132,0.000228
10005,1,0.133130,0.000227
10006,1,0.133129,0.000226
10007,1,0.133127,0.000225
10008,1,0.133126,0.000224
10009,1,0.133124,0.000223
10010,1,0.133122,0.000222
10011,1,0.133120,0.000222
10012,1,0.133118,0.000221
10013,1,0.133116,0.000220
10014,1,0.133113,0.000219
10015,1,0.133111,0.000175
10016,1,0.133157,0.000140
10017,1,0.133203,0.000112
10018,1,0.133248,0.000090
10019,1,0.133293,0.000072
10020,1,0.133337,0.000057
10021,1,0.133428,0.000046
10022,1,0.133518,0.000037
10023,1,0.133608,0.000029
10024,1,0.133697,0.000024
10025,1,0.133785,0.000019
10026,1,0.133874,0.000015
10027,1,0.133961,0.000012
10028,1,0.134049,0.000010
10029,1,0.134135,0.000008
10030,1,0.134222,0.000006
10031,1,0.134352,0.000005
10032,1,0.134482,0.000004
10033,1,0.134654,0.000003
10034,1,0.134825,0.000003
10035,1,0.135037,0.000002
10036,1,0.135248,0.000002
10037,1,0.135497,0.000001
10038,1,0.135746,0.000001
10039,1,0.135995,0.000001
10040,1,0.136244,0.000001
10041,1,0.136493,0.000001
10042,1,0.136743,0.000000
10043,1,0.136992,0.000000
10044,1,0.137241,0.000000
10045,1,0.137490,0.000000
10046,1,0.137777,0.000000
10047,0,0.138100,0.000000
10048,1,0.138456,0.000000
10049,1,0.138813,0.000000
10050,1,0.139171,0.000000
10051,1,0.139562,0.000000
10052,1,0.139955,0.000000
10053,1,0.140349,0.000000
10054,1,0.140775,0.000000
10055,1,0.141202,0.000000
10056,1,0.141660,0.000000
10057,1,0.142121,0.000000
10058,1,0.142610,0.000000
10059,1,0.143103,0.000000
10060,1,0.143598,0.000000
10061,1,0.144096,0.000000
10062,1,0.144623,0.000000
10063,1,0.145153,0.000000
10064,1,0.145686,0.000000
10065,1,0.146221,0.000000
10066,1,0.146759,0.000220
10067,1,0.147298,0.000176
10068,1,0.147868,0.000141
10069,1,0.148467,0.000113
10070,1,0.149093,0.000090
10071,1,0.149744,0.000072
10072,1,0.150401,0.000058
10073,1,0.151062,0.000046
10074,1,0.151728,0.000037
10075,1,0.152397,0.000030
10076,1,0.153094,0.000024
10077,1,0.153795,0.000019
10078,1,0.154522,0.000015
10079,1,0.155254,0.000012
10080,1,0.156012,0.000010
10081,1,0.156775,0.000008
10082,1,0.157544,0.000006
10083,1,0.158337,0.000005
10084,1,0.159155,0.000004
10085,1,0.159979,0.000003
10086,1,0.160827,0.000003
10087,1,0.161696,0.000002
10088,1,0.162573,0.000002
10089,1,0.163459,0.000001
10090,1,0.164351,0.000001
10091,1,0.165249,0.000001
10092,1,0.166172,0.000001
10093,1,0.167117,0.000001
10094,1,0.168083,0.000000
10095,1,0.169058,0.000000
10096,1,0.170042,0.000000
10097,1,0.171033,0.000162
10098,1,0.172031,0.000129
10099,1,0.173053,0.000103
10100,0,0.174082,0.000346
10101,0,0.175118,0.000277
10102,0,0.176179,0.000221
10103,0,0.177261,0.000177
10104,0,0.178353,0.000142
10105,0,0.179452,0.000382
10106,0,0.180558,0.000827
10107,0,0.181670,0.001417
10108,0,0.182788,0.001229
10109,0,0.183932,0.001350
10110,0,0.185082,0.001080
10111,0,0.186258,0.000964
10112,0,0.187440,0.000771
10113,0,0.188647,0.000617
10114,0,0.189877,0.000494
10115,0,0.191116,0.000395
10116,0,0.192363,0.000316
10117,0,0.193633,0.000253
10118,0,0.194911,0.000289
10119,0,0.196197,0.000574
10120,0,0.197489,0.001040
10121,0,0.198786,0.001635
10122,0,0.200089,0.002315
10123,1,0.201396,0.002113
10124,0,0.202732,0.002208
10125,0,0.204072,0.002520
10126,0,0.205417,0.002060
10127,0,0.206791,0.001648
10128,0,0.208192,0.001319
10129,1,0.209617,0.001055
10130,0,0.211050,0.000844
10131,0,0.212507,0.000675
10132,0,0.213987,0.000540
10133,0,0.215487,0.000432
10134,0,0.217005,0.000346
10135,0,0.218541,0.000277
10136,0,0.220093,0.000221
10137,0,0.221658,0.000177
10138,0,0.223236,0.000142
10139,0,0.224826,0.000113
10140,0,0.226426,0.000091
10141,0,0.228046,0.000072
10142,0,0.229677,0.000100
10143,0,0.231317,0.000319
10144,0,0.232965,0.000690
10145,0,0.234620,0.000597
10146,0,0.236300,0.000728
10147,0,0.237986,0.001036
10148,0,0.239679,0.001480
10149,0,0.241378,0.001339
10150,0,0.243102,0.001445
10151,0,0.244833,0.001741
10152,0,0.246568,0.002177
10153,0,0.248306,0.002715
10154,0,0.250048,0.003321
10155,0,0.251791,0.003970
10156,1,0.253535,0.003678
10157,0,0.255311,0.003675
10158,0,0.257089,0.003884
10159,0,0.258868,0.004243
10160,0,0.260647,0.004706
10161,0,0.262425,0.005235
10162,0,0.264201,0.005800
10163,0,0.265975,0.006378
10164,0,0.267745,0.006953
10165,0,0.269512,0.007511
10166,0,0.271275,0.008043
10167,0,0.273032,0.008542
10168,0,0.274785,0.009004
10169,0,0.276531,0.009425
10170,0,0.278270,0.009805
10171,0,0.280003,0.008587
10172,0,0.281783,0.007843
10173,0,0.283557,0.007447
10174,0,0.285324,0.007304
10175,0,0.287084,0.007339
10176,0,0.288836,0.007494
10177,0,0.290581,0.006120
10178,0,0.292375,0.005326
10179,0,0.294162,0.004261
10180,0,0.295995,0.003409
10181,0,0.297870,0.002727
10182,0,0.299741,0.002182
10183,0,0.301607,0.001745
10184,0,0.303467,0.001480
10185,0,0.305320,0.001585
10186,0,0.307166,0.001947
10187,0,0.309005,0.002477
10188,0,0.310835,0.003110
10189,0,0.312656,0.003797
10190,0,0.314468,0.004501
10191,0,0.316270,0.005196
10192,0,0.318063,0.005863
10193,0,0.319844,0.006489
10194,0,0.321615,0.007066
10195,0,0.323374,0.007591
10196,0,0.325122,0.008060
10197,0,0.326858,0.008473
10198,0,0.328581,0.008832
10199,0,0.330292,0.009139
10200,0,0.331990,0.009396
10201,0,0.333675,0.009607
10202,0,0.335347,0.009775
10203,0,0.337005,0.009903
10204,0,0.338650,0.009995
10205,0,0.340281,0.010055
10206,0,0.341897,0.010085
10207,0,0.343500,0.010089
10208,0,0.345088,0.010069
10209,0,0.346661,0.010028
10210,0,0.348220,0.009969
10211,0,0.349764,0.009895
10212,0,0.351293,0.009806
10213,0,0.352808,0.009705
10214,0,0.354307,0.009594
10215,0,0.355791,0.009474
10216,0,0.357260,0.009347
10217,0,0.358713,0.009214
10218,0,0.360152,0.009076
10219,0,0.361575,0.008934
10220,0,0.362982,0.008789
10221,0,0.364374,0.008642
10222,0,0.365751,0.008494
10223,0,0.367112,0.008345
10224,0,0.368458,0.008196
10225,0,0.369788,0.008047
10226,0,0.371103,0.007898
10227,0,0.372403,0.007751
10228,0,0.373686,0.007605
10229,0,0.374955,0.007461
10230,0,0.376208,0.007318
10231,0,0.377445,0.007178
10232,0,0.378668,0.007039
10233,0,0.379875,0.006903
10234,0,0.381066,0.006770
10235,0,0.382242,0.006638
10236,0,0.383403,0.006510
10237,0,0.384549,0.006384
10238,0,0.385680,0.006260
10239,0,0.386796,0.006140
10240,0,0.387896,0.006022
10241,0,0.388982,0.005906
10242,0,0.390052,0.005793
10243,0,0.391108,0.005683
10244,0,0.392149,0.005576
10245,0,0.393176,0.005471
10246,0,0.394187,0.005368
10247,0,0.395185,0.005268
10248,0,0.396167,0.005170
10249,0,0.397136,0.005075
10250,0,0.398089,0.004982
10251,0,0.399029,0.004892
10252,0,0.399954,0.004803
10253,0,0.400866,0.004717
10254,0,0.401763,0.004633
10255,1,0.402647,0.003707
10256,0,0.403630,0.002965
10257,0,0.404599,0.002372
10258,0,0.405555,0.001898
10259,0,0.406497,0.001518
10260,0,0.407426,0.001215
10261,0,0.408342,0.000972
10262,0,0.409244,0.000777
10263,0,0.410133,0.000724
10264,0,0.411009,0.000815
10265,0,0.411871,0.001001
10266,0,0.412720,0.001245
10267,0,0.413556,0.001520
10268,0,0.414379,0.001806
10269,0,0.415189,0.002090
10270,0,0.415987,0.002361
10271,0,0.416771,0.002613
10272,0,0.417542,0.002842
10273,1,0.418301,0.002274
10274,0,0.419161,0.001819
10275,0,0.420008,0.001455
10276,0,0.420843,0.001164
10277,0,0.421665,0.000931
10278,0,0.422476,0.000745
10279,0,0.423273,0.000596
10280,0,0.424059,0.000480
10281,0,0.424833,0.000550
10282,0,0.425594,0.000743
10283,0,0.426343,0.001014
10284,0,0.427080,0.001328
10285,0,0.427805,0.001659
10286,0,0.428519,0.001990
10287,0,0.429220,0.002309
10288,0,0.429909,0.002607
10289,0,0.430586,0.002879
10290,0,0.431252,0.003123
10291,0,0.431906,0.003338
10292,0,0.432548,0.003523
10293,0,0.433179,0.003680
10294,0,0.433798,0.003810
10295,0,0.434406,0.003915
10296,0,0.435002,0.003998
10297,0,0.435587,0.004059
10298,0,0.436161,0.004102
10299,0,0.436723,0.004129
10300,0,0.437274,0.004140
10301,0,0.437815,0.004140
10302,0,0.438344,0.004128
10303,0,0.438862,0.004106
10304,0,0.439370,0.004077
10305,0,0.439866,0.004041
10306,0,0.440352,0.003999
10307,0,0.440828,0.003952
10308,0,0.441293,0.003902
10309,0,0.441747,0.003849
10310,0,0.442191,0.003793
10311,0,0.442625,0.003736
10312,0,0.443048,0.003678
10313,0,0.443461,0.003619
10314,0,0.443864,0.003560
10315,0,0.444258,0.003501
10316,0,0.444641,0.003442
10317,1,0.445014,0.002753
10318,0,0.445499,0.002203
10319,0,0.445973,0.001762
10320,0,0.446438,0.001410
10321,0,0.446894,0.001128
10322,0,0.447339,0.000902
10323,0,0.447775,0.000722
10324,0,0.448201,0.000577
10325,0,0.448618,0.000462
10326,0,0.449026,0.000390
10327,0,0.449424,0.000456
10328,0,0.449812,0.000615
10329,0,0.450191,0.000831
10330,0,0.450561,0.001077
10331,0,0.450922,0.001335
10332,0,0.451274,0.001591
10333,0,0.451616,0.001837
10334,0,0.451950,0.002066
10335,0,0.452274,0.002274
10336,0,0.452590,0.002460
10337,0,0.452897,0.002623
10338,0,0.453195,0.002764
10339,0,0.453484,0.002882
10340,0,0.453765,0.002980
10341,0,0.454036,0.003058
10342,0,0.454300,0.003119
10343,0,0.454555,0.003165
10344,0,0.454801,0.003196
10345,1,0.455040,0.002557
10346,0,0.455390,0.002045
10347,0,0.455732,0.001636
10348,0,0.456066,0.001309
10349,0,0.456391,0.001047
10350,0,0.456709,0.000838
10351,0,0.457018,0.000670
10352,0,0.457318,0.000536
10353,0,0.457611,0.000429
10354,0,0.457896,0.000397
10355,0,0.458172,0.000496
10356,0,0.458441,0.000679
10357,0,0.458701,0.000913
10358,0,0.458954,0.001173
10359,0,0.459198,0.001440
10360,0,0.459435,0.001702
10361,0,0.459664,0.001951
10362,0,0.459885,0.002180
10363,0,0.460099,0.002388
10364,0,0.460305,0.002572
10365,0,0.460503,0.002732
10366,0,0.460693,0.002868
10367,0,0.460876,0.002982
10368,0,0.461052,0.003075
10369,0,0.461220,0.003149
10370,0,0.461381,0.003205
10371,0,0.461534,0.003245
10372,0,0.461680,0.003271
10373,0,0.461819,0.003284
10374,0,0.461951,0.003286
10375,0,0.462076,0.003279
10376,0,0.462194,0.003264
10377,0,0.462304,0.003242
10378,0,0.462408,0.003215
10379,0,0.462505,0.003182
10380,0,0.462595,0.003146
10381,0,0.462678,0.003106
10382,0,0.462754,0.003064
10383,0,0.462824,0.003020
10384,0,0.462887,0.002975
10385,0,0.462944,0.002929
10386,0,0.462994,0.002882
10387,0,0.463038,0.002835
10388,0,0.463075,0.002788
10389,0,0.463107,0.002742
10390,0,0.463131,0.002695
10391,0,0.463150,0.002650
10392,0,0.463162,0.002605
10393,0,0.463169,0.002561
10394,1,0.463169,0.002049
10395,0,0.463287,0.001639
10396,0,0.463398,0.001311
10397,0,0.463504,0.001049
10398,0,0.463603,0.000839
10399,0,0.463696,0.000671
10400,0,0.463783,0.000537
10401,0,0.463863,0.000430
10402,0,0.463938,0.000344
10403,0,0.464007,0.000275
10404,0,0.464070,0.000220
10405,0,0.464127,0.000287
10406,0,0.464178,0.000436
10407,0,0.464223,0.000635
10408,0,0.464262,0.000861
10409,0,0.464296,0.001096
10410,0,0.464323,0.001328
10411,0,0.464345,0.001550
10412,0,0.464362,0.001756
10413,0,0.464373,0.001943
10414,0,0.464378,0.002109
10415,0,0.464377,0.002254
10416,0,0.464371,0.002378
10417,0,0.464360,0.002483
10418,0,0.464343,0.002568
10419,0,0.464321,0.002637
10420,0,0.464293,0.002689
10421,0,0.464261,0.002727
10422,0,0.464223,0.002753
10423,0,0.464179,0.002767
10424,0,0.464131,0.002772
10425,0,0.464077,0.002768
10426,0,0.464018,0.002758
10427,1,0.463955,0.002206
10428,0,0.464008,0.001765
10429,0,0.464055,0.001412
10430,0,0.464098,0.001129
10431,0,0.464135,0.000904
10432,0,0.464167,0.000723
10433,0,0.464194,0.000578
10434,0,0.464216,0.000463
10435,0,0.464233,0.000370
10436,0,0.464245,0.000296
10437,0,0.464251,0.000284
10438,0,0.464253,0.000384
10439,0,0.464249,0.000557
10440,0,0.464241,0.000773
10441,0,0.464228,0.001010
10442,0,0.464209,0.001251
10443,1,0.464186,0.001001
10444,0,0.464275,0.000801
10445,0,0.464359,0.000641
10446,0,0.464439,0.000513
10447,0,0.464513,0.000410
10448,0,0.464583,0.000328
10449,0,0.464647,0.000262
10450,0,0.464707,0.000210
10451,0,0.464761,0.000168
10452,0,0.464811,0.000214
10453,0,0.464855,0.000382
10454,0,0.464895,0.000626
10455,0,0.464930,0.000912
10456,0,0.464959,0.001216
10457,0,0.464984,0.001521
10458,0,0.465004,0.001814
10459,0,0.465019,0.002087
10460,0,0.465029,0.002336
10461,0,0.465034,0.002559
10462,0,0.465034,0.002754
10463,0,0.465030,0.002921
10464,0,0.465020,0.003062
10465,0,0.465006,0.003177
10466,0,0.464987,0.003270
10467,0,0.464963,0.003341
10468,0,0.464935,0.003393
10469,1,0.464902,0.002714
10470,0,0.464981,0.002171
10471,0,0.465055,0.001737
10472,0,0.465124,0.001390
10473,0,0.465189,0.001112
10474,0,0.465249,0.000889
10475,0,0.465304,0.000712
10476,0,0.465355,0.000569
10477,0,0.465400,0.000455
10478,0,0.465441,0.000461
10479,0,0.465477,0.000587
10480,0,0.465508,0.000790
10481,0,0.465534,0.001037
10482,0,0.465556,0.001305
10483,0,0.465573,0.001577
10484,0,0.465585,0.001842
10485,0,0.465592,0.002091
10486,0,0.465595,0.002319
10487,0,0.465593,0.002524
10488,0,0.465586,0.002704
10489,0,0.465574,0.002859
10490,0,0.465558,0.002991
10491,0,0.465537,0.003100
10492,0,0.465511,0.003187
10493,0,0.465481,0.003255
10494,0,0.465446,0.003306
10495,0,0.465407,0.003341
10496,0,0.465363,0.003361
10497,0,0.465314,0.003370
10498,0,0.465261,0.003368
10499,0,0.465203,0.003356
10500,0,0.465141,0.003337
10501,0,0.465075,0.003311
10502,0,0.465004,0.003279
10503,0,0.464928,0.003243
10504,0,0.464848,0.003203
10505,0,0.464764,0.003160
10506,1,0.464676,0.002528
10507,0,0.464701,0.002023
10508,0,0.464723,0.001618
10509,0,0.464740,0.001294
10510,0,0.464752,0.001036
10511,0,0.464760,0.000828
10512,0,0.464764,0.000663
10513,0,0.464763,0.000530
10514,0,0.464758,0.000424
10515,0,0.464748,0.000339
10516,0,0.464734,0.000366
10517,0,0.464716,0.000496
10518,0,0.464693,0.000690
10519,0,0.464665,0.000920
10520,0,0.464634,0.001167
10521,0,0.464598,0.001415
10522,0,0.464557,0.001656
10523,0,0.464512,0.001881
10524,0,0.464463,0.002087
10525,0,0.464410,0.002272
10526,0,0.464352,0.002434
10527,0,0.464290,0.002574
10528,0,0.464224,0.002693
10529,0,0.464153,0.002791
10530,0,0.464079,0.002870
10531,0,0.464000,0.002931
10532,1,0.463917,0.002345
10533,0,0.463946,0.001876
10534,0,0.463972,0.001501
10535,0,0.463994,0.001201
10536,0,0.464011,0.000961
10537,0,0.464024,0.000768
10538,0,0.464033,0.000615
10539,0,0.464037,0.000492
10540,0,0.464037,0.000393
10541,0,0.464033,0.000349
10542,0,0.464024,0.000439
10543,0,0.464012,0.000616
10544,0,0.463994,0.000846
10545,0,0.463973,0.001103
10546,0,0.463947,0.001369
10547,0,0.463918,0.001631
10548,0,0.463883,0.001880
10549,0,0.463845,0.002110
10550,0,0.463802,0.002318
10551,0,0.463755,0.002502
10552,0,0.463704,0.002662
10553,0,0.463649,0.002799
10554,0,0.463590,0.002913
10555,0,0.463526,0.003005
10556,0,0.463458,0.003079
10557,0,0.463386,0.003135
10558,0,0.463310,0.003174
10559,0,0.463230,0.003200
10560,0,0.463145,0.003213
10561,0,0.463057,0.003215
10562,0,0.462965,0.003208
10563,0,0.462868,0.003193
10564,0,0.462768,0.003170
10565,0,0.462664,0.003143
10566,0,0.462555,0.003110
10567,0,0.462443,0.003073
10568,0,0.462327,0.003034
10569,0,0.462207,0.002992
10570,0,0.462083,0.002948
10571,0,0.461955,0.002902
10572,0,0.461823,0.002856
10573,0,0.461688,0.002810
10574,0,0.461549,0.002763
10575,0,0.461406,0.002716
10576,0,0.461260,0.002670
10577,0,0.461110,0.002624
10578,0,0.460956,0.002579
10579,0,0.460799,0.002534
10580,0,0.460638,0.002491
10581,0,0.460473,0.002448
10582,0,0.460305,0.002406
10583,0,0.460134,0.002366
10584,0,0.459959,0.002326
10585,0,0.459780,0.002288
10586,0,0.459598,0.002250
10587,1,0.459413,0.001800
10588,0,0.459345,0.001440
10589,0,0.459274,0.001152
10590,0,0.459199,0.000922
10591,0,0.459120,0.000737
10592,0,0.459037,0.000590
10593,0,0.458951,0.000472
10594,0,0.458862,0.000377
10595,0,0.458769,0.000302
10596,0,0.458672,0.000242
10597,0,0.458572,0.000193
10598,0,0.458468,0.000220
10599,0,0.458360,0.000339
10600,0,0.458250,0.000517
10601,0,0.458135,0.000726
10602,0,0.458017,0.000950
10603,0,0.457896,0.001175
10604,0,0.457771,0.001393
10605,0,0.457643,0.001596
10606,0,0.457511,0.001782
10607,0,0.457376,0.001948
10608,0,0.457237,0.002094
10609,0,0.457095,0.002219
10610,0,0.456950,0.002325
10611,0,0.456801,0.002413
10612,0,0.456650,0.002483
10613,0,0.456494,0.002538
10614,0,0.456336,0.002578
10615,0,0.456174,0.002606
10616,0,0.456009,0.002623
10617,0,0.455841,0.002630
10618,0,0.455670,0.002628
10619,0,0.455495,0.002619
10620,0,0.455318,0.002604
10621,0,0.455137,0.002584
10622,0,0.454953,0.002559
10623,0,0.454766,0.002531
10624,0,0.454576,0.002500
10625,0,0.454383,0.002467
10626,0,0.454187,0.002432
10627,0,0.453988,0.002395
10628,0,0.453786,0.002358
10629,0,0.453582,0.002321
10630,1,0.453374,0.001857
10631,0,0.453283,0.001485
10632,0,0.453189,0.001188
10633,0,0.453092,0.000951
10634,0,0.452992,0.000760
10635,0,0.452888,0.000608
10636,0,0.452782,0.000487
10637,0,0.452672,0.000389
10638,0,0.452559,0.000311
10639,0,0.452443,0.000249
10640,0,0.452324,0.000199
10641,0,0.452202,0.000223
10642,0,0.452077,0.000340
10643,0,0.451948,0.000515
10644,0,0.451817,0.000722
10645,0,0.451682,0.000944
10646,0,0.451544,0.001167
10647,0,0.451404,0.001382
10648,0,0.451260,0.001584
10649,0,0.451113,0.001768
10650,0,0.450963,0.001932
10651,0,0.450810,0.002076
10652,0,0.450655,0.002199
10653,0,0.450496,0.002303
10654,0,0.450334,0.002389
10655,0,0.450170,0.002458
10656,0,0.450002,0.002511
10657,0,0.449832,0.002550
10658,0,0.449658,0.002576
10659,0,0.449482,0.002591
10660,0,0.449303,0.002597
10661,0,0.449122,0.002594
10662,0,0.448937,0.002584
10663,0,0.448750,0.002568
10664,0,0.448559,0.002547
10665,0,0.448366,0.002521
10666,0,0.448171,0.002492
10667,0,0.447973,0.002460
10668,1,0.447772,0.001968
10669,0,0.447686,0.001575
10670,1,0.447598,0.001260
10671,0,0.447617,0.001008
10672,0,0.447634,0.000806
10673,0,0.447648,0.000645
10674,0,0.447658,0.000516
10675,0,0.447666,0.000413
10676,0,0.447671,0.000330
10677,0,0.447672,0.000264
10678,0,0.447671,0.000211
10679,0,0.447666,0.000169
10680,0,0.447659,0.000135
10681,0,0.447648,0.000108
10682,0,0.447633,0.000240
10683,0,0.447616,0.000482
10684,0,0.447595,0.000787
10685,0,0.447572,0.001125
10686,0,0.447544,0.001471
10687,0,0.447514,0.001809
10688,0,0.447480,0.002127
10689,0,0.447443,0.002420
10690,0,0.447403,0.002683
10691,0,0.447359,0.002914
10692,0,0.447312,0.003113
10693,0,0.447262,0.003281
10694,0,0.447209,0.003419
10695,0,0.447152,0.003530
10696,0,0.447091,0.003616
10697,0,0.447028,0.003678
10698,0,0.446961,0.003721
10699,0,0.446891,0.003745
10700,0,0.446817,0.003753
10701,0,0.446741,0.003748
10702,0,0.446660,0.003731
10703,0,0.446577,0.003704
10704,0,0.446490,0.003669
10705,0,0.446400,0.003627
10706,0,0.446307,0.003579
10707,0,0.446210,0.003527
10708,0,0.446111,0.003471
10709,0,0.446008,0.003413
10710,0,0.445901,0.003353
10711,0,0.445792,0.003291
10712,0,0.445679,0.003229
10713,0,0.445563,0.003167
10714,0,0.445444,0.003105
10715,0,0.445322,0.003044
10716,0,0.445197,0.002983
10717,0,0.445069,0.002924
10718,0,0.444937,0.002865
10719,0,0.444802,0.002808
10720,0,0.444665,0.002752
10721,0,0.444524,0.002698
10722,0,0.444380,0.002645
10723,0,0.444233,0.002594
10724,0,0.444083,0.002544
10725,1,0.443931,0.002035
10726,0,0.443891,0.001628
10727,0,0.443849,0.001303
10728,0,0.443804,0.001042
10729,0,0.443755,0.000834
10730,1,0.443703,0.000667
10731,0,0.443758,0.000534
10732,0,0.443810,0.000427
10733,0,0.443859,0.000341
10734,0,0.443905,0.000273
10735,0,0.443947,0.000219
10736,0,0.443987,0.000175
10737,0,0.444022,0.000140
10738,0,0.444055,0.000112
10739,0,0.444084,0.000090
10740,0,0.444110,0.000087
10741,0,0.444132,0.000242
10742,0,0.444151,0.000497
10743,0,0.444166,0.000810
10744,0,0.444178,0.001151
10745,0,0.444187,0.001497
10746,0,0.444192,0.001833
10747,0,0.444193,0.002150
10748,0,0.444191,0.002440
10749,0,0.444186,0.002700
10750,0,0.444176,0.002928
10751,0,0.444164,0.003125
10752,0,0.444147,0.003291
10753,0,0.444128,0.003428
10754,0,0.444104,0.003538
10755,0,0.444077,0.003623
10756,0,0.444047,0.003686
10757,0,0.444013,0.003729
10758,0,0.443975,0.003754
10759,0,0.443934,0.003764
10760,0,0.443890,0.003760
10761,0,0.443841,0.003745
10762,0,0.443790,0.003720
10763,0,0.443734,0.003686
10764,0,0.443676,0.003646
10765,0,0.443613,0.003600
10766,0,0.443548,0.003550
10767,0,0.443478,0.003496
10768,0,0.443406,0.003440
10769,0,0.443329,0.003382
10770,0,0.443250,0.003322
10771,0,0.443167,0.003262
10772,0,0.443080,0.003201
10773,0,0.442991,0.003141
10774,0,0.442897,0.003080
10775,0,0.442801,0.003021
10776,0,0.442701,0.002962
10777,0,0.442597,0.002905
10778,0,0.442491,0.002849
10779,1,0.442381,0.002279
10780,0,0.442383,0.001823
10781,0,0.442382,0.001459
10782,0,0.442377,0.001167
10783,0,0.442369,0.000933
10784,0,0.442358,0.000747
10785,0,0.442343,0.000597
10786,0,0.442325,0.000478
10787,0,0.442303,0.000382
10788,0,0.442277,0.000306
10789,0,0.442248,0.000277
10790,0,0.442216,0.000365
10791,0,0.442180,0.000528
10792,0,0.442141,0.000737
10793,0,0.442098,0.000969
10794,0,0.442052,0.001208
10795,0,0.442002,0.001443
10796,0,0.441949,0.001665
10797,0,0.441893,0.001871
10798,0,0.441833,0.002057
10799,0,0.441769,0.002221
10800,0,0.441702,0.002364
10801,0,0.441632,0.002486
10802,0,0.441558,0.002588
10803,0,0.441481,0.002671
10804,0,0.441401,0.002737
10805,0,0.441317,0.002787
10806,0,0.441230,0.002823
10807,0,0.441139,0.002847
10808,0,0.441046,0.002859
10809,0,0.440949,0.002862
10810,0,0.440848,0.002856
10811,0,0.440745,0.002844
10812,0,0.440638,0.002825
10813,0,0.440528,0.002801
10814,0,0.440414,0.002773
10815,0,0.440298,0.002741
10816,0,0.440178,0.002707
10817,0,0.440055,0.002670
10818,0,0.439929,0.002632
10819,1,0.439800,0.002106
10820,0,0.439784,0.001685
10821,0,0.439764,0.001348
10822,0,0.439742,0.001078
10823,0,0.439715,0.000863
10824,0,0.439686,0.000690
10825,0,0.439653,0.000552
10826,0,0.439617,0.000442
10827,0,0.439578,0.000353
10828,1,0.439535,0.000283
10829,0,0.439600,0.000226
10830,0,0.439661,0.000181
10831,0,0.439719,0.000145
10832,0,0.439774,0.000116
10833,0,0.439826,0.000093
10834,0,0.439873,0.000074
10835,0,0.439918,0.000059
10836,0,0.439959,0.000047
10837,0,0.439997,0.000039
10838,0,0.440031,0.000186
10839,0,0.440061,0.000433
10840,0,0.440088,0.000738
10841,0,0.440112,0.001071
10842,0,0.440132,0.001411
10843,0,0.440148,0.001741
10844,0,0.440161,0.002052
10845,0,0.440170,0.002338
10846,0,0.440175,0.002595
10847,0,0.440177,0.002821
10848,0,0.440176,0.003016
10849,0,0.440170,0.003181
10850,0,0.440161,0.003318
10851,0,0.440149,0.003428
10852,0,0.440133,0.003514
10853,0,0.440113,0.003578
10854,0,0.440090,0.003623
10855,0,0.440063,0.003649
10856,0,0.440032,0.003661
10857,0,0.439998,0.003660
10858,0,0.439961,0.003647
10859,0,0.439919,0.003624
10860,0,0.439874,0.003593
10861,0,0.439826,0.003556
10862,0,0.439774,0.003513
10863,0,0.439719,0.003465
10864,0,0.439660,0.003414
10865,0,0.439597,0.003360
10866,0,0.439531,0.003304
10867,0,0.439462,0.003247
10868,0,0.439389,0.003189
10869,0,0.439312,0.003131
10870,0,0.439233,0.003073
10871,0,0.439149,0.003015
10872,0,0.439063,0.002958
10873,0,0.438973,0.002901
10874,1,0.438879,0.002321
10875,0,0.438897,0.001857
10876,0,0.438912,0.001485
10877,0,0.438923,0.001188
10878,0,0.438931,0.000951
10879,0,0.438935,0.000761
10880,0,0.438936,0.000608
10881,0,0.438933,0.000487
10882,0,0.438927,0.000389
10883,0,0.438917,0.000312
10884,0,0.438903,0.000288
10885,0,0.438886,0.000380
10886,0,0.438866,0.000547
10887,0,0.438842,0.000758
10888,0,0.438814,0.000992
10889,0,0.438783,0.001232
10890,0,0.438749,0.001466
10891,0,0.438710,0.001689
10892,0,0.438669,0.001894
10893,0,0.438624,0.002080
10894,1,0.438575,0.001664
10895,0,0.438635,0.001331
10896,0,0.438692,0.001065
10897,0,0.438745,0.000852
10898,0,0.438795,0.000681
10899,0,0.438841,0.000545
10900,0,0.438883,0.000436
10901,0,0.438922,0.000349
10902,0,0.438957,0.000279
10903,0,0.438989,0.000283
10904,0,0.439017,0.000414
10905,0,0.439041,0.000625
10906,0,0.439062,0.000883
10907,0,0.439079,0.001163
10908,0,0.439092,0.001447
10909,0,0.439102,0.001724
10910,0,0.439108,0.001984
10911,0,0.439110,0.002222
10912,0,0.439108,0.002436
10913,0,0.439103,0.002625
10914,0,0.439094,0.002788
10915,0,0.439082,0.002925
10916,0,0.439065,0.003039
10917,0,0.439046,0.003131
10918,0,0.439022,0.003203
10919,0,0.438995,0.003256
10920,0,0.438964,0.003293
10921,0,0.438929,0.003316
10922,0,0.438891,0.003325
10923,0,0.438849,0.003324
10924,0,0.438804,0.003313
10925,0,0.438755,0.003294
10926,0,0.438702,0.003268
10927,0,0.438646,0.003236
10928,0,0.438587,0.003199
10929,0,0.438523,0.003159
10930,0,0.438457,0.003116
10931,0,0.438386,0.003070
10932,0,0.438313,0.003023
10933,0,0.438235,0.002974
10934,0,0.438155,0.002925
10935,0,0.438071,0.002875
10936,0,0.437983,0.002825
10937,0,0.437892,0.002776
10938,0,0.437798,0.002727
10939,0,0.437700,0.002678
10940,0,0.437599,0.002631
10941,0,0.437495,0.002584
10942,0,0.437387,0.002538
10943,0,0.437276,0.002494
10944,0,0.437162,0.002450
10945,0,0.437045,0.002407
10946,0,0.436924,0.002366
10947,0,0.436800,0.002326
10948,0,0.436673,0.002287
10949,0,0.436543,0.002249
10950,0,0.436410,0.002212
10951,0,0.436274,0.002177
10952,0,0.436134,0.002142
10953,0,0.435992,0.002109
10954,0,0.435847,0.002076
10955,0,0.435698,0.002045
10956,0,0.435547,0.002014
10957,0,0.435392,0.001984
10958,1,0.435235,0.001588
10959,0,0.435192,0.001270
10960,0,0.435146,0.001016
10961,0,0.435097,0.000813
10962,0,0.435045,0.000650
10963,0,0.434990,0.000520
10964,0,0.434931,0.000416
10965,0,0.434869,0.000333
10966,0,0.434804,0.000266
10967,0,0.434736,0.000213
10968,1,0.434665,0.000170
10969,0,0.434702,0.000136
10970,0,0.434737,0.000109
10971,0,0.434768,0.000087
10972,0,0.434796,0.000070
10973,0,0.434821,0.000056
10974,0,0.434842,0.000045
10975,1,0.434860,0.000036
10976,0,0.434982,0.000029
10977,0,0.435100,0.000023
10978,0,0.435215,0.000018
10979,0,0.435327,0.000015
10980,0,0.435436,0.000012
10981,0,0.435541,0.000009
10982,0,0.435643,0.000007
10983,0,0.435741,0.000006
10984,0,0.435836,0.000111
10985,0,0.435928,0.000360
10986,0,0.436016,0.000697
10987,0,0.436100,0.001080
10988,0,0.436181,0.001480
10989,0,0.436258,0.001876
10990,0,0.436331,0.002253
10991,0,0.436401,0.002603
10992,0,0.436467,0.002919
10993,0,0.436529,0.003199
10994,0,0.436588,0.003443
10995,0,0.436642,0.003649
10996,0,0.436693,0.003822
10997,0,0.436741,0.003961
10998,0,0.436784,0.004071
10999,0,0.436824,0.004154
11000,0,0.436860,0.004212
11001,0,0.436892,0.004248
11002,0,0.436920,0.004265
11003,0,0.436944,0.004266
11004,0,0.436965,0.004252
11005,0,0.436981,0.004226
11006,0,0.436994,0.004190
11007,0,0.437004,0.004145
11008,0,0.437009,0.004093
11009,0,0.437010,0.004036
11010,0,0.437008,0.003974
11011,0,0.437002,0.003909
11012,0,0.436992,0.003841
11013,0,0.436978,0.003771
11014,0,0.436961,0.003700
11015,0,0.436940,0.003629
11016,0,0.436915,0.003558
11017,0,0.436886,0.003487
11018,0,0.436854,0.003417
11019,0,0.436818,0.003348
11020,0,0.436778,0.003280
11021,1,0.436735,0.002624
11022,0,0.436801,0.002099
11023,0,0.436863,0.001679
11024,0,0.436922,0.001343
11025,0,0.436977,0.001075
11026,0,0.437028,0.000860
11027,0,0.437076,0.000688
11028,0,0.437119,0.000550
11029,0,0.437159,0.000440
11030,0,0.437195,0.000352
11031,0,0.437227,0.000377
11032,0,0.437256,0.000504
11033,0,0.437280,0.000696
11034,0,0.437301,0.000925
11035,0,0.437318,0.001171
11036,0,0.437331,0.001418
11037,0,0.437340,0.001658
11038,0,0.437346,0.001883
11039,0,0.437347,0.002089
11040,0,0.437345,0.002274
11041,0,0.437339,0.002436
11042,0,0.437329,0.002577
11043,0,0.437316,0.002696
11044,0,0.437298,0.002795
11045,0,0.437277,0.002874
11046,0,0.437252,0.002937
11047,0,0.437224,0.002983
11048,0,0.437191,0.003016
11049,0,0.437155,0.003036
11050,0,0.437115,0.003045
11051,0,0.437072,0.003044
11052,0,0.437025,0.003036
11053,0,0.436974,0.003020
11054,0,0.436920,0.002998
11055,0,0.436862,0.002971
11056,0,0.436800,0.002941
11057,0,0.436735,0.002906
11058,0,0.436666,0.002869
11059,0,0.436593,0.002831
11060,0,0.436518,0.002790
11061,1,0.436438,0.002232
11062,0,0.436470,0.001786
11063,0,0.436499,0.001428
11064,0,0.436524,0.001143
11065,0,0.436545,0.000914
11066,0,0.436563,0.000731
11067,0,0.436577,0.000585
11068,0,0.436587,0.000468
11069,0,0.436593,0.000374
11070,0,0.436596,0.000300
11071,0,0.436596,0.000274
11072,0,0.436591,0.000364
11073,0,0.436583,0.000530
11074,0,0.436572,0.000741
11075,0,0.436556,0.000974
11076,0,0.436537,0.001214
11077,0,0.436515,0.001449
11078,0,0.436488,0.001671
11079,0,0.436458,0.001877
11080,0,0.436425,0.002062
11081,0,0.436388,0.002227
11082,0,0.436347,0.002369
11083,0,0.436303,0.002491
11084,0,0.436255,0.002592
11085,0,0.436204,0.002675
11086,0,0.436149,0.002740
11087,0,0.436091,0.002790
11088,0,0.436029,0.002825
11089,0,0.435963,0.002848
11090,0,0.435895,0.002860
11091,0,0.435822,0.002862
11092,0,0.435747,0.002856
11093,0,0.435667,0.002842
11094,0,0.435585,0.002823
11095,0,0.435499,0.002798
11096,0,0.435410,0.002770
11097,0,0.435317,0.002738
11098,0,0.435221,0.002703
11099,0,0.435122,0.002666
11100,0,0.435019,0.002628
11101,0,0.434913,0.002588
11102,0,0.434804,0.002548
11103,0,0.434692,0.002507
11104,0,0.434577,0.002466
11105,0,0.434458,0.002425
11106,0,0.434336,0.002385
11107,0,0.434211,0.002345
11108,0,0.434083,0.002305
11109,0,0.433952,0.002266
11110,0,0.433818,0.002228
11111,0,0.433681,0.002191
11112,0,0.433541,0.002155
11113,0,0.433398,0.002119
11114,0,0.433252,0.002085
11115,0,0.433103,0.002051
11116,0,0.432951,0.002019
11117,0,0.432796,0.001987
11118,0,0.432638,0.001956
11119,0,0.432478,0.001926
11120,0,0.432314,0.001898
11121,0,0.432148,0.001869
11122,0,0.431979,0.001842
11123,0,0.431808,0.001816
11124,0,0.431633,0.001790
11125,0,0.431456,0.001765
11126,0,0.431276,0.001741
11127,0,0.431094,0.001718
11128,0,0.430909,0.001695
11129,0,0.430722,0.001673
11130,0,0.430531,0.001651
11131,0,0.430339,0.001630
11132,0,0.430144,0.001610
11133,0,0.429946,0.001590
11134,0,0.429746,0.001571
11135,0,0.429543,0.001552
11136,0,0.429338,0.001534
11137,0,0.429131,0.001516
11138,0,0.428921,0.001498
11139,0,0.428709,0.001481
11140,0,0.428495,0.001465
11141,0,0.428278,0.001448
11142,0,0.428059,0.001433
11143,0,0.427838,0.001417
11144,0,0.427615,0.001402
11145,0,0.427389,0.001387
11146,0,0.427162,0.001373
11147,0,0.426932,0.001358
11148,0,0.426700,0.001344
11149,0,0.426466,0.001331
11150,0,0.426230,0.001317
11151,0,0.425991,0.001304
11152,0,0.425751,0.001291
11153,0,0.425509,0.001278
11154,0,0.425265,0.001266
11155,0,0.425019,0.001254
11156,0,0.424771,0.001242
11157,0,0.424521,0.001230
11158,0,0.424269,0.001218
11159,0,0.424016,0.001207
11160,0,0.423760,0.001196
11161,0,0.423503,0.001185
11162,0,0.423244,0.001174
11163,0,0.422983,0.001163
11164,0,0.422721,0.001152
11165,0,0.422456,0.001142
11166,0,0.422190,0.001132
11167,0,0.421923,0.001122
11168,0,0.421653,0.001112
11169,0,0.421383,0.001102
11170,0,0.421110,0.001092
11171,0,0.420836,0.001083
11172,0,0.420560,0.001073
11173,0,0.420283,0.001064
11174,0,0.420005,0.001055
11175,0,0.419724,0.001046
11176,0,0.419443,0.001037
11177,0,0.419160,0.001029
11178,0,0.418875,0.001020
11179,0,0.418589,0.001011
11180,0,0.418302,0.001003
11181,0,0.418013,0.000995
11182,0,0.417723,0.000986
11183,0,0.417432,0.000978
11184,0,0.417139,0.000970
11185,0,0.416845,0.000962
11186,0,0.416550,0.000955
11187,0,0.416253,0.000947
11188,0,0.415955,0.000939
11189,0,0.415657,0.000932
11190,0,0.415356,0.000924
11191,0,0.415055,0.000917
11192,0,0.414753,0.000910
11193,0,0.414449,0.000903
11194,0,0.414144,0.000896
11195,0,0.413838,0.000889
11196,0,0.413532,0.000882
11197,0,0.413224,0.000875
11198,0,0.412915,0.000868
11199,0,0.412605,0.000862
11200,0,0.412294,0.000855
11201,1,0.411981,0.000684
11202,0,0.411787,0.000547
11203,0,0.411592,0.000438
11204,0,0.411394,0.000350
11205,0,0.411195,0.000280
11206,0,0.410995,0.000224
11207,0,0.410793,0.000179
11208,0,0.410589,0.000143
11209,0,0.410384,0.000115
11210,0,0.410178,0.000092
11211,0,0.409970,0.000073
11212,0,0.409760,0.000059
11213,0,0.409549,0.000047
11214,0,0.409336,0.000072
11215,0,0.409122,0.000170
11216,0,0.408907,0.000312
11217,0,0.408690,0.000478
11218,0,0.408472,0.000654
11219,0,0.408252,0.000829
11220,0,0.408031,0.000996
11221,0,0.407808,0.001151
11222,0,0.407584,0.001291
11223,0,0.407359,0.001415
11224,0,0.407132,0.001521
11225,0,0.406904,0.001612
11226,0,0.406675,0.001686
11227,0,0.406444,0.001745
11228,0,0.406212,0.001791
11229,0,0.405979,0.001825
11230,0,0.405744,0.001848
11231,0,0.405509,0.001861
11232,0,0.405271,0.001865
11233,0,0.405033,0.001862
11234,0,0.404793,0.001853
11235,0,0.404553,0.001839
11236,0,0.404311,0.001820
11237,0,0.404067,0.001798
11238,0,0.403823,0.001773
11239,0,0.403577,0.001745
11240,0,0.403330,0.001716
11241,0,0.403083,0.001686
11242,0,0.402833,0.001655
11243,0,0.402583,0.001623
11244,0,0.402332,0.001592
11245,0,0.402079,0.001560
11246,0,0.401826,0.001529
11247,0,0.401571,0.001498
11248,0,0.401316,0.001467
11249,1,0.401059,0.001174
11250,0,0.400915,0.000939
11251,0,0.400770,0.000751
11252,0,0.400624,0.000601
11253,0,0.400475,0.000481
11254,0,0.400326,0.000385
11255,0,0.400175,0.000308
11256,0,0.400022,0.000246
11257,0,0.399868,0.000197
11258,0,0.399712,0.000158
11259,0,0.399555,0.000126
11260,0,0.399397,0.000101
11261,0,0.399237,0.000093
11262,0,0.399075,0.000175
11263,0,0.398912,0.000315
11264,0,0.398747,0.000487
11265,0,0.398582,0.000675
11266,0,0.398414,0.000866
11267,0,0.398245,0.001052
11268,0,0.398075,0.001225
11269,0,0.397903,0.001384
11270,0,0.397730,0.001525
11271,0,0.397555,0.001648
11272,0,0.397379,0.001754
11273,0,0.397202,0.001842
11274,0,0.397023,0.001914
11275,0,0.396843,0.001971
11276,0,0.396661,0.002014
11277,0,0.396478,0.002045
11278,0,0.396293,0.002064
11279,0,0.396108,0.002074
11280,0,0.395920,0.002076
11281,0,0.395732,0.002070
11282,0,0.395542,0.002059
11283,0,0.395351,0.002042
11284,0,0.395158,0.002021
11285,0,0.394964,0.001996
11286,0,0.394769,0.001969
11287,0,0.394573,0.001939
11288,0,0.394375,0.001908
11289,0,0.394176,0.001876
11290,0,0.393976,0.001842
11291,0,0.393774,0.001809
11292,0,0.393571,0.001775
11293,0,0.393367,0.001742
11294,0,0.393162,0.001708
11295,0,0.392955,0.001675
11296,0,0.392748,0.001643
11297,0,0.392539,0.001612
11298,0,0.392328,0.001581
11299,0,0.392117,0.001551
11300,0,0.391905,0.001522
11301,0,0.391691,0.001494
11302,0,0.391476,0.001466
11303,0,0.391260,0.001440
11304,0,0.391043,0.001415
11305,0,0.390825,0.001390
11306,0,0.390605,0.001367
11307,0,0.390385,0.001344
11308,0,0.390164,0.001322
11309,0,0.389941,0.001301
11310,0,0.389717,0.001281
11311,0,0.389493,0.001261
11312,0,0.389267,0.001243
11313,0,0.389040,0.001225
11314,0,0.388812,0.001207
11315,0,0.388583,0.001191
11316,0,0.388354,0.001175
11317,0,0.388123,0.001159
11318,0,0.387891,0.001144
11319,0,0.387658,0.001130
11320,1,0.387424,0.000904
11321,0,0.387301,0.000723
11322,0,0.387177,0.000579
11323,0,0.387051,0.000463
11324,0,0.386924,0.000370
11325,0,0.386796,0.000296
11326,0,0.386666,0.000237
11327,0,0.386535,0.000190
11328,0,0.386402,0.000152
11329,0,0.386268,0.000121
11330,0,0.386132,0.000097
11331,0,0.385995,0.000078
11332,0,0.385857,0.000062
11333,0,0.385717,0.000125
11334,0,0.385576,0.000251
11335,0,0.385434,0.000414
11336,0,0.385290,0.000595
11337,0,0.385145,0.000782
11338,0,0.384998,0.000965
11339,0,0.384850,0.001138
11340,0,0.384701,0.001297
11341,0,0.384550,0.001440
11342,0,0.384398,0.001565
11343,0,0.384245,0.001673
11344,0,0.384090,0.001763
11345,0,0.383934,0.001837
11346,0,0.383777,0.001897
11347,0,0.383618,0.001942
11348,0,0.383458,0.001975
11349,0,0.383297,0.001997
11350,0,0.383134,0.002009
11351,0,0.382971,0.002013
11352,0,0.382805,0.002010
11353,0,0.382639,0.002000
11354,0,0.382471,0.001985
11355,0,0.382302,0.001965
11356,0,0.382132,0.001942
11357,0,0.381961,0.001916
11358,0,0.381788,0.001888
11359,0,0.381614,0.001858
11360,0,0.381439,0.001827
11361,0,0.381262,0.001795
11362,0,0.381085,0.001763
11363,0,0.380906,0.001730
11364,0,0.380726,0.001698
11365,0,0.380545,0.001665
11366,0,0.380363,0.001633
11367,0,0.380179,0.001602
11368,0,0.379994,0.001571
11369,0,0.379809,0.001541
11370,0,0.379622,0.001512
11371,0,0.379434,0.001484
11372,0,0.379244,0.001456
11373,0,0.379054,0.001430
11374,0,0.378863,0.001404
11375,0,0.378670,0.001379
11376,0,0.378477,0.001355
11377,0,0.378282,0.001332
11378,0,0.378086,0.001310
11379,0,0.377890,0.001289
11380,0,0.377692,0.001268
11381,0,0.377493,0.001249
11382,0,0.377293,0.001230
11383,0,0.377092,0.001211
11384,0,0.376890,0.001194
11385,0,0.376688,0.001177
11386,0,0.376484,0.001161
11387,0,0.376279,0.001145
11388,0,0.376073,0.001130
11389,0,0.375866,0.001115
11390,0,0.375659,0.001101
11391,0,0.375450,0.001088
11392,0,0.375241,0.001075
11393,0,0.375030,0.001062
11394,0,0.374819,0.001050
11395,0,0.374607,0.001038
11396,0,0.374393,0.001027
11397,0,0.374179,0.001016
11398,0,0.373965,0.001005
11399,0,0.373749,0.000994
11400,0,0.373532,0.000984
11401,0,0.373315,0.000974
11402,0,0.373097,0.000965
11403,0,0.372877,0.000955
11404,0,0.372658,0.000946
11405,0,0.372437,0.000937
11406,0,0.372215,0.000929
11407,0,0.371993,0.000920
11408,0,0.371770,0.000912
11409,0,0.371546,0.000904
11410,0,0.371322,0.000896
11411,0,0.371097,0.000888
11412,0,0.370871,0.000880
11413,0,0.370644,0.000873
11414,0,0.370416,0.000866
11415,0,0.370188,0.000858
11416,0,0.369959,0.000851
11417,0,0.369730,0.000844
11418,0,0.369500,0.000838
11419,0,0.369269,0.000831
11420,0,0.369037,0.000824
11421,0,0.368805,0.000818
11422,0,0.368572,0.000812
11423,0,0.368339,0.000805
11424,0,0.368105,0.000799
11425,0,0.367870,0.000793
11426,0,0.367635,0.000787
11427,0,0.367399,0.000781
11428,0,0.367162,0.000775
11429,0,0.366925,0.000769
11430,0,0.366687,0.000764
11431,0,0.366449,0.000758
11432,0,0.366210,0.000753
11433,0,0.365971,0.000747
11434,0,0.365731,0.000742
11435,0,0.365491,0.000736
11436,0,0.365250,0.000731
11437,0,0.365009,0.000726
11438,0,0.364767,0.000721
11439,0,0.364524,0.000716
11440,0,0.364282,0.000711
11441,0,0.364038,0.000706
11442,0,0.363794,0.000701
11443,0,0.363550,0.000696
11444,0,0.363305,0.000691
11445,0,0.363060,0.000686
11446,0,0.362815,0.000682
11447,0,0.362569,0.000677
11448,0,0.362322,0.000672
11449,0,0.362075,0.000668
11450,0,0.361828,0.000663
11451,0,0.361580,0.000659
11452,0,0.361332,0.000654
11453,0,0.361084,0.000650
11454,0,0.360835,0.000646
11455,0,0.360586,0.000642
11456,0,0.360336,0.000637
11457,0,0.360086,0.000633
11458,0,0.359836,0.000629
11459,0,0.359586,0.000625
11460,0,0.359335,0.000621
11461,0,0.359084,0.000617
11462,0,0.358832,0.000613
11463,0,0.358580,0.000609
11464,0,0.358328,0.000605
11465,0,0.358076,0.000601
11466,0,0.357823,0.000597
11467,0,0.357570,0.000594
11468,0,0.357317,0.000590
11469,0,0.357063,0.000586
11470,0,0.356809,0.000582
11471,0,0.356555,0.000579
11472,0,0.356301,0.000575
11473,0,0.356046,0.000572
11474,0,0.355791,0.000568
11475,0,0.355536,0.000564
11476,0,0.355281,0.000561
11477,0,0.355026,0.000558
11478,0,0.354770,0.000554
11479,0,0.354514,0.000551
11480,0,0.354258,0.000547
11481,0,0.354002,0.000544
11482,0,0.353745,0.000541
11483,0,0.353489,0.000538
11484,0,0.353232,0.000534
11485,0,0.352975,0.000531
11486,0,0.352718,0.000528
11487,1,0.352461,0.000422
11488,0,0.352312,0.000338
11489,0,0.352162,0.000270
11490,1,0.352011,0.000216
11491,0,0.351962,0.000173
11492,0,0.351912,0.000138
11493,0,0.351861,0.000111
11494,0,0.351809,0.000089
11495,0,0.351756,0.000071
11496,0,0.351701,0.000057
11497,0,0.351646,0.000045
11498,0,0.351589,0.000036
11499,0,0.351532,0.000029
11500,0,0.351473,0.000023
11501,0,0.351413,0.000019
11502,0,0.351352,0.000015
11503,0,0.351289,0.000077
11504,0,0.351226,0.000247
11505,0,0.351161,0.000481
11506,0,0.351095,0.000750
11507,0,0.351028,0.001029
11508,0,0.350960,0.001304
11509,0,0.350891,0.001564
11510,0,0.350821,0.001801
11511,0,0.350749,0.002014
11512,0,0.350676,0.002198
11513,0,0.350602,0.002355
11514,0,0.350527,0.002485
11515,0,0.350450,0.002589
11516,0,0.350373,0.002669
11517,0,0.350294,0.002728
11518,0,0.350214,0.002767
11519,0,0.350133,0.002789
11520,0,0.350050,0.002796
11521,0,0.349967,0.002790
11522,0,0.349882,0.002773
11523,0,0.349796,0.002747
11524,1,0.349709,0.002197
11525,0,0.349721,0.001758
11526,0,0.349732,0.001406
11527,0,0.349741,0.001125
11528,0,0.349749,0.000900
11529,0,0.349756,0.000720
11530,0,0.349761,0.000576
11531,0,0.349765,0.000461
11532,0,0.349767,0.000369
11533,0,0.349768,0.000295
11534,0,0.349767,0.000236
11535,0,0.349765,0.000273
11536,0,0.349761,0.000398
11537,0,0.349756,0.000577
11538,0,0.349749,0.000785
11539,0,0.349741,0.001005
11540,0,0.349731,0.001224
11541,0,0.349720,0.001433
11542,0,0.349707,0.001627
11543,0,0.349693,0.001803
11544,0,0.349677,0.001958
11545,0,0.349659,0.002092
11546,0,0.349640,0.002206
11547,0,0.349620,0.002300
11548,0,0.349597,0.002375
11549,0,0.349574,0.002434
11550,0,0.349548,0.002477
11551,0,0.349522,0.002507
11552,0,0.349493,0.002524
11553,0,0.349463,0.002531
11554,0,0.349432,0.002529
11555,0,0.349399,0.002518
11556,0,0.349364,0.002501
11557,0,0.349328,0.002478
11558,0,0.349290,0.002451
11559,0,0.349250,0.002420
11560,0,0.349210,0.002385
11561,0,0.349167,0.002349
11562,0,0.349123,0.002311
11563,0,0.349077,0.002271
11564,0,0.349030,0.002231
11565,0,0.348982,0.002191
11566,0,0.348931,0.002150
11567,0,0.348880,0.002109
11568,0,0.348826,0.002069
11569,0,0.348771,0.002030
11570,0,0.348715,0.001991
11571,0,0.348657,0.001953
11572,0,0.348598,0.001916
11573,0,0.348537,0.001880
11574,0,0.348474,0.001845
11575,0,0.348410,0.001811
11576,0,0.348345,0.001778
11577,0,0.348278,0.001746
11578,0,0.348210,0.001715
11579,0,0.348140,0.001686
11580,0,0.348069,0.001657
11581,0,0.347996,0.001629
11582,0,0.347922,0.001603
11583,0,0.347846,0.001577
11584,0,0.347769,0.001552
11585,0,0.347690,0.001528
11586,0,0.347610,0.001505
11587,0,0.347529,0.001483
11588,0,0.347446,0.001461
11589,0,0.347362,0.001441
11590,0,0.347276,0.001421
11591,0,0.347189,0.001402
11592,0,0.347101,0.001383
11593,0,0.347011,0.001365
11594,0,0.346920,0.001347
11595,0,0.346828,0.001331
11596,0,0.346734,0.001314
11597,0,0.346639,0.001298
11598,0,0.346542,0.001283
11599,0,0.346444,0.001268
11600,0,0.346345,0.001254
11601,0,0.346245,0.001240
11602,0,0.346143,0.001226
11603,0,0.346040,0.001213
11604,0,0.345936,0.001200
11605,0,0.345831,0.001187
11606,0,0.345724,0.001175
11607,0,0.345616,0.001163
11608,0,0.345506,0.001151
11609,0,0.345396,0.001139
11610,0,0.345284,0.001128
11611,0,0.345171,0.001117
11612,0,0.345057,0.001107
11613,0,0.344942,0.001096
11614,0,0.344825,0.001086
11615,0,0.344708,0.001076
11616,0,0.344589,0.001066
11617,0,0.344469,0.001056
11618,0,0.344347,0.001046
11619,0,0.344225,0.001037
11620,1,0.344102,0.000830
11621,0,0.344081,0.000664
11622,0,0.344058,0.000531
11623,0,0.344034,0.000425
11624,0,0.344008,0.000340
11625,0,0.343981,0.000272
11626,0,0.343952,0.000217
11627,0,0.343922,0.000174
11628,0,0.343891,0.000139
11629,0,0.343857,0.000111
11630,0,0.343823,0.000089
11631,0,0.343787,0.000071
11632,1,0.343749,0.000057
11633,0,0.343809,0.000046
11634,0,0.343867,0.000036
11635,0,0.343923,0.000029
11636,0,0.343978,0.000023
11637,0,0.344031,0.000019
11638,0,0.344082,0.000015
11639,0,0.344132,0.000012
11640,0,0.344180,0.000010
11641,0,0.344226,0.000008
11642,0,0.344271,0.000006
11643,0,0.344314,0.000125
11644,0,0.344355,0.000329
11645,0,0.344394,0.000582
11646,0,0.344431,0.000857
11647,0,0.344467,0.001137
11648,0,0.344501,0.001408
11649,0,0.344533,0.001662
11650,0,0.344563,0.001894
11651,0,0.344592,0.002101
11652,0,0.344618,0.002281
11653,0,0.344643,0.002435
11654,0,0.344666,0.002563
11655,0,0.344687,0.002667
11656,0,0.344707,0.002749
11657,0,0.344724,0.002811
11658,0,0.344740,0.002855
11659,0,0.344754,0.002882
11660,0,0.344766,0.002895
11661,0,0.344776,0.002896
11662,0,0.344785,0.002886
11663,0,0.344791,0.002867
11664,0,0.344796,0.002841
11665,0,0.344799,0.002808
11666,0,0.344800,0.002771
11667,0,0.344799,0.002729
11668,0,0.344797,0.002684
11669,0,0.344792,0.002637
11670,0,0.344786,0.002588
11671,0,0.344778,0.002538
11672,0,0.344768,0.002487
11673,0,0.344757,0.002437
11674,0,0.344743,0.002386
11675,0,0.344728,0.002336
11676,0,0.344711,0.002287
11677,0,0.344692,0.002238
11678,0,0.344672,0.002191
11679,0,0.344649,0.002145
11680,0,0.344625,0.002100
11681,0,0.344600,0.002057
11682,0,0.344572,0.002014
11683,0,0.344543,0.001974
11684,0,0.344511,0.001934
11685,0,0.344479,0.001896
11686,0,0.344444,0.001860
11687,0,0.344408,0.001825
11688,0,0.344370,0.001791
11689,0,0.344330,0.001758
11690,0,0.344289,0.001727
11691,0,0.344246,0.001697
11692,0,0.344201,0.001668
11693,0,0.344155,0.001640
11694,0,0.344107,0.001614
11695,0,0.344057,0.001588
11696,0,0.344005,0.001563
11697,0,0.343952,0.001539
11698,0,0.343898,0.001516
11699,0,0.343842,0.001494
11700,0,0.343784,0.001473
11701,0,0.343724,0.001453
11702,0,0.343663,0.001433
11703,0,0.343601,0.001414
11704,0,0.343536,0.001395
11705,0,0.343471,0.001377
11706,0,0.343403,0.001360
11707,0,0.343334,0.001343
11708,0,0.343264,0.001327
11709,0,0.343192,0.001311
11710,0,0.343119,0.001296
11711,0,0.343044,0.001281
11712,1,0.342967,0.001025
11713,0,0.342992,0.000820
11714,0,0.343014,0.000656
11715,0,0.343035,0.000525
11716,0,0.343054,0.000420
11717,0,0.343071,0.000336
11718,0,0.343087,0.000269
11719,0,0.343100,0.000215
11720,0,0.343112,0.000172
11721,0,0.343122,0.000138
11722,0,0.343130,0.000110
11723,0,0.343137,0.000088
11724,0,0.343141,0.000086
11725,0,0.343144,0.000174
11726,0,0.343145,0.000318
11727,0,0.343145,0.000495
11728,0,0.343142,0.000687
11729,0,0.343138,0.000881
11730,0,0.343132,0.001070
11731,0,0.343124,0.001246
11732,0,0.343114,0.001408
11733,0,0.343103,0.001552
11734,0,0.343090,0.001678
11735,0,0.343075,0.001787
11736,0,0.343058,0.001878
11737,0,0.343040,0.001952
11738,0,0.343020,0.002011
11739,0,0.342998,0.002056
11740,0,0.342974,0.002089
11741,0,0.342949,0.002111
11742,0,0.342922,0.002123
11743,0,0.342893,0.002126
11744,0,0.342863,0.002122
11745,0,0.342830,0.002112
11746,0,0.342796,0.002096
11747,0,0.342761,0.002076
11748,0,0.342724,0.002053
11749,0,0.342685,0.002026
11750,0,0.342644,0.001998
11751,0,0.342602,0.001967
11752,0,0.342558,0.001935
11753,0,0.342512,0.001903
11754,0,0.342465,0.001870
11755,0,0.342416,0.001836
11756,0,0.342366,0.001803
11757,0,0.342314,0.001770
11758,0,0.342260,0.001737
11759,0,0.342205,0.001705
11760,0,0.342148,0.001674
11761,0,0.342090,0.001643
11762,0,0.342030,0.001613
11763,0,0.341969,0.001584
11764,0,0.341906,0.001555
11765,0,0.341841,0.001528
11766,0,0.341775,0.001501
11767,0,0.341707,0.001475
11768,0,0.341638,0.001451
11769,0,0.341568,0.001427
11770,0,0.341495,0.001404
11771,0,0.341422,0.001381
11772,0,0.341347,0.001360
11773,0,0.341270,0.001339
11774,0,0.341192,0.001319
11775,0,0.341113,0.001300
11776,0,0.341032,0.001282
11777,0,0.340950,0.001264
11778,0,0.340866,0.001247
11779,0,0.340781,0.001230
11780,0,0.340695,0.001214
11781,0,0.340607,0.001198
11782,0,0.340518,0.001184
11783,0,0.340427,0.001169
11784,0,0.340335,0.001155
11785,0,0.340242,0.001142
11786,0,0.340147,0.001128
11787,0,0.340051,0.001116
11788,0,0.339954,0.001103
11789,0,0.339856,0.001091
11790,0,0.339756,0.001080
11791,0,0.339655,0.001068
11792,0,0.339552,0.001057
11793,0,0.339449,0.001047
11794,1,0.339344,0.000837
11795,0,0.339341,0.000670
11796,0,0.339336,0.000536
11797,0,0.339329,0.000429
11798,1,0.339321,0.000343
11799,0,0.339408,0.000274
11800,0,0.339494,0.000220
11801,0,0.339578,0.000176
11802,0,0.339660,0.000140
11803,0,0.339741,0.000112
11804,0,0.339820,0.000090
11805,0,0.339897,0.000072
11806,0,0.339972,0.000058
11807,0,0.340045,0.000046
11808,0,0.340117,0.000037
11809,0,0.340186,0.000029
11810,0,0.340254,0.000092
11811,0,0.340320,0.000270
11812,1,0.340384,0.000216
11813,0,0.340541,0.000173
11814,0,0.340695,0.000138
11815,0,0.340848,0.000111
11816,0,0.340999,0.000089
11817,0,0.341148,0.000071
11818,0,0.341295,0.000057
11819,0,0.341440,0.000045
11820,0,0.341583,0.000036
11821,0,0.341724,0.000160
11822,0,0.341863,0.000398
11823,0,0.342000,0.000704
11824,0,0.342135,0.001043
11825,0,0.342268,0.001392
11826,0,0.342398,0.001733
11827,0,0.342527,0.002054
11828,0,0.342653,0.002349
11829,0,0.342777,0.002614
11830,0,0.342898,0.002846
11831,0,0.343018,0.003045
11832,0,0.343135,0.003212
11833,0,0.343250,0.003350
11834,0,0.343363,0.003459
11835,0,0.343473,0.003542
11836,0,0.343582,0.003602
11837,0,0.343687,0.003642
11838,0,0.343791,0.003663
11839,0,0.343892,0.003668
11840,0,0.343991,0.003660
11841,0,0.344088,0.003640
11842,0,0.344182,0.003610
11843,0,0.344274,0.003571
11844,0,0.344363,0.003526
11845,0,0.344450,0.003475
11846,0,0.344535,0.003421
11847,0,0.344618,0.003362
11848,0,0.344698,0.003302
11849,0,0.344775,0.003239
11850,0,0.344851,0.003176
11851,0,0.344924,0.003112
11852,0,0.344994,0.003049
11853,1,0.345063,0.002439
11854,0,0.345226,0.001951
11855,0,0.345388,0.001561
11856,0,0.345546,0.001249
11857,0,0.345703,0.000999
11858,0,0.345857,0.000799
11859,0,0.346008,0.000639
11860,0,0.346157,0.000511
11861,0,0.346304,0.000409
11862,0,0.346448,0.000327
11863,0,0.346589,0.000305
11864,0,0.346728,0.000396
11865,0,0.346865,0.000563
11866,0,0.346999,0.000773
11867,0,0.347130,0.001004
11868,0,0.347259,0.001242
11869,1,0.347385,0.000994
11870,0,0.347604,0.000795
11871,0,0.347821,0.000636
11872,0,0.348035,0.000509
11873,0,0.348246,0.000407
11874,0,0.348455,0.000326
11875,0,0.348662,0.000261
11876,0,0.348865,0.000208
11877,0,0.349067,0.000167
11878,0,0.349265,0.000210
11879,0,0.349460,0.000376
11880,0,0.349653,0.000619
11881,0,0.349843,0.000904
11882,0,0.350031,0.001207
11883,0,0.350215,0.001511
11884,0,0.350397,0.001804
11885,0,0.350576,0.002077
11886,0,0.350752,0.002327
11887,0,0.350925,0.002550
11888,0,0.351095,0.002745
11889,0,0.351262,0.002913
11890,0,0.351427,0.003054
11891,0,0.351588,0.003170
11892,0,0.351747,0.003263
11893,0,0.351902,0.003334
11894,0,0.352055,0.003387
11895,0,0.352204,0.003422
11896,0,0.352351,0.003443
11897,0,0.352495,0.003450
11898,0,0.352636,0.003446
11899,0,0.352773,0.003432
11900,0,0.352908,0.003409
11901,0,0.353040,0.003380
11902,0,0.353169,0.003344
11903,0,0.353295,0.003304
11904,0,0.353418,0.003261
11905,0,0.353538,0.003214
11906,0,0.353655,0.003165
11907,0,0.353769,0.003114
11908,0,0.353880,0.003062
11909,0,0.353988,0.003010
11910,0,0.354093,0.002957
11911,0,0.354195,0.002904
11912,0,0.354295,0.002852
11913,0,0.354391,0.002800
11914,0,0.354484,0.002749
11915,0,0.354575,0.002698
11916,0,0.354662,0.002649
11917,0,0.354747,0.002601
11918,0,0.354829,0.002554
11919,0,0.354908,0.002508
11920,0,0.354984,0.002464
11921,0,0.355057,0.002420
11922,0,0.355127,0.002378
11923,0,0.355194,0.002337
11924,0,0.355259,0.002298
11925,0,0.355321,0.002260
11926,0,0.355380,0.002222
11927,0,0.355436,0.002186
11928,0,0.355489,0.002152
11929,0,0.355540,0.002118
11930,0,0.355588,0.002085
11931,1,0.355633,0.001668
11932,0,0.355777,0.001334
11933,0,0.355920,0.001068
11934,0,0.356059,0.000854
11935,0,0.356195,0.000683
11936,0,0.356329,0.000547
11937,0,0.356459,0.000437
11938,0,0.356587,0.000350
11939,0,0.356712,0.000280
11940,0,0.356833,0.000224
11941,0,0.356952,0.000179
11942,0,0.357068,0.000186
11943,0,0.357182,0.000291
11944,0,0.357292,0.000458
11945,0,0.357399,0.000660
11946,0,0.357504,0.000879
11947,0,0.357605,0.001101
11948,0,0.357704,0.001316
11949,0,0.357800,0.001518
11950,0,0.357892,0.001704
11951,0,0.357982,0.001870
11952,0,0.358069,0.002016
11953,0,0.358154,0.002143
11954,0,0.358235,0.002250
11955,0,0.358314,0.002338
11956,0,0.358389,0.002410
11957,0,0.358462,0.002465
11958,0,0.358532,0.002507
11959,0,0.358599,0.002536
11960,0,0.358663,0.002554
11961,0,0.358725,0.002562
11962,0,0.358783,0.002561
11963,0,0.358839,0.002553
11964,0,0.358892,0.002539
11965,0,0.358943,0.002520
11966,0,0.358990,0.002496
11967,0,0.359035,0.002469
11968,0,0.359077,0.002439
11969,0,0.359117,0.002406
11970,0,0.359153,0.002372
11971,0,0.359187,0.002337
11972,0,0.359218,0.002300
11973,0,0.359247,0.002263
11974,0,0.359273,0.002226
11975,0,0.359296,0.002189
11976,0,0.359317,0.002152
11977,0,0.359335,0.002116
11978,0,0.359350,0.002080
11979,0,0.359363,0.002044
11980,0,0.359373,0.002010
11981,0,0.359381,0.001976
11982,0,0.359386,0.001943
11983,0,0.359389,0.001910
11984,0,0.359389,0.001879
11985,0,0.359386,0.001849
11986,0,0.359381,0.001819
11987,0,0.359374,0.001790
11988,0,0.359364,0.001762
11989,0,0.359352,0.001735
11990,0,0.359337,0.001709
11991,0,0.359320,0.001684
11992,0,0.359300,0.001659
11993,0,0.359278,0.001635
11994,0,0.359254,0.001612
11995,0,0.359227,0.001590
11996,0,0.359198,0.001568
11997,0,0.359167,0.001548
11998,0,0.359134,0.001527
11999,0,0.359098,0.001507
12000,0,0.359060,0.001488
12001,0,0.359019,0.001470
12002,0,0.358977,0.001452
12003,0,0.358932,0.001434
12004,0,0.358885,0.001417
12005,0,0.358836,0.001400
12006,0,0.358784,0.001384
12007,0,0.358731,0.001369
12008,0,0.358675,0.001353
12009,0,0.358618,0.001338
12010,0,0.358558,0.001324
12011,0,0.358496,0.001309
12012,0,0.358432,0.001296
12013,0,0.358366,0.001282
12014,0,0.358298,0.001269
12015,0,0.358228,0.001256
12016,0,0.358156,0.001243
12017,0,0.358082,0.001231
12018,0,0.358006,0.001218
12019,0,0.357928,0.001206
12020,0,0.357848,0.001195
12021,0,0.357766,0.001183
12022,0,0.357682,0.001172
12023,0,0.357597,0.001161
12024,0,0.357510,0.001150
12025,0,0.357420,0.001139
12026,0,0.357329,0.001129
12027,0,0.357236,0.001118
12028,0,0.357142,0.001108
12029,0,0.357045,0.001098
12030,0,0.356947,0.001089
12031,0,0.356847,0.001079
12032,0,0.356745,0.001069
12033,0,0.356642,0.001060
12034,0,0.356537,0.001051
12035,0,0.356430,0.001042
12036,0,0.356322,0.001033
12037,0,0.356211,0.001024
12038,0,0.356100,0.001015
12039,0,0.355986,0.001007
12040,0,0.355871,0.000998
12041,0,0.355755,0.000990
12042,0,0.355637,0.000982
12043,0,0.355517,0.000974
12044,0,0.355396,0.000966
12045,0,0.355273,0.000958
12046,0,0.355149,0.000950
12047,0,0.355023,0.000942
12048,0,0.354896,0.000935
12049,0,0.354767,0.000927
12050,0,0.354637,0.000920
12051,0,0.354506,0.000913
12052,0,0.354373,0.000905
12053,0,0.354238,0.000898
12054,0,0.354103,0.000891
12055,0,0.353965,0.000884
12056,0,0.353827,0.000877
12057,0,0.353687,0.000871
12058,0,0.353546,0.000864
12059,0,0.353403,0.000857
12060,0,0.353260,0.000851
12061,0,0.353115,0.000844
12062,0,0.352968,0.000838
12063,0,0.352821,0.000832
12064,0,0.352672,0.000825
12065,0,0.352522,0.000819
12066,1,0.352370,0.000655
12067,0,0.352325,0.000524
12068,0,0.352278,0.000419
12069,1,0.352230,0.000336
12070,0,0.352281,0.000268
12071,0,0.352330,0.000215
12072,0,0.352378,0.000172
12073,0,0.352424,0.000137
12074,0,0.352467,0.000110
12075,0,0.352509,0.000088
12076,0,0.352549,0.000070
12077,0,0.352587,0.000056
12078,0,0.352623,0.000045
12079,0,0.352657,0.000036
12080,0,0.352690,0.000029
12081,0,0.352720,0.000023
12082,0,0.352748,0.000138
12083,0,0.352775,0.000346
12084,0,0.352799,0.000609
12085,0,0.352822,0.000898
12086,0,0.352842,0.001192
12087,0,0.352861,0.001477
12088,0,0.352877,0.001744
12089,0,0.352892,0.001987
12090,0,0.352905,0.002203
12091,0,0.352915,0.002390
12092,0,0.352924,0.002549
12093,0,0.352931,0.002681
12094,0,0.352936,0.002786
12095,0,0.352939,0.002868
12096,0,0.352939,0.002928
12097,0,0.352938,0.002968
12098,0,0.352935,0.002992
12099,0,0.352930,0.003000
12100,0,0.352923,0.002995
12101,0,0.352914,0.002979
12102,0,0.352904,0.002953
12103,0,0.352891,0.002920
12104,0,0.352876,0.002880
12105,0,0.352859,0.002835
12106,0,0.352841,0.002786
12107,0,0.352820,0.002734
12108,0,0.352798,0.002680
12109,0,0.352774,0.002624
12110,0,0.352748,0.002568
12111,0,0.352720,0.002511
12112,0,0.352690,0.002454
12113,0,0.352658,0.002398
12114,0,0.352624,0.002342
12115,0,0.352588,0.002288
12116,0,0.352551,0.002234
12117,0,0.352512,0.002183
12118,0,0.352471,0.002132
12119,0,0.352428,0.002083
12120,0,0.352383,0.002036
12121,0,0.352336,0.001991
12122,0,0.352288,0.001947
12123,0,0.352238,0.001905
12124,0,0.352186,0.001864
12125,0,0.352132,0.001825
12126,0,0.352077,0.001788
12127,0,0.352020,0.001752
12128,0,0.351961,0.001717
12129,0,0.351900,0.001685
12130,0,0.351838,0.001653
12131,0,0.351773,0.001623
12132,0,0.351708,0.001594
12133,0,0.351640,0.001566
12134,0,0.351571,0.001540
12135,0,0.351500,0.001514
12136,0,0.351427,0.001490
12137,0,0.351353,0.001466
12138,0,0.351277,0.001444
12139,0,0.351200,0.001422
12140,0,0.351121,0.001402
12141,0,0.351040,0.001382
12142,0,0.350958,0.001362
12143,0,0.350874,0.001344
12144,0,0.350788,0.001326
12145,0,0.350701,0.001309
12146,0,0.350613,0.001292
12147,0,0.350523,0.001276
12148,1,0.350431,0.001021
12149,0,0.350442,0.000817
12150,0,0.350451,0.000653
12151,0,0.350458,0.000523
12152,0,0.350464,0.000418
12153,0,0.350467,0.000335
12154,0,0.350469,0.000268
12155,0,0.350469,0.000214
12156,0,0.350467,0.000171
12157,0,0.350463,0.000137
12158,0,0.350457,0.000110
12159,0,0.350450,0.000088
12160,0,0.350440,0.000083
12161,0,0.350429,0.000168
12162,0,0.350416,0.000310
12163,0,0.350401,0.000485
12164,0,0.350385,0.000676
12165,0,0.350366,0.000870
12166,0,0.350346,0.001058
12167,0,0.350324,0.001234
12168,0,0.350300,0.001395
12169,0,0.350274,0.001539
12170,0,0.350247,0.001665
12171,0,0.350217,0.001773
12172,0,0.350186,0.001864
12173,0,0.350153,0.001938
12174,0,0.350119,0.001997
12175,1,0.350082,0.001598
12176,0,0.350145,0.001278
12177,0,0.350206,0.001023
12178,0,0.350265,0.000818
12179,0,0.350322,0.000655
12180,0,0.350378,0.000524
12181,0,0.350431,0.000419
12182,0,0.350482,0.000335
12183,0,0.350531,0.000268
12184,0,0.350578,0.000214
12185,0,0.350624,0.000172
12186,0,0.350667,0.000215
12187,1,0.350708,0.000172
12188,0,0.350844,0.000138
12189,0,0.350979,0.000110
12190,0,0.351111,0.000088
12191,0,0.351241,0.000071
12192,0,0.351370,0.000056
12193,0,0.351496,0.000045
12194,0,0.351620,0.000036
12195,0,0.351741,0.000029
12196,0,0.351861,0.000023
12197,0,0.351978,0.000158
12198,0,0.352094,0.000387
12199,0,0.352206,0.000670
12200,0,0.352317,0.000979
12201,0,0.352426,0.001294
12202,0,0.352532,0.001599
12203,0,0.352635,0.001887
12204,0,0.352737,0.002150
12205,0,0.352836,0.002386
12206,0,0.352933,0.002593
12207,0,0.353027,0.002770
12208,0,0.353119,0.002920
12209,0,0.353209,0.003043
12210,0,0.353296,0.003141
12211,0,0.353381,0.003216
12212,0,0.353463,0.003271
12213,0,0.353544,0.003308
12214,0,0.353621,0.003329
12215,0,0.353697,0.003336
12216,0,0.353769,0.003330
12217,0,0.353840,0.003314
12218,0,0.353908,0.003290
12219,0,0.353974,0.003258
12220,0,0.354037,0.003220
12221,0,0.354098,0.003177
12222,0,0.354156,0.003130
12223,0,0.354212,0.003080
12224,0,0.354265,0.003028
12225,0,0.354317,0.002975
12226,0,0.354365,0.002920
12227,0,0.354412,0.002865
12228,0,0.354455,0.002810
12229,0,0.354497,0.002755
12230,0,0.354536,0.002701
12231,0,0.354573,0.002647
12232,0,0.354607,0.002594
12233,0,0.354639,0.002543
12234,0,0.354669,0.002492
12235,0,0.354696,0.002443
12236,0,0.354721,0.002396
12237,0,0.354743,0.002349
12238,0,0.354764,0.002305
12239,0,0.354781,0.002261
12240,0,0.354797,0.002219
12241,0,0.354810,0.002178
12242,0,0.354821,0.002139
12243,0,0.354830,0.002101
12244,0,0.354836,0.002065
12245,0,0.354840,0.002029
12246,0,0.354842,0.001995
12247,0,0.354841,0.001963
12248,0,0.354838,0.001931
12249,0,0.354833,0.001900
12250,0,0.354826,0.001871
12251,0,0.354817,0.001842
12252,1,0.354805,0.001474
12253,0,0.354894,0.001179
12254,0,0.354980,0.000943
12255,0,0.355065,0.000755
12256,0,0.355146,0.000604
12257,0,0.355226,0.000483
12258,0,0.355303,0.000386
12259,0,0.355377,0.000309
12260,0,0.355450,0.000247
12261,0,0.355519,0.000198
12262,0,0.355587,0.000158
12263,0,0.355652,0.000128
12264,0,0.355714,0.000205
12265,0,0.355774,0.000351
12266,0,0.355832,0.000539
12267,0,0.355887,0.000747
12268,0,0.355940,0.000962
12269,0,0.355990,0.001172
12270,0,0.356038,0.001371
12271,0,0.356084,0.001555
12272,0,0.356127,0.001721
12273,0,0.356168,0.001867
12274,0,0.356206,0.001994
12275,0,0.356242,0.002102
12276,1,0.356276,0.001681
12277,0,0.356408,0.001345
12278,0,0.356537,0.001076
12279,0,0.356664,0.000861
12280,0,0.356789,0.000689
12281,0,0.356911,0.000551
12282,0,0.357030,0.000441
12283,0,0.357147,0.000353
12284,0,0.357261,0.000282
12285,0,0.357373,0.000226
12286,0,0.357483,0.000237
12287,0,0.357589,0.000358
12288,0,0.357693,0.000548
12289,0,0.357795,0.000778
12290,0,0.357894,0.001025
12291,0,0.357990,0.001275
12292,0,0.358084,0.001517
12293,0,0.358175,0.001743
12294,0,0.358264,0.001950
12295,0,0.358350,0.002135
12296,0,0.358433,0.002297
12297,0,0.358513,0.002436
12298,0,0.358591,0.002553
12299,0,0.358667,0.002649
12300,0,0.358740,0.002726
12301,0,0.358810,0.002784
12302,0,0.358877,0.002827
12303,0,0.358942,0.002856
12304,0,0.359004,0.002872
12305,0,0.359064,0.002877
12306,0,0.359121,0.002872
12307,0,0.359176,0.002859
12308,0,0.359228,0.002840
12309,0,0.359277,0.002814
12310,0,0.359324,0.002784
12311,0,0.359368,0.002750
12312,0,0.359409,0.002713
12313,0,0.359448,0.002673
12314,0,0.359485,0.002632
12315,0,0.359518,0.002589
12316,0,0.359550,0.002546
12317,0,0.359579,0.002502
12318,0,0.359605,0.002458
12319,0,0.359629,0.002414
12320,0,0.359650,0.002370
12321,0,0.359668,0.002327
12322,0,0.359685,0.002285
12323,0,0.359699,0.002244
12324,0,0.359710,0.002203
12325,0,0.359719,0.002164
12326,0,0.359725,0.002125
12327,0,0.359729,0.002087
12328,0,0.359731,0.002051
12329,0,0.359730,0.002016
12330,0,0.359727,0.001981
12331,0,0.359721,0.001948
12332,0,0.359713,0.001916
12333,1,0.359703,0.001533
12334,0,0.359794,0.001226
12335,0,0.359883,0.000981
12336,0,0.359969,0.000785
12337,0,0.360053,0.000628
12338,0,0.360134,0.000502
12339,0,0.360212,0.000402
12340,0,0.360288,0.000321
12341,0,0.360362,0.000257
12342,0,0.360433,0.000206
12343,0,0.360501,0.000165
12344,0,0.360567,0.000140
12345,0,0.360630,0.000221
12346,0,0.360691,0.000369
12347,0,0.360749,0.000559
12348,0,0.360804,0.000768
12349,0,0.360857,0.000983
12350,0,0.360908,0.001194
12351,0,0.360956,0.001393
12352,1,0.361001,0.001114
12353,0,0.361145,0.000892
12354,0,0.361286,0.000713
12355,0,0.361425,0.000571
12356,0,0.361561,0.000456
12357,0,0.361695,0.000365
12358,0,0.361825,0.000292
12359,0,0.361954,0.000234
12360,0,0.362079,0.000187
12361,0,0.362202,0.000150
12362,0,0.362322,0.000218
12363,0,0.362439,0.000385
12364,0,0.362554,0.000613
12365,0,0.362666,0.000872
12366,0,0.362775,0.001144
12367,0,0.362881,0.001412
12368,0,0.362985,0.001668
12369,0,0.363086,0.001906
12370,0,0.363184,0.002121
12371,0,0.363279,0.002311
12372,1,0.363372,0.001849
12373,0,0.363561,0.001479
12374,0,0.363748,0.001183
12375,0,0.363931,0.000947
12376,0,0.364112,0.000757
12377,0,0.364291,0.000606
12378,0,0.364466,0.000485
12379,0,0.364638,0.000388
12380,0,0.364808,0.000310
12381,0,0.364975,0.000330
12382,0,0.365139,0.000471
12383,0,0.365300,0.000689
12384,0,0.365458,0.000952
12385,0,0.365613,0.001234
12386,0,0.365765,0.001518
12387,0,0.365914,0.001793
12388,0,0.366059,0.002050
12389,0,0.366202,0.002285
12390,0,0.366342,0.002496
12391,1,0.366479,0.001997
12392,0,0.366711,0.001597
12393,0,0.366941,0.001278
12394,0,0.367167,0.001022
12395,0,0.367391,0.000818
12396,0,0.367611,0.000654
12397,0,0.367829,0.000523
12398,0,0.368043,0.000419
12399,0,0.368254,0.000346
12400,0,0.368462,0.000433
12401,0,0.368667,0.000626
12402,0,0.368868,0.000882
12403,0,0.369067,0.001172
12404,0,0.369262,0.001473
12405,0,0.369454,0.001771
12406,0,0.369642,0.002055
12407,0,0.369827,0.002318
12408,0,0.370009,0.002556
12409,0,0.370188,0.002768
12410,0,0.370363,0.002951
12411,0,0.370535,0.003108
12412,0,0.370703,0.003239
12413,0,0.370869,0.003346
12414,0,0.371030,0.003430
12415,0,0.371189,0.003494
12416,0,0.371344,0.003540
12417,0,0.371495,0.003569
12418,0,0.371643,0.003584
12419,0,0.371788,0.003586
12420,0,0.371929,0.003577
12421,0,0.372067,0.003559
12422,0,0.372201,0.003533
12423,0,0.372333,0.003501
12424,0,0.372460,0.003463
12425,0,0.372584,0.003421
12426,1,0.372705,0.002737
12427,0,0.372924,0.002189
12428,0,0.373141,0.001751
12429,0,0.373353,0.001401
12430,0,0.373562,0.001121
12431,0,0.373768,0.000897
12432,0,0.373971,0.000717
12433,0,0.374170,0.000574
12434,0,0.374365,0.000459
12435,1,0.374557,0.000367
12436,0,0.374844,0.000294
12437,0,0.375127,0.000235
12438,0,0.375407,0.000188
12439,0,0.375683,0.000150
12440,0,0.375956,0.000120
12441,0,0.376226,0.000096
12442,1,0.376492,0.000077
12443,0,0.376849,0.000062
12444,0,0.377203,0.000049
12445,0,0.377553,0.000039
12446,0,0.377900,0.000032
12447,0,0.378244,0.000025
12448,0,0.378584,0.000020
12449,0,0.378921,0.000016
12450,0,0.379254,0.000080
12451,0,0.379583,0.000316
12452,0,0.379909,0.000662
12453,0,0.380231,0.001068
12454,0,0.380548,0.001501
12455,0,0.380862,0.001935
12456,0,0.381172,0.002354
12457,1,0.381478,0.001883
12458,0,0.381875,0.001506
12459,0,0.382269,0.001205
12460,0,0.382658,0.000964
12461,0,0.383044,0.000771
12462,0,0.383426,0.000617
12463,0,0.383804,0.000522
12464,0,0.384178,0.000635
12465,0,0.384548,0.000886
12466,0,0.384913,0.001221
12467,0,0.385275,0.001600
12468,0,0.385632,0.001995
12469,0,0.385985,0.002386
12470,0,0.386333,0.002759
12471,0,0.386677,0.003106
12472,0,0.387017,0.003421
12473,0,0.387352,0.003700
12474,0,0.387682,0.003944
12475,0,0.388008,0.004152
12476,0,0.388330,0.004327
12477,0,0.388646,0.004469
12478,0,0.388958,0.004582
12479,0,0.389266,0.004669
12480,0,0.389568,0.004730
12481,0,0.389866,0.004771
12482,0,0.390159,0.004792
12483,0,0.390447,0.004796
12484,0,0.390731,0.004785
12485,0,0.391010,0.004762
12486,0,0.391284,0.004728
12487,0,0.391553,0.004686
12488,0,0.391817,0.004635
12489,0,0.392076,0.004579
12490,0,0.392331,0.004517
12491,0,0.392580,0.004452
12492,1,0.392825,0.003562
12493,0,0.393168,0.002849
12494,0,0.393506,0.002279
12495,0,0.393840,0.001824
12496,0,0.394169,0.001459
12497,0,0.394493,0.001167
12498,0,0.394812,0.000934
12499,0,0.395127,0.000747
12500,0,0.395436,0.000647
12501,1,0.395741,0.000518
12502,0,0.396141,0.000414
12503,1,0.396536,0.000331
12504,0,0.397020,0.000265
12505,0,0.397499,0.000212
12506,0,0.397975,0.000170
12507,0,0.398446,0.000136
12508,0,0.398913,0.000109
12509,0,0.399375,0.000087
12510,0,0.399833,0.000070
12511,0,0.400286,0.000056
12512,0,0.400734,0.000087
12513,0,0.401178,0.000322
12514,0,0.401616,0.000686
12515,0,0.402049,0.001126
12516,0,0.402477,0.001600
12517,0,0.402900,0.002081
12518,0,0.403318,0.002547
12519,1,0.403730,0.002038
12520,0,0.404233,0.001630
12521,0,0.404732,0.001304
12522,0,0.405225,0.001043
12523,0,0.405713,0.000835
12524,0,0.406196,0.000668
12525,0,0.406674,0.000716
12526,0,0.407147,0.000938
12527,0,0.407614,0.001270
12528,0,0.408076,0.001663
12529,0,0.408532,0.002085
12530,0,0.408982,0.002510
12531,0,0.409427,0.002921
12532,0,0.409866,0.003306
12533,0,0.410299,0.003660
12534,0,0.410726,0.003977
12535,1,0.411148,0.003182
12536,0,0.411662,0.002545
12537,0,0.412170,0.002036
12538,0,0.412673,0.001629
12539,0,0.413170,0.001303
12540,0,0.413662,0.001043
12541,0,0.414148,0.000995
12542,0,0.414628,0.001131
12543,0,0.415101,0.001385
12544,0,0.415569,0.001711
12545,0,0.416031,0.002074
12546,0,0.416486,0.002448
12547,0,0.416936,0.002817
12548,1,0.417379,0.002253
12549,0,0.417914,0.001803
12550,0,0.418444,0.001442
12551,0,0.418968,0.001154
12552,0,0.419486,0.000923
12553,0,0.419998,0.000738
12554,0,0.420504,0.000712
12555,0,0.421003,0.000874
12556,0,0.421496,0.001158
12557,0,0.421983,0.001514
12558,0,0.422463,0.001907
12559,0,0.422937,0.002311
12560,0,0.423404,0.002707
12561,0,0.423864,0.003083
12562,0,0.424318,0.003430
12563,1,0.424765,0.002744
12564,0,0.425306,0.002195
12565,0,0.425841,0.001756
12566,0,0.426369,0.001405
12567,0,0.426891,0.001124
12568,0,0.427407,0.000899
12569,0,0.427915,0.000858
12570,0,0.428417,0.001002
12571,0,0.428913,0.001266
12572,0,0.429401,0.001603
12573,1,0.429883,0.001282
12574,0,0.430457,0.001026
12575,0,0.431025,0.000821
12576,0,0.431586,0.000657
12577,0,0.432140,0.000525
12578,0,0.432688,0.000420
12579,0,0.433229,0.000439
12580,0,0.433764,0.000649
12581,0,0.434291,0.000983
12582,0,0.434811,0.001389
12583,0,0.435325,0.001829
12584,0,0.435831,0.002277
12585,0,0.436329,0.002715
12586,0,0.436821,0.003128
12587,0,0.437305,0.003510
12588,0,0.437782,0.003855
12589,0,0.438251,0.004161
12590,0,0.438713,0.004427
12591,0,0.439167,0.004655
12592,0,0.439614,0.004847
12593,0,0.440053,0.005004
12594,0,0.440485,0.005130
12595,0,0.440909,0.005226
12596,0,0.441326,0.005296
12597,0,0.441734,0.005343
12598,0,0.442136,0.005369
12599,0,0.442529,0.005376
12600,0,0.442915,0.005368
12601,0,0.443294,0.005346
12602,0,0.443664,0.005313
12603,0,0.444027,0.005269
12604,1,0.444383,0.004215
12605,0,0.444840,0.003372
12606,0,0.445289,0.002698
12607,0,0.445732,0.002158
12608,0,0.446167,0.001727
12609,0,0.446594,0.001381
12610,0,0.447014,0.001105
12611,0,0.447427,0.000971
12612,1,0.447832,0.000777
12613,0,0.448335,0.000622
12614,0,0.448830,0.000497
12615,0,0.449319,0.000398
12616,0,0.449801,0.000318
12617,0,0.450275,0.000255
12618,0,0.450741,0.000204
12619,0,0.451201,0.000182
12620,0,0.451652,0.000354
12621,0,0.452097,0.000653
12622,1,0.452533,0.000522
12623,0,0.453066,0.000418
12624,0,0.453592,0.000334
12625,0,0.454110,0.000267
12626,1,0.454621,0.000214
12627,0,0.455223,0.000171
12628,0,0.455819,0.000137
12629,0,0.456407,0.000110
12630,1,0.456989,0.000088
12631,0,0.457657,0.000070
12632,1,0.458319,0.000056
12633,0,0.459061,0.000045
12634,0,0.459798,0.000036
12635,0,0.460530,0.000029
12636,0,0.461255,0.000023
12637,0,0.461974,0.000018
12638,0,0.462686,0.000015
12639,0,0.463391,0.000012
12640,0,0.464089,0.000227
12641,0,0.464780,0.000655
12642,0,0.465463,0.001213
12643,0,0.466139,0.001840
12644,1,0.466806,0.001472
12645,0,0.467559,0.001178
12646,0,0.468304,0.000942
12647,1,0.469041,0.000754
12648,0,0.469858,0.000603
12649,0,0.470669,0.000482
12650,0,0.471473,0.000386
12651,0,0.472270,0.000309
12652,0,0.473059,0.000306
12653,0,0.473841,0.000587
12654,0,0.474614,0.001054
12655,0,0.475380,0.001631
12656,0,0.476137,0.002265
12657,0,0.476885,0.002915
12658,0,0.477625,0.003553
12659,0,0.478355,0.004160
12660,1,0.479077,0.003328
12661,0,0.479883,0.002663
12662,0,0.480680,0.002130
12663,0,0.481469,0.001843
12664,0,0.482249,0.001865
12665,0,0.483020,0.002096
12666,0,0.483782,0.002462
12667,0,0.484534,0.002907
12668,0,0.485277,0.003390
12669,0,0.486010,0.003881
12670,0,0.486733,0.004360
12671,0,0.487446,0.004812
12672,0,0.488148,0.005229
12673,0,0.488841,0.005605
12674,0,0.489523,0.005938
12675,0,0.490194,0.006226
12676,0,0.490855,0.006472
12677,0,0.491506,0.006676
12678,0,0.492145,0.006841
12679,0,0.492774,0.006971
12680,1,0.493392,0.005576
12681,0,0.494103,0.004461
12682,0,0.494804,0.003569
12683,0,0.495495,0.002855
12684,0,0.496175,0.002434
12685,0,0.496845,0.002297
12686,0,0.497504,0.002358
12687,0,0.498152,0.002552
12688,0,0.498790,0.002827
12689,0,0.499416,0.003149
12690,0,0.500032,0.003490
12691,0,0.500636,0.003831
12692,0,0.501230,0.004159
12693,0,0.501812,0.004465
12694,0,0.502383,0.004744
12695,0,0.502943,0.004992
12696,0,0.503492,0.005208
12697,0,0.504029,0.005393
12698,0,0.504556,0.005547
12699,1,0.505071,0.004438
12700,0,0.505685,0.003550
12701,0,0.506288,0.002840
12702,0,0.506881,0.002272
12703,0,0.507463,0.001818
12704,0,0.508034,0.001538
12705,0,0.508594,0.001502
12706,0,0.509143,0.001633
12707,0,0.509680,0.001873
12708,0,0.510207,0.002178
12709,0,0.510723,0.002518
12710,0,0.511227,0.002867
12711,0,0.511721,0.003210
12712,0,0.512203,0.003537
12713,0,0.512674,0.003839
12714,1,0.513134,0.003071
12715,0,0.513695,0.002457
12716,0,0.514245,0.001966
12717,0,0.514785,0.001573
12718,0,0.515314,0.001258
12719,0,0.515832,0.001006
12720,0,0.516339,0.000987
12721,0,0.516835,0.001144
12722,0,0.517321,0.001415
12723,0,0.517795,0.001755
12724,0,0.518258,0.002129
12725,0,0.518711,0.002514
12726,0,0.519152,0.002891
12727,0,0.519583,0.003249
12728,0,0.520002,0.003580
12729,0,0.520411,0.003880
12730,0,0.520808,0.004147
12731,0,0.521195,0.004379
12732,0,0.521571,0.004578
12733,0,0.521935,0.004745
12734,1,0.522289,0.003796
12735,0,0.522749,0.003037
12736,0,0.523197,0.002430
12737,0,0.523636,0.001944
12738,0,0.524063,0.001555
12739,0,0.524481,0.001244
12740,0,0.524887,0.001093
12741,0,0.525283,0.001142
12742,0,0.525669,0.001326
12743,0,0.526043,0.001594
12744,0,0.526408,0.001911
12745,0,0.526761,0.002249
12746,1,0.527104,0.001799
12747,0,0.527551,0.001439
12748,0,0.527988,0.001151
12749,0,0.528415,0.000921
12750,0,0.528832,0.000737
12751,0,0.529238,0.000589
12752,0,0.529634,0.000527
12753,0,0.530020,0.000666
12754,0,0.530395,0.000938
12755,0,0.530760,0.001290
12756,0,0.531114,0.001685
12757,0,0.531459,0.002094
12758,0,0.531793,0.002498
12759,0,0.532116,0.002884
12760,0,0.532429,0.003243
12761,0,0.532732,0.003570
12762,0,0.533024,0.003861
12763,0,0.533306,0.004117
12764,1,0.533578,0.003294
12765,0,0.533957,0.002635
12766,0,0.534325,0.002108
12767,0,0.534683,0.001686
12768,1,0.535032,0.001349
12769,0,0.535481,0.001079
12770,0,0.535920,0.000863
12771,0,0.536350,0.000691
12772,0,0.536770,0.000553
12773,0,0.537181,0.000442
12774,0,0.537581,0.000354
12775,0,0.537972,0.000287
12776,0,0.538353,0.000452
12777,0,0.538724,0.000770
12778,0,0.539085,0.001180
12779,0,0.539435,0.001639
12780,0,0.539776,0.002114
12781,0,0.540107,0.002583
12782,0,0.540427,0.003031
12783,0,0.540738,0.003447
12784,0,0.541038,0.003826
12785,0,0.541328,0.004164
12786,0,0.541608,0.004460
12787,0,0.541878,0.004715
12788,0,0.542137,0.004931
12789,0,0.542387,0.005109
12790,0,0.542626,0.005252
12791,0,0.542856,0.005364
12792,1,0.543075,0.004291
12793,0,0.543402,0.003433
12794,0,0.543719,0.002747
12795,1,0.544026,0.002197
12796,0,0.544434,0.001758
12797,0,0.544833,0.001406
12798,0,0.545222,0.001125
12799,0,0.545602,0.000900
12800,0,0.545972,0.000720
12801,0,0.546333,0.000576
12802,0,0.546685,0.000461
12803,0,0.547026,0.000528
12804,0,0.547358,0.000777
12805,0,0.547680,0.001141
12806,1,0.547992,0.000913
12807,0,0.548404,0.000730
12808,0,0.548807,0.000584
12809,0,0.549200,0.000467
12810,0,0.549584,0.000374
12811,0,0.549958,0.000299
12812,0,0.550323,0.000446
12813,0,0.550678,0.000762
12814,1,0.551023,0.000610
12815,0,0.551465,0.000488
12816,0,0.551898,0.000390
12817,0,0.552322,0.000312
12818,0,0.552737,0.000250
12819,0,0.553141,0.000210
12820,0,0.553536,0.000418
12821,0,0.553922,0.000787
12822,0,0.554297,0.001254
12823,0,0.554662,0.001770
12824,0,0.555017,0.002303
12825,0,0.555362,0.002827
12826,0,0.555697,0.003327
12827,0,0.556022,0.003791
12828,0,0.556336,0.004213
12829,0,0.556641,0.004590
12830,0,0.556934,0.004921
12831,0,0.557218,0.005206
12832,0,0.557491,0.005447
12833,0,0.557753,0.005647
12834,1,0.558006,0.004518
12835,0,0.558362,0.003614
12836,0,0.558708,0.002891
12837,0,0.559045,0.002313
12838,0,0.559371,0.001850
12839,0,0.559687,0.001612
12840,0,0.559993,0.001608
12841,1,0.560289,0.001286
12842,0,0.560685,0.001029
12843,0,0.561071,0.000823
12844,0,0.561447,0.000659
12845,0,0.561814,0.000527
12846,0,0.562171,0.000421
12847,0,0.562518,0.000457
12848,0,0.562854,0.000692
12849,0,0.563181,0.001056
12850,0,0.563497,0.001494
12851,1,0.563803,0.001195
12852,0,0.564208,0.000956
12853,0,0.564603,0.000765
12854,0,0.564989,0.000612
12855,1,0.565365,0.000489
12856,1,0.565834,0.000392
12857,0,0.566390,0.000313
12858,0,0.566937,0.000251
12859,0,0.567476,0.000200
12860,0,0.568006,0.000160
12861,0,0.568527,0.000128
12862,0,0.569039,0.000103
12863,0,0.569541,0.000082
12864,0,0.570033,0.000239
12865,0,0.570515,0.000620
12866,0,0.570988,0.001141
12867,0,0.571450,0.001741
12868,0,0.571901,0.002373
12869,0,0.572342,0.003005
12870,0,0.572772,0.003615
12871,0,0.573191,0.004187
12872,0,0.573600,0.004712
12873,0,0.573997,0.005185
12874,1,0.574383,0.004148
12875,0,0.574865,0.003318
12876,0,0.575336,0.002655
12877,0,0.575796,0.002168
12878,1,0.576246,0.001734
12879,1,0.576786,0.001387
12880,0,0.577408,0.001110
12881,0,0.578022,0.000888
12882,1,0.578627,0.000710
12883,0,0.579309,0.000568
12884,0,0.579984,0.000455
12885,0,0.580649,0.000364
12886,0,0.581305,0.000291
12887,0,0.581952,0.000233
12888,0,0.582589,0.000186
12889,0,0.583215,0.000370
12890,0,0.583832,0.000793
12891,1,0.584437,0.000634
12892,0,0.585123,0.000507
12893,0,0.585799,0.000406
12894,0,0.586465,0.000325
12895,0,0.587120,0.000546
12896,0,0.587765,0.000989
12897,0,0.588398,0.001570
12898,0,0.589020,0.002226
12899,0,0.589630,0.002912
12900,0,0.590228,0.003595
12901,0,0.590814,0.004252
12902,0,0.591388,0.004868
12903,0,0.591949,0.005435
12904,0,0.592498,0.005945
12905,0,0.593034,0.006398
12906,1,0.593556,0.005118
12907,0,0.594168,0.004095
12908,0,0.594768,0.003355
12909,0,0.595356,0.003023
12910,0,0.595931,0.002980
12911,1,0.596493,0.002384
12912,0,0.597141,0.001907
12913,0,0.597778,0.001526
12914,0,0.598402,0.001220
12915,0,0.599013,0.001103
12916,0,0.599613,0.001270
12917,0,0.600199,0.001624
12918,0,0.600773,0.002095
12919,0,0.601333,0.002631
12920,0,0.601880,0.003193
12921,0,0.602414,0.003752
12922,0,0.602934,0.004291
12923,0,0.603441,0.004796
12924,0,0.603933,0.005259
12925,0,0.604412,0.005675
12926,0,0.604878,0.006044
12927,0,0.605329,0.006364
12928,0,0.605766,0.006636
12929,0,0.606189,0.006865
12930,0,0.606598,0.007051
12931,0,0.606994,0.007199
12932,0,0.607375,0.007311
12933,0,0.607741,0.007392
12934,0,0.608094,0.007443
12935,0,0.608433,0.007469
12936,1,0.608758,0.005975
12937,0,0.609184,0.004780
12938,0,0.609596,0.003824
12939,1,0.609995,0.003059
12940,0,0.610489,0.002448
12941,1,0.610970,0.001958
12942,0,0.611539,0.001566
12943,0,0.612096,0.001253
12944,0,0.612641,0.001003
12945,0,0.613173,0.000802
12946,0,0.613692,0.000642
12947,0,0.614199,0.000513
12948,0,0.614693,0.000411
12949,0,0.615174,0.000598
12950,0,0.615641,0.000977
12951,0,0.616095,0.001475
12952,1,0.616536,0.001180
12953,0,0.617067,0.000944
12954,0,0.617586,0.000755
12955,0,0.618092,0.000604
12956,1,0.618584,0.000483
12957,0,0.619163,0.000387
12958,1,0.619730,0.000309
12959,0,0.620377,0.000247
12960,0,0.621012,0.000198
12961,0,0.621636,0.000158
12962,0,0.622248,0.000127
12963,0,0.622847,0.000101
12964,0,0.623434,0.000159
12965,0,0.624008,0.000497
12966,0,0.624569,0.001015
12967,0,0.625117,0.001640
12968,1,0.625651,0.001312
12969,0,0.626269,0.001050
12970,1,0.626874,0.000840
12971,0,0.627557,0.000672
12972,0,0.628227,0.000537
12973,1,0.628886,0.000430
12974,0,0.629618,0.000344
12975,0,0.630339,0.000275
12976,0,0.631048,0.000220
12977,1,0.631746,0.000176
12978,0,0.632513,0.000141
12979,0,0.633270,0.000113
12980,1,0.634015,0.000090
12981,0,0.634827,0.000072
12982,0,0.635628,0.000058
12983,0,0.636418,0.000046
12984,0,0.637197,0.000037
12985,0,0.637963,0.000281
12986,0,0.638717,0.000777
12987,0,0.639457,0.001430
12988,0,0.640184,0.002172
12989,1,0.640897,0.001738
12990,1,0.641682,0.001390
12991,0,0.642531,0.001112
12992,0,0.643370,0.000890
12993,1,0.644196,0.000712
12994,1,0.645084,0.000569
12995,0,0.646028,0.000456
12996,0,0.646963,0.000364
12997,0,0.647887,0.000292
12998,0,0.648800,0.000233
12999,0,0.649702,0.000187
13000,0,0.650591,0.000478
13001,0,0.651467,0.001009
13002,0,0.652330,0.001691
13003,0,0.653178,0.002458
13004,1,0.654013,0.001966
13005,0,0.654911,0.001619
13006,1,0.655796,0.001295
13007,0,0.656740,0.001036
13008,0,0.657672,0.000829
13009,0,0.658590,0.000798
13010,0,0.659495,0.001092
13011,0,0.660385,0.001602
13012,0,0.661261,0.002248
13013,0,0.662121,0.002969
13014,1,0.662965,0.002376
13015,1,0.663873,0.001900
13016,0,0.664840,0.001520
13017,0,0.665793,0.001216
13018,1,0.666732,0.000973
13019,0,0.667727,0.000778
13020,0,0.668708,0.000623
13021,0,0.669676,0.000498
13022,1,0.670630,0.000399
13023,0,0.671638,0.000319
13024,0,0.672633,0.000255
13025,0,0.673614,0.000322
13026,0,0.674580,0.000696
13027,0,0.675531,0.001275
13028,1,0.676465,0.001020
13029,1,0.677457,0.000816
13030,0,0.678500,0.000653
13031,1,0.679529,0.000522
13032,0,0.680605,0.000418
13033,0,0.681669,0.000334
13034,0,0.682721,0.000267
13035,0,0.683758,0.000317
13036,0,0.684780,0.000679
13037,1,0.685787,0.000544
13038,0,0.686844,0.000435
13039,0,0.687887,0.000497
13040,1,0.688915,0.000398
13041,1,0.689991,0.000318
13042,1,0.691110,0.000255
13043,0,0.692266,0.000204
13044,0,0.693412,0.000163
13045,1,0.694546,0.000130
13046,0,0.695717,0.000104
13047,0,0.696877,0.000083
13048,0,0.698025,0.000067
13049,1,0.699160,0.000053
13050,0,0.700333,0.000043
13051,0,0.701494,0.000034
13052,1,0.702641,0.000027
13053,0,0.703825,0.000022
13054,0,0.704997,0.000021
13055,0,0.706155,0.000339
13056,0,0.707298,0.000877
13057,0,0.708427,0.001561
13058,1,0.709538,0.001249
13059,0,0.710691,0.001258
13060,0,0.711829,0.001556
13061,0,0.712950,0.002055
13062,1,0.714055,0.001644
13063,0,0.715201,0.001516
13064,0,0.716331,0.001712
13065,0,0.717444,0.002134
13066,0,0.718539,0.002707
13067,0,0.719615,0.003372
13068,0,0.720672,0.004085
13069,0,0.721709,0.004814
13070,0,0.722726,0.005534
13071,1,0.723721,0.004790
13072,1,0.724768,0.003832
13073,0,0.725860,0.003066
13074,0,0.726935,0.002574
13075,0,0.727990,0.002492
13076,0,0.729026,0.002702
13077,0,0.730042,0.003111
13078,0,0.731037,0.003648
13079,0,0.732010,0.004260
13080,0,0.732962,0.004908
13081,0,0.733891,0.005562
13082,0,0.734797,0.006200
13083,0,0.735680,0.006808
13084,1,0.736540,0.005735
13085,0,0.737460,0.005162
13086,0,0.738358,0.004953
13087,0,0.739233,0.005001
13088,0,0.740085,0.005225
13089,0,0.740914,0.005563
13090,0,0.741720,0.005969
13091,1,0.742501,0.004775
13092,0,0.743346,0.004065
13093,0,0.744169,0.003782
13094,1,0.744969,0.003026
13095,0,0.745829,0.002421
13096,1,0.746668,0.001936
13097,0,0.747561,0.001549
13098,0,0.748435,0.001239
13099,0,0.749287,0.000991
13100,0,0.750118,0.000974
13101,0,0.750927,0.001263
13102,0,0.751714,0.001756
13103,1,0.752479,0.001405
13104,1,0.753303,0.001124
13105,0,0.754180,0.000899
13106,0,0.755037,0.000719
13107,0,0.755874,0.000575
13108,1,0.756690,0.000460
13109,0,0.757558,0.000368
13110,1,0.758407,0.000295
13111,0,0.759303,0.000236
13112,1,0.760182,0.000189
13113,1,0.761104,0.000151
13114,0,0.762064,0.000121
13115,0,0.763009,0.000097
13116,0,0.763937,0.000077
13117,0,0.764849,0.000062
13118,1,0.765743,0.000049
13119,0,0.766678,0.000040
13120,0,0.767596,0.000032
13121,0,0.768496,0.000144
13122,0,0.769378,0.000553
13123,0,0.770241,0.001162
13124,1,0.771084,0.000930
13125,1,0.771972,0.000744
13126,0,0.772900,0.000595
13127,0,0.773811,0.000476
13128,0,0.774704,0.000516
13129,1,0.775579,0.000413
13130,0,0.776495,0.000330
13131,1,0.777393,0.000264
13132,0,0.778328,0.000212
13133,1,0.779246,0.000169
13134,0,0.780199,0.000135
13135,0,0.781137,0.000108
13136,0,0.782058,0.000120
13137,0,0.782962,0.000448
13138,0,0.783847,0.000993
13139,1,0.784713,0.000795
13140,1,0.785619,0.000636
13141,0,0.786559,0.000508
13142,1,0.787482,0.000407
13143,0,0.788437,0.000325
13144,1,0.789378,0.000260
13145,0,0.790346,0.000208
13146,1,0.791301,0.000167
13147,0,0.792282,0.000133
13148,1,0.793249,0.000107
13149,0,0.794241,0.000085
13150,0,0.795220,0.000068
13151,0,0.796186,0.000055
13152,0,0.797136,0.000327
13153,0,0.798071,0.000815
13154,0,0.798987,0.001448
13155,0,0.799886,0.002176
13156,0,0.800765,0.002956
13157,0,0.801623,0.003757
13158,0,0.802461,0.004555
13159,0,0.803276,0.005333
13160,0,0.804069,0.006077
13161,1,0.804839,0.005462
13162,0,0.805655,0.005221
13163,0,0.806448,0.005250
13164,0,0.807220,0.005469
13165,0,0.807968,0.005814
13166,1,0.808693,0.004875
13167,0,0.809465,0.004421
13168,1,0.810215,0.003537
13169,0,0.811009,0.002830
13170,0,0.811781,0.002501
13171,0,0.812533,0.002535
13172,1,0.813262,0.002028
13173,1,0.814034,0.001623
13174,1,0.814845,0.001298
13175,0,0.815688,0.001038
13176,0,0.816515,0.000831
13177,0,0.817324,0.000665
13178,1,0.818113,0.000532
13179,0,0.818937,0.000425
13180,0,0.819744,0.000340
13181,0,0.820531,0.000403
13182,0,0.821299,0.000760
13183,0,0.822047,0.001317
13184,0,0.822773,0.002004
13185,1,0.823478,0.001603
13186,0,0.824224,0.001552
13187,0,0.824949,0.001803
13188,1,0.825654,0.001443
13189,0,0.826398,0.001154
13190,1,0.827123,0.000923
13191,0,0.827884,0.000739
13192,0,0.828627,0.000591
13193,0,0.829350,0.000789
13194,0,0.830052,0.001234
13195,1,0.830733,0.000987
13196,0,0.831454,0.000826
13197,0,0.832155,0.001015
13198,0,0.832835,0.001449
13199,0,0.833494,0.002045
13200,0,0.834130,0.002742
13201,0,0.834744,0.003493
13202,1,0.835334,0.002916
13203,1,0.835971,0.002332
13204,1,0.836650,0.001866
13205,0,0.837363,0.001493
13206,0,0.838059,0.001194
13207,1,0.838735,0.000955
13208,0,0.839446,0.000764
13209,0,0.840140,0.000611
13210,0,0.840815,0.000538
13211,1,0.841470,0.000431
13212,0,0.842161,0.000345
13213,1,0.842833,0.000276
13214,0,0.843539,0.000221
13215,0,0.844227,0.000176
13216,1,0.844897,0.000141
13217,1,0.845599,0.000113
13218,1,0.846328,0.000090
13219,0,0.847080,0.000072
13220,0,0.847819,0.000058
13221,0,0.848544,0.000046
13222,0,0.849254,0.000037
13223,0,0.849947,0.000329
13224,0,0.850622,0.000835
13225,0,0.851279,0.001486
13226,1,0.851915,0.001194
13227,1,0.852586,0.000955
13228,1,0.853286,0.000764
13229,1,0.854010,0.000611
13230,0,0.854753,0.000489
13231,0,0.855485,0.000391
13232,0,0.856204,0.000313
13233,0,0.856907,0.000358
13234,0,0.857595,0.000671
13235,0,0.858265,0.001175
13236,0,0.858917,0.001809
13237,0,0.859549,0.002526
13238,1,0.860161,0.002247
13239,0,0.860807,0.002300
13240,0,0.861434,0.002593
13241,0,0.862041,0.003052
13242,0,0.862627,0.003621
13243,0,0.863191,0.004257
13244,1,0.863733,0.003739
13245,1,0.864315,0.002991
13246,0,0.864931,0.002393
13247,0,0.865528,0.002156
13248,1,0.866105,0.001725
13249,0,0.866715,0.001380
13250,1,0.867307,0.001104
13251,0,0.867930,0.000883
13252,0,0.868535,0.000706
13253,0,0.869122,0.000848
13254,0,0.869689,0.001241
13255,0,0.870236,0.001805
13256,1,0.870761,0.001444
13257,0,0.871324,0.001403
13258,0,0.871866,0.001656
13259,0,0.872388,0.002114
13260,0,0.872888,0.002708
13261,0,0.873366,0.003384
13262,1,0.873821,0.002862
13263,1,0.874319,0.002289
13264,1,0.874853,0.001832
13265,0,0.875418,0.001465
13266,0,0.875966,0.001172
13267,0,0.876496,0.000938
13268,0,0.877007,0.001048
13269,0,0.877497,0.001419
13270,0,0.877967,0.001968
13271,1,0.878414,0.001575
13272,0,0.878902,0.001479
13273,0,0.879369,0.001697
13274,0,0.879815,0.002132
13275,0,0.880239,0.002711
13276,1,0.880640,0.002169
13277,0,0.881085,0.002030
13278,1,0.881508,0.001624
13279,0,0.881970,0.001299
13280,1,0.882413,0.001040
13281,0,0.882891,0.000832
13282,0,0.883351,0.000665
13283,0,0.883792,0.000752
13284,0,0.884212,0.001117
13285,0,0.884612,0.001671
13286,0,0.884989,0.002347
13287,0,0.885345,0.003092
13288,0,0.885677,0.003867
13289,0,0.885986,0.004643
13290,1,0.886272,0.004002
13291,0,0.886607,0.003779
13292,0,0.886920,0.003857
13293,1,0.887210,0.003086
13294,0,0.887547,0.002546
13295,1,0.887864,0.002037
13296,0,0.888224,0.001629
13297,0,0.888564,0.001304
13298,1,0.888883,0.001043
13299,1,0.889244,0.000834
13300,1,0.889642,0.000667
13301,0,0.890071,0.000534
13302,1,0.890485,0.000427
13303,0,0.890927,0.000342
13304,0,0.891355,0.000273
13305,0,0.891768,0.000219
13306,1,0.892164,0.000175
13307,1,0.892592,0.000140
13308,1,0.893045,0.000112
13309,1,0.893519,0.000090
13310,0,0.894011,0.000072
13311,0,0.894494,0.000057
13312,1,0.894968,0.000046
13313,1,0.895459,0.000037
13314,0,0.895965,0.000029
13315,0,0.896463,0.000023
13316,1,0.896953,0.000019
13317,0,0.897458,0.000015
13318,0,0.897955,0.000012
13319,1,0.898442,0.000010
13320,0,0.898945,0.000008
13321,1,0.899440,0.000006
13322,1,0.899949,0.000005
13323,0,0.900470,0.000004
13324,1,0.900984,0.000003
13325,1,0.901509,0.000003
13326,0,0.902041,0.000002
13327,1,0.902570,0.000002
13328,0,0.903105,0.000001
13329,1,0.903637,0.000001
13330,1,0.904175,0.000001
13331,0,0.904716,0.000001
13332,0,0.905256,0.000001
13333,0,0.905792,0.000000
13334,1,0.906324,0.000000
13335,0,0.906863,0.000000
13336,0,0.907396,0.000122
13337,1,0.907923,0.000098
13338,0,0.908459,0.000154
13339,0,0.908987,0.000355
13340,0,0.909507,0.000682
13341,1,0.910017,0.000630
13342,0,0.910539,0.000758
13343,0,0.911052,0.001037
13344,0,0.911552,0.001436
13345,1,0.912039,0.001332
13346,1,0.912544,0.001066
13347,1,0.913061,0.000852
13348,0,0.913588,0.000682
13349,0,0.914107,0.000622
13350,0,0.914616,0.000761
13351,0,0.915114,0.001061
13352,1,0.915598,0.000914
13353,0,0.916098,0.000996
13354,0,0.916587,0.001259
13355,1,0.917061,0.001056
13356,0,0.917552,0.001104
13357,1,0.918029,0.000883
13358,1,0.918523,0.000707
13359,1,0.919028,0.000565
13360,1,0.919541,0.000452
13361,1,0.920058,0.000362
13362,1,0.920578,0.000289
13363,0,0.921096,0.000232
13364,0,0.921614,0.000185
13365,0,0.922130,0.000148
13366,0,0.922641,0.000119
13367,0,0.923145,0.000217
13368,0,0.923640,0.000463
13369,0,0.924123,0.000832
13370,1,0.924593,0.000772
13371,0,0.925077,0.000905
13372,0,0.925550,0.001195
13373,1,0.926008,0.001042
13374,0,0.926481,0.001115
13375,1,0.926942,0.000892
13376,0,0.927416,0.000861
13377,0,0.927878,0.001035
13378,1,0.928327,0.000828
13379,0,0.928790,0.000848
13380,1,0.929240,0.000678
13381,0,0.929704,0.000617
13382,0,0.930156,0.000774
13383,1,0.930595,0.000619
13384,0,0.931048,0.000631
13385,1,0.931488,0.000505
13386,1,0.931941,0.000404
13387,0,0.932404,0.000323
13388,0,0.932858,0.000289
13389,1,0.933300,0.000231
13390,1,0.933754,0.000185
13391,1,0.934215,0.000148
13392,0,0.934680,0.000118
13393,1,0.935140,0.000095
13394,0,0.935604,0.000076
13395,1,0.936062,0.000061
13396,0,0.936523,0.000048
13397,0,0.936980,0.000039
13398,1,0.937429,0.000031
13399,0,0.937883,0.000025
13400,1,0.938331,0.000020
13401,1,0.938783,0.000016
13402,1,0.939237,0.000013
13403,1,0.939690,0.000010
13404,0,0.940140,0.000008
13405,0,0.940591,0.000007
13406,1,0.941039,0.000005
13407,1,0.941487,0.000004
13408,0,0.941931,0.000003
13409,0,0.942376,0.000003
13410,0,0.942819,0.000002
13411,1,0.943258,0.000002
13412,0,0.943698,0.000001
13413,0,0.944133,0.000094
13414,1,0.944562,0.000076
13415,0,0.944995,0.000127
13416,1,0.945421,0.000102
13417,1,0.945851,0.000082
13418,1,0.946281,0.000065
13419,0,0.946709,0.000052
13420,1,0.947136,0.000042
13421,0,0.947561,0.000033
13422,1,0.947985,0.000027
13423,1,0.948406,0.000056
13424,1,0.948823,0.000174
13425,0,0.949232,0.000141
13426,1,0.949646,0.000206
13427,0,0.950052,0.000165
13428,1,0.950463,0.000198
13429,1,0.950866,0.000340
13430,0,0.951262,0.000285
13431,0,0.951663,0.000228
13432,1,0.952066,0.000190
13433,1,0.952464,0.000268
13434,0,0.952854,0.000215
13435,1,0.953249,0.000251
13436,0,0.953636,0.000201
13437,0,0.954027,0.000161
13438,1,0.954420,0.000129
13439,0,0.954808,0.000103
13440,0,0.955197,0.000082
13441,0,0.955584,0.000066
13442,0,0.955966,0.000136
13443,0,0.956342,0.000311
13444,0,0.956708,0.000588
13445,1,0.957064,0.000559
13446,1,0.957428,0.000447
13447,0,0.957797,0.000414
13448,0,0.958159,0.000523
13449,1,0.958510,0.000418
13450,1,0.958869,0.000335
13451,0,0.959232,0.000268
13452,1,0.959588,0.000214
13453,1,0.959947,0.000171
13454,0,0.960307,0.000137
13455,0,0.960662,0.000113
13456,0,0.961012,0.000212
13457,1,0.961353,0.000169
13458,0,0.961700,0.000216
13459,0,0.962039,0.000389
13460,0,0.962367,0.000676
13461,1,0.962684,0.000627
13462,0,0.963011,0.000740
13463,0,0.963326,0.000994
13464,1,0.963629,0.000880
13465,1,0.963943,0.000704
13466,1,0.964265,0.000563
13467,1,0.964591,0.000451
13468,0,0.964919,0.000361
13469,0,0.965243,0.000288
13470,0,0.965559,0.000308
13471,1,0.965867,0.000246
13472,1,0.966181,0.000197
13473,0,0.966498,0.000158
13474,0,0.966809,0.000176
13475,1,0.967112,0.000141
13476,0,0.967420,0.000139
13477,0,0.967721,0.000277
13478,0,0.968012,0.000540
13479,1,0.968292,0.000482
13480,1,0.968581,0.000386
13481,0,0.968877,0.000329
13482,0,0.969164,0.000434
13483,1,0.969441,0.000348
13484,1,0.969726,0.000278
13485,0,0.970016,0.000222
13486,0,0.970300,0.000274
13487,1,0.970573,0.000219
13488,0,0.970854,0.000229
13489,1,0.971126,0.000183
13490,0,0.971405,0.000171
13491,0,0.971675,0.000310
13492,0,0.971935,0.000581
13493,1,0.972183,0.000511
13494,1,0.972442,0.000409
13495,1,0.972708,0.000327
13496,0,0.972978,0.000262
13497,1,0.973242,0.000209
13498,1,0.973509,0.000168
13499,0,0.973777,0.000134
13500,0,0.974042,0.000107
13501,1,0.974301,0.000086
13502,1,0.974563,0.000069
13503,0,0.974825,0.000055
13504,0,0.975084,0.000044
13505,0,0.975338,0.000129
13506,0,0.975585,0.000329
13507,1,0.975822,0.000283
13508,0,0.976066,0.000378
13509,1,0.976302,0.000303
13510,1,0.976544,0.000242
13511,1,0.976791,0.000194
13512,1,0.977038,0.000155
13513,1,0.977282,0.000124
13514,1,0.977523,0.000162
13515,0,0.977756,0.000130
13516,1,0.977994,0.000145
13517,1,0.978225,0.000283
13518,1,0.978448,0.000534
13519,1,0.978660,0.000889
13520,0,0.978859,0.000852
13521,0,0.979071,0.000682
13522,1,0.979290,0.000628
13523,0,0.979501,0.000502
13524,0,0.979718,0.000402
13525,1,0.979940,0.000321
13526,0,0.980156,0.000257
13527,0,0.980376,0.000206
13528,1,0.980597,0.000165
13529,0,0.980814,0.000132
13530,0,0.981032,0.000105
13531,1,0.981248,0.000084
13532,1,0.981463,0.000067
13533,0,0.981676,0.000054
13534,0,0.981889,0.000043
13535,0,0.982100,0.000044
13536,0,0.982306,0.000149
13537,1,0.982505,0.000119
13538,0,0.982709,0.000175
13539,1,0.982906,0.000140
13540,0,0.983108,0.000167
13541,1,0.983304,0.000133
13542,0,0.983504,0.000144
13543,0,0.983698,0.000269
13544,1,0.983884,0.000215
13545,0,0.984076,0.000277
13546,0,0.984261,0.000461
13547,1,0.984437,0.000395
13548,1,0.984620,0.000316
13549,1,0.984809,0.000253
13550,1,0.984999,0.000202
13551,0,0.985188,0.000162
13552,0,0.985376,0.000129
13553,1,0.985560,0.000103
13554,0,0.985746,0.000083
13555,0,0.985928,0.000123
13556,1,0.986105,0.000098
13557,1,0.986285,0.000079
13558,1,0.986466,0.000063
13559,0,0.986646,0.000050
13560,0,0.986825,0.000040
13561,1,0.987001,0.000032
13562,1,0.987178,0.000026
13563,0,0.987353,0.000021
13564,1,0.987528,0.000017
13565,0,0.987701,0.000013
13566,1,0.987874,0.000011
13567,0,0.988045,0.000008
13568,1,0.988216,0.000007
13569,0,0.988384,0.000005
13570,1,0.988553,0.000004
13571,1,0.988720,0.000054
13572,1,0.988882,0.000186
13573,1,0.989039,0.000409
13574,1,0.989186,0.000722
13575,0,0.989323,0.000707
13576,1,0.989470,0.000835
13577,1,0.989607,0.001088
13578,1,0.989732,0.001449
13579,1,0.989844,0.001898
13580,0,0.989941,0.001807
13581,0,0.990055,0.001446
13582,1,0.990181,0.001320
13583,1,0.990296,0.001406
13584,1,0.990398,0.001661
13585,1,0.990485,0.002048
13586,0,0.990556,0.001858
13587,1,0.990647,0.001913
13588,1,0.990722,0.002158
13589,1,0.990781,0.002545
13590,1,0.990823,0.003037
13591,0,0.990846,0.002771
13592,0,0.990893,0.002217
13593,1,0.990962,0.001895
13594,1,0.991015,0.001880
13595,0,0.991052,0.001504
13596,1,0.991110,0.001335
13597,1,0.991153,0.001444
13598,0,0.991179,0.001155
13599,1,0.991227,0.001059
13600,0,0.991260,0.000847
13601,1,0.991313,0.000678
13602,1,0.991352,0.000770
13603,0,0.991375,0.000616
13604,1,0.991419,0.000530
13605,1,0.991448,0.000714
13606,0,0.991461,0.000571
13607,0,0.991497,0.000457
13608,1,0.991549,0.000365
13609,0,0.991589,0.000292
13610,1,0.991645,0.000234
13611,1,0.991690,0.000187
13612,1,0.991722,0.000383
13613,0,0.991739,0.000306
13614,0,0.991776,0.000245
13615,0,0.991828,0.000196
13616,1,0.991892,0.000157
13617,0,0.991948,0.000125
13618,0,0.992014,0.000100
13619,0,0.992088,0.000080
13620,1,0.992165,0.000064
13621,1,0.992240,0.000051
13622,1,0.992310,0.000041
13623,1,0.992373,0.000072
13624,1,0.992426,0.000288
13625,1,0.992469,0.000653
13626,0,0.992499,0.000566
13627,0,0.992545,0.000453
13628,1,0.992604,0.000362
13629,1,0.992654,0.000476
13630,1,0.992693,0.000764
13631,1,0.992720,0.001188
13632,0,0.992732,0.001073
13633,0,0.992763,0.000858
13634,0,0.992809,0.000687
13635,1,0.992867,0.000549
13636,1,0.992917,0.000462
13637,1,0.992956,0.000598
13638,1,0.992984,0.000908
13639,0,0.992999,0.000748
13640,0,0.993031,0.000598
13641,1,0.993078,0.000478
13642,0,0.993115,0.000383
13643,1,0.993164,0.000306
13644,0,0.993205,0.000245
13645,1,0.993257,0.000196
13646,0,0.993301,0.000157
13647,0,0.993355,0.000125
13648,1,0.993417,0.000100
13649,1,0.993474,0.000080
13650,1,0.993524,0.000176
13651,1,0.993564,0.000437
13652,1,0.993593,0.000832
13653,0,0.993610,0.000754
13654,1,0.993643,0.000890
13655,1,0.993665,0.001194
13656,1,0.993673,0.001628
13657,1,0.993667,0.002159
13658,0,0.993645,0.002012
13659,0,0.993645,0.001609
13660,1,0.993665,0.001401
13661,1,0.993671,0.001461
13662,1,0.993664,0.001725
13663,1,0.993642,0.002142
13664,0,0.993603,0.001883
13665,1,0.993589,0.001914
13666,1,0.993559,0.002163
13667,0,0.993513,0.001779
13668,0,0.993491,0.001423
13669,0,0.993491,0.001138
13670,1,0.993506,0.000911
13671,1,0.993511,0.000729
13672,1,0.993504,0.000740
13673,1,0.993484,0.000988
13674,1,0.993448,0.001412
13675,1,0.993396,0.001960
13676,1,0.993326,0.002594
13677,1,0.993238,0.003281
13678,0,0.993131,0.003021
13679,0,0.993056,0.002416
13680,1,0.993008,0.002029
13681,0,0.992944,0.001623
13682,1,0.992905,0.001298
13683,0,0.992852,0.001039
13684,1,0.992822,0.000831
13685,1,0.992778,0.000725
13686,1,0.992720,0.000908
13687,0,0.992645,0.000726
13688,0,0.992597,0.000581
13689,0,0.992570,0.000465
13690,1,0.992560,0.000372
13691,1,0.992540,0.000297
13692,1,0.992509,0.000254
13693,1,0.992464,0.000477
13694,0,0.992406,0.000382
13695,1,0.992370,0.000369
13696,1,0.992321,0.000614
13697,1,0.992257,0.001049
13698,1,0.992177,0.001619
13699,1,0.992080,0.002279
13700,1,0.991966,0.002995
13701,1,0.991832,0.003738
13702,0,0.991678,0.003438
13703,1,0.991560,0.003446
13704,1,0.991424,0.003677
13705,1,0.991268,0.004066
13706,1,0.991092,0.004559
13707,0,0.990896,0.003976
13708,0,0.990739,0.003181
13709,1,0.990617,0.002545
13710,0,0.990478,0.002036
13711,1,0.990370,0.001629
13712,1,0.990246,0.001333
13713,1,0.990106,0.001397
13714,1,0.989947,0.001718
13715,1,0.989770,0.002218
13716,1,0.989574,0.002836
13717,1,0.989357,0.003523
13718,0,0.989120,0.003047
13719,0,0.988925,0.002438
13720,1,0.988768,0.001950
13721,1,0.988593,0.001724
13722,1,0.988400,0.001838
13723,1,0.988188,0.002193
13724,0,0.987957,0.001755
13725,0,0.987767,0.001404
13726,0,0.987612,0.001123
13727,1,0.987487,0.000898
13728,1,0.987349,0.000719
13729,0,0.987196,0.000575
13730,1,0.987073,0.000460
13731,1,0.986936,0.000368
13732,1,0.986784,0.000391
13733,1,0.986616,0.000704
13734,1,0.986432,0.001221
13735,0,0.986229,0.000977
13736,1,0.986064,0.000959
13737,0,0.985883,0.000768
13738,1,0.985735,0.000614
13739,1,0.985573,0.000669
13740,0,0.985394,0.000535
13741,0,0.985249,0.000428
13742,1,0.985133,0.000342
13743,1,0.985005,0.000274
13744,0,0.984862,0.000219
13745,0,0.984749,0.000175
13746,1,0.984660,0.000140
13747,1,0.984560,0.000112
13748,1,0.984449,0.000090
13749,1,0.984324,0.000332
13750,1,0.984185,0.000790
13751,1,0.984030,0.001399
13752,1,0.983859,0.002105
13753,0,0.983671,0.001844
13754,1,0.983519,0.001917
13755,0,0.983351,0.001534
13756,1,0.983216,0.001298
13757,1,0.983067,0.001401
13758,0,0.982902,0.001121
13759,1,0.982771,0.000912
13760,1,0.982625,0.001041
13761,0,0.982463,0.000833
13762,1,0.982334,0.000667
13763,1,0.982191,0.000814
13764,1,0.982032,0.001204
13765,0,0.981857,0.000963
13766,1,0.981717,0.000905
13767,0,0.981562,0.000724
13768,1,0.981439,0.000579
13769,1,0.981302,0.000632
13770,1,0.981150,0.000957
13771,1,0.980982,0.001472
13772,0,0.980797,0.001178
13773,1,0.980648,0.001169
13774,1,0.980484,0.001442
13775,1,0.980303,0.001913
13776,1,0.980105,0.002517
13777,0,0.979888,0.002085
13778,0,0.979711,0.001668
13779,1,0.979571,0.001334
13780,1,0.979415,0.001163
13781,0,0.979244,0.000931
13782,1,0.979107,0.000744
13783,1,0.978956,0.000715
13784,1,0.978789,0.000986
13785,1,0.978605,0.001467
13786,1,0.978404,0.002090
13787,1,0.978185,0.002799
13788,1,0.977947,0.003554
13789,1,0.977689,0.004324
13790,1,0.977411,0.005086
13791,1,0.977113,0.005822
13792,1,0.976793,0.006521
13793,0,0.976452,0.005751
13794,1,0.976165,0.005395
13795,1,0.975858,0.005337
13796,1,0.975530,0.005490
13797,1,0.975182,0.005786
13798,1,0.974812,0.006172
13799,1,0.974421,0.006610
13800,1,0.974008,0.007070
13801,0,0.973572,0.005947
13802,1,0.973199,0.005335
13803,1,0.972805,0.005094
13804,1,0.972390,0.005119
13805,1,0.971954,0.005326
13806,0,0.971497,0.004261
13807,1,0.971102,0.003557
13808,1,0.970687,0.003298
13809,1,0.970253,0.003354
13810,1,0.969797,0.003628
13811,1,0.969320,0.004044
13812,1,0.968823,0.004547
13813,1,0.968304,0.005094
13814,0,0.967764,0.004075
13815,0,0.967293,0.003260
13816,1,0.966884,0.002608
13817,1,0.966456,0.002086
13818,1,0.966010,0.001669
13819,1,0.965545,0.001624
13820,0,0.965061,0.001299
13821,1,0.964639,0.001039
13822,1,0.964200,0.000831
13823,1,0.963742,0.000873
13824,1,0.963265,0.001206
13825,1,0.962769,0.001731
13826,1,0.962254,0.002375
13827,1,0.961719,0.003082
13828,1,0.961165,0.003812
13829,1,0.960590,0.004535
13830,1,0.959996,0.005230
13831,0,0.959381,0.004184
13832,1,0.958841,0.003578
13833,1,0.958282,0.003378
13834,1,0.957704,0.003463
13835,1,0.957107,0.003742
13836,1,0.956490,0.004145
13837,1,0.955854,0.004621
13838,1,0.955199,0.005131
13839,1,0.954524,0.005646
13840,1,0.953829,0.006149
13841,0,0.953114,0.004919
13842,0,0.952482,0.003935
13843,1,0.951924,0.003148
13844,1,0.951349,0.002518
13845,1,0.950757,0.002015
13846,1,0.950148,0.001686
13847,0,0.949520,0.001349
13848,1,0.948967,0.001079
13849,1,0.948396,0.000863
13850,1,0.947810,0.000691
13851,1,0.947206,0.000818
13852,1,0.946585,0.001199
13853,0,0.945947,0.000960
13854,0,0.945384,0.000768
13855,1,0.944887,0.000614
13856,0,0.944376,0.000491
13857,0,0.943928,0.000393
13858,1,0.943534,0.000314
13859,1,0.943129,0.000252
13860,1,0.942712,0.000201
13861,1,0.942282,0.000161
13862,1,0.941839,0.000129
13863,1,0.941381,0.000205
13864,0,0.940909,0.000164
13865,1,0.940498,0.000131
13866,1,0.940074,0.000105
13867,1,0.939635,0.000300
13868,0,0.939183,0.000240
13869,1,0.938790,0.000192
13870,0,0.938384,0.000154
13871,1,0.938034,0.000123
13872,1,0.937671,0.000098
13873,1,0.937296,0.000079
13874,1,0.936908,0.000373
13875,1,0.936505,0.000907
13876,1,0.936088,0.001595
13877,1,0.935655,0.002371
13878,0,0.935208,0.001897
13879,1,0.934823,0.001667
13880,1,0.934424,0.001798
13881,1,0.934010,0.002177
13882,1,0.933580,0.002719
13883,0,0.933135,0.002175
13884,1,0.932754,0.001777
13885,1,0.932358,0.001785
13886,1,0.931948,0.002077
13887,0,0.931522,0.001662
13888,1,0.931158,0.001329
13889,1,0.930780,0.001227
13890,1,0.930388,0.001455
13891,1,0.929980,0.001908
13892,0,0.929557,0.001526
13893,1,0.929197,0.001221
13894,1,0.928823,0.001186
13895,1,0.928434,0.001461
13896,1,0.928030,0.001946
13897,1,0.927609,0.002561
13898,1,0.927173,0.003251
13899,1,0.926719,0.003971
13900,1,0.926249,0.004691
13901,1,0.925762,0.005388
13902,1,0.925258,0.006047
13903,1,0.924736,0.006659
13904,1,0.924196,0.007216
13905,1,0.923638,0.007717
13906,1,0.923062,0.008161
13907,1,0.922468,0.008547
13908,1,0.921856,0.008879
13909,1,0.921226,0.009160
13910,1,0.920578,0.009391
13911,1,0.919911,0.009577
13912,0,0.919227,0.007662
13913,1,0.918631,0.006412
13914,0,0.918018,0.005129
13915,1,0.917487,0.004103
13916,0,0.916940,0.003283
13917,0,0.916469,0.002626
13918,1,0.916065,0.002101
13919,1,0.915648,0.001681
13920,1,0.915218,0.001345
13921,1,0.914773,0.001076
13922,1,0.914315,0.000861
13923,1,0.913841,0.000701
13924,0,0.913352,0.000561
13925,1,0.912934,0.000449
13926,1,0.912503,0.000359
13927,1,0.912057,0.000287
13928,1,0.911597,0.000541
13929,1,0.911121,0.001027
13930,1,0.910630,0.001660
13931,1,0.910124,0.002376
13932,1,0.909601,0.003126
13933,1,0.909063,0.003877
13934,1,0.908508,0.004603
13935,1,0.907936,0.005290
13936,0,0.907349,0.004232
13937,1,0.906843,0.003504
13938,1,0.906323,0.003215
13939,1,0.905786,0.003235
13940,1,0.905234,0.003467
13941,0,0.904666,0.002774
13942,1,0.904179,0.002219
13943,1,0.903677,0.001775
13944,1,0.903160,0.001703
13945,1,0.902628,0.001914
13946,1,0.902080,0.002314
13947,1,0.901517,0.002831
13948,1,0.900938,0.003412
13949,1,0.900342,0.004018
13950,1,0.899731,0.004621
13951,1,0.899104,0.005201
13952,1,0.898460,0.005745
13953,1,0.897801,0.006245
13954,1,0.897125,0.006696
13955,1,0.896433,0.007095
13956,1,0.895724,0.007444
13957,1,0.895000,0.007742
13958,1,0.894259,0.007993
13959,1,0.893502,0.008198
13960,1,0.892729,0.008363
13961,1,0.891941,0.008488
13962,1,0.891136,0.008579
13963,1,0.890316,0.008639
13964,1,0.889480,0.008670
13965,1,0.888628,0.008676
13966,1,0.887761,0.008660
13967,1,0.886879,0.008624
13968,0,0.885982,0.006899
13969,1,0.885193,0.005519
13970,0,0.884389,0.004415
13971,1,0.883686,0.003532
13972,1,0.882968,0.002826
13973,1,0.882238,0.002261
13974,0,0.881493,0.001809
13975,1,0.880843,0.001447
13976,1,0.880181,0.001157
13977,1,0.879506,0.000926
13978,0,0.878817,0.000741
13979,0,0.878219,0.000593
13980,1,0.877703,0.000474
13981,1,0.877176,0.000379
13982,1,0.876637,0.000303
13983,1,0.876088,0.000243
13984,1,0.875526,0.000194
13985,1,0.874953,0.000155
13986,1,0.874367,0.000240
13987,1,0.873769,0.000603
13988,0,0.873158,0.000483
13989,1,0.872634,0.000386
13990,1,0.872097,0.000309
13991,1,0.871549,0.000247
13992,1,0.870989,0.000510
13993,1,0.870416,0.000989
13994,1,0.869831,0.001600
13995,1,0.869233,0.002284
13996,0,0.868622,0.001827
13997,1,0.868099,0.001462
13998,1,0.867564,0.001169
13999,1,0.867017,0.001207
14000,1,0.866457,0.001505
14001,1,0.865885,0.001971
14002,1,0.865301,0.002539
14003,1,0.864703,0.003156
14004,0,0.864092,0.002525
14005,1,0.863571,0.002020
14006,0,0.863038,0.001616
14007,1,0.862588,0.001293
14008,1,0.862127,0.001034
14009,0,0.861654,0.000827
14010,1,0.861260,0.000662
14011,1,0.860855,0.000530
14012,1,0.860440,0.000424
14013,1,0.860013,0.000339
14014,1,0.859575,0.000435
14015,1,0.859125,0.000808
14016,1,0.858663,0.001360
14017,1,0.858188,0.002019
14018,1,0.857701,0.002730
14019,1,0.857200,0.003455
14020,1,0.856687,0.004164
14021,0,0.856160,0.003331
14022,1,0.855721,0.002665
14023,1,0.855270,0.002346
14024,1,0.854806,0.002365
14025,1,0.854329,0.002615
14026,1,0.853839,0.003016
14027,0,0.853336,0.002413
14028,1,0.852920,0.001930
14029,1,0.852491,0.001544
14030,1,0.852050,0.001465
14031,1,0.851597,0.001672
14032,1,0.851130,0.002068
14033,1,0.850651,0.002582
14034,0,0.850158,0.002066
14035,1,0.849752,0.001653
14036,1,0.849334,0.001322
14037,0,0.848904,0.001058
14038,0,0.848555,0.000846
14039,0,0.848280,0.000677
14040,1,0.848072,0.000542
14041,1,0.847856,0.000433
14042,1,0.847630,0.000347
14043,1,0.847395,0.000277
14044,1,0.847150,0.000222
14045,1,0.846893,0.000177
14046,1,0.846626,0.000375
14047,1,0.846346,0.000835
14048,0,0.846055,0.000668
14049,1,0.845837,0.000534
14050,1,0.845608,0.000427
14051,1,0.845367,0.000627
14052,0,0.845114,0.000501
14053,1,0.844933,0.000401
14054,1,0.844741,0.000321
14055,0,0.844537,0.000257
14056,1,0.844401,0.000205
14057,1,0.844255,0.000164
14058,1,0.844097,0.000131
14059,1,0.843928,0.000412
14060,1,0.843747,0.000930
14061,1,0.843553,0.001597
14062,1,0.843347,0.002348
14063,1,0.843127,0.003134
14064,1,0.842893,0.003921
14065,0,0.842646,0.003137
14066,1,0.842474,0.002646
14067,1,0.842289,0.002559
14068,1,0.842091,0.002752
14069,1,0.841880,0.003133
14070,1,0.841654,0.003632
14071,1,0.841414,0.004195
14072,1,0.841159,0.004785
14073,1,0.840890,0.005374
14074,1,0.840606,0.005941
14075,1,0.840306,0.006474
14076,0,0.839991,0.005179
14077,1,0.839760,0.004304
14078,1,0.839514,0.003886
14079,0,0.839254,0.003109
14080,1,0.839073,0.002487
14081,1,0.838878,0.001990
14082,1,0.838669,0.001652
14083,1,0.838446,0.001682
14084,1,0.838209,0.001965
14085,1,0.837957,0.002412
14086,0,0.837690,0.001929
14087,0,0.837503,0.001544
14088,1,0.837389,0.001235
14089,1,0.837263,0.000988
14090,1,0.837124,0.000790
14091,1,0.836971,0.000632
14092,1,0.836805,0.000691
14093,0,0.836625,0.000553
14094,1,0.836518,0.000442
14095,1,0.836398,0.000354
14096,1,0.836266,0.000319
14097,1,0.836119,0.000608
14098,1,0.835958,0.001113
14099,1,0.835783,0.001752
14100,1,0.835593,0.002465
14101,1,0.835388,0.003205
14102,1,0.835168,0.003942
14103,1,0.834932,0.004652
14104,1,0.834681,0.005319
14105,1,0.834414,0.005936
14106,0,0.834131,0.004748
14107,1,0.833933,0.003897
14108,1,0.833720,0.003503
14109,1,0.833492,0.003435
14110,1,0.833249,0.003592
14111,1,0.832990,0.003897
14112,1,0.832715,0.004294
14113,1,0.832425,0.004739
14114,0,0.832119,0.003791
14115,1,0.831900,0.003033
14116,1,0.831666,0.002516
14117,1,0.831416,0.002382
14118,1,0.831152,0.002516
14119,0,0.830872,0.002013
14120,1,0.830677,0.001610
14121,1,0.830467,0.001288
14122,1,0.830242,0.001066
14123,1,0.830003,0.001181
14124,1,0.829749,0.001524
14125,1,0.829479,0.002013
14126,1,0.829195,0.002586
14127,1,0.828895,0.003198
14128,1,0.828579,0.003817
14129,1,0.828248,0.004420
14130,1,0.827901,0.004991
14131,1,0.827538,0.005519
14132,1,0.827160,0.005999
14133,1,0.826766,0.006428
14134,1,0.826356,0.006804
14135,1,0.825930,0.007130
14136,1,0.825488,0.007406
14137,1,0.825031,0.007635
14138,1,0.824558,0.007821
14139,0,0.824070,0.006257
14140,0,0.823682,0.005006
14141,1,0.823387,0.004005
14142,1,0.823077,0.003204
14143,1,0.822754,0.002563
14144,1,0.822416,0.002050
14145,1,0.822065,0.001640
14146,1,0.821699,0.001482
14147,1,0.821318,0.001603
14148,1,0.820923,0.001910
14149,1,0.820513,0.002334
14150,1,0.820089,0.002824
14151,1,0.819650,0.003342
14152,1,0.819197,0.003862
14153,1,0.818729,0.004363
14154,1,0.818246,0.004834
14155,1,0.817749,0.005267
14156,1,0.817237,0.005657
14157,1,0.816711,0.006001
14158,0,0.816170,0.004801
14159,1,0.815733,0.003841
14160,1,0.815283,0.003073
14161,1,0.814819,0.002532
14162,0,0.814341,0.002026
14163,1,0.813961,0.001621
14164,1,0.813569,0.001297
14165,1,0.813163,0.001037
14166,1,0.812745,0.000830
14167,1,0.812313,0.000740
14168,1,0.811867,0.000920
14169,1,0.811409,0.001277
14170,1,0.810937,0.001745
14171,1,0.810452,0.002271
14172,1,0.809953,0.002821
14173,1,0.809441,0.003366
14174,1,0.808915,0.003890
14175,1,0.808376,0.004380
14176,1,0.807824,0.004829
14177,1,0.807259,0.005232
14178,1,0.806680,0.005588
14179,1,0.806088,0.005898
14180,1,0.805483,0.006161
14181,1,0.804865,0.006382
14182,1,0.804234,0.006562
14183,1,0.803590,0.006705
14184,1,0.802933,0.006814
14185,1,0.802264,0.006893
14186,1,0.801582,0.006943
14187,1,0.800887,0.006970
14188,1,0.800180,0.006975
14189,1,0.799461,0.006960
14190,1,0.798730,0.006930
14191,1,0.797987,0.006885
14192,0,0.797232,0.005508
14193,0,0.796595,0.004406
14194,1,0.796067,0.003525
14195,1,0.795529,0.002820
14196,1,0.794979,0.002256
14197,1,0.794418,0.001805
14198,1,0.793846,0.001444
14199,1,0.793263,0.001155
14200,1,0.792669,0.000924
14201,1,0.792064,0.000854
14202,1,0.791448,0.001010
14203,1,0.790821,0.001314
14204,1,0.790183,0.001709
14205,1,0.789533,0.002152
14206,1,0.788873,0.002612
14207,1,0.788202,0.003066
14208,1,0.787520,0.003501
14209,1,0.786828,0.003905
14210,1,0.786124,0.004274
14211,1,0.785410,0.004603
14212,1,0.784686,0.004892
14213,1,0.783951,0.005140
14214,1,0.783205,0.005351
14215,1,0.782450,0.005524
14216,1,0.781684,0.005664
14217,1,0.780908,0.005773
14218,1,0.780121,0.005854
14219,1,0.779325,0.005909
14220,0,0.778519,0.004727
14221,1,0.777835,0.003782
14222,1,0.777141,0.003025
14223,1,0.776438,0.002420
14224,1,0.775725,0.001936
14225,1,0.775003,0.001549
14226,1,0.774272,0.001422
14227,1,0.773531,0.001482
14228,1,0.772781,0.001667
14229,1,0.772022,0.001930
14230,1,0.771253,0.002237
14231,1,0.770476,0.002562
14232,1,0.769689,0.002887
14233,1,0.768894,0.003201
14234,1,0.768090,0.003494
14235,1,0.767277,0.003761
14236,1,0.766455,0.004001
14237,1,0.765625,0.004210
14238,1,0.764786,0.004391
14239,1,0.763939,0.004542
14240,1,0.763084,0.004667
14241,1,0.762220,0.004766
14242,1,0.761349,0.004842
14243,0,0.760469,0.003874
14244,1,0.759716,0.003099
14245,0,0.758956,0.002479
14246,1,0.758312,0.001983
14247,1,0.757661,0.001587
14248,1,0.757003,0.001269
14249,1,0.756337,0.001016
14250,1,0.755663,0.000812
14251,1,0.754982,0.000650
14252,1,0.754293,0.000520
14253,1,0.753596,0.000416
14254,1,0.752892,0.000509
14255,1,0.752180,0.000767
14256,1,0.751461,0.001128
14257,1,0.750734,0.001546
14258,1,0.749999,0.001989
14259,1,0.749257,0.002432
14260,1,0.748507,0.002858
14261,1,0.747750,0.003258
14262,1,0.746985,0.003623
14263,1,0.746213,0.003951
14264,1,0.745434,0.004240
14265,1,0.744647,0.004489
14266,1,0.743853,0.004701
14267,1,0.743052,0.004877
14268,1,0.742244,0.005020
14269,1,0.741429,0.005132
14270,1,0.740607,0.005216
14271,1,0.739778,0.005275
14272,1,0.738942,0.005312
14273,1,0.738099,0.005329
14274,1,0.737250,0.005329
14275,1,0.736394,0.005313
14276,1,0.735531,0.005286
14277,1,0.734662,0.005247
14278,1,0.733787,0.005199
14279,1,0.732905,0.005143
14280,1,0.732017,0.005080
14281,1,0.731123,0.005013
14282,1,0.730223,0.004942
14283,1,0.729317,0.004867
14284,1,0.728405,0.004790
14285,1,0.727488,0.004711
14286,0,0.726564,0.003769
14287,1,0.725773,0.003015
14288,1,0.724976,0.002412
14289,1,0.724173,0.001930
14290,1,0.723364,0.001544
14291,1,0.722550,0.001235
14292,0,0.721730,0.000988
14293,1,0.721034,0.000790
14294,1,0.720333,0.000632
14295,1,0.719627,0.000506
14296,1,0.718915,0.000405
14297,1,0.718197,0.000324
14298,1,0.717474,0.000259
14299,1,0.716745,0.000207
14300,1,0.716011,0.000190
14301,1,0.715271,0.000360
14302,1,0.714526,0.000649
14303,1,0.713775,0.001010
14304,1,0.713019,0.001407
14305,1,0.712257,0.001813
14306,0,0.711490,0.001451
14307,1,0.710845,0.001161
14308,1,0.710195,0.000928
14309,1,0.709540,0.000743
14310,1,0.708879,0.000594
14311,1,0.708213,0.000475
14312,1,0.707542,0.000392
14313,1,0.706865,0.000519
14314,1,0.706183,0.000784
14315,1,0.705495,0.001133
14316,1,0.704802,0.001528
14317,1,0.704104,0.001938
14318,1,0.703400,0.002344
14319,1,0.702691,0.002732
14320,1,0.701976,0.003093
14321,1,0.701256,0.003421
14322,1,0.700531,0.003714
14323,1,0.699800,0.003970
14324,0,0.699064,0.003176
14325,1,0.698451,0.002541
14326,1,0.697832,0.002033
14327,1,0.697209,0.001626
14328,1,0.696580,0.001301
14329,1,0.695946,0.001041
14330,1,0.695307,0.000880
14331,1,0.694663,0.000929
14332,1,0.694013,0.001118
14333,1,0.693358,0.001395
14334,1,0.692697,0.001722
14335,1,0.692032,0.002070
14336,1,0.691361,0.002420
14337,1,0.690685,0.002758
14338,1,0.690003,0.003075
14339,1,0.689317,0.003366
14340,1,0.688625,0.003625
14341,1,0.687928,0.003854
14342,1,0.687225,0.004050
14343,1,0.686518,0.004217
14344,1,0.685806,0.004354
14345,1,0.685088,0.004464
14346,1,0.684366,0.004550
14347,1,0.683638,0.004613
14348,1,0.682905,0.004655
14349,1,0.682168,0.004680
14350,1,0.681426,0.004689
14351,1,0.680679,0.004684
14352,1,0.679927,0.004667
14353,1,0.679170,0.004640
14354,1,0.678409,0.004603
14355,1,0.677643,0.004560
14356,1,0.676872,0.004510
14357,1,0.676097,0.004456
14358,1,0.675318,0.004397
14359,1,0.674534,0.004335
14360,1,0.673746,0.004271
14361,1,0.672953,0.004205
14362,1,0.672156,0.004137
14363,1,0.671355,0.004069
14364,1,0.670550,0.004001
14365,1,0.669741,0.003932
14366,1,0.668928,0.003864
14367,1,0.668111,0.003797
14368,1,0.667290,0.003730
14369,1,0.666465,0.003664
14370,1,0.665636,0.003600
14371,1,0.664804,0.003536
14372,1,0.663968,0.003474
14373,1,0.663128,0.003413
14374,1,0.662285,0.003354
14375,1,0.661439,0.003296
14376,1,0.660589,0.003239
14377,1,0.659736,0.003184
14378,0,0.658879,0.002547
14379,1,0.658158,0.002038
14380,1,0.657433,0.001630
14381,1,0.656704,0.001304
14382,1,0.655972,0.001043
14383,1,0.655237,0.000835
14384,1,0.654498,0.000668
14385,1,0.653755,0.000534
14386,1,0.653009,0.000427
14387,1,0.652260,0.000342
14388,1,0.651507,0.000384
14389,1,0.650751,0.000525
14390,1,0.649992,0.000728
14391,1,0.649230,0.000966
14392,1,0.648464,0.001219
14393,1,0.647695,0.001473
14394,1,0.646923,0.001717
14395,1,0.646148,0.001946
14396,1,0.645370,0.002156
14397,1,0.644589,0.002344
14398,1,0.643805,0.002509
14399,1,0.643018,0.002652
14400,1,0.642228,0.002773
14401,1,0.641435,0.002874
14402,1,0.640640,0.002955
14403,1,0.639842,0.003019
14404,1,0.639041,0.003067
14405,1,0.638237,0.003101
14406,1,0.637431,0.003123
14407,1,0.636622,0.003133
14408,1,0.635811,0.003133
14409,1,0.634997,0.003125
14410,1,0.634181,0.003110
14411,1,0.633362,0.003089
14412,1,0.632541,0.003063
14413,1,0.631718,0.003032
14414,1,0.630893,0.002998
14415,1,0.630065,0.002962
14416,1,0.629236,0.002923
14417,1,0.628404,0.002882
14418,0,0.627570,0.002306
14419,1,0.626871,0.001845
14420,1,0.626170,0.001476
14421,1,0.625466,0.001181
14422,1,0.624760,0.000944
14423,1,0.624051,0.000756
14424,1,0.623340,0.000604
14425,1,0.622627,0.000484
14426,1,0.621912,0.000387
14427,1,0.621194,0.000309
14428,1,0.620473,0.000301
14429,1,0.619751,0.000405
14430,1,0.619026,0.000580
14431,1,0.618299,0.000797
14432,1,0.617570,0.001035
14433,1,0.616838,0.001278
14434,1,0.616104,0.001516
14435,1,0.615369,0.001740
14436,0,0.614631,0.001392
14437,0,0.614023,0.001113
14438,1,0.613535,0.000891
14439,1,0.613045,0.000713
14440,1,0.612553,0.000570
14441,1,0.612058,0.000456
14442,1,0.611561,0.000365
14443,1,0.611061,0.000292
14444,1,0.610559,0.000233
14445,0,0.610054,0.000187
14446,1,0.609665,0.000149
14447,1,0.609272,0.000120
14448,1,0.608878,0.000096
14449,1,0.608480,0.000077
14450,1,0.608080,0.000061
14451,0,0.607677,0.000049
14452,0,0.607384,0.000039
14453,1,0.607192,0.000031
14454,1,0.606999,0.000025
14455,1,0.606803,0.000020
14456,1,0.606605,0.000016
14457,1,0.606405,0.000013
14458,1,0.606201,0.000010
14459,1,0.605995,0.000008
14460,1,0.605786,0.000007
14461,1,0.605574,0.000244
14462,1,0.605358,0.000668
14463,1,0.605139,0.001204
14464,1,0.604916,0.001796
14465,0,0.604689,0.001437
14466,1,0.604566,0.001149
14467,1,0.604438,0.000919
14468,1,0.604308,0.000736
14469,1,0.604173,0.000607
14470,1,0.604035,0.000763
14471,1,0.603893,0.001106
14472,1,0.603746,0.001564
14473,1,0.603595,0.002084
14474,1,0.603440,0.002626
14475,1,0.603280,0.003164
14476,1,0.603115,0.003678
14477,1,0.602945,0.004157
14478,1,0.602771,0.004593
14479,1,0.602591,0.004981
14480,0,0.602406,0.003985
14481,1,0.602327,0.003188
14482,1,0.602242,0.002550
14483,1,0.602153,0.002040
14484,1,0.602059,0.001698
14485,1,0.601960,0.001645
14486,1,0.601855,0.001788
14487,1,0.601745,0.002060
14488,1,0.601630,0.002409
14489,1,0.601509,0.002798
14490,1,0.601382,0.003199
14491,1,0.601249,0.003593
14492,1,0.601111,0.003967
14493,1,0.600967,0.004313
14494,0,0.600817,0.003450
14495,1,0.600772,0.002760
14496,1,0.600723,0.002208
14497,1,0.600668,0.001767
14498,1,0.600606,0.001413
14499,1,0.600539,0.001274
14500,1,0.600466,0.001359
14501,1,0.600387,0.001591
14502,1,0.600302,0.001917
14503,1,0.600210,0.002293
14504,1,0.600112,0.002691
14505,1,0.600007,0.003089
14506,1,0.599896,0.003472
14507,0,0.599778,0.002777
14508,1,0.599767,0.002222
14509,1,0.599750,0.001777
14510,1,0.599726,0.001422
14511,1,0.599696,0.001138
14512,1,0.599659,0.000983
14513,1,0.599616,0.001063
14514,1,0.599566,0.001299
14515,1,0.599510,0.001633
14516,1,0.599446,0.002023
14517,1,0.599376,0.002436
14518,1,0.599299,0.002850
14519,1,0.599215,0.003250
14520,1,0.599123,0.003624
14521,1,0.599025,0.003967
14522,1,0.598919,0.004275
14523,1,0.598807,0.004545
14524,1,0.598687,0.004780
14525,1,0.598560,0.004978
14526,1,0.598425,0.005143
14527,1,0.598284,0.005276
14528,1,0.598135,0.005380
14529,1,0.597979,0.005457
14530,1,0.597816,0.005511
14531,1,0.597646,0.005543
14532,1,0.597468,0.005557
14533,1,0.597283,0.005554
14534,1,0.597091,0.005536
14535,1,0.596892,0.005507
14536,1,0.596685,0.005466
14537,1,0.596472,0.005417
14538,1,0.596251,0.005360
14539,1,0.596023,0.005297
14540,1,0.595788,0.005228
14541,1,0.595547,0.005156
14542,1,0.595298,0.005080
14543,1,0.595042,0.005003
14544,1,0.594779,0.004923
14545,1,0.594510,0.004842
14546,1,0.594234,0.004761
14547,1,0.593951,0.004679
14548,1,0.593661,0.004598
14549,1,0.593364,0.004517
14550,1,0.593061,0.004437
14551,1,0.592751,0.004358
14552,1,0.592435,0.004280
14553,1,0.592113,0.004203
14554,1,0.591783,0.004128
14555,1,0.591448,0.004054
14556,1,0.591106,0.003981
14557,1,0.590758,0.003910
14558,1,0.590404,0.003841
14559,1,0.590044,0.003774
14560,1,0.589677,0.003708
14561,1,0.589305,0.003643
14562,1,0.588926,0.003581
14563,1,0.588542,0.003520
14564,1,0.588152,0.003460
14565,1,0.587756,0.003402
14566,1,0.587354,0.003345
14567,1,0.586947,0.003290
14568,1,0.586534,0.003237
14569,1,0.586116,0.003185
14570,1,0.585692,0.003134
14571,0,0.585263,0.002507
14572,1,0.584961,0.002006
14573,1,0.584654,0.001604
14574,0,0.584341,0.001284
14575,1,0.584146,0.001027
14576,1,0.583947,0.000821
14577,1,0.583741,0.000657
14578,1,0.583530,0.000526
14579,1,0.583314,0.000421
14580,1,0.583092,0.000336
14581,1,0.582864,0.000269
14582,1,0.582631,0.000215
14583,1,0.582393,0.000172
14584,1,0.582148,0.000155
14585,1,0.581898,0.000311
14586,1,0.581643,0.000577
14587,1,0.581382,0.000910
14588,1,0.581115,0.001274
14589,1,0.580843,0.001646
14590,1,0.580565,0.002010
14591,1,0.580282,0.002354
14592,1,0.579993,0.002671
14593,1,0.579698,0.002957
14594,1,0.579398,0.003209
14595,0,0.579093,0.002568
14596,1,0.578907,0.002054
14597,1,0.578715,0.001643
14598,1,0.578517,0.001315
14599,1,0.578314,0.001052
14600,1,0.578106,0.000841
14601,1,0.577892,0.000673
14602,1,0.577673,0.000586
14603,1,0.577448,0.000677
14604,0,0.577218,0.000541
14605,1,0.577101,0.000433
14606,1,0.576980,0.000346
14607,1,0.576853,0.000277
14608,1,0.576720,0.000222
14609,1,0.576582,0.000177
14610,1,0.576438,0.000142
14611,1,0.576289,0.000146
14612,1,0.576135,0.000335
14613,1,0.575975,0.000644
14614,1,0.575809,0.001023
14615,1,0.575637,0.001436
14616,1,0.575460,0.001856
14617,1,0.575277,0.002266
14618,1,0.575088,0.002653
14619,1,0.574894,0.003009
14620,1,0.574694,0.003331
14621,1,0.574488,0.003616
14622,1,0.574276,0.003863
14623,1,0.574059,0.004074
14624,1,0.573836,0.004251
14625,1,0.573607,0.004394
14626,1,0.573373,0.004509
14627,1,0.573133,0.004595
14628,1,0.572887,0.004658
14629,1,0.572635,0.004699
14630,1,0.572378,0.004720
14631,1,0.572116,0.004725
14632,1,0.571847,0.004715
14633,1,0.571573,0.004693
14634,1,0.571294,0.004660
14635,1,0.571009,0.004618
14636,1,0.570719,0.004568
14637,1,0.570423,0.004513
14638,1,0.570121,0.004452
14639,1,0.569815,0.004388
14640,0,0.569503,0.003510
14641,1,0.569311,0.002808
14642,1,0.569114,0.002247
14643,1,0.568912,0.001797
14644,1,0.568705,0.001438
14645,1,0.568492,0.001150
14646,1,0.568274,0.000920
14647,1,0.568050,0.000736
14648,1,0.567821,0.000627
14649,1,0.567587,0.000678
14650,1,0.567347,0.000834
14651,0,0.567102,0.000667
14652,1,0.566973,0.000534
14653,1,0.566838,0.000427
14654,1,0.566699,0.000342
14655,1,0.566554,0.000273
14656,1,0.566403,0.000219
14657,1,0.566248,0.000175
14658,1,0.566087,0.000140
14659,1,0.565920,0.000219
14660,1,0.565748,0.000437
14661,1,0.565571,0.000743
14662,1,0.565388,0.001097
14663,1,0.565200,0.001471
14664,1,0.565006,0.001844
14665,1,0.564807,0.002203
14666,1,0.564602,0.002540
14667,1,0.564392,0.002847
14668,1,0.564176,0.003122
14669,1,0.563955,0.003363
14670,1,0.563729,0.003572
14671,1,0.563497,0.003749
14672,1,0.563259,0.003896
14673,1,0.563017,0.004015
14674,1,0.562768,0.004108
14675,1,0.562515,0.004178
14676,1,0.562256,0.004227
14677,1,0.561992,0.004258
14678,1,0.561722,0.004272
14679,1,0.561447,0.004272
14680,1,0.561167,0.004260
14681,1,0.560882,0.004237
14682,1,0.560592,0.004206
14683,1,0.560296,0.004167
14684,1,0.559996,0.004122
14685,1,0.559690,0.004071
14686,1,0.559379,0.004017
14687,1,0.559064,0.003960
14688,1,0.558743,0.003900
14689,1,0.558417,0.003838
14690,1,0.558087,0.003775
14691,1,0.557752,0.003712
14692,1,0.557411,0.003648
14693,1,0.557066,0.003584
14694,1,0.556717,0.003521
14695,1,0.556363,0.003458
14696,1,0.556004,0.003396
14697,1,0.555640,0.003335
14698,1,0.555272,0.003275
14699,1,0.554899,0.003217
14700,1,0.554522,0.003159
14701,1,0.554141,0.003103
14702,0,0.553755,0.002482
14703,1,0.553494,0.001986
14704,1,0.553229,0.001589
14705,1,0.552959,0.001271
14706,1,0.552684,0.001017
14707,1,0.552405,0.000813
14708,1,0.552122,0.000651
14709,1,0.551833,0.000521
14710,1,0.551541,0.000416
14711,1,0.551244,0.000333
14712,1,0.550942,0.000356
14713,1,0.550636,0.000483
14714,1,0.550326,0.000676
14715,1,0.550011,0.000906
14716,1,0.549692,0.001153
14717,1,0.549369,0.001402
14718,1,0.549041,0.001644
14719,1,0.548709,0.001871
14720,1,0.548373,0.002079
14721,1,0.548032,0.002267
14722,1,0.547688,0.002432
14723,1,0.547339,0.002575
14724,1,0.546986,0.002696
14725,1,0.546629,0.002797
14726,1,0.546268,0.002879
14727,1,0.545903,0.002943
14728,1,0.545534,0.002992
14729,1,0.545160,0.003026
14730,1,0.544784,0.003048
14731,1,0.544403,0.003058
14732,1,0.544018,0.003059
14733,1,0.543630,0.003052
14734,1,0.543237,0.003038
14735,1,0.542841,0.003017
14736,1,0.542442,0.002991
14737,1,0.542038,0.002961
14738,1,0.541631,0.002928
14739,1,0.541221,0.002892
14740,1,0.540807,0.002854
14741,1,0.540389,0.002814
14742,1,0.539968,0.002773
14743,1,0.539544,0.002731
14744,1,0.539116,0.002688
14745,1,0.538685,0.002646
14746,1,0.538251,0.002603
14747,1,0.537813,0.002561
14748,1,0.537372,0.002519
14749,1,0.536928,0.002478
14750,1,0.536481,0.002437
14751,1,0.536031,0.002397
14752,1,0.535577,0.002358
14753,1,0.535121,0.002320
14754,1,0.534662,0.002283
14755,1,0.534200,0.002246
14756,1,0.533734,0.002211
14757,1,0.533267,0.002176
14758,1,0.532796,0.002143
14759,1,0.532322,0.002110
14760,1,0.531846,0.002078
14761,1,0.531367,0.002047
14762,1,0.530886,0.002017
14763,0,0.530401,0.001614
14764,1,0.530046,0.001291
14765,1,0.529687,0.001033
14766,1,0.529325,0.000826
14767,1,0.528960,0.000661
14768,1,0.528592,0.000529
14769,0,0.528222,0.000423
14770,1,0.527971,0.000338
14771,1,0.527718,0.000271
14772,1,0.527462,0.000217
14773,1,0.527202,0.000173
14774,1,0.526939,0.000139
14775,1,0.526673,0.000111
14776,1,0.526404,0.000089
14777,1,0.526132,0.000071
14778,1,0.525857,0.000057
14779,1,0.525578,0.000046
14780,1,0.525296,0.000190
14781,1,0.525011,0.000433
14782,1,0.524723,0.000733
14783,1,0.524431,0.001060
14784,1,0.524137,0.001393
14785,1,0.523839,0.001717
14786,1,0.523538,0.002021
14787,0,0.523233,0.001617
14788,1,0.523046,0.001294
14789,1,0.522856,0.001035
14790,1,0.522662,0.000828
14791,1,0.522466,0.000662
14792,1,0.522265,0.000530
14793,1,0.522062,0.000424
14794,1,0.521855,0.000339
14795,1,0.521645,0.000352
14796,1,0.521431,0.000509
14797,1,0.521214,0.000756
14798,1,0.520994,0.001055
14799,1,0.520770,0.001378
14800,0,0.520542,0.001102
14801,1,0.520428,0.000882
14802,1,0.520310,0.000705
14803,1,0.520190,0.000564
14804,1,0.520065,0.000451
14805,1,0.519937,0.000361
14806,1,0.519806,0.000289
14807,1,0.519670,0.000231
14808,1,0.519532,0.000343
14809,1,0.519389,0.000580
14810,1,0.519243,0.000893
14811,1,0.519093,0.001246
14812,1,0.518939,0.001613
14813,1,0.518782,0.001976
14814,1,0.518620,0.002321
14815,1,0.518455,0.002641
14816,1,0.518286,0.002931
14817,1,0.518113,0.003188
14818,1,0.517937,0.003412
14819,1,0.517756,0.003604
14820,1,0.517571,0.003764
14821,1,0.517383,0.003895
14822,1,0.517191,0.003998
14823,1,0.516994,0.004077
14824,1,0.516794,0.004134
14825,1,0.516590,0.004170
14826,0,0.516382,0.003336
14827,1,0.516289,0.002669
14828,0,0.516192,0.002135
14829,1,0.516201,0.001708
14830,1,0.516207,0.001367
14831,1,0.516210,0.001093
14832,1,0.516209,0.000875
14833,1,0.516203,0.000700
14834,0,0.516194,0.000560
14835,1,0.516287,0.000448
14836,1,0.516376,0.000358
14837,1,0.516462,0.000287
14838,1,0.516544,0.000229
14839,1,0.516622,0.000183
14840,1,0.516696,0.000147
14841,1,0.516765,0.000117
14842,1,0.516831,0.000187
14843,1,0.516892,0.000454
14844,1,0.516949,0.000844
14845,1,0.517001,0.001304
14846,1,0.517048,0.001795
14847,1,0.517091,0.002288
14848,1,0.517129,0.002764
14849,1,0.517162,0.003211
14850,0,0.517190,0.002568
14851,1,0.517322,0.002055
14852,1,0.517449,0.001644
14853,1,0.517571,0.001315
14854,1,0.517689,0.001052
14855,1,0.517802,0.000861
14856,1,0.517910,0.000917
14857,1,0.518013,0.001139
14858,1,0.518111,0.001465
14859,1,0.518203,0.001850
14860,1,0.518290,0.002260
14861,1,0.518372,0.002673
14862,1,0.518449,0.003071
14863,1,0.518520,0.003444
14864,1,0.518586,0.003785
14865,1,0.518646,0.004090
14866,1,0.518700,0.004358
14867,1,0.518749,0.004588
14868,1,0.518792,0.004783
14869,1,0.518830,0.004943
14870,1,0.518861,0.005071
14871,1,0.518887,0.005170
14872,1,0.518908,0.005243
14873,1,0.518922,0.005291
14874,1,0.518930,0.005319
14875,1,0.518933,0.005327
14876,1,0.518930,0.005320
14877,1,0.518921,0.005298
14878,1,0.518906,0.005264
14879,1,0.518886,0.005220
14880,0,0.518859,0.004176
14881,1,0.518943,0.003341
14882,1,0.519021,0.002673
14883,1,0.519094,0.002138
14884,1,0.519161,0.001711
14885,1,0.519222,0.001368
14886,1,0.519277,0.001095
14887,1,0.519327,0.000947
14888,1,0.519370,0.000979
14889,1,0.519408,0.001132
14890,1,0.519440,0.001361
14891,1,0.519465,0.001634
14892,1,0.519485,0.001927
14893,1,0.519499,0.002222
14894,0,0.519507,0.001778
14895,1,0.519623,0.001422
14896,1,0.519734,0.001138
14897,1,0.519839,0.000910
14898,1,0.519938,0.000728
14899,1,0.520031,0.000582
14900,0,0.520119,0.000466
14901,1,0.520310,0.000373
14902,1,0.520495,0.000298
14903,1,0.520674,0.000239
14904,1,0.520848,0.000191
14905,1,0.521016,0.000153
14906,1,0.521178,0.000122
14907,1,0.521334,0.000098
14908,1,0.521484,0.000283
14909,1,0.521627,0.000607
14910,1,0.521765,0.001014
14911,1,0.521896,0.001462
14912,1,0.522021,0.001924
14913,1,0.522139,0.002376
14914,0,0.522251,0.001901
14915,1,0.522467,0.001521
14916,1,0.522676,0.001217
14917,1,0.522879,0.000973
14918,1,0.523077,0.000779
14919,1,0.523267,0.000623
14920,1,0.523452,0.000654
14921,1,0.523630,0.000863
14922,1,0.523801,0.001185
14923,1,0.523966,0.001573
14924,1,0.524124,0.001992
14925,1,0.524275,0.002416
14926,1,0.524420,0.002828
14927,1,0.524558,0.003216
14928,1,0.524689,0.003573
14929,1,0.524813,0.003894
14930,1,0.524930,0.004178
14931,1,0.525040,0.004423
14932,1,0.525143,0.004633
14933,1,0.525240,0.004807
14934,1,0.525329,0.004948
14935,1,0.525411,0.005059
14936,1,0.525487,0.005143
14937,1,0.525555,0.005202
14938,1,0.525616,0.005239
14939,1,0.525670,0.005257
14940,1,0.525718,0.005257
14941,1,0.525758,0.005243
14942,1,0.525791,0.005216
14943,1,0.525818,0.005178
14944,1,0.525837,0.005131
14945,1,0.525850,0.005076
14946,1,0.525855,0.005015
14947,1,0.525854,0.004949
14948,1,0.525846,0.004879
14949,1,0.525831,0.004805
14950,1,0.525809,0.004729
14951,1,0.525780,0.004652
14952,1,0.525745,0.004573
14953,1,0.525703,0.004494
14954,1,0.525654,0.004415
14955,1,0.525599,0.004336
14956,1,0.525537,0.004258
14957,1,0.525468,0.004180
14958,1,0.525393,0.004104
14959,1,0.525312,0.004029
14960,1,0.525224,0.003955
14961,1,0.525129,0.003882
14962,1,0.525029,0.003812
14963,1,0.524921,0.003742
14964,1,0.524808,0.003675
14965,1,0.524688,0.003609
14966,1,0.524563,0.003544
14967,1,0.524431,0.003482
14968,0,0.524293,0.002785
14969,1,0.524274,0.002228
14970,1,0.524249,0.001783
14971,1,0.524218,0.001426
14972,1,0.524180,0.001141
14973,1,0.524137,0.000913
14974,0,0.524087,0.000730
14975,1,0.524150,0.000584
14976,1,0.524207,0.000467
14977,1,0.524258,0.000374
14978,1,0.524303,0.000299
14979,1,0.524342,0.000239
14980,1,0.524375,0.000191
14981,1,0.524402,0.000153
14982,1,0.524423,0.000122
14983,1,0.524437,0.000141
14984,1,0.524446,0.000321
14985,1,0.524448,0.000604
14986,0,0.524444,0.000483
14987,1,0.524550,0.000386
14988,1,0.524650,0.000309
14989,1,0.524743,0.000247
14990,1,0.524831,0.000198
14991,1,0.524913,0.000158
14992,1,0.524988,0.000127
14993,1,0.525058,0.000165
14994,1,0.525121,0.000377
14995,1,0.525178,0.000699
14996,1,0.525229,0.001084
14997,1,0.525274,0.001497
14998,1,0.525312,0.001914
14999,1,0.525344,0.002319
15000,1,0.525370,0.002699
15001,1,0.525389,0.003048
15002,1,0.525403,0.003361
15003,1,0.525409,0.003637
15004,1,0.525410,0.003876
15005,1,0.525404,0.004079
15006,1,0.525392,0.004248
15007,1,0.525373,0.004385
15008,1,0.525349,0.004492
15009,1,0.525318,0.004573
15010,1,0.525280,0.004630
15011,1,0.525237,0.004666
15012,1,0.525187,0.004683
15013,1,0.525131,0.004684
15014,1,0.525069,0.004670
15015,1,0.525001,0.004645
15016,1,0.524926,0.004610
15017,1,0.524846,0.004565
15018,1,0.524759,0.004514
15019,1,0.524666,0.004457
15020,1,0.524568,0.004395
15021,1,0.524463,0.004330
15022,1,0.524352,0.004262
15023,1,0.524236,0.004192
15024,1,0.524113,0.004120
15025,1,0.523985,0.004048
15026,1,0.523850,0.003976
15027,1,0.523710,0.003903
15028,1,0.523565,0.003831
15029,1,0.523413,0.003760
15030,1,0.523256,0.003690
15031,1,0.523094,0.003620
15032,1,0.522925,0.003553
15033,1,0.522752,0.003486
15034,1,0.522572,0.003421
15035,1,0.522388,0.003358
15036,1,0.522197,0.003296
15037,1,0.522002,0.003236
15038,1,0.521801,0.003177
15039,1,0.521595,0.003120
15040,1,0.521384,0.003065
15041,1,0.521168,0.003011
15042,1,0.520946,0.002959
15043,1,0.520719,0.002908
15044,1,0.520488,0.002859
15045,1,0.520251,0.002811
15046,1,0.520010,0.002765
15047,1,0.519763,0.002720
15048,1,0.519512,0.002676
15049,1,0.519256,0.002634
15050,1,0.518995,0.002593
15051,1,0.518730,0.002553
15052,1,0.518460,0.002514
15053,1,0.518185,0.002476
15054,1,0.517906,0.002440
15055,1,0.517623,0.002404
15056,0,0.517335,0.001923
15057,1,0.517171,0.001539
15058,1,0.517002,0.001231
15059,1,0.516828,0.000985
15060,1,0.516650,0.000788
15061,1,0.516468,0.000630
15062,1,0.516280,0.000504
15063,1,0.516088,0.000403
15064,1,0.515892,0.000323
15065,1,0.515691,0.000258
15066,1,0.515485,0.000207
15067,1,0.515275,0.000268
15068,1,0.515060,0.000413
15069,1,0.514841,0.000610
15070,1,0.514618,0.000834
15071,1,0.514390,0.001069
15072,1,0.514158,0.001301
15073,1,0.513922,0.001524
15074,1,0.513681,0.001731
15075,1,0.513436,0.001919
15076,1,0.513187,0.002087
15077,1,0.512933,0.002234
15078,1,0.512676,0.002360
15079,1,0.512414,0.002466
15080,1,0.512148,0.002553
15081,1,0.511879,0.002623
15082,1,0.511605,0.002677
15083,1,0.511327,0.002717
15084,1,0.511045,0.002744
15085,1,0.510760,0.002760
15086,1,0.510470,0.002766
15087,1,0.510177,0.002763
15088,1,0.509880,0.002753
15089,1,0.509579,0.002737
15090,1,0.509274,0.002716
15091,1,0.508966,0.002691
15092,1,0.508654,0.002661
15093,1,0.508339,0.002629
15094,1,0.508020,0.002595
15095,1,0.507698,0.002559
15096,1,0.507372,0.002522
15097,1,0.507042,0.002483
15098,1,0.506709,0.002445
15099,1,0.506373,0.002406
15100,1,0.506034,0.002367
15101,1,0.505691,0.002328
15102,1,0.505345,0.002289
15103,1,0.504996,0.002251
15104,1,0.504643,0.002214
15105,1,0.504288,0.002177
15106,1,0.503929,0.002141
15107,1,0.503567,0.002106
15108,1,0.503202,0.002072
15109,1,0.502835,0.002039
15110,1,0.502464,0.002006
15111,1,0.502091,0.001975
15112,1,0.501714,0.001944
15113,1,0.501335,0.001914
15114,1,0.500953,0.001885
15115,1,0.500568,0.001857
15116,0,0.500181,0.001486
15117,1,0.499919,0.001188
15118,1,0.499654,0.000951
15119,1,0.499386,0.000761
15120,1,0.499115,0.000608
15121,1,0.498840,0.000487
15122,1,0.498563,0.000389
15123,1,0.498283,0.000312
15124,1,0.497999,0.000249
15125,1,0.497713,0.000199
15126,1,0.497423,0.000160
15127,1,0.497131,0.000132
15128,0,0.496835,0.000106
15129,1,0.496659,0.000084
15130,1,0.496480,0.000068
15131,1,0.496297,0.000054
15132,1,0.496111,0.000043
15133,1,0.495922,0.000035
15134,1,0.495730,0.000028
15135,1,0.495535,0.000022
15136,1,0.495337,0.000018
15137,1,0.495135,0.000014
15138,1,0.494930,0.000116
15139,1,0.494722,0.000320
15140,1,0.494511,0.000587
15141,1,0.494296,0.000885
15142,1,0.494079,0.001192
15143,1,0.493858,0.001494
15144,1,0.493634,0.001781
15145,1,0.493407,0.002045
15146,1,0.493177,0.002284
15147,1,0.492944,0.002494
15148,1,0.492707,0.002676
15149,1,0.492468,0.002830
15150,1,0.492225,0.002959
15151,1,0.491979,0.003062
15152,1,0.491730,0.003143
15153,1,0.491478,0.003203
15154,1,0.491223,0.003245
15155,1,0.490965,0.003271
15156,1,0.490704,0.003283
15157,1,0.490440,0.003282
15158,1,0.490173,0.003270
15159,1,0.489903,0.003250
15160,1,0.489631,0.003222
15161,1,0.489355,0.003188
15162,1,0.489076,0.003148
15163,1,0.488795,0.003105
15164,1,0.488510,0.003058
15165,1,0.488223,0.003009
15166,1,0.487933,0.002958
15167,1,0.487640,0.002906
15168,1,0.487344,0.002853
15169,1,0.487046,0.002800
15170,1,0.486745,0.002746
15171,1,0.486441,0.002694
15172,1,0.486135,0.002642
15173,1,0.485826,0.002591
15174,1,0.485514,0.002540
15175,1,0.485200,0.002491
15176,1,0.484883,0.002443
15177,1,0.484563,0.002396
15178,1,0.484241,0.002351
15179,1,0.483917,0.002307
15180,1,0.483590,0.002264
15181,1,0.483260,0.002223
15182,1,0.482928,0.002183
15183,1,0.482594,0.002144
15184,1,0.482257,0.002107
15185,0,0.481918,0.001685
15186,1,0.481701,0.001348
15187,1,0.481481,0.001079
15188,1,0.481258,0.000863
15189,1,0.481032,0.000690
15190,0,0.480804,0.000552
15191,1,0.480689,0.000442
15192,1,0.480572,0.000353
15193,1,0.480453,0.000283
15194,1,0.480330,0.000226
15195,1,0.480205,0.000181
15196,1,0.480077,0.000145
15197,1,0.479945,0.000116
15198,1,0.479811,0.000093
15199,1,0.479674,0.000074
15200,1,0.479534,0.000059
15201,1,0.479392,0.000165
15202,1,0.479246,0.000384
15203,1,0.479097,0.000671
15204,1,0.478945,0.000994
15205,1,0.478790,0.001328
15206,1,0.478632,0.001656
15207,1,0.478471,0.001967
15208,1,0.478307,0.002254
15209,1,0.478141,0.002513
15210,1,0.477971,0.002741
15211,1,0.477798,0.002939
15212,1,0.477622,0.003106
15213,1,0.477443,0.003244
15214,1,0.477261,0.003356
15215,1,0.477076,0.003443
15216,1,0.476887,0.003508
15217,1,0.476696,0.003552
15218,1,0.476502,0.003579
15219,1,0.476305,0.003590
15220,1,0.476105,0.003588
15221,1,0.475902,0.003574
15222,1,0.475696,0.003551
15223,1,0.475487,0.003519
15224,1,0.475275,0.003480
15225,1,0.475061,0.003436
15226,1,0.474843,0.003387
15227,1,0.474622,0.003334
15228,1,0.474399,0.003279
15229,1,0.474173,0.003223
15230,1,0.473943,0.003164
15231,1,0.473711,0.003106
15232,1,0.473476,0.003046
15233,0,0.473239,0.002437
15234,1,0.473118,0.001950
15235,1,0.472993,0.001560
15236,1,0.472866,0.001248
15237,1,0.472736,0.000998
15238,1,0.472603,0.000799
15239,1,0.472467,0.000639
15240,1,0.472327,0.000511
15241,1,0.472185,0.000409
15242,1,0.472040,0.000327
15243,1,0.471891,0.000314
15244,1,0.471740,0.000413
15245,1,0.471585,0.000585
15246,1,0.471428,0.000799
15247,1,0.471267,0.001034
15248,1,0.471104,0.001274
15249,1,0.470937,0.001509
15250,1,0.470767,0.001731
15251,1,0.470595,0.001935
15252,1,0.470419,0.002119
15253,1,0.470240,0.002281
15254,1,0.470059,0.002422
15255,1,0.469874,0.002541
15256,1,0.469686,0.002641
15257,1,0.469496,0.002721
15258,1,0.469302,0.002784
15259,1,0.469105,0.002832
15260,1,0.468906,0.002866
15261,1,0.468704,0.002887
15262,1,0.468498,0.002897
15263,1,0.468290,0.002897
15264,1,0.468079,0.002890
15265,1,0.467865,0.002875
15266,1,0.467648,0.002854
15267,1,0.467429,0.002829
15268,1,0.467206,0.002799
15269,1,0.466981,0.002766
15270,1,0.466753,0.002730
15271,1,0.466522,0.002693
15272,1,0.466289,0.002653
15273,1,0.466053,0.002613
15274,1,0.465814,0.002572
15275,1,0.465572,0.002530
15276,1,0.465328,0.002489
15277,1,0.465081,0.002447
15278,1,0.464832,0.002406
15279,1,0.464580,0.002366
15280,1,0.464325,0.002326
15281,1,0.464068,0.002286
15282,1,0.463808,0.002248
15283,1,0.463546,0.002210
15284,1,0.463281,0.002174
15285,1,0.463014,0.002138
15286,1,0.462745,0.002103
15287,1,0.462473,0.002069
15288,1,0.462198,0.002036
15289,1,0.461921,0.002004
15290,1,0.461642,0.001973
15291,1,0.461361,0.001943
15292,1,0.461077,0.001913
15293,1,0.460791,0.001885
15294,1,0.460503,0.001857
15295,1,0.460212,0.001831
15296,1,0.459920,0.001805
15297,1,0.459625,0.001780
15298,1,0.459328,0.001755
15299,1,0.459028,0.001731
15300,1,0.458727,0.001708
15301,1,0.458424,0.001686
15302,1,0.458118,0.001664
15303,1,0.457811,0.001643
15304,1,0.457501,0.001623
15305,1,0.457190,0.001602
15306,1,0.456876,0.001583
15307,1,0.456561,0.001564
15308,1,0.456243,0.001545
15309,1,0.455924,0.001527
15310,1,0.455603,0.001510
15311,1,0.455280,0.001493
15312,1,0.454955,0.001476
15313,1,0.454628,0.001459
15314,1,0.454300,0.001443
15315,1,0.453970,0.001428
15316,1,0.453638,0.001412
15317,1,0.453304,0.001397
15318,1,0.452969,0.001383
15319,1,0.452632,0.001368
15320,1,0.452293,0.001354
15321,1,0.451953,0.001340
15322,1,0.451611,0.001327
15323,1,0.451267,0.001314
15324,1,0.450922,0.001301
15325,1,0.450576,0.001288
15326,1,0.450228,0.001275
15327,1,0.449878,0.001263
15328,1,0.449527,0.001251
15329,1,0.449175,0.001239
15330,1,0.448821,0.001227
15331,1,0.448466,0.001215
15332,1,0.448109,0.001204
15333,1,0.447751,0.001193
15334,1,0.447392,0.001182
15335,1,0.447031,0.001171
15336,1,0.446669,0.001160
15337,1,0.446306,0.001150
15338,1,0.445942,0.001140
15339,1,0.445576,0.001129
15340,1,0.445209,0.001119
15341,1,0.444841,0.001109
15342,1,0.444472,0.001100
15343,1,0.444101,0.001090
15344,1,0.443730,0.001081
15345,1,0.443357,0.001071
15346,1,0.442983,0.001062
15347,1,0.442609,0.001053
15348,1,0.442233,0.001044
15349,1,0.441856,0.001035
15350,1,0.441478,0.001027
15351,1,0.441099,0.001018
15352,1,0.440719,0.001009
15353,1,0.440339,0.001001
15354,1,0.439957,0.000993
15355,1,0.439574,0.000985
15356,1,0.439191,0.000977
15357,1,0.438806,0.000969
15358,1,0.438421,0.000961
15359,0,0.438035,0.000769
15360,1,0.437770,0.000615
15361,1,0.437504,0.000492
15362,1,0.437237,0.000393
15363,1,0.436968,0.000315
15364,1,0.436698,0.000252
15365,1,0.436426,0.000201
15366,1,0.436153,0.000161
15367,1,0.435878,0.000129
15368,1,0.435602,0.000103
15369,1,0.435325,0.000083
15370,1,0.435047,0.000066
15371,1,0.434767,0.000053
15372,1,0.434485,0.000096
15373,1,0.434203,0.000207
15374,1,0.433919,0.000359
15375,1,0.433633,0.000533
15376,1,0.433347,0.000714
15377,1,0.433059,0.000893
15378,1,0.432770,0.001063
15379,1,0.432479,0.001220
15380,1,0.432188,0.001362
15381,1,0.431895,0.001486
15382,1,0.431601,0.001594
15383,1,0.431305,0.001684
15384,1,0.431009,0.001759
15385,1,0.430711,0.001818
15386,1,0.430412,0.001864
15387,1,0.430112,0.001898
15388,1,0.429811,0.001920
15389,1,0.429508,0.001933
15390,1,0.429205,0.001937
15391,1,0.428900,0.001934
15392,1,0.428594,0.001925
15393,1,0.428287,0.001910
15394,1,0.427979,0.001891
15395,1,0.427670,0.001869
15396,1,0.427360,0.001844
15397,1,0.427049,0.001816
15398,1,0.426737,0.001787
15399,1,0.426423,0.001756
15400,1,0.426109,0.001725
15401,1,0.425794,0.001693
15402,1,0.425478,0.001661
15403,1,0.425160,0.001629
15404,1,0.424842,0.001597
15405,1,0.424523,0.001565
15406,1,0.424203,0.001535
15407,1,0.423882,0.001504
15408,1,0.423560,0.001475
15409,1,0.423237,0.001446
15410,1,0.422914,0.001419
15411,1,0.422589,0.001392
15412,1,0.422264,0.001366
15413,1,0.421938,0.001341
15414,1,0.421611,0.001316
15415,1,0.421283,0.001293
15416,1,0.420954,0.001271
15417,1,0.420624,0.001249
15418,1,0.420294,0.001229
15419,1,0.419963,0.001209
15420,1,0.419631,0.001190
15421,0,0.419299,0.000952
15422,1,0.419083,0.000761
15423,1,0.418866,0.000609
15424,1,0.418648,0.000487
15425,1,0.418429,0.000390
15426,1,0.418208,0.000312
15427,1,0.417986,0.000249
15428,1,0.417763,0.000200
15429,1,0.417538,0.000160
15430,1,0.417313,0.000128
15431,1,0.417086,0.000102
15432,1,0.416858,0.000082
15433,1,0.416628,0.000065
15434,1,0.416398,0.000130
15435,1,0.416166,0.000256
15436,0,0.415933,0.000205
15437,1,0.415810,0.000164
15438,1,0.415687,0.000131
15439,1,0.415562,0.000105
15440,1,0.415435,0.000084
15441,1,0.415307,0.000067
15442,1,0.415177,0.000054
15443,1,0.415046,0.000043
15444,1,0.414913,0.000034
15445,0,0.414778,0.000027
15446,1,0.414749,0.000022
15447,1,0.414718,0.000018
15448,1,0.414686,0.000014
15449,1,0.414652,0.000011
15450,1,0.414616,0.000009
15451,0,0.414578,0.000007
15452,1,0.414640,0.000006
15453,1,0.414701,0.000005
15454,1,0.414760,0.000004
15455,1,0.414817,0.000003
15456,1,0.414873,0.000002
15457,1,0.414926,0.000002
15458,1,0.414978,0.000002
15459,1,0.415027,0.000001
15460,1,0.415075,0.000128
15461,1,0.415121,0.000403
15462,1,0.415164,0.000766
15463,1,0.415205,0.001175
15464,1,0.415244,0.001600
15465,1,0.415281,0.002017
15466,1,0.415315,0.002413
15467,1,0.415347,0.002778
15468,1,0.415377,0.003107
15469,1,0.415404,0.003397
15470,1,0.415428,0.003647
15471,1,0.415451,0.003858
15472,0,0.415470,0.003086
15473,1,0.415590,0.002469
15474,1,0.415708,0.001975
15475,1,0.415823,0.001580
15476,1,0.415935,0.001264
15477,1,0.416046,0.001011
15478,1,0.416153,0.000809
15479,1,0.416258,0.000708
15480,1,0.416360,0.000785
15481,1,0.416459,0.000979
15482,1,0.416556,0.001245
15483,1,0.416650,0.001549
15484,1,0.416741,0.001867
15485,1,0.416829,0.002183
15486,1,0.416914,0.002484
15487,1,0.416996,0.002763
15488,1,0.417075,0.003016
15489,1,0.417151,0.003240
15490,1,0.417224,0.003434
15491,1,0.417294,0.003599
15492,1,0.417361,0.003737
15493,1,0.417425,0.003847
15494,1,0.417485,0.003934
15495,1,0.417543,0.003999
15496,1,0.417597,0.004043
15497,1,0.417648,0.004070
15498,1,0.417696,0.004081
15499,1,0.417740,0.004079
15500,1,0.417781,0.004065
15501,1,0.417819,0.004041
15502,1,0.417854,0.004008
15503,1,0.417886,0.003968
15504,1,0.417914,0.003923
15505,1,0.417939,0.003872
15506,1,0.417960,0.003818
15507,1,0.417979,0.003761
15508,1,0.417994,0.003701
15509,1,0.418005,0.003640
15510,1,0.418014,0.003578
15511,1,0.418019,0.003516
15512,1,0.418021,0.003453
15513,1,0.418019,0.003391
15514,1,0.418015,0.003329
15515,1,0.418007,0.003268
15516,1,0.417996,0.003207
15517,1,0.417981,0.003148
15518,1,0.417963,0.003090
15519,1,0.417942,0.003033
15520,1,0.417918,0.002978
15521,1,0.417891,0.002924
15522,1,0.417860,0.002871
15523,1,0.417826,0.002820
15524,1,0.417789,0.002770
15525,1,0.417749,0.002722
15526,1,0.417705,0.002675
15527,1,0.417659,0.002630
15528,1,0.417609,0.002586
15529,1,0.417556,0.002543
15530,1,0.417500,0.002501
15531,1,0.417441,0.002461
15532,1,0.417379,0.002422
15533,1,0.417314,0.002384
15534,1,0.417246,0.002347
15535,1,0.417175,0.002312
15536,1,0.417100,0.002277
15537,1,0.417023,0.002243
15538,1,0.416943,0.002211
15539,1,0.416859,0.002179
15540,1,0.416773,0.002148
15541,1,0.416684,0.002118
15542,1,0.416592,0.002089
15543,1,0.416497,0.002061
15544,1,0.416399,0.002033
15545,1,0.416299,0.002006
15546,1,0.416195,0.001980
15547,1,0.416089,0.001954
15548,1,0.415980,0.001930
15549,1,0.415868,0.001905
15550,1,0.415753,0.001882
15551,1,0.415636,0.001858
15552,1,0.415516,0.001836
15553,1,0.415393,0.001814
15554,1,0.415267,0.001792
15555,1,0.415139,0.001771
15556,1,0.415009,0.001750
15557,1,0.414875,0.001730
15558,1,0.414739,0.001710
15559,1,0.414601,0.001691
15560,1,0.414460,0.001672
15561,1,0.414316,0.001653
15562,1,0.414170,0.001635
15563,1,0.414022,0.001617
15564,1,0.413871,0.001599
15565,1,0.413717,0.001582
15566,1,0.413562,0.001565
15567,1,0.413403,0.001548
15568,1,0.413243,0.001532
15569,1,0.413080,0.001516
15570,1,0.412914,0.001500
15571,1,0.412747,0.001485
15572,1,0.412577,0.001469
15573,1,0.412405,0.001454
15574,1,0.412231,0.001440
15575,1,0.412054,0.001425
15576,0,0.411875,0.001140
15577,1,0.411810,0.000912
15578,1,0.411742,0.000730
15579,1,0.411672,0.000584
15580,1,0.411599,0.000467
15581,1,0.411523,0.000374
15582,1,0.411445,0.000299
15583,1,0.411365,0.000239
15584,1,0.411282,0.000191
15585,1,0.411196,0.000153
15586,1,0.411108,0.000122
15587,1,0.411018,0.000098
15588,1,0.410925,0.000124
15589,1,0.410829,0.000233
15590,1,0.410731,0.000392
15591,1,0.410631,0.000581
15592,1,0.410528,0.000781
15593,1,0.410423,0.000981
15594,1,0.410315,0.001174
15595,1,0.410205,0.001354
15596,1,0.410092,0.001517
15597,1,0.409977,0.001663
15598,1,0.409860,0.001790
15599,1,0.409740,0.001898
15600,1,0.409618,0.001989
15601,1,0.409494,0.002063
15602,1,0.409368,0.002122
15603,1,0.409239,0.002167
15604,1,0.409107,0.002200
15605,1,0.408974,0.002221
15606,1,0.408838,0.002232
15607,1,0.408700,0.002235
15608,1,0.408560,0.002230
15609,1,0.408418,0.002219
15610,1,0.408273,0.002203
15611,1,0.408126,0.002183
15612,1,0.407977,0.002159
15613,1,0.407826,0.002131
15614,0,0.407673,0.001705
15615,1,0.407630,0.001364
15616,1,0.407586,0.001091
15617,1,0.407538,0.000873
15618,1,0.407489,0.000698
15619,1,0.407437,0.000559
15620,1,0.407382,0.000447
15621,1,0.407326,0.000358
15622,1,0.407266,0.000286
15623,1,0.407205,0.000229
15624,1,0.407140,0.000183
15625,1,0.407074,0.000172
15626,1,0.407005,0.000262
15627,1,0.406934,0.000418
15628,1,0.406860,0.000611
15629,1,0.406784,0.000822
15630,1,0.406705,0.001037
15631,1,0.406624,0.001246
15632,1,0.406541,0.001443
15633,1,0.406455,0.001624
15634,1,0.406367,0.001786
15635,1,0.406277,0.001928
15636,1,0.406184,0.002050
15637,1,0.406089,0.002153
15638,1,0.405991,0.002238
15639,1,0.405891,0.002306
15640,1,0.405789,0.002359
15641,1,0.405685,0.002397
15642,1,0.405578,0.002423
15643,1,0.405469,0.002438
15644,1,0.405358,0.002444
15645,1,0.405245,0.002441
15646,1,0.405129,0.002431
15647,1,0.405011,0.002415
15648,1,0.404891,0.002394
15649,1,0.404768,0.002368
15650,1,0.404644,0.002340
15651,1,0.404517,0.002308
15652,1,0.404388,0.002275
15653,1,0.404257,0.002240
15654,0,0.404123,0.001792
15655,1,0.404099,0.001434
15656,1,0.404073,0.001147
15657,1,0.404044,0.000918
15658,1,0.404013,0.000734
15659,0,0.403980,0.000587
15660,1,0.404050,0.000470
15661,1,0.404117,0.000376
15662,1,0.404182,0.000301
15663,1,0.404244,0.000241
15664,1,0.404304,0.000192
15665,1,0.404362,0.000154
15666,1,0.404416,0.000123
15667,1,0.404469,0.000099
15668,1,0.404518,0.000079
15669,1,0.404565,0.000063
15670,1,0.404610,0.000168
15671,0,0.404651,0.000134
15672,1,0.404793,0.000107
15673,1,0.404932,0.000086
15674,1,0.405068,0.000069
15675,1,0.405201,0.000055
15676,1,0.405332,0.000044
15677,1,0.405461,0.000035
15678,1,0.405586,0.000028
15679,1,0.405709,0.000092
15680,1,0.405828,0.000308
15681,1,0.405945,0.000620
15682,1,0.406059,0.000983
15683,1,0.406170,0.001369
15684,0,0.406278,0.001095
15685,1,0.406483,0.000876
15686,1,0.406686,0.000701
15687,1,0.406885,0.000561
15688,1,0.407082,0.000449
15689,1,0.407276,0.000359
15690,1,0.407466,0.000287
15691,1,0.407654,0.000295
15692,1,0.407838,0.000475
15693,1,0.408020,0.000764
15694,1,0.408198,0.001116
15695,1,0.408372,0.001498
15696,0,0.408544,0.001198
15697,1,0.408810,0.000959
15698,1,0.409074,0.000767
15699,1,0.409335,0.000614
15700,1,0.409592,0.000491
15701,1,0.409846,0.000393
15702,1,0.410096,0.000314
15703,1,0.410344,0.000390
15704,1,0.410587,0.000620
15705,1,0.410827,0.000946
15706,1,0.411064,0.001326
15707,1,0.411297,0.001728
15708,0,0.411526,0.001383
15709,1,0.411849,0.001106
15710,1,0.412168,0.000885
15711,1,0.412485,0.000708
15712,1,0.412797,0.000566
15713,1,0.413106,0.000453
15714,1,0.413411,0.000377
15715,1,0.413712,0.000511
15716,1,0.414010,0.000784
15717,1,0.414303,0.001142
15718,1,0.414593,0.001543
15719,1,0.414878,0.001959
15720,1,0.415159,0.002370
15721,1,0.415436,0.002762
15722,1,0.415708,0.003125
15723,1,0.415976,0.003455
15724,1,0.416240,0.003748
15725,1,0.416499,0.004004
15726,1,0.416754,0.004224
15727,1,0.417005,0.004408
15728,1,0.417250,0.004559
15729,1,0.417492,0.004679
15730,1,0.417728,0.004771
15731,1,0.417960,0.004838
15732,1,0.418187,0.004883
15733,1,0.418410,0.004907
15734,1,0.418627,0.004914
15735,0,0.418841,0.003931
15736,1,0.419152,0.003145
15737,1,0.419460,0.002516
15738,1,0.419763,0.002013
15739,1,0.420061,0.001610
15740,1,0.420355,0.001288
15741,1,0.420644,0.001031
15742,1,0.420928,0.000884
15743,1,0.421208,0.000919
15744,1,0.421482,0.001075
15745,1,0.421752,0.001308
15746,1,0.422017,0.001585
15747,1,0.422277,0.001881
15748,1,0.422532,0.002180
15749,1,0.422782,0.002468
15750,1,0.423026,0.002739
15751,1,0.423266,0.002986
15752,1,0.423501,0.003208
15753,1,0.423731,0.003403
15754,1,0.423955,0.003572
15755,1,0.424175,0.003714
15756,1,0.424389,0.003831
15757,1,0.424598,0.003925
15758,1,0.424802,0.003999
15759,1,0.425001,0.004052
15760,1,0.425195,0.004089
15761,1,0.425384,0.004110
15762,1,0.425567,0.004118
15763,1,0.425746,0.004114
15764,1,0.425919,0.004099
15765,1,0.426087,0.004076
15766,1,0.426250,0.004045
15767,1,0.426407,0.004008
15768,1,0.426560,0.003966
15769,1,0.426708,0.003920
15770,1,0.426850,0.003870
15771,1,0.426987,0.003817
15772,1,0.427120,0.003762
15773,1,0.427247,0.003706
15774,1,0.427369,0.003649
15775,1,0.427486,0.003591
15776,1,0.427599,0.003532
15777,1,0.427706,0.003474
15778,1,0.427808,0.003416
15779,1,0.427905,0.003359
15780,0,0.427997,0.002687
15781,1,0.428197,0.002150
15782,1,0.428392,0.001720
15783,1,0.428582,0.001376
15784,1,0.428766,0.001101
15785,1,0.428946,0.000881
15786,1,0.429121,0.000704
15787,1,0.429291,0.000564
15788,1,0.429457,0.000451
15789,1,0.429617,0.000369
15790,1,0.429772,0.000428
15791,1,0.429922,0.000582
15792,1,0.430067,0.000794
15793,1,0.430208,0.001038
15794,1,0.430343,0.001295
15795,1,0.430473,0.001551
15796,1,0.430599,0.001796
15797,1,0.430719,0.002025
15798,1,0.430835,0.002234
15799,1,0.430946,0.002421
15800,1,0.431052,0.002585
15801,1,0.431153,0.002726
15802,1,0.431249,0.002845
15803,1,0.431340,0.002944
15804,1,0.431426,0.003023
15805,1,0.431508,0.003085
15806,0,0.431585,0.002468
15807,0,0.431769,0.001974
15808,1,0.432054,0.001580
15809,1,0.432333,0.001264
15810,1,0.432609,0.001011
15811,1,0.432880,0.000809
15812,1,0.433146,0.000647
15813,1,0.433407,0.000518
15814,1,0.433664,0.000414
15815,1,0.433915,0.000331
15816,1,0.434162,0.000265
15817,1,0.434404,0.000212
15818,1,0.434642,0.000296
15819,1,0.434874,0.000525
15820,1,0.435101,0.000844
15821,1,0.435323,0.001211
15822,1,0.435540,0.001597
15823,1,0.435752,0.001982
15824,1,0.435959,0.002350
15825,1,0.436161,0.002693
15826,1,0.436357,0.003005
15827,1,0.436549,0.003282
15828,1,0.436735,0.003525
15829,1,0.436916,0.003732
15830,1,0.437092,0.003906
15831,1,0.437263,0.004048
15832,1,0.437428,0.004162
15833,1,0.437589,0.004248
15834,0,0.437744,0.003399
15835,1,0.438003,0.002719
15836,1,0.438257,0.002175
15837,1,0.438505,0.001740
15838,1,0.438749,0.001392
15839,1,0.438988,0.001114
15840,1,0.439221,0.000891
15841,1,0.439449,0.000717
15842,1,0.439672,0.000735
15843,1,0.439890,0.000882
15844,1,0.440103,0.001111
15845,0,0.440310,0.000889
15846,1,0.440618,0.000711
15847,1,0.440921,0.000569
15848,1,0.441219,0.000455
15849,1,0.441511,0.000364
15850,1,0.441799,0.000291
15851,1,0.442081,0.000233
15852,1,0.442358,0.000198
15853,1,0.442630,0.000348
15854,1,0.442896,0.000619
15855,1,0.443157,0.000962
15856,1,0.443413,0.001341
15857,1,0.443663,0.001731
15858,1,0.443907,0.002114
15859,1,0.444146,0.002478
15860,1,0.444380,0.002814
15861,1,0.444607,0.003119
15862,1,0.444830,0.003389
15863,1,0.445046,0.003625
15864,1,0.445257,0.003827
15865,1,0.445462,0.003996
15866,1,0.445662,0.004135
15867,1,0.445856,0.004246
15868,1,0.446045,0.004331
15869,1,0.446227,0.004393
15870,1,0.446404,0.004434
15871,1,0.446576,0.004457
15872,1,0.446741,0.004464
15873,1,0.446901,0.004457
15874,1,0.447056,0.004438
15875,1,0.447205,0.004409
15876,1,0.447348,0.004372
15877,1,0.447485,0.004327
15878,1,0.447617,0.004277
15879,0,0.447744,0.003421
15880,1,0.447977,0.002737
15881,1,0.448204,0.002190
15882,1,0.448427,0.001752
15883,1,0.448643,0.001401
15884,1,0.448854,0.001121
15885,1,0.449060,0.000897
15886,1,0.449260,0.000717
15887,1,0.449454,0.000604
15888,1,0.449643,0.000651
15889,1,0.449827,0.000805
15890,1,0.450004,0.001026
15891,1,0.450176,0.001285
15892,0,0.450343,0.001028
15893,1,0.450613,0.000822
15894,1,0.450878,0.000658
15895,1,0.451138,0.000526
15896,0,0.451392,0.000421
15897,1,0.451744,0.000337
15898,1,0.452091,0.000270
15899,1,0.452433,0.000216
15900,1,0.452770,0.000172
15901,1,0.453102,0.000138
15902,1,0.453428,0.000110
15903,1,0.453748,0.000088
15904,1,0.454063,0.000071
15905,1,0.454372,0.000241
15906,1,0.454675,0.000552
15907,1,0.454973,0.000949
15908,1,0.455265,0.001388
15909,1,0.455551,0.001840
15910,1,0.455831,0.002284
15911,1,0.456105,0.002706
15912,1,0.456373,0.003097
15913,1,0.456635,0.003450
15914,1,0.456891,0.003764
15915,1,0.457141,0.004037
15916,1,0.457385,0.004271
15917,1,0.457622,0.004467
15918,1,0.457854,0.004627
15919,1,0.458079,0.004755
15920,1,0.458299,0.004853
15921,1,0.458512,0.004924
15922,1,0.458718,0.004971
15923,1,0.458919,0.004997
15924,1,0.459114,0.005004
15925,0,0.459302,0.004003
15926,1,0.459595,0.003203
15927,1,0.459882,0.002562
15928,1,0.460163,0.002050
15929,1,0.460437,0.001640
15930,1,0.460706,0.001312
15931,1,0.460969,0.001049
15932,1,0.461225,0.000911
15933,1,0.461476,0.000951
15934,1,0.461720,0.001111
15935,1,0.461958,0.001347
15936,1,0.462189,0.001625
15937,1,0.462415,0.001922
15938,1,0.462634,0.002220
15939,0,0.462847,0.001776
15940,1,0.463163,0.001421
15941,1,0.463473,0.001136
15942,1,0.463777,0.000909
15943,1,0.464075,0.000727
15944,1,0.464366,0.000582
15945,1,0.464652,0.000465
15946,1,0.464931,0.000448
15947,1,0.465204,0.000599
15948,1,0.465471,0.000860
15949,1,0.465731,0.001185
15950,1,0.465985,0.001542
15951,0,0.466233,0.001234
15952,1,0.466581,0.000987
15953,1,0.466924,0.000789
15954,1,0.467261,0.000632
15955,1,0.467591,0.000505
15956,1,0.467915,0.000404
15957,1,0.468233,0.000323
15958,1,0.468544,0.000409
15959,1,0.468849,0.000646
15960,1,0.469148,0.000977
15961,1,0.469440,0.001360
15962,1,0.469725,0.001764
15963,1,0.470004,0.002169
15964,1,0.470276,0.002558
15965,1,0.470542,0.002922
15966,1,0.470801,0.003254
15967,1,0.471053,0.003552
15968,1,0.471299,0.003814
15969,1,0.471537,0.004041
15970,1,0.471769,0.004232
15971,1,0.471995,0.004391
15972,1,0.472213,0.004520
15973,1,0.472425,0.004621
15974,1,0.472630,0.004696
15975,1,0.472828,0.004749
15976,1,0.473020,0.004781
15977,1,0.473205,0.004796
15978,1,0.473383,0.004795
15979,1,0.473554,0.004781
15980,1,0.473719,0.004755
15981,1,0.473877,0.004720
15982,1,0.474028,0.004676
15983,1,0.474172,0.004625
15984,1,0.474310,0.004569
15985,1,0.474442,0.004508
15986,1,0.474567,0.004443
15987,1,0.474685,0.004376
15988,1,0.474796,0.004307
15989,1,0.474901,0.004237
15990,1,0.475000,0.004165
15991,1,0.475092,0.004093
15992,1,0.475178,0.004021
15993,1,0.475257,0.003950
15994,1,0.475330,0.003879
15995,1,0.475397,0.003809
15996,1,0.475457,0.003740
15997,1,0.475512,0.003672
15998,1,0.475559,0.003606
15999,1,0.475601,0.003541
16000,1,0.475637,0.003477
16001,1,0.475666,0.003415
16002,1,0.475690,0.003354
16003,1,0.475707,0.003295
16004,1,0.475718,0.003237
16005,1,0.475724,0.003181
16006,1,0.475723,0.003127
16007,1,0.475717,0.003073
16008,1,0.475705,0.003022
16009,1,0.475687,0.002972
16010,1,0.475664,0.002923
16011,1,0.475634,0.002875
16012,1,0.475599,0.002829
16013,1,0.475559,0.002784
16014,1,0.475513,0.002741
16015,1,0.475461,0.002698
16016,1,0.475404,0.002657
16017,1,0.475342,0.002617
16018,1,0.475274,0.002578
16019,1,0.475201,0.002540
16020,1,0.475123,0.002503
16021,1,0.475039,0.002467
16022,1,0.474950,0.002432
16023,1,0.474857,0.002397
16024,1,0.474758,0.002364
16025,1,0.474654,0.002331
16026,1,0.474545,0.002300
16027,1,0.474431,0.002269
16028,1,0.474312,0.002239
16029,1,0.474189,0.002209
16030,1,0.474060,0.002180
16031,1,0.473927,0.002152
16032,1,0.473789,0.002124
16033,1,0.473647,0.002097
16034,1,0.473500,0.002071
16035,1,0.473348,0.002045
16036,1,0.473192,0.002020
16037,1,0.473031,0.001995
16038,1,0.472866,0.001971
16039,1,0.472697,0.001947
16040,1,0.472523,0.001924
16041,1,0.472345,0.001901
16042,1,0.472163,0.001879
16043,1,0.471977,0.001857
16044,1,0.471786,0.001836
16045,1,0.471592,0.001815
16046,1,0.471393,0.001794
16047,1,0.471191,0.001774
16048,1,0.470984,0.001754
16049,1,0.470774,0.001734
16050,1,0.470559,0.001715
16051,1,0.470341,0.001696
16052,1,0.470119,0.001678
16053,1,0.469894,0.001660
16054,1,0.469664,0.001642
16055,1,0.469432,0.001624
16056,1,0.469195,0.001607
16057,1,0.468955,0.001590
16058,1,0.468712,0.001573
16059,1,0.468465,0.001557
16060,1,0.468214,0.001541
16061,1,0.467960,0.001525
16062,1,0.467703,0.001509
16063,1,0.467443,0.001494
16064,1,0.467179,0.001479
16065,1,0.466913,0.001464
16066,1,0.466643,0.001449
16067,1,0.466369,0.001435
16068,1,0.466093,0.001420
16069,1,0.465814,0.001406
16070,1,0.465532,0.001393
16071,1,0.465247,0.001379
16072,1,0.464959,0.001366
16073,1,0.464668,0.001352
16074,1,0.464374,0.001339
16075,1,0.464077,0.001327
16076,1,0.463778,0.001314
16077,1,0.463476,0.001302
16078,1,0.463171,0.001289
16079,1,0.462864,0.001277
16080,1,0.462554,0.001265
16081,1,0.462241,0.001254
16082,1,0.461926,0.001242
16083,1,0.461609,0.001231
16084,1,0.461289,0.001219
16085,1,0.460966,0.001208
16086,1,0.460641,0.001197
16087,1,0.460314,0.001187
16088,1,0.459985,0.001176
16089,1,0.459653,0.001165
16090,1,0.459319,0.001155
16091,1,0.458983,0.001145
16092,1,0.458644,0.001135
16093,1,0.458304,0.001125
16094,1,0.457961,0.001115
16095,1,0.457616,0.001105
16096,1,0.457270,0.001096
16097,1,0.456921,0.001086
16098,1,0.456570,0.001077
16099,0,0.456218,0.000862
16100,1,0.455989,0.000689
16101,1,0.455758,0.000551
16102,1,0.455525,0.000441
16103,1,0.455289,0.000353
16104,1,0.455051,0.000282
16105,1,0.454810,0.000226
16106,1,0.454567,0.000181
16107,1,0.454321,0.000145
16108,1,0.454073,0.000116
16109,1,0.453823,0.000093
16110,1,0.453570,0.000074
16111,1,0.453315,0.000059
16112,1,0.453057,0.000122
16113,1,0.452798,0.000247
16114,1,0.452536,0.000410
16115,1,0.452272,0.000592
16116,0,0.452005,0.000474
16117,1,0.451857,0.000379
16118,1,0.451706,0.000303
16119,0,0.451552,0.000243
16120,1,0.451509,0.000194
16121,1,0.451463,0.000155
16122,1,0.451414,0.000124
16123,1,0.451363,0.000099
16124,1,0.451309,0.000079
16125,1,0.451253,0.000064
16126,1,0.451194,0.000051
16127,1,0.451131,0.000041
16128,1,0.451067,0.000033
16129,1,0.450999,0.000026
16130,1,0.450928,0.000122
16131,0,0.450855,0.000098
16132,1,0.450888,0.000078
16133,1,0.450918,0.000062
16134,1,0.450946,0.000050
16135,1,0.450970,0.000040
16136,1,0.450992,0.000032
16137,1,0.451011,0.000026
16138,0,0.451027,0.000020
16139,1,0.451144,0.000016
16140,1,0.451258,0.000013
16141,1,0.451370,0.000010
16142,1,0.451479,0.000008
16143,1,0.451585,0.000007
16144,1,0.451687,0.000005
16145,1,0.451787,0.000004
16146,1,0.451883,0.000198
16147,1,0.451976,0.000532
16148,1,0.452066,0.000947
16149,1,0.452153,0.001402
16150,1,0.452236,0.001866
16151,1,0.452315,0.002319
16152,1,0.452391,0.002746
16153,1,0.452463,0.003137
16154,1,0.452532,0.003489
16155,1,0.452597,0.003799
16156,1,0.452658,0.004066
16157,1,0.452716,0.004292
16158,1,0.452770,0.004478
16159,1,0.452820,0.004628
16160,1,0.452866,0.004744
16161,1,0.452908,0.004830
16162,1,0.452947,0.004888
16163,1,0.452982,0.004923
16164,1,0.453012,0.004936
16165,1,0.453039,0.004931
16166,1,0.453062,0.004910
16167,1,0.453081,0.004876
16168,1,0.453096,0.004830
16169,1,0.453107,0.004776
16170,1,0.453114,0.004713
16171,1,0.453117,0.004644
16172,1,0.453116,0.004570
16173,1,0.453112,0.004493
16174,1,0.453103,0.004413
16175,1,0.453090,0.004331
16176,0,0.453073,0.003465
16177,1,0.453164,0.002772
16178,1,0.453252,0.002218
16179,1,0.453335,0.001774
16180,1,0.453415,0.001419
16181,1,0.453490,0.001135
16182,1,0.453562,0.000908
16183,1,0.453629,0.000727
16184,1,0.453693,0.000581
16185,1,0.453752,0.000601
16186,1,0.453807,0.000735
16187,1,0.453858,0.000941
16188,1,0.453905,0.001188
16189,1,0.453947,0.001454
16190,0,0.453986,0.001163
16191,1,0.454129,0.000931
16192,1,0.454269,0.000745
16193,1,0.454405,0.000596
16194,1,0.454536,0.000477
16195,1,0.454664,0.000381
16196,1,0.454787,0.000305
16197,1,0.454906,0.000244
16198,1,0.455021,0.000282
16199,1,0.455131,0.000462
16200,1,0.455237,0.000731
16201,1,0.455339,0.001050
16202,1,0.455436,0.001392
16203,1,0.455529,0.001737
16204,1,0.455617,0.002071
16205,1,0.455701,0.002385
16206,1,0.455780,0.002672
16207,1,0.455855,0.002930
16208,1,0.455925,0.003158
16209,1,0.455991,0.003354
16210,1,0.456053,0.003521
16211,1,0.456109,0.003660
16212,1,0.456161,0.003772
16213,1,0.456209,0.003860
16214,1,0.456252,0.003927
16215,1,0.456291,0.003973
16216,1,0.456325,0.004003
16217,1,0.456354,0.004016
16218,1,0.456379,0.004017
16219,1,0.456399,0.004006
16220,1,0.456415,0.003985
16221,1,0.456427,0.003956
16222,1,0.456433,0.003919
16223,1,0.456436,0.003877
16224,1,0.456434,0.003830
16225,1,0.456427,0.003779
16226,1,0.456416,0.003725
16227,0,0.456400,0.002980
16228,1,0.456495,0.002384
16229,1,0.456585,0.001907
16230,1,0.456671,0.001526
16231,1,0.456752,0.001221
16232,1,0.456829,0.000977
16233,1,0.456901,0.000781
16234,1,0.456969,0.000625
16235,1,0.457033,0.000500
16236,1,0.457091,0.000465
16237,1,0.457146,0.000559
16238,1,0.457195,0.000738
16239,1,0.457240,0.000967
16240,1,0.457281,0.001221
16241,1,0.457317,0.001484
16242,1,0.457348,0.001743
16243,1,0.457375,0.001989
16244,1,0.457398,0.002216
16245,1,0.457416,0.002422
16246,1,0.457429,0.002605
16247,1,0.457438,0.002764
16248,1,0.457442,0.002900
16249,1,0.457442,0.003014
16250,1,0.457437,0.003108
16251,1,0.457428,0.003182
16252,1,0.457414,0.003239
16253,1,0.457396,0.003280
16254,1,0.457374,0.003307
16255,1,0.457347,0.003321
16256,1,0.457315,0.003325
16257,1,0.457280,0.003320
16258,1,0.457240,0.003306
16259,1,0.457195,0.003285
16260,1,0.457147,0.003259
16261,1,0.457094,0.003227
16262,1,0.457036,0.003192
16263,1,0.456975,0.003154
16264,1,0.456909,0.003113
16265,1,0.456839,0.003070
16266,0,0.456765,0.002456
16267,1,0.456804,0.001965
16268,1,0.456839,0.001572
16269,1,0.456870,0.001257
16270,1,0.456896,0.001006
16271,1,0.456918,0.000805
16272,1,0.456935,0.000644
16273,1,0.456949,0.000515
16274,0,0.456958,0.000412
16275,1,0.457075,0.000330
16276,1,0.457187,0.000264
16277,1,0.457295,0.000211
16278,1,0.457399,0.000169
16279,1,0.457499,0.000135
16280,1,0.457594,0.000108
16281,1,0.457685,0.000086
16282,1,0.457772,0.000069
16283,1,0.457854,0.000100
16284,1,0.457932,0.000280
16285,1,0.458006,0.000554
16286,0,0.458075,0.000443
16287,1,0.458248,0.000355
16288,1,0.458417,0.000284
16289,1,0.458582,0.000227
16290,1,0.458742,0.000182
16291,1,0.458898,0.000145
16292,1,0.459049,0.000116
16293,1,0.459196,0.000093
16294,1,0.459339,0.000248
16295,1,0.459477,0.000527
16296,1,0.459610,0.000879
16297,0,0.459738,0.000703
16298,0,0.459968,0.000563
16299,1,0.460293,0.000450
16300,1,0.460614,0.000360
16301,1,0.460930,0.000288
16302,1,0.461243,0.000230
16303,1,0.461552,0.000184
16304,1,0.461856,0.000147
16305,1,0.462155,0.000118
16306,1,0.462451,0.000094
16307,1,0.462741,0.000197
16308,1,0.463026,0.000492
16309,1,0.463307,0.000908
16310,1,0.463583,0.001389
16311,1,0.463853,0.001898
16312,1,0.464119,0.002406
16313,1,0.464379,0.002895
16314,1,0.464634,0.003351
16315,1,0.464883,0.003768
16316,1,0.465127,0.004140
16317,1,0.465366,0.004466
16318,1,0.465599,0.004747
16319,1,0.465827,0.004984
16320,1,0.466048,0.005180
16321,1,0.466265,0.005336
16322,1,0.466475,0.005458
16323,1,0.466680,0.005548
16324,0,0.466879,0.004438
16325,1,0.467179,0.003551
16326,1,0.467474,0.002841
16327,1,0.467764,0.002272
16328,1,0.468048,0.001818
16329,1,0.468326,0.001454
16330,1,0.468598,0.001272
16331,1,0.468865,0.001294
16332,1,0.469126,0.001452
16333,1,0.469381,0.001698
16334,1,0.469630,0.001993
16335,1,0.469873,0.002311
16336,1,0.470110,0.002633
16337,1,0.470341,0.002944
16338,1,0.470566,0.003236
16339,1,0.470785,0.003504
16340,1,0.470998,0.003744
16341,1,0.471204,0.003954
16342,1,0.471405,0.004135
16343,1,0.471599,0.004287
16344,1,0.471787,0.004412
16345,1,0.471969,0.004511
16346,1,0.472144,0.004588
16347,1,0.472313,0.004643
16348,1,0.472476,0.004678
16349,1,0.472633,0.004697
16350,1,0.472783,0.004702
16351,1,0.472928,0.004693
16352,1,0.473066,0.004672
16353,1,0.473198,0.004642
16354,1,0.473323,0.004604
16355,1,0.473443,0.004559
16356,1,0.473556,0.004508
16357,1,0.473663,0.004452
16358,1,0.473764,0.004393
16359,1,0.473859,0.004331
16360,1,0.473947,0.004266
16361,1,0.474030,0.004200
16362,1,0.474106,0.004133
16363,1,0.474177,0.004065
16364,1,0.474241,0.003996
16365,1,0.474300,0.003928
16366,1,0.474352,0.003861
16367,1,0.474399,0.003794
16368,1,0.474439,0.003727
16369,1,0.474474,0.003662
16370,1,0.474503,0.003598
16371,1,0.474526,0.003535
16372,1,0.474543,0.003473
16373,1,0.474555,0.003413
16374,1,0.474561,0.003354
16375,1,0.474561,0.003296
16376,1,0.474556,0.003240
16377,1,0.474545,0.003185
16378,1,0.474528,0.003132
16379,1,0.474506,0.003079
16380,1,0.474478,0.003029
16381,1,0.474445,0.002979
16382,1,0.474406,0.002931
16383,1,0.474362,0.002884
16384,1,0.474313,0.002839
16385,1,0.474259,0.002795
16386,1,0.474199,0.002751
16387,0,0.474134,0.002201
16388,1,0.474185,0.001761
16389,1,0.474231,0.001409
16390,1,0.474272,0.001127
16391,1,0.474308,0.000902
16392,1,0.474338,0.000721
16393,1,0.474362,0.000577
16394,1,0.474382,0.000462
16395,1,0.474396,0.000369
16396,1,0.474405,0.000295
16397,1,0.474409,0.000283
16398,1,0.474408,0.000384
16399,1,0.474401,0.000558
16400,1,0.474389,0.000775
16401,1,0.474372,0.001014
16402,1,0.474350,0.001258
16403,1,0.474323,0.001497
16404,1,0.474291,0.001724
16405,1,0.474254,0.001932
16406,1,0.474212,0.002121
16407,1,0.474165,0.002288
16408,1,0.474112,0.002433
16409,1,0.474055,0.002558
16410,1,0.473993,0.002661
16411,1,0.473927,0.002746
16412,1,0.473855,0.002814
16413,1,0.473778,0.002865
16414,1,0.473697,0.002903
16415,1,0.473611,0.002927
16416,1,0.473521,0.002941
16417,1,0.473425,0.002944
16418,1,0.473325,0.002939
16419,1,0.473221,0.002927
16420,1,0.473112,0.002909
16421,1,0.472998,0.002886
16422,1,0.472880,0.002858
16423,1,0.472757,0.002827
16424,1,0.472630,0.002792
16425,1,0.472499,0.002756
16426,1,0.472363,0.002718
16427,1,0.472223,0.002679
16428,1,0.472079,0.002638
16429,1,0.471930,0.002598
16430,1,0.471777,0.002557
16431,1,0.471620,0.002516
16432,1,0.471459,0.002475
16433,1,0.471294,0.002435
16434,1,0.471125,0.002395
16435,1,0.470952,0.002356
16436,1,0.470775,0.002317
16437,1,0.470594,0.002279
16438,1,0.470409,0.002242
16439,1,0.470220,0.002206
16440,1,0.470027,0.002171
16441,1,0.469831,0.002137
16442,1,0.469631,0.002103
16443,1,0.469427,0.002071
16444,1,0.469219,0.002039
16445,1,0.469008,0.002008
16446,1,0.468793,0.001979
16447,1,0.468575,0.001950
16448,1,0.468353,0.001921
16449,1,0.468128,0.001894
16450,1,0.467900,0.001868
16451,1,0.467667,0.001842
16452,1,0.467432,0.001817
16453,1,0.467193,0.001792
16454,1,0.466951,0.001768
16455,1,0.466706,0.001745
16456,1,0.466458,0.001723
16457,1,0.466206,0.001701
16458,1,0.465951,0.001680
16459,1,0.465693,0.001659
16460,1,0.465432,0.001639
16461,1,0.465169,0.001619
16462,1,0.464902,0.001600
16463,1,0.464632,0.001581
16464,1,0.464359,0.001563
16465,1,0.464083,0.001545
16466,1,0.463805,0.001527
16467,1,0.463524,0.001510
16468,1,0.463240,0.001494
16469,1,0.462953,0.001477
16470,1,0.462664,0.001461
16471,1,0.462371,0.001446
16472,1,0.462077,0.001430
16473,1,0.461779,0.001415
16474,1,0.461479,0.001401
16475,1,0.461177,0.001386
16476,1,0.460872,0.001372
16477,1,0.460565,0.001358
16478,1,0.460255,0.001344
16479,1,0.459943,0.001331
16480,1,0.459629,0.001318
16481,1,0.459312,0.001305
16482,1,0.458993,0.001292
16483,1,0.458671,0.001280
16484,0,0.458348,0.001024
16485,1,0.458147,0.000819
16486,1,0.457944,0.000655
16487,1,0.457738,0.000524
16488,1,0.457529,0.000419
16489,1,0.457317,0.000335
16490,1,0.457103,0.000268
16491,1,0.456886,0.000215
16492,1,0.456667,0.000172
16493,1,0.456445,0.000137
16494,1,0.456220,0.000110
16495,1,0.455993,0.000088
16496,1,0.455763,0.000090
16497,1,0.455531,0.000181
16498,1,0.455296,0.000327
16499,1,0.455059,0.000506
16500,1,0.454819,0.000699
16501,1,0.454577,0.000894
16502,0,0.454332,0.000716
16503,1,0.454205,0.000572
16504,1,0.454074,0.000458
16505,1,0.453941,0.000366
16506,1,0.453805,0.000293
16507,1,0.453667,0.000234
16508,1,0.453526,0.000188
16509,1,0.453382,0.000150
16510,1,0.453235,0.000120
16511,1,0.453085,0.000096
16512,1,0.452933,0.000111
16513,1,0.452779,0.000241
16514,1,0.452621,0.000442
16515,1,0.452461,0.000683
16516,1,0.452298,0.000943
16517,1,0.452132,0.001204
16518,1,0.451964,0.001456
16519,1,0.451793,0.001691
16520,1,0.451620,0.001905
16521,1,0.451443,0.002096
16522,1,0.451265,0.002262
16523,1,0.451083,0.002405
16524,1,0.450899,0.002523
16525,1,0.450713,0.002620
16526,1,0.450523,0.002697
16527,1,0.450331,0.002754
16528,1,0.450137,0.002796
16529,1,0.449940,0.002822
16530,1,0.449741,0.002835
16531,1,0.449539,0.002837
16532,1,0.449334,0.002829
16533,1,0.449128,0.002813
16534,1,0.448918,0.002790
16535,1,0.448706,0.002761
16536,1,0.448492,0.002728
16537,1,0.448275,0.002690
16538,1,0.448056,0.002650
16539,0,0.447835,0.002120
16540,1,0.447729,0.001696
16541,1,0.447620,0.001357
16542,1,0.447508,0.001085
16543,1,0.447394,0.000868
16544,1,0.447277,0.000695
16545,1,0.447158,0.000556
16546,1,0.447036,0.000445
16547,1,0.446911,0.000356
16548,1,0.446784,0.000285
16549,1,0.446654,0.000228
16550,1,0.446521,0.000282
16551,1,0.446386,0.000420
16552,1,0.446248,0.000611
16553,1,0.446107,0.000829
16554,1,0.445964,0.001057
16555,1,0.445818,0.001284
16556,1,0.445669,0.001500
16557,1,0.445518,0.001701
16558,1,0.445365,0.001884
16559,1,0.445208,0.002045
16560,1,0.445049,0.002186
16561,1,0.444887,0.002306
16562,1,0.444723,0.002407
16563,1,0.444557,0.002489
16564,1,0.444387,0.002553
16565,1,0.444215,0.002602
16566,1,0.444041,0.002637
16567,1,0.443864,0.002660
16568,0,0.443685,0.002128
16569,1,0.443618,0.001702
16570,1,0.443549,0.001362
16571,1,0.443477,0.001089
16572,0,0.443402,0.000872
16573,1,0.443434,0.000697
16574,1,0.443463,0.000558
16575,1,0.443489,0.000446
16576,1,0.443512,0.000357
16577,1,0.443533,0.000286
16578,1,0.443551,0.000228
16579,1,0.443566,0.000183
16580,1,0.443578,0.000146
16581,1,0.443587,0.000117
16582,0,0.443593,0.000094
16583,1,0.443702,0.000075
16584,1,0.443807,0.000060
16585,1,0.443910,0.000048
16586,1,0.444010,0.000038
16587,1,0.444107,0.000031
16588,1,0.444201,0.000025
16589,1,0.444292,0.000020
16590,1,0.444380,0.000127
16591,1,0.444464,0.000387
16592,1,0.444545,0.000741
16593,1,0.444623,0.001146
16594,1,0.444698,0.001569
16595,0,0.444769,0.001255
16596,1,0.444940,0.001004
16597,1,0.445108,0.000803
16598,1,0.445273,0.000642
16599,1,0.445435,0.000514
16600,1,0.445594,0.000411
16601,1,0.445748,0.000329
16602,1,0.445900,0.000435
16603,1,0.446048,0.000687
16604,1,0.446192,0.001030
16605,1,0.446332,0.001422
16606,1,0.446469,0.001831
16607,1,0.446602,0.002237
16608,1,0.446731,0.002625
16609,1,0.446856,0.002986
16610,0,0.446977,0.002389
16611,1,0.447198,0.001911
16612,1,0.447415,0.001529
16613,1,0.447628,0.001223
16614,1,0.447838,0.000978
16615,1,0.448044,0.000783
16616,1,0.448245,0.000654
16617,1,0.448443,0.000736
16618,1,0.448636,0.000958
16619,1,0.448826,0.001266
16620,1,0.449011,0.001622
16621,1,0.449191,0.001997
16622,1,0.449368,0.002370
16623,1,0.449540,0.002728
16624,1,0.449707,0.003062
16625,1,0.449870,0.003366
16626,1,0.450029,0.003637
16627,1,0.450183,0.003873
16628,1,0.450332,0.004077
16629,1,0.450476,0.004247
16630,1,0.450616,0.004387
16631,1,0.450752,0.004499
16632,1,0.450882,0.004585
16633,1,0.451008,0.004647
16634,1,0.451129,0.004688
16635,1,0.451245,0.004710
16636,1,0.451357,0.004716
16637,1,0.451463,0.004707
16638,1,0.451565,0.004687
16639,1,0.451662,0.004655
16640,1,0.451755,0.004615
16641,1,0.451842,0.004568
16642,1,0.451925,0.004514
16643,1,0.452003,0.004455
16644,1,0.452076,0.004393
16645,1,0.452144,0.004327
16646,1,0.452207,0.004259
16647,1,0.452266,0.004189
16648,1,0.452319,0.004119
16649,1,0.452368,0.004048
16650,1,0.452412,0.003976
16651,1,0.452452,0.003905
16652,1,0.452486,0.003835
16653,1,0.452516,0.003765
16654,1,0.452542,0.003696
16655,1,0.452562,0.003629
16656,1,0.452578,0.003562
16657,1,0.452589,0.003497
16658,1,0.452595,0.003434
16659,1,0.452597,0.003372
16660,1,0.452594,0.003311
16661,0,0.452587,0.002649
16662,1,0.452690,0.002119
16663,1,0.452789,0.001695
16664,1,0.452883,0.001356
16665,0,0.452973,0.001085
16666,0,0.453166,0.000868
16667,1,0.453457,0.000694
16668,1,0.453744,0.000555
16669,1,0.454027,0.000444
16670,1,0.454306,0.000356
16671,1,0.454580,0.000284
16672,1,0.454850,0.000228
16673,1,0.455115,0.000182
16674,1,0.455376,0.000146
16675,1,0.455632,0.000116
16676,1,0.455883,0.000093
16677,1,0.456130,0.000205
16678,1,0.456372,0.000490
16679,1,0.456608,0.000881
16680,1,0.456840,0.001329
16681,1,0.457067,0.001799
16682,1,0.457288,0.002266
16683,1,0.457504,0.002713
16684,1,0.457715,0.003130
16685,1,0.457921,0.003508
16686,1,0.458122,0.003844
16687,1,0.458317,0.004138
16688,1,0.458507,0.004389
16689,1,0.458691,0.004600
16690,1,0.458870,0.004773
16691,1,0.459044,0.004910
16692,1,0.459212,0.005015
16693,1,0.459375,0.005091
16694,1,0.459532,0.005141
16695,1,0.459684,0.005168
16696,1,0.459830,0.005175
16697,1,0.459971,0.005165
16698,1,0.460106,0.005139
16699,1,0.460236,0.005101
16700,1,0.460360,0.005052
16701,1,0.460478,0.004994
16702,1,0.460592,0.004929
16703,1,0.460699,0.004859
16704,1,0.460801,0.004783
16705,1,0.460898,0.004704
16706,1,0.460989,0.004623
16707,1,0.461075,0.004540
16708,1,0.461155,0.004456
16709,1,0.461230,0.004371
16710,1,0.461299,0.004286
16711,1,0.461363,0.004203
16712,1,0.461421,0.004119
16713,1,0.461475,0.004037
16714,1,0.461522,0.003957
16715,0,0.461565,0.003166
16716,1,0.461717,0.002532
16717,1,0.461865,0.002026
16718,1,0.462007,0.001621
16719,1,0.462143,0.001297
16720,1,0.462275,0.001037
16721,1,0.462401,0.000830
16722,0,0.462522,0.000664
16723,1,0.462747,0.000531
16724,1,0.462967,0.000425
16725,1,0.463183,0.000340
16726,1,0.463393,0.000272
16727,1,0.463597,0.000218
16728,1,0.463797,0.000174
16729,1,0.463991,0.000139
16730,0,0.464179,0.000111
16731,1,0.464468,0.000089
16732,1,0.464753,0.000071
16733,1,0.465032,0.000057
16734,1,0.465306,0.000046
16735,1,0.465574,0.000036
16736,1,0.465838,0.000029
16737,1,0.466096,0.000023
16738,0,0.466348,0.000019
16739,1,0.466698,0.000015
16740,1,0.467042,0.000012
16741,1,0.467382,0.000010
16742,1,0.467716,0.000008
16743,1,0.468045,0.000006
16744,1,0.468368,0.000005
16745,1,0.468686,0.000179
16746,1,0.468998,0.000513
16747,1,0.469304,0.000944
16748,1,0.469605,0.001426
16749,1,0.469899,0.001924
16750,1,0.470188,0.002415
16751,1,0.470470,0.002883
16752,1,0.470747,0.003317
16753,1,0.471017,0.003711
16754,1,0.471281,0.004061
16755,1,0.471539,0.004367
16756,1,0.471791,0.004630
16757,1,0.472036,0.004851
16758,1,0.472275,0.005033
16759,1,0.472508,0.005178
16760,1,0.472734,0.005291
16761,1,0.472954,0.005373
16762,1,0.473168,0.005429
16763,1,0.473375,0.005461
16764,1,0.473575,0.005472
16765,1,0.473770,0.005466
16766,1,0.473957,0.005443
16767,1,0.474138,0.005408
16768,1,0.474313,0.005361
16769,1,0.474482,0.005304
16770,1,0.474643,0.005240
16771,1,0.474799,0.005170
16772,1,0.474948,0.005094
16773,1,0.475090,0.005015
16774,1,0.475226,0.004933
16775,1,0.475356,0.004849
16776,1,0.475479,0.004763
16777,1,0.475596,0.004677
16778,1,0.475707,0.004590
16779,1,0.475811,0.004504
16780,1,0.475909,0.004418
16781,1,0.476000,0.004333
16782,0,0.476086,0.003467
16783,1,0.476281,0.002773
16784,1,0.476470,0.002219
16785,1,0.476653,0.001775
16786,1,0.476830,0.001420
16787,1,0.477001,0.001136
16788,1,0.477166,0.000909
16789,1,0.477324,0.000727
16790,1,0.477476,0.000600
16791,1,0.477622,0.000636
16792,1,0.477761,0.000783
16793,1,0.477895,0.000998
16794,1,0.478022,0.001253
16795,1,0.478143,0.001525
16796,0,0.478257,0.001220
16797,1,0.478480,0.000976
16798,1,0.478696,0.000781
16799,1,0.478906,0.000625
16800,1,0.479110,0.000500
16801,1,0.479308,0.000400
16802,1,0.479500,0.000320
16803,1,0.479686,0.000256
16804,1,0.479865,0.000319
16805,1,0.480038,0.000517
16806,1,0.480205,0.000800
16807,1,0.480366,0.001129
16808,1,0.480521,0.001478
16809,1,0.480669,0.001828
16810,1,0.480811,0.002166
16811,1,0.480947,0.002482
16812,1,0.481076,0.002771
16813,1,0.481199,0.003030
16814,1,0.481316,0.003258
16815,1,0.481427,0.003455
16816,1,0.481532,0.003622
16817,1,0.481630,0.003761
16818,1,0.481722,0.003873
16819,1,0.481808,0.003961
16820,1,0.481887,0.004027
16821,1,0.481961,0.004074
16822,1,0.482028,0.004103
16823,1,0.482090,0.004116
16824,1,0.482145,0.004117
16825,1,0.482194,0.004105
16826,1,0.482237,0.004084
16827,1,0.482274,0.004054
16828,1,0.482305,0.004017
16829,1,0.482330,0.003975
16830,1,0.482349,0.003927
16831,1,0.482363,0.003876
16832,1,0.482370,0.003821
16833,1,0.482372,0.003765
16834,1,0.482367,0.003706
16835,1,0.482357,0.003647
16836,0,0.482342,0.002917
16837,1,0.482440,0.002334
16838,1,0.482533,0.001867
16839,1,0.482620,0.001494
16840,1,0.482701,0.001195
16841,1,0.482776,0.000956
16842,1,0.482846,0.000765
16843,1,0.482910,0.000612
16844,1,0.482968,0.000489
16845,1,0.483021,0.000442
16846,1,0.483067,0.000527
16847,1,0.483108,0.000699
16848,1,0.483144,0.000923
16849,1,0.483174,0.001175
16850,1,0.483198,0.001437
16851,1,0.483216,0.001694
16852,1,0.483229,0.001940
16853,1,0.483236,0.002168
16854,1,0.483238,0.002375
16855,1,0.483234,0.002559
16856,0,0.483224,0.002047
16857,1,0.483327,0.001638
16858,1,0.483425,0.001310
16859,1,0.483517,0.001048
16860,1,0.483603,0.000839
16861,1,0.483684,0.000671
16862,1,0.483760,0.000537
16863,1,0.483830,0.000429
16864,1,0.483894,0.000351
16865,1,0.483953,0.000434
16866,1,0.484007,0.000622
16867,1,0.484054,0.000874
16868,1,0.484097,0.001162
16869,1,0.484133,0.001462
16870,1,0.484165,0.001760
16871,1,0.484190,0.002044
16872,1,0.484210,0.002309
16873,1,0.484225,0.002549
16874,1,0.484234,0.002763
16875,1,0.484238,0.002950
16876,1,0.484237,0.003110
16877,1,0.484230,0.003245
16878,1,0.484217,0.003355
16879,1,0.484199,0.003444
16880,1,0.484176,0.003512
16881,1,0.484148,0.003561
16882,1,0.484114,0.003594
16883,1,0.484075,0.003613
16884,1,0.484031,0.003619
16885,1,0.483981,0.003614
16886,1,0.483926,0.003600
16887,0,0.483867,0.002880
16888,1,0.483921,0.002304
16889,1,0.483970,0.001843
16890,1,0.484014,0.001474
16891,1,0.484053,0.001180
16892,1,0.484087,0.000944
16893,1,0.484115,0.000755
16894,1,0.484139,0.000604
16895,1,0.484157,0.000483
16896,1,0.484169,0.000462
16897,1,0.484177,0.000567
16898,1,0.484179,0.000754
16899,1,0.484177,0.000989
16900,1,0.484169,0.001249
16901,1,0.484156,0.001515
16902,1,0.484137,0.001775
16903,1,0.484114,0.002022
16904,1,0.484086,0.002250
16905,1,0.484052,0.002456
16906,1,0.484013,0.002638
16907,1,0.483970,0.002796
16908,1,0.483921,0.002930
16909,1,0.483867,0.003043
16910,1,0.483808,0.003134
16911,1,0.483745,0.003206
16912,1,0.483676,0.003261
16913,1,0.483602,0.003300
16914,1,0.483524,0.003325
16915,1,0.483441,0.003338
16916,1,0.483353,0.003339
16917,1,0.483260,0.003332
16918,1,0.483162,0.003316
16919,1,0.483059,0.003294
16920,1,0.482952,0.003266
16921,1,0.482840,0.003233
16922,1,0.482724,0.003196
16923,1,0.482602,0.003156
16924,1,0.482477,0.003114
16925,1,0.482346,0.003069
16926,1,0.482212,0.003024
16927,1,0.482072,0.002977
16928,0,0.481928,0.002382
16929,1,0.481902,0.001905
16930,1,0.481871,0.001524
16931,1,0.481835,0.001219
16932,1,0.481795,0.000976
16933,1,0.481750,0.000780
16934,1,0.481701,0.000624
16935,1,0.481647,0.000499
16936,1,0.481589,0.000400
16937,1,0.481526,0.000320
16938,1,0.481458,0.000321
16939,1,0.481386,0.000432
16940,1,0.481309,0.000612
16941,1,0.481228,0.000833
16942,1,0.481143,0.001074
16943,1,0.481053,0.001318
16944,0,0.480958,0.001055
16945,1,0.480977,0.000844
16946,1,0.480991,0.000675
16947,1,0.481002,0.000540
16948,1,0.481007,0.000432
16949,1,0.481008,0.000346
16950,1,0.481005,0.000277
16951,0,0.480997,0.000221
16952,1,0.481096,0.000177
16953,1,0.481192,0.000142
16954,1,0.481283,0.000113
16955,1,0.481369,0.000091
16956,1,0.481451,0.000072
16957,1,0.481529,0.000058
16958,1,0.481602,0.000046
16959,1,0.481670,0.000037
16960,1,0.481733,0.000191
16961,1,0.481792,0.000470
16962,1,0.481846,0.000823
16963,1,0.481896,0.001214
16964,1,0.481940,0.001614
16965,1,0.481980,0.002007
16966,0,0.482015,0.001606
16967,1,0.482156,0.001284
16968,1,0.482293,0.001028
16969,1,0.482425,0.000822
16970,1,0.482552,0.000658
16971,1,0.482674,0.000526
16972,1,0.482792,0.000421
16973,1,0.482904,0.000459
16974,1,0.483012,0.000655
16975,1,0.483115,0.000951
16976,1,0.483213,0.001303
16977,1,0.483306,0.001681
16978,0,0.483393,0.001345
16979,1,0.483585,0.001076
16980,1,0.483772,0.000861
16981,1,0.483954,0.000689
16982,1,0.484131,0.000551
16983,1,0.484303,0.000441
16984,1,0.484470,0.000353
16985,1,0.484632,0.000451
16986,0,0.484788,0.000361
16987,1,0.485045,0.000289
16988,0,0.485297,0.000231
16989,1,0.485643,0.000185
16990,1,0.485984,0.000148
16991,1,0.486321,0.000118
16992,1,0.486653,0.000095
16993,1,0.486981,0.000076
16994,1,0.487303,0.000061
16995,1,0.487621,0.000048
16996,1,0.487934,0.000122
16997,1,0.488241,0.000413
16998,1,0.488542,0.000841
16999,1,0.488838,0.001348
17000,1,0.489129,0.001889
17001,1,0.489413,0.002434
17002,1,0.489692,0.002962
17003,1,0.489965,0.003458
17004,1,0.490231,0.003913
17005,1,0.490492,0.004322
17006,1,0.490746,0.004683
17007,1,0.490994,0.004996
17008,1,0.491236,0.005262
17009,1,0.491472,0.005483
17010,1,0.491701,0.005663
17011,1,0.491923,0.005805
17012,1,0.492139,0.005912
17013,1,0.492349,0.005989
17014,1,0.492551,0.006037
17015,1,0.492748,0.006061
17016,1,0.492937,0.006063
17017,1,0.493120,0.006047
17018,1,0.493297,0.006015
17019,1,0.493466,0.005969
17020,1,0.493629,0.005912
17021,1,0.493785,0.005845
17022,1,0.493935,0.005771
17023,1,0.494077,0.005690
17024,1,0.494213,0.005604
17025,1,0.494343,0.005514
17026,1,0.494465,0.005421
17027,1,0.494581,0.005326
17028,1,0.494690,0.005230
17029,1,0.494793,0.005134
17030,1,0.494888,0.005037
17031,1,0.494977,0.004941
17032,1,0.495060,0.004846
17033,1,0.495136,0.004752
17034,1,0.495205,0.004659
17035,1,0.495268,0.004568
17036,1,0.495324,0.004478
17037,0,0.495373,0.003582
17038,1,0.495534,0.002866
17039,1,0.495689,0.002293
17040,1,0.495837,0.001834
17041,1,0.495979,0.001467
17042,1,0.496115,0.001174
17043,1,0.496244,0.000939
17044,1,0.496366,0.000751
17045,1,0.496482,0.000648
17046,1,0.496591,0.000702
17047,1,0.496694,0.000861
17048,1,0.496791,0.001085
17049,1,0.496881,0.001346
17050,1,0.496964,0.001622
17051,1,0.497041,0.001899
17052,1,0.497112,0.002165
17053,1,0.497176,0.002414
17054,1,0.497234,0.002642
17055,1,0.497286,0.002847
17056,1,0.497331,0.003027
17057,0,0.497369,0.002421
17058,0,0.497519,0.001937
17059,1,0.497772,0.001550
17060,1,0.498020,0.001240
17061,1,0.498261,0.000992
17062,1,0.498496,0.000793
17063,1,0.498726,0.000635
17064,1,0.498949,0.000508
17065,0,0.499166,0.000406
17066,1,0.499482,0.000325
17067,1,0.499792,0.000260
17068,1,0.500097,0.000208
17069,1,0.500395,0.000166
17070,1,0.500687,0.000133
17071,1,0.500974,0.000106
17072,1,0.501253,0.000085
17073,1,0.501527,0.000245
17074,1,0.501794,0.000573
17075,0,0.502054,0.000459
17076,1,0.502412,0.000367
17077,1,0.502764,0.000294
17078,1,0.503110,0.000235
17079,1,0.503450,0.000188
17080,1,0.503783,0.000150
17081,1,0.504109,0.000309
17082,1,0.504429,0.000644
17083,1,0.504742,0.001087
17084,1,0.505049,0.001587
17085,1,0.505348,0.002108
17086,1,0.505640,0.002625
17087,1,0.505925,0.003119
17088,0,0.506203,0.002496
17089,1,0.506580,0.001996
17090,1,0.506949,0.001597
17091,1,0.507312,0.001278
17092,1,0.507668,0.001022
17093,1,0.508017,0.000954
17094,1,0.508359,0.001105
17095,1,0.508694,0.001399
17096,1,0.509021,0.001780
17097,1,0.509341,0.002206
17098,1,0.509654,0.002647
17099,1,0.509958,0.003082
17100,1,0.510256,0.003496
17101,1,0.510545,0.003880
17102,1,0.510827,0.004228
17103,1,0.511101,0.004538
17104,0,0.511368,0.003630
17105,1,0.511735,0.002904
17106,1,0.512095,0.002323
17107,1,0.512447,0.001859
17108,1,0.512792,0.001487
17109,1,0.513129,0.001269
17110,1,0.513458,0.001291
17111,1,0.513780,0.001474
17112,1,0.514093,0.001759
17113,1,0.514399,0.002105
17114,1,0.514697,0.002479
17115,1,0.514987,0.002857
17116,1,0.515269,0.003225
17117,1,0.515542,0.003572
17118,1,0.515808,0.003890
17119,0,0.516065,0.003112
17120,1,0.516424,0.002490
17121,1,0.516776,0.001992
17122,1,0.517120,0.001593
17123,1,0.517456,0.001275
17124,1,0.517784,0.001020
17125,1,0.518103,0.001011
17126,1,0.518415,0.001175
17127,1,0.518719,0.001453
17128,1,0.519014,0.001797
17129,1,0.519301,0.002173
17130,1,0.519580,0.002559
17131,1,0.519850,0.002936
17132,1,0.520112,0.003293
17133,1,0.520366,0.003623
17134,1,0.520611,0.003921
17135,1,0.520848,0.004185
17136,1,0.521076,0.004415
17137,1,0.521296,0.004611
17138,1,0.521507,0.004775
17139,1,0.521710,0.004909
17140,1,0.521905,0.005014
17141,1,0.522091,0.005094
17142,1,0.522269,0.005151
17143,1,0.522438,0.005187
17144,0,0.522598,0.004150
17145,1,0.522867,0.003320
17146,1,0.523128,0.002656
17147,1,0.523381,0.002125
17148,1,0.523626,0.001700
17149,1,0.523862,0.001360
17150,1,0.524090,0.001088
17151,1,0.524310,0.001042
17152,0,0.524521,0.000833
17153,1,0.524837,0.000667
17154,1,0.525145,0.000533
17155,1,0.525444,0.000427
17156,1,0.525736,0.000341
17157,1,0.526020,0.000273
17158,1,0.526295,0.000218
17159,1,0.526563,0.000268
17160,1,0.526822,0.000493
17161,1,0.527073,0.000829
17162,0,0.527315,0.000663
17163,1,0.527659,0.000530
17164,1,0.527996,0.000424
17165,1,0.528325,0.000339
17166,1,0.528645,0.000272
17167,0,0.528958,0.000217
17168,0,0.529367,0.000174
17169,1,0.529866,0.000139
17170,1,0.530359,0.000111
17171,1,0.530844,0.000089
17172,1,0.531322,0.000071
17173,1,0.531793,0.000057
17174,1,0.532256,0.000046
17175,1,0.532712,0.000036
17176,1,0.533159,0.000074
17177,1,0.533598,0.000367
17178,1,0.534029,0.000822
17179,1,0.534452,0.001373
17180,1,0.534866,0.001970
17181,1,0.535271,0.002577
17182,1,0.535668,0.003168
17183,1,0.536055,0.003728
17184,1,0.536434,0.004244
17185,1,0.536803,0.004711
17186,1,0.537164,0.005126
17187,1,0.537515,0.005487
17188,1,0.537857,0.005797
17189,1,0.538189,0.006058
17190,0,0.538512,0.004846
17191,1,0.538935,0.003877
17192,1,0.539348,0.003102
17193,1,0.539753,0.002481
17194,1,0.540149,0.002078
17195,1,0.540535,0.001966
17196,1,0.540912,0.002054
17197,1,0.541280,0.002275
17198,0,0.541638,0.001820
17199,1,0.542093,0.001456
17200,1,0.542539,0.001165
17201,1,0.542977,0.000932
17202,1,0.543405,0.000745
17203,1,0.543824,0.000662
17204,1,0.544233,0.000819
17205,1,0.544634,0.001135
17206,1,0.545024,0.001549
17207,1,0.545405,0.002014
17208,1,0.545777,0.002498
17209,1,0.546138,0.002977
17210,1,0.546490,0.003437
17211,1,0.546832,0.003865
17212,1,0.547164,0.004255
17213,0,0.547485,0.003404
17214,0,0.547907,0.002723
17215,1,0.548421,0.002179
17216,1,0.548927,0.001743
17217,1,0.549423,0.001394
17218,1,0.549910,0.001115
17219,1,0.550389,0.000892
17220,1,0.550858,0.000714
17221,1,0.551317,0.000579
17222,1,0.551767,0.000719
17223,1,0.552207,0.001044
17224,1,0.552637,0.001481
17225,1,0.553057,0.001982
17226,1,0.553467,0.002507
17227,1,0.553866,0.003031
17228,1,0.554256,0.003534
17229,1,0.554635,0.004005
17230,1,0.555004,0.004436
17231,1,0.555362,0.004822
17232,1,0.555710,0.005163
17233,1,0.556047,0.005458
17234,1,0.556374,0.005708
17235,1,0.556690,0.005917
17236,1,0.556995,0.006087
17237,0,0.557290,0.004869
17238,1,0.557687,0.003895
17239,1,0.558074,0.003116
17240,1,0.558451,0.002493
17241,1,0.558817,0.001994
17242,1,0.559173,0.001789
17243,1,0.559519,0.001807
17244,1,0.559854,0.001974
17245,1,0.560179,0.002238
17246,1,0.560493,0.002557
17247,1,0.560796,0.002901
17248,1,0.561089,0.003251
17249,1,0.561372,0.003591
17250,0,0.561643,0.002873
17251,1,0.562018,0.002298
17252,1,0.562382,0.001839
17253,0,0.562737,0.001471
17254,1,0.563187,0.001177
17255,1,0.563628,0.000941
17256,1,0.564059,0.000753
17257,1,0.564481,0.000602
17258,1,0.564892,0.000482
17259,1,0.565293,0.000386
17260,1,0.565685,0.000411
17261,1,0.566065,0.000655
17262,1,0.566436,0.001040
17263,1,0.566795,0.001507
17264,1,0.567145,0.002014
17265,1,0.567483,0.002531
17266,1,0.567811,0.003035
17267,0,0.568129,0.002428
17268,0,0.568545,0.001942
17269,1,0.569053,0.001554
17270,0,0.569551,0.001243
17271,0,0.570135,0.000995
17272,1,0.570796,0.000796
17273,1,0.571449,0.000636
17274,1,0.572096,0.000509
17275,1,0.572733,0.000407
17276,0,0.573363,0.000326
17277,1,0.574068,0.000261
17278,1,0.574766,0.000209
17279,0,0.575456,0.000167
17280,1,0.576217,0.000133
17281,1,0.576972,0.000107
17282,1,0.577718,0.000085
17283,1,0.578457,0.000068
17284,0,0.579187,0.000055
17285,1,0.579987,0.000044
17286,1,0.580780,0.000035
17287,1,0.581565,0.000028
17288,1,0.582340,0.000065
17289,1,0.583107,0.000428
17290,0,0.583863,0.000343
17291,1,0.584691,0.000274
17292,1,0.585510,0.000219
17293,1,0.586319,0.000335
17294,1,0.587119,0.000742
17295,1,0.587908,0.001336
17296,1,0.588687,0.002040
17297,1,0.589454,0.002798
17298,0,0.590210,0.002238
17299,1,0.591040,0.001791
17300,1,0.591859,0.001642
17301,1,0.592668,0.001817
17302,1,0.593464,0.002210
17303,1,0.594250,0.002741
17304,1,0.595022,0.003348
17305,1,0.595783,0.003988
17306,1,0.596530,0.004629
17307,1,0.597265,0.005248
17308,1,0.597986,0.005832
17309,1,0.598693,0.006369
17310,1,0.599387,0.006854
17311,0,0.600067,0.005483
17312,1,0.600828,0.004439
17313,1,0.601577,0.003887
17314,1,0.602312,0.003691
17315,0,0.603034,0.002953
17316,1,0.603834,0.002362
17317,1,0.604621,0.001890
17318,1,0.605395,0.001518
17319,1,0.606156,0.001516
17320,1,0.606903,0.001768
17321,1,0.607636,0.002187
17322,1,0.608354,0.002706
17323,1,0.609059,0.003277
17324,1,0.609749,0.003864
17325,1,0.610424,0.004442
17326,1,0.611084,0.004994
17327,0,0.611729,0.003995
17328,1,0.612458,0.003196
17329,1,0.613173,0.002614
17330,0,0.613874,0.002091
17331,1,0.614653,0.001673
17332,1,0.615420,0.001339
17333,1,0.616172,0.001071
17334,1,0.616911,0.000877
17335,1,0.617635,0.001011
17336,1,0.618344,0.001366
17337,1,0.619038,0.001861
17338,1,0.619718,0.002436
17339,1,0.620382,0.003047
17340,0,0.621030,0.002438
17341,0,0.621762,0.001950
17342,1,0.622569,0.001560
17343,1,0.623363,0.001248
17344,1,0.624143,0.000998
17345,1,0.624909,0.000799
17346,1,0.625661,0.000647
17347,0,0.626398,0.000518
17348,0,0.627211,0.000414
17349,0,0.628091,0.000331
17350,1,0.629034,0.000265
17351,1,0.629965,0.000212
17352,1,0.630885,0.000170
17353,1,0.631793,0.000136
17354,1,0.632689,0.000109
17355,1,0.633571,0.000087
17356,1,0.634440,0.000305
17357,1,0.635294,0.000780
17358,0,0.636135,0.000624
17359,1,0.637042,0.000499
17360,1,0.637937,0.000399
17361,1,0.638817,0.000590
17362,1,0.639683,0.001036
17363,1,0.640534,0.001646
17364,1,0.641369,0.002350
17365,1,0.642189,0.003097
17366,1,0.642993,0.003850
17367,0,0.643781,0.003080
17368,1,0.644641,0.002487
17369,1,0.645486,0.002328
17370,0,0.646315,0.001863
17371,1,0.647213,0.001490
17372,1,0.648096,0.001192
17373,1,0.648964,0.001059
17374,1,0.649816,0.001260
17375,1,0.650653,0.001685
17376,1,0.651473,0.002252
17377,1,0.652277,0.002899
17378,1,0.653063,0.003580
17379,1,0.653833,0.004264
17380,1,0.654585,0.004926
17381,1,0.655319,0.005551
17382,1,0.656036,0.006129
17383,1,0.656735,0.006654
17384,0,0.657415,0.005323
17385,0,0.658175,0.004259
17386,0,0.659007,0.003407
17387,1,0.659905,0.002726
17388,1,0.660787,0.002180
17389,1,0.661655,0.001744
17390,1,0.662508,0.001395
17391,1,0.663345,0.001116
17392,1,0.664165,0.001055
17393,0,0.664969,0.000844
17394,0,0.665840,0.000675
17395,1,0.666773,0.000540
17396,1,0.667691,0.000432
17397,1,0.668595,0.000346
17398,1,0.669483,0.000277
17399,0,0.670356,0.000221
17400,1,0.671290,0.000177
17401,0,0.672209,0.000142
17402,1,0.673184,0.000113
17403,1,0.674146,0.000091
17404,1,0.675093,0.000072
17405,1,0.676026,0.000061
17406,1,0.676943,0.000389
17407,1,0.677844,0.000944
17408,0,0.678728,0.000756
17409,1,0.679673,0.000604
17410,1,0.680602,0.000601
17411,1,0.681515,0.000918
17412,1,0.682411,0.001450
17413,1,0.683290,0.002114
17414,0,0.684151,0.001691
17415,1,0.685075,0.001353
17416,1,0.685982,0.001362
17417,1,0.686872,0.001663
17418,1,0.687744,0.002159
17419,1,0.688599,0.002775
17420,1,0.689435,0.003456
17421,1,0.690253,0.004161
17422,1,0.691051,0.004860
17423,0,0.691830,0.003888
17424,1,0.692677,0.003325
17425,1,0.693506,0.003166
17426,1,0.694317,0.003291
17427,1,0.695108,0.003607
17428,1,0.695880,0.004045
17429,1,0.696633,0.004553
17430,1,0.697365,0.005092
17431,0,0.698078,0.004074
17432,0,0.698863,0.003259
17433,0,0.699712,0.002607
17434,0,0.700619,0.002086
17435,1,0.701577,0.001669
17436,1,0.702522,0.001335
17437,1,0.703451,0.001068
17438,1,0.704365,0.000854
17439,1,0.705263,0.000683
17440,1,0.706144,0.000560
17441,1,0.707007,0.000795
17442,1,0.707852,0.001272
17443,1,0.708679,0.001904
17444,1,0.709487,0.002624
17445,1,0.710276,0.003385
17446,0,0.711045,0.002708
17447,1,0.711879,0.002287
17448,1,0.712694,0.002263
17449,1,0.713490,0.002513
17450,1,0.714267,0.002946
17451,1,0.715024,0.003491
17452,1,0.715761,0.004098
17453,1,0.716478,0.004728
17454,1,0.717175,0.005353
17455,1,0.717850,0.005954
17456,1,0.718505,0.006518
17457,1,0.719138,0.007037
17458,0,0.719750,0.005629
17459,1,0.720437,0.004769
17460,1,0.721104,0.004349
17461,1,0.721750,0.004245
17462,0,0.722376,0.003396
17463,1,0.723074,0.002717
17464,0,0.723752,0.002174
17465,1,0.724496,0.001739
17466,1,0.725221,0.001391
17467,1,0.725928,0.001113
17468,1,0.726616,0.000913
17469,1,0.727285,0.001066
17470,1,0.727934,0.001460
17471,1,0.728562,0.002007
17472,1,0.729171,0.002643
17473,0,0.729759,0.002115
17474,1,0.730418,0.001692
17475,1,0.731059,0.001465
17476,1,0.731679,0.001582
17477,1,0.732280,0.001932
17478,1,0.732861,0.002432
17479,1,0.733421,0.003019
17480,1,0.733961,0.003648
17481,1,0.734479,0.004284
17482,1,0.734978,0.004905
17483,0,0.735455,0.003924
17484,1,0.736010,0.003139
17485,0,0.736545,0.002512
17486,0,0.737151,0.002009
17487,1,0.737822,0.001607
17488,1,0.738476,0.001286
17489,1,0.739112,0.001029
17490,1,0.739730,0.000823
17491,1,0.740330,0.000658
17492,1,0.740911,0.000767
17493,0,0.741472,0.000613
17494,0,0.742101,0.000491
17495,0,0.742790,0.000392
17496,0,0.743533,0.000314
17497,1,0.744323,0.000251
17498,1,0.745101,0.000201
17499,1,0.745865,0.000161
17500,1,0.746614,0.000129
17501,0,0.747348,0.000103
17502,1,0.748131,0.000082
17503,0,0.748901,0.000066
17504,1,0.749716,0.000053
17505,1,0.750517,0.000042
17506,1,0.751305,0.000034
17507,1,0.752077,0.000027
17508,1,0.752834,0.000363
17509,0,0.753574,0.000291
17510,1,0.754364,0.000233
17511,1,0.755139,0.000311
17512,1,0.755897,0.000698
17513,1,0.756638,0.001291
17514,0,0.757362,0.001033
17515,1,0.758137,0.000834
17516,1,0.758896,0.001010
17517,0,0.759637,0.000808
17518,1,0.760428,0.000647
17519,1,0.761203,0.000632
17520,1,0.761961,0.000941
17521,1,0.762701,0.001470
17522,1,0.763423,0.002139
17523,1,0.764127,0.002888
17524,1,0.764811,0.003673
17525,1,0.765475,0.004460
17526,1,0.766120,0.005225
17527,1,0.766743,0.005954
17528,0,0.767346,0.005017
17529,1,0.768010,0.004564
17530,1,0.768654,0.004457
17531,1,0.769278,0.004595
17532,1,0.769882,0.004896
17533,0,0.770464,0.003917
17534,1,0.771109,0.003255
17535,1,0.771733,0.003035
17536,0,0.772338,0.002428
17537,0,0.773001,0.001943
17538,0,0.773715,0.001554
17539,1,0.774476,0.001243
17540,1,0.775221,0.000995
17541,0,0.775950,0.000796
17542,0,0.776723,0.000637
17543,1,0.777535,0.000509
17544,1,0.778333,0.000407
17545,1,0.779118,0.000326
17546,1,0.779887,0.000261
17547,1,0.780640,0.000213
17548,1,0.781376,0.000508
17549,1,0.782095,0.001038
17550,1,0.782795,0.001720
17551,1,0.783477,0.002491
17552,1,0.784138,0.003303
17553,0,0.784779,0.002699
17554,1,0.785474,0.002540
17555,1,0.786149,0.002698
17556,1,0.786805,0.003075
17557,1,0.787441,0.003592
17558,1,0.788056,0.004195
17559,1,0.788650,0.004838
17560,0,0.789223,0.003949
17561,0,0.789854,0.003159
17562,0,0.790536,0.002527
17563,1,0.791263,0.002022
17564,1,0.791973,0.001617
17565,1,0.792667,0.001294
17566,0,0.793342,0.001035
17567,0,0.794063,0.000828
17568,1,0.794823,0.000662
17569,1,0.795568,0.000530
17570,1,0.796298,0.000424
17571,1,0.797010,0.000343
17572,0,0.797705,0.000274
17573,1,0.798443,0.000219
17574,1,0.799164,0.000176
17575,1,0.799868,0.000439
17576,0,0.800553,0.000351
17577,1,0.801282,0.000281
17578,1,0.801994,0.000374
17579,1,0.802687,0.000760
17580,1,0.803362,0.001344
17581,1,0.804018,0.002052
17582,0,0.804654,0.001642
17583,0,0.805337,0.001313
17584,0,0.806062,0.001051
17585,0,0.806824,0.000841
17586,1,0.807616,0.000672
17587,1,0.808395,0.000538
17588,1,0.809161,0.000430
17589,0,0.809911,0.000344
17590,1,0.810695,0.000275
17591,1,0.811464,0.000220
17592,0,0.812218,0.000176
17593,1,0.813005,0.000141
17594,0,0.813777,0.000113
17595,1,0.814579,0.000090
17596,0,0.815367,0.000072
17597,1,0.816183,0.000058
17598,1,0.816986,0.000046
17599,1,0.817776,0.000110
17600,0,0.818550,0.000088
17601,1,0.819354,0.000071
17602,0,0.820144,0.000057
17603,1,0.820961,0.000045
17604,1,0.821765,0.000054
17605,1,0.822554,0.000352
17606,1,0.823328,0.000855
17607,0,0.824085,0.000684
17608,1,0.824873,0.000734
17609,0,0.825645,0.000587
17610,0,0.826446,0.000470
17611,1,0.827271,0.000376
17612,0,0.828084,0.000301
17613,1,0.828918,0.000241
17614,1,0.829741,0.000192
17615,1,0.830550,0.000283
17616,1,0.831345,0.000625
17617,0,0.832124,0.000500
17618,1,0.832930,0.000509
17619,0,0.833721,0.000407
17620,1,0.834536,0.000326
17621,1,0.835338,0.000461
17622,1,0.836124,0.000831
17623,1,0.836894,0.001367
17624,1,0.837646,0.002016
17625,1,0.838379,0.002734
17626,1,0.839093,0.003490
17627,1,0.839786,0.004257
17628,1,0.840457,0.005016
17629,0,0.841107,0.004562
17630,1,0.841796,0.004448
17631,1,0.842465,0.004580
17632,0,0.843112,0.003730
17633,1,0.843798,0.003355
17634,1,0.844464,0.003327
17635,1,0.845108,0.003548
17636,0,0.845731,0.002838
17637,0,0.846394,0.002271
17638,1,0.847090,0.001816
17639,0,0.847769,0.001453
17640,1,0.848478,0.001163
17641,1,0.849170,0.000930
17642,0,0.849844,0.000744
17643,1,0.850549,0.000595
17644,1,0.851236,0.000476
17645,1,0.851906,0.000622
17646,0,0.852556,0.000498
17647,0,0.853238,0.000398
17648,1,0.853948,0.000319
17649,0,0.854643,0.000255
17650,0,0.855362,0.000204
17651,1,0.856102,0.000163
17652,0,0.856829,0.000131
17653,0,0.857575,0.000104
17654,0,0.858335,0.000084
17655,1,0.859107,0.000067
17656,1,0.859872,0.000053
17657,0,0.860627,0.000043
17658,1,0.861395,0.000034
17659,1,0.862155,0.000027
17660,1,0.862904,0.000022
17661,1,0.863641,0.000196
17662,0,0.864365,0.000157
17663,0,0.865107,0.000126
17664,1,0.865863,0.000101
17665,0,0.866609,0.000080
17666,0,0.867368,0.000064
17667,1,0.868136,0.000051
17668,1,0.868897,0.000041
17669,1,0.869648,0.000092
17670,1,0.870388,0.000346
17671,1,0.871115,0.000757
17672,1,0.871827,0.001287
17673,1,0.872524,0.001902
17674,1,0.873203,0.002574
17675,1,0.873863,0.003280
17676,1,0.874504,0.004002
17677,1,0.875124,0.004723
17678,1,0.875722,0.005431
17679,1,0.876298,0.006117
17680,0,0.876851,0.005637
17681,1,0.877440,0.005474
17682,1,0.878007,0.005542
17683,0,0.878552,0.004669
17684,0,0.879133,0.003736
17685,1,0.879744,0.002988
17686,1,0.880336,0.002598
17687,1,0.880908,0.002568
17688,0,0.881459,0.002054
17689,1,0.882042,0.001705
17690,1,0.882605,0.001724
17691,1,0.883148,0.002007
17692,1,0.883669,0.002474
17693,0,0.884168,0.001979
17694,1,0.884703,0.001871
17695,1,0.885217,0.002063
17696,1,0.885709,0.002468
17697,1,0.886179,0.003014
17698,1,0.886625,0.003648
17699,1,0.887048,0.004330
17700,1,0.887446,0.005029
17701,1,0.887820,0.005721
17702,1,0.888168,0.006390
17703,1,0.888491,0.007025
17704,1,0.888788,0.007617
17705,0,0.889058,0.006638
17706,1,0.889383,0.006111
17707,1,0.889682,0.005913
17708,0,0.889957,0.004730
17709,1,0.890284,0.003904
17710,1,0.890587,0.003553
17711,1,0.890866,0.003544
17712,0,0.891120,0.002835
17713,1,0.891426,0.002268
17714,1,0.891708,0.002044
17715,0,0.891968,0.001635
17716,0,0.892276,0.001308
17717,0,0.892627,0.001047
17718,0,0.893015,0.000837
17719,1,0.893434,0.000670
17720,1,0.893838,0.000536
17721,1,0.894225,0.000429
17722,1,0.894594,0.000343
17723,1,0.894944,0.000274
17724,1,0.895275,0.000451
17725,1,0.895585,0.000893
17726,1,0.895874,0.001513
17727,0,0.896142,0.001211
17728,0,0.896454,0.000969
17729,0,0.896804,0.000775
17730,1,0.897187,0.000620
17731,0,0.897555,0.000496
17732,1,0.897952,0.000397
17733,1,0.898335,0.000317
17734,0,0.898701,0.000254
17735,1,0.899098,0.000203
17736,1,0.899479,0.000162
17737,1,0.899845,0.000166
17738,1,0.900193,0.000478
17739,0,0.900523,0.000383
17740,1,0.900887,0.000306
17741,1,0.901234,0.000527
17742,1,0.901563,0.000986
17743,0,0.901874,0.000789
17744,1,0.902220,0.000737
17745,0,0.902549,0.000589
17746,1,0.902911,0.000471
17747,1,0.903256,0.000509
17748,1,0.903584,0.000835
17749,1,0.903894,0.001362
17750,1,0.904184,0.002021
17751,1,0.904454,0.002760
17752,1,0.904703,0.003539
17753,1,0.904931,0.004328
17754,1,0.905137,0.005104
17755,0,0.905320,0.004519
17756,0,0.905551,0.003615
17757,0,0.905823,0.002892
17758,0,0.906132,0.002314
17759,1,0.906471,0.001851
17760,0,0.906796,0.001481
17761,1,0.907148,0.001185
17762,1,0.907487,0.000948
17763,1,0.907811,0.000758
17764,1,0.908119,0.000673
17765,0,0.908409,0.000538
17766,1,0.908732,0.000431
17767,1,0.909040,0.000455
17768,0,0.909330,0.000364
17769,0,0.909653,0.000291
17770,1,0.910002,0.000233
17771,0,0.910339,0.000186
17772,0,0.910700,0.000149
17773,1,0.911082,0.000119
17774,1,0.911454,0.000095
17775,1,0.911814,0.000076
17776,1,0.912160,0.000166
17777,0,0.912492,0.000133
17778,1,0.912850,0.000106
17779,0,0.913194,0.000085
17780,1,0.913562,0.000068
17781,1,0.913918,0.000131
17782,1,0.914259,0.000452
17783,0,0.914585,0.000362
17784,0,0.914938,0.000289
17785,1,0.915313,0.000231
17786,1,0.915676,0.000188
17787,1,0.916025,0.000425
17788,1,0.916360,0.000865
17789,1,0.916679,0.001448
17790,1,0.916980,0.002127
17791,1,0.917264,0.002864
17792,1,0.917528,0.003628
17793,0,0.917772,0.003325
17794,1,0.918053,0.003338
17795,1,0.918315,0.003578
17796,0,0.918558,0.002929
17797,1,0.918836,0.002704
17798,0,0.919097,0.002163
17799,1,0.919390,0.001731
17800,0,0.919666,0.001385
17801,1,0.919971,0.001108
17802,0,0.920262,0.000886
17803,0,0.920579,0.000709
17804,1,0.920920,0.000567
17805,1,0.921248,0.000454
17806,0,0.921562,0.000363
17807,1,0.921900,0.000290
17808,1,0.922225,0.000232
17809,1,0.922536,0.000358
17810,1,0.922831,0.000726
17811,1,0.923110,0.001267
17812,0,0.923371,0.001014
17813,1,0.923662,0.001084
17814,0,0.923937,0.000867
17815,1,0.924241,0.000694
17816,0,0.924529,0.000555
17817,1,0.924843,0.000444
17818,1,0.925142,0.000468
17819,1,0.925426,0.000762
17820,1,0.925694,0.001249
17821,0,0.925943,0.000999
17822,1,0.926224,0.001036
17823,1,0.926487,0.001333
17824,1,0.926733,0.001815
17825,1,0.926961,0.002422
17826,0,0.927169,0.002069
17827,0,0.927412,0.001655
17828,1,0.927684,0.001324
17829,1,0.927941,0.001228
17830,1,0.928181,0.001431
17831,0,0.928402,0.001145
17832,1,0.928656,0.000986
17833,1,0.928893,0.001151
17834,0,0.929111,0.000921
17835,0,0.929362,0.000736
17836,0,0.929639,0.000589
17837,1,0.929938,0.000471
17838,0,0.930225,0.000377
17839,1,0.930532,0.000302
17840,1,0.930828,0.000241
17841,1,0.931112,0.000193
17842,0,0.931381,0.000154
17843,0,0.931673,0.000124
17844,0,0.931985,0.000099
17845,1,0.932312,0.000079
17846,1,0.932630,0.000063
17847,0,0.932938,0.000051
17848,0,0.933262,0.000040
17849,1,0.933599,0.000032
17850,1,0.933929,0.000026
17851,1,0.934250,0.000021
17852,0,0.934560,0.000017
17853,0,0.934887,0.000013
17854,1,0.935226,0.000011
17855,1,0.935557,0.000008
17856,1,0.935879,0.000164
17857,1,0.936190,0.000503
17858,0,0.936489,0.000403
17859,1,0.936806,0.000511
17860,1,0.937111,0.000816
17861,1,0.937402,0.001270
17862,0,0.937679,0.001119
17863,1,0.937978,0.001230
17864,1,0.938264,0.001540
17865,1,0.938534,0.001996
17866,0,0.938787,0.001761
17867,1,0.939066,0.001816
17868,1,0.939329,0.002086
17869,0,0.939576,0.001712
17870,0,0.939848,0.001370
17871,1,0.940141,0.001096
17872,1,0.940421,0.001045
17873,1,0.940687,0.001253
17874,0,0.940936,0.001002
17875,1,0.941210,0.000955
17876,0,0.941468,0.000764
17877,1,0.941749,0.000611
17878,0,0.942016,0.000489
17879,0,0.942303,0.000391
17880,1,0.942606,0.000313
17881,0,0.942898,0.000250
17882,0,0.943205,0.000200
17883,1,0.943523,0.000160
17884,0,0.943834,0.000128
17885,1,0.944154,0.000103
17886,1,0.944468,0.000082
17887,1,0.944774,0.000083
17888,1,0.945069,0.000299
17889,1,0.945351,0.000682
17890,0,0.945620,0.000557
17891,0,0.945908,0.000446
17892,0,0.946211,0.000357
17893,1,0.946525,0.000285
17894,0,0.946831,0.000228
17895,1,0.947147,0.000183
17896,1,0.947456,0.000146
17897,0,0.947756,0.000117
17898,1,0.948067,0.000094
17899,1,0.948370,0.000216
17900,0,0.948662,0.000172
17901,1,0.948968,0.000195
17902,1,0.949264,0.000409
17903,1,0.949548,0.000776
17904,1,0.949819,0.001260
17905,1,0.950075,0.001833
17906,1,0.950315,0.002467
17907,1,0.950538,0.003141
17908,1,0.950742,0.003837
17909,0,0.950927,0.003614
17910,1,0.951141,0.003655
17911,1,0.951337,0.003890
17912,1,0.951514,0.004265
17913,1,0.951670,0.004735
17914,1,0.951806,0.005266
17915,1,0.951919,0.005830
17916,0,0.952011,0.005258
17917,1,0.952140,0.005040
17918,1,0.952249,0.005080
17919,1,0.952336,0.005304
17920,0,0.952400,0.004483
17921,0,0.952505,0.003587
17922,1,0.952643,0.002869
17923,0,0.952762,0.002295
17924,1,0.952913,0.001836
17925,1,0.953046,0.001469
17926,1,0.953161,0.001444
17927,0,0.953257,0.001155
17928,1,0.953385,0.000924
17929,1,0.953496,0.000957
17930,0,0.953587,0.000765
17931,0,0.953712,0.000612
17932,0,0.953864,0.000490
17933,1,0.954039,0.000392
17934,1,0.954201,0.000314
17935,1,0.954349,0.000251
17936,1,0.954480,0.000325
17937,1,0.954595,0.000668
17938,0,0.954692,0.000534
17939,1,0.954820,0.000487
17940,0,0.954931,0.000390
17941,0,0.955070,0.000312
17942,0,0.955233,0.000249
17943,0,0.955414,0.000200
17944,1,0.955611,0.000160
17945,1,0.955799,0.000128
17946,1,0.955977,0.000102
17947,0,0.956144,0.000082
17948,1,0.956329,0.000065
17949,1,0.956503,0.000052
17950,1,0.956665,0.000250
17951,0,0.956813,0.000200
17952,0,0.956983,0.000160
17953,1,0.957171,0.000128
17954,1,0.957349,0.000103
17955,1,0.957514,0.000327
17956,0,0.957666,0.000262
17957,1,0.957839,0.000276
17958,1,0.958000,0.000533
17959,1,0.958146,0.000971
17960,0,0.958277,0.000777
17961,0,0.958433,0.000622
17962,1,0.958608,0.000497
17963,1,0.958772,0.000546
17964,1,0.958922,0.000829
17965,0,0.959057,0.000663
17966,0,0.959216,0.000531
17967,1,0.959394,0.000425
17968,1,0.959560,0.000418
17969,0,0.959713,0.000334
17970,1,0.959887,0.000267
17971,1,0.960048,0.000416
17972,0,0.960196,0.000333
17973,1,0.960364,0.000304
17974,1,0.960520,0.000526
17975,1,0.960662,0.000935
17976,0,0.960789,0.000748
17977,1,0.960939,0.000836
17978,1,0.961076,0.001145
17979,1,0.961197,0.001617
17980,1,0.961301,0.002201
17981,1,0.961388,0.002860
17982,0,0.961455,0.002611
17983,0,0.961554,0.002089
17984,1,0.961680,0.001723
17985,0,0.961790,0.001379
17986,1,0.961925,0.001103
17987,1,0.962046,0.001040
17988,1,0.962151,0.001252
17989,1,0.962239,0.001663
17990,1,0.962310,0.002214
17991,1,0.962363,0.002856
17992,1,0.962395,0.003552
17993,1,0.962408,0.004274
17994,0,0.962399,0.003871
17995,1,0.962429,0.003804
17996,0,0.962439,0.003043
17997,1,0.962485,0.002643
17998,1,0.962512,0.002605
17999,1,0.962521,0.002829
18000,0,0.962509,0.002263
18001,1,0.962535,0.002023
18002,1,0.962541,0.002116
18003,1,0.962529,0.002448
18004,0,0.962496,0.001958
18005,1,0.962502,0.001763
18006,1,0.962489,0.001898
18007,1,0.962457,0.002265
18008,1,0.962404,0.002791
18009,1,0.962330,0.003416
18010,1,0.962234,0.004097
18011,1,0.962117,0.004801
18012,0,0.961976,0.004159
18013,1,0.961885,0.003930
18014,1,0.961772,0.003997
18015,1,0.961638,0.004272
18016,0,0.961482,0.003418
18017,1,0.961374,0.002994
18018,1,0.961247,0.002948
18019,1,0.961098,0.003169
18020,1,0.960927,0.003572
18021,0,0.960734,0.002858
18022,0,0.960593,0.002286
18023,1,0.960497,0.001829
18024,0,0.960382,0.001463
18025,0,0.960308,0.001171
18026,0,0.960271,0.000936
18027,0,0.960264,0.000749
18028,1,0.960283,0.000599
18029,0,0.960291,0.000479
18030,0,0.960323,0.000384
18031,1,0.960375,0.000307
18032,1,0.960420,0.000245
18033,0,0.960456,0.000196
18034,0,0.960512,0.000157
18035,1,0.960585,0.000126
18036,1,0.960653,0.000101
18037,1,0.960712,0.000080
18038,1,0.960763,0.000064
18039,1,0.960802,0.000190
18040,1,0.960829,0.000553
18041,1,0.960842,0.001087
18042,1,0.960841,0.001738
18043,0,0.960823,0.001546
18044,1,0.960838,0.001663
18045,1,0.960838,0.002004
18046,0,0.960822,0.001603
18047,0,0.960838,0.001282
18048,1,0.960881,0.001026
18049,1,0.960912,0.000938
18050,1,0.960929,0.001141
18051,1,0.960932,0.001554
18052,0,0.960918,0.001244
18053,0,0.960936,0.000995
18054,1,0.960981,0.000796
18055,1,0.961014,0.000729
18056,0,0.961033,0.000583
18057,0,0.961079,0.000467
18058,1,0.961149,0.000373
18059,0,0.961207,0.000299
18060,0,0.961287,0.000239
18061,1,0.961384,0.000191
18062,1,0.961473,0.000153
18063,1,0.961554,0.000122
18064,1,0.961624,0.000281
18065,1,0.961682,0.000652
18066,1,0.961727,0.001178
18067,1,0.961757,0.001810
18068,1,0.961771,0.002513
18069,0,0.961768,0.002317
18070,1,0.961798,0.002411
18071,1,0.961812,0.002718
18072,1,0.961809,0.003174
18073,1,0.961789,0.003730
18074,1,0.961750,0.004348
18075,0,0.961691,0.003895
18076,0,0.961672,0.003116
18077,1,0.961686,0.002531
18078,0,0.961685,0.002025
18079,1,0.961714,0.001620
18080,1,0.961729,0.001403
18081,1,0.961728,0.001516
18082,0,0.961710,0.001213
18083,1,0.961725,0.001003
18084,0,0.961725,0.000802
18085,0,0.961755,0.000642
18086,0,0.961811,0.000513
18087,0,0.961888,0.000411
18088,1,0.961982,0.000329
18089,1,0.962069,0.000263
18090,1,0.962147,0.000210
18091,0,0.962214,0.000168
18092,1,0.962302,0.000135
18093,0,0.962380,0.000108
18094,0,0.962477,0.000086
18095,1,0.962589,0.000069
18096,1,0.962695,0.000055
18097,1,0.962792,0.000044
18098,1,0.962879,0.000253
18099,1,0.962955,0.000653
18100,0,0.963017,0.000523
18101,0,0.963103,0.000418
18102,0,0.963208,0.000335
18103,1,0.963329,0.000268
18104,0,0.963442,0.000214
18105,1,0.963570,0.000171
18106,0,0.963691,0.000137
18107,1,0.963826,0.000110
18108,0,0.963954,0.000088
18109,1,0.964094,0.000070
18110,1,0.964228,0.000056
18111,1,0.964355,0.000219
18112,1,0.964473,0.000552
18113,1,0.964579,0.001017
18114,1,0.964673,0.001581
18115,1,0.964753,0.002214
18116,1,0.964817,0.002893
18117,1,0.964865,0.003597
18118,1,0.964895,0.004311
18119,1,0.964907,0.005019
18120,1,0.964899,0.005712
18121,1,0.964871,0.006379
18122,0,0.964822,0.005869
18123,0,0.964813,0.004695
18124,0,0.964839,0.003756
18125,1,0.964893,0.003005
18126,0,0.964933,0.002404
18127,0,0.964999,0.001923
18128,0,0.965088,0.001539
18129,1,0.965194,0.001231
18130,1,0.965292,0.000985
18131,0,0.965378,0.000788
18132,1,0.965484,0.000630
18133,1,0.965580,0.000504
18134,0,0.965664,0.000403
18135,0,0.965768,0.000323
18136,0,0.965888,0.000258
18137,1,0.966020,0.000207
18138,1,0.966147,0.000165
18139,0,0.966266,0.000132
18140,0,0.966398,0.000106
18141,0,0.966541,0.000085
18142,0,0.966690,0.000068
18143,1,0.966844,0.000054
18144,1,0.966998,0.000043
18145,0,0.967149,0.000035
18146,0,0.967307,0.000028
18147,1,0.967468,0.000022
18148,0,0.967629,0.000018
18149,0,0.967794,0.000014
18150,1,0.967958,0.000011
18151,1,0.968126,0.000009
18152,1,0.968294,0.000007
18153,1,0.968459,0.000044
18154,0,0.968620,0.000035
18155,1,0.968789,0.000051
18156,1,0.968954,0.000198
18157,1,0.969112,0.000466
18158,0,0.969262,0.000424
18159,0,0.969424,0.000339
18160,0,0.969594,0.000272
18161,1,0.969770,0.000217
18162,0,0.969944,0.000174
18163,1,0.970122,0.000139
18164,1,0.970298,0.000163
18165,0,0.970469,0.000130
18166,1,0.970647,0.000136
18167,1,0.970821,0.000272
18168,1,0.970988,0.000527
18169,0,0.971146,0.000477
18170,1,0.971316,0.000586
18171,0,0.971478,0.000468
18172,0,0.971650,0.000375
18173,1,0.971830,0.000300
18174,0,0.972005,0.000240
18175,1,0.972187,0.000192
18176,1,0.972363,0.000261
18177,0,0.972534,0.000209
18178,1,0.972712,0.000232
18179,1,0.972885,0.000399
18180,0,0.973049,0.000319
18181,0,0.973224,0.000255
18182,1,0.973406,0.000204
18183,1,0.973582,0.000284
18184,1,0.973751,0.000502
18185,1,0.973911,0.000839
18186,1,0.974060,0.001276
18187,0,0.974196,0.001221
18188,1,0.974348,0.001359
18189,0,0.974489,0.001122
18190,1,0.974645,0.001122
18191,1,0.974790,0.001312
18192,1,0.974922,0.001651
18193,1,0.975040,0.002106
18194,0,0.975142,0.001937
18195,0,0.975266,0.001550
18196,0,0.975407,0.001240
18197,0,0.975561,0.000992
18198,0,0.975725,0.000793
18199,1,0.975894,0.000635
18200,1,0.976060,0.000508
18201,1,0.976218,0.000406
18202,1,0.976368,0.000482
18203,1,0.976507,0.000736
18204,0,0.976634,0.000588
18205,0,0.976776,0.000471
18206,1,0.976931,0.000377
18207,1,0.977076,0.000449
18208,1,0.977211,0.000703
18209,0,0.977333,0.000563
18210,1,0.977472,0.000637
18211,1,0.977598,0.000898
18212,1,0.977712,0.001304
18213,0,0.977811,0.001158
18214,1,0.977930,0.001258
18215,0,0.978035,0.001007
18216,1,0.978158,0.000960
18217,0,0.978268,0.000768
18218,1,0.978395,0.000649
18219,1,0.978510,0.000776
18220,0,0.978612,0.000621
18221,0,0.978732,0.000497
18222,0,0.978865,0.000398
18223,0,0.979008,0.000318
18224,1,0.979158,0.000254
18225,0,0.979303,0.000204
18226,0,0.979454,0.000163
18227,1,0.979608,0.000130
18228,1,0.979760,0.000104
18229,0,0.979907,0.000083
18230,1,0.980060,0.000067
18231,1,0.980209,0.000053
18232,1,0.980352,0.000156
18233,0,0.980486,0.000125
18234,0,0.980630,0.000100
18235,1,0.980781,0.000080
18236,1,0.980926,0.000129
18237,0,0.981064,0.000103
18238,0,0.981211,0.000082
18239,1,0.981363,0.000066
18240,1,0.981511,0.000097
18241,1,0.981652,0.000269
18242,1,0.981784,0.000567
18243,1,0.981906,0.000971
18244,1,0.982016,0.001462
18245,0,0.982112,0.001415
18246,0,0.982226,0.001132
18247,1,0.982353,0.001038
18248,1,0.982470,0.001152
18249,1,0.982575,0.001433
18250,0,0.982666,0.001241
18251,0,0.982775,0.000993
18252,0,0.982897,0.000794
18253,0,0.983029,0.000635
18254,1,0.983167,0.000508
18255,0,0.983300,0.000407
18256,0,0.983439,0.000325
18257,1,0.983581,0.000260
18258,0,0.983720,0.000208
18259,1,0.983862,0.000167
18260,1,0.984002,0.000133
18261,0,0.984138,0.000107
18262,1,0.984278,0.000085
18263,1,0.984414,0.000111
18264,0,0.984544,0.000088
18265,0,0.984681,0.000071
18266,1,0.984822,0.000057
18267,1,0.984959,0.000081
18268,0,0.985091,0.000065
18269,0,0.985228,0.000052
18270,0,0.985369,0.000041
18271,1,0.985510,0.000033
18272,0,0.985650,0.000027
18273,0,0.985791,0.000021
18274,1,0.985929,0.000017
18275,1,0.986070,0.000014
18276,0,0.986210,0.000011
18277,1,0.986350,0.000009
18278,0,0.986490,0.000007
18279,1,0.986630,0.000006
18280,0,0.986769,0.000004
18281,0,0.986909,0.000016
18282,1,0.987046,0.000013
18283,1,0.987185,0.000010
18284,0,0.987324,0.000008
18285,0,0.987463,0.000024
18286,0,0.987599,0.000119
18287,1,0.987731,0.000095
18288,0,0.987867,0.000149
18289,0,0.987998,0.000300
18290,0,0.988123,0.000549
18291,1,0.988239,0.000521
18292,0,0.988364,0.000629
18293,1,0.988481,0.000517
18294,0,0.988607,0.000556
18295,1,0.988725,0.000445
18296,0,0.988850,0.000447
18297,1,0.988969,0.000358
18298,1,0.989094,0.000286
18299,1,0.989224,0.000229
18300,1,0.989354,0.000183
18301,1,0.989483,0.000147
18302,0,0.989607,0.000117
18303,0,0.989735,0.000094
18304,0,0.989864,0.000075
18305,0,0.989991,0.000080
18306,0,0.990114,0.000194
18307,1,0.990230,0.000155
18308,1,0.990353,0.000124
18309,0,0.990479,0.000099
18310,0,0.990601,0.000167
18311,0,0.990717,0.000347
18312,1,0.990825,0.000298
18313,0,0.990941,0.000383
18314,1,0.991050,0.000306
18315,0,0.991167,0.000340
18316,1,0.991276,0.000272
18317,1,0.991392,0.000218
18318,0,0.991512,0.000174
18319,0,0.991627,0.000204
18320,1,0.991737,0.000164
18321,0,0.991852,0.000172
18322,1,0.991962,0.000138
18323,1,0.992077,0.000110
18324,1,0.992194,0.000088
18325,0,0.992311,0.000070
18326,0,0.992427,0.000056
18327,0,0.992541,0.000102
18328,1,0.992650,0.000082
18329,1,0.992763,0.000065
18330,1,0.992878,0.000052
18331,0,0.992991,0.000042
18332,1,0.993106,0.000033
18333,1,0.993218,0.000049
18334,1,0.993328,0.000158
18335,1,0.993431,0.000367
18336,1,0.993527,0.000672
18337,0,0.993612,0.000651
18338,0,0.993708,0.000521
18339,1,0.993811,0.000489
18340,0,0.993907,0.000391
18341,0,0.994010,0.000313
18342,1,0.994116,0.000250
18343,1,0.994218,0.000252
18344,0,0.994314,0.000202
18345,0,0.994416,0.000161
18346,0,0.994521,0.000129
18347,1,0.994625,0.000103
18348,1,0.994729,0.000083
18349,0,0.994830,0.000066
18350,1,0.994933,0.000053
18351,0,0.995033,0.000042
18352,1,0.995135,0.000034
18353,1,0.995235,0.000096
18354,1,0.995329,0.000260
18355,0,0.995416,0.000223
18356,0,0.995511,0.000178
18357,0,0.995609,0.000143
18358,1,0.995708,0.000114
18359,1,0.995805,0.000113
18360,0,0.995899,0.000091
18361,0,0.995996,0.000073
18362,1,0.996093,0.000058
18363,0,0.996189,0.000046
18364,0,0.996285,0.000037
18365,1,0.996380,0.000030
18366,0,0.996475,0.000024
18367,1,0.996569,0.000019
18368,1,0.996663,0.000015
18369,1,0.996757,0.000065
18370,1,0.996846,0.000204
18371,1,0.996929,0.000437
18372,1,0.997004,0.000761
18373,0,0.997069,0.000744
18374,1,0.997144,0.000874
18375,0,0.997210,0.000737
18376,0,0.997286,0.000590
18377,1,0.997368,0.000488
18378,0,0.997444,0.000391
18379,0,0.997526,0.000312
18380,0,0.997612,0.000250
18381,1,0.997697,0.000200
18382,0,0.997781,0.000160
18383,0,0.997866,0.000128
18384,1,0.997948,0.000102
18385,1,0.998031,0.000082
18386,1,0.998114,0.000066
18387,1,0.998194,0.000142
18388,1,0.998268,0.000325
18389,0,0.998334,0.000284
18390,0,0.998407,0.000227
18391,0,0.998486,0.000182
18392,1,0.998566,0.000145
18393,1,0.998644,0.000143
18394,1,0.998717,0.000255
18395,1,0.998784,0.000477
18396,0,0.998842,0.000432
18397,1,0.998909,0.000530
18398,1,0.998967,0.000757
18399,0,0.999016,0.000671
18400,1,0.999075,0.000754
18401,0,0.999125,0.000603
18402,0,0.999186,0.000483
18403,0,0.999253,0.000386
18404,1,0.999323,0.000309
18405,0,0.999390,0.000247
18406,0,0.999460,0.000198
18407,0,0.999530,0.000158
18408,0,0.999599,0.000127
18409,1,0.999662,0.000101
18410,1,0.999730,0.000081
18411,1,0.999799,0.000065
18412,1,0.999867,0.000052
18413,1,0.999931,0.000139
18414,1,0.999989,0.000337
18415,0,1.000039,0.000295
18416,0,1.000098,0.000236
18417,1,1.000162,0.000202
18418,0,1.000220,0.000161
18419,0,1.000284,0.000129
18420,1,1.000349,0.000103
18421,1,1.000412,0.000103
18422,0,1.000471,0.000083
18423,0,1.000534,0.000066
18424,1,1.000598,0.000053
18425,1,1.000660,0.000068
18426,0,1.000719,0.000054
18427,0,1.000781,0.000044
18428,1,1.000844,0.000035
18429,1,1.000906,0.000056
18430,0,1.000964,0.000045
18431,1,1.001026,0.000057
18432,0,1.001084,0.000046
18433,1,1.001145,0.000053
18434,1,1.001202,0.000153
18435,1,1.001255,0.000352
18436,1,1.001299,0.000648
18437,0,1.001334,0.000626
18438,0,1.001379,0.000501
18439,0,1.001432,0.000401
18440,1,1.001488,0.000321
18441,0,1.001541,0.000256
18442,1,1.001597,0.000205
18443,0,1.001649,0.000164
18444,0,1.001705,0.000131
18445,0,1.001761,0.000105
18446,0,1.001815,0.000126
18447,1,1.001864,0.000101
18448,1,1.001918,0.000081
18449,1,1.001973,0.000065
18450,1,1.002027,0.000074
18451,1,1.002077,0.000183
18452,1,1.002121,0.000396
18453,1,1.002157,0.000707
18454,1,1.002183,0.001107
18455,1,1.002197,0.001583
18456,1,1.002198,0.002121
18457,0,1.002183,0.002057
18458,1,1.002188,0.002190
18459,0,1.002179,0.001877
18460,1,1.002186,0.001824
18461,1,1.002182,0.001978
18462,1,1.002162,0.002292
18463,0,1.002127,0.002026
18464,0,1.002113,0.001621
18465,1,1.002116,0.001356
18466,1,1.002106,0.001365
18467,0,1.002083,0.001092
18468,1,1.002077,0.000989
18469,1,1.002059,0.001129
18470,0,1.002027,0.000903
18471,0,1.002013,0.000723
18472,1,1.002014,0.000578
18473,0,1.002005,0.000462
18474,0,1.002009,0.000370
18475,0,1.002023,0.000296
18476,0,1.002044,0.000237
18477,1,1.002068,0.000189
18478,1,1.002089,0.000152
18479,1,1.002107,0.000121
18480,1,1.002117,0.000136
18481,0,1.002119,0.000109
18482,1,1.002131,0.000087
18483,1,1.002136,0.000247
18484,0,1.002130,0.000198
18485,0,1.002138,0.000158
18486,1,1.002154,0.000127
18487,0,1.002163,0.000101
18488,0,1.002181,0.000081
18489,0,1.002204,0.000065
18490,0,1.002228,0.000052
18491,1,1.002253,0.000041
18492,1,1.002278,0.000033
18493,0,1.002303,0.000027
18494,0,1.002329,0.000021
18495,1,1.002355,0.000017
18496,1,1.002383,0.000014
18497,0,1.002409,0.000011
18498,0,1.002437,0.000009
18499,1,1.002464,0.000007
18500,1,1.002493,0.000006
18501,1,1.002521,0.000037
18502,1,1.002544,0.000171
18503,0,1.002562,0.000137
18504,0,1.002587,0.000110
18505,1,1.002616,0.000088
18506,1,1.002642,0.000166
18507,0,1.002663,0.000133
18508,0,1.002690,0.000106
18509,1,1.002720,0.000085
18510,0,1.002747,0.000068
18511,1,1.002778,0.000054
18512,1,1.002806,0.000116
18513,1,1.002830,0.000280
18514,0,1.002847,0.000242
18515,0,1.002872,0.000194
18516,0,1.002902,0.000155
18517,1,1.002933,0.000124
18518,1,1.002963,0.000123
18519,1,1.002989,0.000228
18520,1,1.003010,0.000439
18521,1,1.003023,0.000751
18522,1,1.003026,0.001152
18523,1,1.003017,0.001630
18524,1,1.002995,0.002169
18525,0,1.002959,0.002101
18526,0,1.002941,0.001699
18527,1,1.002940,0.001568
18528,0,1.002927,0.001255
18529,0,1.002928,0.001004
18530,0,1.002939,0.000803
18531,0,1.002957,0.000642
18532,1,1.002979,0.000514
18533,0,1.002999,0.000411
18534,1,1.003022,0.000329
18535,1,1.003042,0.000263
18536,1,1.003058,0.000247
18537,1,1.003067,0.000392
18538,1,1.003066,0.000675
18539,0,1.003055,0.000593
18540,1,1.003058,0.000699
18541,0,1.003050,0.000559
18542,1,1.003055,0.000575
18543,0,1.003051,0.000460
18544,1,1.003058,0.000429
18545,0,1.003057,0.000344
18546,0,1.003066,0.000275
18547,1,1.003082,0.000220
18548,1,1.003093,0.000204
18549,1,1.003097,0.000358
18550,1,1.003091,0.000654
18551,0,1.003074,0.000568
18552,0,1.003071,0.000454
18553,1,1.003079,0.000367
18554,1,1.003079,0.000472
18555,0,1.003069,0.000378
18556,1,1.003071,0.000396
18557,0,1.003065,0.000317
18558,1,1.003070,0.000291
18559,0,1.003066,0.000232
18560,0,1.003073,0.000186
18561,0,1.003087,0.000149
18562,1,1.003104,0.000119
18563,1,1.003120,0.000095
18564,1,1.003130,0.000132
18565,1,1.003133,0.000319
18566,1,1.003127,0.000635
18567,1,1.003111,0.001058
18568,1,1.003082,0.001568
18569,1,1.003039,0.002143
18570,0,1.002980,0.002064
18571,0,1.002943,0.001651
18572,1,1.002923,0.001501
18573,1,1.002892,0.001589
18574,1,1.002847,0.001861
18575,1,1.002787,0.002272
18576,0,1.002711,0.002036
18577,1,1.002658,0.002071
18578,1,1.002591,0.002313
18579,0,1.002507,0.001946
18580,1,1.002447,0.001894
18581,1,1.002373,0.002080
18582,0,1.002282,0.001671
18583,1,1.002215,0.001599
18584,1,1.002133,0.001780
18585,1,1.002035,0.002147
18586,1,1.001920,0.002647
18587,0,1.001786,0.002329
18588,1,1.001682,0.002330
18589,0,1.001561,0.001864
18590,1,1.001467,0.001639
18591,1,1.001357,0.001724
18592,0,1.001231,0.001379
18593,0,1.001131,0.001103
18594,0,1.001055,0.000882
18595,1,1.000997,0.000706
18596,1,1.000928,0.000565
18597,0,1.000847,0.000452
18598,0,1.000786,0.000361
18599,1,1.000739,0.000289
18600,0,1.000684,0.000231
18601,1,1.000643,0.000185
18602,0,1.000594,0.000148
18603,0,1.000558,0.000118
18604,0,1.000532,0.000095
18605,1,1.000512,0.000076
18606,1,1.000489,0.000061
18607,0,1.000462,0.000049
18608,0,1.000443,0.000039
18609,0,1.000429,0.000031
18610,1,1.000418,0.000025
18611,0,1.000408,0.000020
18612,1,1.000399,0.000016
18613,0,1.000392,0.000013
18614,0,1.000387,0.000010
18615,1,1.000381,0.000008
18616,0,1.000378,0.000007
18617,0,1.000375,0.000005
18618,1,1.000369,0.000004
18619,1,1.000368,0.000003
18620,0,1.000370,0.000003
18621,0,1.000373,0.000002
18622,0,1.000372,0.000103
18623,0,1.000367,0.000316
18624,1,1.000354,0.000281
18625,1,1.000352,0.000225
18626,0,1.000356,0.000196
18627,0,1.000357,0.000299
18628,1,1.000351,0.000239
18629,1,1.000355,0.000192
18630,1,1.000364,0.000153
18631,1,1.000375,0.000123
18632,1,1.000387,0.000098
18633,1,1.000396,0.000172
18634,1,1.000399,0.000361
18635,0,1.000396,0.000311
18636,0,1.000403,0.000249
18637,0,1.000416,0.000199
18638,0,1.000432,0.000159
18639,1,1.000449,0.000128
18640,1,1.000467,0.000102
18641,1,1.000484,0.000131
18642,0,1.000497,0.000105
18643,0,1.000515,0.000084
18644,0,1.000536,0.000067
18645,1,1.000557,0.000054
18646,0,1.000580,0.000043
18647,1,1.000602,0.000034
18648,0,1.000626,0.000027
18649,1,1.000650,0.000022
18650,1,1.000675,0.000019
18651,1,1.000699,0.000096
18652,1,1.000719,0.000266
18653,0,1.000734,0.000240
18654,1,1.000756,0.000326
18655,1,1.000772,0.000523
18656,1,1.000781,0.000823
18657,1,1.000780,0.001215
18658,1,1.000768,0.001685
18659,1,1.000744,0.002219
18660,1,1.000704,0.002801
18661,1,1.000650,0.003416
18662,0,1.000578,0.003260
18663,0,1.000531,0.002668
18664,1,1.000504,0.002416
18665,1,1.000464,0.002431
18666,0,1.000409,0.001961
18667,1,1.000375,0.001818
18668,1,1.000328,0.001928
18669,0,1.000266,0.001542
18670,0,1.000225,0.001234
18671,0,1.000202,0.000987
18672,0,1.000193,0.000790
18673,1,1.000194,0.000632
18674,0,1.000188,0.000505
18675,1,1.000192,0.000404
18676,1,1.000190,0.000323
18677,1,1.000179,0.000284
18678,1,1.000159,0.000460
18679,0,1.000128,0.000368
18680,0,1.000112,0.000295
18681,0,1.000109,0.000236
18682,0,1.000115,0.000189
18683,0,1.000126,0.000151
18684,0,1.000140,0.000121
18685,1,1.000154,0.000097
18686,0,1.000170,0.000077
18687,0,1.000185,0.000062
18688,1,1.000199,0.000049
18689,1,1.000216,0.000040
18690,0,1.000235,0.000032
18691,1,1.000254,0.000025
18692,1,1.000275,0.000020
18693,1,1.000295,0.000016
18694,1,1.000311,0.000119
18695,1,1.000321,0.000341
18696,1,1.000323,0.000671
18697,0,1.000316,0.000641
18698,1,1.000321,0.000775
18699,1,1.000317,0.001047
18700,0,1.000303,0.000935
18701,0,1.000303,0.000748
18702,0,1.000313,0.000598
18703,0,1.000332,0.000479
18704,0,1.000354,0.000383
18705,1,1.000378,0.000306
18706,1,1.000401,0.000245
18707,0,1.000423,0.000196
18708,1,1.000448,0.000157
18709,1,1.000471,0.000135
18710,0,1.000490,0.000108
18711,0,1.000514,0.000086
18712,1,1.000542,0.000069
18713,1,1.000568,0.000074
18714,0,1.000590,0.000059
18715,0,1.000617,0.000047
18716,0,1.000647,0.000038
18717,0,1.000677,0.000030
18718,0,1.000703,0.000126
18719,0,1.000724,0.000329
18720,0,1.000739,0.000634
18721,1,1.000743,0.000609
18722,1,1.000760,0.000487
18723,1,1.000784,0.000390
18724,1,1.000814,0.000312
18725,1,1.000846,0.000249
18726,0,1.000877,0.000200
18727,1,1.000909,0.000160
18728,1,1.000941,0.000128
18729,0,1.000970,0.000102
18730,1,1.001002,0.000082
18731,0,1.001032,0.000065
18732,1,1.001066,0.000052
18733,1,1.001097,0.000134
18734,1,1.001123,0.000323
18735,1,1.001142,0.000613
18736,1,1.001151,0.000995
18737,1,1.001150,0.001457
18738,1,1.001136,0.001984
18739,1,1.001108,0.002563
18740,0,1.001065,0.002473
18741,0,1.001042,0.002011
18742,1,1.001037,0.001845
18743,1,1.001020,0.001914
18744,0,1.000990,0.001553
18745,1,1.000977,0.001479
18746,0,1.000952,0.001183
18747,1,1.000944,0.001043
18748,1,1.000925,0.001146
18749,1,1.000892,0.001436
18750,0,1.000845,0.001197
18751,0,1.000818,0.000958
18752,0,1.000807,0.000766
18753,0,1.000809,0.000613
18754,1,1.000820,0.000490
18755,0,1.000824,0.000392
18756,1,1.000837,0.000314
18757,1,1.000844,0.000251
18758,0,1.000843,0.000201
18759,1,1.000853,0.000161
18760,1,1.000856,0.000185
18761,1,1.000849,0.000394
18762,0,1.000832,0.000315
18763,1,1.000830,0.000383
18764,0,1.000817,0.000306
18765,0,1.000818,0.000245
18766,0,1.000828,0.000196
18767,0,1.000844,0.000157
18768,1,1.000864,0.000125
18769,0,1.000882,0.000100
18770,1,1.000904,0.000080
18771,1,1.000923,0.000064
18772,0,1.000939,0.000051
18773,0,1.000961,0.000041
18774,0,1.000984,0.000033
18775,1,1.001008,0.000026
18776,1,1.001033,0.000021
18777,0,1.001057,0.000017
18778,0,1.001083,0.000013
18779,1,1.001108,0.000011
18780,1,1.001136,0.000009
18781,1,1.001162,0.000036
18782,1,1.001184,0.000168
18783,0,1.001201,0.000134
18784,1,1.001225,0.000205
18785,1,1.001244,0.000390
18786,0,1.001255,0.000338
18787,1,1.001276,0.000424
18788,1,1.001290,0.000637
18789,0,1.001294,0.000560
18790,1,1.001310,0.000644
18791,1,1.001318,0.000869
18792,0,1.001316,0.000760
18793,1,1.001326,0.000834
18794,1,1.001327,0.001062
18795,0,1.001317,0.000918
18796,0,1.001322,0.000735
18797,1,1.001336,0.000609
18798,1,1.001344,0.000681
18799,1,1.001341,0.000917
18800,0,1.001327,0.000770
18801,1,1.001328,0.000838
18802,0,1.001319,0.000670
18803,0,1.001323,0.000536
18804,1,1.001337,0.000429
18805,0,1.001343,0.000343
18806,1,1.001359,0.000274
18807,1,1.001369,0.000305
18808,0,1.001369,0.000244
18809,1,1.001381,0.000227
18810,1,1.001385,0.000389
18811,0,1.001379,0.000312
18812,0,1.001385,0.000249
18813,0,1.001401,0.000199
18814,1,1.001423,0.000160
18815,1,1.001440,0.000128
18816,0,1.001451,0.000102
18817,0,1.001470,0.000082
18818,1,1.001494,0.000065
18819,1,1.001515,0.000052
18820,0,1.001530,0.000042
18821,0,1.001552,0.000033
18822,1,1.001578,0.000027
18823,1,1.001602,0.000025
18824,0,1.001620,0.000020
18825,0,1.001645,0.000016
18826,1,1.001673,0.000013
18827,1,1.001698,0.000025
18828,1,1.001720,0.000157
18829,1,1.001735,0.000404
18830,1,1.001741,0.000753
18831,1,1.001738,0.001191
18832,1,1.001722,0.001702
18833,1,1.001692,0.002272
18834,0,1.001647,0.002199
18835,1,1.001623,0.002331
18836,1,1.001585,0.002622
18837,0,1.001532,0.002329
18838,1,1.001500,0.002307
18839,0,1.001454,0.001846
18840,0,1.001428,0.001477
18841,0,1.001417,0.001181
18842,1,1.001418,0.000945
18843,0,1.001411,0.000756
18844,1,1.001415,0.000605
18845,1,1.001411,0.000484
18846,0,1.001398,0.000387
18847,0,1.001397,0.000310
18848,1,1.001405,0.000248
18849,0,1.001408,0.000198
18850,1,1.001418,0.000159
18851,1,1.001423,0.000127
18852,0,1.001420,0.000101
18853,1,1.001427,0.000081
18854,1,1.001427,0.000196
18855,1,1.001418,0.000470
18856,1,1.001398,0.000871
18857,0,1.001366,0.000799
18858,1,1.001350,0.000937
18859,1,1.001324,0.001240
18860,0,1.001284,0.001067
18861,0,1.001262,0.000853
18862,1,1.001254,0.000683
18863,1,1.001237,0.000751
18864,1,1.001208,0.001009
18865,1,1.001166,0.001413
18866,1,1.001110,0.001926
18867,0,1.001038,0.001777
18868,0,1.000990,0.001422
18869,1,1.000960,0.001216
18870,0,1.000917,0.000973
18871,1,1.000892,0.000778
18872,1,1.000856,0.000827
18873,1,1.000807,0.001089
18874,0,1.000744,0.000871
18875,0,1.000702,0.000697
18876,1,1.000676,0.000557
18877,0,1.000640,0.000446
18878,0,1.000618,0.000357
18879,0,1.000609,0.000285
18880,1,1.000607,0.000228
18881,0,1.000601,0.000183
18882,0,1.000602,0.000146
18883,0,1.000608,0.000117
18884,1,1.000615,0.000094
18885,1,1.000623,0.000075
18886,0,1.000629,0.000060
18887,0,1.000638,0.000048
18888,1,1.000649,0.000038
18889,0,1.000661,0.000031
18890,1,1.000674,0.000025
18891,1,1.000688,0.000020
18892,0,1.000700,0.000016
18893,0,1.000715,0.000013
18894,0,1.000731,0.000010
18895,1,1.000746,0.000008
18896,0,1.000764,0.000006
18897,1,1.000780,0.000005
18898,0,1.000799,0.000004
18899,1,1.000817,0.000003
18900,0,1.000838,0.000003
18901,0,1.000858,0.000064
18902,1,1.000874,0.000051
18903,0,1.000895,0.000087
18904,1,1.000912,0.000070
18905,0,1.000935,0.000089
18906,0,1.000954,0.000212
18907,0,1.000968,0.000437
18908,0,1.000975,0.000760
18909,1,1.000971,0.000736
18910,1,1.000980,0.000589
18911,1,1.000998,0.000471
18912,0,1.001022,0.000377
18913,1,1.001041,0.000302
18914,1,1.001066,0.000241
18915,0,1.001092,0.000193
18916,1,1.001118,0.000154
18917,0,1.001146,0.000123
18918,1,1.001173,0.000099
18919,1,1.001202,0.000079
18920,0,1.001230,0.000063
18921,0,1.001259,0.000051
18922,0,1.001288,0.000077
18923,0,1.001314,0.000203
18924,1,1.001334,0.000162
18925,0,1.001361,0.000229
18926,1,1.001382,0.000183
18927,0,1.001411,0.000216
18928,1,1.001434,0.000173
18929,0,1.001463,0.000186
18930,1,1.001488,0.000149
18931,1,1.001518,0.000119
18932,0,1.001550,0.000095
18933,1,1.001581,0.000076
18934,1,1.001615,0.000061
18935,1,1.001647,0.000071
18936,1,1.001677,0.000180
18937,0,1.001701,0.000144
18938,0,1.001732,0.000115
18939,0,1.001765,0.000092
18940,0,1.001800,0.000074
18941,1,1.001832,0.000059
18942,1,1.001867,0.000047
18943,1,1.001902,0.000055
18944,1,1.001934,0.000154
18945,0,1.001961,0.000123
18946,1,1.001994,0.000177
18947,0,1.002022,0.000142
18948,0,1.002056,0.000114
18949,1,1.002092,0.000091
18950,0,1.002126,0.000073
18951,0,1.002163,0.000058
18952,0,1.002198,0.000080
18953,0,1.002231,0.000196
18954,1,1.002258,0.000157
18955,1,1.002291,0.000126
18956,1,1.002328,0.000101
18957,0,1.002364,0.000080
18958,0,1.002401,0.000075
18959,0,1.002435,0.000160
18960,1,1.002465,0.000128
18961,1,1.002499,0.000103
18962,0,1.002536,0.000082
18963,0,1.002572,0.000139
18964,0,1.002603,0.000295
18965,1,1.002627,0.000256
18966,0,1.002658,0.000333
18967,1,1.002684,0.000266
18968,1,1.002716,0.000213
18969,1,1.002752,0.000170
18970,0,1.002789,0.000136
18971,1,1.002825,0.000109
18972,1,1.002862,0.000087
18973,1,1.002897,0.000133
18974,1,1.002928,0.000281
18975,1,1.002952,0.000531
18976,0,1.002967,0.000500
18977,0,1.002992,0.000400
18978,1,1.003024,0.000368
18979,0,1.003050,0.000294
18980,1,1.003083,0.000265
18981,0,1.003110,0.000212
18982,1,1.003143,0.000185
18983,0,1.003171,0.000148
18984,1,1.003204,0.000126
18985,1,1.003233,0.000226
18986,1,1.003255,0.000442
18987,0,1.003269,0.000391
18988,0,1.003293,0.000312
18989,0,1.003323,0.000250
18990,1,1.003356,0.000200
18991,0,1.003387,0.000160
18992,0,1.003420,0.000128
18993,0,1.003454,0.000102
18994,0,1.003485,0.000128
18995,1,1.003512,0.000103
18996,0,1.003544,0.000113
18997,0,1.003571,0.000238
18998,0,1.003592,0.000473
18999,0,1.003604,0.000809
19000,1,1.003605,0.000778
19001,1,1.003619,0.000622
19002,0,1.003642,0.000576
19003,1,1.003658,0.000460
19004,1,1.003682,0.000368
19005,1,1.003710,0.000295
19006,0,1.003741,0.000236
19007,0,1.003770,0.000189
19008,1,1.003795,0.000151
19009,0,1.003825,0.000121
19010,1,1.003850,0.000097
19011,0,1.003880,0.000077
19012,0,1.003907,0.000141
19013,0,1.003927,0.000322
19014,0,1.003940,0.000612
19015,0,1.003944,0.000999
19016,0,1.003935,0.001468
19017,0,1.003914,0.002003
19018,1,1.003878,0.001942
19019,1,1.003861,0.001554
19020,1,1.003859,0.001243
19021,1,1.003868,0.000994
19022,0,1.003884,0.000795
19023,0,1.003895,0.000636
19024,1,1.003898,0.000509
19025,1,1.003910,0.000407
19026,0,1.003929,0.000326
19027,1,1.003942,0.000261
19028,1,1.003962,0.000209
19029,0,1.003984,0.000167
19030,0,1.004004,0.000133
19031,1,1.004020,0.000107
19032,0,1.004041,0.000085
19033,0,1.004058,0.000123
19034,0,1.004068,0.000296
19035,0,1.004071,0.000592
19036,1,1.004063,0.000541
19037,0,1.004068,0.000661
19038,1,1.004063,0.000529
19039,0,1.004069,0.000561
19040,0,1.004067,0.000756
19041,0,1.004055,0.001086
19042,0,1.004030,0.001523
19043,0,1.003991,0.002045
19044,0,1.003937,0.002629
19045,1,1.003867,0.002502
19046,1,1.003820,0.002001
19047,1,1.003791,0.001601
19048,0,1.003777,0.001281
19049,1,1.003753,0.001025
19050,0,1.003742,0.000820
19051,0,1.003722,0.000749
19052,1,1.003690,0.000600
19053,1,1.003674,0.000480
19054,1,1.003668,0.000384
19055,1,1.003671,0.000307
19056,0,1.003677,0.000246
19057,0,1.003681,0.000196
19058,1,1.003680,0.000157
19059,0,1.003686,0.000126
19060,0,1.003687,0.000101
19061,0,1.003681,0.000219
19062,1,1.003666,0.000175
19063,0,1.003662,0.000212
19064,1,1.003651,0.000170
19065,1,1.003649,0.000136
19066,1,1.003655,0.000108
19067,1,1.003665,0.000087
19068,1,1.003676,0.000069
19069,1,1.003685,0.000056
19070,1,1.003691,0.000096
19071,0,1.003690,0.000077
19072,1,1.003697,0.000089
19073,0,1.003699,0.000071
19074,1,1.003707,0.000067
19075,1,1.003710,0.000203
19076,0,1.003706,0.000162
19077,1,1.003712,0.000224
19078,0,1.003710,0.000179
19079,0,1.003717,0.000143
19080,0,1.003729,0.000115
19081,0,1.003744,0.000092
19082,0,1.003758,0.000073
19083,0,1.003769,0.000117
19084,1,1.003775,0.000093
19085,0,1.003787,0.000111
19086,0,1.003794,0.000254
19087,0,1.003795,0.000514
19088,1,1.003786,0.000469
19089,1,1.003789,0.000375
19090,1,1.003799,0.000300
19091,0,1.003814,0.000240
19092,0,1.003826,0.000234
19093,1,1.003832,0.000188
19094,1,1.003845,0.000150
19095,1,1.003861,0.000120
19096,0,1.003879,0.000096
19097,1,1.003896,0.000077
19098,1,1.003914,0.000061
19099,0,1.003931,0.000049
19100,0,1.003950,0.000039
19101,0,1.003969,0.000032
19102,1,1.003985,0.000026
19103,0,1.004004,0.000021
19104,1,1.004021,0.000017
19105,1,1.004042,0.000014
19106,0,1.004062,0.000011
19107,0,1.004083,0.000021
19108,1,1.004102,0.000017
19109,1,1.004124,0.000013
19110,1,1.004145,0.000035
19111,1,1.004164,0.000142
19112,0,1.004179,0.000114
19113,1,1.004199,0.000174
19114,1,1.004214,0.000335
19115,0,1.004223,0.000294
19116,1,1.004239,0.000372
19117,0,1.004250,0.000297
19118,1,1.004267,0.000332
19119,0,1.004279,0.000265
19120,1,1.004298,0.000275
19121,1,1.004311,0.000410
19122,1,1.004317,0.000662
19123,0,1.004313,0.000604
19124,1,1.004321,0.000704
19125,1,1.004320,0.000941
19126,0,1.004309,0.000833
19127,1,1.004310,0.000908
19128,1,1.004302,0.001138
19129,0,1.004282,0.000987
19130,1,1.004277,0.001044
19131,1,1.004261,0.001270
19132,1,1.004233,0.001630
19133,0,1.004191,0.001477
19134,0,1.004167,0.001181
19135,0,1.004158,0.000945
19136,1,1.004159,0.000756
19137,0,1.004152,0.000605
19138,0,1.004155,0.000484
19139,0,1.004164,0.000387
19140,0,1.004177,0.000310
19141,0,1.004190,0.000248
19142,1,1.004200,0.000198
19143,0,1.004214,0.000159
19144,0,1.004226,0.000127
19145,1,1.004234,0.000101
19146,1,1.004247,0.000081
19147,1,1.004262,0.000065
19148,0,1.004277,0.000052
19149,1,1.004293,0.000042
19150,0,1.004309,0.000033
19151,0,1.004326,0.000027
19152,1,1.004342,0.000021
19153,0,1.004359,0.000017
19154,1,1.004376,0.000014
19155,0,1.004394,0.000011
19156,0,1.004411,0.000054
19157,0,1.004424,0.000198
19158,1,1.004431,0.000160
19159,0,1.004446,0.000237
19160,1,1.004454,0.000189
19161,1,1.004470,0.000151
19162,1,1.004489,0.000121
19163,0,1.004508,0.000097
19164,1,1.004527,0.000078
19165,0,1.004547,0.000062
19166,0,1.004567,0.000059
19167,0,1.004584,0.000149
19168,0,1.004597,0.000340
19169,1,1.004602,0.000308
19170,1,1.004616,0.000246
19171,1,1.004634,0.000197
19172,0,1.004655,0.000158
19173,1,1.004674,0.000126
19174,1,1.004695,0.000101
19175,1,1.004716,0.000108
19176,0,1.004733,0.000087
19177,1,1.004754,0.000090
19178,1,1.004771,0.000191
19179,0,1.004784,0.000153
19180,0,1.004802,0.000122
19181,1,1.004824,0.000098
19182,0,1.004843,0.000078
19183,0,1.004865,0.000063
19184,1,1.004886,0.000050
19185,0,1.004909,0.000040
19186,1,1.004931,0.000032
19187,0,1.004954,0.000026
19188,1,1.004976,0.000020
19189,1,1.004999,0.000038
19190,0,1.005020,0.000030
19191,1,1.005043,0.000042
19192,0,1.005064,0.000034
19193,1,1.005087,0.000041
19194,1,1.005109,0.000128
19195,0,1.005126,0.000102
19196,0,1.005148,0.000082
19197,1,1.005172,0.000065
19198,1,1.005194,0.000122
19199,0,1.005212,0.000098
19200,1,1.005235,0.000130
19201,0,1.005254,0.000104
19202,0,1.005277,0.000083
19203,1,1.005300,0.000067
19204,1,1.005324,0.000097
19205,0,1.005343,0.000078
19206,1,1.005367,0.000095
19207,1,1.005387,0.000204
19208,0,1.005402,0.000163
19209,0,1.005423,0.000131
19210,0,1.005446,0.000105
19211,0,1.005470,0.000096
19212,0,1.005490,0.000180
19213,0,1.005506,0.000363
19214,0,1.005515,0.000644
19215,1,1.005514,0.000617
19216,1,1.005524,0.000494
19217,0,1.005541,0.000461
19218,1,1.005552,0.000369
19219,1,1.005570,0.000295
19220,1,1.005591,0.000236
19221,0,1.005613,0.000189
19222,1,1.005634,0.000151
19223,1,1.005656,0.000121
19224,0,1.005676,0.000097
19225,1,1.005698,0.000077
19226,0,1.005718,0.000062
19227,1,1.005740,0.000050
19228,0,1.005760,0.000040
19229,0,1.005782,0.000032
19230,0,1.005804,0.000059
19231,1,1.005822,0.000047
19232,1,1.005843,0.000038
19233,0,1.005866,0.000030
19234,1,1.005887,0.000024
19235,0,1.005910,0.000019
19236,1,1.005932,0.000016
19237,0,1.005954,0.000012
19238,0,1.005976,0.000052
19239,1,1.005995,0.000042
19240,0,1.006017,0.000066
19241,1,1.006037,0.000053
19242,1,1.006059,0.000042
19243,1,1.006081,0.000064
19244,0,1.006101,0.000051
19245,0,1.006123,0.000041
19246,0,1.006145,0.000068
19247,1,1.006164,0.000054
19248,0,1.006186,0.000071
19249,0,1.006206,0.000171
19250,0,1.006220,0.000363
19251,0,1.006228,0.000648
19252,1,1.006226,0.000629
19253,0,1.006235,0.000748
19254,1,1.006236,0.000626
19255,0,1.006245,0.000664
19256,1,1.006248,0.000531
19257,0,1.006258,0.000528
19258,0,1.006262,0.000674
19259,0,1.006256,0.000950
19260,1,1.006240,0.000858
19261,1,1.006237,0.000686
19262,0,1.006243,0.000598
19263,0,1.006241,0.000689
19264,0,1.006230,0.000931
19265,0,1.006208,0.001298
19266,0,1.006172,0.001764
19267,1,1.006122,0.001663
19268,1,1.006091,0.001331
19269,1,1.006075,0.001065
19270,0,1.006070,0.000852
19271,1,1.006056,0.000681
19272,1,1.006053,0.000545
19273,1,1.006057,0.000436
19274,0,1.006064,0.000349
19275,1,1.006068,0.000279
19276,1,1.006076,0.000223
19277,0,1.006084,0.000179
19278,0,1.006093,0.000143
19279,1,1.006099,0.000114
19280,1,1.006108,0.000091
19281,1,1.006118,0.000073
19282,0,1.006125,0.000059
19283,1,1.006135,0.000047
19284,0,1.006143,0.000037
19285,0,1.006154,0.000030
19286,1,1.006164,0.000024
19287,0,1.006175,0.000019
19288,1,1.006187,0.000015
19289,1,1.006198,0.000012
19290,1,1.006208,0.000080
19291,0,1.006213,0.000064
19292,1,1.006224,0.000102
19293,0,1.006230,0.000082
19294,1,1.006241,0.000102
19295,0,1.006248,0.000082
19296,0,1.006260,0.000065
19297,1,1.006272,0.000052
19298,1,1.006284,0.000078
19299,0,1.006293,0.000062
19300,1,1.006306,0.000077
19301,1,1.006315,0.000187
19302,0,1.006319,0.000149
19303,1,1.006329,0.000209
19304,1,1.006334,0.000376
19305,1,1.006332,0.000648
19306,0,1.006321,0.000612
19307,0,1.006320,0.000490
19308,0,1.006327,0.000392
19309,1,1.006338,0.000313
19310,0,1.006346,0.000251
19311,1,1.006358,0.000201
19312,1,1.006366,0.000228
19313,0,1.006370,0.000182
19314,0,1.006379,0.000146
19315,0,1.006391,0.000117
19316,1,1.006404,0.000093
19317,0,1.006417,0.000075
19318,1,1.006430,0.000060
19319,1,1.006443,0.000048
19320,1,1.006454,0.000123
19321,0,1.006459,0.000098
19322,1,1.006471,0.000139
19323,1,1.006478,0.000285
19324,1,1.006478,0.000536
19325,0,1.006469,0.000503
19326,1,1.006471,0.000611
19327,0,1.006465,0.000492
19328,0,1.006468,0.000394
19329,1,1.006477,0.000315
19330,1,1.006481,0.000375
19331,0,1.006478,0.000300
19332,1,1.006483,0.000318
19333,1,1.006482,0.000475
19334,0,1.006472,0.000380
19335,0,1.006472,0.000304
19336,0,1.006479,0.000243
19337,0,1.006489,0.000195
19338,0,1.006500,0.000156
19339,1,1.006509,0.000125
19340,0,1.006520,0.000100
19341,0,1.006530,0.000093
19342,0,1.006535,0.000205
19343,1,1.006534,0.000164
19344,0,1.006540,0.000219
19345,1,1.006540,0.000175
19346,1,1.006547,0.000140
19347,1,1.006558,0.000112
19348,1,1.006570,0.000090
19349,0,1.006580,0.000072
19350,0,1.006591,0.000057
19351,0,1.006603,0.000048
19352,1,1.006611,0.000038
19353,0,1.006623,0.000031
19354,0,1.006632,0.000122
19355,0,1.006636,0.000316
19356,0,1.006633,0.000610
19357,0,1.006620,0.000994
19358,0,1.006596,0.001456
19359,0,1.006560,0.001983
19360,0,1.006509,0.002560
19361,0,1.006442,0.003174
19362,1,1.006359,0.003041
19363,0,1.006299,0.003131
19364,1,1.006224,0.002676
19365,0,1.006170,0.002533
19366,0,1.006102,0.002631
19367,1,1.006018,0.002181
19368,1,1.005957,0.001745
19369,0,1.005913,0.001396
19370,0,1.005857,0.001315
19371,0,1.005788,0.001479
19372,1,1.005703,0.001183
19373,1,1.005640,0.000947
19374,0,1.005594,0.000757
19375,1,1.005537,0.000606
19376,1,1.005496,0.000485
19377,1,1.005467,0.000388
19378,1,1.005446,0.000310
19379,0,1.005431,0.000248
19380,1,1.005413,0.000199
19381,0,1.005399,0.000159
19382,0,1.005383,0.000127
19383,1,1.005362,0.000102
19384,1,1.005348,0.000081
19385,1,1.005339,0.000065
19386,0,1.005330,0.000052
19387,1,1.005322,0.000042
19388,0,1.005315,0.000033
19389,1,1.005308,0.000027
19390,0,1.005303,0.000021
19391,0,1.005298,0.000017
19392,0,1.005290,0.000028
19393,1,1.005279,0.000022
19394,1,1.005273,0.000018
19395,1,1.005271,0.000014
19396,1,1.005269,0.000011
19397,0,1.005265,0.000009
19398,0,1.005264,0.000007
19399,0,1.005264,0.000006
19400,0,1.005262,0.000074
19401,0,1.005256,0.000246
19402,1,1.005244,0.000211
19403,1,1.005240,0.000169
19404,1,1.005240,0.000135
19405,1,1.005243,0.000108
19406,1,1.005246,0.000104
19407,1,1.005245,0.000207
19408,1,1.005238,0.000417
19409,1,1.005224,0.000727
19410,0,1.005201,0.000699
19411,1,1.005190,0.000823
19412,0,1.005170,0.000681
19413,1,1.005161,0.000715
19414,1,1.005144,0.000902
19415,0,1.005117,0.000767
19416,0,1.005103,0.000613
19417,1,1.005098,0.000504
19418,1,1.005086,0.000574
19419,1,1.005066,0.000799
19420,1,1.005035,0.001150
19421,1,1.004992,0.001604
19422,0,1.004936,0.001513
19423,0,1.004898,0.001211
19424,0,1.004874,0.000969
19425,1,1.004862,0.000775
19426,1,1.004842,0.000712
19427,1,1.004812,0.000853
19428,1,1.004771,0.001156
19429,0,1.004717,0.000994
19430,1,1.004681,0.001068
19431,1,1.004632,0.001327
19432,1,1.004571,0.001729
19433,1,1.004494,0.002237
19434,0,1.004402,0.002061
19435,1,1.004333,0.002140
19436,1,1.004249,0.002413
19437,0,1.004149,0.002058
19438,1,1.004073,0.002014
19439,1,1.003982,0.002205
19440,1,1.003875,0.002569
19441,0,1.003750,0.002211
19442,0,1.003653,0.001769
19443,0,1.003578,0.001415
19444,0,1.003521,0.001132
19445,0,1.003479,0.000906
19446,1,1.003447,0.000724
19447,1,1.003409,0.000580
19448,1,1.003363,0.000464
19449,0,1.003306,0.000371
19450,1,1.003265,0.000297
19451,1,1.003214,0.000282
19452,1,1.003152,0.000495
19453,1,1.003077,0.000881
19454,1,1.002989,0.001397
19455,1,1.002885,0.002005
19456,0,1.002765,0.001862
19457,1,1.002670,0.001982
19458,1,1.002561,0.002297
19459,0,1.002435,0.001936
19460,1,1.002335,0.001901
19461,1,1.002220,0.002110
19462,0,1.002089,0.001688
19463,0,1.001984,0.001350
19464,0,1.001902,0.001080
19465,1,1.001838,0.000864
19466,1,1.001763,0.000691
19467,1,1.001676,0.000671
19468,0,1.001576,0.000536
19469,1,1.001497,0.000429
19470,0,1.001406,0.000343
19471,0,1.001335,0.000275
19472,0,1.001279,0.000220
19473,1,1.001235,0.000176
19474,0,1.001185,0.000141
19475,0,1.001147,0.000113
19476,0,1.001115,0.000090
19477,1,1.001089,0.000072
19478,1,1.001061,0.000058
19479,0,1.001031,0.000046
19480,1,1.001007,0.000037
19481,1,1.000980,0.000029
19482,0,1.000948,0.000024
19483,1,1.000925,0.000019
19484,0,1.000898,0.000015
19485,0,1.000878,0.000012
19486,0,1.000864,0.000010
19487,1,1.000852,0.000008
19488,1,1.000841,0.000006
19489,0,1.000828,0.000005
19490,1,1.000820,0.000004
19491,1,1.000810,0.000019
19492,1,1.000796,0.000163
19493,1,1.000776,0.000425
19494,0,1.000747,0.000386
19495,0,1.000731,0.000309
19496,0,1.000724,0.000247
19497,1,1.000721,0.000198
19498,0,1.000716,0.000158
19499,1,1.000717,0.000127
19500,0,1.000715,0.000101
19501,1,1.000717,0.000081
19502,1,1.000718,0.000122
19503,1,1.000714,0.000283
19504,1,1.000704,0.000556
19505,1,1.000685,0.000928
19506,1,1.000656,0.001385
19507,1,1.000615,0.001911
19508,1,1.000561,0.002491
19509,1,1.000492,0.003109
19510,0,1.000407,0.002979
19511,1,1.000346,0.003072
19512,0,1.000270,0.002620
19513,1,1.000217,0.002481
19514,1,1.000150,0.002584
19515,0,1.000067,0.002137
19516,1,1.000008,0.002017
19517,1,0.999935,0.002147
19518,0,0.999847,0.001718
19519,1,0.999782,0.001625
19520,1,0.999703,0.001786
19521,1,0.999609,0.002135
19522,0,0.999498,0.001795
19523,1,0.999414,0.001779
19524,0,0.999314,0.001424
19525,0,0.999239,0.001139
19526,0,0.999185,0.000911
19527,1,0.999146,0.000729
19528,0,0.999098,0.000583
19529,0,0.999064,0.000466
19530,1,0.999042,0.000373
19531,0,0.999013,0.000299
19532,0,0.998995,0.000239
19533,1,0.998984,0.000191
19534,0,0.998970,0.000153
19535,0,0.998962,0.000122
19536,1,0.998958,0.000098
19537,1,0.998953,0.000078
19538,1,0.998946,0.000063
19539,1,0.998934,0.000073
19540,1,0.998914,0.000259
19541,0,0.998886,0.000207
19542,1,0.998871,0.000277
19543,0,0.998848,0.000222
19544,0,0.998838,0.000177
19545,1,0.998836,0.000142
19546,1,0.998829,0.000168
19547,0,0.998815,0.000135
19548,1,0.998812,0.000125
19549,1,0.998802,0.000286
19550,1,0.998784,0.000589
19551,0,0.998755,0.000511
19552,0,0.998741,0.000408
19553,1,0.998739,0.000327
19554,0,0.998730,0.000262
19555,0,0.998731,0.000209
19556,1,0.998739,0.000167
19557,1,0.998743,0.000134
19558,0,0.998741,0.000107
19559,0,0.998749,0.000086
19560,0,0.998762,0.000069
19561,0,0.998778,0.000055
19562,0,0.998794,0.000044
19563,1,0.998807,0.000035
19564,1,0.998825,0.000028
19565,0,0.998845,0.000022
19566,0,0.998866,0.000018
19567,0,0.998884,0.000075
19568,1,0.998897,0.000060
19569,1,0.998917,0.000048
19570,0,0.998941,0.000038
19571,1,0.998963,0.000031
19572,1,0.998989,0.000025
19573,1,0.999015,0.000020
19574,0,0.999040,0.000016
19575,1,0.999067,0.000013
19576,1,0.999093,0.000094
19577,1,0.999115,0.000277
19578,0,0.999131,0.000247
19579,0,0.999155,0.000197
19580,1,0.999184,0.000174
19581,1,0.999210,0.000267
19582,1,0.999230,0.000473
19583,1,0.999243,0.000784
19584,1,0.999246,0.001187
19585,1,0.999237,0.001668
19586,0,0.999216,0.001619
19587,1,0.999212,0.001757
19588,1,0.999196,0.002046
19589,1,0.999167,0.002451
19590,0,0.999123,0.002252
19591,1,0.999100,0.002295
19592,0,0.999063,0.001884
19593,0,0.999046,0.001508
19594,1,0.999044,0.001206
19595,1,0.999032,0.001150
19596,1,0.999007,0.001318
19597,1,0.998970,0.001657
19598,0,0.998917,0.001424
19599,1,0.998886,0.001465
19600,1,0.998841,0.001716
19601,0,0.998781,0.001405
19602,1,0.998744,0.001396
19603,1,0.998692,0.001616
19604,1,0.998625,0.002007
19605,0,0.998542,0.001720
19606,1,0.998484,0.001738
19607,1,0.998410,0.001985
19608,0,0.998321,0.001591
19609,1,0.998257,0.001539
19610,0,0.998177,0.001231
19611,1,0.998122,0.001027
19612,1,0.998052,0.001125
19613,1,0.997967,0.001446
19614,0,0.997865,0.001157
19615,1,0.997790,0.001145
19616,0,0.997699,0.000916
19617,0,0.997633,0.000733
19618,0,0.997588,0.000586
19619,1,0.997558,0.000469
19620,0,0.997519,0.000375
19621,1,0.997494,0.000300
19622,0,0.997461,0.000240
19623,1,0.997442,0.000192
19624,1,0.997415,0.000154
19625,1,0.997378,0.000184
19626,0,0.997330,0.000147
19627,0,0.997299,0.000118
19628,0,0.997282,0.000094
19629,0,0.997275,0.000075
19630,1,0.997275,0.000060
19631,1,0.997272,0.000048
19632,0,0.997264,0.000039
19633,0,0.997264,0.000031
19634,1,0.997270,0.000025
19635,0,0.997274,0.000020
19636,0,0.997284,0.000016
19637,0,0.997295,0.000013
19638,0,0.997307,0.000010
19639,0,0.997315,0.000008
19640,0,0.997318,0.000152
19641,0,0.997315,0.000430
19642,1,0.997302,0.000375
19643,1,0.997302,0.000300
19644,1,0.997312,0.000240
19645,1,0.997328,0.000192
19646,1,0.997348,0.000154
19647,1,0.997368,0.000123
19648,1,0.997387,0.000100
19649,0,0.997401,0.000080
19650,0,0.997421,0.000064
19651,0,0.997446,0.000051
19652,0,0.997472,0.000041
19653,0,0.997496,0.000069
19654,0,0.997516,0.000216
19655,0,0.997530,0.000475
19656,0,0.997535,0.000835
19657,0,0.997531,0.001282
19658,1,0.997514,0.001250
19659,1,0.997515,0.001000
19660,0,0.997527,0.000931
19661,0,0.997532,0.001051
19662,1,0.997526,0.000844
19663,0,0.997534,0.000856
19664,1,0.997533,0.000685
19665,0,0.997545,0.000642
19666,1,0.997548,0.000513
19667,1,0.997563,0.000411
19668,1,0.997587,0.000328
19669,1,0.997616,0.000263
19670,0,0.997647,0.000210
19671,0,0.997677,0.000168
19672,0,0.997705,0.000135
19673,0,0.997728,0.000230
19674,1,0.997743,0.000184
19675,0,0.997768,0.000219
19676,1,0.997787,0.000175
19677,1,0.997815,0.000140
19678,0,0.997848,0.000112
19679,0,0.997877,0.000137
19680,0,0.997901,0.000303
19681,0,0.997917,0.000594
19682,1,0.997923,0.000538
19683,1,0.997942,0.000430
19684,1,0.997971,0.000344
19685,1,0.998005,0.000275
19686,1,0.998043,0.000220
19687,1,0.998081,0.000176
19688,0,0.998116,0.000141
19689,1,0.998155,0.000113
19690,0,0.998192,0.000090
19691,0,0.998233,0.000072
19692,0,0.998274,0.000058
19693,1,0.998313,0.000046
19694,0,0.998355,0.000037
19695,0,0.998396,0.000083
19696,0,0.998432,0.000238
19697,1,0.998461,0.000193
19698,1,0.998499,0.000154
19699,0,0.998542,0.000123
19700,1,0.998581,0.000099
19701,0,0.998625,0.000079
19702,0,0.998665,0.000167
19703,1,0.998700,0.000134
19704,1,0.998742,0.000107
19705,1,0.998787,0.000086
19706,0,0.998833,0.000069
19707,0,0.998880,0.000055
19708,0,0.998924,0.000133
19709,0,0.998962,0.000315
19710,1,0.998994,0.000277
19711,0,0.999035,0.000366
19712,1,0.999069,0.000293
19713,0,0.999110,0.000331
19714,1,0.999146,0.000265
19715,1,0.999189,0.000212
19716,1,0.999235,0.000170
19717,1,0.999283,0.000136
19718,0,0.999329,0.000108
19719,0,0.999378,0.000087
19720,1,0.999425,0.000069
19721,1,0.999474,0.000056
19722,0,0.999522,0.000044
19723,0,0.999571,0.000036
19724,0,0.999620,0.000060
19725,1,0.999665,0.000048
19726,1,0.999715,0.000038
19727,1,0.999765,0.000031
19728,1,0.999813,0.000103
19729,1,0.999857,0.000270
19730,0,0.999895,0.000240
19731,0,0.999940,0.000192
19732,0,0.999989,0.000154
19733,1,1.000039,0.000123
19734,1,1.000088,0.000126
19735,0,1.000135,0.000101
19736,1,1.000184,0.000101
19737,0,1.000231,0.000081
19738,1,1.000281,0.000080
19739,0,1.000329,0.000064
19740,0,1.000379,0.000051
19741,1,1.000430,0.000041
19742,1,1.000480,0.000053
19743,1,1.000528,0.000153
19744,1,1.000571,0.000349
19745,1,1.000607,0.000640
19746,0,1.000634,0.000620
19747,1,1.000671,0.000741
19748,0,1.000699,0.000618
19749,0,1.000738,0.000494
19750,0,1.000783,0.000395
19751,0,1.000830,0.000316
19752,1,1.000879,0.000253
19753,1,1.000927,0.000202
19754,0,1.000972,0.000162
19755,1,1.001021,0.000130
19756,1,1.001066,0.000160
19757,1,1.001107,0.000305
19758,1,1.001141,0.000559
19759,1,1.001166,0.000912
19760,1,1.001180,0.001351
19761,0,1.001181,0.001313
19762,1,1.001198,0.001454
19763,0,1.001203,0.001232
19764,0,1.001222,0.000985
19765,0,1.001252,0.000788
19766,0,1.001289,0.000631
19767,0,1.001329,0.000505
19768,0,1.001371,0.000404
19769,1,1.001412,0.000323
19770,1,1.001454,0.000258
19771,0,1.001495,0.000207
19772,0,1.001538,0.000165
19773,1,1.001578,0.000132
19774,1,1.001621,0.000106
19775,0,1.001663,0.000085
19776,0,1.001706,0.000068
19777,0,1.001748,0.000071
19778,1,1.001785,0.000057
19779,0,1.001827,0.000057
19780,1,1.001865,0.000045
19781,1,1.001907,0.000036
19782,1,1.001950,0.000029
19783,0,1.001992,0.000023
19784,0,1.002035,0.000019
19785,1,1.002077,0.000015
19786,1,1.002120,0.000012
19787,0,1.002162,0.000010
19788,0,1.002206,0.000008
19789,1,1.002248,0.000006
19790,1,1.002292,0.000005
19791,1,1.002334,0.000077
19792,1,1.002372,0.000239
19793,0,1.002403,0.000215
19794,1,1.002442,0.000298
19795,1,1.002474,0.000489
19796,1,1.002499,0.000783
19797,1,1.002514,0.001168
19798,0,1.002517,0.001130
19799,1,1.002535,0.001261
19800,1,1.002541,0.001533
19801,0,1.002535,0.001378
19802,0,1.002545,0.001102
19803,0,1.002565,0.000882
19804,1,1.002594,0.000705
19805,1,1.002617,0.000635
19806,1,1.002630,0.000750
19807,1,1.002634,0.001020
19808,1,1.002625,0.001413
19809,0,1.002603,0.001300
19810,1,1.002598,0.001404
19811,1,1.002581,0.001679
19812,0,1.002549,0.001454
19813,1,1.002536,0.001483
19814,1,1.002510,0.001710
19815,1,1.002470,0.002087
19816,1,1.002413,0.002576
19817,0,1.002340,0.002350
19818,0,1.002291,0.001880
19819,1,1.002262,0.001602
19820,0,1.002219,0.001282
19821,1,1.002195,0.001026
19822,0,1.002159,0.000820
19823,1,1.002139,0.000656
19824,0,1.002108,0.000525
19825,0,1.002093,0.000420
19826,0,1.002089,0.000336
19827,0,1.002094,0.000269
19828,1,1.002104,0.000215
19829,0,1.002110,0.000172
19830,0,1.002122,0.000138
19831,1,1.002135,0.000110
19832,0,1.002148,0.000088
19833,1,1.002162,0.000070
19834,0,1.002176,0.000056
19835,1,1.002192,0.000045
19836,1,1.002208,0.000036
19837,0,1.002221,0.000029
19838,0,1.002238,0.000023
19839,0,1.002256,0.000018
19840,0,1.002273,0.000015
19841,1,1.002286,0.000012
19842,1,1.002304,0.000009
19843,0,1.002324,0.000008
19844,0,1.002344,0.000010
19845,0,1.002359,0.000126
19846,1,1.002369,0.000101
19847,1,1.002387,0.000081
19848,1,1.002408,0.000064
19849,0,1.002431,0.000052
19850,1,1.002453,0.000041
19851,1,1.002476,0.000033
19852,1,1.002498,0.000082
19853,0,1.002516,0.000066
19854,1,1.002540,0.000094
19855,1,1.002559,0.000225
19856,1,1.002572,0.000459
19857,0,1.002578,0.000428
19858,0,1.002593,0.000342
19859,0,1.002615,0.000274
19860,1,1.002640,0.000219
19861,0,1.002663,0.000175
19862,1,1.002688,0.000140
19863,1,1.002712,0.000168
19864,1,1.002731,0.000308
19865,1,1.002744,0.000557
19866,0,1.002748,0.000516
19867,0,1.002762,0.000413
19868,0,1.002783,0.000330
19869,1,1.002809,0.000264
19870,0,1.002832,0.000211
19871,0,1.002858,0.000169
19872,1,1.002885,0.000135
19873,1,1.002912,0.000108
19874,0,1.002936,0.000087
19875,1,1.002963,0.000069
19876,0,1.002989,0.000055
19877,1,1.003017,0.000044
19878,0,1.003043,0.000035
19879,0,1.003071,0.000028
19880,1,1.003100,0.000023
19881,1,1.003129,0.000021
19882,1,1.003156,0.000106
19883,0,1.003179,0.000085
19884,0,1.003207,0.000068
19885,1,1.003237,0.000054
19886,0,1.003265,0.000044
19887,1,1.003295,0.000035
19888,1,1.003324,0.000096
19889,0,1.003349,0.000077
19890,1,1.003379,0.000112
19891,1,1.003404,0.000243
19892,0,1.003424,0.000203
19893,0,1.003451,0.000162
19894,0,1.003481,0.000130
19895,1,1.003511,0.000104
19896,0,1.003542,0.000083
19897,1,1.003573,0.000066
19898,1,1.003603,0.000079
19899,0,1.003631,0.000063
19900,0,1.003662,0.000050
19901,0,1.003694,0.000055
19902,1,1.003723,0.000044
19903,1,1.003754,0.000035
19904,0,1.003786,0.000028
19905,0,1.003817,0.000041
19906,0,1.003847,0.000135
19907,0,1.003872,0.000319
19908,0,1.003890,0.000597
19909,0,1.003900,0.000962
19910,1,1.003899,0.000943
19911,1,1.003910,0.000755
19912,1,1.003931,0.000604
19913,1,1.003957,0.000483
19914,0,1.003986,0.000386
19915,1,1.004012,0.000309
19916,0,1.004042,0.000247
19917,0,1.004069,0.000212
19918,0,1.004092,0.000302
19919,0,1.004108,0.000513
19920,0,1.004115,0.000831
19921,0,1.004112,0.001244
19922,1,1.004096,0.001199
19923,1,1.004096,0.000959
19924,0,1.004107,0.000886
19925,0,1.004109,0.000998
19926,1,1.004101,0.000799
19927,0,1.004105,0.000810
19928,1,1.004100,0.000648
19929,0,1.004107,0.000607
19930,1,1.004104,0.000486
19931,0,1.004113,0.000421
19932,1,1.004113,0.000337
19933,0,1.004123,0.000270
19934,1,1.004125,0.000216
19935,1,1.004136,0.000173
19936,0,1.004154,0.000138
19937,0,1.004167,0.000110
19938,0,1.004173,0.000243
19939,1,1.004170,0.000195
19940,0,1.004178,0.000243
19941,0,1.004178,0.000449
19942,1,1.004167,0.000360
19943,0,1.004169,0.000439
19944,0,1.004162,0.000679
19945,1,1.004144,0.000558
19946,1,1.004139,0.000446
19947,1,1.004145,0.000357
19948,1,1.004158,0.000285
19949,1,1.004174,0.000228
19950,0,1.004191,0.000183
19951,0,1.004208,0.000146
19952,1,1.004223,0.000117
19953,0,1.004240,0.000094
19954,0,1.004256,0.000075
19955,1,1.004266,0.000060
19956,0,1.004283,0.000048
19957,1,1.004295,0.000038
19958,0,1.004312,0.000031
19959,0,1.004325,0.000126
19960,1,1.004332,0.000101
19961,0,1.004346,0.000147
19962,0,1.004355,0.000320
19963,0,1.004356,0.000609
19964,0,1.004347,0.000997
19965,0,1.004326,0.001470
19966,1,1.004292,0.001427
19967,1,1.004276,0.001141
19968,1,1.004272,0.000913
19969,1,1.004278,0.000730
19970,0,1.004290,0.000584
19971,1,1.004297,0.000467
19972,0,1.004310,0.000374
19973,0,1.004319,0.000299
19974,1,1.004321,0.000239
19975,0,1.004331,0.000191
19976,1,1.004336,0.000153
19977,0,1.004347,0.000123
19978,0,1.004353,0.000217
19979,1,1.004351,0.000174
19980,1,1.004359,0.000139
19981,0,1.004372,0.000111
19982,1,1.004381,0.000089
19983,0,1.004396,0.000071
19984,0,1.004406,0.000131
19985,0,1.004410,0.000323
19986,1,1.004405,0.000259
19987,0,1.004411,0.000347
19988,0,1.004409,0.000574
19989,1,1.004398,0.000490
19990,1,1.004398,0.000392
19991,0,1.004407,0.000319
19992,1,1.004409,0.000255
19993,1,1.004419,0.000204
19994,1,1.004433,0.000163
19995,0,1.004449,0.000131
19996,1,1.004465,0.000104
19997,0,1.004481,0.000084
19998,1,1.004497,0.000067
19999,1,1.004515,0.000053
