episode,reward
0,-163.76634666862898
1,-100.39266541521685
2,-287.3349532120602
3,-104.42384208507684
4,-99.44655014711773
5,-314.94422387493614
6,-273.91146365058864
7,-229.82470844923284
8,-300.52759754911403
9,-104.64453555231992
10,-432.1449045383155
11,-321.77193242827303
12,-275.77867834127017
13,-145.37529739588075
14,-271.5075426276899
15,-187.68330518668125
16,-195.26882825812632
17,-334.03238144981657
18,-181.2327824696069
19,-225.55616112012558
20,-291.68969778488486
21,-189.82609617229718
22,-352.382450145377
23,-341.2400436393152
24,-100.63751020030124
25,-92.05607413751214
26,-175.68415023461156
27,-80.0965773716799
28,-246.3118403374888
29,-79.92365918502776
30,-92.9186825969862
31,-207.44614121355426
32,-91.61252826261122
33,-114.61272090727317
34,-142.14524393548407
35,-45.18783601450855
36,-277.698662513635
37,-134.1810959137842
38,-133.30773088535568
39,-163.09429691756006
40,-378.15393818075705
41,-108.13004024068378
42,-160.66801317861322
43,-79.52162407409752
44,-217.92590723109527
45,-139.11667292842785
46,-203.40942814451859
47,-355.20344875068906
48,-125.25916767973104
49,-345.7198606263054
50,-270.3772475064381
51,-248.39029692799724
52,-93.03453163781975
53,-91.1878966757886
54,-131.73943199764565
55,-213.91276270044483
56,-133.02463694766436
57,-68.07227118261065
58,-124.66939120634338
59,-364.03282377775975
60,-203.38231908141626
61,-74.25511200036797
62,-174.2994351725233
63,-129.0696633305893
64,-68.55742966788463
65,-115.13938325633299
66,-132.1734996139886
67,-155.87509520385956
68,-293.51074663195595
69,-469.44201527501696
70,-390.93957508750185
71,-83.81148355718818
72,-549.7185129530754
73,-89.55372983454266
74,-118.35380746384489
75,-436.50964403968004
76,-366.0129171763487
77,-101.47635440951912
78,-259.44290258376554
79,-101.97298082333425
80,-174.51783099015987
81,-99.83400905422623
82,-109.07515453021395
83,-127.67709935417798
84,-167.45841912985577
85,-220.96727305024862
86,-256.2482888359617
87,-354.02701569219084
88,-146.9483175675707
89,-49.01507230813871
90,-76.31468976340892
91,-168.86359794431763
92,-170.42366959160998
93,-120.30273663566997
94,-444.08548286860577
95,-161.1563447289447
96,-228.33429125193442
97,-225.33946252000447
98,-252.57029179394343
99,-86.43029029980285
100,-117.01401566164263
101,-122.24996070622198
102,-70.29950617633659
103,-183.92024327199653
104,-133.82461305785574
105,-132.4129415317901
106,-128.04286978913225
107,-411.5425788002598
108,-58.30072469378091
109,-85.94009224615024
110,-420.0095698547146
111,-260.16543976413686
112,-257.5570826281032
113,-80.8590467836617
114,-66.02409981287036
115,-285.8322784984791
116,-249.29705306886353
117,-124.1905943475751
118,-284.2119490572529
119,-458.0367752270328
120,-124.45692693653305
121,-115.86183734956404
122,-114.16863084177405
123,-89.4852559842796
124,-136.2436552060754
125,-81.29220355603462
126,-416.33644764227387
127,-107.83570601034278
128,-80.93160319507209
129,-56.005784018922945
130,-233.37309708844728
131,-194.2335919972171
132,-90.83795773223308
133,-76.70160014321192
134,-242.12314909544511
135,-213.01125290917736
136,-192.98677860508135
137,-145.06795444332147
138,-174.96883956827608
139,-258.52190529837424
140,-113.72026196582692
141,-110.68658591503473
142,-123.68018943549629
143,-218.11858975041702
144,-107.9191942599167
145,-129.69746760912884
146,-165.57297569849567
147,-335.13335555928023
148,-153.94206185784572
149,-92.01854123430878
150,-411.1826673588637
151,-350.0783185838633
152,-152.55042252808616
153,-67.16219779316425
154,26.927019049616277
155,-142.17083988382143
156,-105.69058264949882
157,-132.59659908141748
158,-104.58137839184846
159,-383.62636459332793
160,-113.49708293699011
161,-5.93310388541299
162,-155.71408147033299
163,-25.777890188752863
164,-70.05740214737958
165,-315.56582778291954
166,-355.2384333220007
167,-293.7118732170347
168,-419.3234719704266
169,-38.948721839325245
170,-175.86901827839745
171,-392.8435184753648
172,-243.335179824302
173,-165.27706602249106
174,-101.24473389673213
175,-139.88165483713715
176,-199.98896089278605
177,-65.80003204753075
178,-76.52770753986061
179,-220.14136100522543
180,-115.87461386921461
181,-192.4578971330469
182,-82.66331983959722
183,-22.669152305535917
184,-96.29846399110569
185,-108.62804488614643
186,-157.84420418188517
187,-127.64942049267728
188,-147.03095660616762
189,-98.73559048894224
190,-286.66760643618096
191,-74.03976920356985
192,-182.01987996867507
193,-108.15298959957929
194,-338.9345765072692
195,-91.29558820504629
196,-98.87572384245782
197,-266.05633920070346
198,-84.1164076419339
199,-293.49418857381147
200,-200.95447080316342
201,-41.189811373292876
202,-99.8841058857859
203,-206.21608234778358
204,-80.15080673477013
205,-161.30001418763754
206,-109.21628492744826
207,-305.11410030122784
208,-228.96536160716747
209,-112.25492648181206
210,-248.8202924906608
211,-269.6958450113225
212,-61.85348170248512
213,-200.0065040186083
214,-273.0779596586061
215,-47.4835838397457
216,-106.58629276745634
217,-185.09368599164014
218,-280.4629330107051
219,-176.47033283806945
220,-315.72476322116415
221,-89.22650715978617
222,-101.17626648466151
223,-454.2846620515842
224,-174.22072696259832
225,-203.98710767904691
226,-85.00666633008609
227,-258.77427005514596
228,-190.68595784800732
229,-118.03077774766935
230,-121.4592976683142
231,-210.28941705998488
232,-136.14509344063865
233,-124.62407708992009
234,-138.39872151319804
235,-251.04003201340967
236,-106.07369830394562
237,-176.7847331735052
238,-244.86442526241038
239,-72.5502920302747
240,-146.0211177982331
241,-105.31665187302539
242,-329.3341742464405
243,-70.00039566796504
244,-60.7526801659355
245,-128.54186332991503
246,-109.25703653958094
247,-56.804193475696316
248,-261.2238026820759
249,-120.87112370438275
250,-169.89475267591163
251,-112.42901462472298
252,-104.98829553499856
253,-267.62767322630737
254,-229.65632801930798
255,-95.95716819943233
256,-185.19622565483792
257,-104.99847872681943
258,-79.66351458132473
259,-2.0672414967371395
260,-99.6289429203638
261,-280.35545026460323
262,-165.06807957146165
263,-108.83069654962995
264,-66.02706263300122
265,-421.67066325514793
266,-6.12730829860709
267,-109.60610912539795
268,-87.71910924265444
269,-59.99375515933771
270,-126.70869821569353
271,-253.03660071079133
272,-92.86048133049984
273,-89.46084206695144
274,-102.77785047142027
275,-232.84419814097393
276,-94.71551026710709
277,-199.61447925613226
278,-71.5198749312807
279,-180.8515358942465
280,-55.36351724857061
281,-144.92295360853376
282,-129.7085977988373
283,-165.40323188580095
284,-133.10163591203153
285,-103.3849870610186
286,-123.29968082118046
287,-96.78439528021485
288,-95.58545977765095
289,-39.918899701753745
290,-64.32359566303538
291,-84.23068293240524
292,-85.94117738132887
293,-303.391089535796
294,-77.76826887420387
295,-94.2030850242198
296,-59.83092390604302
297,-115.35548316203653
298,-97.0971674415178
299,-231.88746393120493
300,-88.45503191594668
301,-112.91764198114382
302,-278.8877048937492
303,-272.89798224382014
304,-85.9637899257406
305,-151.95237376611237
306,-82.67230449804306
307,-86.51431350384154
308,-74.98475950211999
309,-285.4289933405034
310,-102.51515757113096
311,-154.81311727265557
312,-223.27934087396437
313,-5.080454145184049
314,-134.65330011522065
315,-94.82272734871371
316,-268.0098543739813
317,-200.5505342153031
318,-146.11446916103876
319,-168.35451649796397
320,-143.72587836467153
321,-111.34585153061593
322,-67.87141871128053
323,-85.28934175071
324,-183.00401000431398
325,-119.56915545952654
326,-83.90978179179496
327,-69.56284994341726
328,-96.34793767788446
329,-90.16709843102547
330,-70.7224591616181
331,-108.23236608013609
332,-119.90259815677165
333,-195.0440209170942
334,-103.40756320058742
335,-44.52750865631637
336,-109.2044966458017
337,-106.65395323094566
338,-121.73330685614837
339,-99.44828866695065
340,-215.4177640322963
341,-220.670617316527
342,-131.27679181289824
343,-185.70561737079782
344,0.5153273049677551
345,-183.15357622168943
346,-76.91040861394848
347,-153.8268914951834
348,-133.0417195768799
349,-117.02355738889398
350,-219.77196247880062
351,-140.8127455062036
352,-102.66808095360021
353,-309.04116866727253
354,-90.4336783557164
355,-97.48806247456835
356,-212.89476173915216
357,-107.58195628769326
358,-139.94744356116473
359,-101.73021214824183
360,-308.8645826159856
361,-129.1713838888138
362,-427.0989403779033
363,-180.03249894961905
364,-135.21853162829063
365,-164.41254375003024
366,-187.29543484446498
367,-66.62936922286426
368,29.819002825413946
369,-105.37848280679636
370,-114.37799548348733
371,-103.70177696923889
372,-148.08693361217104
373,-83.93755008558354
374,-183.1982338572194
375,-84.75582279179882
376,-58.684188990420964
377,-87.22150700803905
378,-75.05562961761687
379,-103.69504615024603
380,-207.5651584029511
381,-68.43490406976798
382,-129.4050843022608
383,-178.75468264425336
384,-104.74293354206259
385,-185.81891538858576
386,-121.15236411315503
387,-113.24831269573608
388,-385.9751835112218
389,-240.272298703645
390,-194.60789621413585
391,-117.29521545265501
392,-154.65065276044373
393,-51.41438858370557
394,-77.43510280415167
395,-341.59829922210804
396,-102.55090493514899
397,-102.45370245067141
398,-67.3267856348064
399,-65.44702874213579
400,-164.59976915780337
401,-144.27392804685246
402,-72.69133694059906
403,-135.26970142189091
404,-93.00250628673807
405,-132.5061008225436
406,-83.37288253562258
407,58.03875318928485
408,-48.68314141163196
409,-348.3454337455929
410,-145.99808374757635
411,-94.90916958753641
412,-56.53058277645368
413,-83.20492160875489
414,-148.28723027136635
415,-59.80777626765985
416,-91.1389939121771
417,-75.8545666698907
418,-157.4659906129247
419,-108.27541511854994
420,-118.12495946793787
421,-120.98168153157496
422,-39.445893068681904
423,-122.51623749579511
424,-69.74299943011215
425,-48.127423788440126
426,-68.824653869724
427,-98.54753967765078
428,-139.34358501873598
429,-270.88681125869573
430,-61.93328281155744
431,-80.38233706495762
432,-101.45404033315964
433,-121.78943631128685
434,-91.11559840813607
435,-98.60143613588562
436,-123.8833484405775
437,-80.27380523084585
438,-78.92751178249173
439,-158.9715549274112
440,-147.62047537747966
441,-113.32069541427269
442,-123.28364762339805
443,-14.889023279516948
444,-64.54461747221754
445,-113.70812904160815
446,-120.2260866435294
447,-326.53823515782983
448,-93.99743794108261
449,-50.28211304483769
450,-117.98669460385796
451,-88.78461245426305
452,-100.95666322775635
453,-54.132491040457026
454,40.9676990648762
455,-83.61254681427181
456,-114.85081771149386
457,-107.59783647549209
458,-73.99965727992867
459,-145.38387550028074
460,-129.82836056169694
461,-170.90238574552615
462,-118.76656169027359
463,-237.3671540973615
464,-177.0688593752265
465,-149.86182742760639
466,-59.01274734657079
467,-86.00892200594045
468,-49.43413594007003
469,-93.0600306918325
470,-32.52024334556505
471,-141.98417402061483
472,-146.78854626112954
473,-50.89887580919903
474,-3.8195220193424717
475,-119.30754616963856
476,-80.40967664386025
477,-188.49931634122254
478,-37.106403900337575
479,-41.517119038350536
480,-43.16997430792799
481,-73.89352564973764
482,-100.29306990442569
483,-169.72669844904436
484,-238.8652542679797
485,-81.26742872731042
486,-54.81398884046394
487,-141.21419656200828
488,-31.90406093899142
489,-105.45310561378247
490,-193.47976898488318
491,-123.12670267634525
492,-107.9678633931616
493,-159.68053484555378
494,-80.56549399777154
495,-232.54430890250512
496,-63.663319234187725
497,-277.2730186758006
498,-217.82085130572983
499,-126.17977192555874
500,-18.25930964788097
501,-137.23858607306875
502,-114.57167448954573
503,-108.04676630837903
504,-122.66866918442199
505,-17.830302291132682
506,-251.34526564908893
507,-136.28985751361856
508,-64.46206391928872
509,-56.80566229456788
510,-110.75810048738893
511,-106.8862461365408
512,-163.76346263207577
513,-109.19749280696769
514,-109.12391184087305
515,-68.27919729951192
516,-54.92126088908381
517,-103.56649227820438
518,-135.4102039077644
519,-105.14522718659683
520,-6.6571523943030115
521,-123.11053136272517
522,-104.4760515459033
523,-87.01536913259068
524,-113.2228345146818
525,9.28928152025108
526,-75.95905703692486
527,-119.6977779722009
528,-80.42470097871013
529,-109.76625578952996
530,-47.785267239787274
531,-111.28973030504929
532,-54.493929261282304
533,-157.86387469161326
534,-42.66408663122166
535,-73.09677654995241
536,-167.6162868798163
537,-165.18185538334205
538,-53.5252707473975
539,-120.0737749268631
540,-122.05545159827852
541,-100.40878501120666
542,-97.15711712808982
543,-94.21975323716056
544,-60.382811653908746
545,-107.12472298627011
546,-109.15003165178948
547,-82.12648066002923
548,-119.7065871414857
549,-66.46511545791203
550,-94.83897815834058
551,-17.188206706212867
552,-40.06341482671493
553,-82.31104726518
554,-66.25637871655114
555,-23.193801804981035
556,-54.79311811593132
557,-89.99943236843183
558,-109.61672419577593
559,-157.09987598922504
560,-144.13594472822888
561,-186.36655236633413
562,-95.63187178185042
563,-73.51222867624176
564,-94.68155081760696
565,-107.12388689198443
566,-46.871528544436785
567,-86.80127783028264
568,-24.896223549156346
569,-80.55414826524351
570,-19.3531533974311
571,-83.82520218799559
572,-98.95941787201016
573,-80.00289421626205
574,-172.91577973392526
575,-1.282683185063462
576,-99.87208422065261
577,-53.64758172132729
578,-103.09820866286944
579,-65.55008015726415
580,-61.907921729959085
581,-61.1873600258079
582,-86.34264403697648
583,-44.437262860267296
584,-21.545744831176776
585,-83.22634984845382
586,-27.78571062344109
587,-32.649452276110466
588,-94.76015523799556
589,-45.45499078661464
590,-156.068566426279
591,-89.05913183573178
592,-77.31806325689409
593,-54.841379824425886
594,-81.22243794704247
595,-14.171543190525298
596,-140.30116017966844
597,-107.56394091951645
598,-330.9498301545481
599,-93.29799955965171
600,-123.76073779596328
601,-76.27529289393568
602,-34.13886302190255
603,-77.65742726866948
604,-119.49812668947418
605,-99.88043891061939
606,-6.566144871188328
607,-53.396662002831775
608,-284.2877429076472
609,-109.12354098197076
610,-62.92952151756861
611,-5.802441627865576
612,-52.19030327966793
613,-101.60833821761435
614,-203.0477505194167
615,-81.2948211192664
616,-26.48419183614439
617,-116.61177048451485
618,-51.01328413659022
619,-79.35003502090416
620,-66.3792545484605
621,-80.8707213333986
622,-131.1693046394016
623,-80.70467180017336
624,-173.11255330624755
625,3.825367953886058
626,-108.93083666715036
627,-35.32235740834612
628,-119.2262011013544
629,-54.08788340675993
630,-90.15920660616324
631,-216.72234714742947
632,-97.7215623542852
633,-50.5946919484156
634,1.7521424926573559
635,-34.42487914361267
636,-8.927593595772152
637,-67.2681889661156
638,-46.64983228971193
639,-60.93881078270941
640,-25.806277148132637
641,-61.28832214476941
642,-47.87397923314015
643,-85.21105137991734
644,-75.76771639669703
645,-55.468417780764725
646,-94.25207043102334
647,-102.34060597752143
648,-79.80786682349611
649,-14.653754761346505
650,-50.2704623642648
651,-51.35190206289017
652,-77.8996373669398
653,-58.87663886207045
654,-95.22223769098717
655,-149.80697429947386
656,-98.16223114518331
657,-70.06467860525359
658,-52.21691974071011
659,-96.3801775885183
660,-18.0865961628856
661,-93.48601712615081
662,-34.50880040661576
663,-54.65409551159516
664,-50.31749785459955
665,-71.16515285674254
666,-101.97835425132963
667,-125.15095051896877
668,-82.73355164234327
669,-127.83271919384521
670,-79.84413362347229
671,-83.71471325737356
672,-42.68247809873101
673,-42.740990414193725
674,-154.53721625214638
675,-10.868020221451602
676,-33.11202838900758
677,-48.24685193407294
678,-33.74791850158829
679,-172.41582424139762
680,-47.77059652925354
681,-90.98413407729498
682,-335.3073011865391
683,-149.3023002212735
684,-279.3512522662537
685,-55.67498774200797
686,-28.770206136669714
687,-68.23025668742332
688,-60.2862550819199
689,-53.191672364001505
690,-11.502010321449006
691,-176.81203233288556
692,-47.7152548687678
693,-11.979373648704382
694,-2.1807065883042753
695,-57.46887669480978
696,-78.03625937174753
697,-58.725797191818494
698,-24.046630548944677
699,-56.66046767266288
700,-36.39186549948987
701,-59.78380243616385
702,-33.8350174854896
703,-72.386619898157
704,-10.276447817082428
705,-19.22740923444617
706,-122.48209760294972
707,-28.816510721886402
708,26.32432849470004
709,5.438198342086139
710,-36.19329887813625
711,-128.08844844221017
712,-47.869773354300875
713,-105.84289635489532
714,-86.84673998813247
715,-93.87331092483531
716,-83.83858238375785
717,-25.248479381148684
718,-198.41660592414
719,-145.357800160306
720,-36.216627788686665
721,-39.36292332087814
722,-106.3294250916677
723,-12.6523760499054
724,-10.950193358045965
725,-34.53096079198545
726,-126.34674628202622
727,-4.484326116266885
728,-22.533245930405855
729,-80.11314400917257
730,-51.85886000173468
731,18.507250539331537
732,-47.37320827058242
733,-58.565314300427666
734,-106.17779923063112
735,-139.32291693363973
736,-112.86207566380736
737,-63.93571014728532
738,3.168200368218578
739,-166.46038317341686
740,-58.73275510947279
741,-56.44575635545209
742,-378.62984622498067
743,37.279782710519214
744,-69.93647521876221
745,-27.15406578189183
746,-196.02795630333827
747,-261.3801718491178
748,-46.94960501178593
749,-79.51505490756716
750,11.755642050162265
751,-59.88257576353569
752,-16.1545451677882
753,-56.20583416432395
754,-150.3714073134345
755,-41.82967039353734
756,-65.19852579507297
757,8.887814554078801
758,-197.72385225297927
759,-35.94204354812673
760,-69.07623589545133
761,-45.214241331429044
762,11.056710838449575
763,-93.6770272885937
764,-36.34993223315918
765,-94.55387073720195
766,-184.22303996075146
767,-13.2135867173685
768,16.03047150341531
769,10.944094680497884
770,15.143533786696892
771,-173.50917740856738
772,-193.54509952832422
773,-11.69374465298121
774,-31.582600336430673
775,-78.91482572865358
776,-32.68732202221024
777,-80.9522915630789
778,26.359646737757856
779,-213.6049808758949
780,-14.475816839383668
781,45.26000497603593
782,-39.97327460623403
783,-98.77747368592988
784,-82.02506647658669
785,-98.53366460504472
786,-57.63848118563119
787,-12.188789955830302
788,46.24825242824019
789,-21.49222349837818
790,26.523956289131732
791,-1.4364240616016417
792,-85.50013459766467
793,-130.76782562486488
794,-80.91192357682256
795,-24.80435412101039
796,-11.265178821486032
797,-27.493317093950395
798,6.7728157762876435
799,-51.73419555450932
800,-54.810944634542366
801,-44.79949584041506
802,-62.563410724407795
803,-144.36919586042467
804,-73.6018852442033
805,-94.58767651183868
806,-29.872555979339808
807,-18.19755016663835
808,-34.28045309653608
809,0.8525466898754246
810,-14.160840469480348
811,-60.75806094623769
812,31.519895929740073
813,-33.28049105339356
814,-51.4009238063671
815,-15.835027516169248
816,-51.83530993946687
817,-45.37218027747284
818,-32.18514528971886
819,9.992513466999782
820,-27.15378292898795
821,28.49059780969111
822,0.0894004288456074
823,23.856752568491345
824,-96.25684463245895
825,-37.26885884597529
826,-84.5520072641812
827,21.443219894852945
828,20.413361912797924
829,-108.33442027445915
830,-69.60478119065853
831,-4.324990127751306
832,-23.872147059160326
833,-234.34904899838844
834,-165.50131872491897
835,-120.0572092932271
836,-210.90218555610795
837,-115.19420385094764
838,-262.671799952528
839,-287.7269741019534
840,-333.0075904905751
841,6.170061054413395
842,-52.71639462944468
843,-295.4777142573506
844,-185.88814867827523
845,-220.41836088930506
846,-154.9846438970363
847,-199.38816122662297
848,-136.0878308916346
849,-361.96127411875364
850,-390.0547819103131
851,-249.48275056067865
852,-39.546363036899976
853,-32.10402589456264
854,-252.85416696588646
855,-124.9155153377998
856,-101.60445656879206
857,-138.04131866986242
858,-59.303214600622816
859,-148.60633901321174
860,-382.98946268981865
861,-70.08127356115632
862,-228.72577729333074
863,-100.10393309619442
864,-82.19111973183924
865,-85.2044897943455
866,-92.13511695014421
867,-7.273721375210698
868,-45.0812859108472
869,-35.422535303499686
870,-3.4448738761664686
871,-31.11200748450281
872,-211.50704197091346
873,-38.779478042515805
874,-54.25943130403526
875,-16.293487118627922
876,-163.32620690281104
877,-38.332793349901834
878,-47.95935305220726
879,7.533740006080507
880,27.94602393704723
881,49.36793443821449
882,-43.66958097760224
883,-50.020355029811014
884,19.83276596783
885,-105.03456450072926
886,21.66552383116739
887,-106.40868061000211
888,42.035711034222686
889,-44.1808678939679
890,-18.683002669587808
891,10.255469112467509
892,24.091779957771934
893,-8.045724555880781
894,-31.227479520862687
895,49.35295511897766
896,-90.53435520137214
897,12.6678305753925
898,48.13387560684683
899,-35.28948403099078
900,16.22055460473365
901,-58.32961000336391
902,-3.5373449377926676
903,6.511898452020276
904,1.1639535108102166
905,-14.468327036781275
906,8.80516162776604
907,-58.47299711508866
908,17.585489619326765
909,-9.644102071914489
910,-51.24909438499673
911,-55.63576709499486
912,-47.18040894266882
913,-41.67826579289667
914,-9.184047558019913
915,-15.619604664871005
916,-0.2124721574205779
917,-142.82833445366992
918,-18.65339972602088
919,-70.6901690763738
920,22.28096233733622
921,-46.74346482677275
922,-32.10238858006548
923,31.613274477321568
924,-164.98876048187
925,-78.83522127629195
926,-53.86940798983153
927,-369.22520165409543
928,-25.71104019116602
929,-258.11084315211053
930,15.620482306244156
931,18.0192407582728
932,-190.85215341541635
933,21.089709030690017
934,-99.03589533425824
935,-265.7479934712238
936,36.727829667656835
937,-172.86086867094414
938,-185.06512218476456
939,5.5003690544312605
940,-86.25042734822847
941,-35.48876305658246
942,3.65505727781769
943,-39.95375252626788
944,-162.1147880331681
945,-16.086112938250707
946,43.05356196013423
947,-68.87916805618102
948,-32.33327338581543
949,26.55790458230277
950,-275.49533285649767
951,-186.03277094953728
952,-28.565695612193963
953,23.744976699040848
954,-32.055395228240485
955,-174.5503834678256
956,-4.313398574954263
957,14.229517004948079
958,-164.83736670370448
959,2.366749119592736
960,7.968137076582579
961,16.759311701390843
962,25.528939541610157
963,-8.99196192877372
964,-15.15313987312841
965,-12.552547394155738
966,34.1585076203088
967,-219.8832653936264
968,28.66671079429588
969,-15.163361545962374
970,2.3848483724403735
971,26.665431481357928
972,-18.4287962472454
973,-2.9898507130580896
974,-23.533011585619718
975,21.673527941041783
976,-142.1635073023464
977,23.199071900881563
978,38.416389263399026
979,12.546259664903275
980,-178.39923444854924
981,-53.574343586266956
982,-10.42235212052475
983,-58.58474214414928
984,8.530736069896477
985,4.963738157725771
986,-56.09981033246777
987,19.32818748258194
988,-31.974109357701963
989,-51.98588024991544
990,-16.117992303576358
991,-22.140503801951596
992,-137.78309247945248
993,6.008410515656692
994,-14.517597892342224
995,-9.434182928066235
996,-26.74975943937835
997,-43.636955839292725
998,-11.132975880615504
999,-7.154320979015793
1000,-64.9023860647429
1001,-3.4516368585038606
1002,-9.112955879138681
1003,18.939706237380662
1004,-47.20316984402042
1005,-52.91978007123511
1006,-34.86382620375285
1007,-108.48255521159491
1008,-24.38035275783588
1009,-62.32611079089066
1010,30.397720835117184
1011,-29.15415150642133
1012,-36.563588509966536
1013,17.097786842863087
1014,9.553543962423703
1015,-7.625080881246021
1016,-30.984687090243852
1017,-7.11638410983106
1018,-23.564427283217967
1019,24.277878044848563
1020,-28.503832016441194
1021,-18.898570271457075
1022,-39.04919599774343
1023,1.5521045933440831
1024,18.598126382776684
1025,-10.937812592882707
1026,-15.088401187961964
1027,-11.381097319248738
1028,-290.18607168089403
1029,-3.7680089277298663
1030,-2.525133869511336
1031,-41.917907372797075
1032,-54.74235312245324
1033,7.0336452619305305
1034,-23.77888414286477
1035,22.233569573169774
1036,-23.47652102417156
1037,15.683440681148127
1038,6.538361624772705
1039,-16.141924277302067
1040,44.46272067575791
1041,4.203790729838104
1042,32.74732112109274
1043,-29.775294909653255
1044,-9.164658448697566
1045,-26.146647110688562
1046,-181.55956624575765
1047,14.784808978849867
1048,-8.093465868256843
1049,55.917872873873165
1050,-65.74919068694652
1051,18.757503692337963
1052,47.98195886475318
1053,-36.226628098068716
1054,-126.92600787040759
1055,-63.99758910150437
1056,-199.81145232387362
1057,-69.72605136116678
1058,-67.54658583450458
1059,6.895320502491586
1060,-169.29999256596068
1061,-78.24394238561864
1062,-98.2469916564695
1063,36.472614376850544
1064,-186.65480277780355
1065,-158.03628752450254
1066,-363.8410300623802
1067,-159.58477050473158
1068,-222.54906025906197
1069,-281.43102143955196
1070,-85.7533835826304
1071,-104.47112773991081
1072,-39.70914508998153
1073,-31.213642528279877
1074,4.219860170074878
1075,-61.8000567429365
1076,-134.2625925175137
1077,-268.6072322635905
1078,-235.13076568804348
1079,-91.05668034755536
1080,-10.669972510717756
1081,-16.005666643562186
1082,-237.42894795347271
1083,31.019015922169274
1084,-50.83217217317588
1085,16.080598877956263
1086,47.972936897180745
1087,-4.65673152362784
1088,-100.35666279733591
1089,-27.355667568487192
1090,-16.036788418998984
1091,-181.1811970681425
1092,-269.7627928354757
1093,-297.8950598176448
1094,-68.14515352345401
1095,-37.330344903782304
1096,-209.00363667031698
1097,41.057497748865785
1098,38.89332226922693
1099,-56.81488489039315
1100,-8.78261616227897
1101,-111.00148134539913
1102,6.425406358593136
1103,-31.412940031999142
1104,-26.04163559786302
1105,-58.587076342349924
1106,-78.7364168344993
1107,38.04294326031513
1108,20.94309143813186
1109,-23.76523916324922
1110,27.103346585764953
1111,11.052467951628406
1112,-164.74308893782973
1113,-40.137086270560744
1114,-15.24688959807093
1115,29.78765523493024
1116,-74.00539576692356
1117,-36.10753848530763
1118,25.792919557588974
1119,-39.633333456390616
1120,28.322773219080943
1121,-131.88026648237178
1122,-8.911483484917497
1123,36.40626862528774
1124,-81.59227706333658
1125,-22.855360491692743
1126,-5.644855168416786
1127,-89.82218224753107
1128,-84.06320113044154
1129,-13.079586612650559
1130,-58.39357407394034
1131,6.570260585871794
1132,-36.573155637811
1133,16.799787785250842
1134,-91.779586622269
1135,-135.7257070656294
1136,-26.034804095863286
1137,-16.59080293899737
1138,-74.05830900575918
1139,-9.563703759610302
1140,-21.110639553326862
1141,-60.622306083123505
1142,-99.19077211729774
1143,-20.64847905352594
1144,-30.655645056452734
1145,-83.07785653621792
1146,27.230769993721708
1147,-54.745588308399846
1148,-41.80898480546812
1149,-221.18573250063804
1150,-20.41535198347251
1151,-164.7323259957549
1152,-83.58054121826346
1153,-38.203250631978236
1154,-60.118508203664646
1155,-6.464867625979239
1156,-19.201267481612533
1157,-66.0982064344536
1158,-89.91766060568119
1159,-298.8975223905254
1160,-84.61204733521065
1161,-6.598804824064956
1162,-98.43912073490912
1163,12.738303936990604
1164,-10.623972396221294
1165,0.5025011932480368
1166,-10.792314656419876
1167,45.1301395317017
1168,-37.85973665591794
1169,-39.059661194842676
1170,31.730896616951277
1171,20.27497999091692
1172,-117.95606440513635
1173,37.22034505994651
1174,16.120226122792797
1175,-34.035327362231165
1176,47.49448683236841
1177,6.228871699460683
1178,-52.55081402194284
1179,26.69662660304246
1180,-74.21705201261453
1181,-28.70799602478954
1182,24.477003724547785
1183,-16.356394005567253
1184,40.424568451882806
1185,-72.49618057944605
1186,-170.567611057085
1187,-19.659440098726744
1188,11.73460278214796
1189,-260.3201020098005
1190,35.19701253585538
1191,-52.45614637792735
1192,54.576156462674504
1193,-88.27233920787337
1194,18.08721045386028
1195,19.67855482624202
1196,-70.40707698828932
1197,-37.93255887598382
1198,-105.29706406682752
1199,-65.12037325929768
1200,33.608093927059514
1201,-5.230201405028989
1202,-108.84216526264484
1203,-104.99501231263808
1204,-70.22745707560674
1205,47.875103664824906
1206,10.159028535996498
1207,47.73831981948979
1208,-38.29455480241525
1209,-71.41023923759869
1210,-0.6178969355982851
1211,-243.80737100625626
1212,-49.296724993264434
1213,-28.530282563729553
1214,-46.907390947053145
1215,-17.92747303736831
1216,22.685625525720255
1217,-4.918651800062972
1218,2.0374249464841725
1219,-17.67495327661973
1220,46.31181344259579
1221,-17.606628288057273
1222,33.74513054405031
1223,-27.97819698535957
1224,47.25191520829725
1225,-31.820820704052334
1226,2.7473163825416265
1227,-41.557551809251635
1228,-8.956071193490416
1229,21.498686376450593
1230,-45.721541964190756
1231,26.129975801563432
1232,-38.8164044383002
1233,-27.132680689011607
1234,-64.04446936728093
1235,51.38915478200013
1236,-25.25850233106895
1237,-13.13202291299865
1238,32.90085323203883
1239,-56.1246177550087
1240,1.770582476292965
1241,39.93305915979215
1242,28.67871271358061
1243,16.133364247248437
1244,-24.09874348550638
1245,23.63324009536457
1246,7.499749623403048
1247,-267.0886986700416
1248,58.16108515375575
1249,-63.59892049885515
1250,-33.722359638711424
1251,-4.253123559904383
1252,11.71257814637039
1253,42.14213366571141
1254,-1.4333987873645773
1255,-62.461242058679545
1256,-65.06591807316165
1257,-8.871805828829736
1258,-46.38783272013295
1259,-3.4797227192445472
1260,-83.09596878665369
1261,-49.339138842169994
1262,-56.96685792947309
1263,-24.117320223350784
1264,-93.84803208067585
1265,-67.66953648208157
1266,-31.6143718555748
1267,-26.527817583618056
1268,-109.68657568176786
1269,-59.60386001142914
1270,-29.406886238100522
1271,5.8232111797361785
1272,-77.26526516775183
1273,-47.61677381015948
1274,-71.56026518433292
1275,2.441691174070428
1276,-138.50694853439535
1277,-44.62817508903756
1278,61.13776850382732
1279,14.951193097887469
1280,-139.49971867421675
1281,8.808924542246189
1282,-60.9869069505215
1283,-39.26921962521316
1284,-28.873661330956246
1285,-61.52834459036375
1286,24.97802189941608
1287,-0.630739324841298
1288,-20.91500529388442
1289,-60.1876738002702
1290,-22.825308237393656
1291,11.209435020439399
1292,12.232125496125644
1293,-18.898625004180182
1294,-27.321291390575468
1295,1.138523957715496
1296,22.109946106314478
1297,-26.107974904874677
1298,-228.57837009552193
1299,-15.283151582362695
1300,2.991621304932579
1301,-39.37902244960473
1302,16.950302919375062
1303,-32.06771559682501
1304,-52.84648397550494
1305,-71.58560872522831
1306,-8.430874723838903
1307,-91.96420714062492
1308,-40.15382636479618
1309,-78.81293249751636
1310,22.231604778680605
1311,-79.34320714209129
1312,-58.532585774097164
1313,32.119675762293554
1314,-35.54808054139612
1315,25.500307741664543
1316,-148.22531484744496
1317,-36.42246012762869
1318,-39.882662779730396
1319,-262.0519734127604
1320,-41.311318177149175
1321,-4.084532662678462
1322,53.157164061952415
1323,-59.08856462449475
1324,-131.98262381584252
1325,-112.93503217008272
1326,-122.61100426526319
1327,-202.17060246634833
1328,-61.61081965387988
1329,-9.611456809438664
1330,-71.51415605228867
1331,-12.939296466230683
1332,-51.96631178732854
1333,-143.71877103930385
1334,-58.18368851455191
1335,43.71327773519843
1336,-61.57503071946384
1337,-70.63179299286745
1338,-9.509937608256992
1339,-134.97443126246392
1340,-12.83619239552286
1341,35.2847944878022
1342,36.66642276292089
1343,-84.98234944604371
1344,-13.003632177259696
1345,32.38356640610894
1346,53.511985021552874
1347,-39.13786703489036
1348,7.078416581316247
1349,-27.577762456377926
1350,-57.83702626149484
1351,-234.35356995837623
1352,45.83357851890949
1353,-19.32614498383267
1354,0.6636518263572138
1355,36.97147648559693
1356,-32.79360074432004
1357,14.873958345541052
1358,-17.083423016110387
1359,41.5079345642745
1360,-105.2978805296112
1361,32.52530611812182
1362,-11.925090830210976
1363,-6.628829891881096
1364,-3.06810848650953
1365,-24.742758886587513
1366,-0.4927026288781624
1367,5.698936038967574
1368,19.913815896019944
1369,34.99768366019839
1370,47.231033961920616
1371,-0.18420011167329164
1372,26.446645967541457
1373,1.0615077149809196
1374,39.17723375435864
1375,-2.183167562486318
1376,28.61480638721683
1377,-22.167550907162816
1378,-7.107339632481137
1379,-240.6189385330753
1380,25.65983948869811
1381,-77.05534481739619
1382,-22.1582414247368
1383,14.553177537424887
1384,21.505911880647183
1385,-2.843453845899381
1386,18.552256517643855
1387,4.592179078720008
1388,-253.06196029209107
1389,7.091670826807095
1390,25.334652132009555
1391,8.748002990073815
1392,-162.04802160302862
1393,-2.753746627752008
1394,-53.84694072182582
1395,14.428782768846768
1396,-16.8972104888407
1397,-4.720327790854768
1398,-0.25009045952282544
1399,-81.76069316984764
1400,-22.00209465601995
1401,31.804846884452132
1402,-8.270422482272009
1403,-62.65549306051706
1404,-149.33338820677807
1405,29.836056034603626
1406,-21.56147329776839
1407,-137.9568076302498
1408,-311.6422520443157
1409,-79.35764469635816
1410,-59.35838186375652
1411,-79.13092874983037
1412,-4.586309393711616
1413,-69.18261342009251
1414,-31.726653056420712
1415,-50.50589831246261
1416,-23.94955531674445
1417,-13.249958449362385
1418,-252.2101870685929
1419,-7.190623778732161
1420,-208.59197991971627
1421,-38.702150138870785
1422,-194.1053170545385
1423,19.299372693536295
1424,-68.12295108115472
1425,-9.711612284881536
1426,-100.26867520434074
1427,23.14740907489109
1428,-198.612792193223
1429,17.248155387429676
1430,-56.14727003361837
1431,-61.073805753515245
1432,-120.13481766498559
1433,5.996576684711103
1434,3.4822075347934405
1435,-11.528039332557912
1436,-142.89489030164043
1437,-26.337454108898932
1438,-169.32019689558388
1439,-297.54852009535847
1440,-120.2645291811296
1441,1.1022780761550768
1442,-60.88929846293711
1443,-22.80591512491705
1444,19.858057905894
1445,53.135268746184096
1446,2.2136435132558585
1447,-73.47023373636273
1448,1.7232673414808488
1449,-55.982743073447374
1450,-99.42016903783333
1451,4.03918389216092
1452,37.49776218069928
1453,26.115256389685307
1454,26.887927576661042
1455,-42.762053831101056
1456,-26.50318829588076
1457,-104.75247038646671
1458,-33.266894334009294
1459,29.34155413430736
1460,-69.9255890018209
1461,-72.40053171249485
1462,-87.55584461019349
1463,-59.54296236018812
1464,-45.947971981402844
1465,9.403069332936383
1466,29.929476832935507
1467,-19.785876298556122
1468,-21.39159271046786
1469,-38.45089746790168
1470,-61.54588202333025
1471,-90.78223406897523
1472,-31.667826661995008
1473,-100.79374631797702
1474,-10.093673583175605
1475,-21.892800092501812
1476,-91.34601340054243
1477,-33.19308982474756
1478,-57.39815887564733
1479,-51.393158129125844
1480,-58.55042309150266
1481,-40.27412522951691
1482,51.15185675316417
1483,5.909258321078046
1484,-154.24325975429423
1485,2.7851418007208
1486,-56.97905030355877
1487,59.93529405156562
1488,-29.827426762125867
1489,-4.817228346345786
1490,-43.338895667574526
1491,-50.81799882169706
1492,-31.843185589277752
1493,-34.6713123883531
1494,-18.62782087542931
1495,-5.383259934453274
1496,-37.509847051597866
1497,-108.04170407371029
1498,-26.5174911198171
1499,-24.703543035626844
1500,-47.89410321954334
1501,-59.41952374948111
1502,-89.96850965717186
1503,-5.058382962633744
1504,-86.08154669254259
1505,-42.278883938647574
1506,-20.56421260977115
1507,-44.00209495548512
1508,-71.19902811122975
1509,13.565550301017646
1510,6.222813193555799
1511,-40.96943550920203
1512,-42.047297746692294
1513,4.821089159926201
1514,-70.6256512301193
1515,4.550175729373224
1516,-70.25531717817738
1517,-39.321103126090115
1518,-70.10217400482648
1519,13.891025875092696
1520,10.802014691895893
1521,1.9858842993288217
1522,13.650092856970065
1523,-138.05565271181314
1524,-5.524979724200273
1525,1.2208270673987796
1526,11.302858873056152
1527,-37.83296070402567
1528,39.00577705560275
1529,-64.08521601911247
1530,-43.03552034090177
1531,20.66375932574568
1532,-14.554677756406205
1533,-16.754839530457662
1534,-23.580386082889657
1535,-96.57216047469832
1536,-23.013713842036395
1537,-259.5012666217972
1538,-8.506067801647939
1539,11.725590741875564
1540,-15.542566463629315
1541,-68.3074185210118
1542,-66.26870729089816
1543,22.73077346960607
1544,-23.693204469277404
1545,-5.6217429943355794
1546,-43.95372813167115
1547,-45.26842219131902
1548,-249.8681856810372
1549,-301.0341106883913
1550,66.43378086011359
1551,10.205414104314137
1552,1.0935864043210841
1553,-27.073773939521175
1554,-76.29367816461406
1555,5.194847587254005
1556,-9.552131956310651
1557,-12.044203517075534
1558,15.434124562498315
1559,-36.748627389541156
1560,50.95681379316244
1561,-48.16964600762183
1562,0.29207448117135826
1563,1.1134367599148973
1564,32.98979844309288
1565,42.52963022980057
1566,-55.03835635792423
1567,-269.1430501061367
1568,30.055024082662612
1569,18.633182303756982
1570,-19.516490521845096
1571,45.80333925573621
1572,-97.70043400710821
1573,11.572498965615488
1574,-83.41811881641534
1575,-2.84649184768168
1576,-19.929321484033785
1577,47.325940197797365
1578,21.854518028312256
1579,-67.16600284281787
1580,-2.209830424146186
1581,18.67447578975107
1582,-2.109559920276439
1583,-8.955048409553413
1584,-261.7647979947632
1585,-18.803470288998767
1586,-0.4633944259674081
1587,18.794983189911434
1588,24.19607191965681
1589,1.5520227764508954
1590,25.932570524123093
1591,-144.8960885954923
1592,41.14792152664984
1593,32.015887564830706
1594,50.521710814292945
1595,-30.16260050345369
1596,5.72237392926733
1597,-24.032462412393272
1598,26.95350744115538
1599,-207.52970762656906
1600,-36.43233880784665
1601,-42.422939807390904
1602,4.825737629960279
1603,-30.14784938607886
1604,-21.718857196602386
1605,32.593288459898005
1606,26.706234894780806
1607,46.007928975278006
1608,40.498111617347746
1609,14.244879964193572
1610,1.643950686611241
1611,31.868102667575982
1612,-21.766213301540738
1613,14.760723005116786
1614,-56.90292911983619
1615,2.0488028385653294
1616,-34.53129714213611
1617,-15.165117438310906
1618,36.839618847216066
1619,40.44805956426483
1620,-109.5231664527133
1621,-25.278203262289633
1622,22.3798612785189
1623,-3.9771238476538233
1624,10.725494792334603
1625,2.486147765374982
1626,-241.22736613053118
1627,-0.1194050290421711
1628,-7.7138425118963205
1629,-128.77400598592558
1630,-33.86086042571703
1631,1.0526129467616003
1632,18.46591626388453
1633,10.318887831087608
1634,50.66117844587873
1635,-31.303764222684595
1636,-49.60456394992232
1637,16.487404696623337
1638,29.30967690873017
1639,17.07823181769443
1640,-23.012607334347518
1641,-136.92731911257465
1642,-143.8699803772166
1643,20.445176069262388
1644,62.859675615483496
1645,16.456863195724665
1646,-10.210157699925757
1647,7.155742129432284
1648,73.94435176892988
1649,83.00641765707012
1650,20.81704547974563
1651,-26.08456295158796
1652,-66.01466656835045
1653,18.132754605365843
1654,16.141236072541354
1655,7.577767295243218
1656,74.25468878596921
1657,-30.81565743139353
1658,-6.51661689118127
1659,-26.417178574084126
1660,-1.063431366211674
1661,1.3725450345972454
1662,15.9318114093902
1663,44.079749927861805
1664,7.413867411613945
1665,-187.44334269501547
1666,-137.26274126905102
1667,19.838642042643
1668,3.6319473791462547
1669,21.119992509202074
1670,-61.16932259763958
1671,-33.804463855691175
1672,46.52024650876773
1673,-18.51778456660307
1674,-21.21288881718579
1675,44.0630277512631
1676,-24.75408082928236
1677,-11.244954741100054
1678,60.49441579059854
1679,-34.999099904458184
1680,18.984402425278954
1681,-13.840130007118596
1682,10.44922965085972
1683,14.861404546624643
1684,27.142774138290985
1685,60.463727836392906
1686,-35.13958239491005
1687,24.260418053473348
1688,-14.158836162455628
1689,13.64225868574383
1690,-11.175749756811124
1691,40.21914695426085
1692,6.446534872693616
1693,5.459759922042985
1694,3.053235828397831
1695,54.65439922109684
1696,-44.26601555602097
1697,0.9767376874515614
1698,-14.225016155406232
1699,1.0924948384705573
1700,55.89600931380611
1701,23.61880177250357
1702,6.890377644177775
1703,-3.0016931367842146
1704,44.318847915823284
1705,27.641414668918568
1706,-15.379415449409716
1707,11.970740817163936
1708,-5.870933513073853
1709,-73.68230420225154
1710,32.492523978329075
1711,-37.788527382702334
1712,20.07654202360159
1713,11.610176509846273
1714,23.085147293033543
1715,4.793729308200319
1716,-86.52087204313457
1717,44.94570664756742
1718,14.19226362492735
1719,58.794594416870076
1720,18.545304710919922
1721,10.80808885053212
1722,-29.272257000821178
1723,24.96813739428665
1724,11.708840794142123
1725,31.546771023792047
1726,-162.31082552845288
1727,11.600258183195827
1728,-92.05891477964198
1729,5.538177511942481
1730,30.88467436587558
1731,-215.07694132510392
1732,24.373070809777747
1733,9.971391672816768
1734,28.210317592165158
1735,50.33280282944422
1736,-35.875747108949824
1737,-16.83283825783178
1738,43.80031537519832
1739,-35.3771243451409
1740,24.437017349167146
1741,-45.35029334994316
1742,-46.410254616160344
1743,17.905711629347763
1744,-81.75362677901992
1745,-18.07793881260817
1746,38.04652666064787
1747,-8.89599633701599
1748,40.14190294599701
1749,38.2641579048078
1750,-24.597193521925526
1751,53.29065893933868
1752,7.006224047454336
1753,8.353846429529714
1754,-34.86046414911159
1755,-28.017810932935628
1756,-7.505492044565521
1757,61.283902768395194
1758,2.3794026424381025
1759,55.3269239436419
1760,30.571080962336055
1761,-37.10268461531325
1762,3.41788036784203
1763,-50.71726216435148
1764,-238.06390130250406
1765,34.78850546450684
1766,88.81725946007687
1767,38.67346150295697
1768,41.716359934542524
1769,24.078625637286603
1770,43.71480162695355
1771,49.84203225399381
1772,28.103442957273643
1773,97.0441164026132
1774,10.396711427006124
1775,70.55542462695837
1776,70.46502836857512
1777,28.60867086665317
1778,80.27637773488163
1779,21.542830916674053
1780,73.6099291939946
1781,8.602456794491573
1782,21.195940610527263
1783,-0.07262465495326292
1784,1.5026389012866161
1785,8.499856601150901
1786,-87.62998665388977
1787,-1.4896145133989886
1788,23.63770349193487
1789,-0.37060657061130087
1790,0.8005823968736667
1791,-2.286098658912735
1792,-10.576197557011772
1793,62.98465706073595
1794,-169.064880842251
1795,-110.35906732050178
1796,-36.29511805250438
1797,-4.21790646805016
1798,-67.97906321464549
1799,40.51327525730342
1800,4.764712942843506
1801,-82.76819295503434
1802,37.93089978816637
1803,9.554001324605654
1804,4.270623430178315
1805,12.298006529812096
1806,-24.00831421201355
1807,97.57352196514121
1808,91.8058294061715
1809,-18.192855582436543
1810,30.432525868441857
1811,4.344039628247491
1812,61.83740700240794
1813,-36.705155165901736
1814,64.97916189055135
1815,17.270757410622792
1816,-25.83574508572537
1817,85.41194234113888
1818,73.75967435068532
1819,-3.1700295944418
1820,66.27929515296958
1821,66.9560331523759
1822,4.283587610340489
1823,82.90584921595807
1824,-69.87820263548241
1825,-21.969808461514905
1826,-4.20896061771775
1827,37.63323056685294
1828,-48.655434966838286
1829,24.315645740193816
1830,65.34581125880466
1831,39.23510797814874
1832,-1.307348810087133
1833,44.064665045621
1834,55.0915221280611
1835,24.924508443258674
1836,1.5552753601071823
1837,90.43771760754142
1838,74.46636678322292
1839,61.1629303413569
1840,67.37123296776106
1841,31.562163054993302
1842,-10.533115057427239
1843,-147.8405422797499
1844,14.360193727481834
1845,33.59595316519034
1846,72.22797771348685
1847,88.43347234052985
1848,-9.05655815613307
1849,126.43097186958303
1850,81.78212397791187
1851,67.14461624482603
1852,142.44005589181234
1853,-13.98656695808183
1854,88.78450303212402
1855,0.30572690875555963
1856,92.38636694936328
1857,66.95020550746763
1858,54.46128132304966
1859,68.40886974067061
1860,51.025065576009254
1861,84.49145869667348
1862,86.92792091495245
1863,49.399191078687736
1864,24.115914818881677
1865,26.765486775003687
1866,83.45363144162198
1867,46.83333651424907
1868,106.4277380347014
1869,99.63452957205068
1870,-40.194253821097014
1871,-52.03940635245323
1872,126.22755475383136
1873,42.85158529814171
1874,57.64742963165543
1875,-10.524509390660212
1876,61.723258886411664
1877,129.8132452518614
1878,18.19059753531822
1879,99.69563648177106
1880,21.136821035673393
1881,11.339555713915681
1882,10.740734244745784
1883,-133.5060772332954
1884,55.19151901424826
1885,127.86446648703902
1886,113.85023292229263
1887,97.13609931369697
1888,63.668544638802494
1889,112.45305361441616
1890,113.82525173107203
1891,37.45045303150682
1892,114.60951459816961
1893,-29.053109415068164
1894,-161.73378958273832
1895,-2.092048663910764
1896,47.57798119253979
1897,40.164991205251745
1898,73.80227050973502
1899,58.35912111809357
1900,59.012133016100535
1901,75.59500191724224
1902,46.72127455298465
1903,34.33083182195347
1904,-22.812166063548162
1905,150.2887684094358
1906,57.40642913499827
1907,-2.878009300124205
1908,-15.537059759230484
1909,-16.94251898455532
1910,-10.332233056621874
1911,18.52722320784745
1912,-19.145749331331235
1913,-238.3950413545785
1914,97.34556769580618
1915,48.258430422143405
1916,84.43328125843898
1917,67.94682286367656
1918,104.37889185547593
1919,59.58020976729959
1920,110.95121874261082
1921,47.131418601191136
1922,83.65890899566692
1923,44.66851010057553
1924,51.53310116453931
1925,95.87356333103352
1926,47.73799774918085
1927,89.62878350158195
1928,-70.13661548929497
1929,26.68255932744595
1930,14.121112361358858
1931,119.27058435262826
1932,39.005451462120895
1933,103.52034367412094
1934,20.12460634593883
1935,100.32896809316566
1936,69.30948469667656
1937,69.2069356521515
1938,92.20435538609237
1939,92.86351861235141
1940,93.98489992793947
1941,78.34585048600842
1942,90.01130123869234
1943,74.13942378244488
1944,72.52116570156873
1945,127.85429169654412
1946,117.26388189922143
1947,102.72174994093663
1948,128.2478097578589
1949,99.58214390464335
1950,55.61757047865935
1951,142.1064096338737
1952,78.11642615760209
1953,131.79087888600776
1954,112.63665959610962
1955,106.412750068039
1956,-14.070255850250916
1957,17.4544975116755
1958,105.12948986170471
1959,14.698725798013271
1960,21.666044827884264
1961,-16.280622991124936
1962,139.1633343617419
1963,153.53358230003818
1964,136.61756966751688
1965,75.0336143241467
1966,102.59779464179648
1967,-22.757311833357107
1968,105.92460137768018
1969,123.7068176849559
1970,54.23349791488554
1971,103.84496029695528
1972,72.74018503916668
1973,33.14762483038746
1974,65.35046053524388
1975,212.85502742887888
1976,123.01723290410457
1977,131.06192727982864
1978,62.62705246487022
1979,115.79600185833348
1980,-21.486105478597338
1981,163.33635828187906
1982,134.9156152796157
1983,138.8383648594658
1984,64.23399637173628
1985,71.22426170805981
1986,14.319435082030367
1987,104.57920523236942
1988,90.01041322786162
1989,95.52329725775022
1990,5.526688628093638
1991,107.69971524667953
1992,138.39656185005
1993,93.2063169349254
1994,52.808547214706024
1995,26.383770459185243
1996,51.52207163424026
1997,60.619980191454026
1998,-105.86918769478709
1999,133.45600632714704
2000,132.33415461292424
2001,145.80457326203643
2002,101.6265322142977
2003,98.34172348671807
2004,-22.018153377775207
2005,26.306423174561445
2006,134.59206513294308
2007,51.57605633510909
2008,120.87616606275796
2009,60.01528596449287
2010,250.80835758211055
2011,143.06749379455897
2012,112.24404688648754
2013,156.84044071240137
2014,6.0012126411850915
2015,-19.603217285558415
2016,52.064163082073094
2017,17.44678443572525
2018,60.61469374512788
2019,16.804484352250853
2020,157.61711829080318
2021,148.52102251111182
2022,131.31681186346924
2023,115.34201898325469
2024,135.08163203670722
2025,-26.37535662543617
2026,126.77107139647099
2027,50.90309636833585
2028,36.03360384965279
2029,-2.2189359448475345
2030,65.86287236301598
2031,49.22395910643724
2032,81.21093192837621
2033,76.17379666611261
2034,63.38390963016151
2035,99.2241676139743
2036,111.34443194228317
2037,73.42166260283608
2038,145.81564886141527
2039,101.58981057231865
2040,52.165705486904216
2041,87.13888663048324
2042,44.558998147875194
2043,108.38865808782188
2044,2.4010602257736906
2045,94.24294569059649
2046,79.10752976092124
2047,56.10607910897623
2048,104.57064285553541
2049,111.36138827677667
2050,13.577457338099379
2051,60.73660736148186
2052,63.755783631420044
2053,82.7786872938722
2054,105.28930593099443
2055,99.81772894526804
2056,72.53309759489491
2057,127.16430759526654
2058,98.6734886420951
2059,35.97501277604698
2060,-142.11308190490902
2061,105.92210525393742
2062,109.41176130813632
2063,78.60181909279257
2064,46.99356209422859
2065,50.747099077522776
2066,85.68606516114777
2067,88.72004684156218
2068,99.30803124181999
2069,72.89419173394023
2070,-6.77070322283408
2071,-141.89229350665454
2072,39.792501915561274
2073,74.79796286431521
2074,53.07999405955911
2075,114.78962278232093
2076,123.66037273269404
2077,88.797147822581
2078,-19.258700386997035
2079,83.49547030997306
2080,130.6371465038366
2081,129.07423335367412
2082,105.51714865173437
2083,71.61386320604159
2084,132.065199792807
2085,146.1986703754295
2086,-7.263861015559052
2087,101.67341245885441
2088,104.23322039821191
2089,112.73451505131771
2090,138.88697126132504
2091,113.83333461980725
2092,-27.30619211961198
2093,109.83073858245147
2094,95.4669185220363
2095,111.72079842295489
2096,128.0457669655824
2097,43.70737120375949
2098,79.99915459572269
2099,34.594151326849854
2100,129.79027121133672
2101,141.1540932083066
2102,124.41965009524324
2103,141.7037458307754
2104,-3.5511679027957967
2105,120.21022501311505
2106,147.6018426306488
2107,136.18930653248674
2108,106.47370564133465
2109,-24.89121258855232
2110,107.17714492402096
2111,133.2481309541767
2112,122.96680230797857
2113,119.14054144483569
2114,23.858801155625372
2115,20.724528632046926
2116,158.95603305342735
2117,119.79123466444247
2118,11.253869594375828
2119,145.8640290369268
2120,136.7787369880156
2121,100.34105999239284
2122,125.4107713428597
2123,-79.52799449511497
2124,28.69590091965128
2125,112.12707158581055
2126,21.6754408207449
2127,7.5462867045807895
2128,-51.0808214390711
2129,118.27239206352648
2130,40.91676905083484
2131,89.12066905410332
2132,-22.88400350135322
2133,-19.186379712496343
2134,2.336337244720824
2135,63.8518287829267
2136,69.62421899298452
2137,99.74918788899981
2138,-21.256675873059493
2139,31.87431104905465
2140,5.073690004383561
2141,56.4791884136897
2142,87.25242067310292
2143,96.77396701954548
2144,69.97921942133658
2145,39.33708702889498
2146,154.36152806486018
2147,132.2343136632509
2148,103.99105683948127
2149,58.710975539199794
2150,21.70614198955505
2151,66.30142748636337
2152,53.106475642645684
2153,77.25894837258694
2154,101.77757086066903
2155,101.41394745730544
2156,-11.303033029169354
2157,109.27486211001703
2158,48.940642623111735
2159,139.85267194896832
2160,88.79109387175797
2161,116.09468050809598
2162,101.16047629280061
2163,118.72457140444084
2164,45.58310926596069
2165,44.18379710057036
2166,102.18869998869044
2167,126.29005872933952
2168,109.7684232519244
2169,123.19333025265685
2170,124.95071418898172
2171,101.91715327688588
2172,-27.803244757984544
2173,95.45167524040352
2174,132.3795590170948
2175,116.9916195019754
2176,120.5730232203977
2177,85.8977424988823
2178,140.79044336965225
2179,167.86814196564697
2180,148.30142678331697
2181,113.09428211109461
2182,80.36840099146498
2183,34.5925677814503
2184,118.20581088721467
2185,5.8770693777350544
2186,118.13871888513626
2187,149.01906453327808
2188,92.53953770414996
2189,149.72171124724258
2190,116.60380501255385
2191,129.92899659999534
2192,92.73989799728638
2193,64.58632769817775
2194,110.0171020263532
2195,107.21572726766817
2196,103.97903609108087
2197,29.48067729779945
2198,156.0799863463142
2199,123.67961182957204
2200,78.75001331822487
2201,109.72778103429185
2202,81.38775743651402
2203,91.70551578370689
2204,23.176691747012114
2205,-114.35932112113117
2206,54.05603049518365
2207,150.3110445679218
2208,151.55882231918153
2209,150.4614238285203
2210,78.32239705223733
2211,-61.54624753723077
2212,134.31651359309924
2213,53.544379872516345
2214,163.3828215088076
2215,118.50288581236676
2216,90.14228031937247
2217,164.1184314640898
2218,86.28490084222535
2219,172.3150125435044
2220,163.83839349639146
2221,97.31940582838214
2222,120.156298140136
2223,19.221194654539147
2224,141.4046651170542
2225,153.8171251160573
2226,125.62771937661574
2227,148.20550698520003
2228,141.1492158295187
2229,115.57646750155531
2230,74.17596725537189
2231,131.9849852793835
2232,173.3285905914803
2233,126.25046098087398
2234,105.22031622442817
2235,129.46198540869716
2236,56.643756712960936
2237,129.11835161052733
2238,142.77408883186496
2239,147.37836569479296
2240,99.44204234467257
2241,120.86492314795497
2242,107.61748325338668
2243,105.83253816211499
2244,171.10446173836368
2245,121.0618900535238
2246,103.01087480697637
2247,137.45116073539435
2248,111.41924053832874
2249,30.401475460239766
2250,113.92087895484501
2251,22.183269758803604
2252,142.47387571330825
2253,102.02881295528256
2254,105.29703424454725
2255,116.4930348526029
2256,1.2175067131859976
2257,39.76715548550928
2258,99.93061429008166
2259,113.63314211260423
2260,115.57152252572295
2261,109.64206319701255
2262,104.96080425210565
2263,104.20506303104497
2264,65.25879488926073
2265,132.10202501704333
2266,97.89210694113092
2267,169.42548570043738
2268,148.75259196792294
2269,67.9661194598791
2270,118.50722051957017
2271,84.74921597160318
2272,113.35920614462418
2273,117.52821806135711
2274,88.01263825009065
2275,112.29995264461765
2276,-4.836352362885695
2277,113.47357636001132
2278,116.20968392763774
2279,104.37757000161184
2280,48.06295075563406
2281,85.23899560956201
2282,89.74631199935718
2283,123.74393714894077
2284,133.04202949676852
2285,82.95654651218199
2286,167.42636714301156
2287,132.24506638026878
2288,147.05447969437466
2289,140.8013506147246
2290,-45.56433690476443
2291,112.02824722577792
2292,162.50567756668647
2293,121.73374850106266
2294,136.31064649857373
2295,104.65341419510199
2296,167.21627252392284
2297,158.38843804081475
2298,149.04438429048733
2299,167.90957464166593
2300,104.09799655294125
2301,119.68393258588381
2302,156.64380450695455
2303,147.32423408411904
2304,101.49231922373394
2305,152.84426444191408
2306,183.0765273900824
2307,24.849371671578837
2308,105.42794853439922
2309,125.8281435907447
2310,140.87904230482127
2311,132.42657227428836
2312,134.9188162410483
2313,137.1242261152324
2314,173.50126581274853
2315,132.9696204796514
2316,133.35591130903737
2317,134.9551464774882
2318,41.21292048573284
2319,152.42564724583912
2320,147.2382598738222
2321,168.08468846215482
2322,140.56115064582957
2323,172.15037542539042
2324,168.36879036255854
2325,160.014489940329
2326,109.05604157952358
2327,90.63476906717052
2328,184.03561546687453
2329,156.11390984911526
2330,59.30207095599002
2331,165.4613385502124
2332,151.84843454088391
2333,109.87019842725968
2334,21.273700821972326
2335,92.80569561866741
2336,106.47606891780316
2337,123.23745602075093
2338,122.50317468812004
2339,129.4546933790938
2340,118.32796581651375
2341,177.23668909798369
2342,121.55896570154641
2343,103.47182327445715
2344,29.69291202050817
2345,89.17290086997173
2346,131.26208685852208
2347,142.08074906834378
2348,134.962542383392
2349,104.17032017794716
2350,39.77623775356586
2351,157.82093613658535
2352,136.91705268662795
2353,158.2214093217776
2354,120.79372022010824
2355,111.41648608533161
2356,156.00856988563078
2357,139.65670120196836
2358,89.58508642021073
2359,126.26056439851702
2360,112.64447651859217
2361,98.79823985180549
2362,145.69197556613062
2363,150.87947168419902
2364,126.32535405088325
2365,154.6375144395999
2366,151.53454907682462
2367,109.25691005115011
2368,115.2131132491528
2369,152.74889022577406
2370,139.79805010392886
2371,141.95982787261258
2372,164.8071694938897
2373,46.76167228578463
2374,124.05237866968808
2375,144.06610063526833
2376,107.27088491110875
2377,134.0225386120091
2378,154.24625533547317
2379,100.80010035210933
2380,107.32319272333578
2381,139.3138443345184
2382,174.1437655140341
2383,118.47038516587321
2384,80.83755610681825
2385,-9.200092634338958
2386,167.240440136597
2387,159.77800851935226
2388,100.00495904828615
2389,28.338198615672034
2390,131.06527960913667
2391,187.49629201796682
2392,166.89199159881883
2393,116.22978220962895
2394,110.62588740758433
2395,136.8144995765618
2396,163.99560892439555
2397,42.33673684335869
2398,160.85194753459595
2399,165.59472741395223
2400,118.70856185708422
2401,104.33783179478527
2402,154.4307708389763
2403,57.77890685522821
2404,-77.5363453680714
2405,113.88662617172874
2406,113.07300405722671
2407,-6.2544909433336215
2408,111.8692694620137
2409,110.1950095629213
2410,130.45859750225193
2411,33.6548136053637
2412,167.32395012711316
2413,126.56907131286337
2414,85.01579844651545
2415,103.03785677819349
2416,173.61544483318005
2417,118.37176818789824
2418,110.54405173950852
2419,89.61135852990296
2420,153.5168604771117
2421,127.78052881929392
2422,107.7775024527188
2423,17.406981304025184
2424,55.41323170675928
2425,82.89835046862567
2426,23.307595981097414
2427,225.3284199880868
2428,135.15793711628527
2429,25.564298343371114
2430,157.58054391684917
2431,31.7062756152914
2432,63.85495069250938
2433,45.8050379589524
2434,98.71320673489194
2435,53.29526208949564
2436,168.76796058717457
2437,134.50315289576233
2438,118.32789858041298
2439,113.81525666459098
2440,60.55359881324385
2441,128.1904276306156
2442,95.6924864486574
2443,98.43463090085856
2444,93.80239974082507
2445,115.80065842403357
2446,115.63590097005716
2447,102.9315979473075
2448,158.70132307969536
2449,77.68794869181058
2450,160.81561444573796
2451,13.741569130873419
2452,107.73115114704775
2453,55.06400836573092
2454,139.81216657153442
2455,131.7201206332835
2456,26.068387753057735
2457,100.21022762708638
2458,194.52121769236953
2459,120.2671699631981
2460,150.35459798557818
2461,47.384256500860744
2462,136.09085596163246
2463,168.22474742346418
2464,235.05904032464312
2465,136.50419717393072
2466,148.3199282715729
2467,158.786948980234
2468,114.4381917497644
2469,111.84488752673823
2470,124.39476377179508
2471,129.12075063202252
2472,125.37163616797874
2473,145.19726070334545
2474,98.12977035058833
2475,132.0321403151383
2476,130.05586442605687
2477,63.704966251241636
2478,156.25190305406127
2479,101.46555097295735
2480,149.59720619354098
2481,135.30202072075124
2482,107.58189065513714
2483,165.00387733746203
2484,136.45052579779733
2485,130.7713920770334
2486,102.38031447204708
2487,145.27223178025258
2488,120.17896741549247
2489,173.92109264509472
2490,116.12271794120745
2491,125.42284309269955
2492,122.43188868538415
2493,151.81637522772846
2494,180.25929935877653
2495,101.1948724697817
2496,162.74684796288153
2497,158.57386641140445
2498,-214.69732108085475
2499,145.57679665266693
2500,92.84926755699149
2501,140.92244726127595
2502,133.98949271232146
2503,103.01373949530135
2504,160.192743473317
2505,38.90202166211043
2506,130.49491932715105
2507,127.81624760369978
2508,142.54304248106206
2509,114.47898976612063
2510,101.54652598215553
2511,8.446822610090509
2512,94.89569096495039
2513,24.66641463559627
2514,99.94573844930746
2515,147.3836970009826
2516,166.75384511047488
2517,110.89375825844061
2518,118.36975931580564
2519,174.00916048533674
2520,-17.236417643140385
2521,-65.28469581812011
2522,134.795825587989
2523,89.78835036051166
2524,161.0804509613127
2525,139.38399354916754
2526,96.70014628672129
2527,140.42976412805197
2528,142.77453999393913
2529,138.10163183052967
2530,126.90008389272373
2531,75.08625488735287
2532,145.23813119875993
2533,161.64566991297636
2534,139.5858275058088
2535,130.7936941509405
2536,126.0835415907143
2537,146.7362114960232
2538,110.00180697005436
2539,129.45551325610816
2540,117.29666098951186
2541,166.28303767723085
2542,95.82243931853476
2543,124.05423377224552
2544,134.47105782835393
2545,158.6877947851441
2546,111.64832560343143
2547,85.70555534318488
2548,175.96687854434052
2549,156.98881491906928
2550,149.926643675636
2551,161.51576831214683
2552,132.32082921442293
2553,105.51718015210749
2554,124.61583022506247
2555,146.6451021186858
2556,139.4516822726897
2557,33.449817343258
2558,159.91170852577042
2559,140.0169517052091
2560,147.12677637091863
2561,135.19503090758218
2562,175.66809496887234
2563,147.05606493934576
2564,117.06566623403356
2565,170.70721510917429
2566,120.00991868041176
2567,143.51404758560227
2568,79.18138562501939
2569,175.0820256040793
2570,138.30717913886002
2571,66.44000713838281
2572,155.4779036175197
2573,139.40288088515507
2574,154.31014557761907
2575,131.54329438978212
2576,175.7427989267335
2577,121.18701385774129
2578,135.21503223947346
2579,148.20417175595887
2580,153.8350816498478
2581,179.7512067848932
2582,157.187721304942
2583,133.72049914594376
2584,170.06967622560316
2585,154.6081699131311
2586,141.98087966030383
2587,170.0104363657694
2588,166.6450836095768
2589,95.06157772095783
2590,166.76550609099257
2591,193.2809856638478
2592,45.355443708701586
2593,166.13777874350401
2594,134.28422391812342
2595,126.0658367281009
2596,155.25169234211853
2597,115.29960103614242
2598,117.58748821408125
2599,140.76484267799748
2600,126.91017913776157
2601,125.65349617340333
2602,164.57899194594515
2603,146.32167256384045
2604,197.5295158162326
2605,177.58905240212601
2606,159.37049694531777
2607,44.072900333603286
2608,174.34395009347978
2609,132.54416958832
2610,135.1694857492679
2611,-4.174008324908542
2612,116.53518005183412
2613,273.991095347488
2614,149.00498252166526
2615,173.80571688404592
2616,157.6754822458168
2617,47.431979915535635
2618,173.19052630344314
2619,143.87754255143193
2620,272.04524469165386
2621,127.12526156081991
2622,146.367003925643
2623,167.65142452643994
2624,165.13099792697582
2625,222.5414191567847
2626,179.9225994419437
2627,150.2037398529339
2628,40.40571547482568
2629,110.27516883125675
2630,150.720610433172
2631,135.01736836386436
2632,137.34087843825222
2633,136.50717731516136
2634,153.87240176449848
2635,154.59505642733174
2636,166.5005218911117
2637,44.287065449126935
2638,176.20849101007303
2639,97.50719145422221
2640,257.98449484128383
2641,161.56875483273316
2642,58.71662956870534
2643,152.8103090003563
2644,269.8182456699209
2645,152.1903826265781
2646,14.881803734550545
2647,227.7458780222471
2648,277.57215422270434
2649,123.31773796243459
2650,126.7666370863019
2651,214.71055414856238
2652,140.23080649423957
2653,291.54576523789046
2654,266.06377337573787
2655,277.6910351140483
2656,286.7028724417005
2657,238.94182600333303
2658,231.23914861078194
2659,257.49779679082206
2660,66.74661651901368
2661,28.240801066449876
2662,249.61582401140637
2663,31.754710251531378
2664,313.5270802708666
2665,27.908347166322343
2666,294.59235881764823
2667,267.83876689427416
2668,11.021301114619291
2669,260.7682906154878
2670,248.37307525651536
2671,60.38359202822943
2672,53.42284744755665
2673,277.77597942939923
2674,290.51200350746683
2675,307.68554315764663
2676,304.2262396740746
2677,257.85468340965656
2678,289.5426528896685
2679,266.3581741333463
2680,260.3580995635601
2681,258.80779297415097
2682,274.0781197583159
2683,306.21458978914325
2684,287.6580781852326
2685,277.5931809271821
2686,248.47802131818867
2687,24.844614843298103
2688,255.2144011910155
2689,-34.70355113615503
2690,5.680674497900256
2691,240.29125155606826
2692,245.91495237796278
2693,300.9846896433727
2694,279.90672097617335
2695,266.1179621073222
2696,278.57932152759327
2697,30.377859100306978
2698,276.4580847563073
2699,61.71052798229124
2700,260.3549459052299
2701,19.35554241761554
2702,261.5828695823583
2703,188.3796296500767
2704,46.777522689862565
2705,267.0028431146435
2706,37.978566942726445
2707,283.3186250759138
2708,245.51940807166568
2709,247.2345226274691
2710,17.54204378942883
2711,263.4258100104872
2712,238.75055265552075
2713,239.08794977719003
2714,303.883678307639
2715,230.2719585136304
2716,260.9204526837452
2717,253.37179640139613
2718,243.2228789772169
2719,230.03383087834428
2720,246.43878838294768
2721,-35.28569857014442
2722,281.6580420699793
2723,306.19030915495705
2724,299.03504209048685
2725,167.91103147739676
2726,267.9126172619494
2727,247.70498002020705
2728,18.306183477568226
2729,221.18548736932016
2730,228.94348473211534
2731,279.13434877024406
2732,222.3470035088983
2733,53.39741356127897
2734,217.17155629250954
2735,283.5534514656123
2736,261.15553285585526
2737,254.70975910189912
2738,260.4356091138277
2739,-47.568360758954945
2740,268.9724358409427
2741,249.53683380457056
2742,239.24679218687825
2743,221.0820869509791
2744,259.59125549916075
2745,65.83739889697979
2746,-52.45355360516194
2747,245.5165842543909
2748,215.2373519708139
2749,-47.84902762870816
2750,222.33264262371898
2751,263.7891710738894
2752,203.88005631499524
2753,233.6771367204312
2754,210.30735649190171
2755,250.18948658357624
2756,125.92245755992067
2757,258.7870513592268
2758,236.8008970144736
2759,225.32418114240488
2760,308.77895618960946
2761,218.61410499529708
2762,260.90708581720344
2763,250.8290984192495
2764,279.28165913047724
2765,273.3421450122292
2766,194.59965607695472
2767,264.55148023053005
2768,288.46395099716773
2769,274.90416175609175
2770,266.25483961572706
2771,274.587071672962
2772,251.6778618425441
2773,267.04885374995456
2774,243.31238698637844
2775,294.69065494006844
2776,257.16891762057844
2777,258.8435943774737
2778,205.96930584551677
2779,260.7420627305356
2780,230.4263420053244
2781,219.06441956229793
2782,191.87063838269265
2783,290.026433887623
2784,269.1147858144879
2785,258.43156925761656
2786,142.30967637873965
2787,222.38776462219374
2788,281.72833257271213
2789,295.08166261061046
2790,244.2088317967992
2791,252.19308610515043
2792,245.5385491593233
2793,292.8408920711081
2794,248.72230476447274
2795,253.64905321229458
2796,235.76626483029162
2797,285.8641872570248
2798,287.6509065446069
2799,238.2559832208453
2800,286.1036901523555
2801,-1.2438208543673568
2802,259.11662973568195
2803,313.38801064185407
2804,29.159148383323185
2805,280.4919418760629
2806,-192.31977159379733
2807,182.18489615923437
2808,55.267794079798904
2809,218.3583133897343
2810,273.30126430719946
2811,240.30968614185147
2812,9.289441243362816
2813,272.08261672587514
2814,31.528941762256864
2815,208.2207031397949
2816,192.08247905971828
2817,6.176779626177549
2818,2.139397964290481
2819,246.02041782680863
2820,295.4852387569368
2821,275.5252079788828
2822,265.678983157196
2823,280.4879471057369
2824,271.3117080864312
2825,275.1956938165317
2826,217.45087871457454
2827,86.4046495308707
2828,268.71840015480495
2829,80.09069465438083
2830,235.39423822644284
2831,244.13148241879009
2832,260.317838484275
2833,103.77430483321865
2834,257.16818795588995
2835,41.67803352580512
2836,-91.61007240295544
2837,267.7213495366276
2838,243.43931949677523
2839,131.57475307296505
2840,269.24541572472015
2841,-45.98884687902569
2842,237.6811830911086
2843,234.85819709011645
2844,301.2545989358715
2845,284.409650359642
2846,243.80651887073788
2847,271.70141397199245
2848,274.72732944609277
2849,218.03118765231946
2850,290.630009175203
2851,245.73032967516448
2852,230.11642171632968
2853,129.03643997405837
2854,264.99625186136467
2855,152.80557388998162
2856,4.899795836479342
2857,225.92122792237413
2858,266.1410499497873
2859,209.61608102780775
2860,158.44268595301247
2861,259.9505487549018
2862,273.9934120996958
2863,254.8571776808071
2864,279.2974852825881
2865,263.02508911956335
2866,46.35999537445832
2867,69.19312586174942
2868,277.5087057071355
2869,281.92446165594095
2870,280.51450251375957
2871,254.80265494594113
2872,25.80806946151496
2873,187.93183753444058
2874,304.03621061728575
2875,250.04017008393404
2876,256.24162502756064
2877,277.6119253194456
2878,246.09427519647872
2879,273.71971189164265
2880,236.96775915024847
2881,260.2657955396207
2882,303.79915076151144
2883,244.37285239721163
2884,253.2006408530516
2885,256.44380633857736
2886,287.98233124123726
2887,274.5902816258486
2888,277.38475742515936
2889,258.569440608349
2890,298.774457214521
2891,251.88257653304854
2892,263.5665225294852
2893,294.8666385867908
2894,263.7790334491235
2895,251.38346981010693
2896,234.85244383318346
2897,229.63385220264627
2898,217.41722771198857
2899,249.6710107317912
2900,304.79603431636866
2901,285.2516047645464
2902,197.74152520563268
2903,311.75766141080373
2904,311.1824126096434
2905,194.07818297024068
2906,266.0369866452517
2907,277.0668617876469
2908,276.3634686918001
2909,193.38378318419637
2910,303.0263236822699
2911,273.8434553395515
2912,17.352128774727348
2913,196.5667777348836
2914,242.08171872946224
2915,280.7936751652253
2916,1.1516924076740338
2917,269.16073735132613
2918,305.59318521808495
2919,204.71321886173087
2920,-1.6230248075393376
2921,22.610685389626795
2922,52.66612889880511
2923,-8.924156217065274
2924,42.216134138885366
2925,193.05146924025888
2926,34.00764591657298
2927,251.03811200498674
2928,242.7516428048886
2929,232.79225412716514
2930,287.200372196487
2931,212.50277970461053
2932,288.26427201578105
2933,213.16794085576515
2934,239.77256510090152
2935,268.4286727619601
2936,240.7348216467529
2937,266.18710019923066
2938,287.7543629820339
2939,244.29851008905177
2940,9.86566617406568
2941,280.85273127135804
2942,155.62051150339664
2943,253.42562552880614
2944,263.9472415733843
2945,266.5665596259129
2946,280.29759140660553
2947,255.8073933038204
2948,266.39338503595775
2949,257.95870704780475
2950,235.127644370693
2951,245.7585861448091
2952,258.2333328495259
2953,267.51111468090016
2954,267.43420826732677
2955,285.46322020842547
2956,267.2995604770513
2957,262.31391797989806
2958,22.240232767117448
2959,266.93411198299884
2960,167.49986108145038
2961,272.5413213051139
2962,3.6877869618455463
2963,261.83461118973435
2964,249.89739638245075
2965,246.32969962372866
2966,196.98548072072265
2967,280.9771288255764
2968,281.01987063100523
2969,287.285307543209
2970,230.06121604929905
2971,269.41702512927037
2972,296.2235886671807
2973,277.68057676862065
2974,279.98440769492413
2975,276.6112870034529
2976,304.99390726710965
2977,257.07024776873493
2978,284.2594808330216
2979,248.59433833901366
2980,256.14690137362186
2981,-186.5840909365122
2982,284.93479435721736
2983,204.84106537269747
2984,280.09267707719414
2985,300.94644206253463
2986,257.3051252846124
2987,250.14788133997163
2988,253.2370385610911
2989,-202.3637734161362
2990,255.1317631200132
2991,269.2275256740752
2992,210.3434896719521
2993,228.50913455398245
2994,257.2576141886893
2995,283.33199027944625
2996,271.5572830925741
2997,241.08673540763613
2998,289.8425889523252
2999,300.2141150946064
3000,274.712518568419
3001,281.0569618660045
3002,274.9122789664216
3003,176.6411234040731
3004,253.25447632823116
3005,240.45982067070997
3006,251.6672891750613
3007,285.8278894243454
3008,238.87628969477257
3009,314.2472127437741
3010,61.338650013196826
3011,262.78601690233376
3012,281.96889885874407
3013,263.6528735659699
3014,311.52540702599583
3015,238.33988968738572
3016,279.67593888175287
3017,286.42739378849194
3018,279.14128008166927
3019,253.7300970064927
3020,296.9123850308876
3021,268.05126977205214
3022,187.663124101258
3023,276.269870389551
3024,242.13236524390777
3025,276.30118446463496
3026,-55.06845891306215
3027,211.1697802989585
3028,244.7200039040347
3029,298.0986763091417
3030,272.71621733133054
3031,229.99544770677537
3032,317.3699402507161
3033,258.55815872083724
3034,21.813028165749387
3035,287.21716810026146
3036,229.11221034824706
3037,269.6120266661553
3038,219.4704996337374
3039,299.34265631477183
3040,234.91112625776492
3041,298.8858062918106
3042,262.2285649299246
3043,273.9861047642231
3044,263.3700117979781
3045,248.53792166121306
3046,229.47780152192263
3047,239.32495742855667
3048,-5.860720691981214
3049,278.15993799543617
3050,191.83017783890182
3051,230.30124147767094
3052,254.90179036203807
3053,255.14790375967095
3054,-99.01750694891791
3055,-21.091786167051396
3056,290.69229472343113
3057,240.3463467706457
3058,259.9416429860928
3059,161.6009332869878
3060,216.8197374165713
3061,217.83198789620755
3062,295.10816077740174
3063,242.6171853418203
3064,285.95454004157466
3065,44.89310857723936
3066,221.07447061275576
3067,214.76166118573056
3068,222.25569107139822
3069,270.2580452023865
3070,272.90742088434683
3071,201.35433317748172
3072,288.3918853228314
3073,244.13603066608508
3074,292.6121326642444
3075,269.44727800509645
3076,288.3085346225171
3077,270.27507674499464
3078,241.46055114017096
3079,183.7442146795719
3080,266.92162095038344
3081,259.8632732440389
3082,250.37769466098575
3083,299.0103447114317
3084,28.385898954342224
3085,227.91526899452208
3086,245.65185111298496
3087,193.47772493132123
3088,314.6790660283685
3089,252.66153593731934
3090,221.7252295513812
3091,241.12939517265772
3092,8.321633723492141
3093,249.24231985985654
3094,267.2821227761708
3095,17.147104642236116
3096,256.25743711648147
3097,257.5620267792899
3098,287.0037749217404
3099,263.1194031132968
3100,292.74417435585724
3101,273.37559273882783
3102,236.24959275552305
3103,250.95105617532928
3104,260.011549859002
3105,241.60250237189226
3106,278.141436009381
3107,276.3162198249511
3108,250.5393578314505
3109,259.7601957740451
3110,250.10678020396202
3111,256.7423309166272
3112,272.1891152367067
3113,265.3607110230995
3114,255.77417242639476
3115,248.92103103177078
3116,240.66526591876678
3117,258.950769636313
3118,283.8946721343191
3119,240.25617951943775
3120,265.43242329223693
3121,246.44276309934503
3122,238.5002403334535
3123,253.76912337202194
3124,225.9369780951222
3125,244.46711595947156
3126,223.54364705985216
3127,306.3362373960432
3128,260.58042387376463
3129,281.15764543498216
3130,277.9963403992571
3131,265.536288224876
3132,249.91146558703716
3133,-2.341254377708978
3134,244.46921530145954
3135,274.93257394670786
3136,257.37949240337366
3137,246.98877567517246
3138,268.24393936742507
3139,260.4470323838493
3140,261.57127419488006
3141,291.25586033976055
3142,228.83534202013732
3143,252.09818896676842
3144,299.4372726509284
3145,260.3238021987758
3146,242.22152452664545
3147,302.3631581056114
3148,288.7181773472663
3149,254.48450570162566
3150,281.9103097467864
3151,131.21652895832437
3152,298.19466413764013
3153,238.3997511721863
3154,275.3006085715808
3155,-251.44473584373102
3156,301.4178765737874
3157,259.2161225497176
3158,271.06738223361
3159,254.97065624183708
3160,254.76620865465227
3161,207.35951178721842
3162,178.9678850357019
3163,300.9544728576901
3164,255.96229635329567
3165,296.4630011368065
3166,273.79337283296053
3167,292.766107030522
3168,239.17494689923006
3169,-30.97681993128151
3170,290.17264115158196
3171,231.13524998447392
3172,251.8721675991748
3173,233.62557402875615
3174,300.0820509648556
3175,27.07248934466176
3176,257.7453597468012
3177,288.27028503657834
3178,300.1549710289628
3179,223.92568963489626
3180,263.47236023184337
3181,224.72348088113017
3182,256.83362933227124
3183,246.6170681651597
3184,225.48162038361795
3185,263.35337241839795
3186,248.5388735430276
3187,284.7961148651143
3188,270.75035325669035
3189,280.6915548990623
3190,280.39418272273673
3191,262.91677323798086
3192,268.499716355463
3193,261.70195873792085
3194,270.9940837541567
3195,268.31587066103083
3196,294.5382537674711
3197,260.3940948349119
3198,304.25342121719495
3199,263.29062499953443
3200,266.27419151256106
3201,15.825863483819049
3202,310.6094127697712
3203,268.47854432292456
3204,289.12377192780946
3205,262.05387668645886
3206,282.2969279853852
3207,1.4423314358553796
3208,271.5517364003475
3209,188.87989566636605
3210,247.43682555316155
3211,250.74846864593152
3212,313.88314555634935
3213,297.44161060753913
3214,286.62413314554806
3215,248.5715896024777
3216,232.5323450720441
3217,279.3522644667685
3218,249.78704189648738
3219,260.76099165907283
3220,195.03475961236813
3221,278.0845480501917
3222,236.52336655756366
3223,237.13334631779506
3224,248.36183426153343
3225,277.843169501384
3226,229.46921275392359
3227,269.03148456585825
3228,285.6675622002635
3229,270.90354314940157
3230,281.14128885049234
3231,259.04162487095357
3232,250.2474612630544
3233,288.29729420495596
3234,290.55338961731286
3235,236.01302836692764
3236,288.3966461453411
3237,267.41606834183864
3238,261.2423956915612
3239,-0.08996069470143198
3240,230.34053027041793
3241,293.8774000170245
3242,237.36481276385405
3243,284.0876983977673
3244,264.5226898210166
3245,255.1221604295362
3246,253.83305648446037
3247,257.1931819640532
3248,214.5266728125338
3249,280.384655601218
3250,259.0671077067477
3251,298.44066158095177
3252,263.2799974526211
3253,285.3889145584834
3254,262.11018409430517
3255,212.27270953647883
3256,287.4745003582092
3257,271.12531117923174
3258,310.01927874057213
3259,265.63540605197454
3260,268.89971227304306
3261,227.98901836182273
3262,236.92656860416122
3263,232.64347732011638
3264,283.78468737458957
3265,247.42166667975795
3266,289.6043804542776
3267,235.55016480817628
3268,302.6995258123466
3269,261.4664261499553
3270,296.4692770283339
3271,274.00451972403727
3272,276.2282746130461
3273,254.2003052187852
3274,269.6163189882756
3275,252.43118770091786
3276,258.3078395150261
3277,279.49012009901674
3278,260.9249326566471
3279,263.9494666297867
3280,268.497047597204
3281,283.70790155739064
3282,290.88135065940304
3283,280.1862808934468
3284,281.4847473732125
3285,316.4025463852273
3286,269.65559996361475
3287,246.40125981139192
3288,298.563388808638
3289,271.8018551735832
3290,311.588514226954
3291,299.8761691573207
3292,289.7061623525499
3293,279.4869311261712
3294,260.1430926089829
3295,259.0347235166437
3296,279.77863519130165
3297,254.9973232642854
3298,276.5390324709525
3299,236.14234969058495
3300,238.32553535600638
3301,289.14157301817573
3302,256.1213156680801
3303,270.00750900296316
3304,249.28919452296572
3305,256.9185923883906
3306,297.47719896757224
3307,269.1366761457208
3308,279.4618697696021
3309,274.2257037487959
3310,267.8554200918215
3311,247.9628378202433
3312,249.9583519737742
3313,279.98570848584563
3314,269.6298887442199
3315,256.03284104798433
3316,231.47344581696163
3317,287.99366312427986
3318,276.74620542319656
3319,51.86903714967025
3320,263.4684748890798
3321,236.7989702586494
3322,258.54460076577027
3323,23.234065538878227
3324,259.7885573966214
3325,264.74378045697483
3326,309.37202758230814
3327,272.30498795170763
3328,274.4882395162443
3329,254.69367559690718
3330,257.42752664537284
3331,270.40572311357806
3332,241.32549045327315
3333,274.8357874096671
3334,234.17135886824587
3335,227.5555352759883
3336,282.17646510400834
3337,243.26961018453056
3338,63.75302770730322
3339,237.76301622995118
3340,265.2913307937596
3341,251.84457156473326
3342,261.2791892970002
3343,262.2708631284742
3344,216.6939577010686
3345,271.3707367678516
3346,242.27424340153848
3347,187.32747493749162
3348,220.3383718188771
3349,282.0994491204202
3350,242.81913307595437
3351,261.18966741996593
3352,248.1323507829164
3353,246.46297864224636
3354,287.77837934948604
3355,282.9142979478412
3356,143.07807306003457
3357,273.81584484311304
3358,-120.76775061732091
3359,291.72985336946704
3360,256.59014144745674
3361,217.54732403535354
3362,186.31588056099645
3363,55.35627415375325
3364,294.2654964668152
3365,15.66422024599727
3366,55.726412228863296
3367,102.6142689828813
3368,281.1730732935843
3369,274.7345188828765
3370,294.7341606368876
3371,126.18643767180892
3372,255.34024251135824
3373,289.99005106073776
3374,-20.930178898062636
3375,196.00478632689533
3376,264.76439080817454
3377,248.28329951047013
3378,269.91653017388353
3379,278.9222222697224
3380,267.53577101753814
3381,280.06788834540896
3382,-75.98077116738953
3383,254.7498986227406
3384,47.847964074097526
3385,213.40057081767085
3386,305.17976657777814
3387,244.21263067945017
3388,266.9726758035388
3389,285.2488589653639
3390,230.02977913226408
3391,272.61327114812985
3392,300.708797972446
3393,238.16819772892495
3394,265.7213934594961
3395,253.11147596501667
3396,272.4547082120729
3397,283.1650785148978
3398,267.9520464161142
3399,278.19205569352624
3400,263.4567959662438
3401,256.50834859336544
3402,274.5449572493933
3403,298.50693441546576
3404,233.02149300154505
3405,285.57865510230465
3406,270.1512925450973
3407,4.799386501937789
3408,291.50314976341326
3409,253.85936347917374
3410,295.8736958348426
3411,251.48250640438522
3412,287.2962486503153
3413,65.87799123201765
3414,283.85378515083914
3415,266.27775701289085
3416,265.27500405359797
3417,291.4979701950871
3418,286.1893925946189
3419,166.23878357109004
3420,259.09433475673785
3421,270.6159418699274
3422,239.04397001234386
3423,266.0636061516258
3424,278.2292972852456
3425,282.327344346531
3426,268.3159045081539
3427,285.8152287691775
3428,272.73487354418864
3429,271.6211637981136
3430,260.4773979165261
3431,38.977239776839895
3432,53.68356749115841
3433,253.5338853572065
3434,275.7278357331614
3435,251.8927051426045
3436,260.0169925606489
3437,89.43282325328815
3438,6.92368909277272
3439,238.30582392047953
3440,241.53932485156997
3441,293.91437821972386
3442,249.21156753899933
3443,243.81024436793638
3444,265.9025581540571
3445,252.37588013861154
3446,249.79743758424556
3447,256.7182302487922
3448,277.14889166743853
3449,265.40388233403235
3450,286.29435207223287
3451,252.05517706677307
3452,273.31066863246315
3453,281.59759639956627
3454,260.91412453097666
3455,270.1425609603663
3456,235.07999071532277
3457,276.1197419966571
3458,251.54151648412164
3459,251.08334673630407
3460,240.6772464004719
3461,227.26983387176637
3462,274.91958143806534
3463,280.04364316263417
3464,300.1983078014025
3465,11.357623829228046
3466,309.7713989545008
3467,265.99603366521495
3468,254.33097782083303
3469,175.31124380824104
3470,246.8893198134039
3471,231.1796553072934
3472,259.7802755033096
3473,297.80127749481574
3474,296.6891913335101
3475,291.23865644403764
3476,255.9994501053586
3477,-107.67268046483825
3478,267.4869754578065
3479,289.07540088068913
3480,294.25854977688016
3481,245.4662952077047
3482,298.43619358866044
3483,252.16433893733438
3484,40.26327113659448
3485,289.6699164366962
3486,13.225857142656878
3487,260.2753018764075
3488,271.27497583482136
3489,295.0128128501967
3490,244.42487550830552
3491,44.34747372220684
3492,246.88761563046236
3493,294.652839153371
3494,264.07137040254685
3495,248.28464014766735
3496,59.38463359217076
3497,281.80323831778026
3498,272.5649160450339
3499,44.797509681896685
3500,279.5605498866971
3501,252.1173583308115
3502,307.63794065724574
3503,54.2161652170449
3504,307.484074097795
3505,308.7878999941162
3506,264.31126477494445
3507,283.69707669604077
3508,305.6752968425984
3509,287.75358592131306
3510,300.71421443827285
3511,287.36301008600344
3512,256.7144460424356
3513,248.25519279989052
3514,283.6239773415883
3515,241.0111104557613
3516,273.12309245296353
3517,228.07529948328485
3518,282.21232815096766
3519,264.61647223886126
3520,247.94994141001197
3521,267.8738377427011
3522,258.9607841542842
3523,296.6464041094612
3524,302.4015235511823
3525,276.56988582450276
3526,242.9607134381977
3527,267.28000875949704
3528,252.85858148721502
3529,288.2822467834642
3530,227.00700796448012
3531,289.90177320651895
3532,304.99555313406586
3533,253.32558219214675
3534,244.90726967737226
3535,243.24530989823853
3536,254.04555583276732
3537,267.1960692479681
3538,228.10614969801168
3539,213.29088504912556
3540,274.0970430407426
3541,253.00126307247612
3542,259.5566654440403
3543,288.40848418512655
3544,280.75277639201994
3545,271.41429596570754
3546,281.37318788796847
3547,260.5001374630033
3548,272.1393184376191
3549,288.9756735721639
3550,256.562691450081
3551,243.92926345252394
3552,261.19530375624714
3553,251.43677970252304
3554,273.9249656693668
3555,236.87882040914283
3556,237.28634069630243
3557,258.4582971879845
3558,248.56335792569698
3559,270.45763541840086
3560,304.40820476326235
3561,229.84829374263185
3562,23.994521908418392
3563,251.33536559014215
3564,272.70383391055
3565,298.13099524347956
3566,262.152453562313
3567,223.23717919997293
3568,246.54730157261952
3569,266.23977776909976
3570,250.8543614996253
3571,235.46194068544207
3572,272.25452751697185
3573,242.9923491146493
3574,322.9983257846985
3575,262.0643780697503
3576,211.10060852476556
3577,237.2583238206791
3578,247.75882968239276
3579,253.14063861567894
3580,318.45301243308813
3581,291.09509972544663
3582,250.63894934241657
3583,285.95592850156794
3584,23.134528136085038
3585,259.6382612856266
3586,241.76727211889647
3587,235.24218548093947
3588,241.14090257677356
3589,308.7789622144969
3590,227.39747987184728
3591,289.8032460731428
3592,274.07377185581925
3593,246.16199065391186
3594,284.91243519021793
3595,258.6692739910295
3596,251.185691881987
3597,278.514748501904
3598,274.5235784937025
3599,250.38181625485936
3600,258.4213747806897
3601,291.2559774865657
3602,285.78168667454156
3603,277.4572371385817
3604,269.3929431668337
3605,250.9670393627963
3606,276.085661217417
3607,257.08774847838305
3608,244.7482325430441
3609,265.2389754453299
3610,301.6292707393328
3611,302.27236641631373
3612,258.9553380980933
3613,295.0360967863181
3614,259.5603162295904
3615,304.93512726670815
3616,321.1630000446498
3617,257.472745423945
3618,248.9950854214093
3619,276.5960721298168
3620,278.48822727739565
3621,270.9520969166476
3622,246.05560027744204
3623,267.0347459877322
3624,269.6985653606053
3625,266.7647020464093
3626,301.5320982189537
3627,237.4361104286486
3628,250.0242603832409
3629,232.39901281066355
3630,265.31280770657315
3631,279.1086641035563
3632,260.50379951119476
3633,269.668855880074
3634,242.8395944294037
3635,296.2084241551538
3636,298.9433225267685
3637,272.8136964308341
3638,291.63618811195755
3639,56.97554051681729
3640,287.3798547027849
3641,243.82746083743575
3642,275.5070967104697
3643,308.9571246605544
3644,250.19070046248174
3645,289.89037084758786
3646,265.85058307905456
3647,54.742691876233835
3648,299.2860015798163
3649,278.45659256560117
3650,269.6619875828692
3651,294.0720011334628
3652,274.2549950101561
3653,184.92776860114316
3654,274.5299880034432
3655,285.799561901861
3656,278.3397170302209
3657,270.24265334251874
3658,240.36254517370668
3659,289.3600249199623
3660,237.92980403140666
3661,280.1383211483928
3662,280.44868484784274
3663,277.85951441552584
3664,279.3695656091526
3665,251.4124232739304
3666,303.7729082918977
3667,261.80287524457685
3668,238.79096646604705
3669,297.5993983771758
3670,195.01922124685467
3671,260.67267619436166
3672,236.9045824121455
3673,260.48623147824617
3674,257.2635529527243
3675,271.77717795891095
3676,276.63004168793094
3677,275.40529602085365
3678,298.1530107317778
3679,245.92255511063362
3680,264.6170681739608
3681,277.61469217146805
3682,284.53116875376014
3683,271.43426239269786
3684,278.29516309751153
3685,265.06479420258904
3686,288.92657584183604
3687,260.38131440158446
3688,257.32047357986505
3689,261.11393909060484
3690,239.545334319606
3691,-150.17972742673567
3692,277.27092756031016
3693,264.2489000244027
3694,273.1032604377218
3695,204.75715962060565
3696,265.89043743457364
3697,262.51138590299934
3698,235.79100789393283
3699,280.52688002189234
3700,285.49563367929545
3701,267.0028153635813
3702,270.64991306744247
3703,253.342429730106
3704,260.6251935151378
3705,275.7116022024696
3706,268.91371961385494
3707,265.68374903140545
3708,254.7745337703783
3709,-44.807360923737704
3710,255.03226249775346
3711,261.61868914469096
3712,76.56458858396633
3713,257.23817143825545
3714,293.8584707178046
3715,272.7133127527967
3716,253.73679746609906
3717,306.98281204255125
3718,272.92761535737816
3719,273.5137737989074
3720,245.66096682381712
3721,256.3154525825611
3722,245.34644607865903
3723,189.7000122381471
3724,291.4571769438045
3725,45.25338400879724
3726,255.61074400585056
3727,86.5199360812741
3728,298.0894192710225
3729,289.767651456763
3730,72.67318862620391
3731,285.9295374812882
3732,246.54130185676308
3733,277.5607075177792
3734,284.2967379931472
3735,273.1062544664462
3736,265.8078779125897
3737,302.08717874329585
3738,267.8518021619029
3739,242.1350339915809
3740,257.6795148727569
3741,284.1315820829194
3742,278.46686815032524
3743,275.2004235856747
3744,244.77710603291501
3745,247.5966273455774
3746,180.00327423292418
3747,267.7851330489533
3748,277.08909666451785
3749,258.71584507326895
3750,282.1490216982911
3751,266.29836047357173
3752,188.69358557531143
3753,252.7713671533146
3754,225.26485018875758
3755,284.0284414422101
3756,276.1290558364061
3757,272.5635835582998
3758,9.278283914126305
3759,233.98700534930867
3760,272.1151806405948
3761,248.9214717329076
3762,272.1892340716105
3763,250.06747330994418
3764,268.4013373773696
3765,273.73827362096324
3766,248.51184654513466
3767,260.8687363141176
3768,283.08065023094326
3769,292.4908125770638
3770,260.4889887074543
3771,286.66341280377515
3772,261.13742191965736
3773,253.89974391986775
3774,289.9443804733106
3775,291.06273238719484
3776,279.20707466542643
3777,258.0233196600477
3778,285.37489400925074
3779,243.81028273298085
3780,275.0518663621393
3781,268.96198390553377
3782,199.18382520481626
3783,291.83312336279437
3784,176.03375075937427
3785,254.24314013886303
3786,194.1463757483677
3787,29.285517124536028
3788,250.59466029896745
3789,250.8735258737591
3790,218.33809520285152
3791,261.1301691791986
3792,260.1526359198716
3793,227.14325899407203
3794,274.0625430896355
3795,304.43710807637876
3796,227.08654121755777
3797,-33.057667038799735
3798,282.2252620510622
3799,218.8901318761895
3800,295.6967343757195
3801,267.9127386034398
3802,272.89590053823184
3803,281.75364820723786
3804,301.7370171606378
3805,241.1245806446711
3806,238.22847633486316
3807,260.3649154723787
3808,284.6895902116605
3809,306.5536116917373
3810,291.13046527170786
3811,281.9454831982588
3812,259.2635016603099
3813,255.92711418606473
3814,241.73004254138988
3815,248.1025370699831
3816,300.4019474821157
3817,202.3850190018239
3818,241.32349995191046
3819,200.71000506321514
3820,195.51550521633948
3821,244.46753314656817
3822,319.6827490033892
3823,236.0189121912914
3824,255.24973047480995
3825,276.92613666460625
3826,272.63891351288964
3827,279.389851272393
3828,239.16097660401903
3829,280.57592133249784
3830,275.84032158430864
3831,267.5150999778259
3832,302.6454052914985
3833,274.5349481031243
3834,280.92248909874655
3835,272.0964457659933
3836,240.54505195359022
3837,272.1124733739314
3838,280.3848507902497
3839,269.7294986055011
3840,288.4286184569199
3841,298.28988190066855
3842,297.8862836409848
3843,244.396580383762
3844,241.2184907302618
3845,208.7468082221547
3846,262.8075163031284
3847,253.81808163948162
3848,280.8511137438999
3849,270.408995844081
3850,-42.63272622102036
3851,254.41063189446032
3852,282.70082999470714
3853,72.07000346380963
3854,229.81496239127893
3855,287.37815843158455
3856,238.8611583065304
3857,259.84286318229454
3858,246.58256748547458
3859,300.1280386939279
3860,272.05021534578395
3861,289.81643524658625
3862,232.1475716784127
3863,204.9307824569804
3864,181.40931041694932
3865,300.56554417058226
3866,3.6180286978447214
3867,230.22693232331144
3868,235.35324801019289
3869,278.04927541734185
3870,216.6558497783796
3871,234.9123389367235
3872,280.45289921404765
3873,254.94293985455852
3874,281.89054102952764
3875,247.5243698587679
3876,264.300832094876
3877,277.58905552002386
3878,240.7652409067121
3879,276.7676039875433
3880,301.72146165467166
3881,252.6781806769673
3882,287.0840243748387
3883,230.7157741139302
3884,266.99922208048525
3885,278.821462900416
3886,286.39291512849405
3887,297.9809682413663
3888,283.1521995213394
3889,271.50491369197846
3890,250.3421107120142
3891,60.00367157123824
3892,265.52647571089824
3893,278.2511765062472
3894,247.91055378432767
3895,249.18985275379907
3896,256.0558579173383
3897,247.71966391323735
3898,264.0407869501725
3899,257.5083842222617
3900,283.01789356297655
3901,227.48386902453603
3902,262.68082001845005
3903,301.070601858423
3904,305.53583837888044
3905,279.33542774333466
3906,287.9013904954892
3907,265.480179447223
3908,283.7083396900245
3909,300.31948731161225
3910,310.59648913621425
3911,256.371370359636
3912,290.4266464737094
3913,33.3471132913227
3914,275.7881035443612
3915,263.34405020027486
3916,291.86612407749885
3917,258.35744842588247
3918,279.11433374934575
3919,254.02066204432663
3920,277.47966193373253
3921,283.86867483423237
3922,252.13008003924412
3923,292.68258304233115
3924,285.82451020229587
3925,253.25669287163987
3926,248.36548154275278
3927,243.6238171495893
3928,295.7106882377103
3929,267.2086281767706
3930,305.39873917509
3931,303.5561795350017
3932,277.44197678025523
3933,286.7590949372907
3934,247.38788460081147
3935,240.23985073510872
3936,276.55660107627756
3937,305.7564244177503
3938,280.45923558792833
3939,299.40257182979974
3940,274.1020209624892
3941,287.84176789799756
3942,317.49110424756236
3943,279.69443577451
3944,49.51924164986917
3945,261.62164449320994
3946,68.48968398869673
3947,251.9004142163115
3948,53.288997282193606
3949,317.65160355139824
3950,44.893031539584854
3951,267.0905524866654
3952,273.5462673843364
3953,302.1195931305707
3954,308.26847979023995
3955,305.8326510064594
3956,293.47981185124974
3957,258.96364469457023
3958,255.35128415258924
3959,230.65174676027806
3960,288.64817187099857
3961,257.7782410496368
3962,263.734705594523
3963,300.02979754982164
3964,308.62645311295034
3965,297.9870686296557
3966,290.48520252917785
3967,243.2082833938261
3968,252.08000322687334
3969,277.9552871195977
3970,275.3103083284582
3971,292.41628190901747
3972,286.8159172979701
3973,244.79216299762783
3974,306.52929142134667
3975,311.9498226507936
3976,250.5228461736379
3977,296.75774895894403
3978,265.3781711263431
3979,228.29585528545283
3980,296.6226309954377
3981,274.3350123640595
3982,279.56128971251076
3983,269.5166791576079
3984,266.944472556523
3985,299.7044370979668
3986,275.3212691847109
3987,290.86518865628767
3988,257.08602044253007
3989,275.2209611873142
3990,279.4582222697496
3991,267.8565139407981
3992,291.5655496877537
3993,289.35963017511585
3994,210.6920455865916
3995,244.15541001783492
3996,243.26611152807433
3997,255.26277842687702
3998,209.23974205843217
3999,285.0516518242489
4000,280.7701567427465
4001,236.71174240202015
4002,251.4587250765331
4003,300.8388212214134
4004,269.01352101687144
4005,304.4578306568774
4006,233.74649264389842
4007,276.56985330145915
4008,296.43562374727986
4009,296.6803706179437
4010,285.01538894869225
4011,254.9448369884639
4012,273.48936699484875
4013,278.2994397766556
4014,308.9297802746106
4015,23.726643407681777
4016,270.0368048380255
4017,274.14740948153803
4018,284.0871933856636
4019,286.4266916197957
4020,287.19910979582903
4021,250.26509375586244
4022,287.91065051464403
4023,283.7423048686697
4024,296.7816359116365
4025,272.1497218690763
4026,293.23939708170747
4027,208.9114634627606
4028,249.82943729292373
4029,280.9808166282319
4030,308.0409909238017
4031,261.7238864801377
4032,301.85883434891343
4033,263.2365381909349
4034,288.86378214551115
4035,306.36739097009513
4036,285.5806311834822
4037,277.5589080307518
4038,229.70015724477707
4039,257.8345611222933
4040,302.9207063380825
4041,253.95721296952019
4042,274.6696959882096
4043,296.6241148334019
4044,257.956241215155
4045,37.31417326484882
4046,282.5143339536435
4047,217.86441260688935
4048,272.19643265170896
4049,261.2064522711021
4050,259.65387018287817
4051,257.01847836188756
4052,285.7449157040554
4053,249.15481791103417
4054,282.94667337195773
4055,271.8522511750982
4056,236.64151563645277
4057,280.8750713975876
4058,245.2532334502277
4059,267.7152330712041
4060,268.50585548810545
4061,244.01486917262434
4062,294.66511516097734
4063,234.44220136533838
4064,276.32652907213026
4065,283.6150025062758
4066,290.76929390275495
4067,258.9230051966652
4068,310.1265992056341
4069,268.34111996376316
4070,262.9112081523359
4071,241.0014957951049
4072,248.04562652874972
4073,297.18887132679083
4074,263.20516111222435
4075,288.758964396303
4076,304.5799073956241
4077,245.77346124374216
4078,257.17555664686233
4079,292.8137478554752
4080,294.29488929495574
4081,242.36781201595437
4082,283.32138845987714
4083,309.28994999850227
4084,289.2465342525071
4085,246.1587755386211
4086,289.6435728331305
4087,277.6978094636073
4088,-56.08590635162659
4089,296.74391510402756
4090,239.61915372986698
4091,313.37146577072326
4092,242.38575871945827
4093,65.29443628126745
4094,207.13393926967336
4095,237.9676346616624
4096,312.2013694139915
4097,291.5441082760981
4098,310.61099201063223
4099,276.012018817316
4100,269.81086878813005
4101,38.987245585676106
4102,306.81419246425025
4103,277.14418016783395
4104,290.28074152732586
4105,271.2825029306582
4106,253.2984215012392
4107,78.78391313347979
4108,282.80310542546994
4109,281.38907992632153
4110,230.50039335507938
4111,32.95777003033871
4112,186.9804129759995
4113,273.0694024725433
4114,261.7729631145174
4115,223.4173904188349
4116,249.9294549067176
4117,288.73410797021546
4118,230.59163482005945
4119,272.438738532841
4120,254.99224338891298
4121,244.93918662459043
4122,265.7379619890778
4123,229.29389849525958
4124,277.18303612063863
4125,292.1290756504295
4126,257.0273090074444
4127,298.68802956107106
4128,266.881203941984
4129,271.5098232715467
4130,237.41043403113213
4131,295.96117723014294
4132,290.6788510305824
4133,296.86831393238674
4134,183.96600515259098
4135,245.10584673909113
4136,277.1586256200908
4137,283.1370931256023
4138,255.17470590652172
4139,268.5622504682688
4140,270.75314652629277
4141,249.57999464631172
4142,296.6997528374211
4143,246.92051639662364
4144,305.04603847632484
4145,265.6227573880544
4146,236.7486492322545
4147,280.51801439169793
4148,288.1555404744443
4149,230.37180392561822
4150,236.52302016113498
4151,261.58119173839975
4152,264.0034225587783
4153,273.18779036972086
4154,305.38483322343126
4155,243.9487818867606
4156,255.50775005949873
4157,308.63464259071145
4158,286.2831311680686
4159,245.71020078615632
4160,281.94521998610924
4161,276.3745849408646
4162,214.8180684788229
4163,249.8673412394607
4164,270.04605256837607
4165,295.0759073315353
4166,293.6217989910547
4167,257.165240107744
4168,295.82881007700746
4169,165.97210194385985
4170,295.44500683489423
4171,249.28039945860812
4172,266.1364809035862
4173,180.4739405836943
4174,195.79052030513077
4175,260.69929762496395
4176,166.72529368209504
4177,258.12896418161756
4178,304.99478805019237
4179,282.1128945291758
4180,280.28890129499996
4181,260.5242520438216
4182,279.779452888043
4183,294.42978620630157
4184,-19.53616697965873
4185,265.5016927701406
4186,284.01449803267724
4187,234.6459459987275
4188,259.80079597443455
4189,256.8424438214298
4190,270.4665122104984
4191,235.39067833214264
4192,291.39795670609874
4193,260.01844831026165
4194,275.59987338591327
4195,286.72494142894146
4196,267.71947854168616
4197,244.226637746135
4198,256.8835328778592
4199,249.331402150354
4200,259.50291261055406
4201,259.9212697423358
4202,236.5558970618257
4203,243.03573730167275
4204,265.0650143924149
4205,267.18769332027
4206,276.66695585928517
4207,286.8853408687239
4208,255.67018887421904
4209,303.235467809428
4210,261.13161307404187
4211,24.58912700285643
4212,258.69011979776053
4213,301.03528390601184
4214,269.9559753475901
4215,242.7373501582651
4216,220.90155404811173
4217,218.12146325599298
4218,251.33738243954372
4219,303.14454315072436
4220,293.49430977016954
4221,256.69892624221995
4222,300.97950495246437
4223,249.5785460370914
4224,297.46208635209223
4225,248.62345801874042
4226,253.53538373216506
4227,190.09155093753196
4228,273.4521757724021
4229,208.05802459536653
4230,292.8403983849455
4231,305.7062870851955
4232,264.6820529364548
4233,228.8542157280206
4234,264.5989347243836
4235,234.62875216530176
4236,257.05071364475657
4237,240.2574435428635
4238,255.1573828722274
4239,259.67392118182966
4240,271.19979683820293
4241,267.17502403844895
4242,259.17445625023674
4243,257.01165289938433
4244,284.03014076844204
4245,292.74064958054544
4246,280.9296496403991
4247,249.55630736936155
4248,272.703050408809
4249,238.43909786269114
4250,276.12853534952217
4251,281.9625033708242
4252,285.2797533266068
4253,299.3132938986736
4254,251.09734349939168
4255,285.87572130551507
4256,274.7091368599044
4257,276.4782705114809
4258,263.4431001112464
4259,310.0397336910407
4260,303.57751998445883
4261,253.91115934889547
4262,269.22638479903037
4263,7.732791135126135
4264,293.8071120260465
4265,288.28121957041935
4266,280.01862369847913
4267,282.9903171235852
4268,305.0406489484252
4269,279.6307776535866
4270,273.6723059732811
4271,294.6838402755277
4272,267.6951426434275
4273,258.00009988221734
4274,267.93504012270927
4275,278.0113079589945
4276,-179.50213149592093
4277,244.19788911227505
4278,318.5357147956669
4279,-52.02217063629078
4280,246.6879989588348
4281,245.56972172980812
4282,238.50864627899517
4283,261.0279551322333
4284,284.71850351734463
4285,297.07284278522815
4286,249.78019816136484
4287,285.27573534292003
4288,271.4704283458765
4289,289.6018657953857
4290,291.96040814338426
4291,32.89848962556243
4292,36.01658631663474
4293,257.7021896386729
4294,302.091509260003
4295,44.401919357516476
4296,278.916283338036
4297,270.6126562871378
4298,262.7462142434437
4299,258.38456912279236
4300,276.4159483249585
4301,261.9369798461756
4302,295.5167596109168
4303,268.7045176450397
4304,231.1433109745501
4305,248.00386274726225
4306,272.05042553941286
4307,260.4889221023276
4308,189.84409629684913
4309,244.99834328357497
4310,299.71066842302696
4311,286.70573504235534
4312,289.4744818014727
4313,244.47457240404466
4314,309.81643952331837
4315,276.24594973595214
4316,256.314209179475
4317,266.04740788035025
4318,258.5075037588849
4319,257.49888485316103
4320,279.24187733164354
4321,236.23640488571868
4322,269.17534514240265
4323,285.83224946870973
4324,301.79953836155255
4325,267.193820975599
4326,263.41815197360177
4327,296.30966207916777
4328,277.1813071885986
4329,245.88860803086214
4330,283.25259707512816
4331,247.66437212162492
4332,263.10742323745836
4333,279.1784674715301
4334,296.80732122283734
4335,256.8925887196526
4336,283.9910415868507
4337,273.71237684322324
4338,273.5438632523247
4339,286.26269700749873
4340,303.2807659368009
4341,279.51342999543454
4342,235.82564148377173
4343,260.56984252895955
4344,290.6661274918407
4345,288.8056386183539
4346,254.25923523406024
4347,260.1923424663682
4348,254.7925278492508
4349,291.69438851015343
4350,301.6666963297996
4351,265.7329641975376
4352,268.12025872950994
4353,286.8233953344259
4354,319.2019577982138
4355,276.4964642445298
4356,275.24708622790945
4357,283.24020051377545
4358,284.37946010672465
4359,300.5108585149013
4360,266.66827730499404
4361,325.17021899945405
4362,266.92949962616615
4363,244.7320651410702
4364,253.2994490430896
4365,305.64752189773924
4366,310.9643912308449
4367,273.038172259493
4368,298.5353382443729
4369,295.42897431272036
4370,281.1327740486504
4371,302.9588209722373
4372,291.6445340475783
4373,262.72118320937113
4374,280.9231610158899
4375,295.37081832938793
4376,269.88507144029404
4377,287.74222719314076
4378,293.06108004406343
4379,265.90869381893157
4380,245.03447541024767
4381,272.739589024197
4382,266.7916968789439
4383,262.73172755607726
4384,246.47124165483407
4385,281.3123255344759
4386,24.74222587039641
4387,260.3498197517415
4388,220.08362203997513
4389,265.5373425085001
4390,290.12464739798804
4391,272.4720122972875
4392,269.5488731037773
4393,295.0032389665621
4394,-108.30190595109961
4395,271.6463362685379
4396,236.94341023317284
4397,296.1800836595278
4398,284.9108159761489
4399,275.4491525984108
4400,305.0447342411335
4401,47.5630345598868
4402,260.8238311930615
4403,230.80617011476772
4404,307.82204442916145
4405,295.10130916756975
4406,270.48141529941074
4407,265.0995284668478
4408,285.4024141092626
4409,263.14793265376017
4410,257.5290502438147
4411,247.73751801033873
4412,266.47540743697766
4413,289.12423643126976
4414,268.3045967723284
4415,280.1188521487443
4416,279.5404291608175
4417,283.78479132178575
4418,10.467963035022166
4419,256.6475945613124
4420,294.4260900257305
4421,283.50052263908015
4422,269.2159349156351
4423,222.66902161367082
4424,273.60185089365314
4425,291.9358745918828
4426,233.6523096957925
4427,251.37486635558645
4428,240.93071234043398
4429,283.472456111073
4430,268.2166699745554
4431,174.46023663681845
4432,279.2513417097978
4433,248.54471415835897
4434,302.6973349331142
4435,271.5614250974179
4436,274.06758651102837
4437,290.14251664563517
4438,270.1387435668977
4439,257.73641953259516
4440,290.25737610669364
4441,232.4975342376125
4442,227.42776657002207
4443,259.3300805990616
4444,270.140953681134
4445,252.44467295913353
4446,270.8970244064251
4447,271.189422954907
4448,243.8721894297032
4449,276.549437988588
4450,246.59964913415484
4451,269.11132199752035
4452,296.11997349679837
4453,265.21902483278933
4454,298.070355716178
4455,254.6273706064451
4456,261.9964198219459
4457,267.64974932008926
4458,293.98351552366455
4459,263.50893845839926
4460,255.29169549515666
4461,279.93712307307146
4462,269.942875716795
4463,265.1242868628377
4464,259.327787804939
4465,272.36891558586905
4466,281.42031611598225
4467,261.3043480877818
4468,243.79456603244728
4469,277.67924857906723
4470,286.95011528884476
4471,283.2309925819484
4472,280.08770273488835
4473,307.7828712291215
4474,241.10780929896538
4475,253.49131130504867
4476,307.84981671691406
4477,301.81458170993847
4478,302.6107223410365
4479,275.8112504623254
4480,271.2062051467053
4481,247.41635268281158
4482,202.41135998833852
4483,292.571030798068
4484,247.10514946311974
4485,267.31800822587627
4486,242.88638382719392
4487,289.9051904266522
4488,269.66365803169833
4489,299.6661276143752
4490,296.7208038112009
4491,243.07959617187632
4492,280.819522804211
4493,244.1675960302557
4494,284.88336821672846
4495,283.99838268084466
4496,247.55073223963612
4497,273.0795083719215
4498,257.75245424618606
4499,297.7755247432953
4500,300.9020270682042
4501,256.30326402945104
4502,278.7318012445659
4503,277.75632425878695
4504,274.44164503311436
4505,259.25305580562315
4506,220.35038223473907
4507,293.4224469512028
4508,275.8972749189952
4509,-92.86431678385321
4510,293.5803930219795
4511,288.77687393998684
4512,258.76745001397376
4513,275.13326670985055
4514,309.08996568528846
4515,272.25006939802626
4516,264.72228673417806
4517,277.84553002629804
4518,251.3010266025587
4519,262.28509618679516
4520,281.6990023414096
4521,291.43453401974404
4522,272.91327486582793
4523,255.01272224114874
4524,274.72649878996793
4525,266.6503355913602
4526,276.8861891312133
4527,309.57183984336746
4528,278.71884049819016
4529,287.43229416217156
4530,46.614162033348094
4531,275.26028652072785
4532,300.7085704746443
4533,279.8305801671962
4534,313.9938535834531
4535,295.4180792947084
4536,283.83378070835107
4537,263.8378117921212
4538,270.08281820699455
4539,301.56169156677845
4540,278.0386890050154
4541,255.88460508826623
4542,-69.3999596163086
4543,278.23198377646474
4544,299.76366382956917
4545,-3.828847094673497
4546,281.55489865388165
4547,261.0892087626038
4548,259.21130241534826
4549,229.79370902892708
4550,-165.36020507013802
4551,171.43559632298943
4552,307.28170655297185
4553,302.8096823797885
4554,273.21497476166144
4555,276.13397916021825
4556,296.4990448815631
4557,-183.99801322647386
4558,249.8547582745467
4559,266.63154403112685
4560,273.52837502293437
4561,273.9366516705761
4562,265.72174591624594
4563,254.08049522585338
4564,232.37867873669802
4565,274.211541358526
4566,267.07110097812574
4567,63.93267853611632
4568,264.6628265763494
4569,248.42188187467772
4570,8.725941410910025
4571,279.5827002688965
4572,298.0643276186929
4573,301.7932165353843
4574,297.25476580924595
4575,288.3695860904824
4576,230.7446419867701
4577,295.88802568180796
4578,271.6228623712897
4579,296.4807442750615
4580,286.02404001197493
4581,278.5792566469547
4582,264.57188293783133
4583,280.4760401140874
4584,301.6028152863945
4585,232.21256243334489
4586,290.588797513517
4587,41.4145316754049
4588,292.2750182836724
4589,281.0034882762675
4590,230.9960528042364
4591,239.83174198181638
4592,157.2031663481642
4593,255.02481110667122
4594,273.8548538671371
4595,260.7998081259155
4596,262.26104230766975
4597,281.9536137047742
4598,305.8179518462872
4599,256.3268719819006
4600,149.6755303509271
4601,40.537499738013025
4602,272.8857998001101
4603,257.6449912881254
4604,288.4666604832887
4605,318.02355523350934
4606,240.64311126738812
4607,286.1977470559981
4608,237.14279095769388
4609,279.4546396821067
4610,297.2216523488888
4611,249.5185507567914
4612,213.40459456637606
4613,-10.574751344125843
4614,256.83082189372846
4615,255.57619432578258
4616,136.10190451171528
4617,249.99210426646428
4618,266.3912555318482
4619,278.8336129775244
4620,293.507166521577
4621,298.1466306791259
4622,258.7880697854779
4623,272.5395006221646
4624,247.28501806347967
4625,296.63941616026113
4626,251.34465601204369
4627,245.40767828185844
4628,290.5360131976183
4629,288.26111184935166
4630,271.5931425952698
4631,301.36483837300636
4632,309.74989768151204
4633,280.73985782360546
4634,289.83058881874115
4635,203.68850311934565
4636,284.43564051910573
4637,258.0850592577135
4638,267.01265338871264
4639,287.37788788280864
4640,269.52882106422123
4641,262.5689611645827
4642,231.9787901003574
4643,257.55829004501015
4644,271.0436937486837
4645,264.05087940378155
4646,281.3016703912271
4647,307.00618682402074
4648,288.24280613914857
4649,303.32642961607553
4650,252.37587471126852
4651,262.4210416715948
4652,265.91206562559717
4653,256.66694403389573
4654,252.7287857920047
4655,237.09017778695014
4656,270.69680784424713
4657,273.94788410398996
4658,254.86487195294222
4659,260.74496662298804
4660,257.8893904865112
4661,275.8791450035984
4662,288.10653913802605
4663,267.41914272435844
4664,312.4613966367525
4665,280.2429884409364
4666,295.59548707013585
4667,258.80957709702454
4668,302.3122527856629
4669,282.35912589414005
4670,276.4414541490358
4671,289.69014297911247
4672,260.89873379084787
4673,272.9802206518504
4674,262.85655336433365
4675,292.38297013019985
4676,264.52295365402904
4677,280.68237261058664
4678,235.24097460177697
4679,301.6208699093451
4680,299.27357892109114
4681,258.39926403077715
4682,251.67274892897396
4683,305.75171817814595
4684,276.98732473356785
4685,308.4861274035856
4686,292.751776680723
4687,297.60694504017465
4688,252.9286977496862
4689,291.26662270156896
4690,-4.849395047109169
4691,283.4386791556799
4692,286.2941981944193
4693,240.09955219408997
4694,225.26966257461962
4695,254.45867713199706
4696,274.9052328723178
4697,282.83301521697626
4698,275.5160684811501
4699,275.73537083738256
4700,277.2879899761041
4701,205.41592638600395
4702,259.76034729281935
4703,244.72449138477785
4704,14.369740981455266
4705,292.05166650677006
4706,257.4778534959879
4707,286.1991811858977
4708,210.54161299901725
4709,21.20155603022225
4710,269.1059650434119
4711,262.05850999143485
4712,247.66988963673765
4713,78.44916705896915
4714,221.32770511028008
4715,268.4432967637888
4716,302.3643707830644
4717,168.39561090200374
4718,179.47920038176454
4719,236.9987737835444
4720,172.37933592908917
4721,259.0910181814515
4722,207.81420941923838
4723,286.74048780275655
4724,212.54101720816277
4725,248.51627779334046
4726,272.23101349743
4727,185.46115686383325
4728,238.45059608985798
4729,280.55688324959044
4730,239.89401502294953
4731,246.47804410252672
4732,299.5910255768778
4733,318.385967454417
4734,255.26821110726203
4735,252.89550016953982
4736,218.48554144924822
4737,282.5256945640771
4738,221.0245099062607
4739,270.6498171144917
4740,248.19673392060398
4741,285.52028254056
4742,-49.90001364984853
4743,58.96885716601906
4744,265.28531570341727
4745,259.29605660161974
4746,233.96068973321076
4747,270.3219731428839
4748,268.6395292236396
4749,293.04199405458075
4750,258.6527332914459
4751,-32.54107031988242
4752,296.4884933813628
4753,177.88950596144667
4754,306.4319387110826
4755,293.6473932844875
4756,81.22159866944932
4757,288.698923661116
4758,211.11473636610083
4759,261.4081162863557
4760,288.0436674683617
4761,-27.686931945362133
4762,239.6294034051747
4763,274.71929699258834
4764,256.15081071606755
4765,276.9773063643616
4766,278.21645153847203
4767,305.24274709997513
4768,289.2481710061684
4769,296.3996811365698
4770,285.5565162662182
4771,246.41756151791586
4772,259.4675768861528
4773,269.13280505608327
4774,251.21891773964313
4775,305.7974723858085
4776,276.7313539409023
4777,264.1616809749175
4778,257.47287868562717
4779,269.2472814670099
4780,255.7349380780159
4781,223.19575790695518
4782,281.9381762662831
4783,248.3566204657165
4784,241.33472242267933
4785,271.9274177128267
4786,258.0008590086791
4787,284.11218657707195
4788,296.7530070819421
4789,256.31521717824813
4790,256.54175117421653
4791,234.39942545799016
4792,287.4128913376261
4793,268.8395590332742
4794,315.4339728956366
4795,214.06086136666454
4796,276.12394175214683
4797,298.41356193063706
4798,267.3509344084488
4799,280.9059839210629
4800,249.7764657480057
4801,236.19752616032707
4802,257.68984855449094
4803,300.3928184674242
4804,275.6677410443258
4805,280.349669110904
4806,64.96597877445836
4807,278.6266609775794
4808,275.55975376497895
4809,287.9619556031362
4810,293.78533768523823
4811,267.48251052666615
4812,318.0303431971244
4813,280.71396485510536
4814,284.69088731126567
4815,248.19036674026094
4816,303.0858440508445
4817,275.86664394630304
4818,302.0468000551477
4819,302.39953390329845
4820,180.7433260934443
4821,224.4323591279893
4822,251.35895654876504
4823,280.904956730609
4824,263.26282084999195
4825,286.0192654945074
4826,287.7377347423057
4827,308.33463325222453
4828,288.10447909284
4829,244.91080045640615
4830,317.48490554944254
4831,313.2030476588569
4832,283.7992156905906
4833,272.2232940136886
4834,-5.192305884031029
4835,286.3811234074449
4836,277.50060527584895
4837,302.086044243364
4838,286.71642751895627
4839,283.7554745283003
4840,236.73764658738912
4841,266.5153632091981
4842,292.5020908345379
4843,267.4381950485452
4844,275.9621232951566
4845,257.6291185327116
4846,282.0435562761365
4847,273.4335242089925
4848,276.50110862492363
4849,258.6000178359541
4850,259.1029820944891
4851,290.32018684157066
4852,321.12917516609195
4853,269.9045244484498
4854,309.22138361686257
4855,11.838116250922496
4856,51.30964301192509
4857,17.35405998576546
4858,282.796475683411
4859,285.55053914403516
4860,265.20462441349923
4861,295.37953880849005
4862,283.3948642686558
4863,313.09458815077295
4864,251.6366358319425
4865,282.2933038850919
4866,296.39327001932867
4867,289.1793639609022
4868,247.4745412454347
4869,-45.254536792834145
4870,177.39157011302052
4871,263.32858063266895
4872,265.515045286431
4873,223.8370052642397
4874,291.80097809226265
4875,281.84284579194065
4876,290.470021953368
4877,266.24127648779233
4878,283.91835846082586
4879,256.3512701264337
4880,256.6121913769351
4881,282.37343364266764
4882,284.74394584744385
4883,269.5281364191161
4884,262.9215186754151
4885,292.28289132979955
4886,257.25295207503166
4887,258.22555533644584
4888,304.3479369831076
4889,228.70709006618483
4890,251.50146694364784
4891,290.9367622549328
4892,282.2268977921658
4893,254.7064720662524
4894,242.88939173802598
4895,290.9382227215626
4896,267.14840765944194
4897,291.84056808046626
4898,292.25674480897976
4899,298.5055798184942
4900,275.79379708055734
4901,280.6827850770677
4902,255.4991649547244
4903,246.34194729045498
4904,299.03332771085593
4905,254.84369253166417
4906,286.0266560911957
4907,316.7351898115767
4908,198.67676663888847
4909,232.37765693197085
4910,272.67115216729553
4911,287.04235952273757
4912,261.0405148649071
4913,261.3044070357048
4914,221.80862695875277
4915,276.1037325656227
4916,269.31585728822165
4917,269.0527081483119
4918,293.15411924830426
4919,273.4254867607676
4920,275.87599292457844
4921,238.9350236796838
4922,273.07210828704245
4923,293.70176184193315
4924,293.64830601225583
4925,244.91139208746998
4926,265.78220163367337
4927,307.23327148427853
4928,313.47644641123657
4929,267.7802623707896
4930,256.43083855999646
4931,276.69036748137063
4932,274.2831253015421
4933,307.50627577698606
4934,287.1052481991666
4935,263.5852207944471
4936,256.0821376954109
4937,308.9785712346893
4938,284.63118054067877
4939,278.2290847409309
4940,293.7944833400362
4941,298.88245039747926
4942,292.1655842679342
4943,307.84543045772887
4944,285.87330466504915
4945,287.44001047737027
4946,260.24004541046804
4947,263.27301074132544
4948,262.15071864375903
4949,301.0803306690235
4950,267.6795954248125
4951,284.5068380291957
4952,305.84535860904924
4953,290.39313483138
4954,304.55545009358787
4955,295.28967764003704
4956,272.7445474737317
4957,283.27115285199125
4958,278.9098608404529
4959,255.68963064602755
4960,258.9336841570873
4961,261.30820324829546
4962,292.5999265547408
4963,294.359016115921
4964,299.96834731110357
4965,280.2329468089906
4966,274.85974471038384
4967,198.2663912111902
4968,303.91926014977673
4969,290.49741372162714
4970,282.17309733995666
4971,266.35830927460813
4972,278.875987818535
4973,292.89993908100394
4974,300.3865298370213
4975,280.9949309888965
4976,315.33774299784795
4977,311.3010411702236
4978,267.9955445010652
4979,304.88317492252213
4980,296.838862212687
4981,285.38444185743543
4982,268.2322004397425
4983,306.2143944234373
4984,304.489623652635
4985,285.1391278385765
4986,301.16166468573476
4987,299.87085714574573
4988,275.59753652032686
4989,288.45980241030384
4990,289.86545097492626
4991,283.69612995149697
4992,261.0683410528267
4993,252.43933555870635
4994,251.0348343458855
4995,285.0378415247615
4996,278.72061048992384
4997,68.71485347848659
4998,261.4253249839145
4999,244.90560993286923
5000,312.19575091976117
5001,-509.24686300254484
5002,-598.3345521708383
5003,-449.79644843560664
5004,-574.2978475573398
5005,-524.2935014928075
5006,-474.3376156720263
5007,-539.1904597815308
5008,-459.75178940512
5009,-394.0502746666366
5010,-484.85448372529737
5011,-527.3404083566261
5012,-797.7639673161113
5013,-652.144389462412
5014,-551.2670121653115
5015,-1047.27369277557
5016,-688.4219089418942
5017,-525.684693795477
5018,-570.8032312833013
5019,-437.42775458578154
5020,-351.7703553943627
5021,-505.9290684215366
5022,-576.398722089541
5023,-416.9940243557961
5024,-517.9952354085856
5025,-335.92313624299663
5026,-732.3130651422497
5027,-667.1334753406954
5028,-477.9269344129079
5029,-605.4882545218246
5030,-479.08092677447155
5031,-496.0670369939297
5032,-444.4553779604394
5033,-260.4364771914422
5034,-263.1699271533629
5035,-479.8901610773392
5036,-412.37836822069016
5037,-431.0327324387536
5038,-474.03524133706594
5039,-394.4034225678068
5040,-387.6590030699659
5041,-463.3095530144827
5042,-406.22537438575085
5043,-556.8986840394135
5044,-472.1710420709359
5045,-452.21051270215355
5046,-474.23819166320993
5047,-418.2538389008128
5048,-375.5246082121068
5049,-488.6397549886473
5050,-577.1812668717862
5051,-473.3541413366694
5052,-578.2379883146442
5053,-463.21271290224706
5054,-346.3559134633366
5055,-445.2884628537265
5056,-606.5811934082633
5057,-584.5530900079964
5058,-660.9533089882743
5059,-615.7376341652438
5060,-721.9611122967343
5061,-460.9504619035025
5062,-404.733535082135
5063,-415.85691294859157
5064,-610.2901730605997
5065,-542.8179980226703
5066,-642.8148980844501
5067,-438.6532805132076
5068,-514.0715437411884
5069,-381.9712569876474
5070,-398.79486050545296
5071,-579.468035875808
5072,-401.87006287584614
5073,-612.3372455053951
5074,-406.6627696465706
5075,-519.1453923002038
5076,-380.96696703982707
5077,-429.2432201399142
5078,-390.7166946558319
5079,-522.0007837565025
5080,-367.1904732901672
5081,-598.9856637787943
5082,-531.3032946498658
5083,-387.7519947340641
5084,-527.0867626301404
5085,-561.1760122886196
5086,-428.36994568887866
5087,-615.695693655985
5088,-437.05212990604895
5089,-568.2700214545978
5090,-634.2003992085388
5091,-466.96206315415185
5092,-526.1591848058256
5093,-591.324948529041
5094,-531.4042186517813
5095,-535.259898802351
5096,-269.8780962752704
5097,-497.19577051909147
5098,-453.93196243094854
5099,-434.0072064780302
5100,-303.33151930359395
5101,-521.7347185297476
5102,-541.3119986874389
5103,-556.4425209810075
5104,-601.8043906564807
5105,-458.95763335882424
5106,-551.472012412815
5107,-587.7254569252368
5108,-547.8409576137993
5109,-629.4310600013696
5110,-423.8495280571538
5111,-519.0654046600093
5112,-426.16930464792347
5113,-677.0627120888531
5114,-575.1004605944486
5115,-538.1731800366078
5116,-564.2335883820308
5117,-531.4529535567418
5118,-607.9300723535131
5119,-587.3753127463534
5120,-472.3477453973508
5121,-507.784403684947
5122,-492.738159416532
5123,-556.6612729514563
5124,-471.1334801659088
5125,-367.6239563611515
5126,-543.7090049141138
5127,-547.7376499571999
5128,-520.4074084583668
5129,-446.46833101238326
5130,-453.35071053383837
5131,-572.478735427538
5132,-487.6501529177219
5133,-545.2882871690056
5134,-502.9696936742079
5135,-506.2218193634871
5136,-559.980486369036
5137,-524.2980055071251
5138,-493.7896598755522
5139,-510.1379052575979
5140,-535.7976555028542
5141,-535.0789720806553
5142,-483.68469908895395
5143,-433.8362893533301
5144,-416.7995062273647
5145,-564.2139885875133
5146,-457.7248033713106
5147,-503.9973710133551
5148,-521.8199524708439
5149,-435.64555089506774
5150,-603.2804068279204
5151,-449.16680751517987
5152,-458.82884671493207
5153,-484.3466838366603
5154,-541.9513138068191
5155,-597.3599400473593
5156,-389.4498821702233
5157,-440.75094459973207
5158,-631.2516699797259
5159,-371.54547876662707
5160,-797.9549814259061
5161,-424.20070215625526
5162,-554.4587701970806
5163,-601.2284876167485
5164,-361.0738263151248
5165,-535.6652116689751
5166,-637.255777441727
5167,-354.4817040994136
5168,-303.1122433150324
5169,-444.624960481029
5170,-562.0181547745797
5171,-390.3243438460731
5172,-455.56797831682877
5173,-530.2101468874316
5174,-534.4413793239355
5175,-461.7441480763409
5176,-650.0733336988717
5177,-599.2688730218902
5178,-486.97808980612757
5179,-514.0483337920198
5180,-533.2436418647948
5181,-456.1786318837525
5182,-408.1867352452346
5183,-305.6808960757844
5184,-539.9472241491866
5185,-534.8118763755981
5186,-515.0284239678299
5187,-402.9711961543545
5188,-466.7874255613382
5189,-562.1861389451865
5190,-646.8142903857688
5191,-505.82098363756603
5192,-461.7286135103198
5193,-497.1947022274308
5194,-731.905703196923
5195,-591.4958756075379
5196,-559.2979096070561
5197,-584.6081704448504
5198,-469.4706229413972
5199,-491.5307266476344
5200,-375.925029377705
5201,-447.6824297850125
5202,-500.66023946884155
5203,-408.06798053527365
5204,-523.3200787078899
5205,-518.3282618702871
5206,-541.8634777818467
5207,-528.3750642987258
5208,-348.157678899668
5209,-399.5686059053807
5210,-563.6672668769922
5211,-419.0626627412087
5212,-473.6454147877405
5213,-537.0467398715437
5214,-425.6990712310408
5215,-318.192973349319
5216,-532.6004137484945
5217,-437.79295332189736
5218,-691.6431024687208
5219,-471.46043623250495
5220,-487.15896777065336
5221,-222.60262005904013
5222,-446.98299879091866
5223,-402.20076083114
5224,-515.8812744805759
5225,-504.6474698578713
5226,-563.9961398111279
5227,-472.78719198791276
5228,-324.6173915920458
5229,-430.3103408262234
5230,-408.9564007380635
5231,-435.39048423262494
5232,-388.0984163615027
5233,-474.440424715524
5234,-446.0251244066218
5235,-444.95681689554516
5236,-317.24956135252717
5237,-415.45281680056604
5238,-408.65619556108305
5239,-405.9538802396229
5240,-505.25797539123215
5241,-434.68905443357727
5242,-446.1677900632151
5243,-465.3852841329683
5244,-498.55057099899784
5245,-318.8951998427659
5246,-356.06087319333
5247,-424.341817031099
5248,-358.42457538306223
5249,-480.17688215072104
5250,-353.73439425472395
5251,-389.6062524548023
5252,-281.67371962415325
5253,-354.9876162986198
5254,-394.6970313910026
5255,-306.03519005634496
5256,-363.24098127502646
5257,-299.41832860965394
5258,-385.80683984495806
5259,-336.79098981563635
5260,-362.74528428069476
5261,-448.7424650527596
5262,-479.4493017445647
5263,-195.91784122586327
5264,-432.26543842997006
5265,-179.2691324653113
5266,-448.3743360239939
5267,-320.8203891360273
5268,-257.8796450909796
5269,-398.05040773437184
5270,-293.6101680737395
5271,-576.0309712615505
5272,-386.85826727429236
5273,-304.15803956863624
5274,-333.4888124887391
5275,-440.7284871660119
5276,-441.5624055782253
5277,-347.0263858683725
5278,-299.65537199759433
5279,-357.6903114443884
5280,-529.5215255221614
5281,-369.6971629294228
5282,-344.60862384970466
5283,-470.79532384333254
5284,-310.38817032040595
5285,-370.655663902068
5286,-382.71229949965664
5287,-283.2676514565544
5288,-198.96679365035266
5289,-284.7951275347665
5290,-300.054239560665
5291,-424.5470015801071
5292,-488.6509992916434
5293,-246.10529046059364
5294,-318.4049053011112
5295,-458.41362512369375
5296,-361.6924683853407
5297,-313.00651902923937
5298,-390.5530897526079
5299,-280.1303034806972
5300,-393.30023033626566
5301,-207.7870928567312
5302,-363.90617921990867
5303,-354.14288625623425
5304,-376.0347890128143
5305,-433.3490076649234
5306,-349.34692239169686
5307,-352.1654663773094
5308,-477.35652386847994
5309,-367.2700443061401
5310,-450.683100888009
5311,-290.5387222849994
5312,-276.48236636638114
5313,-385.2337474090474
5314,-325.53688089682225
5315,-299.6321557495044
5316,-340.66175595364075
5317,-213.46929754132327
5318,-234.895550504313
5319,-278.78909315411664
5320,-292.3489966832373
5321,-318.54167663225735
5322,-300.7576212056355
5323,-360.4787185884076
5324,-229.22125973154698
5325,-283.99299527137487
5326,-306.65451990759675
5327,-392.89381528523035
5328,-291.1963359399286
5329,-374.19504713265474
5330,-483.189040199656
5331,-380.06647937535985
5332,-381.5332548825992
5333,-334.1397497568497
5334,-380.61750171671326
5335,-403.04249618220456
5336,-311.08385152775446
5337,-322.4975785889372
5338,-336.52621187801174
5339,-290.1214271752541
5340,-355.6121015801288
5341,-370.7048306291496
5342,-400.17042597506605
5343,-261.42885115017975
5344,-387.4731490508425
5345,-484.2547986599226
5346,-290.995617109524
5347,-271.9734241739419
5348,-302.94745382647983
5349,-429.4164834068662
5350,-412.14614717633293
5351,-338.2114543895625
5352,-232.05418725329588
5353,-237.01028098631485
5354,-265.55837101991557
5355,-390.4171935923851
5356,-467.4127537041071
5357,-252.0919740640531
5358,-525.8185810621424
5359,-313.5240650947936
5360,-359.5930260831629
5361,-377.2199505344494
5362,-240.02748853801978
5363,-347.68470088995196
5364,-377.5958399572165
5365,-364.9978215403737
5366,-436.89374656273753
5367,-340.62392775568634
5368,-524.9711186681546
5369,-302.5834531065075
5370,-283.8763656038795
5371,-455.4161071030716
5372,-306.67194788820143
5373,-431.9586170156665
5374,-330.60553527061745
5375,-407.88581060552696
5376,-359.8406756885453
5377,-284.0436678744411
5378,-348.6298275061595
5379,-346.4738701918427
5380,-412.49380969941774
5381,-410.7812295599719
5382,-235.2341043309644
5383,-326.29840001902147
5384,-295.75616209990517
5385,-265.34233556023867
5386,-316.3964405723207
5387,-264.51839860922877
5388,-299.44210926968486
5389,-379.9203712051313
5390,-327.3266501245355
5391,-356.5818962060776
5392,-330.80062629054055
5393,-277.49710132391806
5394,-275.1046166666721
5395,-359.4124175650977
5396,-252.82710679225636
5397,-289.61300953960733
5398,-378.3108884403008
5399,-291.6076026964439
5400,-264.9257540335018
5401,-355.7430876143137
5402,-492.9133498787289
5403,-297.5755121305508
5404,-713.4816456084646
5405,-302.5224116380342
5406,-202.37030050117826
5407,-459.51353789510597
5408,-429.6018327220638
5409,-344.3699442384336
5410,-268.9642153177656
5411,-337.0568906932841
5412,-302.166179105938
5413,-438.08534871278624
5414,-333.1458742736148
5415,-331.32820032839345
5416,-273.16601175529513
5417,-363.26795546876167
5418,-290.4264003701717
5419,-358.04931282849054
5420,-315.2030142670158
5421,-314.883681782857
5422,-336.0636658444582
5423,-341.70254091273864
5424,-304.93949225248275
5425,-346.9919859416881
5426,-335.50112516196225
5427,-300.86320786912665
5428,-368.7458979823219
5429,-512.8875218605074
5430,-419.19746214635205
5431,-314.20564775576423
5432,-231.20769690033546
5433,-415.9318217087783
5434,-320.6709553416625
5435,-427.80735436093863
5436,-269.5533601891471
5437,-354.6923648352076
5438,-338.4100373126282
5439,-387.6225013475583
5440,-309.35117861149047
5441,-328.0111208536879
5442,-407.4106573302039
5443,-404.60335855173196
5444,-379.6695569829031
5445,-299.6046613942249
5446,-369.6963741289059
5447,-432.70615648106207
5448,-347.658290173953
5449,-291.7568207761127
5450,-398.44934111435356
5451,-209.72727985280164
5452,-331.1969499700333
5453,-353.12415859674115
5454,-424.5883834249388
5455,-270.90970605253636
5456,-511.2353578272259
5457,-437.9852123636651
5458,-390.2259080350059
5459,-250.237455687651
5460,-370.39875560990265
5461,-607.4690884593465
5462,-307.44975870530675
5463,-437.45906505309495
5464,-476.68193781474173
5465,-361.4175079119614
5466,-327.09875113246517
5467,-385.308144232383
5468,-334.9994892355838
5469,-425.22292071669983
5470,-300.8208633564029
5471,-356.06829307432645
5472,-340.4844194194966
5473,-423.5158995558956
5474,-298.06140993827717
5475,-260.3700895002214
5476,-409.54880272979915
5477,-403.5577063110212
5478,-357.18161666363784
5479,-328.8203296928868
5480,-273.7678339919255
5481,-556.2252817293288
5482,-278.4293811102866
5483,-310.7294350825036
5484,-352.707938668466
5485,-189.76196025669563
5486,-365.89783320085314
5487,-267.6383510974392
5488,-434.83907524529985
5489,-183.5582817720327
5490,-433.61029202016357
5491,-303.18047958041967
5492,-391.6194369406722
5493,-313.56101289737023
5494,-388.6634520920951
5495,-481.8487587308546
5496,-256.0602240373945
5497,-422.38000409615466
5498,-298.78753554599564
5499,-416.41594727710634
5500,-187.55644172129456
5501,-306.20164927196686
5502,-358.8086943956201
5503,-302.6979365619015
5504,-170.7132616809513
5505,-149.59137238716693
5506,-323.29444520223535
5507,-483.6622310656235
5508,-232.39323594881984
5509,-423.75631906270075
5510,-306.02012404169267
5511,-362.67304098823183
5512,-294.70492783715633
5513,-239.68657980723958
5514,-444.1215213843722
5515,-380.8754063485838
5516,-314.95362631974933
5517,-181.49378609327198
5518,-328.77113464563075
5519,-329.5334273915179
5520,-538.4366236422787
5521,-482.9528132664175
5522,-278.28326837441426
5523,-400.61546534734
5524,-559.6243333465864
5525,-240.41655498943783
5526,-587.527295098515
5527,-286.70369506883037
5528,-372.4889431076769
5529,-280.15334610982404
5530,-390.7035985082633
5531,-383.6149592519767
5532,-363.2673910762507
5533,-454.832495707142
5534,-304.29536410734937
5535,-296.6119975066638
5536,-453.4179347009098
5537,-416.5924066614583
5538,-417.7466058408434
5539,-267.6786902809095
5540,-300.4003029511502
5541,-449.91908502669185
5542,-238.22686315159382
5543,-378.21155142592204
5544,-442.82145596134274
5545,-256.2657455225739
5546,-395.868198964468
5547,-289.24489759297364
5548,-457.5527539048607
5549,-318.19026735504997
5550,-402.02203846924607
5551,-441.40180949024096
5552,-298.9507506007057
5553,-294.7161484678977
5554,-273.36702043027066
5555,-393.6027432007148
5556,-275.5255463738653
5557,-443.4007379216653
5558,-244.13223504361304
5559,-274.68043186536227
5560,-381.28217991988294
5561,-148.72627949929975
5562,-556.749500469441
5563,-270.6537313902097
5564,-297.9832120849062
5565,-142.1950009303717
5566,-334.0795914892633
5567,-455.66934868548253
5568,-308.1581968522152
5569,-408.4875673281912
5570,-166.38117128916758
5571,-437.21376116790566
5572,-395.56227102396747
5573,-420.2870629149867
5574,-252.15723437455358
5575,-395.295608478222
5576,-306.68627526487614
5577,-401.623471749173
5578,-267.60059202407274
5579,-262.05267043645085
5580,-215.51108676248322
5581,-305.5324577212745
5582,-274.1572100733982
5583,-352.06941857054215
5584,-437.1907374855716
5585,-462.08301033082734
5586,-372.74830506629047
5587,-274.698918625493
5588,-439.28638031502413
5589,-430.1324694767673
5590,-258.40315632015586
5591,-161.90548339023408
5592,-263.5167089738433
5593,-385.69919282289624
5594,-200.27761172922635
5595,-224.90422909364258
5596,-431.45323906066176
5597,-256.45102461705767
5598,-421.6676580772138
5599,-288.99888836873083
5600,-235.7699053192651
5601,-281.8709665407572
5602,-412.10576715740285
5603,-375.5396440917218
5604,-414.8246688606122
5605,-414.4245451183912
5606,-294.4883491770348
5607,-389.73766870782856
5608,-460.13069584903815
5609,-458.5791362738882
5610,-294.3085759696246
5611,-169.3758308501868
5612,-291.00788069201695
5613,-261.3824325989782
5614,-465.5470576328495
5615,-253.87194188480728
5616,-396.79765867886016
5617,-326.9296781302421
5618,-518.435145847052
5619,-232.9196072211788
5620,-263.68607373029886
5621,-236.6217081375611
5622,-400.63236780805124
5623,-511.04230596351505
5624,-496.85967907028925
5625,-300.51938942344265
5626,-499.74111740812646
5627,-304.1092647885332
5628,-529.6469012015544
5629,-399.47261207151564
5630,-469.1052905061091
5631,-299.0656592882668
5632,-479.5245065384467
5633,-373.892509866303
5634,-536.1041325548308
5635,-462.58963411624717
5636,-352.3252802192345
5637,-270.77338804086486
5638,-426.61868561014325
5639,-331.0578400558261
5640,-298.5933276307753
5641,-223.28683814905176
5642,-461.13753176209116
5643,-238.68127767355435
5644,-473.4100644273635
5645,-229.3420814018962
5646,-459.43070436808387
5647,-298.88333534937567
5648,-451.7946365206476
5649,-223.01082961778292
5650,-386.26450437305056
5651,-426.40956123069225
5652,-311.62277491565663
5653,-540.9679188279665
5654,-302.1714235781044
5655,-462.2895350769492
5656,-276.3449152475775
5657,-338.14730194152304
5658,-553.9277867762842
5659,-471.4635175629155
5660,-261.4586957892024
5661,-452.84343584244186
5662,-461.94184222489974
5663,-424.99731416396924
5664,-527.0777895941796
5665,-438.994676817274
5666,-285.2943631161986
5667,-598.5212774474905
5668,-457.2001812609955
5669,-497.89079371039077
5670,-505.60794746726265
5671,-317.3800544911929
5672,-307.2274363654352
5673,-500.01963176983645
5674,-546.6103869117889
5675,-313.09522684764556
5676,-237.99044471081976
5677,-328.2022647518759
5678,-436.30271834196674
5679,-343.6646216151468
5680,-239.99447926651558
5681,-463.6467649646829
5682,-328.9519310691391
5683,-468.04522222475305
5684,-257.9662489321054
5685,-309.43945562582735
5686,-511.30767426863054
5687,-280.5576616756779
5688,-425.09673893151046
5689,-469.9389704117794
5690,-455.92130051592306
5691,-487.1385102654666
5692,-478.24491146199847
5693,-302.87543564433986
5694,-234.19875366946548
5695,-426.2235600282413
5696,-415.09561972465235
5697,-199.26981958405884
5698,-442.5022056885143
5699,-448.09464526457174
5700,-457.9655635870694
5701,-267.01120652237654
5702,-400.1041658341507
5703,-332.35198850413315
5704,-313.5004605267445
5705,-369.5158803577851
5706,-593.0193660290176
5707,-254.45318028384693
5708,-266.3313606720504
5709,-296.21656852074636
5710,-459.74127397111045
5711,-292.798323848078
5712,-300.9116443558458
5713,-221.846402028594
5714,-287.9348096361134
5715,-269.6901649174938
5716,-333.7296827707316
5717,-394.39570303024334
5718,-452.7962685329919
5719,-459.17809825397046
5720,-158.1406367139482
5721,-277.82754377330957
5722,-372.8580851881967
5723,-311.78269345980334
5724,-284.6017034843202
5725,-308.2547911255569
5726,-284.8468904939141
5727,-293.6848434269691
5728,-412.35791802952775
5729,-310.6081946746258
5730,-230.0336465683024
5731,-290.2237094968224
5732,-318.0474852806126
5733,-289.93734355679163
5734,-365.58930463285674
5735,-318.08326916419395
5736,-468.4911889036912
5737,-327.50096367575316
5738,-335.143015514882
5739,-238.84512285449097
5740,-281.44899968892963
5741,-203.3855570042884
5742,-438.74285452622075
5743,-402.39967287837374
5744,-214.78603586131686
5745,-461.20694762569974
5746,-525.3892634009519
5747,-232.05451541781065
5748,-330.11634661835643
5749,-490.44185207102817
5750,-216.42361085774013
5751,-423.3418222173829
5752,-274.4005870109729
5753,-282.22043192871854
5754,-457.72102449020605
5755,-260.12803383611174
5756,-484.64329630215525
5757,-467.9596747362144
5758,-383.45432438433136
5759,-642.6769359237246
5760,-278.7453217239365
5761,-485.24070320532485
5762,-178.47559524435596
5763,-335.7084799577723
5764,-239.24875974687365
5765,-522.245480633331
5766,-301.49558136572955
5767,-219.24930255690424
5768,-327.77604780192587
5769,-399.7592227375522
5770,-281.4486441644822
5771,-346.60681358767977
5772,-368.62804582899275
5773,-431.6883921503
5774,-304.77628073597964
5775,-459.505298163179
5776,-444.2055141252809
5777,-248.59945038729924
5778,-324.2026812011368
5779,-359.3350181187988
5780,-539.3068175967801
5781,-237.47392622409444
5782,-187.6045811628565
5783,-385.9706541636598
5784,-315.8570117278938
5785,-423.9997806329178
5786,-353.91454748236265
5787,-342.3876851794148
5788,-257.69986976441714
5789,-246.13088360410006
5790,-220.4894558114018
5791,-150.24545874074718
5792,-120.78538070407343
5793,-254.95435736010427
5794,-433.5572000909417
5795,-291.3608282361196
5796,-420.58570577722304
5797,-274.95207492991915
5798,-270.9914890088159
5799,-339.72339558632217
5800,-250.27115014759525
5801,-304.935370378735
5802,-421.8986667670386
5803,-529.5725214118388
5804,-200.2650928080273
5805,-272.4048467180842
5806,-458.8654982642458
5807,-409.8566873073032
5808,-284.0708248759337
5809,-208.63161218421953
5810,-347.76885610363973
5811,-174.96566257233212
5812,-437.0005059639465
5813,-429.08044097388284
5814,-403.1009064652036
5815,-415.3274120497047
5816,-177.8922697558499
5817,-212.2846929770873
5818,-268.3823987446085
5819,-305.3615121861702
5820,-381.9760271960733
5821,-471.4986641046039
5822,-389.0545110421385
5823,-405.31782399301335
5824,-458.0916576932793
5825,-230.56032391563073
5826,-361.16113939003714
5827,-301.3126983100969
5828,-394.35764737020537
5829,-265.6656293086032
5830,-287.6980127710777
5831,-437.9361850613454
5832,-464.5140634275424
5833,-557.199111149323
5834,-352.03476767583254
5835,-418.91317498613415
5836,-591.5321534026348
5837,-468.78684578754155
5838,-271.30855821719774
5839,-423.2810951209251
5840,-305.66498447173063
5841,-392.3953068887798
5842,-469.28426174986294
5843,-339.035030984596
5844,-312.60770047831716
5845,-488.1364399468873
5846,-261.16255396089343
5847,-284.85733000746785
5848,-338.2805996425632
5849,-484.80730952152936
5850,-419.0629033788521
5851,-260.0540944605285
5852,-393.0775457740124
5853,-382.13717378228193
5854,-438.26727481276447
5855,-281.89237164246015
5856,-324.3209061354725
5857,-261.6335572188565
5858,-467.92278595713043
5859,-341.23828119203483
5860,-223.54005702918067
5861,-240.16321890198486
5862,-316.614529958826
5863,-463.3531433913347
5864,-242.40470796474958
5865,-406.3650894768144
5866,-557.6933789058086
5867,-310.9804464420608
5868,-408.8655032363594
5869,-494.6974050801638
5870,-450.9619916656892
5871,-334.8234421922981
5872,-445.49526936389157
5873,-585.8380064076915
5874,-241.5036841916586
5875,-296.02914314759323
5876,-470.27125054751417
5877,-461.2273499327472
5878,-398.03049236347175
5879,-152.59345830315766
5880,-222.64638247616128
5881,-283.04298885945263
5882,-519.104340531183
5883,-295.9957668829838
5884,-190.51319584513743
5885,-412.13767171447546
5886,-441.6579656621618
5887,-291.216101874826
5888,-198.09171323667783
5889,-551.3786205554393
5890,-412.2280951341189
5891,-321.70945107133855
5892,-304.91886677744037
5893,-436.6447457313402
5894,-241.43357002897858
5895,-483.2334611194032
5896,-131.12955713330996
5897,-449.98538936987495
5898,-347.30331419911033
5899,-261.30318395048835
5900,-342.3199167053483
5901,-476.7088496136678
5902,-391.2559461462494
5903,-465.94767261399875
5904,-305.422710216235
5905,-253.22400707027475
5906,-468.49472059006507
5907,-453.2945175792594
5908,-493.4337124151801
5909,-209.98665328280737
5910,-61.772235570974374
5911,-114.36752184945894
5912,-42.14347716485145
5913,-267.0418110523342
5914,-477.60844812040455
5915,-473.7824242785649
5916,-26.346515878644283
5917,-95.71713587146118
5918,-412.332055144622
5919,-321.92052227125646
5920,-202.14912840270142
5921,-185.3087239302004
5922,-69.46697503051784
5923,-29.535446550161282
5924,-78.0370538817111
5925,259.06817332324624
5926,-149.15525006197097
5927,-352.2238473895722
5928,-146.2714554413604
5929,-478.00206595382883
5930,-81.0613043646921
5931,-95.27704830180092
5932,-363.8455045925165
5933,-148.6999976239049
5934,-40.06830195945771
5935,-493.60336454533734
5936,-415.2933011533671
5937,-156.7121878862532
5938,-464.7557249604418
5939,-210.46087105653248
5940,-249.76718348879896
5941,-443.06979107449973
5942,-529.7168069840633
5943,-417.3067633706355
5944,-219.24060250832628
5945,-428.4313775308589
5946,-9.300352006786909
5947,-55.184481603929584
5948,-137.56821081157878
5949,-127.02879943237059
5950,-73.80183410255725
5951,-49.96705295881162
5952,-26.082697142455586
5953,-405.4717886340655
5954,-446.30196043184213
5955,-411.5658104052401
5956,-475.6606951824483
5957,-404.69244305294563
5958,-216.438568956169
5959,-435.3003851658266
5960,-359.6548778669478
5961,-120.26909074963275
5962,-414.25445582699524
5963,-79.30631813232692
5964,-453.18957803098857
5965,-436.6989277377474
5966,-123.80401004097968
5967,52.27581913711168
5968,-79.18737978885167
5969,-398.2396147221664
5970,-462.3619444290114
5971,-31.10008659772042
5972,-42.51836137774524
5973,-125.53258471091709
5974,-459.596783990674
5975,-399.603204185629
5976,-132.91305306356134
5977,-66.91267642162418
5978,-416.11429383544663
5979,-438.59785436236064
5980,-388.29594688205054
5981,-482.0691038662018
5982,-395.3070082364883
5983,-409.0805472591365
5984,-77.48876949381868
5985,-108.47245279610365
5986,-421.11359663744435
5987,193.08159708506918
5988,-100.99201315825209
5989,-229.99767115075355
5990,-345.7292147854944
5991,55.99277087931995
5992,-392.23307374207644
5993,221.36219870047998
5994,-25.319494081210337
5995,-388.54138840413214
5996,-390.5532181397689
5997,-429.4372738085173
5998,-408.8913959580281
5999,-331.48635414035493
6000,229.36849689615715
6001,42.79569583812378
6002,-401.63837571744523
6003,-436.4724658948906
6004,-444.83939076192854
6005,-85.92428218437979
6006,-403.07110860078194
6007,-402.48576986438087
6008,-94.72029366877511
6009,-139.34763332101366
6010,-165.0149763405717
6011,-397.4944877888573
6012,-363.34031072690715
6013,-107.9007008521002
6014,-82.21350713944226
6015,-70.00834924376973
6016,7.537142758044013
6017,-146.42316640027514
6018,-135.53789836996958
6019,-423.00083450360364
6020,-487.9773400665338
6021,-417.42886744756964
6022,-261.4951637201427
6023,-112.83100832164133
6024,-214.01820211439997
6025,17.35064661296579
6026,-35.417338743597256
6027,-117.06636386366898
6028,-439.2338924651029
6029,-471.6009648937176
6030,-248.216288490553
6031,-116.81854331808613
6032,-406.93989937807316
6033,-76.1099088148738
6034,-360.961691731734
6035,-28.331500315327006
6036,-407.6344173899027
6037,-10.858511033160951
6038,-431.12147445692653
6039,13.220323748066221
6040,-380.95914669366044
6041,-82.81286283768242
6042,-179.15954038591696
6043,-175.61515103331533
6044,-212.7383463676597
6045,-253.94084992619827
6046,-156.17054538768377
6047,-422.183968087644
6048,-37.18217432238095
6049,-268.9003807175563
6050,-83.86725713165886
6051,8.661738554991288
6052,-79.43181281594354
6053,-98.0776824568817
6054,-101.39055323347185
6055,-412.8937379765971
6056,33.88985383564639
6057,-398.14320609790093
6058,-138.3460219674642
6059,-45.13201697431981
6060,-91.84416899720674
6061,-56.29851085888687
6062,-341.4984188679207
6063,-84.58203760621191
6064,-404.59825137239073
6065,15.54762483217884
6066,-61.47548697426143
6067,-71.84262423183492
6068,-28.542538482478534
6069,-256.51144549412686
6070,-78.4117274733271
6071,-454.2072769626064
6072,-449.0315201487075
6073,-446.6463835251805
6074,-209.78521581814317
6075,-80.84436080852853
6076,-207.12315586797428
6077,-1.2267992870662
6078,-105.6213873652652
6079,-361.6191987937837
6080,-422.2900273344361
6081,-355.2715466727043
6082,-445.6404337913412
6083,-394.0331192551294
6084,-478.17715589548476
6085,-346.16003174543766
6086,25.40945385704275
6087,252.75496663668588
6088,-378.9340517416343
6089,-401.04830656191274
6090,27.554700278018558
6091,-74.38599133560515
6092,-336.6981639773088
6093,-446.5226570292882
6094,-382.59275754122274
6095,-177.11512123935933
6096,17.807587904181943
6097,-174.41266936755665
6098,29.399926565343577
6099,-151.5774361401873
6100,-116.96178286166044
6101,-115.06644253725518
6102,-77.8934070269033
6103,-121.4390961143429
6104,-348.530789913186
6105,-35.342763122442676
6106,-173.28856884015158
6107,-404.5545007609328
6108,-326.73459793357586
6109,12.038382356050818
6110,-70.63740757678983
6111,-328.33439537631887
6112,-123.36588456842796
6113,-364.64960259558853
6114,-152.33982492158475
6115,6.165536788164147
6116,-20.846853647434187
6117,-80.27300178134253
6118,-362.8589878733232
6119,-277.7430956184111
6120,-141.30304371724208
6121,-242.13741412405196
6122,-138.11779537821369
6123,-127.89960191524426
6124,-52.18922497752416
6125,-115.81314095659083
6126,-354.6881801463212
6127,-373.22196155927844
6128,-131.55811723549073
6129,-331.57728441296183
6130,-162.32275727709796
6131,-94.22087635596942
6132,-89.83792664937616
6133,-336.9628662685545
6134,-384.19767668943456
6135,-138.68264402843656
6136,-172.52545457427988
6137,18.25116717070216
6138,-383.99023526270986
6139,-346.91144012232377
6140,-381.78550128713204
6141,-59.36049164650177
6142,-422.7655595190831
6143,-29.727481360979255
6144,-390.8554129861536
6145,-307.5473902540676
6146,-358.1676707709741
6147,-345.4457835290817
6148,-369.4188225747644
6149,-14.220579700718048
6150,-661.2957760236679
6151,-5.093201396084794
6152,51.91158941307495
6153,-355.2682134948367
6154,-164.42969777544567
6155,-126.67575340383073
6156,-374.73925528500337
6157,-225.73244658289872
6158,-366.4652375255297
6159,-84.04560131325134
6160,-357.7289079045714
6161,-97.02158075228732
6162,-412.358125803537
6163,273.9924294283984
6164,-307.57431842525466
6165,169.70546290149935
6166,-115.26373655792077
6167,-357.31414317242604
6168,32.16694217905126
6169,-370.16280053293116
6170,21.37252906495887
6171,-266.65828135536844
6172,55.31427235775507
6173,-413.8930359026443
6174,-302.1912804639344
6175,-125.0574047496132
6176,-337.9492491966498
6177,-404.2309327120616
6178,-103.55128238899826
6179,-140.9402276714361
6180,-35.328343142477195
6181,-32.72211444280887
6182,4.664952791897676
6183,-109.66671245564176
6184,257.1815162905581
6185,19.954627528608896
6186,-334.8256399763289
6187,-333.9031005126356
6188,-181.47266738153505
6189,-74.24200829608091
6190,-290.8815365781674
6191,-32.81948516078168
6192,0.22167057335802554
6193,-132.4019852091666
6194,-387.8588790314976
6195,17.107466243518374
6196,-331.3706736503072
6197,-388.1040186478716
6198,-387.9958907035832
6199,-73.18681048304443
6200,-57.11682201535271
6201,-283.99248559745354
6202,-97.68011646147995
6203,-150.23469266592795
6204,-316.50417396406465
6205,-3.1493465892810946
6206,-90.13872047800871
6207,-54.55379362394937
6208,-61.918972894870734
6209,-148.11917686331358
6210,-52.65518560948635
6211,-17.52663093599618
6212,-354.2208899033234
6213,-90.14264548463532
6214,-6.623020418423408
6215,-61.90568727240999
6216,285.65050826843844
6217,-78.4645260712868
6218,-8.617329281390113
6219,-101.70140432817679
6220,-153.85453113029564
6221,-346.6678508069276
6222,-24.235615554044998
6223,10.119365932080939
6224,-107.53932454362923
6225,-169.52700248727308
6226,-328.1486740099425
6227,-67.76696299745109
6228,-93.99557292136188
6229,-372.67845182958894
6230,19.517072591556968
6231,-185.07600720917915
6232,-170.55138970795028
6233,-437.4044363765267
6234,-96.90207484198568
6235,-13.116793632824212
6236,-283.28765776716295
6237,-79.27099054292154
6238,-353.6896192186691
6239,-381.0986941363745
6240,-9.597687895964938
6241,-209.5562029733219
6242,-367.8335140528537
6243,-340.899548730347
6244,-377.1415454548414
6245,-337.55027742549345
6246,-372.5895310908886
6247,-107.80362395127085
6248,-333.0556391496039
6249,-343.06425587434535
6250,-127.5756675030989
6251,-331.18929744107294
6252,-60.68728145199668
6253,-111.60304819109943
6254,-134.1578225286009
6255,-140.70064641435513
6256,-270.0390663493864
6257,-347.85195534531874
6258,-125.78973344784832
6259,-44.6900237118746
6260,-368.6030203773059
6261,-115.16133559619847
6262,-109.72539473197911
6263,-254.20983652131508
6264,-399.83131386968057
6265,-133.90251851789333
6266,-307.72990690127745
6267,-86.65414481505303
6268,-83.35147577175505
6269,-37.859379656846016
6270,-51.852752420745816
6271,-405.56457819781707
6272,2.490545953285263
6273,-125.45135930628582
6274,-176.7803162667033
6275,-188.82455599648154
6276,-18.619993589027032
6277,-131.13709915665018
6278,-368.73980313258863
6279,3.0760246478646422
6280,-139.16005012114672
6281,-324.6017240292596
6282,-323.0268882096626
6283,-94.1261798581969
6284,-317.1793895872791
6285,-396.1588346514857
6286,-6.477787157812472
6287,6.315942071633458
6288,-395.5012432215943
6289,-113.07126440315692
6290,-164.96060739276544
6291,-82.13511353519476
6292,-374.7684057321352
6293,-109.36622655444319
6294,-367.1836018115748
6295,-11.329152431172062
6296,-277.5664036670861
6297,-190.7578926644111
6298,48.32459653936053
6299,-386.02875852700373
6300,-328.1570210979303
6301,-8.007640949093513
6302,-140.01150800560006
6303,-145.6253287440586
6304,-143.91366005135956
6305,-270.5982909870679
6306,-232.82978634168649
6307,-307.71245845082547
6308,-172.80263938739466
6309,-266.698424409287
6310,-137.93408325017867
6311,36.42119915950008
6312,5.5584567613774
6313,-135.95309551338696
6314,-299.00339087521
6315,-88.96683831162156
6316,-336.5291366515642
6317,6.9236463968903905
6318,-341.34152426752496
6319,8.728402693756948
6320,-98.8036950877524
6321,-401.0832185311642
6322,-112.76022156183252
6323,-62.6687032024629
6324,40.67957230421581
6325,-184.08681073808327
6326,-116.97079081817641
6327,-27.36755841018821
6328,-59.18657613409921
6329,-365.8877162039769
6330,-84.50837338185544
6331,4.480461797602132
6332,-287.11539134948487
6333,-334.26228731943627
6334,6.327971240430728
6335,-342.97160334756046
6336,257.2868220573229
6337,-359.5587528048825
6338,-367.7720818578064
6339,-386.4940916476841
6340,-337.1470625136732
6341,-80.05493271387621
6342,15.71010098542618
6343,-340.9335088349264
6344,-91.16743855630384
6345,-351.58695388999206
6346,-84.26690014793175
6347,-106.24492066876203
6348,-318.9857608292037
6349,-338.07085619146267
6350,-116.44085737281621
6351,-119.94856130223135
6352,259.6068836204752
6353,276.04174387468595
6354,-259.4303641004873
6355,-391.1513001684062
6356,-339.90752052135946
6357,-173.22704312525465
6358,-57.323296810440446
6359,-4.637178099363808
6360,-46.63538268201195
6361,-350.2286386027936
6362,-50.573814635643544
6363,18.982447128805063
6364,-77.45577007977568
6365,-345.1809630434923
6366,-178.61553931959244
6367,-33.54069694276802
6368,-340.2602839089435
6369,-264.5608204707089
6370,-66.17387081960926
6371,-98.66502507789876
6372,-359.8133680404858
6373,-7.400428561651708
6374,-226.7967347974977
6375,-190.9862832862313
6376,-120.96511391093023
6377,-350.54596068562125
6378,-14.978156426090308
6379,-91.61747218333025
6380,48.8517229507344
6381,-338.19212971726836
6382,-330.4349083513261
6383,-131.45091739093374
6384,-69.20434100314314
6385,-56.452548463128096
6386,-270.3722423736806
6387,-532.492176325246
6388,229.11435349975156
6389,-356.11878897968126
6390,-193.51197037398887
6391,-441.63945470528404
6392,5.247813727906262
6393,-80.03479052017806
6394,-408.0913160399336
6395,-327.1910908580852
6396,-89.21012703377639
6397,-362.73109149935897
6398,-140.23960329019798
6399,-16.61269763195162
6400,-372.1257717689823
6401,-384.18748306336596
6402,-429.73051438795284
6403,-349.70226262463575
6404,-10.253392741889584
6405,-264.6003666570813
6406,-199.3937618956071
6407,-369.6046336111545
6408,-278.8251038488931
6409,-39.92641949132093
6410,-19.750492996074613
6411,-257.61356935726826
6412,-499.27126823054306
6413,-368.2627237053412
6414,224.7563572962701
6415,-294.2143013221354
6416,-370.66360479197783
6417,-72.05803925711609
6418,-123.60407419017339
6419,-196.86718129544894
6420,-123.56251567893936
6421,-385.21798960594754
6422,-194.60804759397737
6423,-180.91993788365298
6424,-407.6004930373776
6425,-229.35754989721835
6426,-399.26261063847204
6427,-139.5321222913866
6428,-410.4832786172914
6429,267.29870196841466
6430,12.051461930958695
6431,-111.4073559016657
6432,223.29914680607112
6433,-168.99637320334466
6434,-361.3454410243705
6435,-356.85708559954213
6436,-180.01073885766687
6437,-374.5224254096551
6438,-204.78642319443583
6439,-104.27819714577846
6440,245.95759984368016
6441,13.311603082056607
6442,-183.3651523092201
6443,-397.88401011552656
6444,-193.8591215183352
6445,28.80092011909008
6446,-151.73448360419587
6447,-365.4290126940085
6448,241.6938027260622
6449,-115.25482946628946
6450,-106.09649659469072
6451,-97.7839416975204
6452,20.685935919244614
6453,-471.10200676007526
6454,-167.35717246430482
6455,-407.5300455268228
6456,-430.8063385854063
6457,-71.82450197337596
6458,-383.5022625981836
6459,12.443269086426753
6460,-38.8852134462564
6461,-147.00911244609776
6462,-334.74710631295477
6463,-411.00075121694107
6464,-393.87348510405826
6465,-161.17854384776092
6466,-192.63923087707622
6467,-392.09019857302945
6468,-74.21029431596111
6469,-199.6428009941573
6470,-396.1896604300879
6471,-5.147987193457368
6472,-99.63169509559003
6473,17.050004587446864
6474,-139.82814512759518
6475,-425.20523071222954
6476,-283.29581691591056
6477,-393.16399443173964
6478,-361.9533845073097
6479,269.88247974256205
6480,-423.5909511318244
6481,11.575832745472113
6482,-448.17005563435583
6483,-414.03122658234486
6484,-251.80281138513496
6485,-24.37089002608343
6486,-301.3437686992945
6487,-182.828912441889
6488,-103.46027711401847
6489,-402.06249535817665
6490,-203.15844366357027
6491,-138.1613464810737
6492,-74.32576057992249
6493,-422.23519931730846
6494,-134.14324666032223
6495,-367.6384871023457
6496,-134.1006181133066
6497,-43.15965413372946
6498,-179.7862179509481
6499,-309.10856497984645
6500,-39.372856165028466
6501,-193.20000291046773
6502,-200.11264897769348
6503,-171.25647702865928
6504,-391.00845585391045
6505,-146.23440868626483
6506,-466.22649788282865
6507,-437.2743644200219
6508,-20.553618327231305
6509,34.70029858343099
6510,-64.37037448422126
6511,-450.5417781849115
6512,-116.35008340877788
6513,-420.6188848681207
6514,-83.62076346064381
6515,-103.39791579830572
6516,-107.73538787161253
6517,-455.9582993038361
6518,-25.756878331360497
6519,-386.17593141350505
6520,-41.348352856315316
6521,-295.24795607319203
6522,-64.85778922035084
6523,-424.8856615333354
6524,-364.08046437549
6525,-453.7859268859897
6526,-344.78948933652055
6527,-242.13231918300238
6528,-371.8288445799273
6529,-144.65378131801236
6530,-89.83511067236924
6531,-265.3680294997408
6532,-373.92589962883073
6533,-344.17300409087466
6534,-441.7435816812717
6535,-363.382651011913
6536,-164.47280725650896
6537,-332.83659150526023
6538,-373.3749291230689
6539,-53.47959978261089
6540,-213.39824373122195
6541,-157.9499263071197
6542,-4.184773471044764
6543,-418.091320939514
6544,-376.71568231041056
6545,-372.0251313487394
6546,-352.6312181348927
6547,-103.20716024832433
6548,-356.6542924233584
6549,269.62884390297114
6550,7.768482315427008
6551,-365.0062720905986
6552,-434.0088264992004
6553,-410.986400508696
6554,-53.86246292790865
6555,-294.23844868676883
6556,-256.962964008667
6557,-351.71281715707966
6558,-147.7361412263039
6559,-382.0663559462921
6560,-120.981822820096
6561,-396.43626991162034
6562,-468.2598457849611
6563,244.4318090686769
6564,-380.75074905136427
6565,-110.36144278631852
6566,-343.78253049475245
6567,-372.1383793741914
6568,-300.5707120853456
6569,-115.74533274393335
6570,-102.97857121180112
6571,-119.42986115442869
6572,-427.41081449996705
6573,-429.4113685533929
6574,4.169554348852614
6575,-173.450624989762
6576,-475.13664688602137
6577,-171.93830956206773
6578,-19.305118927791355
6579,-210.17036994140793
6580,-413.2413878407367
6581,-331.3162025901943
6582,-377.7830640468806
6583,-19.581236178872615
6584,-431.18697362101864
6585,-84.99038416773153
6586,-9.550343013039452
6587,50.255521964798504
6588,-426.08459420723096
6589,-394.32909646500394
6590,-354.42542467519354
6591,-342.3108341988295
6592,-261.5483408500302
6593,-85.10191794979926
6594,-19.29218240373916
6595,-161.66605110940105
6596,-52.25972246655299
6597,-420.4874143750181
6598,-17.33949415729475
6599,-77.00414864100136
6600,244.20815136915178
6601,-141.0724962978477
6602,-409.28394582011543
6603,-364.54058358216156
6604,-470.43195882715827
6605,-478.2907233015981
6606,254.09791378277697
6607,-19.466784090763113
6608,-406.70962327845433
6609,-274.00470923484824
6610,-127.91843032119145
6611,-456.68687577732817
6612,-414.8701852796708
6613,265.6447497876522
6614,-160.59441878786646
6615,-9.165667156976497
6616,-400.5457317178565
6617,-180.64033004764923
6618,3.073464044352079
6619,-80.02112279372152
6620,-61.1405672585681
6621,-62.23930420087361
6622,244.64246991006283
6623,-110.34618871040607
6624,-420.3732712773712
6625,270.28042887547133
6626,-341.23542083309343
6627,-153.5695921769557
6628,257.3715731340967
6629,45.534533835547194
6630,-301.9480603683787
6631,-57.484370582877276
6632,-375.79765870998244
6633,-379.0935393066567
6634,-453.1288134674797
6635,-132.6016940744712
6636,-47.961471011874025
6637,-57.59399555973788
6638,16.30210473117306
6639,-19.386275511720555
6640,-111.49831564432219
6641,-79.64597285914749
6642,-357.4878058305448
6643,-380.1607757441604
6644,-387.97495826233484
6645,-338.263041458499
6646,-581.1036248844131
6647,-274.32745650838854
6648,248.0763335334257
6649,-542.1089454918477
6650,-383.0507595008735
6651,-136.51173565109661
6652,-400.19222985919333
6653,-237.26044967171057
6654,-350.99654637230896
6655,-375.73098840116694
6656,-77.35315458967723
6657,-464.496644720396
6658,-121.27488683121406
6659,-77.14036517624737
6660,-193.01714429939724
6661,-113.67286682718232
6662,-348.31300933044565
6663,-409.2955251766092
6664,-425.3127888636994
6665,-326.79653816910604
6666,-76.97434158727606
6667,-128.60031241089274
6668,-356.475871483213
6669,-74.43235849344451
6670,-324.4928997273993
6671,35.535429986602196
6672,-374.85810027939533
6673,-119.26334272397725
6674,-391.8871131274597
6675,-223.91532433737774
6676,-29.518154999977966
6677,-105.7144522247778
6678,-114.3970780791982
6679,-415.5620524776761
6680,-303.69787285349895
6681,-333.84083685443164
6682,-53.841944273842216
6683,33.99876812069499
6684,-120.57471609446283
6685,263.6301714343005
6686,-378.51166461045415
6687,-320.9867076372632
6688,-472.55784557568813
6689,22.644892730289612
6690,5.656650570353989
6691,-366.17146471005685
6692,-159.93135777067317
6693,-355.5434367282286
6694,-123.62813445445829
6695,-84.59555121328614
6696,-141.39733563654116
6697,243.2558241835568
6698,-370.6698022747058
6699,-330.3872701361329
6700,18.162076674249178
6701,-100.90386687385563
6702,-141.60727603711823
6703,-287.4595334281147
6704,-78.6669679704036
6705,-383.6360122301363
6706,-321.3096320990811
6707,-61.68367287402257
6708,-169.83370924578418
6709,-287.92629316098567
6710,3.785367390023339
6711,-131.73060885636392
6712,-141.00410262288563
6713,27.58078561552989
6714,-342.45346440098393
6715,-291.5443989222065
6716,-156.31038661836948
6717,-357.62410972839245
6718,-113.8998619795272
6719,-199.74644268967035
6720,42.293034696908194
6721,-361.86534858276065
6722,-199.32717521715858
6723,-374.80065177177755
6724,-10.796653923063147
6725,-296.1980911150099
6726,-368.53854452794684
6727,-245.6867813087679
6728,-339.475792584083
6729,-136.76090880204657
6730,-443.7445275879565
6731,-460.28273401983665
6732,30.15458613656307
6733,-33.82427814463611
6734,-409.847494344367
6735,-373.1072624533584
6736,-44.28877887848789
6737,-304.45982682539847
6738,-165.17688391108305
6739,-282.52446876275076
6740,-141.23502620888564
6741,-314.22166260660833
6742,-62.503409080971146
6743,-77.60369242085177
6744,-368.6323692031648
6745,8.541575577718675
6746,-357.36023177519877
6747,-139.41503799707374
6748,-99.10738722331476
6749,-81.96955094742621
6750,-150.46630680621968
6751,-132.51337268718635
6752,-98.28651984048196
6753,228.9667207522199
6754,-124.3135405107613
6755,-125.65679761146312
6756,-76.30731476365868
6757,-341.1611342980319
6758,-339.66789191841474
6759,-44.77560301004689
6760,-1.087609857836128
6761,-25.699653964657017
6762,-371.7400630178848
6763,-137.67857509970847
6764,-176.87271313426757
6765,-282.77758266257285
6766,-362.75589313861065
6767,-301.2302852553769
6768,-322.48336080794445
6769,-287.5057886419222
6770,-307.99880802718087
6771,-47.555983292629904
6772,-167.436925606493
6773,-346.76484237561453
6774,-7.719535922724077
6775,-100.69579946535791
6776,147.22509865200053
6777,-371.7608399708372
6778,-16.36148271448816
6779,-393.6459110222192
6780,-354.0460370305608
6781,-164.4883882291853
6782,237.61407486641585
6783,-23.296393542583104
6784,-43.20234355452186
6785,-38.763174727793896
6786,-190.16796356032032
6787,-371.7955185685709
6788,-316.91757933646227
6789,23.027505233937703
6790,266.7534955494168
6791,-91.0180982408651
6792,-413.6529773826237
6793,-99.97324104431962
6794,-413.0817089157074
6795,-67.40449514314653
6796,279.3385452282812
6797,-304.3543230355047
6798,-376.88194628446996
6799,-371.0903075210552
6800,8.56487990344064
6801,-176.2942987467554
6802,-390.8450073034866
6803,-100.42965346462421
6804,-378.025256381039
6805,-19.01705533187402
6806,-286.0841767510021
6807,-119.23197988027883
6808,-365.8345428635942
6809,-209.57655952835745
6810,262.9499993758626
6811,-371.97884970433216
6812,-361.81898302830473
6813,-367.42011544493624
6814,-94.52972553426922
6815,-360.8749314598212
6816,250.2610984084289
6817,-336.2513202103016
6818,-152.77042219371776
6819,-358.246410209833
6820,-183.2563770514774
6821,13.74894064159605
6822,-79.11278021126262
6823,-358.60511540564363
6824,-332.76452778956855
6825,-244.3866439660054
6826,-193.8454959891882
6827,-593.0052318722278
6828,-43.02819327511771
6829,-425.3202758728268
6830,-254.58864286981398
6831,-198.14713176299244
6832,-299.3599121826073
6833,-67.36470027883925
6834,-334.89879870134985
6835,-329.6669956968026
6836,-282.2560455924073
6837,-14.017248306762411
6838,-219.43683322764133
6839,-13.175802105326284
6840,-45.62851451678391
6841,-329.30663347721304
6842,-74.88120774777067
6843,-89.78652737230036
6844,-166.8744456878344
6845,-520.3645494653167
6846,-363.021352253367
6847,-343.8335715693942
6848,-369.68517142229706
6849,-226.61866086290672
6850,267.8747040987902
6851,-60.89787980314941
6852,-348.6767266943293
6853,-343.1702570470202
6854,-128.10375863310122
6855,-380.95067399462704
6856,247.45005277572227
6857,-292.485782704155
6858,8.803662694440362
6859,-101.24604246024667
6860,22.592241497225586
6861,-431.4580240500409
6862,0.5600256782476407
6863,-27.269266445218648
6864,-49.91162312011234
6865,24.127960342505062
6866,51.328211891827664
6867,-222.17145345414542
6868,-148.431488413784
6869,-57.91263524185031
6870,-388.55160184865815
6871,-122.55437542605887
6872,-159.0233159716014
6873,-45.68543824112136
6874,-108.96146899332939
6875,-363.1140753698083
6876,-124.08878426172146
6877,-350.48212388317177
6878,-99.04338169467302
6879,-22.039796005858392
6880,-4.669746345072525
6881,-103.44120975076022
6882,-141.43403802954697
6883,-140.65483331243382
6884,-336.1156722572483
6885,-40.45395693667018
6886,-128.04141749763448
6887,-268.2870515016615
6888,8.756745586222763
6889,-96.19491067808531
6890,-71.85410975563849
6891,-315.83058473390156
6892,-225.264028320021
6893,-101.90101908192949
6894,-143.78228807944674
6895,-65.1697726993182
6896,-118.0416023725706
6897,-98.18568778017656
6898,-162.83723082062357
6899,-307.9071739286171
6900,-14.114659604036518
6901,-319.9008461160894
6902,-0.1125162073713426
6903,-364.5433382308038
6904,-21.645687344397672
6905,-8.409674220151345
6906,-336.3693551053774
6907,-111.90299651769354
6908,55.14505165710074
6909,-343.6112253407075
6910,-324.82882736973926
6911,-350.84779324374114
6912,-174.99008425908116
6913,-115.9423422322871
6914,-129.2446315722811
6915,-117.83730545006173
6916,-75.92392487518576
6917,-165.00472312135844
6918,-10.53265132478002
6919,-143.75365717526444
6920,-288.2276229335893
6921,41.30422310497812
6922,-141.35286369741718
6923,-104.43369065166101
6924,-348.6021339774119
6925,-384.5968477760713
6926,-236.2167272133161
6927,-359.61005707509213
6928,-362.0113289647668
6929,-338.020675938085
6930,-325.86871770766015
6931,-353.0396070696822
6932,-319.78280394006566
6933,-304.9130208918464
6934,-333.0865839040704
6935,4.203175011940019
6936,-186.76421942243843
6937,-290.2009036240877
6938,24.667131260663794
6939,-420.056139364485
6940,-88.69889696914275
6941,-292.4282310511054
6942,-97.12130329918321
6943,-182.68765713474392
6944,-88.96234292831437
6945,-154.51905712029503
6946,-137.14115463997936
6947,-357.1389373540448
6948,-382.01714640413815
6949,-361.0350295876681
6950,-102.2049311448528
6951,-188.42167138299078
6952,-116.70242264404155
6953,-80.29697902014445
6954,44.38193179871794
6955,-257.81847005786994
6956,-146.22132659205909
6957,-139.6958568267641
6958,-243.9557955095201
6959,-387.6068147441359
6960,-349.7344934772477
6961,-275.40978726066066
6962,-339.77784615235873
6963,-400.926437764093
6964,-351.6206405297826
6965,-191.43472137903413
6966,-18.329209510448806
6967,-134.81867904683395
6968,23.53544641451292
6969,-196.1381747266776
6970,-333.9753858931289
6971,-346.2399123993772
6972,-325.80984648467376
6973,-294.22077597000265
6974,-61.706541483475284
6975,-245.9613587271933
6976,-120.96624238780325
6977,-60.92643689965515
6978,21.61783434043977
6979,-135.3951574887791
6980,-302.81954484316043
6981,9.456647996164378
6982,-247.16902041263083
6983,-143.59114297222368
6984,-75.79560605836136
6985,22.10679002144134
6986,-329.544146312587
6987,-349.9481080028643
6988,-152.19676266422516
6989,-111.5829084607904
6990,-9.356245118798327
6991,-32.13343975526915
6992,-295.6550900521132
6993,-141.75051312209519
6994,-352.1543035932582
6995,-35.97312643087106
6996,-8.412807369086849
6997,-54.72632981785766
6998,-296.82352858640263
6999,-156.70983183552542
7000,-277.10174467569806
7001,-346.8661898492908
7002,-106.42226099949337
7003,-85.62849282472368
7004,-67.46214314335406
7005,-85.03806204885021
7006,-315.7844468998495
7007,-264.64508864650713
7008,-195.44399401931847
7009,13.044290034449205
7010,-79.44773786374869
7011,-41.34281608377654
7012,231.71400680742352
7013,-90.02297449447427
7014,-352.1520391320639
7015,-10.215072097821746
7016,-308.63525276692656
7017,-41.32931602347281
7018,-196.14271982241115
7019,-155.59982913373182
7020,-100.30803279349223
7021,-309.08331109042433
7022,-152.58503632817897
7023,-143.91846780446627
7024,-318.7082078538674
7025,-303.6481667643718
7026,-264.81704124870487
7027,-295.11739292955
7028,-341.9903190266997
7029,-41.58555810433464
7030,-357.72693374833807
7031,-408.0575043511693
7032,-91.1836670309469
7033,-6.483457008622054
7034,-76.05965801203928
7035,-155.65607214969558
7036,-151.81488278240417
7037,-320.0711640034325
7038,-22.65606374277627
7039,-334.91955663126544
7040,-324.57658939842497
7041,209.7003879027766
7042,-277.59796358211565
7043,-196.92094395142877
7044,41.33282288896362
7045,-133.25279076513252
7046,-362.9530532276242
7047,-104.88225254299942
7048,-7.3656585001184425
7049,-88.34272383858654
7050,-288.0757051045076
7051,-310.5873171670659
7052,-335.15046142043855
7053,-24.950575205834824
7054,-105.08586633692407
7055,-120.71443814552978
7056,-423.264258944793
7057,-291.0786862162248
7058,-266.0137845163147
7059,-163.48683769761186
7060,-260.6649670955576
7061,-226.50018392825686
7062,-336.8639315928434
7063,-32.961133837246464
7064,-287.02514265413447
7065,-174.12360059305576
7066,-317.51026211984663
7067,-312.53252247366953
7068,18.32345416141905
7069,-218.8225879942416
7070,-164.99760508050844
7071,-355.24877146824707
7072,-47.94891440377806
7073,-74.07127343108668
7074,-484.1825791386183
7075,224.9004564851004
7076,-279.7530700893098
7077,-149.40919605602198
7078,7.861743939132282
7079,-129.58839168399794
7080,-335.3866126845835
7081,18.965832477013265
7082,-294.9889286331994
7083,-98.8973698150557
7084,-72.29347401091928
7085,232.23054528348
7086,-325.4091451372614
7087,-301.8873719350178
7088,-96.85198343339225
7089,-128.37468353667452
7090,-57.42356167164023
7091,-151.59700136617028
7092,-336.21949696914555
7093,-278.42897823701026
7094,-318.3348783648535
7095,-283.5943644411233
7096,-91.9264919222466
7097,-115.43592687532237
7098,37.591277322089866
7099,42.50223454642531
7100,-319.94722380671476
7101,-126.24446454056074
7102,-288.85306163651387
7103,-53.86442061123185
7104,-106.467842463609
7105,9.283025425997806
7106,-138.21188507215038
7107,-330.7513228107607
7108,-11.029657272444908
7109,-253.5093213532255
7110,39.77156151388547
7111,32.289685468411705
7112,-309.01010603023684
7113,-305.05616631668545
7114,-162.14756939132434
7115,-302.16340055614364
7116,-15.168881058959016
7117,-17.742214264193336
7118,-133.9647782140251
7119,-10.386156138294638
7120,220.03962691818504
7121,-59.119153456395104
7122,-307.4751036376491
7123,-338.96268486827955
7124,-231.9369089830161
7125,-319.22631262044797
7126,-57.63921699103243
7127,5.179956260855377
7128,-100.15896472090687
7129,-306.0012438471091
7130,-6.749931454529317
7131,-364.29682038403695
7132,-314.1857401479582
7133,211.35142704528727
7134,-289.0389025014837
7135,-163.05623648738722
7136,-249.08797844706694
7137,33.86732517913023
7138,-138.69352480943587
7139,-68.67697344256464
7140,6.5852300218382425
7141,-309.90732076846604
7142,-252.79298212953458
7143,-64.17768784761647
7144,-247.58748287138124
7145,37.18109375857381
7146,-56.61674593922036
7147,-32.77821060645843
7148,-86.21887071033731
7149,-30.60344303430432
7150,-20.010639126152284
7151,-320.4119229877008
7152,-60.01191100240577
7153,-154.39310068161888
7154,-307.9027528934608
7155,-388.97082443013693
7156,-308.0187744586367
7157,-150.18894172660816
7158,-335.3608528646158
7159,-66.6144670895438
7160,11.441417164899406
7161,-118.70423311503632
7162,-305.90396228760517
7163,-113.84278314038717
7164,-114.25019948404024
7165,-12.998115784339404
7166,-265.4439961355864
7167,-287.10685011817606
7168,256.45204272136766
7169,-358.56136470417835
7170,-120.03571062721177
7171,0.5888243539616553
7172,-40.125643094834274
7173,-117.47274154749533
7174,-354.85795128719553
7175,-310.01971735742364
7176,13.667448394815025
7177,-319.60965490800265
7178,-98.90552880488818
7179,10.83058219847463
7180,-69.46553671478735
7181,-325.4265285260807
7182,-106.71744169533851
7183,-299.0911006094598
7184,-66.91530608254732
7185,-292.56830751231956
7186,-354.3891132897573
7187,-300.0108290078343
7188,-12.78821948942219
7189,-111.01694927954031
7190,-108.76317833788248
7191,-14.611691249578385
7192,-64.42771989974716
7193,-287.4791471156137
7194,-119.1333166225709
7195,-14.43081460603561
7196,-58.422193705335715
7197,-54.80770406228753
7198,-296.6919599554065
7199,-8.64391306268054
7200,-328.2398258269951
7201,-328.6921043083189
7202,-93.02679627564892
7203,-286.7060372146394
7204,-282.05649886777303
7205,-364.2120132155549
7206,-327.28583647241976
7207,-77.08378577339838
7208,-1.742659448458511
7209,-279.8129476044132
7210,-90.02919379471771
7211,-52.90945177402025
7212,-237.77502488580032
7213,-26.398150294373295
7214,-300.34270238265776
7215,-78.46216601786153
7216,-221.18586060933183
7217,10.601654593497898
7218,-14.999543201107812
7219,-37.59378242689624
7220,22.18311467214373
7221,16.50647788704704
7222,-116.527392470733
7223,-330.5364456436082
7224,-119.16598541955773
7225,-78.86423929977923
7226,-111.71724291536009
7227,-41.32983072550046
7228,-52.96508176196551
7229,-290.8788308813548
7230,-298.38630077730704
7231,-159.63611185360088
7232,-294.4960581005312
7233,-63.521884854643
7234,-1.5923313515824873
7235,-133.80992974271024
7236,-295.0680135242583
7237,-27.504225158266877
7238,186.20374957038865
7239,-328.28733914976664
7240,-56.06222695748437
7241,-53.40167751985729
7242,-80.05397905768764
7243,-269.50022094906063
7244,-313.43377567247865
7245,-303.5700778585308
7246,-103.18702016812617
7247,-7.912377941574931
7248,-11.419224733771046
7249,-89.46339581960164
7250,-37.42907851333811
7251,-138.62838144975467
7252,-341.34031726483215
7253,-121.6712576763648
7254,-46.53695673935582
7255,-146.718766087736
7256,-79.86200878483882
7257,-1.5435329052659057
7258,-98.74122149759148
7259,-58.16360643761493
7260,-111.39343247036463
7261,-104.76720251222945
7262,-362.291417078872
7263,-335.5183460789367
7264,-331.6374228576424
7265,-124.00463830245387
7266,29.744551498430383
7267,-281.6477663184532
7268,-15.854166402222901
7269,-110.10000333652302
7270,-310.5628258487517
7271,-29.86173825572918
7272,-329.09683775143924
7273,-122.13434982142512
7274,-296.5848797115449
7275,-291.29386222804396
7276,-10.999106357896153
7277,-81.65093510288445
7278,-22.800824868550592
7279,-85.5052585821474
7280,-153.52863017642045
7281,-169.81962540459892
7282,-135.13804727392593
7283,-100.53291631392355
7284,-74.6614298352151
7285,-368.2443707438518
7286,-30.65840060072844
7287,-31.826814909297326
7288,-61.6204164835269
7289,-45.384794584227066
7290,-4.123875658279346
7291,-35.159385141175406
7292,-63.42779796756552
7293,-97.44500947042268
7294,-10.643010621738966
7295,-307.5469145674639
7296,-19.254135174353763
7297,-30.491986707168138
7298,-40.465172939500135
7299,-533.9104189483236
7300,-302.834254137919
7301,-308.3462509231837
7302,-13.52541521476472
7303,-42.320731931831375
7304,-322.3236853234178
7305,-294.36089380069456
7306,-178.24851900143437
7307,-278.3329781151772
7308,-110.17642697349417
7309,-235.5595605165043
7310,-182.70734215019863
7311,-37.44716789505547
7312,-324.15218427605214
7313,-113.5560294052539
7314,-33.712885427611695
7315,-139.65327493406804
7316,-325.1511862426321
7317,-285.1097417462157
7318,-4.187823828438823
7319,-514.1378604953791
7320,-27.316094103239678
7321,-106.79838895604021
7322,-211.0169942295039
7323,-160.04482133205678
7324,-93.74257211139039
7325,-319.59238033819986
7326,-99.5447066707409
7327,-312.2293211272188
7328,-190.3045129109795
7329,-94.87578934504512
7330,-5.1290560775481
7331,-118.782091736813
7332,7.059034244009268
7333,-7.440396045711637
7334,-281.49359652578687
7335,-18.296886402774376
7336,5.757649131640406
7337,-185.73761699001028
7338,-249.27175643187928
7339,-332.86288144149125
7340,-32.8715111984115
7341,16.481353391154485
7342,-93.58373850276138
7343,-247.1851591245281
7344,-310.1930147848184
7345,-120.51296211945109
7346,-317.1126247232994
7347,-321.8811295302306
7348,-302.52503640940006
7349,-116.42340682169015
7350,-312.51081745507247
7351,-305.40471554228435
7352,0.43648336073560756
7353,-93.2821888581891
7354,-303.61191024849506
7355,-130.20200678365296
7356,-80.0682893330182
7357,-131.61655038784318
7358,-288.47353452076413
7359,-51.8719171160311
7360,-266.6889707915511
7361,-160.97907753943355
7362,-191.2736251601056
7363,-100.4624340536795
7364,-142.3577934822324
7365,54.029057804452236
7366,-96.77921621208755
7367,-92.5022870824519
7368,-162.0709768038048
7369,-120.36655852321037
7370,-15.667400630758962
7371,11.793158531875875
7372,-275.09248783798887
7373,-10.185154020810117
7374,19.673076503410897
7375,-96.79473692804379
7376,-301.17123573130425
7377,-193.2898390772914
7378,-311.83518566930053
7379,-109.62709474944184
7380,-296.9191210655223
7381,-327.19458841453024
7382,-330.5696841423877
7383,-26.703491505128568
7384,-24.47781159983346
7385,-121.28357752857801
7386,-323.54056328883064
7387,-307.92325690668633
7388,-100.36007180738864
7389,-330.84465176041635
7390,-21.44617696911638
7391,-72.26424999337385
7392,-289.02522066937104
7393,-131.97218736930364
7394,-28.677670694690278
7395,33.7407731997485
7396,1.5506865299023929
7397,-285.94319314485995
7398,-77.6615899820638
7399,-27.83692609843129
7400,-70.46635539379685
7401,-119.90403566202893
7402,-33.17517654053913
7403,-296.5496288684791
7404,-22.505553528531365
7405,-286.1435908373177
7406,-20.53647052205109
7407,-9.757973503445427
7408,-65.9983605606274
7409,-297.5912874678306
7410,-352.1303520354639
7411,5.059562848817791
7412,-133.97632000710345
7413,-125.64637856758235
7414,-390.5248465876948
7415,-85.97445720416053
7416,-295.1348134250941
7417,-47.374428096044426
7418,-112.15522403950118
7419,-96.9008727999992
7420,-328.8957668115712
7421,-58.61039110187842
7422,-96.89553537699787
7423,-320.3336309976983
7424,-100.11319447587235
7425,-172.6947150863417
7426,-123.14028946445474
7427,-66.42073700883543
7428,-124.90804248054663
7429,-58.99424444959459
7430,-192.83162720420233
7431,-288.89763734960053
7432,-187.72399024696227
7433,7.719270438526166
7434,-297.93894843145654
7435,-36.40506323301257
7436,-53.7026670461799
7437,-6.075829363032469
7438,-104.42422382412431
7439,-3.613581153543521
7440,-340.2006399530072
7441,-24.818493970798286
7442,-260.76443625501395
7443,-310.9500761887201
7444,10.706991775111902
7445,-65.19498029323957
7446,-38.85692806440851
7447,-248.1636580123294
7448,-280.6080475606818
7449,32.617080892365664
7450,-77.89656250336209
7451,-146.5716849792326
7452,22.49899681136344
7453,-100.86289966001416
7454,-40.400676589783956
7455,-287.20331472780805
7456,-231.52209460788973
7457,-257.936648431335
7458,-216.06001758112495
7459,-249.08804252678982
7460,-2.976884092718805
7461,-337.5390681251989
7462,-74.57220777083391
7463,-104.59258368882854
7464,-108.3102821321277
7465,-320.52621832895943
7466,-333.1318677308203
7467,-273.4806401575081
7468,-82.69228480317503
7469,28.535267484397764
7470,1.1124860707937074
7471,-94.5547948300468
7472,-72.17993955652061
7473,-68.69559853573934
7474,-168.41584602355528
7475,-58.8782474108739
7476,4.105776485476227
7477,-30.59978783431812
7478,-335.1036464273658
7479,-101.84375484499682
7480,3.765193481846353
7481,-302.65642736045305
7482,-156.9405263555376
7483,-106.41071041482071
7484,-167.1480507114751
7485,-2.6305713905247075
7486,-314.083019741513
7487,-208.88593047027211
7488,-405.7382089916146
7489,43.60586782676464
7490,-99.82748291992779
7491,-310.6204406645428
7492,-58.50511625525129
7493,-329.24548107564226
7494,-299.92000835468184
7495,-279.86001421364176
7496,-90.46397300573102
7497,-78.91643040241067
7498,-230.10544105702877
7499,-14.75041822255622
7500,-305.0572213309016
7501,-321.364366251031
7502,5.151519551167766
7503,-15.341379528037322
7504,-371.8402876208031
7505,-337.5520905629743
7506,-253.4107699203306
7507,-162.52095591891597
7508,22.56934057185336
7509,-146.9180433675878
7510,-7.307704458272283
7511,-70.17013305515789
7512,-319.0246347877902
7513,-323.9872951477787
7514,-196.0278421888817
7515,-218.12248840434683
7516,-306.1596510328912
7517,11.338900094545437
7518,-61.555000463095695
7519,24.692991478422186
7520,18.624190035812646
7521,-144.63771700998086
7522,-263.35016176177925
7523,-42.83117244545243
7524,-334.678535251607
7525,-178.15680888729287
7526,-363.9439117553417
7527,-247.371773453255
7528,-64.22354114996388
7529,-213.79750184862021
7530,-291.65891608280435
7531,-311.45177997004
7532,-306.58018173411733
7533,2.152372516666489
7534,-347.44580812418656
7535,-243.44325557285683
7536,-243.86465921166385
7537,-10.430537709747995
7538,-68.8163425380158
7539,-81.53607917321293
7540,-314.70588429613133
7541,-160.981918746947
7542,23.018946958067986
7543,-343.0017399848583
7544,-290.43409897495394
7545,-284.63852843252585
7546,-248.75478892542984
7547,-294.91731224632883
7548,-135.8580393854732
7549,-269.11068667826913
7550,-143.54747074165397
7551,-59.79473734606729
7552,-331.426490254472
7553,-144.65070448054573
7554,-261.64651748271916
7555,-42.68994516292811
7556,-163.78836002594514
7557,-313.2560622011653
7558,-87.44568336455238
7559,43.79680637852306
7560,39.28383665521139
7561,-111.08143197714125
7562,-36.29126396938848
7563,-284.2424935888602
7564,-196.85886979183164
7565,-142.25300745412977
7566,2.5130429841103705
7567,-40.3978453479389
7568,-76.4403786707054
7569,-96.25959808515131
7570,-330.049959201738
7571,-163.46045650841856
7572,-330.5916747781963
7573,-281.6805815804391
7574,-227.8440321074275
7575,-109.5412133350203
7576,1.8355984587628882
7577,-43.49424497617373
7578,33.03765283396237
7579,-87.40508411989615
7580,-97.65821942071987
7581,25.788266485637195
7582,-157.38687565615737
7583,-284.70586521233815
7584,6.309709453990891
7585,-313.1156281810885
7586,-249.83777755510155
7587,-99.51688509986451
7588,-174.86853141427537
7589,42.070800254038176
7590,21.633565485788495
7591,19.264724861142042
7592,-347.50933993403333
7593,29.41957209609552
7594,-159.25054933886085
7595,39.03298756676696
7596,-41.03631468250374
7597,-107.13522671142707
7598,-292.24167027044854
7599,-117.27291246895173
7600,-71.40140822971992
7601,-321.66620690363584
7602,-308.9496217695725
7603,-2.380340339675371
7604,-25.468486144756838
7605,-302.0586198166051
7606,4.056099554007815
7607,-292.2178495233158
7608,-116.78771686244963
7609,-164.63757200670267
7610,-310.98863019660666
7611,-319.32280277448365
7612,-248.24742407822413
7613,-147.88259546537282
7614,-95.0948516476819
7615,-304.1404794303995
7616,-277.02948086555705
7617,-38.488402215034185
7618,-74.13521652898334
7619,-28.61790589795254
7620,-137.0291498171376
7621,-23.853248577675643
7622,-294.15881766573284
7623,-34.779706916598045
7624,-7.44991092224673
7625,-173.88237214566976
7626,-44.646697584509354
7627,-4.134231989122128
7628,-137.01267734091743
7629,-163.75154744713524
7630,-329.46748110396607
7631,-209.45153030129023
7632,-28.024102083047424
7633,-89.61412768266642
7634,-77.20371694887608
7635,-336.4974055475141
7636,-27.390227975701436
7637,-29.53321794626916
7638,-291.6467673083762
7639,-128.02815928844024
7640,-100.40694258464802
7641,-17.228307832886543
7642,-142.8683091314245
7643,-288.8207298015811
7644,-254.02638339708164
7645,-170.72547224044018
7646,-129.0048011411288
7647,-68.6555043921918
7648,-82.03779565249951
7649,-69.3132483789538
7650,-297.66942272239265
7651,-30.173016900524672
7652,-40.00102991843025
7653,-4.564408449536657
7654,-96.86516032572854
7655,-85.80182592778239
7656,-21.31132475965407
7657,-61.82518822421237
7658,-20.96170478245891
7659,-21.058169173668603
7660,-154.6729205349023
7661,-41.48592376046514
7662,-69.55173439704825
7663,-175.73825635246328
7664,-114.01206415988844
7665,-41.23443182755808
7666,-94.47797240398766
7667,-146.95073896699984
7668,-0.2847751155487259
7669,-152.12468649305325
7670,28.13966685004749
7671,-6.786470566957377
7672,-14.638286263453992
7673,-316.6163022561377
7674,-24.113076633675902
7675,-298.5403522354238
7676,-168.81858738656086
7677,-45.79656880864194
7678,-309.36645234971786
7679,-186.0667457673201
7680,-65.61739350549124
7681,-17.564986760387853
7682,-27.872560457086905
7683,-34.589107824343586
7684,-277.3586350183151
7685,-60.33584961655916
7686,-67.62209190223805
7687,-57.683940664858454
7688,-44.10309207474475
7689,-222.51396644527802
7690,-23.848440495174586
7691,3.2754335490826207
7692,-85.17560136720711
7693,-109.77998863658237
7694,-153.159642193976
7695,-11.489779278927884
7696,-82.76452920172089
7697,-106.98064716046704
7698,-102.43522052114709
7699,-54.79286433234434
7700,-299.7357131345515
7701,-81.37215643142548
7702,-56.755204636483796
7703,-179.88271058753958
7704,-28.572102757088516
7705,-39.115695150719404
7706,-34.831525917001585
7707,1.385414597365866
7708,-27.266097707459735
7709,-128.45784213039457
7710,-184.4845929299547
7711,-18.81910647349325
7712,-98.68703735133464
7713,5.033889577905498
7714,-41.62595437755044
7715,-44.16572614277855
7716,-104.63701158872757
7717,-118.8171168212769
7718,-334.7735765433045
7719,-302.9638429655365
7720,-82.31293511196756
7721,31.0525302974213
7722,-4.0751853224405465
7723,-101.84413982666585
7724,-21.06963124805374
7725,18.26647258089386
7726,-67.26165808021014
7727,-74.49079075971261
7728,-292.53309702093225
7729,-188.37065950256496
7730,-296.4718809292026
7731,-337.62475457240384
7732,-90.93044714556164
7733,-381.64986715609587
7734,-60.33640535458309
7735,-27.345727227187325
7736,-1.2631514227490044
7737,0.9887274587746759
7738,-90.05936520307469
7739,-90.0220929631576
7740,-94.39314335178241
7741,-153.3297832193461
7742,-122.75764061526414
7743,-13.56193975628679
7744,-88.31758936319437
7745,-365.0854712185286
7746,-469.60320847560416
7747,-546.0292837369311
7748,-106.23187116702647
7749,-328.66340746967677
7750,-443.1558924401988
7751,-22.071634138524146
7752,-31.024527315105942
7753,-162.14055634452842
7754,-80.0078704377056
7755,-163.9299075936127
7756,235.8130749434168
7757,-168.72935700403144
7758,-307.8172431576437
7759,-21.958618917133876
7760,-10.140117945985537
7761,-139.95152598794425
7762,-93.8312284626748
7763,-57.69582557876315
7764,-74.43063419679837
7765,-87.93547482360009
7766,-113.01450357159001
7767,-61.74727737155091
7768,-92.98359424632743
7769,-41.61598672762139
7770,-96.1999524459495
7771,-73.87896622453906
7772,-53.10692162161082
7773,-45.75683114406514
7774,-144.57958430242667
7775,1.763483801823213
7776,-112.88657455621723
7777,-103.1151154379796
7778,-181.0683069410348
7779,-79.07038196635436
7780,-161.75049505371925
7781,-122.8538147954306
7782,-33.828322896556
7783,-189.68841897582354
7784,21.540976076969102
7785,-25.20911939195595
7786,-96.63958732405841
7787,-166.03728227455088
7788,-119.4144065352198
7789,-164.93990200029077
7790,-54.48048310873272
7791,-82.93284556949249
7792,-70.8721851465347
7793,-97.74235734510617
7794,-60.28499151280313
7795,-122.84904823334777
7796,-152.50090141094987
7797,-177.13964786674308
7798,-107.5212915281884
7799,-95.80359914673116
7800,-175.75075518515933
7801,-33.35450908250418
7802,-219.83968253437445
7803,-69.83558173140503
7804,-198.1157191110164
7805,-30.75399236180374
7806,-16.758747930046425
7807,-128.9089669213068
7808,-103.1308546973649
7809,-156.09645963414192
7810,-19.945759773501834
7811,-74.62009109512607
7812,-123.34117220045802
7813,-160.79852420979915
7814,-186.78344610639107
7815,-51.09750259641035
7816,-166.65909668365867
7817,-89.35495706146583
7818,-165.5747529618729
7819,-9.255371039430301
7820,-47.27411357372101
7821,-113.9705126147885
7822,-44.93900042385215
7823,-127.39748192221128
7824,-78.59847363195206
7825,-160.72525480188938
7826,-115.96505424530255
7827,-92.63178339925716
7828,-90.57933928704959
7829,-49.65373431585837
7830,-235.28992647426674
7831,-139.55913207003084
7832,-141.65488569216
7833,-69.56424910537355
7834,-90.97819081818847
7835,-20.470235886529977
7836,-75.85420311866017
7837,-54.236639843554855
7838,-19.61528546184047
7839,-145.59127098804402
7840,-183.56700699175923
7841,-124.50116706751882
7842,-19.819060887248867
7843,-117.05635756472633
7844,-87.50981287516933
7845,-20.7030465594745
7846,-268.89831939636724
7847,-101.74127446463957
7848,-7.99087467608021
7849,-259.5531707304656
7850,-6.13449158398241
7851,-109.57257541246972
7852,-215.17819483384045
7853,-54.82656405810553
7854,-38.292724104945165
7855,-97.81262688783613
7856,-26.904427247420458
7857,-154.95032456919643
7858,-52.930227249335154
7859,-267.11817424247755
7860,-79.08965247255156
7861,-79.71697185995475
7862,-78.02238007952512
7863,-413.1676834572648
7864,6.278435381445334
7865,-76.29513670976942
7866,27.565679319773565
7867,-241.24239874092007
7868,-18.651664430239265
7869,-130.7364096785713
7870,-135.3663226559909
7871,-71.96447331057524
7872,-274.06679735666023
7873,-26.981421919906865
7874,-185.92969748684584
7875,-407.90145022308883
7876,-35.84083173835103
7877,-54.62306635977802
7878,-103.57431684629724
7879,-0.10961120197100627
7880,-22.06113525484497
7881,-305.9020643175724
7882,-79.73258176385228
7883,-7.446101978204112
7884,-118.42337151261972
7885,-128.35197693302013
7886,-146.61619658662363
7887,-67.34718347084758
7888,-50.252924291720475
7889,-181.42664359206492
7890,-304.88719063391807
7891,-20.055448335089736
7892,-100.47074107665213
7893,-133.0432740997499
7894,-39.898856122615655
7895,-161.82342591173958
7896,-49.06593020663691
7897,-309.99032339805615
7898,-48.67999896577025
7899,-300.89646357034235
7900,-150.72592397406348
7901,-25.45258687998202
7902,11.166132451413546
7903,-158.82656131137168
7904,-89.80724744673948
7905,-206.80357597205472
7906,-184.66742887256586
7907,-108.09853665897992
7908,-11.955868920304766
7909,-371.24374024693054
7910,-283.1975760714438
7911,-55.388024421524676
7912,-43.7332260320583
7913,-40.37068234498031
7914,-75.57397515261145
7915,-247.73877914971243
7916,-184.49364133902617
7917,-263.8262243928623
7918,-84.4166857959377
7919,-77.16167679007006
7920,-6.0131480776390305
7921,-108.99669192695941
7922,-173.36628304488585
7923,-82.60354933149203
7924,-309.27643454653526
7925,-58.13718816563622
7926,-89.31737738489521
7927,-59.38238980395734
7928,-305.0013568460291
7929,-35.27850420571268
7930,-64.10333127129715
7931,-81.37519440432817
7932,-82.19431345172211
7933,-10.270911145807133
7934,24.215955536854224
7935,5.709661273942146
7936,-5.181529699472804
7937,-50.25684138367518
7938,-122.87241100863388
7939,-213.6521413648094
7940,-292.0319672476461
7941,-218.7715640679068
7942,-37.20038943302153
7943,-169.99890855368625
7944,-23.14954273838603
7945,-50.12516776993236
7946,-138.221985349749
7947,-172.40324117892663
7948,-103.8348304410437
7949,-130.03358015880545
7950,-24.855453693848673
7951,-64.2985421418181
7952,-120.1448957498569
7953,-176.82267042492916
7954,-42.4272597249612
7955,-101.44946175630965
7956,39.959786447822125
7957,-44.93166777713529
7958,-79.85095350982738
7959,-149.04114246746929
7960,-207.89503794723743
7961,-80.27290199467222
7962,-137.36499608282466
7963,-134.07941421756195
7964,-302.62837491377365
7965,-65.7291745696174
7966,-151.6879128156646
7967,-29.12794911757595
7968,-39.82733549736159
7969,-48.941361424333095
7970,-222.88103657847637
7971,-148.18347366834035
7972,-97.64236638095029
7973,-74.70890394812926
7974,-5.761420325799094
7975,-280.04240259090216
7976,-32.86090733506853
7977,-117.60145642166208
7978,-89.72050614078118
7979,-117.6913454098817
7980,-76.42237268932315
7981,-45.708097106683496
7982,-10.248838201694312
7983,-176.53736713837688
7984,-65.1916423529857
7985,-25.99223734484147
7986,-138.33112229635105
7987,-28.18058502444569
7988,-109.50939062181159
7989,-294.35425853178117
7990,-149.59496053238308
7991,-153.0762267251821
7992,-63.398985523759805
7993,-115.70869351170786
7994,-74.51571771204169
7995,-84.38264859411326
7996,-80.71498308950048
7997,29.121929162621086
7998,-159.86358483061917
7999,3.2795336500426515
8000,-15.00064984276571
8001,-157.65378902110714
8002,-63.62703179385712
8003,-115.35987000225178
8004,-70.04989136568227
8005,10.925386803179322
8006,-14.710903385322254
8007,-47.159188549217816
8008,-21.755959955714104
8009,-71.71275315724473
8010,-29.009625536876484
8011,-138.3519049395219
8012,-14.513061039724306
8013,-18.651921607406337
8014,-103.13543327067471
8015,-36.904705464753306
8016,-59.61431106750079
8017,-151.96792043735311
8018,-101.69460688330894
8019,-49.77203031621164
8020,4.423273551879063
8021,-224.83145681961147
8022,-43.18727435020989
8023,-27.910200512393942
8024,-108.17818874403181
8025,-30.94505359057277
8026,-5.094195024150139
8027,-143.00917425851551
8028,-107.82769790747055
8029,-44.11204576808062
8030,-195.83821015648383
8031,-106.81919162752035
8032,-57.88745275167246
8033,-88.77612259197525
8034,-66.77536617006774
8035,-71.90968319715499
8036,-72.863820584673
8037,-50.40916888436908
8038,-53.49436060036266
8039,-137.32481119643944
8040,-31.603208050172483
8041,-31.63533108164809
8042,-44.197440526322325
8043,-128.80962472503782
8044,-46.038472284448744
8045,-146.92359054864204
8046,-162.0679367444195
8047,-65.63671367149621
8048,-191.48125494366064
8049,-89.14459358387231
8050,-104.16622887955427
8051,-188.52182484635705
8052,-56.9105094805024
8053,-92.85335722585356
8054,-36.66146637959824
8055,-18.178692051442596
8056,-278.0506062713561
8057,-43.546876243816456
8058,-27.40627700895118
8059,-77.67635688800081
8060,-76.94439927460525
8061,-153.07639652766517
8062,-187.57280413607896
8063,-128.0864555960835
8064,-165.0369658133245
8065,-157.52063060845418
8066,-527.8251432648258
8067,11.932381195069894
8068,-168.93920914549386
8069,-186.62066624364104
8070,-169.49430985145847
8071,-69.89824408661244
8072,-124.47249978467764
8073,-68.81163766673552
8074,-145.08777743286123
8075,-304.99536133416325
8076,-247.6822366706723
8077,-118.29135703878504
8078,-122.06846664342432
8079,-306.8116902884552
8080,-132.72137206140587
8081,-170.02698026942983
8082,-64.3869108220623
8083,-56.99544310621654
8084,-120.98727551188755
8085,-85.52828257144238
8086,-65.91886668922179
8087,-57.44760262227089
8088,-117.04125981110917
8089,-64.67139974758925
8090,-66.6261595535648
8091,-164.03265954775338
8092,-114.15486055984107
8093,-70.15705554336657
8094,-121.76496793513482
8095,-28.905455423847016
8096,-82.01603939509
8097,-142.85571810902354
8098,-22.207786718465755
8099,-142.98629405399146
8100,-122.54873337464875
8101,-141.1504373296819
8102,-57.97720870611242
8103,-47.97291131276265
8104,-122.89834539105203
8105,-44.63317978809951
8106,-115.75532089131241
8107,-68.49812949577742
8108,-110.74684801653996
8109,-101.66207307224528
8110,-128.72662654294845
8111,-93.68831307919402
8112,-87.40160346873049
8113,-116.92101789147729
8114,-93.68176943505507
8115,-71.52890747313114
8116,-131.27847748124603
8117,-118.79069488724828
8118,-60.995812972410185
8119,-145.1190716310595
8120,-131.5044364128883
8121,-49.59225568649455
8122,-138.66544077573877
8123,-54.064070107219806
8124,-48.26556261776845
8125,-120.65118253110019
8126,-29.91130740701888
8127,-84.0894672827364
8128,-153.77007368511528
8129,-77.74028198788078
8130,-173.33516240067718
8131,-10.89921431694924
8132,-188.34989356346736
8133,-7.960117596062403
8134,-125.80554940595725
8135,-60.22519521578997
8136,-101.50345591261836
8137,-74.94459809985092
8138,-145.11559426614434
8139,-42.1994634208145
8140,-64.38672794154132
8141,-58.701521188538074
8142,-70.44723050012547
8143,-126.54851302742672
8144,-292.57751466934513
8145,-68.5369773026181
8146,-80.69073196426565
8147,-97.14704823362074
8148,-104.49193624208799
8149,-101.52324108758583
8150,-122.24779747110641
8151,-72.09073933188446
8152,-107.72147544296234
8153,-144.33478264239187
8154,-174.80407858707247
8155,-25.592132382790666
8156,-125.47330316034513
8157,-166.99844512306214
8158,-110.61668547956748
8159,-134.9853490859498
8160,-51.77916468993861
8161,-147.5972843844059
8162,-104.27845553457811
8163,-82.81064854943706
8164,-143.66066506144222
8165,-111.42720479254847
8166,-131.2501423012487
8167,-90.69166735236757
8168,-183.2930769282089
8169,-94.2505757456468
8170,-85.39905631793903
8171,-112.55272189087658
8172,-43.30385760760606
8173,-254.38066211517358
8174,-138.13211316928567
8175,-135.49381934018925
8176,-104.17228972376441
8177,-48.997287942685034
8178,-112.25884850333966
8179,-151.96269435754044
8180,-139.5959888736137
8181,-94.83042656955413
8182,-93.79294994385508
8183,-157.8655140004539
8184,-197.53213938492763
8185,-22.749240616183343
8186,-74.81078098671877
8187,-51.20918295502315
8188,41.8505240252162
8189,-344.7220395451662
8190,-104.1575973927084
8191,-167.57503681248113
8192,-98.591719788841
8193,-16.19542729609877
8194,-28.561862023657284
8195,-73.45251114203597
8196,-94.2964911616589
8197,-5.243019992746582
8198,-73.10407133743406
8199,-83.55121293026907
8200,-3.9607398849218356
8201,7.297085289793969
8202,-83.0490241055648
8203,-43.44579785279113
8204,-88.80755308992353
8205,-153.63363020565907
8206,9.83128669641657
8207,-111.83160956590714
8208,-90.64803219030031
8209,-129.4471554615024
8210,-38.86938565982703
8211,-250.87004326147652
8212,15.2525121007926
8213,-20.283334366223542
8214,-157.4912238932068
8215,-98.54763604238669
8216,-50.449111854299446
8217,-127.03421893546421
8218,-77.11468593385848
8219,-120.09176339476355
8220,-215.3069509787677
8221,-164.0196466509716
8222,-77.86410829076983
8223,-40.344710936234776
8224,-19.545354610973817
8225,-142.92305336843387
8226,-158.69564864845717
8227,-120.95097985674384
8228,-382.9403497442544
8229,-81.79476448573801
8230,16.095262169556932
8231,-266.64159170661003
8232,-67.79738952505566
8233,-308.20085983770076
8234,-243.587722500208
8235,-61.844634831313996
8236,-151.95177825705713
8237,-247.79169629639102
8238,-57.68534868325687
8239,-118.18056486654949
8240,16.36593296577982
8241,-10.212944510416222
8242,-145.30773555501202
8243,-3.5522369179881395
8244,-51.595995622434714
8245,-120.35608735271431
8246,-1.5336799750988348
8247,9.805101847923794
8248,-84.04199585264736
8249,-92.58383784762277
8250,6.957402610321225
8251,-44.04115906943998
8252,-74.60500812632708
8253,-108.95633013947952
8254,-292.0747457398957
8255,-44.60928662192997
8256,-1.0270788885308662
8257,-144.554187119402
8258,-91.84456143032186
8259,-262.4278346450959
8260,-67.09032804079973
8261,-166.84587223270807
8262,-179.87338284520104
8263,-22.59504795408614
8264,-9.011687822703635
8265,-18.355975952336664
8266,-56.06024043826628
8267,-35.04302517050823
8268,-117.80958951897425
8269,-101.83712248741897
8270,-152.0259938859533
8271,-119.99911442293705
8272,-317.52386541683813
8273,-96.13096092232766
8274,-291.67936287912516
8275,-50.738964120210454
8276,-333.54832011430807
8277,-162.11603159346316
8278,-22.097641642177194
8279,-140.28081869083502
8280,-115.14212048704536
8281,-83.009984194246
8282,-83.63995955404145
8283,-311.59394008974584
8284,-162.12379235289222
8285,-292.60907451570176
8286,-23.461016365605104
8287,-139.80602167954834
8288,-97.36506483820509
8289,-20.977784959657342
8290,-289.81432592903195
8291,-537.2582732727595
8292,9.522143227596686
8293,-267.89024960727716
8294,-197.41266320878844
8295,-112.35958690868642
8296,9.892169202459527
8297,-47.71375903984556
8298,-65.61089326713295
8299,-97.54161614314194
8300,-66.82103623496359
8301,31.946527090864947
8302,-28.619113113769828
8303,-68.55859416454543
8304,-82.44011446014296
8305,21.624286312761143
8306,-27.870546613000457
8307,27.308400381365985
8308,-181.66765041119132
8309,-154.7057276045723
8310,-303.10599478011034
8311,-178.08068544694845
8312,-83.47284868865921
8313,-15.855769303426868
8314,-102.7414687707043
8315,-0.6986221438357347
8316,-296.6170451555711
8317,-37.665728519944025
8318,-59.39041968522433
8319,6.319805225639655
8320,-71.86033718757861
8321,-169.91453605515565
8322,-69.50761703320507
8323,-90.00270838243298
8324,-20.258211567695383
8325,-82.71313612005396
8326,-51.4827579977716
8327,-45.11945981842072
8328,-78.87175395462347
8329,-173.70778690221792
8330,-46.557676446145614
8331,-76.89448340500772
8332,-58.60744603826019
8333,-74.70498052519956
8334,-65.39580781738778
8335,-27.887876063265466
8336,-87.5895049961854
8337,-22.86518354585698
8338,-169.1145912506987
8339,-29.153134783311216
8340,-65.0698474683004
8341,-31.022282171377213
8342,-43.47987369538245
8343,-41.381273905683244
8344,-60.487250989021135
8345,-312.8750690106006
8346,-330.481071446982
8347,-41.67652360997337
8348,-153.242266461099
8349,-11.560637057671869
8350,-73.31483661000408
8351,-87.75640056168686
8352,-128.94369425514836
8353,-248.7607024286008
8354,-72.41575173087656
8355,-66.93956397638249
8356,-7.330485412179357
8357,-101.02059967060043
8358,-137.79244722541983
8359,-35.33393024130967
8360,-79.19395151553485
8361,-51.215653131959485
8362,-112.17416084357377
8363,-39.99767807864576
8364,-135.97575279461844
8365,-267.565197010282
8366,-68.62334078961555
8367,-203.0108688126923
8368,-188.60648244586807
8369,-136.23651376362304
8370,-305.6046424878801
8371,-48.14125764505009
8372,-34.531552956274
8373,-55.921222125115136
8374,-122.26436013440934
8375,-150.00217684050688
8376,-65.00535691679892
8377,-320.860901370835
8378,-109.54086198932363
8379,-307.9434961118845
8380,-42.335656633352556
8381,-108.35819668722814
8382,-41.604752757287116
8383,-212.01823793294477
8384,-187.94154080088072
8385,-24.931620674441206
8386,-95.54954312986884
8387,-92.8346487538623
8388,-42.95776386356562
8389,-164.2010768618801
8390,-75.69211280617571
8391,-13.521200067820715
8392,-26.76383643323814
8393,-203.0268533055197
8394,-35.24038095992664
8395,-132.14500344056933
8396,-279.76469685485296
8397,-92.66473141706548
8398,-40.993816514231966
8399,-13.860595724747526
8400,-31.775653904068974
8401,-61.011579993386306
8402,-106.21560660406445
8403,-0.4179008040021017
8404,-163.81230373924024
8405,-12.244715963980028
8406,-62.94468174245202
8407,-132.1544783715985
8408,-312.02236024954436
8409,-476.364285685305
8410,-69.10481669142428
8411,-23.094109921670864
8412,-142.85602535776084
8413,-114.80345185323388
8414,-124.8149997751592
8415,-361.35404138749254
8416,-89.22523334093995
8417,-40.025184674260004
8418,-88.75806387383025
8419,-323.6835485393776
8420,-22.817589488827068
8421,-35.21184411139302
8422,-87.82592449766537
8423,-284.8856485424342
8424,18.84261940094764
8425,0.3111474042481035
8426,-111.95129446371251
8427,-98.02397666251076
8428,-182.66794495200833
8429,-118.62397295563531
8430,-33.814491447654305
8431,-96.05939441237547
8432,-56.158939000790156
8433,-182.28473791480283
8434,-160.46874781993728
8435,-33.22752923296815
8436,-98.68676074879461
8437,-198.04149422473807
8438,-58.463266715522735
8439,-49.16222606540618
8440,-75.61223021819778
8441,-70.77210193467977
8442,-307.19781203814784
8443,-259.30361881490114
8444,-65.80456863780574
8445,-178.16051929578137
8446,-117.92759038769344
8447,-47.18021690957343
8448,-160.62850789501175
8449,-49.717273746707136
8450,-117.35825812045816
8451,-110.70131188716019
8452,-11.964406077992237
8453,-156.295509915917
8454,-108.81681347298701
8455,-136.27734996471045
8456,-87.82884783517132
8457,-40.52288004753301
8458,-18.20901661142689
8459,-240.72632017545584
8460,-63.7298303959995
8461,-46.53826662678664
8462,-190.08064464678756
8463,-144.78099116839587
8464,-1.6440159459409358
8465,-211.79936126796724
8466,-26.077690402548
8467,-99.04540244767969
8468,-107.6305044567244
8469,-52.89355255391243
8470,-34.68178084907393
8471,-133.86688405343492
8472,-167.08641586436886
8473,3.4088977202708293
8474,-128.40443067727853
8475,-62.986016861579714
8476,37.23645145379902
8477,-35.487526514106705
8478,-144.58551864554127
8479,-173.6784862357496
8480,-14.547478129490045
8481,-1.3734451760518596
8482,-121.81233743881606
8483,-270.35178899938524
8484,-22.854707870593685
8485,-40.40566900504439
8486,-57.90206245047828
8487,-186.41644784588328
8488,-273.7280360529309
8489,-165.15486999275987
8490,-52.92153474959814
8491,-70.958950276478
8492,-321.0453047997202
8493,-33.99445556825472
8494,-273.5473192693796
8495,-124.21257689549631
8496,-202.64120563115017
8497,-2.7488297148091902
8498,-56.27940860941938
8499,-93.87939808795674
8500,-92.37265799158831
8501,3.1489813191465714
8502,-119.02593471696632
8503,-121.54713440753527
8504,-87.3613745396958
8505,1.04325563464063
8506,-300.5983703317065
8507,8.900325327129394
8508,-170.94329971168798
8509,-78.70562389443865
8510,-75.27129610208293
8511,3.4389096891498525
8512,-216.72379225608944
8513,-12.06077495032477
8514,-140.92637400499598
8515,-34.334348213759725
8516,-91.68266138827889
8517,-79.59164554361158
8518,-44.90361546772847
8519,10.91944109179397
8520,-120.11981228382805
8521,-195.3086568560855
8522,-326.08984191121635
8523,-33.720037154886
8524,-308.361124959447
8525,-183.06184511610059
8526,-295.02850530099613
8527,-163.03278408274514
8528,-114.71514754835144
8529,-18.790646495092474
8530,-17.130299958331562
8531,-28.614615062944267
8532,-257.05538978806203
8533,-37.116785805191455
8534,-328.31264733636687
8535,-94.10993774861362
8536,-95.8065089139897
8537,-329.1823379642293
8538,-100.98763343502941
8539,-320.9024734290027
8540,-16.39686726495283
8541,-304.600190399923
8542,-89.33805008775965
8543,-12.084738160476022
8544,-261.7460480882525
8545,-4.230716180349546
8546,-7.978665475986006
8547,-531.3463875838376
8548,-185.52515818276032
8549,-59.66174494302143
8550,27.869113283676697
8551,-56.66539299619886
8552,-116.97889298796521
8553,-32.823352779713716
8554,-138.05976124732638
8555,-77.0832314053149
8556,-74.96183203311865
8557,-144.56977912368149
8558,-151.54060089497574
8559,-94.81794391223708
8560,-488.0122193712201
8561,-291.1810979201703
8562,-84.17107262990721
8563,-166.1628255803717
8564,-336.01082582578687
8565,-54.32545702188875
8566,-289.56157237302045
8567,-284.74589991912427
8568,-315.6545513463716
8569,-86.06300034909404
8570,-308.089005867559
8571,-184.6385459251801
8572,-304.4377495622731
8573,-275.87831062577067
8574,-82.18034026807811
8575,-34.12292429779515
8576,-311.7558218154633
8577,-323.9611320749809
8578,-83.54710200671222
8579,-133.1809676438681
8580,37.800530155124534
8581,-298.75324706166003
8582,-519.1509013913393
8583,42.35683478708401
8584,3.734444263507072
8585,-296.89053306880646
8586,-0.056208437213769
8587,-60.18272978092361
8588,-106.47097576155247
8589,-124.95986734175148
8590,53.16572832166159
8591,-328.86284287200976
8592,-289.3384518799977
8593,57.872155225617234
8594,-69.02615586953358
8595,16.183727851867047
8596,-340.8015290794143
8597,-293.0154789091554
8598,-59.62124659114254
8599,-206.2794298645954
8600,9.349429732245454
8601,-205.54209551795967
8602,-44.00617678880532
8603,-121.0213544112767
8604,-316.37343559778515
8605,-170.82508447878035
8606,-100.58464967725062
8607,-37.21164436335803
8608,-337.3684409119718
8609,-330.5672701076678
8610,-130.6670783635259
8611,-95.3238704121809
8612,-54.383969022513085
8613,-298.41021158095964
8614,30.504988082546276
8615,-189.14647329848913
8616,-88.8496186520629
8617,-146.84684821744102
8618,-154.07917665563878
8619,-325.8589912401724
8620,-351.39129509853205
8621,-120.72347705030452
8622,-81.81375251518675
8623,13.57780415492492
8624,-22.53668908525333
8625,-305.77032825727986
8626,-295.9210659315573
8627,-166.90914229654356
8628,-22.147279470280296
8629,-65.12354773530708
8630,-32.04958224414446
8631,-316.56310621233035
8632,-97.59783279476957
8633,46.956759385761984
8634,-298.3647980382965
8635,-7.434245584528469
8636,-338.0432729072959
8637,-250.04295552962168
8638,-336.10877752452564
8639,-143.80484916434756
8640,-62.19938518943885
8641,-10.119634819156744
8642,-140.4506614621406
8643,-86.85969622033063
8644,-139.25531824019765
8645,-303.8368862990742
8646,-357.74733874140867
8647,-31.924294478364374
8648,-410.51751504284175
8649,-280.6183507393713
8650,-163.43911737127735
8651,-332.84519812203666
8652,-290.16897224416937
8653,-191.13516042569205
8654,-1.2255514281466304
8655,-27.5065833270762
8656,40.783472185616574
8657,-18.639922558761512
8658,-313.9827134128716
8659,-31.64534457266805
8660,-0.20522082083664372
8661,-139.35031348900011
8662,-53.847599021654304
8663,-45.70608720627461
8664,-127.23568523581953
8665,-101.88173684469601
8666,34.11882905703834
8667,-331.69704533334755
8668,-163.0623339452657
8669,-69.35036133958845
8670,-97.03764578013795
8671,-63.768747907463165
8672,-331.61641092774175
8673,271.48574628910944
8674,-160.65695706469953
8675,-374.6270574678845
8676,-177.76185587470957
8677,-294.34973472744485
8678,-145.6354303840873
8679,-304.2493871231318
8680,-332.3290481859586
8681,-106.07656115447296
8682,-188.35252720439118
8683,-291.6786919873671
8684,-14.304127674972989
8685,-86.66328715790806
8686,-313.21600486401564
8687,-32.00590808569795
8688,-348.57116650287304
8689,42.16533555830017
8690,-70.05728878313177
8691,26.139039011693484
8692,-27.751066460111417
8693,-247.53540948428895
8694,-35.733412690141705
8695,0.4528169479444273
8696,-113.85861569473451
8697,-179.8222988967076
8698,-330.0516282366399
8699,-164.60245286748406
8700,-63.81667256442172
8701,-93.81437255644121
8702,-25.910669326687355
8703,23.39924303970149
8704,-299.12226295788207
8705,-108.04430189075856
8706,-86.17423215959651
8707,-268.32148468698915
8708,-198.69892259087558
8709,-87.3188032585477
8710,-313.897437744732
8711,-129.11552547224403
8712,-257.729213442022
8713,-85.36598614043723
8714,-295.6292056292018
8715,-379.6024177622696
8716,-25.17332811629231
8717,-348.2043027407874
8718,-92.81489781662242
8719,-55.04055676700507
8720,-327.56301156956545
8721,-124.0072403897596
8722,-99.04168833515084
8723,-325.0351902230714
8724,-348.66215666656973
8725,-310.719886229842
8726,-6.314314851657301
8727,-111.8376507267787
8728,-54.435593263693434
8729,18.651283419240016
8730,-13.153558540833657
8731,-326.3963769652679
8732,-123.60729612033079
8733,-104.71606102721458
8734,-56.48598239031689
8735,-12.293765794122223
8736,-144.05121124411266
8737,-43.2741746223365
8738,-244.36812895026554
8739,-23.757993071938614
8740,-311.5465630222451
8741,-270.31859462351247
8742,-294.96460513022896
8743,-118.98117706428178
8744,-21.34102121811287
8745,-36.337233922117164
8746,-271.42346449327283
8747,-305.8859810759889
8748,-297.33464093002516
8749,-103.2555698422778
8750,-75.6918842024152
8751,-23.594221294352593
8752,-191.4269154387856
8753,-70.12479186921081
8754,-47.69590895359954
8755,-120.83072137398538
8756,37.35602330286696
8757,-329.15312641236676
8758,-137.70440257422516
8759,-69.92115904469583
8760,-245.97763577364776
8761,-299.94030477343733
8762,-75.47360647653251
8763,-58.415591124110364
8764,-319.0699661855489
8765,-5.9500774003017085
8766,-230.73656329096076
8767,7.456002530716361
8768,-258.79562126922883
8769,-63.6624464465832
8770,-100.60342532981852
8771,-102.8122943564003
8772,-269.27323522663755
8773,16.745904097655398
8774,-84.99973305423971
8775,-338.0121655243373
8776,-303.65805063268476
8777,-307.03094472811046
8778,-315.1124045422912
8779,-176.16677956716651
8780,-220.30581042250384
8781,-37.01604230963835
8782,-22.42711344023722
8783,-72.12748222128897
8784,-0.9326681065213052
8785,203.3564969984447
8786,-175.14136407626648
8787,-316.5286784943912
8788,15.436537673507942
8789,-29.2647477374191
8790,-165.15154025666106
8791,-112.3652115225121
8792,-49.86583196855102
8793,33.864353179419766
8794,-33.066044097291
8795,-590.3205118229189
8796,21.005717722281545
8797,-312.94811284423236
8798,-298.64981356050055
8799,-88.85059993167165
8800,-38.86261644288959
8801,-180.3064792874814
8802,-327.593939569779
8803,-36.72881308502093
8804,-428.1344087481722
8805,-295.83982888203616
8806,-178.23270573850237
8807,-236.21525051621305
8808,-35.61747851307905
8809,-332.06813120235745
8810,-39.652774607491665
8811,-322.94313037321064
8812,-31.537086519381575
8813,-136.419519924682
8814,-82.79145198661863
8815,-173.37341392875496
8816,-96.0793288916673
8817,-149.77337753682525
8818,-23.02363189324197
8819,-418.9561628997697
8820,-114.42852856784113
8821,-318.8890383731755
8822,-26.571224054608038
8823,-54.299332065014084
8824,-331.81419710520356
8825,-40.136137648912964
8826,-1.9279004247048732
8827,-154.5537872922419
8828,-116.9025172510778
8829,-22.385573900921045
8830,-77.30738771865882
8831,-325.1152537258589
8832,-122.4288035039358
8833,-70.7604329889845
8834,-74.72237409937462
8835,-157.26245308888915
8836,-102.03258500507177
8837,-137.5511067876754
8838,-8.099594195741957
8839,-244.40975691671477
8840,-218.3829237398693
8841,-111.40421747336973
8842,-113.66020375349163
8843,-139.62642852026192
8844,-145.2849349148933
8845,-127.80322300102955
8846,-318.0794365333701
8847,-404.06102379114026
8848,-64.25517524271234
8849,-53.528161532359825
8850,-112.52300954296172
8851,-97.52005756175014
8852,-103.06924991251799
8853,-45.01281795568039
8854,-448.5990426502391
8855,-145.6445379580357
8856,-218.75614044513745
8857,-17.81562078366092
8858,-172.4049349272545
8859,-187.96302290039876
8860,-179.68400340073805
8861,-99.57378173430075
8862,-62.15425451770743
8863,-12.58807950008918
8864,-318.08648085103664
8865,-92.45791946201358
8866,-7.134334395843851
8867,-86.21261043379907
8868,-180.86035232474046
8869,-8.765490371957995
8870,-490.87692198273635
8871,-378.6442382773376
8872,-17.6885131343998
8873,14.275418352474759
8874,-210.91507726516264
8875,33.79888091154706
8876,8.114477796363289
8877,-188.38066511793903
8878,-300.4260319391241
8879,-245.2320102532664
8880,-113.34204522339857
8881,-34.552506417102705
8882,-159.61212255872968
8883,-304.8131282421282
8884,-29.980723979823992
8885,-96.13237254181517
8886,-297.44330388101116
8887,-27.733261073185332
8888,-464.7908346633547
8889,-84.9423473048877
8890,-289.723161878774
8891,-4.717985874187008
8892,-122.02594027607759
8893,-293.0786332322738
8894,-305.4747487805016
8895,-69.73960366838533
8896,-289.4274467917623
8897,-94.3425282632898
8898,-83.11297341132754
8899,-85.70312096609125
8900,-208.36911128673052
8901,-157.11188553259103
8902,-20.638693992289262
8903,-313.3327127385629
8904,-210.9105985445742
8905,-52.01707843728745
8906,-25.484281945447606
8907,-207.2134175609326
8908,-24.518022537684416
8909,-54.05496297489886
8910,-278.4835028497288
8911,-122.9731857443567
8912,-36.81370905209589
8913,-83.41140991290558
8914,-166.27163666276397
8915,-176.88873231279547
8916,-98.50354381308533
8917,-142.55288974278614
8918,-39.357530660122535
8919,-35.627051897983264
8920,-32.28902279985782
8921,-166.13558264024005
8922,-8.814442654999468
8923,-79.5942844175352
8924,-46.28848783139237
8925,-71.57197029523033
8926,-277.5005326920126
8927,-58.58313384210044
8928,-137.13371622750336
8929,-42.354366466083306
8930,34.72634294391946
8931,-50.469835539454415
8932,-275.58578803941145
8933,-36.05083859079082
8934,-117.77994198258726
8935,-194.43152778877277
8936,-49.83230352931875
8937,-77.76783027929125
8938,-68.86266964643258
8939,-60.49208868427221
8940,-188.61137302028527
8941,-167.646734894221
8942,-147.7804381833039
8943,-102.27911075483601
8944,-98.58849145268213
8945,-75.669734698864
8946,-309.0509941954573
8947,-137.153286158887
8948,-3.716035692338977
8949,-62.355169044374634
8950,18.148771988577693
8951,-10.89964778855476
8952,-6.428032853337172
8953,-292.81754475208976
8954,-38.24424941737294
8955,-363.97107674140665
8956,-153.36351881324416
8957,-10.988554251877233
8958,-185.03194153654545
8959,-101.93449643420172
8960,-55.679832571763
8961,-76.87865679828064
8962,-122.80184305892114
8963,-174.63623306898944
8964,-142.76903600492392
8965,-72.75961676698515
8966,-177.3246052938374
8967,-139.6079749692456
8968,-78.48433384875965
8969,-140.3571782085538
8970,13.839048516316751
8971,-197.57064694278483
8972,-126.42393516968579
8973,-76.79868554451144
8974,-8.89568240110468
8975,-18.37480264400253
8976,-138.54082741225017
8977,18.037443009237307
8978,-102.80952447982138
8979,-106.03240969671846
8980,-23.582244060009444
8981,-170.81672734681467
8982,-90.91110355613819
8983,26.805471858311392
8984,-162.505153440828
8985,-11.359177769681423
8986,-10.314288671865413
8987,-65.54962422140764
8988,-26.128468104542364
8989,-29.591307799032677
8990,-21.9171389685053
8991,-297.3374712401586
8992,-27.922470956347098
8993,-140.40985358601478
8994,-27.157847970175638
8995,-256.79707290791566
8996,-122.48714289257522
8997,-125.72482768122319
8998,-315.17199649394973
8999,-308.641448455688
9000,-255.35697524836945
9001,-12.011398703437607
9002,-105.44054700069394
9003,-30.415298514106638
9004,-146.76611111227197
9005,-162.78291164727193
9006,-168.96612930541886
9007,-10.605087876529637
9008,-135.24966629920206
9009,-299.6552700381541
9010,-44.51704247126003
9011,-76.26333529788309
9012,-89.27405165899933
9013,-214.88542207830972
9014,-24.333364457313422
9015,-61.53233088666484
9016,-198.81002650666437
9017,-142.39481305374335
9018,-91.32549728595045
9019,-13.366661981556234
9020,-29.164305045900477
9021,-125.50679268845607
9022,-202.45386910465146
9023,-274.83616234911443
9024,-44.52719397252143
9025,-18.655074247894845
9026,-115.48066901172379
9027,-66.4729924156479
9028,-2.7550656836709493
9029,-139.86063241829433
9030,-83.94724924601542
9031,-145.9467757326643
9032,-100.39056654217686
9033,-116.46630771672089
9034,-162.60455568387653
9035,-118.95578628903738
9036,-238.12819826119724
9037,-63.14312716557414
9038,-37.37861181838315
9039,-6.324471625466302
9040,-222.27220636979706
9041,-218.58273775252297
9042,-161.12471035030302
9043,-489.51966076357235
9044,-88.64473966405922
9045,-159.15399400041696
9046,-54.11282103687647
9047,-109.04576040184446
9048,-243.74584345674162
9049,-106.15806418981055
9050,-90.76023466679206
9051,-91.17579784527044
9052,-20.26266625503689
9053,-110.75012162428756
9054,-107.1744900204749
9055,-95.45721052386466
9056,-208.4251485768886
9057,-158.54180224484955
9058,-124.35727845016122
9059,-126.75808371420891
9060,-191.24254877639288
9061,-138.93415686592826
9062,16.35976995503762
9063,-42.73528773883912
9064,-33.6777923494346
9065,-353.0058017321113
9066,-80.79530878629495
9067,-17.965392989317948
9068,-180.7842285069421
9069,-204.01785371971923
9070,-44.70655977799255
9071,-327.35585504281414
9072,-119.78636472554113
9073,-119.44552222025865
9074,-49.15171435586622
9075,-115.11610457104271
9076,-69.6636143564711
9077,0.033002850689214824
9078,-116.94310599873289
9079,-33.0038586617065
9080,-23.132760877316557
9081,-250.9977408819419
9082,-81.59459126385804
9083,-48.25467695045294
9084,-74.1037974429739
9085,-0.3458131432199423
9086,-149.33631685400502
9087,-174.5655572924972
9088,-85.84857293760535
9089,-68.5406497315606
9090,-73.6914155416154
9091,-113.83699025937183
9092,-54.84896098620969
9093,-161.23129081971993
9094,-311.9613382689304
9095,-116.58423730786241
9096,-38.856319929709926
9097,-106.30996909439573
9098,-153.85119068168086
9099,-64.20616295226452
9100,-74.78883864217713
9101,-40.91636477028153
9102,-47.173117918907444
9103,-34.09874472098433
9104,-97.76766657680182
9105,-57.01355277685618
9106,-60.52473377106173
9107,-177.95417030258915
9108,-20.89412248849831
9109,-80.49365574451149
9110,-62.713923307395504
9111,-57.87777078371237
9112,-72.91920101560049
9113,-79.04168345128383
9114,-23.567803431130258
9115,-130.0973735992376
9116,-147.70361769733614
9117,-178.01225027221653
9118,-36.73371336828143
9119,-65.66599232966462
9120,-92.08018196820193
9121,-89.79640667898506
9122,-46.05710077589883
9123,44.95522073471878
9124,-55.06189612950273
9125,-101.29216899830303
9126,-21.82210183361508
9127,-108.4622016298956
9128,-160.71972740059286
9129,-42.247558973743324
9130,-170.80442435762575
9131,-51.432465912243465
9132,-25.5441195803501
9133,-133.25293964020514
9134,-234.98144827183802
9135,-118.52917232176665
9136,-147.08172488254283
9137,-50.038370935507416
9138,-114.11104596282081
9139,-49.70062561185763
9140,-143.44102342819826
9141,-95.0434241180836
9142,-101.19970432696118
9143,-123.08341509579348
9144,-124.82929627955768
9145,-86.58297717953896
9146,-141.88893356094854
9147,-72.88121420546491
9148,-61.635043964287355
9149,-88.1344256591176
9150,-50.14617613990741
9151,-104.54819652922782
9152,-19.06039567566252
9153,-96.34520540418409
9154,-81.00656762261923
9155,-108.65476982148986
9156,-135.33302254640887
9157,-108.80021651362067
9158,-142.89726823055602
9159,-15.919781680478863
9160,-3.645825582160896
9161,-33.554175223366144
9162,-213.16881362507064
9163,1.9978789829079346
9164,-133.38531334368776
9165,-79.48155881383387
9166,-152.6283490200644
9167,-70.18525181749102
9168,-179.0446852421755
9169,-160.56667434124557
9170,-160.05778362770272
9171,-36.9189999469792
9172,-33.18777193773299
9173,-77.19039890491405
9174,-28.666581300950924
9175,-29.55684881033443
9176,6.138865082631625
9177,-165.82567022264158
9178,0.7411159484009175
9179,-15.263570327287155
9180,-159.6851197616701
9181,-104.8994452093245
9182,-162.66232941715847
9183,42.417679978318006
9184,-75.91896182749885
9185,-24.46656508925429
9186,-159.944442878224
9187,-47.87418502533504
9188,-167.23435280578374
9189,-63.47480961084226
9190,-163.52916628290677
9191,-60.31765837564757
9192,-170.77744882256593
9193,-100.90657076510868
9194,-22.560851835870736
9195,-23.975718877038304
9196,6.151892825926467
9197,-116.631540444568
9198,-76.71350921396137
9199,-153.85575229252257
9200,-40.6864727787036
9201,-239.51733329151307
9202,-77.97010073817032
9203,34.258589487678535
9204,-45.300637511493036
9205,-88.18010752737337
9206,-48.03746127799796
9207,-51.57170222610699
9208,-122.31580764469766
9209,-52.49488009880126
9210,-23.868049317401443
9211,-19.05754515951618
9212,-193.10456583312288
9213,-91.6805352576298
9214,-146.70894902416853
9215,-159.75188743007726
9216,-51.598062814618004
9217,-49.41403420000897
9218,-207.46404955799585
9219,-23.410610279327102
9220,-58.553190396356015
9221,-221.49795740545238
9222,-132.8545488176507
9223,-253.26410333082512
9224,-137.76854731792832
9225,-119.80455898247303
9226,-173.51076735218504
9227,-133.9233751433389
9228,-110.58267538138308
9229,-168.53801339447256
9230,-108.42102236746891
9231,-111.20203141034042
9232,-56.55516729402389
9233,-201.61571734540297
9234,-122.71545303594615
9235,-171.25464908764064
9236,-164.9922127332228
9237,-133.26234070692234
9238,-172.0754234142773
9239,-103.35147620223823
9240,33.386487488269864
9241,-36.41650159729885
9242,-13.776355472281494
9243,-137.4445466742756
9244,-131.8115688010748
9245,-48.05409821092444
9246,-77.72280017196286
9247,-166.96091019034063
9248,-101.92679545402581
9249,-172.81847571217207
9250,-87.48284622863729
9251,-80.09524042992842
9252,-168.04091756887829
9253,-127.97844284925566
9254,-81.70554918471254
9255,-66.78243995480219
9256,-114.08410045521032
9257,-32.43397607377088
9258,-156.41778809458665
9259,-99.93706298938886
9260,-134.3766302741182
9261,-132.2164263050785
9262,-122.02647634935587
9263,-98.57678581397612
9264,-112.30032800641655
9265,-140.09490163923584
9266,-121.69154866058307
9267,-106.05737414688467
9268,-157.1529345226537
9269,-95.16061207687783
9270,-108.92982952227167
9271,-35.48889524305419
9272,-108.2576888299701
9273,-78.86490772916763
9274,-179.1854027981259
9275,-56.230234033468975
9276,-86.74066803378157
9277,-94.76523012183424
9278,-101.7798558128732
9279,-146.47960166969216
9280,-74.1827173602371
9281,-332.963687010929
9282,-68.1751283474503
9283,-110.4522229623885
9284,-45.41759663628481
9285,-113.71564371070235
9286,-34.40209867388619
9287,-99.1990642686532
9288,-138.00360371093478
9289,-154.46226551344355
9290,-7.61510983251523
9291,-123.30341249370485
9292,-222.0529819061053
9293,-137.6972246845354
9294,-88.54413400387101
9295,-96.86202285241144
9296,-88.06245502659819
9297,-56.027886694733695
9298,-131.94977561903482
9299,18.371157503099255
9300,-99.52508363622849
9301,-183.7740084435889
9302,-161.69577711911495
9303,-181.9727520391067
9304,-109.5947763900896
9305,-113.62545231291297
9306,-152.03062066773117
9307,-122.43270641493751
9308,-152.08216346913815
9309,-97.1331334491083
9310,-83.17202654845747
9311,-160.4589356652426
9312,-145.45315311704715
9313,-147.67328003204472
9314,-94.49781791414802
9315,-157.83831789375387
9316,-77.62785542861425
9317,-133.59579652041768
9318,-103.29151631092859
9319,-98.53052489984293
9320,-146.7738607593488
9321,-163.51253603157778
9322,-94.37391691154866
9323,-144.3232934039415
9324,-129.76459461968506
9325,-140.7808440897365
9326,-145.98161099797528
9327,-110.55168204473485
9328,-140.45318546885633
9329,-269.0933288701571
9330,-138.22948173690685
9331,22.552978051559393
9332,-62.91238333216566
9333,-127.37668700365404
9334,-119.61404995158293
9335,-14.19520364502263
9336,-116.60280851511949
9337,-144.4661996248695
9338,-169.91380421141292
9339,-143.63862388511828
9340,-88.67935207288836
9341,-161.40020527927595
9342,-137.26462623267525
9343,-165.06677447075486
9344,-99.58727081288401
9345,-170.56641437087882
9346,-56.631727595091455
9347,-24.377023329160266
9348,20.882803290042418
9349,-203.06313597115027
9350,-49.311060581965336
9351,-119.90757038710599
9352,-180.6785058845793
9353,-113.88225246757054
9354,-180.3131064184385
9355,-119.39048300364135
9356,-95.56502089157536
9357,-129.73745186296156
9358,-89.21352324453787
9359,-165.4814224686226
9360,-60.92784263701481
9361,-106.20254387976163
9362,-82.53162915663655
9363,-67.0475476029404
9364,-117.79063274729887
9365,-166.35832304925628
9366,-89.02610086587731
9367,-152.70174516243867
9368,-120.94220184528032
9369,-143.6263997949454
9370,-101.96066128653969
9371,-86.59598245987762
9372,48.357140206280974
9373,38.00863719797448
9374,-151.293250904936
9375,-66.29096251808592
9376,-93.78750292496841
9377,-33.411572206760724
9378,-93.02801652602129
9379,-91.24091939938742
9380,-72.07818365225202
9381,-88.5578967871604
9382,-76.3832039464524
9383,-69.56929156177647
9384,-155.10754697645962
9385,-104.37650580987119
9386,-68.18908906677882
9387,9.119731111279236
9388,-88.7542256603791
9389,-43.518115599888404
9390,-125.3638213680102
9391,-174.4466844939281
9392,-68.27589899647266
9393,-59.49651438822649
9394,-138.222680878088
9395,-91.17394362871259
9396,-175.6983759120726
9397,-89.26049860769608
9398,-66.77458265962768
9399,-98.1720356423152
9400,-77.92281624085763
9401,-102.60299763114864
9402,-196.89452791782074
9403,-332.47580498495944
9404,-121.11745969601562
9405,-100.95360198902343
9406,-148.88259846732473
9407,-52.568457357831264
9408,-101.4956840234128
9409,-172.9726517445054
9410,-64.91069209222583
9411,-143.16818413981895
9412,-171.9069465498518
9413,-146.2264850674453
9414,-172.1020335250019
9415,-37.254924288083686
9416,-127.66771093096678
9417,-22.78323346221414
9418,30.831742179059347
9419,-171.54765464167298
9420,-275.93117507756926
9421,-176.99247685548758
9422,-0.8172538936472051
9423,45.30957993217672
9424,-147.69668568147273
9425,-74.30090508410287
9426,-29.496960054742317
9427,-103.65414852202342
9428,-95.84986967554727
9429,-107.27588569317088
9430,-107.48822557542259
9431,-33.826531352912625
9432,-87.12869719241137
9433,-118.8776529953096
9434,-51.17248513322912
9435,-58.15985465670371
9436,42.489508030901845
9437,-132.8146271750246
9438,-83.75115458352172
9439,-184.7778968748147
9440,-258.5197210093954
9441,-33.48412611842882
9442,-89.62874811961325
9443,-134.8079594384513
9444,-88.17163659779546
9445,-71.08224861666844
9446,3.608143244884829
9447,-131.6800523709288
9448,-90.36525068651176
9449,-69.73744179171638
9450,-76.52393521269573
9451,-156.95025082184117
9452,-126.64808728531482
9453,-173.1785117669421
9454,-68.94791168322129
9455,-68.44170026004954
9456,-98.68608424888842
9457,-166.01006536328512
9458,-194.68069267992087
9459,-152.55638055343874
9460,-53.42310190200264
9461,-181.54816830714415
9462,-71.58202018537204
9463,-175.66256775067444
9464,-34.05380691972702
9465,-66.0510252729597
9466,-63.61441084464806
9467,-48.90613496997368
9468,-67.46936671281023
9469,-10.64548455765636
9470,-220.06359486872276
9471,-141.90541054720177
9472,-100.25944639460664
9473,-4.618908790987092
9474,-75.57560129881278
9475,-160.80584736700433
9476,-43.20151894540348
9477,-156.15422170876434
9478,-135.33931490290473
9479,-107.34268121569909
9480,-95.13228877671024
9481,-198.73482774528296
9482,-120.92593208197438
9483,-62.25753875414603
9484,-176.59213194968885
9485,-52.59074693976761
9486,-159.36202580922367
9487,-34.56562857935778
9488,-70.69041356928548
9489,-169.15086193389695
9490,-54.98692121000295
9491,-98.02890029093226
9492,-98.44033381909797
9493,-148.69340201918772
9494,-171.51606851663274
9495,-147.09409897581062
9496,-47.22118890553585
9497,-35.637533509113794
9498,-84.96134041827807
9499,-50.90684162407672
9500,-27.66214323589594
9501,-127.60635824803127
9502,-49.56153010697864
9503,-138.13032149301836
9504,-150.7043160731933
9505,-108.50417896817777
9506,-35.9324050769026
9507,-76.96625979366615
9508,-174.01391017512276
9509,-140.1978204346607
9510,-93.17854431741472
9511,-38.835843795582086
9512,-202.78403875185967
9513,-25.127664201694742
9514,-78.78327063685543
9515,-320.92539344681654
9516,-82.73250613724926
9517,-28.98783307122676
9518,-50.64679066187818
9519,-61.30876081124458
9520,-20.38926026551202
9521,-89.50947119015281
9522,-157.60006759538402
9523,-73.37321378774266
9524,-35.999929533433345
9525,-151.19565429232307
9526,-75.10750623582743
9527,-218.73727149808377
9528,-108.92175618662847
9529,-123.47343530290871
9530,-56.67634030062154
9531,-44.266923812730965
9532,-24.21396078337719
9533,-86.36597164185477
9534,-128.8654216717061
9535,-141.57905987144565
9536,-151.81035332350874
9537,-94.53019087162177
9538,-5.4357042874728165
9539,-107.29816033238284
9540,-106.29095716559577
9541,-189.20767691269322
9542,-68.0130583800773
9543,-118.14411471667117
9544,-290.59907291713324
9545,-36.02340072623923
9546,-48.073266675841445
9547,-290.90789015021966
9548,-138.54555663202342
9549,-201.99465987789245
9550,-1.126522280674294
9551,-146.071302335459
9552,-98.95512225223308
9553,-47.425663546759495
9554,-84.00204623899621
9555,-80.22960293388658
9556,-112.92416872145716
9557,-8.27890458264244
9558,-70.78275709964534
9559,-136.19793940541103
9560,-35.69250141374749
9561,-39.32224697241833
9562,-149.2074576660147
9563,-186.23089491900328
9564,-97.05612597934493
9565,19.94396092491317
9566,-91.90941735432439
9567,31.08147432008255
9568,-100.2938914748141
9569,-190.45446517943756
9570,-140.51921094618632
9571,15.712185436704743
9572,-34.47811024414884
9573,4.29338879099646
9574,-50.07070175230163
9575,15.811634397820953
9576,-112.59485839105118
9577,-106.1075415363986
9578,-143.59463081133785
9579,-138.39380978715047
9580,-25.252615521603204
9581,-0.2684745668837394
9582,-62.695760653263335
9583,-43.510879390364344
9584,-3.6968833774750607
9585,-271.08286800323367
9586,-32.82448591978853
9587,4.109451817124977
9588,-154.32158906698197
9589,-107.126188009642
9590,-96.49695441022314
9591,-131.13715745591412
9592,-301.45039699182666
9593,-249.5524859325259
9594,-42.685464383556535
9595,-49.22972105245438
9596,-112.84479338115621
9597,-10.836751310613067
9598,-44.31847244330251
9599,-57.65522775807673
9600,-44.5373834190553
9601,-238.60600289750846
9602,-262.8340848407848
9603,-274.97631075870333
9604,-114.0936616736439
9605,6.033258276364805
9606,-181.52287663669614
9607,-207.18511121187106
9608,28.630212108625557
9609,-223.17336271745523
9610,-441.58177304799756
9611,43.99413451939387
9612,-143.9592478533176
9613,-10.37476771380625
9614,-145.84587231372961
9615,-168.89486536859184
9616,43.156418702619504
9617,-147.34588997791195
9618,-181.4313569418821
9619,37.17770955389935
9620,-64.91190456175866
9621,-294.7023808653073
9622,-44.641154967366006
9623,-12.769695632422838
9624,-304.0887280737917
9625,-12.11605310914473
9626,-267.2948777662166
9627,-130.12112356265814
9628,-27.94722741577864
9629,-113.27387821412145
9630,-135.85263054330403
9631,-197.055373401767
9632,-254.29680613715504
9633,-5.805517242718281
9634,-28.365964454265367
9635,-14.646907888291707
9636,-4.135453234677911
9637,-55.177328904685325
9638,-74.37521419795424
9639,-151.53983205669354
9640,-73.22910574421323
9641,-165.04342757957417
9642,-24.904363601876867
9643,-127.84518079230969
9644,-57.59873416409981
9645,-163.15298865766025
9646,-101.23779052670204
9647,-49.11014918319468
9648,-80.49342424969603
9649,-78.37883774919148
9650,-1.562540269465444
9651,-84.46531918430753
9652,-338.31432230515895
9653,-128.67575237058185
9654,-127.36739609990556
9655,-98.28573253978229
9656,-199.4863544066199
9657,-245.03588020965873
9658,-162.601817499123
9659,-173.28415421084253
9660,-136.7108294763737
9661,4.073276463437921
9662,-214.4842931347838
9663,-110.93527879472853
9664,-75.41958678820802
9665,-224.63247578732836
9666,-40.25781987666211
9667,-151.39224297243828
9668,-42.39218953457919
9669,-130.46005089727848
9670,-158.24403594710805
9671,-185.1741170060306
9672,-118.83348443864028
9673,-221.95218329754022
9674,-28.427954252774768
9675,-26.43663722429207
9676,-88.24205086086432
9677,-136.81285304762224
9678,-68.35728443435569
9679,-140.06312267662153
9680,-99.57227943073788
9681,-59.41941481107219
9682,-269.6598786370099
9683,-39.968558879922426
9684,-58.395425489100056
9685,-4.720092545486835
9686,-112.80944788958386
9687,-45.33143210076594
9688,-89.94732317912826
9689,43.65605803935088
9690,-96.86285534825969
9691,-201.83994151585944
9692,-18.415560993466556
9693,9.165608951154738
9694,-64.57778493860648
9695,-16.694000644177947
9696,-335.7678996161219
9697,-77.11639550549506
9698,27.46745650745072
9699,-66.00107283879697
9700,-108.95795576621028
9701,-150.91854212254154
9702,-161.00049142220314
9703,-82.51892677502073
9704,-3.2180894561408877
9705,-18.604406269690216
9706,-38.77744490210726
9707,-22.20661298740093
9708,-307.6321188217359
9709,-150.5573345001176
9710,-2.016512523782694
9711,-104.68316913104434
9712,-86.30455104229608
9713,-55.13628431187066
9714,-100.01239973472546
9715,-57.17180342559966
9716,-15.002684565729822
9717,-58.595943951772774
9718,-171.4157684227344
9719,-76.821219114928
9720,-64.13808568681577
9721,-99.68470430136222
9722,-57.9443522815524
9723,-130.91953959792193
9724,-124.67297204850482
9725,-115.44387797693781
9726,-54.91770465344928
9727,-100.10960447602265
9728,-14.975849615011782
9729,17.192198818901133
9730,-174.4865359977456
9731,-89.35787579551031
9732,-139.36015794603475
9733,-63.994989335965634
9734,-135.94997694012974
9735,-64.02702519337402
9736,-90.17326249650642
9737,-100.97014507129201
9738,-40.72973070484042
9739,-167.62533197936781
9740,-8.046140657385749
9741,-128.15815889375455
9742,-24.76972515884873
9743,-52.3083267259706
9744,12.152538698361482
9745,-133.04501870611602
9746,-107.47341636787063
9747,-119.2747620558905
9748,-4.444710305155056
9749,-107.5739183206099
9750,-150.3050600048076
9751,-66.1252611722353
9752,2.5133963161861033
9753,-107.55805328558324
9754,-9.454050319718775
9755,-126.25153432870268
9756,-40.3320546362544
9757,-146.82788098469132
9758,-90.26355912554102
9759,-8.232897015530327
9760,-243.01045345969055
9761,-54.36744207947009
9762,-47.210888636050356
9763,-24.841885512473127
9764,26.732609239723573
9765,-105.63042294329726
9766,-32.990414117639574
9767,-24.21003355225791
9768,12.287635712242093
9769,-121.34241443592265
9770,-0.4115734096876622
9771,-199.2294534758985
9772,-77.24154254956184
9773,-154.0801165258591
9774,-176.30733005432364
9775,-61.10601645915604
9776,-36.22865004774452
9777,-141.87324648760193
9778,5.719314696649533
9779,-115.10642944194572
9780,3.565863989231815
9781,-29.399060671849327
9782,-18.009339757624247
9783,10.940694569449136
9784,-84.55580018420868
9785,-151.72673339244005
9786,-147.88243363918397
9787,-71.79374342066858
9788,-96.78742753741136
9789,-99.01371420124657
9790,-0.6362102243888046
9791,-96.78930939660877
9792,-92.562650472581
9793,-105.63821455411579
9794,-12.290079673650695
9795,-77.16885137215212
9796,-173.39737270678603
9797,-119.55487030095874
9798,10.16334575110649
9799,-132.9723730581179
9800,-307.63198426369553
9801,-35.934515767155276
9802,-98.13676769149171
9803,-323.4683037577754
9804,-119.80339584005908
9805,-306.01278553039833
9806,-3.2086751751839273
9807,-85.26807015618164
9808,-74.70680745564496
9809,-74.04500363494726
9810,-85.90838688375544
9811,-108.3909001557273
9812,-162.9625395836827
9813,-154.9264687675485
9814,-139.21431098430975
9815,-82.29301419186083
9816,-198.8610465021079
9817,-38.100630766186335
9818,-114.37500758644197
9819,-12.343835816491946
9820,-199.78051972343934
9821,-125.92849400766042
9822,-7.112544631842098
9823,-106.74798135663173
9824,-65.44897856528902
9825,-17.36079689749255
9826,-89.9310185788808
9827,-38.81770320798175
9828,-114.76006916666836
9829,-77.2628633674249
9830,-88.59894810672309
9831,-49.650612252063866
9832,-278.5671567808364
9833,-47.68290044815991
9834,-85.08233064597965
9835,-262.0122538138943
9836,-148.2916015272014
9837,-149.87849361674586
9838,-52.13989360296314
9839,-2.267379431530813
9840,-32.144029769335376
9841,-110.80203390111794
9842,-75.83699329544123
9843,-45.40134029194717
9844,-94.77409901450874
9845,-40.54037395405722
9846,-144.29124598979416
9847,-101.22238060586105
9848,-179.46966618555643
9849,-158.63598528016308
9850,-53.87170179675878
9851,-129.77627286595506
9852,-164.78578561810238
9853,-161.44901243269356
9854,-106.69239576282273
9855,-58.09568365499369
9856,-148.67278155683022
9857,-3.5908224903144657
9858,-167.48434538184145
9859,-167.4612826345258
9860,-21.63821663553452
9861,-34.5233257676736
9862,-83.66731632308107
9863,-34.50563530202491
9864,-37.018679488931426
9865,-156.95255587631462
9866,-112.3487271755823
9867,-123.15768648638894
9868,-105.1985205204122
9869,-38.38684849958376
9870,6.134856417726766
9871,-12.070008585755573
9872,-94.2196697908085
9873,-44.22529716173385
9874,0.7901399214222096
9875,-38.88019360833265
9876,-51.28617123058142
9877,-128.39400494386186
9878,-21.914217191089207
9879,-142.19841019940276
9880,-16.38999135253775
9881,-142.6857393936197
9882,-3.274018591528133
9883,-168.96623306653925
9884,-167.49176122772303
9885,13.404850956890414
9886,-115.48533871603779
9887,-99.3601684891963
9888,-62.38890614714615
9889,-5.91317992004636
9890,-153.00867593263223
9891,-71.22197175903557
9892,-11.095321333936027
9893,28.194011368676968
9894,-152.57746476062778
9895,-74.68396197558451
9896,-156.33945326130927
9897,-212.28600637234854
9898,-29.847966974608326
9899,-41.85525781428201
9900,-78.03122240004483
9901,-88.96845263714356
9902,-131.47147729086706
9903,-150.50793158659647
9904,-31.58592173825359
9905,-130.32111407123375
9906,-68.0796862372836
9907,-71.26369504741422
9908,-77.41174069506054
9909,-152.9794000456363
9910,-55.81614787809582
9911,-128.42610268916093
9912,-22.29695415012651
9913,-191.73965839405338
9914,-4.68683896770375
9915,-2.425102770992737
9916,-33.674347397343084
9917,-184.35045080253693
9918,-77.58974225417478
9919,-113.837646393637
9920,-88.86893466400508
9921,-22.888812581601357
9922,-83.74850557912305
9923,-300.5431664245785
9924,-162.75249239091883
9925,-306.9531518194059
9926,-103.27231269759449
9927,-4.488609414355253
9928,-35.55170095387673
9929,-96.11893682109788
9930,-81.513604799294
9931,-92.50100268039898
9932,21.000603678421356
9933,-89.42471447356294
9934,-28.612794809676288
9935,18.656995102138765
9936,-65.99905930857395
9937,-159.02875419795987
9938,-48.44225715374202
9939,-97.93024427003898
9940,-190.5593766820345
9941,-80.4928518711568
9942,-89.18833414860111
9943,-18.13124378283547
9944,-156.9259414723216
9945,-167.81999781575297
9946,-141.92100799873162
9947,-105.85086280735818
9948,-34.27197985365642
9949,-59.253382458886364
9950,41.32617334079333
9951,-53.55340475085559
9952,-130.27643614786325
9953,-156.86602765187652
9954,-135.15512733895977
9955,-54.66117380063433
9956,-70.67113292588013
9957,-182.45420478481614
9958,-78.89173265870991
9959,-24.217193769101883
9960,-119.80727011933038
9961,14.315320197702121
9962,-53.359030581369794
9963,-85.4290528306172
9964,-58.71118360388695
9965,-49.08420006995847
9966,-141.95383805085083
9967,-17.638487408941344
9968,-87.82573007373536
9969,-110.15331348317925
9970,-110.16491568315776
9971,-140.74773067773197
9972,-123.37635026586227
9973,-138.02618000156684
9974,-9.264078555849167
9975,-21.661143015420265
9976,-82.615296377447
9977,-104.52729174211295
9978,-41.313804236296974
9979,-19.442051585961437
9980,-161.26316564117826
9981,-124.71174356443585
9982,-176.38815536173928
9983,-65.67006505773566
9984,-13.923616813052519
9985,-86.83502549177393
9986,-60.460173076009816
9987,-45.53994197365736
9988,-24.58855184991515
9989,-8.783127942313541
9990,-3.308751105371158
9991,-159.81261357474074
9992,25.010518885162497
9993,-142.68055504628413
9994,-11.6489788409271
9995,-143.03305542094301
9996,-75.83136515118143
9997,-4.488508717908701
9998,-324.79075185790083
9999,-67.86111637846611
10000,-98.81188285527098
10001,-35.21377429299548
10002,-143.60715712689313
10003,-48.255358021486586
10004,-48.5419012530911
10005,-28.09720171316023
10006,-146.14979510886423
10007,-173.08837637659104
10008,-5.422696204021932
10009,-24.27995501302216
10010,-36.07156505578422
10011,-71.65734823478013
10012,-10.735110531807436
10013,-8.022922490460047
10014,-111.60018206165107
10015,-31.7802297839104
10016,-89.22305715876026
10017,-74.13229093141139
10018,-11.637678015244518
10019,-121.41904215463006
10020,-37.862567868218974
10021,-48.98361590136055
10022,-63.85577034837491
10023,-201.21623769790344
10024,-134.91705296750536
10025,-128.03924196565382
10026,-44.076360415623185
10027,-102.16520574365096
10028,-228.42328381895885
10029,-144.45369624569878
10030,-71.7199761644309
10031,-59.34607796071823
10032,-159.56993109907359
10033,-162.29201790680673
10034,-137.94727778647794
10035,-93.8770014669463
10036,-89.51484731289973
10037,-113.52076755409792
10038,-46.970447925848504
10039,-75.00779143808532
10040,-169.1501206386945
10041,-285.50330398034475
10042,-36.849440297223595
10043,-106.87586965948404
10044,-139.09827981035704
10045,-97.35961577365406
10046,-37.99095662549016
10047,-42.62927915067189
10048,-132.01560043076998
10049,-26.74364953417394
10050,26.67273986454711
10051,-81.97473987410805
10052,-187.1888748873979
10053,-176.37769474694085
10054,-1.1308710455999602
10055,-190.70256747203018
10056,-64.9282990506299
10057,-124.79752303460796
10058,-5.847586716820672
10059,-101.50770839305997
10060,-105.79751238169273
10061,-178.54561173999377
10062,-91.5984979651869
10063,-117.43304472359843
10064,-100.90393871128396
10065,-82.49002268485069
10066,-174.37749715428296
10067,-139.6702056114427
10068,-160.9503423649574
10069,-74.76194793678548
10070,-175.4020067123874
10071,-92.49450866440215
10072,-100.20436151344407
10073,-5.54645585761692
10074,-137.05491976964512
10075,-171.654747116093
10076,-137.37277295352192
10077,-38.71534045235869
10078,-139.09707139706956
10079,-69.24645022518467
10080,-35.2101172889068
10081,-27.15997643061823
10082,-115.84862111629708
10083,-40.27411558083682
10084,-77.19820085768234
10085,-14.777062528331598
10086,-139.7162193423939
10087,-84.34667780891193
10088,-66.54261261760229
10089,-31.09067409179599
10090,-84.43299844480715
10091,-49.29593795837158
10092,-94.03298950791353
10093,-74.36732627781188
10094,-213.54731320358513
10095,5.061480496404101
10096,-85.49267562892848
10097,-106.3205228513017
10098,-95.75203053058226
10099,-52.43421068577949
10100,-94.63067263189829
10101,-188.34859408551978
10102,-4.061501158334281
10103,-5.313464516637751
10104,-130.91779062258988
10105,-92.6031144136583
10106,-144.49615462802615
10107,-228.27869444282987
10108,-110.33318656420698
10109,-166.6526672057051
10110,-109.67541935722922
10111,-76.7220099212738
10112,-65.93959985654507
10113,-155.39488473868022
10114,-35.31008491970586
10115,-35.75982586554868
10116,-111.80206236902276
10117,-67.72471045125141
10118,-80.44069002188563
10119,-61.3932847932238
10120,-149.0490170823984
10121,-36.4040101555851
10122,-23.526176673832538
10123,-77.28233909200907
10124,20.643879526827774
10125,-77.54270065465886
10126,-34.205905776241565
10127,-125.31885158593042
10128,-107.97408398658638
10129,-95.47162655168952
10130,-6.901730344439116
10131,-60.8445987577399
10132,-92.82053271318594
10133,-149.38587497029386
10134,-127.75272424453247
10135,-52.79327938695722
10136,-172.57301185703227
10137,-133.6503369026512
10138,-103.47464700548636
10139,29.756111228628356
10140,-110.02809640733388
10141,-118.70174718674757
10142,-223.47286194997716
10143,-79.25292873640376
10144,-113.84553281390185
10145,-97.12337079088591
10146,-184.39549915532015
10147,-167.5435304609329
10148,-191.72201097376995
10149,-70.91972359308618
10150,-96.73518106257346
10151,-126.18068512916199
10152,-90.27062482940605
10153,0.9245607990344382
10154,-153.40243341507284
10155,-152.42590700039148
10156,-12.074480345737626
10157,-150.57296128610767
10158,-124.42764391905617
10159,-151.3514433714189
10160,-152.9739712915628
10161,-91.39682730242129
10162,-125.22272022421394
10163,-82.37935955985768
10164,-12.123783109823549
10165,16.67050197965513
10166,-67.6699760656411
10167,-123.14183426979481
10168,7.004746995423062
10169,-140.60392786434346
10170,-150.74883457574037
10171,-134.24461248551094
10172,-4.142173327764937
10173,-166.4621989300936
10174,-136.86671488349836
10175,-157.06435574146178
10176,-96.31585821000644
10177,-128.0277533391586
10178,-124.4443376195647
10179,-65.51278404007924
10180,-195.03232689921282
10181,-128.15571069147586
10182,255.5136933056318
10183,-37.16956638886269
10184,-91.22263789452856
10185,-127.10303418914893
10186,9.330082516237951
10187,1.764399716283421
10188,-128.9805829472755
10189,-117.57075401744429
10190,-153.37866606295853
10191,3.433806267840808
10192,-125.291698425426
10193,-238.25299951686165
10194,-73.56552955088212
10195,-68.30423517469086
10196,-54.54708938071083
10197,-110.56050361851263
10198,-65.38626799939081
10199,-51.07247728305657
10200,-126.78136811159263
10201,-135.16615876731572
10202,-94.04145146424959
10203,-51.90612410504568
10204,-34.87979443207786
10205,-148.15300807319542
10206,-131.89598978785398
10207,-98.96495993967766
10208,-79.11247345339041
10209,-70.24523873806675
10210,-154.85639088447778
10211,-56.8082447222301
10212,-104.49243329746494
10213,-145.69463531219424
10214,24.166647961887605
10215,-66.68890410345703
10216,-38.300010357950796
10217,-154.50712955312613
10218,-129.51351345903186
10219,-171.56364550396023
10220,-167.8181964434304
10221,-28.790861995168598
10222,-126.98743128892643
10223,-88.31975572599802
10224,-157.44886814533416
10225,-90.62079471341998
10226,-40.67052415461539
10227,-143.91565658453993
10228,-1.2889781800652713
10229,-25.48375493087663
10230,-108.92552257828386
10231,-86.39038855572454
10232,-39.19912865668465
10233,-182.1808869729795
10234,-145.17276458467245
10235,-31.088413855863223
10236,-60.1738963798943
10237,-159.15022862790784
10238,-99.57388002370905
10239,-61.321091486009934
10240,-96.90945588447877
10241,-87.03642578738014
10242,-118.82879365235182
10243,-92.45029840215639
10244,-144.86049888618794
10245,-74.82137029481149
10246,-114.57243480043189
10247,-34.25034275039462
10248,-54.1064688295439
10249,-83.55258437274429
10250,-150.94444322351555
10251,-99.4755040591885
10252,-107.83155602954507
10253,-162.57072154321713
10254,-283.90849154201123
10255,-87.02149372017878
10256,4.144962062461744
10257,-57.923350333038925
10258,-131.85579019852383
10259,-181.63573770106447
10260,-114.5260875615022
10261,-82.39416270724446
10262,-0.3590226206151641
10263,44.854221943330714
10264,-134.82958820751605
10265,-65.42188761550639
10266,-89.35080237050735
10267,-146.93804215842036
10268,-102.94121290753384
10269,-32.39729161103976
10270,-12.485855460793672
10271,-154.7898373070284
10272,-113.37436881052867
10273,-105.18031362464525
10274,-85.34863143225125
10275,-101.72989162403687
10276,-142.2249305513999
10277,-168.4168236234006
10278,-122.51257022470806
10279,-78.17317492838596
10280,-77.27650126085322
10281,-97.51775119650964
10282,-74.91900430189065
10283,-113.51233713831944
10284,-29.576454559863393
10285,-167.80829967473062
10286,-147.56554612552634
10287,-57.37060624104136
10288,-131.7584264731355
10289,-57.586525637521405
10290,-123.5110867063291
10291,-158.2359966707458
10292,-86.10454241207054
10293,-98.89990290417656
10294,-122.48761456121476
10295,-63.77609812722201
10296,-33.07461704862985
10297,-54.11839185172404
10298,-102.2793452715187
10299,-27.214275711196848
10300,20.885814771113033
10301,-72.01303333221378
10302,-5.988306904830267
10303,-119.4962957056379
10304,-32.70356622786176
10305,-139.42159102355748
10306,-59.22134719359508
10307,-106.46778853729337
10308,-16.006651415776886
10309,-70.54108449401059
10310,-52.828811894319145
10311,-23.837072012447138
10312,-81.1559921172266
10313,-33.90670423048586
10314,-63.444441580252686
10315,-76.1212271667052
10316,-8.500141174616843
10317,-99.98985988191292
10318,-186.29813440360584
10319,-30.769712258923448
10320,-23.884627197369227
10321,-22.038274250703353
10322,-30.995895028073832
10323,-64.0005594943533
10324,-20.514374592046494
10325,-100.12386686893747
10326,-98.68460283602694
10327,-120.12931213062197
10328,-154.21949605261352
10329,-74.38329245825636
10330,-208.6485232944357
10331,-149.7013406877027
10332,-101.78386683000687
10333,-131.81895481813734
10334,-140.56403871180666
10335,-177.8868529213138
10336,-142.90467971218902
10337,-53.94195790541437
10338,-137.17728528229657
10339,-81.32170446650366
10340,-149.6112810384625
10341,-40.46290382651362
10342,-14.451006658803166
10343,-143.63806824902284
10344,-36.08332276808392
10345,-104.71593303594302
10346,9.587038296043758
10347,-19.661078923426302
10348,-47.38969925145982
10349,-4.239956504734607
10350,-61.53668007703289
10351,-72.17888212120077
10352,-117.59308258785977
10353,-65.40614421204859
10354,-149.3328535275847
10355,-71.81641512604853
10356,-166.40022655511575
10357,-111.76102793512855
10358,-128.80148175631496
10359,-147.56848760302506
10360,-69.37937442471961
10361,-147.55782768129342
10362,-111.17156228086823
10363,-98.56753418705958
10364,12.182588010359396
10365,-184.56163539460732
10366,18.916094672338843
10367,-43.96729420333759
10368,16.4054029849609
10369,-48.60138481976971
10370,-54.58706209923416
10371,-100.05765218528953
10372,-97.02290580731562
10373,-127.50607062555564
10374,-111.69299473446016
10375,-112.41963633586789
10376,-61.23606923807274
10377,-87.44834611520103
10378,-57.23095185301521
10379,-93.49725428210286
10380,-78.84849319385252
10381,-31.397738890966423
10382,-126.59390822529762
10383,-128.76816877939814
10384,27.01064242398921
10385,-204.42266081876068
10386,-133.15497059302965
10387,-21.109834982559406
10388,-82.95884424652608
10389,-82.67100035929212
10390,-65.75608767304921
10391,-82.06357185506917
10392,-120.89541850698346
10393,-114.55819586728975
10394,-119.45983718697043
10395,-77.44272222970433
10396,-78.4244326244334
10397,-141.61281305983198
10398,-60.852485950573026
10399,-173.11164070471034
10400,-180.7640384081729
10401,-48.673337696328
10402,-106.51228805795266
10403,-66.6256606823406
10404,-127.65466187526442
10405,-91.0202056243165
10406,-115.74908892102246
10407,-9.388069224548687
10408,-101.84679862719769
10409,22.130195555958863
10410,-120.18307883170905
10411,-163.03563011110361
10412,-57.94620688165256
10413,35.66464151982865
10414,-60.884766264052196
10415,0.2675649826972091
10416,-122.52764409068675
10417,-59.75928374022757
10418,-71.6259443940072
10419,-150.85637463309808
10420,-88.92095285872907
10421,-67.57533159071994
10422,-136.05170587065305
10423,-48.20624164698229
10424,-170.77810130563026
10425,-84.84701150779216
10426,-34.46936559136158
10427,-55.78603547336123
10428,-204.0748536819261
10429,-124.6389758138201
10430,-112.02713526589875
10431,-158.224472906474
10432,-80.9493802193069
10433,-236.07527338877458
10434,-94.7207538959327
10435,-151.68161533456288
10436,-54.06893629502909
10437,-117.19181453272803
10438,-106.57815198714617
10439,-146.430766448865
10440,-181.64155275737093
10441,-134.9151854300538
10442,-39.88569150161631
10443,-100.62851615681004
10444,-224.51956806204313
10445,-40.80630084489589
10446,-68.77669440415558
10447,-79.72307337943644
10448,-87.82814875079366
10449,-64.9046534651027
10450,-135.19540134715317
10451,-37.81793087785391
10452,-65.8977532518878
10453,-76.13396162851735
10454,-47.23477854590885
10455,-213.85225293646428
10456,-74.32458985157032
10457,-159.08277713839138
10458,-94.46864543058716
10459,-84.62748721558766
10460,-91.70949577812047
10461,-121.68022312280695
10462,-83.59705466802967
10463,-347.5761360712447
10464,-88.64751786810676
10465,-112.11632638318682
10466,-96.7373284580217
10467,-152.08983443181242
10468,-59.63487136408317
10469,-127.3694508579075
10470,-171.78033242577624
10471,-352.64859633139645
10472,-93.4602940677978
10473,-81.47578534657491
10474,-24.2703009973969
10475,-5.126954025214573
10476,-80.56429211205408
10477,-100.10841416083527
10478,22.672846637875224
10479,-17.30058952117315
10480,19.872015580433256
10481,-52.99800544622746
10482,14.018198439163655
10483,-34.17088761665737
10484,-84.04905816119629
10485,-86.42180816126023
10486,-40.04625752754313
10487,-113.87367092309974
10488,-19.997194345390994
10489,-91.11711309433963
10490,-83.98527988413933
10491,-109.09036880254358
10492,-123.34823849759249
10493,-68.91340580379142
10494,-18.435386839517193
10495,-89.62431392679352
10496,-121.3479113254582
10497,-5.967835449219265
10498,3.103269896923848
10499,9.290709799791003
10500,-74.14669004749709
10501,-22.31091886798076
10502,-153.34318496673728
10503,-41.42313955342499
10504,-1.5239577027267046
10505,-31.331378725440743
10506,-52.852106277991396
10507,-216.79914294427988
10508,-74.959835419516
10509,-12.137775014281615
10510,-69.20192268016311
10511,-14.29077551114581
10512,-90.95622815047628
10513,-204.56160111903523
10514,-17.39224082459154
10515,-65.06553804156744
10516,-146.9240364355991
10517,15.927112906597202
10518,-100.40055169013584
10519,-66.11796478477898
10520,-63.66207459207564
10521,-145.46652759389622
10522,-110.42469272385814
10523,-110.34544483244582
10524,-12.475569597572871
10525,-110.21926388266627
10526,-8.391924338592943
10527,-112.67728388213057
10528,-96.91805148911098
10529,-82.15590192759869
10530,-170.95517175849346
10531,-27.301899783879392
10532,-37.337138226600615
10533,-171.30001375212095
10534,-85.30702355173037
10535,6.204508103586505
10536,-153.46792103339095
10537,-145.7168374577858
10538,-100.92745229565361
10539,-180.70090582841146
10540,-231.80106069463864
10541,-40.59265452046571
10542,-183.34439541296373
10543,-129.91299504030323
10544,-72.88237565782352
10545,-149.86471940150005
10546,-133.64995523088191
10547,-50.38274509885717
10548,-39.93326264148402
10549,-165.3933003948701
10550,-39.706252591361945
10551,-71.67864525029117
10552,-34.81102265940744
10553,-69.01287376513739
10554,-1.2269305775713235
10555,-158.15555888405254
10556,-27.448786302788335
10557,-43.77089859478464
10558,-168.9956451811583
10559,-32.14189147221674
10560,-57.41098430691917
10561,-57.46306874674395
10562,-13.920291646601711
10563,-139.3970479057462
10564,-91.76215673966819
10565,-175.27108166051886
10566,-58.52025181549543
10567,-165.01249695966223
10568,-61.725914783051394
10569,-122.12352734099179
10570,-177.91768887927697
10571,-55.13132552600208
10572,-76.72897492178998
10573,-94.86411609394258
10574,-37.28247084947658
10575,-90.86501812035277
10576,-253.2448098299187
10577,-132.11602786940287
10578,-336.1502998442769
10579,-179.28845408134856
10580,-143.1163831977064
10581,-97.46121300634681
10582,-77.52989210336825
10583,11.509230392716574
10584,-59.53660256173387
10585,-85.20364601378883
10586,-111.97834497822005
10587,-5.5073040133761
10588,39.96860928000768
10589,-225.13002810713863
10590,-118.19558195253502
10591,-147.1737619979815
10592,-101.10495837695952
10593,-110.50679351522159
10594,11.356147925811484
10595,7.57994885080781
10596,-80.01773519453755
10597,-129.91448289862177
10598,-200.43424956210572
10599,-71.4983923469466
10600,-113.65821601730995
10601,-151.5317978280964
10602,-11.0828702588297
10603,8.177021095356395
10604,-147.79109534746124
10605,-91.08551311532642
10606,-103.72776129039218
10607,-195.05748096822327
10608,12.136232641418005
10609,-21.094900391409993
10610,-131.33340413730616
10611,-51.7075439491862
10612,-105.63318087668802
10613,-112.75545755923707
10614,-174.0483296010288
10615,-23.79834158333267
10616,-130.93198245087936
10617,-120.09028632154326
10618,-111.94590916580766
10619,-55.66698350960469
10620,-79.10248963906312
10621,-132.77454953754685
10622,-112.54418767743071
10623,-124.30293666233855
10624,-21.908669026660007
10625,-109.02933730309306
10626,-176.23908976802133
10627,-106.96387649718585
10628,-130.6460974818582
10629,-13.783135421250208
10630,-109.87738497119237
10631,-126.99302148017782
10632,-147.54585744739967
10633,-141.00499986781028
10634,-192.20746180029698
10635,-137.89901264198915
10636,-127.5163390480348
10637,-86.55110691265868
10638,-47.15235383533491
10639,-140.8484302559619
10640,-3.718092871448775
10641,-140.59685551689932
10642,-32.90783013199885
10643,15.012736709831202
10644,-25.09871570968889
10645,-29.929188707337048
10646,-48.19169008104092
10647,8.577170235355354
10648,-90.63370799614229
10649,-135.04871285706105
10650,-36.632645954087735
10651,-24.71566630874017
10652,-99.08990330766139
10653,-53.90708769507599
10654,-32.31420740422229
10655,-2.013929191860427
10656,-105.22435772165119
10657,-51.20790383447155
10658,-92.13409263039719
10659,-53.95444545365483
10660,-36.93141600236825
10661,-1.7349972374091038
10662,-51.81903621586757
10663,-147.02547427786016
10664,-111.53444377178987
10665,-159.39024324468568
10666,-124.7066155412932
10667,5.475815582410107
10668,-150.79537676311833
10669,-24.12695306927546
10670,-167.6017865220617
10671,-57.08068005930999
10672,-170.33250123737474
10673,-297.71476364744126
10674,-78.03136933179044
10675,-85.00684461219757
10676,-40.9415073206378
10677,-84.5545708100407
10678,-71.8714746793672
10679,-5.243701799486473
10680,-222.46481107730108
10681,-102.98712310220782
10682,-86.22990718728992
10683,-13.7379726631018
10684,-318.1242683488323
10685,-94.29219857114664
10686,-81.12753912969525
10687,-64.13283799312663
10688,-75.02169733587053
10689,17.14275253421421
10690,-52.21731877067492
10691,-117.89349316740496
10692,-127.02012111563594
10693,-97.51885012319288
10694,-216.34161182644038
10695,-102.30628663354813
10696,-130.28513440500564
10697,-182.20279078705425
10698,2.193904387918053
10699,9.832037325477756
10700,-158.33383640417063
10701,-139.88317600951882
10702,17.595515688903262
10703,-161.63851587884602
10704,-137.3116187573848
10705,-151.7485994356686
10706,-117.8542048853675
10707,-56.27383187066177
10708,-66.50707476897503
10709,-2.337807459836597
10710,-50.876461937670385
10711,-96.19175647675067
10712,-80.88868741032046
10713,-172.2656846142055
10714,-18.353395634027635
10715,-116.55599601085497
10716,-128.66434567638908
10717,-82.82180992995072
10718,-275.21955771371245
10719,-209.61516683571418
10720,-145.54752402851923
10721,-76.74836489034989
10722,-102.05152355280296
10723,-92.91988998415053
10724,-35.21485258970927
10725,-64.29297468532118
10726,-227.2510331424922
10727,-34.40623824696296
10728,-99.89724064125684
10729,-156.80969231455256
10730,-18.04056684600431
10731,-81.13979081521003
10732,-130.29103879941607
10733,-128.79008052446954
10734,-233.26475461403496
10735,-73.89406440123722
10736,-43.13376576281672
10737,-84.77370095159263
10738,-80.2031844924814
10739,-2.191044749488185
10740,-144.74910626407103
10741,-103.5018927813897
10742,-275.911925754645
10743,-20.604120660349608
10744,-123.90041108982767
10745,5.668705581834203
10746,-83.39473938195869
10747,-104.51737281725977
10748,14.316732541353886
10749,-96.75553366773164
10750,-184.289096350213
10751,-38.86984238394979
10752,-101.82070226798285
10753,-126.53298693064923
10754,-127.3323978004304
10755,-12.766541126786947
10756,-116.22608592412246
10757,-226.31087336374486
10758,-11.199459098008703
10759,-110.03400776503929
10760,-40.87487632646912
10761,-97.81536861339173
10762,-15.99434364771055
10763,-27.22444071951577
10764,-95.08233912443835
10765,-20.335204846174207
10766,-87.18822607376444
10767,-107.19406169493305
10768,-7.828914475891082
10769,-76.93717806443718
10770,-126.31433428176173
10771,-108.2607695923975
10772,0.3085910062094257
10773,-35.415039916927
10774,-91.55599536814935
10775,-23.954200647562786
10776,-151.25415691343497
10777,-278.63875116829473
10778,-58.21173558480778
10779,-151.09370630457602
10780,-49.11348707882324
10781,-100.48445071514679
10782,-95.61892294040761
10783,-195.78048942580972
10784,-115.98509166627018
10785,-12.791308472740866
10786,-285.1200755617207
10787,-48.00644809706216
10788,-194.2008838528473
10789,-27.46833160029857
10790,-72.4183211626877
10791,-122.09323492626105
10792,-201.7075936994147
10793,-81.45150615896647
10794,-5.980859351454143
10795,-72.5869397036592
10796,-15.838556908845916
10797,-88.17673991886448
10798,-60.12905675588338
10799,-125.71446179525029
10800,-180.0929468397286
10801,-54.32026871932422
10802,-78.36508649269004
10803,-106.19551459457777
10804,-11.861429846941263
10805,-81.42196844287801
10806,-152.65895093505156
10807,-107.13705352577117
10808,-251.91692966158942
10809,-47.82118128021618
10810,-67.45621992714179
10811,-112.80924200037693
10812,-122.85024634888002
10813,-25.062213486659843
10814,-72.76369011902429
10815,-86.693345077879
10816,-32.367207849857664
10817,-122.19150477467477
10818,-42.22617035037233
10819,-129.29148550950998
10820,-43.44428388005171
10821,-295.72653768182647
10822,-20.048068234541276
10823,-135.97561357738974
10824,-121.55830203088031
10825,-161.22817413615388
10826,24.01580054198982
10827,-23.391020347930606
10828,-185.22691968503023
10829,-101.79950121752556
10830,-21.334556286593
10831,-152.77088767926938
10832,-108.01196837716579
10833,-10.44637606169627
10834,2.94955589772745
10835,30.530037849083044
10836,-48.70586187278034
10837,-152.8534265132948
10838,-138.63160133793468
10839,-18.977603417409853
10840,-123.72342191539316
10841,-108.44735409479301
10842,-150.19936739401064
10843,-74.63616935807129
10844,-139.15176174920057
10845,-137.70992159967489
10846,-105.81598251508504
10847,-47.12088014322208
10848,-17.524482717526382
10849,-130.3105337937742
10850,59.2455972116814
10851,-186.53188200941258
10852,-30.16917441469576
10853,-153.88311465707386
10854,-142.01637561298264
10855,-19.7794860378319
10856,-81.94166650474915
10857,-105.72594007789694
10858,-60.203986723190596
10859,-130.96474188181946
10860,-105.17494667582453
10861,-98.72861091125195
10862,-206.28854685579074
10863,-11.359121535730281
10864,-74.84972253262774
10865,-11.207684035801549
10866,11.573782990918943
10867,-202.94333060542152
10868,-45.52252822370252
10869,-91.26595692250726
10870,-124.16048489464079
10871,7.155898779708764
10872,-116.39869697461724
10873,-15.433871718623507
10874,-118.4557234209879
10875,-168.29803272782803
10876,-121.5142848624991
10877,-117.04935542019567
10878,-169.71070483908744
10879,-84.37091305650145
10880,-51.580041782333524
10881,-171.98249024238834
10882,-35.163592543365056
10883,-139.70377335692746
10884,-57.538179998307996
10885,-127.70897133425096
10886,-16.965147680708696
10887,-171.10949366107997
10888,33.03408292436774
10889,25.658862995768843
10890,-157.43414357427207
10891,-56.23953745267461
10892,-172.58599499946598
10893,-46.08060882964165
10894,-70.66955267482031
10895,-123.25211323624809
10896,-71.57287716937466
10897,-71.73782663758574
10898,-34.145050840548876
10899,-113.43570887095291
10900,-97.71189285290671
10901,-32.08972418347024
10902,-19.561747021319718
10903,-124.80991560175256
10904,-88.3434061095214
10905,-120.55920618933108
10906,-50.055091452038965
10907,-78.55433462106365
10908,-11.68820285570257
10909,-167.33473503300343
10910,-61.83584551825281
10911,-62.38585767502822
10912,-322.6247642978467
10913,-75.94571685911576
10914,-63.439990871753885
10915,9.953043090400811
10916,-168.36411587872917
10917,-68.37639271232894
10918,-54.36908405300019
10919,-112.91240683786877
10920,-131.57879326878168
10921,-9.165813951670088
10922,-161.28948507184649
10923,-40.26741907349046
10924,-105.22535829141368
10925,-117.30812739741256
10926,-52.790873526379144
10927,-133.2446161265258
10928,-46.64985336778704
10929,-0.91159837945753
10930,-41.16435253299504
10931,-53.14569105480177
10932,-26.85181834256717
10933,-86.67884878978518
10934,-25.73386426183835
10935,-43.8004899606602
10936,-253.6070441863051
10937,275.5633263648573
10938,-118.4584170963782
10939,-130.27167263474348
10940,3.270517567592364
10941,-49.346431300164014
10942,-120.35215671311803
10943,32.92803978850873
10944,-55.08501776468571
10945,-87.81910747316589
10946,21.218530918508293
10947,-72.85210423613702
10948,-115.7399943401192
10949,-153.47723688304643
10950,-181.27967090794496
10951,-23.406199690291956
10952,6.2706544033424905
10953,-168.24886668102425
10954,17.141187618915296
10955,-66.8832346480749
10956,-9.212973611177944
10957,-133.19009015869642
10958,-109.1360804711273
10959,-96.71981424702496
10960,30.094034111860395
10961,-38.9069052108519
10962,24.74707945193896
10963,-105.27010390316723
10964,-178.26270780628153
10965,-11.070776163705006
10966,-87.54152855536783
10967,-61.757558106530865
10968,-100.93637300912626
10969,-174.3016963907538
10970,-291.86214568923384
10971,-192.32904755113384
10972,-109.5291455762883
10973,-14.625746993072084
10974,-87.60782007176533
10975,2.6486107994566055
10976,-53.296039821760644
10977,-156.5232364633659
10978,-219.68813050850886
10979,-131.82453220696388
10980,-9.483196191969654
10981,15.677986973355374
10982,14.64962555612442
10983,-125.97502810006515
10984,-0.284454450843711
10985,-159.88652513795574
10986,-106.58293397829262
10987,-4.436624624156693
10988,-384.18887867917465
10989,-46.42964866576162
10990,-104.59798362182387
10991,-66.80605954570461
10992,-87.68282465992752
10993,-27.396509662256705
10994,-0.29811691163403964
10995,2.970463212230868
10996,1.2867119054360217
10997,-85.60427205318975
10998,-3.01455649295994
10999,18.527004185728714
11000,-12.440372892097713
11001,-105.81531013582696
11002,-165.33329376921847
11003,-69.9848476372429
11004,-21.669669402243215
11005,-104.8362109576297
11006,-92.8467847006628
11007,-239.80620792376698
11008,-115.5958512444471
11009,-198.69052720661108
11010,-51.25108354096869
11011,-201.80007200115563
11012,7.009006714078524
11013,-123.96428058160818
11014,-68.63867905970334
11015,-30.214732879767126
11016,-227.13260266704205
11017,-73.68571455707031
11018,-100.23481507189771
11019,-46.429204997224815
11020,20.724424944757786
11021,-25.77086770559613
11022,-179.0442742750155
11023,-41.30828591088567
11024,-85.48146479161763
11025,44.416720082224145
11026,-59.698851950918424
11027,-84.33181911315646
11028,21.153704370542158
11029,11.202181172208583
11030,-63.55357649107095
11031,-132.7861603845875
11032,-56.0061166364129
11033,-120.05005364213578
11034,17.752249690649847
11035,-15.605725145147119
11036,0.26683710545336226
11037,-77.39684381734077
11038,-85.37747044368216
11039,-113.88241880145029
11040,-12.036557664896492
11041,-24.674425982569048
11042,-289.175815794247
11043,-95.01387948872963
11044,-2.9423968710300414
11045,-12.773980466447739
11046,-22.863573573637424
11047,-6.187795239512511
11048,54.06417929316379
11049,-158.41266058067288
11050,-95.04016733453417
11051,-104.64737548746017
11052,-12.36625198234458
11053,-85.04842030585634
11054,-208.06932221010425
11055,-109.15126849818017
11056,-34.99847471786529
11057,-68.76373304847361
11058,-28.58340532835176
11059,-83.29146767363032
11060,-83.70654136737946
11061,2.7119390800743304
11062,-191.66450364599226
11063,-207.1002152901856
11064,-177.1659376177082
11065,-121.57017702465915
11066,-105.76951931424074
11067,-80.38555274974965
11068,-146.64803083357782
11069,-139.8718066795587
11070,-102.95854627524403
11071,-82.0138717570773
11072,-103.71162550215871
11073,2.5614212646079153
11074,-253.04291349144233
11075,-153.6603236584454
11076,-23.86718653748025
11077,11.933811406448342
11078,-168.4428931130036
11079,2.4048029447482406
11080,-181.03291663085054
11081,-74.46187187684413
11082,10.67678396471851
11083,-173.17733527883468
11084,-117.17716921108266
11085,1.568495789161048
11086,-27.21820037462605
11087,-77.25904634181356
11088,-34.79430468809878
11089,11.1327118930528
11090,-38.334267702764336
11091,-78.73781201882011
11092,-11.478401237753744
11093,12.969584329387885
11094,-133.5931031061174
11095,-152.74893072068912
11096,-78.68275114646244
11097,-61.474600856943894
11098,-101.63848049321273
11099,9.79315458680506
11100,-54.203715432836844
11101,-170.3655735938474
11102,-72.98421967991317
11103,-97.09096197739767
11104,-112.09856633868888
11105,22.546680545359493
11106,-34.572302231306196
11107,-140.31567924332856
11108,-75.55774234307356
11109,16.25826214346084
11110,-34.54423436995073
11111,-26.25194671035527
11112,-171.813748469341
11113,-271.87581168000827
11114,-15.226688337312083
11115,-52.79482058702487
11116,-182.36422559222933
11117,4.0816853593686915
11118,-59.93260757810124
11119,-133.17182300747655
11120,6.424230790745838
11121,-193.7366329585588
11122,-245.8065029712941
11123,28.18125477953052
11124,-74.758398890799
11125,-179.63811800367074
11126,-4.5024850134315955
11127,7.997191653082808
11128,2.1934689609839353
11129,-75.03308251962372
11130,-53.85961823047784
11131,6.063886186919149
11132,3.383181158928849
11133,42.2782780808881
11134,-5.1102542853033555
11135,-102.90835016303026
11136,-117.79557923081742
11137,33.212172125034385
11138,22.618304539805848
11139,-39.43867994037632
11140,-153.0179501961511
11141,-96.1270651478952
11142,-26.68131782532143
11143,-85.47588021810122
11144,-166.22238209815947
11145,-43.70711468129457
11146,-165.5025816825139
11147,8.642447746037533
11148,-20.49904542270056
11149,-245.0354578752797
11150,-129.35289530357196
11151,-110.89691059539199
11152,-299.56312931496296
11153,-76.96282874161594
11154,-81.6594114474776
11155,-78.87022346938697
11156,-14.320760676054846
11157,-62.42388575142637
11158,-111.50194423991702
11159,-181.72175574911287
11160,-147.93050089068217
11161,-46.40368725461575
11162,46.09977054854005
11163,-126.17818661877462
11164,-19.775110797423167
11165,52.69709219352322
11166,-75.61317100782352
11167,-176.50814878541559
11168,-44.35379000262566
11169,-84.0246350632583
11170,-274.3113674361573
11171,-56.35524265481508
11172,-135.15101010193956
11173,-39.92741914704514
11174,-451.9119087835984
11175,-27.6127867165726
11176,-29.806614588865358
11177,-176.02841662625278
11178,-199.26413343653718
11179,-118.60308221186376
11180,-21.349755744822914
11181,-242.91655233449376
11182,-103.42115509169584
11183,13.2390084506265
11184,-6.359439295246872
11185,2.9767900391252198
11186,15.593958668875672
11187,-170.3365436801686
11188,-29.691443427691823
11189,-199.3652561084326
11190,-77.22965385120447
11191,-48.02032331282078
11192,-25.203956803808083
11193,-124.04438636101216
11194,-95.76057004734741
11195,5.956501591378299
11196,-111.49752533199602
11197,-150.6784218893505
11198,-119.16644799695362
11199,-63.01997377985569
11200,-131.76703001030018
11201,-44.44403861931076
11202,-3.597037791040947
11203,-80.4325575963727
11204,-10.75569721426109
11205,29.39110508919154
11206,-16.291733388516235
11207,-134.2293156390269
11208,-34.53884677768215
11209,-60.938628495040795
11210,-251.55224602913364
11211,19.532225970764046
11212,14.46817483655991
11213,-8.496001112523288
11214,-25.23076727594207
11215,-178.21839480327344
11216,-71.6217359313906
11217,11.329382351950386
11218,-219.09135617265883
11219,-35.830880746342146
11220,34.038245145545005
11221,-39.09577379751224
11222,16.588961091042478
11223,-187.95064371151324
11224,40.181500062922595
11225,202.24689861129661
11226,-63.20039433085317
11227,-55.75448826580415
11228,-52.08724345323988
11229,-20.370668586496123
11230,14.701302950273629
11231,-163.25299447296783
11232,-304.54760915060194
11233,4.414103422976353
11234,-30.427304085655365
11235,-26.820710768733875
11236,-18.886837847656068
11237,-45.06314779198668
11238,-70.9432478848433
11239,34.39642114695292
11240,-280.8001436400194
11241,-0.4997616735776802
11242,34.142750697275176
11243,-270.0731982373145
11244,-73.11337954048601
11245,-139.2121361304013
11246,-17.564536165316596
11247,-50.25873858772523
11248,-93.7851602365973
11249,-63.813029807129546
11250,-77.59814049052514
11251,13.176237176405053
11252,-0.9356344555290974
11253,-167.20782388690793
11254,-80.23163220970106
11255,11.198020387271072
11256,-26.422609640315457
11257,4.103143293696974
11258,-12.591182347193836
11259,24.802885369841192
11260,-12.339757431217365
11261,-127.54957101787669
11262,-177.15698327159777
11263,9.513317278320955
11264,-1.399979454252417
11265,-27.97238884521424
11266,-154.7702284273247
11267,-158.4581990525326
11268,14.893835143405667
11269,-121.3011163001137
11270,20.968636430565667
11271,-144.29306025622213
11272,-110.50441509010558
11273,-45.96335523478298
11274,9.01193931139072
11275,-17.11867185356718
11276,-215.49398969221096
11277,30.927939139188453
11278,-11.541089175384911
11279,-51.098885507499865
11280,-169.02995382471062
11281,-113.7742078500822
11282,-5.852170907054273
11283,-88.7816370642008
11284,-144.33910193596373
11285,-23.660519844576214
11286,-79.72469115332856
11287,-115.61769800870086
11288,-266.0081329540959
11289,-32.09045437175698
11290,-19.101572404144676
11291,7.212269427956755
11292,-150.5110424602015
11293,-39.81445332710032
11294,-59.24356169100548
11295,-13.714152216748332
11296,17.861191997600727
11297,-184.33667575612338
11298,-121.06853782278509
11299,-92.1503382076229
11300,-190.52073028595882
11301,-21.295711514035816
11302,-119.11621881992824
11303,-121.2204502758692
11304,-9.5854697496639
11305,-154.26441541030854
11306,-1.7165820201088309
11307,-74.39139352630062
11308,-33.47162155734024
11309,-33.74469978094909
11310,-34.88141005416979
11311,-148.3458900556767
11312,-17.076102075957806
11313,-141.46209321189696
11314,-79.6630322623767
11315,-172.7867934301457
11316,-5.336503063448674
11317,-29.036327132764683
11318,47.74583671566623
11319,-171.86329597287374
11320,-5.408036045061323
11321,27.74457022808639
11322,-63.16407655784161
11323,44.510660973183406
11324,-89.83046443060296
11325,-387.74897023756097
11326,-123.23209394448965
11327,-19.230670898933724
11328,-69.53612226430549
11329,-99.89979153887757
11330,-198.68626331415578
11331,-44.88260104721212
11332,-40.15565185800157
11333,11.283963982771155
11334,22.777528437992984
11335,-8.594493287676926
11336,-174.8047025703754
11337,-16.770874307948176
11338,-122.14962579477736
11339,-38.93514727168814
11340,13.552109755930587
11341,-187.55514198277535
11342,39.92492781998635
11343,-20.620146228743522
11344,-17.590654480476516
11345,-97.91884084082281
11346,-56.500965862524325
11347,-170.9490723028464
11348,-29.176264506134686
11349,-22.483733567033994
11350,14.917952096952888
11351,-156.28549442814636
11352,-37.173906936700135
11353,-149.41370465571129
11354,-50.75086429205069
11355,-70.64596702408406
11356,27.024842003289933
11357,43.76835128964072
11358,-194.35798275053403
11359,-163.22376437460628
11360,49.26633403043243
11361,-86.09497938279497
11362,-92.603171963898
11363,-44.881553630502566
11364,-120.44765328339778
11365,-328.3083105688039
11366,-12.342840480728086
11367,-25.98621360669921
11368,-60.70286047431468
11369,-270.5657512151
11370,-124.93611116270851
11371,-127.7603093268817
11372,-114.94260934141202
11373,-107.90026182675314
11374,-176.1195986014512
11375,-60.77125454321751
11376,-122.4077623920377
11377,-40.96943587037481
11378,-6.111660873114275
11379,-28.63830829208439
11380,-173.23971945013136
11381,33.732097631446834
11382,-20.031257153815645
11383,-93.10366288462197
11384,-9.221711039025791
11385,-76.30393757871553
11386,-54.4140525004176
11387,-24.617689245580408
11388,-169.58813221049866
11389,-91.07510625285838
11390,-94.80479331994275
11391,0.6846552176733951
11392,-378.6658737190353
11393,9.812199881149624
11394,-227.35054377480145
11395,-309.57460511045053
11396,-16.66519374576245
11397,-315.6543532870221
11398,-65.51712530257878
11399,-111.15555495667823
11400,16.66015155170058
11401,-238.0390707884186
11402,-34.63360591438904
11403,-315.2438304871091
11404,-379.92620919136766
11405,-33.79281772892239
11406,-211.7154781210362
11407,-87.99106435995621
11408,-132.84620238355328
11409,-101.90812030474156
11410,-267.1885184950822
11411,-130.2163890987459
11412,-77.11345411221644
11413,-233.3816188739766
11414,-73.65261684039058
11415,-100.51720170247899
11416,-16.03017446889281
11417,-98.6031095627002
11418,-115.77405061379623
11419,-59.365316168017216
11420,-68.72149226815003
11421,-93.08382907364256
11422,-24.131416520871497
11423,-81.1928543135084
11424,-27.943305516987635
11425,-131.0036595758461
11426,-90.86478788381483
11427,-158.61839284854682
11428,-107.14630731385189
11429,-83.88418326087944
11430,-4.119136383628714
11431,-386.5819055456149
11432,154.0597607227078
11433,-32.59645600591573
11434,-140.50589123590228
11435,54.877594221120376
11436,-120.2875850288034
11437,-29.80963656601793
11438,-189.88839689049775
11439,-189.70464633220905
11440,-117.16770670840476
11441,-191.08035103407937
11442,-238.68967960901267
11443,-169.59926351859144
11444,-57.6215967844189
11445,-109.7444904672713
11446,-80.14077346553844
11447,-81.39407941084885
11448,-80.94715937856022
11449,-156.8705173719755
11450,-138.76992685775372
11451,1.8351236876616497
11452,-169.19027527370517
11453,-161.33930875669154
11454,2.6345844107417804
11455,23.605921362578897
11456,-101.4104615420398
11457,-398.98497932853843
11458,-38.046873217396495
11459,34.87442233938742
11460,15.470436256924444
11461,-139.48507853510168
11462,-43.591979782145245
11463,-232.74134127113973
11464,-163.7356100126404
11465,-5.810586281764856
11466,-19.12261362550649
11467,-17.82437203816812
11468,-40.77717262885446
11469,-69.12859384810183
11470,50.60841482874562
11471,-9.838116108398424
11472,-248.74550434558117
11473,-48.129398299738924
11474,-237.15178727096495
11475,-115.12979298514479
11476,-24.79486373862079
11477,-83.09979284539614
11478,-84.60692845224266
11479,-161.94862964915353
11480,41.34223030564988
11481,12.920693969154257
11482,13.174858579803157
11483,-154.26263499452733
11484,-95.84863375519905
11485,-91.06372256320732
11486,-143.09277176281427
11487,-28.87349130854983
11488,-70.30742265199734
11489,-135.61259094718878
11490,-144.60654333042794
11491,-296.6336639416882
11492,-111.42692434433118
11493,-54.165929229869874
11494,5.300933588516301
11495,-75.23510146786938
11496,-41.034662388702856
11497,-22.385866365733406
11498,-194.9666232456855
11499,-203.04241340526676
11500,-99.48992768539914
11501,-150.28445929552277
11502,-32.11025036095778
11503,-23.259939420989767
11504,-97.14952794257867
11505,-219.58326818863506
11506,28.009291122074558
11507,-110.30557321697654
11508,-32.304080848086485
11509,-160.38764927978664
11510,-1.0123447141372566
11511,-30.118112458281274
11512,16.151338657161972
11513,-208.10341975939724
11514,-6.136846408823743
11515,-170.05884208722142
11516,-61.184643579528014
11517,-73.6471565096155
11518,-38.338726033789484
11519,-7.409391249747188
11520,-12.726890920201726
11521,-85.09602474850495
11522,-81.46682038771917
11523,-23.932735151620193
11524,-131.16162512491093
11525,27.83311864742079
11526,-78.83544594541743
11527,29.11287395398989
11528,-101.41369557464004
11529,-193.27122129361706
11530,-66.45485130474194
11531,22.65835571179423
11532,-131.2994673069971
11533,-51.90367698758524
11534,-21.174215950684044
11535,-77.87438032564253
11536,-94.27607293382724
11537,-164.51425165079584
11538,-81.60425980720599
11539,-12.11739742392733
11540,-57.64225650653515
11541,17.16050361251021
11542,-86.23463861616244
11543,-44.24578248531326
11544,-75.80596483386569
11545,3.125148038997807
11546,-297.4961922234903
11547,-25.95611608256347
11548,-150.42193204857477
11549,-123.61058376977783
11550,-68.67966585879265
11551,-354.0826750878698
11552,26.471822713035678
11553,-165.15045599615172
11554,-141.9515886448692
11555,-19.24226226861738
11556,0.811550423244455
11557,-18.344713483274134
11558,-133.085388463382
11559,-67.60805453450469
11560,-13.787498358085728
11561,-85.95729581141032
11562,-96.16978587066637
11563,-107.20346314100196
11564,-86.00551380043728
11565,-19.297458183655692
11566,-7.983287385642072
11567,-93.55801074717377
11568,10.051170937362912
11569,-144.90267616672526
11570,-52.277190850453266
11571,-322.8289230624589
11572,-113.97081441213537
11573,-163.55729816361793
11574,-182.1648661927687
11575,-142.27892304652997
11576,-379.8186261289621
11577,-83.39546926238617
11578,-96.30507645900866
11579,-108.70070462888081
11580,-75.24893145995506
11581,-97.93152529201113
11582,-127.38304801222353
11583,-100.27619362383598
11584,-8.514513516828217
11585,-157.88951212329172
11586,30.738954118818953
11587,-95.53659104815905
11588,-171.85834965705118
11589,-120.22886798626728
11590,-173.13256280610346
11591,-103.71813993285895
11592,-81.2175737692924
11593,-127.81356855810405
11594,-105.41952959054461
11595,-172.88244980079378
11596,-111.74260186220836
11597,-46.54247773083457
11598,-16.820182798189833
11599,-15.580838312515425
11600,-119.07491211877978
11601,-145.1896328035091
11602,-101.15502659364861
11603,-97.29607956386648
11604,13.25030804139223
11605,-157.3850519756196
11606,-243.38397212918701
11607,-90.97818328871237
11608,10.267166682383632
11609,-113.72064272024853
11610,-207.78296343277972
11611,26.26479962944603
11612,29.71773471583961
11613,-245.6353432320574
11614,-121.10672924456058
11615,-31.100207787399896
11616,-6.61669461814229
11617,22.546086626588945
11618,-103.50971184645329
11619,-45.069949508196345
11620,-116.24668664280861
11621,-84.55465171885442
11622,-274.67414126505116
11623,-321.72765254955954
11624,-177.8172093992937
11625,-69.29517286803733
11626,-121.22469715485435
11627,-23.95371143106449
11628,-68.01263279050679
11629,18.400441694641373
11630,30.007074025100707
11631,-130.46124343002413
11632,-19.03246674089381
11633,-13.801295884055534
11634,-98.80080250364077
11635,-125.0458079385374
11636,-3.3509977132060413
11637,-34.894130859574375
11638,-59.33944508203551
11639,43.789531781705676
11640,-38.77221306090358
11641,-8.595076875644082
11642,-23.050592831710432
11643,-67.68303191160147
11644,2.7112234845252345
11645,-113.91860870449261
11646,-247.39773338199103
11647,-309.59393345374156
11648,-92.61534718509617
11649,-13.764820307058216
11650,-11.330065689374905
11651,4.67041310939284
11652,-91.45936376257555
11653,17.05519142490786
11654,-43.03414605812253
11655,-124.19558161712892
11656,-197.81736324023893
11657,-51.50309677969028
11658,-86.81550769974449
11659,-287.30018399505093
11660,-95.3811391123807
11661,11.197872990259498
11662,-146.74421127797285
11663,-145.60341864224463
11664,-52.04004470244991
11665,-63.75929858144758
11666,-79.89964339184442
11667,-349.37413969327406
11668,-281.4272468314382
11669,-280.63620505096304
11670,-110.35176903982745
11671,-245.05331955959753
11672,47.648052294408075
11673,-170.73696886776807
11674,-188.69381002969712
11675,-26.216488834200533
11676,-302.3543541058697
11677,-49.995444796146344
11678,-168.28134427965796
11679,-30.569006889727262
11680,-99.05347008542276
11681,30.32748593984354
11682,-106.14992898683643
11683,-138.09793738023413
11684,-279.3987889079219
11685,-149.4549044999749
11686,-168.62599953094676
11687,-231.93264371489485
11688,-162.4955936486411
11689,-155.1020231327768
11690,-135.44401383913396
11691,-22.604101572525195
11692,-121.59879430600385
11693,-123.5342778941989
11694,-40.34078910374926
11695,-55.25977616047355
11696,-93.84957193670064
11697,-98.07793525185356
11698,-14.120607821182077
11699,-246.70010256580207
11700,-173.9979740394233
11701,-131.63297270716473
11702,-206.2709325074713
11703,-125.32507519341559
11704,-92.28011217795245
11705,-116.60919962217702
11706,-96.86748256901893
11707,-46.87286832942203
11708,-68.41982768372404
11709,-12.365500218719916
11710,-51.61251022702898
11711,-59.69635628102316
11712,-214.55320888512392
11713,-26.245352966490785
11714,39.5907029885777
11715,-86.82812027465779
11716,-90.60369518120723
11717,-191.389223484431
11718,-88.21903872144104
11719,-137.62526441729295
11720,19.41697853037239
11721,-54.08354473653192
11722,-116.3203923388263
11723,-2.1550500026125547
11724,3.196882942033824
11725,-39.58952505157612
11726,-122.38774600616492
11727,-131.3563342884143
11728,-84.75210395152838
11729,-188.07681266533532
11730,-311.58238090059734
11731,-24.628854933494353
11732,-201.16078728473997
11733,21.755370791996896
11734,-102.18372414436342
11735,15.595040389249007
11736,-327.2405482613748
11737,-45.68242572896018
11738,20.655094638359856
11739,-107.6484931703624
11740,-100.78587239585258
11741,-153.0686468313234
11742,-191.69811445538556
11743,-101.71912541399958
11744,-15.959617277318188
11745,-60.20230133838132
11746,-352.4107271331344
11747,-236.9025593885522
11748,-68.41353802696003
11749,-65.02504383275551
11750,-114.33203937269687
11751,-176.3666315618526
11752,-282.66656795707144
11753,45.95060690874081
11754,-81.35553525807566
11755,-6.129235278798205
11756,-126.17341826374653
11757,-31.508716795372038
11758,-196.99887111589533
11759,-218.9852233261181
11760,-171.78369962417327
11761,-167.99420743866955
11762,-133.44756137143534
11763,-202.26276794788342
11764,-19.12914049519543
11765,-9.828013730534664
11766,-139.585441926851
11767,-43.93656987545937
11768,-103.38059519260197
11769,40.066387245404314
11770,4.899302024873464
11771,-131.0898205812669
11772,20.066187999209433
11773,19.217716855575063
11774,-168.81774941056653
11775,-3.698286004430855
11776,23.291749604945522
11777,-122.00187705264342
11778,-126.25791816427855
11779,11.857268172886819
11780,-94.036684138568
11781,-201.9391936247618
11782,40.15945790844921
11783,-181.81362342282017
11784,-0.3370108449929745
11785,11.947935215385442
11786,-25.453418415848788
11787,-104.15428153707799
11788,-35.7414318627648
11789,-227.40013504384328
11790,-18.39424063672959
11791,-76.8000264801854
11792,-20.606233626599405
11793,-53.028873508940094
11794,-72.67232489513908
11795,11.803129717167081
11796,20.762327950010345
11797,-70.51696542571902
11798,-25.190580321114822
11799,-163.50966548423293
11800,-195.32963392651118
11801,14.148728427541144
11802,-191.10545857494571
11803,70.49621617960969
11804,44.94086364251339
11805,-77.85266719445116
11806,-2.2452827125042916
11807,-25.603469711869124
11808,-160.15954474919104
11809,-142.82444257058546
11810,-107.8398834434599
11811,-115.44993432809811
11812,-3.4903057892621376
11813,-299.40401976242157
11814,-189.17210746711345
11815,-91.8761139239194
11816,-323.6578159460199
11817,1.3060057932383131
11818,-325.54853447930975
11819,-102.05453615952712
11820,-155.3373791766787
11821,-109.83265416076823
11822,-139.40337930682222
11823,275.60488011356017
11824,-211.43410118518423
11825,19.86536875150344
11826,-88.58696458330455
11827,53.20344983853255
11828,-295.05316981698286
11829,-93.96736536262243
11830,-50.354457156740494
11831,-220.14443838330538
11832,-86.03308897612887
11833,-78.98279208767306
11834,-73.72745052894433
11835,-68.6891446157895
11836,18.802136216727888
11837,-98.48996566213849
11838,-147.73240783536755
11839,-154.17505134262356
11840,-132.56873910379943
11841,-156.31004901136208
11842,-112.87218165975699
11843,-226.9241284219858
11844,16.35360766057832
11845,-128.92380902049018
11846,-148.829308840845
11847,-92.42702647301311
11848,11.014800020276425
11849,31.056955758609888
11850,-98.70760676622004
11851,-57.93416022642986
11852,-112.2388666186215
11853,-200.43112778899484
11854,-65.51718423364441
11855,35.639780107789704
11856,-32.642675947554736
11857,-68.9291435139183
11858,-252.49502342324456
11859,-289.8955439952101
11860,-124.50236119517339
11861,-115.94983348714732
11862,0.821410897847727
11863,-261.2086453470427
11864,17.829558722830456
11865,20.049706124667807
11866,-195.1562296518832
11867,-17.48810191038349
11868,-34.698732383816036
11869,-11.839968662805816
11870,-215.35058817849762
11871,209.82172782900292
11872,0.8046593278414775
11873,-138.88298945822447
11874,-120.82007220241042
11875,-253.56489644065178
11876,-87.60775024759232
11877,-136.2195237159228
11878,-59.01570535482536
11879,-0.24048575361075564
11880,-130.06199749413315
11881,-35.89651449559794
11882,-137.10774709190292
11883,-309.84079308142566
11884,-98.57611732583756
11885,-22.429020471399014
11886,-107.19218881450018
11887,-202.72163465333423
11888,-133.42375714323128
11889,7.852774118403843
11890,-26.657982438612365
11891,-62.32194713895212
11892,-34.14556449822358
11893,-4.393027926897361
11894,10.156133461459603
11895,-142.43067665697646
11896,-149.1481636241239
11897,-138.36837840618256
11898,-57.224850338063405
11899,-56.51013684734253
11900,-175.25310484363874
11901,-203.6391584969383
11902,-114.59961794227999
11903,-13.32972717915726
11904,-116.46774204913197
11905,-46.4513663504698
11906,-163.92041519571896
11907,-81.01551206721464
11908,-12.679150724506712
11909,23.52892150074993
11910,-14.538778027371933
11911,-134.16774589969583
11912,-90.03526828189574
11913,-105.96842428600743
11914,-64.4839965204594
11915,-152.24405659388265
11916,-146.76815015347552
11917,-57.559985524642855
11918,40.36343253165256
11919,-84.0723028514682
11920,-33.44622358727179
11921,-143.60352161837508
11922,-189.45206857360972
11923,-89.22621573579913
11924,-47.77789342300632
11925,-192.86087783991803
11926,-78.49694122789985
11927,-79.79653098943203
11928,-167.3632104924032
11929,-10.703076852360141
11930,-43.26177729706444
11931,-189.37481814689627
11932,-66.56981221912035
11933,-110.40262821632763
11934,-197.660105691652
11935,-41.92870771657522
11936,-107.06766678081881
11937,-19.660117884414703
11938,-143.15449018039496
11939,-120.8241056810155
11940,-177.38556712514514
11941,-325.7615177767005
11942,-248.27638679277123
11943,27.13332925332648
11944,-66.25960191973053
11945,-313.57309264519563
11946,17.6834745000953
11947,-178.8605539181845
11948,62.660153302114736
11949,-303.3514740349757
11950,-31.900839085047167
11951,-85.75912935206571
11952,-33.879081587042506
11953,-386.09031845198865
11954,-77.96279842391989
11955,-87.369015854429
11956,-127.51280886613775
11957,194.4888584476077
11958,36.46401646025117
11959,-126.06866777293723
11960,-154.72350934737358
11961,4.589699324226203
11962,-16.332784886841665
11963,-9.0738240495171
11964,-127.15866971248798
11965,-104.54132378364696
11966,-118.90902087482397
11967,-40.57241691195934
11968,41.418525553239306
11969,-74.660435318813
11970,-129.30356037070973
11971,-51.05549277540612
11972,16.911923990053964
11973,-177.23404450110377
11974,-35.36899336711909
11975,-40.919948982483604
11976,-187.09741846668254
11977,14.956324206918197
11978,-147.04944177240174
11979,-71.97978799759764
11980,17.19687398543516
11981,-95.23205798423818
11982,-29.50442490943037
11983,-72.55425244845722
11984,16.973893139210716
11985,-130.77263506104856
11986,-97.9481154888985
11987,-185.94352044521395
11988,-264.7284006819096
11989,-5.724985126088427
11990,-31.72334217910661
11991,-138.56570778119362
11992,-211.50383032712776
11993,-49.83495792380404
11994,-29.241119909021833
11995,-112.37799129811506
11996,-87.12640980107139
11997,-150.663770014438
11998,-92.50547306020341
11999,-141.46860900343503
12000,-120.03915455642387
12001,-229.35036810005226
12002,-50.0870228285469
12003,-151.73659757869177
12004,-122.50242778281307
12005,-137.39694054912673
12006,-106.47961211548159
12007,-188.66151515082072
12008,-65.77993800883971
12009,-11.471106380730063
12010,-296.0320448032453
12011,-150.11669060467145
12012,-167.2074609839157
12013,-191.03304795346492
12014,-43.07702354222326
12015,11.223325914061391
12016,-59.86941461191512
12017,-22.43708356071484
12018,20.85672294461773
12019,-40.61450187400156
12020,-23.763156827347373
12021,-19.48063114997008
12022,-108.16160916726729
12023,12.576550962827824
12024,-16.470020275952876
12025,-17.121307140660846
12026,-117.4162918750123
12027,-42.409635266893176
12028,-158.8397055228533
12029,-166.96041045163466
12030,-59.31252754053905
12031,-155.13247627303463
12032,-150.83830129656872
12033,-194.71309229821927
12034,-106.88919352144202
12035,-143.39717621236974
12036,-204.36042138826485
12037,-84.98941467739787
12038,-130.73070928245397
12039,14.213233799195706
12040,-125.18852533650332
12041,52.60590121911835
12042,-151.3705889263319
12043,-39.887304882039686
12044,-1.5279679267435142
12045,-27.46800930844357
12046,-77.33313894233063
12047,-102.01078195457588
12048,-118.88789897629401
12049,-118.74398936493287
12050,-182.84693470430324
12051,-46.70853223716151
12052,-137.31310070420335
12053,-30.309748706899384
12054,-146.6093919930587
12055,-28.374201768665003
12056,-70.91587527611263
12057,23.868932221217904
12058,-11.936753233748192
12059,-131.12919715847812
12060,-65.3187846111898
12061,-48.97174339298129
12062,-76.37174431203522
12063,-71.45415417548867
12064,3.9959804556359586
12065,-142.199844153423
12066,-25.496588492755023
12067,-179.20218839185188
12068,-156.82525507982274
12069,-147.57133289315865
12070,42.97090936033322
12071,-107.92000732552428
12072,-113.7868279052363
12073,-89.18568029974826
12074,-23.565806259308687
12075,-185.68093049722245
12076,-60.623390233150786
12077,-104.6840655200627
12078,-203.92367347243345
12079,-53.296956533050206
12080,30.494578854917705
12081,-137.90141777847154
12082,-133.64280980591698
12083,-94.83287242277177
12084,-152.62038280720196
12085,-56.161808411248124
12086,-166.23820983170802
12087,-35.85699601946992
12088,-82.50980882828654
12089,-173.82159472074207
12090,-140.15713407371635
12091,-221.65714850485182
12092,47.935530080923
12093,-76.42526044213994
12094,-53.528822589540844
12095,-74.39307879843622
12096,-128.2124790172652
12097,-50.77299226709646
12098,-0.6697790695139929
12099,-65.81993531293922
12100,2.1723314097731645
12101,-14.245019797066433
12102,-123.3535923394915
12103,0.6559240541365057
12104,-35.73283311014984
12105,-39.72707240290089
12106,-117.58137664493829
12107,-64.82064828968755
12108,-66.41393918682921
12109,-145.80938476765354
12110,17.001055268163356
12111,-113.8570473806902
12112,-95.68167876834272
12113,-56.36471479228513
12114,-68.114470382697
12115,-164.88444757415368
12116,-76.32358417504227
12117,-92.33966189011278
12118,-104.0758990778211
12119,19.668061591791513
12120,-105.69170638003614
12121,-72.16543625846835
12122,-11.86487775146044
12123,-66.46058584192008
12124,13.951834874299223
12125,-113.41900890925906
12126,-44.325611408445226
12127,38.600015328246855
12128,-62.46594049593536
12129,-85.3899976147985
12130,-278.7817740875047
12131,-135.71737507506148
12132,-71.08918876940379
12133,-150.45243154575073
12134,-31.540417654948243
12135,-17.08454024745535
12136,-148.58507508978875
12137,8.75375887760839
12138,-181.06809667507707
12139,18.182554485118402
12140,-188.08688133528912
12141,12.088497716197537
12142,-84.06973675024012
12143,-115.58153259218147
12144,-93.88500918934085
12145,-77.04164965486017
12146,-119.16482488041905
12147,-83.92681307438997
12148,-137.0175323629179
12149,11.782850254797467
12150,-14.053687507574807
12151,-23.241667440813416
12152,-60.28635793703786
12153,0.15564222362837654
12154,-116.5822766736696
12155,-147.71257815531476
12156,-21.953777849280783
12157,-59.33933708831988
12158,3.0578598561996984
12159,-91.66392572516634
12160,-98.11750748024492
12161,-15.376747574229825
12162,-155.14163278749407
12163,-71.21790718936657
12164,-51.19847929757003
12165,-7.209093537931935
12166,22.108572838098482
12167,-104.55022523191359
12168,-21.27338198792941
12169,-20.017760041566603
12170,16.396972966900037
12171,9.076165217971607
12172,-124.39124803599238
12173,-30.923763139137705
12174,-6.91645911683996
12175,51.860113502112455
12176,-104.75275543520624
12177,-58.597271148646044
12178,-121.60716186579258
12179,-61.36458483075707
12180,-26.864689345914115
12181,-125.36648507665738
12182,-221.89210514568856
12183,-58.58318640447161
12184,-113.117837029327
12185,-143.8437210919268
12186,-145.2041928394246
12187,-251.06157901986933
12188,-23.716005097278
12189,-61.14500063481333
12190,-58.73907955622974
12191,2.5622141719290994
12192,-114.75502590970345
12193,-2.4906916800941445
12194,-128.27082246955592
12195,-171.7249324047419
12196,-210.37949647031215
12197,-29.517161159502407
12198,-113.37318866165381
12199,-41.86701067134614
12200,-101.6435762679389
12201,8.764283753424422
12202,-50.707604680113135
12203,-88.70421998547779
12204,-83.93425745857829
12205,13.718546715719171
12206,31.907427951814697
12207,-58.66339595423206
12208,-32.843624254340114
12209,-73.79880646635625
12210,-53.45977820012732
12211,-31.54550003711681
12212,-133.97338769531513
12213,-106.74282234698927
12214,-227.50078309517136
12215,-130.53864635728843
12216,-107.55681903064642
12217,-140.4650758989
12218,-135.35021183379763
12219,-64.53864117422508
12220,-13.33413676845025
12221,-91.42084272358007
12222,-144.43853167684028
12223,-122.05565459927827
12224,36.00291201444219
12225,-36.27464862242752
12226,-19.770691819789292
12227,-112.69415477087306
12228,-110.54023124185767
12229,-110.35041371807392
12230,-26.21879776392572
12231,-381.9466695882454
12232,-25.888605704637285
12233,-16.040557574896397
12234,62.943154076716326
12235,-147.66879298354286
12236,-101.8072698235766
12237,-258.34800645135635
12238,30.567082068024206
12239,-147.5875968372995
12240,-100.81232022574696
12241,-5.387380616316577
12242,-90.54581343288942
12243,-144.52244199682124
12244,30.768972951964145
12245,-93.3024401085804
12246,-74.37429243056901
12247,-106.35951031573133
12248,-86.52046946446276
12249,-98.26780742611848
12250,-25.716525483359916
12251,12.534931872938586
12252,-52.15308247467682
12253,-109.94620301068878
12254,-3.367574477478101
12255,-180.0232917225382
12256,-86.89099808347542
12257,-102.47053972450783
12258,27.685535441499724
12259,-120.81267230776601
12260,-82.83817575661953
12261,-75.40819943323618
12262,-172.75244523585582
12263,-93.93262758012986
12264,-77.2476325200426
12265,-140.02727109761815
12266,-129.22108988500187
12267,-44.284600071786926
12268,11.141975448850758
12269,-93.86689206511177
12270,-60.48785116798932
12271,-131.0744881331097
12272,-139.73394384965798
12273,-130.25353019276608
12274,-114.11215344057749
12275,-97.22020947129384
12276,-107.08652316520828
12277,-341.61694000389747
12278,-64.37111727097606
12279,6.911304669187587
12280,-67.50284513828744
12281,-134.87149310006885
12282,-118.66027095126233
12283,-155.13014142497002
12284,-162.44326542485396
12285,-150.45918334596874
12286,-108.9743787845601
12287,-122.21704290049621
12288,-82.98549736459083
12289,-108.44611906211873
12290,18.433522055129828
12291,-92.80494969211576
12292,16.233653301327067
12293,0.4612167131763414
12294,-119.9458029410756
12295,-75.30928298449072
12296,44.73792512549326
12297,-58.27416184334267
12298,-161.569066204603
12299,-118.33013691328911
12300,-350.65214132400473
12301,-1.102938703796326
12302,-110.33580687373629
12303,28.409259432759654
12304,-92.50320420973146
12305,-107.70953236613688
12306,-182.52740776851476
12307,34.484933557700685
12308,-43.77678608419363
12309,-334.427223635794
12310,-41.42480328567526
12311,-8.862646188378719
12312,74.35178426143364
12313,-135.47831220036505
12314,-137.67706842252704
12315,-169.1652527266835
12316,-152.24074028048335
12317,-111.40630690312571
12318,-120.88749577846008
12319,-87.47463350169296
12320,-102.63935654901549
12321,-23.72804519697003
12322,-130.54856233633785
12323,-16.26589025009355
12324,-52.93747495203215
12325,-36.736769756218976
12326,-59.120678650261716
12327,-127.90210052386692
12328,48.681842110801995
12329,-108.81651978156331
12330,-68.6262623640566
12331,-18.284545800571266
12332,-86.40474532063305
12333,-97.00662715301544
12334,-69.19352000325802
12335,-83.81154348647613
12336,-143.60626328555963
12337,-173.28374560292582
12338,-240.62281067378058
12339,-58.69099213746617
12340,-54.66576140782195
12341,-26.966987312638878
12342,-117.1976626124758
12343,-106.21517396774303
12344,-140.43680183494004
12345,-131.38858978404534
12346,-0.761954210998141
12347,-83.17576974267763
12348,-133.00407307154308
12349,-30.861406295614643
12350,-85.80903982144801
12351,-156.14864266450095
12352,-59.35966242945396
12353,-73.1237291499894
12354,-108.90522192288829
12355,-126.06085840590997
12356,-151.68232470675017
12357,-92.58245939381966
12358,-222.20348685580342
12359,-129.29647952958567
12360,-82.67464801147987
12361,-148.50845173587945
12362,19.60160630402666
12363,-85.40780533558433
12364,-137.5815432024706
12365,-43.505870088930436
12366,12.242840790113448
12367,-63.88096608903584
12368,-99.36140603368162
12369,-130.49165319909076
12370,-43.00078450775155
12371,23.042283371515865
12372,-189.32114519283155
12373,-146.38097598187863
12374,23.27466911516521
12375,-93.33705275975063
12376,-123.12800243504914
12377,19.37769960439647
12378,-109.98918434148331
12379,-87.47767544414161
12380,5.431792882217181
12381,-175.51892804146206
12382,-117.88722352758829
12383,45.27569151709443
12384,1.0303636915605097
12385,-98.81368521746316
12386,-59.95837806190212
12387,30.719379017388036
12388,-175.3478557482931
12389,-154.18546309652112
12390,-73.09058220958455
12391,-115.89175788292219
12392,-39.79390510590902
12393,-88.39102696657837
12394,-18.043166267123567
12395,-83.14972356109061
12396,-129.14386021783164
12397,-179.56340619475128
12398,-77.29758057827601
12399,-111.39386221241541
12400,-30.962720435334248
12401,-41.27696059046126
12402,-102.36625405664334
12403,-97.69905581976815
12404,-110.72465313528974
12405,-131.2330875952071
12406,-115.13077392341194
12407,-196.72618748309316
12408,-62.83952306530235
12409,-92.57982735182063
12410,-144.6299635439529
12411,-51.55957906509016
12412,-71.77993233902697
12413,-141.67493686377938
12414,-153.47843102918392
12415,-128.14081852062128
12416,-168.6837335254595
12417,-66.63226284666739
12418,-112.41969774722037
12419,-104.08619872934658
12420,4.554096515323934
12421,-88.07432349271559
12422,-96.1754342056687
12423,-113.45088965562059
12424,-157.2376008003262
12425,-194.8277782271386
12426,-127.90349676934339
12427,-160.01759561022695
12428,-50.18553883254107
12429,-169.60211177689865
12430,-135.15445223426457
12431,-90.80511184295676
12432,-128.3836237566756
12433,-41.54637768959386
12434,-181.5577101052095
12435,-111.1372098863338
12436,-101.35519538884103
12437,-158.18676402271126
12438,-321.0564625776319
12439,-141.02575288623433
12440,-107.5089700064147
12441,-126.0075725603426
12442,-156.8860379031275
12443,-138.50849113715176
12444,-49.16565123734222
12445,-44.970152033462696
12446,-82.92194189612557
12447,-149.75496367273058
12448,-162.54938585247612
12449,-159.87813906853842
12450,-65.15514372464627
12451,-100.91776541568117
12452,-101.25110011188758
12453,-80.59824400205568
12454,-161.44287130168988
12455,-24.621209119648782
12456,-41.594474639353976
12457,-41.333916346269405
12458,-115.79021799465646
12459,-99.47171994698763
12460,-57.27125706084652
12461,-136.11696639208287
12462,-73.21392376296856
12463,-9.126648205129158
12464,-36.19005291710994
12465,-39.63365773169089
12466,-203.34771353818525
12467,-50.773285742886756
12468,-144.15450549958797
12469,-19.076813461046044
12470,-9.114654003049594
12471,-114.30574561433554
12472,1.9974781950658382
12473,-178.9330673787639
12474,-132.79148696759472
12475,-105.13181936626367
12476,-72.56144662274444
12477,-60.53903295586193
12478,-113.97497757582683
12479,5.483239824930806
12480,-21.68906706832226
12481,-103.81546192249287
12482,-101.98855923244223
12483,-140.68202384896318
12484,-81.91728259789886
12485,-124.14087040527478
12486,-96.24094709544309
12487,-99.82381064511225
12488,-49.45750835278845
12489,-109.8470913457156
12490,-9.405118853633965
12491,-124.3739068792521
12492,-112.18932616987627
12493,-112.37153919485272
12494,-151.09424875453084
12495,-148.46280929915807
12496,-66.19922091564824
12497,-129.1181354840866
12498,-36.9481860747035
12499,-33.81905680964269
12500,-45.96473693970263
12501,-135.83602992007047
12502,-108.6913204318189
12503,-32.145549622319464
12504,-138.73607242879442
12505,-60.50351816741389
12506,-176.41169630283196
12507,-129.95428742715183
12508,-89.01815574574795
12509,-186.0433253443444
12510,-54.85020503639717
12511,-129.553868984446
12512,22.5547636739432
12513,-27.196583560332243
12514,-36.47584069098572
12515,-84.52515476202952
12516,-4.25715395334467
12517,-130.97674324640337
12518,-57.797917621960366
12519,-96.31706925571945
12520,-76.04661806307834
12521,-167.20983909764539
12522,-23.71326651766566
12523,-54.06804773339027
12524,-51.762461690058274
12525,-131.79843862894717
12526,-60.10754569516789
12527,-171.53086958663434
12528,-54.6596313403809
12529,-142.05029315165757
12530,-60.96227602480711
12531,-159.8270009217673
12532,-1.91162975032789
12533,-176.061239340952
12534,-43.319342707381736
12535,-170.1222745624968
12536,-48.81448462072679
12537,-151.45788443583
12538,-52.35052693172429
12539,-51.007398724765835
12540,-118.3737061579309
12541,-30.546883056384274
12542,-152.89228165633318
12543,-58.505141058516585
12544,-115.24043106010336
12545,-97.7703493953092
12546,-12.79783691731599
12547,-104.01728990557436
12548,-140.5210474664869
12549,-37.71693172951166
12550,-12.272218638364066
12551,-72.49674901065598
12552,-140.22846486680055
12553,-118.12051581783815
12554,-121.7063388133393
12555,-46.18180788071054
12556,-28.27358954525593
12557,-126.76412071275962
12558,-91.43688759215988
12559,-147.37865833441563
12560,-67.60226740926845
12561,-19.74624525690298
12562,-178.99005223258905
12563,-41.07013372391651
12564,-45.462694470504054
12565,-123.72163327930565
12566,-106.09442183384532
12567,-169.1993564724445
12568,-160.46661834261494
12569,-62.53545466423682
12570,-50.61095257313522
12571,-42.53637279121284
12572,-69.40422287875039
12573,-68.3527380419431
12574,-73.4905515137657
12575,-182.60090227040268
12576,-72.68291687175858
12577,-18.22771761136171
12578,-87.9327572414777
12579,-93.93523150045482
12580,-26.567577649278633
12581,-127.6303899926658
12582,-50.292001740725354
12583,-183.2646480033112
12584,-178.69460616955053
12585,-180.6322270496397
12586,-10.901818602368522
12587,-195.2722652321468
12588,-62.16590536546579
12589,-187.73738308323652
12590,-48.93918701578737
12591,-197.1670677997522
12592,-100.28159961858185
12593,-126.56361269030619
12594,-159.53753845593855
12595,-69.1310744887987
12596,-79.68314321861553
12597,-113.09506722800096
12598,-77.82094075862834
12599,-35.39158777498781
12600,-31.827263684241444
12601,-117.19485395695544
12602,-174.28341501698003
12603,-172.02956909195706
12604,-109.65331590944697
12605,-74.65672218212882
12606,-147.7000337622025
12607,-39.176698449280074
12608,-69.92969859528431
12609,-99.74519162623318
12610,-50.16049324847127
12611,-182.27847418457623
12612,-82.55972894512972
12613,-130.1743519173849
12614,-82.7344536054942
12615,-81.64323494919847
12616,-52.49328649301398
12617,-104.02359317597993
12618,-79.823228024749
12619,29.082703321071108
12620,-130.0883797136335
12621,-52.622062079345355
12622,-83.35348736327877
12623,-25.983058449625617
12624,-190.4420505313687
12625,-109.25419187849795
12626,-356.0991069736388
12627,-132.8171204072832
12628,-49.11297888494704
12629,-139.71087086036238
12630,-106.34209127586114
12631,-92.47098980115075
12632,-89.87206010548059
12633,-177.68456053914844
12634,-157.94324742773085
12635,17.201033684645054
12636,-93.76753657568547
12637,-138.55185749798267
12638,-105.29518223048704
12639,-79.58208358309368
12640,-13.919857256823704
12641,-161.2838656843771
12642,-108.31449677131643
12643,-76.676054169573
12644,-18.24696498185446
12645,-185.59475628454643
12646,-144.95467838539798
12647,-21.675473782858546
12648,-66.22197202582291
12649,-89.95350622627917
12650,-126.88601952138032
12651,-18.818700330348776
12652,-112.0934353150323
12653,-57.08420044941052
12654,-83.06650473736855
12655,-4.359067524261263
12656,-40.31738625798542
12657,-109.37714420207591
12658,-135.05507601845636
12659,-158.65552428028315
12660,-179.99351727016222
12661,-97.2419897897878
12662,-10.500244998007929
12663,-144.25403146875058
12664,-94.24487044232323
12665,-2.4064290518566764
12666,-153.31900312435187
12667,-100.04090587219231
12668,-91.88457400664984
12669,-150.63220682845645
12670,5.0965869649551365
12671,-69.78980536897726
12672,-112.32444440508752
12673,-100.0024862992014
12674,-30.69259988004329
12675,-45.63791495101311
12676,-88.41090265439964
12677,-190.8432074573492
12678,-71.31062983199631
12679,-8.367697628376291
12680,-82.33409251959776
12681,-28.539450363778244
12682,-128.68545555033137
12683,-112.75475638585286
12684,-91.19840916685038
12685,-17.973761555117463
12686,-65.30994125812296
12687,-86.52955360875762
12688,-126.36485513280992
12689,33.903840384663965
12690,-78.17219722788171
12691,25.8013011945619
12692,-93.82059766343124
12693,-110.72892644265596
12694,-82.36876824106038
12695,-211.34319403202886
12696,-45.54453487319991
12697,-69.60186435702022
12698,-128.6198686803646
12699,-16.47876381652287
12700,-122.72400629619914
12701,-6.370807184797343
12702,-180.5386197368618
12703,-24.659743731700004
12704,-81.69948607390336
12705,-135.3918169716133
12706,-182.89888245030448
12707,-125.25352141118528
12708,-127.76614237706937
12709,-145.56308450008305
12710,-65.26997572104548
12711,-85.89149208462008
12712,-71.30475490262609
12713,-193.26263181401657
12714,-88.35270227604863
12715,-148.32955366973388
12716,-52.33150700284115
12717,21.782017523717215
12718,-121.15154708871843
12719,4.9338299750713475
12720,0.7860380552330213
12721,-68.39308736617902
12722,-26.733577555567933
12723,-108.98810299943392
12724,-180.75062009757562
12725,-118.27291692962217
12726,-137.30937645669798
12727,-30.172915235558165
12728,-15.104604634737825
12729,-100.84395241284129
12730,-135.92195776456282
12731,-44.27356313919636
12732,-22.686323659389913
12733,-16.310847745615135
12734,16.987273946291467
12735,-60.80213371090595
12736,-133.45957764910128
12737,-110.62661503458534
12738,-42.10188941842058
12739,-40.09832809990763
12740,12.299379233765137
12741,-49.45386182263252
12742,-35.59518729986263
12743,-177.12422764272443
12744,-55.8182829489553
12745,-164.75616858392874
12746,-365.27124981128003
12747,-4.180536481689273
12748,2.500736425188464
12749,-20.673511066460833
12750,-21.603514602527255
12751,-67.60840949959386
12752,-109.94904448308351
12753,-112.01670456612524
12754,-85.42127086754753
12755,-154.55736578038585
12756,-73.15100547185833
12757,-92.65389336042934
12758,28.178977372458576
12759,-78.97238215673434
12760,-104.03908647468675
12761,-45.58775601296381
12762,-129.80548262837004
12763,-158.9059882369371
12764,-138.12855971217033
12765,-5.8771934564293105
12766,35.40729077462157
12767,28.60480319489247
12768,-134.57832450708503
12769,-117.80308100525481
12770,-155.74970279707892
12771,-45.987461741995865
12772,-158.62089129496331
12773,-148.76865586236352
12774,-113.35535013519369
12775,-101.4694032108278
12776,-83.98491037779803
12777,-39.758673567212796
12778,-96.20880986779903
12779,34.75406263904125
12780,-85.56873400467605
12781,-138.0907402563643
12782,-44.67964049193675
12783,-131.1776874816292
12784,-44.75296368577904
12785,-156.0657265007017
12786,0.046265575448174445
12787,-84.13773534694063
12788,-118.49581002722586
12789,-62.69000706676295
12790,-1.9237495318743925
12791,1.9763360329261133
12792,-146.40560262921332
12793,-98.13582258691255
12794,-69.25059988108151
12795,27.50512395171586
12796,-176.4214044462982
12797,-139.61941733081662
12798,-132.58875700735575
12799,-99.75766178976986
12800,-127.8510379137913
12801,-94.02062113672528
12802,-212.7288175022941
12803,-10.410944826639266
12804,-84.12314328218963
12805,-27.41855208878131
12806,-74.04857404960303
12807,-117.924912228124
12808,-122.70367358953264
12809,-146.84173216602673
12810,-175.1166020135498
12811,-192.94517749180164
12812,-159.11697585652553
12813,-77.69500439488425
12814,-104.54157887368945
12815,-123.50416967653693
12816,-10.848016451415063
12817,-117.81953256774548
12818,-24.663648559648166
12819,44.048437968902505
12820,-90.15297261371217
12821,22.287846188079428
12822,-87.34925923975347
12823,-92.40867919315045
12824,-14.390313289999995
12825,49.115799287158836
12826,-170.38292625253484
12827,-11.339603731632067
12828,-22.579956567620357
12829,-134.93374607912511
12830,-48.99146587742256
12831,-2.2856240098124374
12832,-129.91877591283014
12833,-85.22767381007698
12834,-0.3950733676585685
12835,-72.51158149862142
12836,-152.1108049506167
12837,-22.419214189244727
12838,-179.23233795930042
12839,-52.33361032289757
12840,36.340874296494434
12841,-100.6017857364004
12842,-161.1604474693224
12843,-40.42625748453895
12844,-30.98283071955359
12845,29.977536325009964
12846,10.008798649784808
12847,-98.93568677555443
12848,-132.72973611245277
12849,-142.57260551362629
12850,-130.6239877193647
12851,-82.30183977459671
12852,-65.55696262839311
12853,-88.36717640312428
12854,-144.18068475870552
12855,-148.80334456888318
12856,-58.38056339652768
12857,-16.746980476965348
12858,42.41308979695637
12859,-2.9062758802426885
12860,-5.4415404032477
12861,0.43025384826614754
12862,-133.78363929696974
12863,-165.7334829561578
12864,10.68005883084183
12865,-114.84791422907408
12866,12.532023936452134
12867,-64.27605761562667
12868,-120.44654350050173
12869,2.1206519855749946
12870,30.879872308043304
12871,-106.97036355848101
12872,-63.577474214279945
12873,-76.05035816866517
12874,-99.57612698427334
12875,-154.25297703441444
12876,-0.8165139341318621
12877,-47.0239002778778
12878,-94.69095539807459
12879,-209.03773210227885
12880,30.026584720726305
12881,-179.09232775553772
12882,-165.94944818595266
12883,-174.12746279433432
12884,-157.58061187770875
12885,14.930243819787478
12886,19.84201946693709
12887,-104.43481356364495
12888,-121.13843717203079
12889,-134.44646275685065
12890,-75.49691638164762
12891,-65.28622603584157
12892,-175.3184029030357
12893,-124.97647238828074
12894,-128.21544409792932
12895,-134.86919686037953
12896,-123.10748995268416
12897,-170.01005539597634
12898,-216.951425469753
12899,-153.67773111531992
12900,-391.57283688478793
12901,-169.79095138092325
12902,-147.61991731388258
12903,-174.1200058153509
12904,-51.74140132702358
12905,-149.2937797548637
12906,-85.28685963419947
12907,-14.846173065740288
12908,13.152537177104406
12909,-122.9560101641945
12910,-217.8672502358329
12911,-88.75861915275058
12912,-147.25101556965
12913,-81.77951002779942
12914,22.94366317465287
12915,-42.29435604703353
12916,-88.98782738133846
12917,-141.90878027052136
12918,-61.48983027849959
12919,-46.09083742482332
12920,-104.66130405518996
12921,-151.91142294628224
12922,27.827645528130432
12923,26.5785407002453
12924,-119.22603485175452
12925,-154.55019729038878
12926,-20.07540727085599
12927,-56.49927875957401
12928,-134.74020793597367
12929,-124.43530333903237
12930,-74.15847809920345
12931,-43.22269434226726
12932,-80.2939320714595
12933,-55.20412481055977
12934,-13.48266526480046
12935,-88.22067579841394
12936,-66.8819606520021
12937,-110.68788334268967
12938,-60.98525639848093
12939,-117.17717586758548
12940,-72.66882882828604
12941,17.962504902786506
12942,7.396991078355768
12943,-149.28559552047534
12944,-89.54323235763457
12945,-46.837371267136874
12946,-50.92442969292924
12947,-63.776114076352485
12948,-38.541800380267716
12949,-74.4266325167246
12950,-30.123227980475605
12951,-52.811582380503914
12952,15.522116349600381
12953,-152.10454311658683
12954,-60.21212077603374
12955,-176.29258083277168
12956,-140.85865425312915
12957,20.527229925374428
12958,-202.3503417297241
12959,17.00323513785048
12960,-24.151792230940558
12961,-112.9104516946621
12962,-178.4829029662358
12963,-93.32212391329111
12964,-110.73594920329742
12965,-51.65152714746087
12966,-110.07020376251322
12967,10.802339149925643
12968,-91.63107241430383
12969,-18.125414167133812
12970,-59.357038600158816
12971,-89.19223668900865
12972,-75.23755809340835
12973,-24.208504090947187
12974,-179.33395816488306
12975,-182.64240255949585
12976,-84.53915866876581
12977,-65.90486236558777
12978,-76.23914200910139
12979,-141.96239419957016
12980,7.631841185701518
12981,-175.72238832879475
12982,-152.49747878108158
12983,-64.48192404179579
12984,-139.01010031957253
12985,6.803549720771926
12986,17.61118103263263
12987,-18.916382003638503
12988,-102.12584455296026
12989,-90.33211068858456
12990,25.62484340868967
12991,-300.35933249770085
12992,-21.009772649396453
12993,-149.90718480846914
12994,-6.4501368496389375
12995,-158.97531476317266
12996,-55.988619486444996
12997,-307.9418193426071
12998,-89.61616825730634
12999,-18.401813180386554
13000,-111.69572660884998
13001,-67.17951872174548
13002,-141.997256800549
13003,-33.976673386835984
13004,-88.2972417533954
13005,-103.67718891485814
13006,-87.36972423497491
13007,-67.14277008217468
13008,6.971269061040189
13009,-148.3979070681345
13010,-75.69068138178271
13011,-79.82703761285694
13012,-169.570241951455
13013,-103.42832648248844
13014,-95.36299234909757
13015,-126.00191973280536
13016,-77.2597460289003
13017,-133.3406121476147
13018,-172.96529808826836
13019,-3.530751968251735
13020,-166.9860395458103
13021,-66.9278759990555
13022,-159.9222257447015
13023,-82.61094650387682
13024,-62.98306587706651
13025,-84.3995794323287
13026,-38.593218507871896
13027,-105.95345652137624
13028,-13.726679527788036
13029,25.737086603093076
13030,-13.36184159374227
13031,-53.90822344564084
13032,-97.67153859365732
13033,-177.46623904712592
13034,-171.81445640683148
13035,-142.4960362131814
13036,-8.026763475858687
13037,-157.7950787582593
13038,-116.26078893265858
13039,-115.40403552986787
13040,-67.32875465133262
13041,-174.29979439720697
13042,-141.87009457277554
13043,-7.298912628456264
13044,-161.27928969027647
13045,-1.9247388993115209
13046,-108.0166118304287
13047,10.248914720574717
13048,-171.64913010043165
13049,0.5543985335171726
13050,-106.94049349588383
13051,-136.0807610076467
13052,-282.82111009435715
13053,-96.80444278601223
13054,20.067635125023045
13055,0.45893930820413686
13056,-113.46861499072791
13057,-108.09239503351164
13058,-150.72997683267184
13059,-43.08359303844772
13060,21.543620573569882
13061,-5.015141572978251
13062,-103.42032379356978
13063,-74.06411596072574
13064,-164.52841597097654
13065,-83.41775821353728
13066,8.53076087559353
13067,-109.57297377760035
13068,-49.52614618547216
13069,-314.8720059864597
13070,-44.78385937365821
13071,-110.69660595508711
13072,-133.20300655577694
13073,-96.12942780016792
13074,-158.94723209303942
13075,-123.12310566836395
13076,2.4320414024062273
13077,-98.65453239483679
13078,-73.80193858005137
13079,-267.0719643761243
13080,-197.6889446778688
13081,-76.18429908408301
13082,-16.62504222006936
13083,-64.65930313891965
13084,-78.01481589824255
13085,-4.756564087396725
13086,-151.17813276585133
13087,-105.2014134649652
13088,-220.289961411951
13089,-124.01482378068694
13090,-2.812043820404142
13091,5.1234902870749295
13092,-8.038647046797252
13093,-123.06813271476574
13094,44.55223723252976
13095,10.60671643360692
13096,-18.680311251876404
13097,14.364862039441036
13098,-1.4680453567505367
13099,-132.6092280913595
13100,-116.40521755997825
13101,-63.30460235237781
13102,-148.67702532199112
13103,-95.52034522681171
13104,-200.47758994104066
13105,31.431584355926105
13106,-172.8163953347704
13107,-122.19514150453654
13108,-57.11641982892387
13109,-162.43596378594634
13110,-73.6419603300669
13111,-61.817517702910195
13112,-114.48757044882475
13113,-157.94733885141952
13114,-89.51233083454166
13115,-12.824564847963117
13116,3.757927785944517
13117,-71.74775256136171
13118,-160.5973820053373
13119,-180.13459093188357
13120,-40.79330393263393
13121,-112.72687407909156
13122,-50.81047833454369
13123,-139.0395129489421
13124,6.079903579471136
13125,-116.72011559609687
13126,-0.22341648213097187
13127,-49.316449414409064
13128,-149.62199886630984
13129,-32.97394086590663
13130,-105.61314417935469
13131,-29.128188872283417
13132,-35.44006670991709
13133,-108.71110519808971
13134,-34.42022220577417
13135,-0.21975767440048344
13136,-89.55938131297114
13137,-36.886727312357934
13138,-210.45707357906767
13139,43.74508622151188
13140,17.457746149743244
13141,-0.9049494754165153
13142,-364.527924215494
13143,-54.243025100096844
13144,-51.47760536309433
13145,-120.60844745861517
13146,-37.9238294799692
13147,-137.4669212314975
13148,-123.95472985872017
13149,-106.88375586201879
13150,-66.97620821018911
13151,-56.802103123037085
13152,23.40981234539369
13153,-82.16718102605904
13154,-115.45849064358883
13155,-199.41965123934875
13156,-106.63871179295944
13157,3.9780637608921694
13158,-178.4910590103185
13159,-83.51480347476857
13160,-29.95088676141914
13161,-115.47218533428774
13162,-60.51690085251523
13163,-211.6345718876291
13164,-40.31994109376497
13165,-156.62658253021374
13166,-17.805766706595378
13167,-96.73071610309232
13168,-6.752429769498519
13169,-152.82960999833216
13170,-19.367780967858735
13171,-86.78402027851284
13172,-32.613366339144974
13173,-68.565695679339
13174,-110.77466227402407
13175,18.096489634312974
13176,-171.19181543041393
13177,-99.08093862391443
13178,-59.36616697259983
13179,-166.88213227520225
13180,-39.910054830406054
13181,-167.01386746297695
13182,3.965619208076774
13183,-73.34916769132413
13184,11.563316339885205
13185,-170.75202951190505
13186,-274.10133451115655
13187,-100.29952817419677
13188,-109.69727694270466
13189,3.823829390582034
13190,26.76108308376618
13191,-150.1501884308525
13192,-80.23206034600841
13193,3.357287765967044
13194,-15.803399572258812
13195,-140.71325454314447
13196,-113.4803947260818
13197,-104.12394860198478
13198,-74.31421078807648
13199,2.4432244770112987
13200,-83.67827852458987
13201,-97.55630209186711
13202,-82.01347421452887
13203,-2.985406731251075
13204,46.55388483803071
13205,-47.21704760329341
13206,-79.64327579658189
13207,-41.05363936362747
13208,-57.03060980507421
13209,-90.65965659961596
13210,-45.68801735453491
13211,-59.18059618858466
13212,-201.91492970700781
13213,44.568133411947485
13214,-58.47192406387228
13215,-52.775369704323595
13216,-96.53242114273186
13217,-94.59900574866298
13218,-134.0328321179976
13219,14.760202904804785
13220,-28.270925007441775
13221,-77.08796865707382
13222,-9.01739241767308
13223,-213.81105956605984
13224,-74.87075513305845
13225,-53.84816108395049
13226,-88.61558945325064
13227,-122.37116959246585
13228,-81.00352553896704
13229,-55.33122553963591
13230,-122.38933110406494
13231,-58.9412996789775
13232,-157.11426239937964
13233,-59.70378347367303
13234,-161.90659892679156
13235,17.403841030498484
13236,32.769937887536884
13237,-109.99104135626177
13238,-126.47319462244869
13239,-71.10978163759805
13240,-78.67895862807161
13241,-69.75333429694169
13242,-102.29059700504287
13243,-7.861738646184179
13244,-77.45059640015344
13245,-8.215019050731826
13246,21.30476707738312
13247,-146.50572758358066
13248,-63.752401266207244
13249,-143.62929575416558
13250,12.827401485136676
13251,-72.80091769615994
13252,-131.0375986917856
13253,-120.62588358565525
13254,-168.10711258900022
13255,-14.540706961140671
13256,-82.48219879266605
13257,-123.73599967877362
13258,-73.18984309421722
13259,-112.99814480609156
13260,-101.008011799502
13261,-59.21273670454541
13262,-132.6755900920902
13263,-150.46762876736116
13264,-169.3412774680766
13265,-29.58615201661526
13266,-54.78694451334161
13267,-153.0032830784195
13268,-115.80999823617407
13269,-105.99818863460169
13270,-77.38892215551198
13271,-196.73082940378248
13272,-91.7018507126278
13273,-102.44889945532924
13274,-187.10945871928655
13275,0.7374256088093887
13276,21.33788227537441
13277,-112.03148097732353
13278,-77.4897340256235
13279,9.282604313358675
13280,-65.13251432680264
13281,-144.1756694362004
13282,-118.78941281879219
13283,-98.10209244286517
13284,-58.74430088327052
13285,-136.69688586801482
13286,-141.78180754446862
13287,-179.13278401715812
13288,29.899055177290847
13289,-73.24682269888237
13290,-117.07115265099523
13291,-112.80150420575661
13292,-158.87467530097823
13293,-130.04701640647713
13294,-12.189578474495931
13295,34.74271851078629
13296,-190.8884646332359
13297,10.071503484338649
13298,-3.094585055246114
13299,-102.11057728072952
13300,-39.45240138523329
13301,-230.9532851009921
13302,-79.48372723421394
13303,-134.99768500472464
13304,-33.19661767117978
13305,-115.47992937449925
13306,-74.51706109203158
13307,-3.478486447049889
13308,-98.2288790950242
13309,-43.66624525255317
13310,-79.44894320356623
13311,-58.09658947988206
13312,-36.31063321884537
13313,-80.84788917967975
13314,-186.75019001923818
13315,-54.61095383897001
13316,-180.83899210505194
13317,-129.9189363010883
13318,0.8986138600988909
13319,-63.017610713170114
13320,-99.28133257640125
13321,-126.42490819041132
13322,-91.01086367327137
13323,-98.54035054998197
13324,-335.4901656549182
13325,-154.40960656545042
13326,-54.88195974699692
13327,35.17518643428073
13328,-101.7591430376849
13329,7.441932736631685
13330,-124.06844031831457
13331,-19.057824875696284
13332,15.789675199265204
13333,-138.5734677276376
13334,-106.96114217949335
13335,21.85480655970376
13336,-112.93021323449757
13337,-104.36976420230205
13338,-63.06354998530083
13339,-2.4662235359079574
13340,-63.052544048503194
13341,-114.85180222753291
13342,1.7156674821134175
13343,-54.12596554022059
13344,-109.0797334134111
13345,-47.39029572691608
13346,-158.20476057989185
13347,-13.144649211813814
13348,-189.32945907873142
13349,10.504220310320036
13350,-146.15386352548055
13351,-99.92111110756794
13352,-59.66121003315723
13353,-26.658373661587675
13354,-22.178530855730628
13355,54.853821667788424
13356,-106.7282863637219
13357,-6.911493658375349
13358,-55.208583618752165
13359,-73.91931106338882
13360,-97.46863421336094
13361,35.95460503512027
13362,-118.57619829249204
13363,21.147360738364398
13364,-69.92630502961126
13365,-108.29830186317874
13366,-201.18101662116328
13367,8.75698932250755
13368,-111.68286028545349
13369,-10.00341972813456
13370,-89.48104675636822
13371,-116.98565583734522
13372,-71.46298505264078
13373,16.152212797772805
13374,-106.90933074641158
13375,-188.83994107195065
13376,-105.59027359365012
13377,-86.57068078999852
13378,-162.14162366971766
13379,-105.5129216440026
13380,21.047655657329642
13381,-83.50071228834538
13382,-130.4568681297913
13383,0.7296789658806233
13384,-40.483255566609415
13385,-93.94152690061874
13386,22.348700666170387
13387,-13.50075713511059
13388,-107.40690104986238
13389,-164.77782503845515
13390,-65.4494515736457
13391,-60.82873010656002
13392,-134.02089596228376
13393,-33.876377121815565
13394,-19.676115099441844
13395,11.670719078081262
13396,-116.363911043731
13397,22.132374923022127
13398,6.152604040937831
13399,-124.18091596310556
13400,-86.73006626226761
13401,-136.14355925525413
13402,-136.46764184830153
13403,-190.13690055515528
13404,-53.91040220493067
13405,-103.5297774264924
13406,-130.47412594791444
13407,-169.12178643253299
13408,-25.38415258710816
13409,-131.41546062332017
13410,-123.28193915847913
13411,-129.73921277544792
13412,-84.17748770831739
13413,-202.491456181898
13414,-56.034313310456135
13415,-79.63641716095194
13416,-114.52210124275693
13417,-165.6694023001907
13418,-301.2046700221439
13419,-115.99283660827157
13420,-99.0808408349514
13421,-62.796013867647346
13422,-109.15877019087065
13423,-170.00719657802716
13424,-169.95497236909085
13425,-59.254862803821226
13426,11.738411350673232
13427,-77.8257164073363
13428,24.189240445224215
13429,-175.1812229231495
13430,60.36249387756763
13431,-93.79212600445535
13432,29.416047476025312
13433,-5.968633828778167
13434,11.394780671870933
13435,-187.2595768751813
13436,-212.66842379200654
13437,-142.33234588332533
13438,-33.94407524781023
13439,-68.40803602191933
13440,-135.28629006304894
13441,-15.929720598908986
13442,-34.513778623413046
13443,-173.2234489420883
13444,28.44166474790046
13445,-56.20136266462872
13446,-10.301124423983154
13447,51.571173203671265
13448,-26.2257753885129
13449,-83.2885885813681
13450,-69.56047097418524
13451,-89.2744464951341
13452,14.164971082771373
13453,-76.67495226418748
13454,3.5402714978481526
13455,-118.5535161509888
13456,-105.16566035469603
13457,0.4173730036149408
13458,-97.6409167607729
13459,-43.20263801209175
13460,-118.60202826933288
13461,-155.43544766696084
13462,-132.90427461968267
13463,-199.0610660004755
13464,-18.193416965123163
13465,17.22015146359496
13466,-15.569878666897523
13467,-125.91977684119685
13468,15.673984647461964
13469,-72.7378327343593
13470,-99.95866466745413
13471,-137.01523070741143
13472,-72.54863623409146
13473,-130.09901432013118
13474,-14.558968750311678
13475,31.790729875635236
13476,-3.3054325723481526
13477,-4.608376197362091
13478,-75.19224150096542
13479,-134.54531989442592
13480,10.510723780006856
13481,-41.73645359254411
13482,-200.30454298836656
13483,27.567522904287443
13484,-74.84990570263668
13485,-100.58319356957949
13486,11.994919834339541
13487,-82.45547052268472
13488,-70.83459385484416
13489,-178.80869445383547
13490,-118.77330803896555
13491,-38.162460625652784
13492,-3.6296988446836735
13493,41.955774351872236
13494,-128.6726612694044
13495,-148.4571911595533
13496,-168.51086389465192
13497,-100.99132249150648
13498,-37.76027448986562
13499,-99.55734521698344
13500,-94.72359673085549
13501,-24.010794022407552
13502,-174.66375847717813
13503,-123.12285451044794
13504,39.43682188517246
13505,-91.50625954246189
13506,-18.3730120284893
13507,-169.50656587951994
13508,-118.24446431541728
13509,-25.748291568121303
13510,-98.74653339998432
13511,-293.0597642238722
13512,-33.03304083979931
13513,45.616875494225496
13514,-157.64932910288417
13515,-139.08906270960034
13516,-145.24079538145443
13517,-99.8665245724446
13518,43.54106449303785
13519,-64.63283855903352
13520,-61.44731675580553
13521,-134.61384308921282
13522,-208.6536657548271
13523,0.3324840046769282
13524,-172.48836793374804
13525,-83.8408495577796
13526,-116.30270243229474
13527,-102.56562022192067
13528,-33.57032484534331
13529,-51.5294428333454
13530,10.633596085020457
13531,-74.15888285364358
13532,-51.08250511255136
13533,-97.41116441688565
13534,-2.2420760328270433
13535,-140.23197080990423
13536,-102.34919268491706
13537,-138.91828694454705
13538,-65.01110341072504
13539,-52.506803588846935
13540,-78.17737959247351
13541,-94.34937154191668
13542,-222.656440271139
13543,-48.07239232224529
13544,-127.56834522049607
13545,-172.4998808115658
13546,-37.03657807906705
13547,-8.552335401235354
13548,-32.165745165834736
13549,-99.18630167335337
13550,-21.41833179777825
13551,-159.05801971854157
13552,-187.97673542186965
13553,-3.426649498835701
13554,-102.95343184478034
13555,-110.01387314056511
13556,-87.1666174742989
13557,38.38551266631953
13558,-132.09153078006136
13559,-66.40354796450497
13560,-82.81154148198006
13561,-108.79587930108781
13562,7.554790014983084
13563,-2.308902548585621
13564,-54.24219711999445
13565,-100.25997466503367
13566,6.4628525718813705
13567,-142.46025870194927
13568,-66.74495530343172
13569,22.695475631337075
13570,-250.48928419169357
13571,-116.29119492128066
13572,-135.85954165896018
13573,-154.47257711085672
13574,-75.78847710681114
13575,-101.75013987192267
13576,-70.78698637490764
13577,-44.57699695621666
13578,-133.29525769790357
13579,-198.4618283072346
13580,6.520393768966869
13581,-164.81012638696996
13582,-12.039994483578454
13583,-115.57568444843606
13584,-62.79388430366163
13585,-108.77816156033211
13586,-3.8852137758698007
13587,-48.87546957717521
13588,15.638658281501236
13589,22.306468068169366
13590,-99.08325149410766
13591,19.040359234001414
13592,-226.89132646706233
13593,-31.73504753883381
13594,-33.49005658020101
13595,-174.0245317709794
13596,-172.8952881572381
13597,17.919588185059112
13598,-148.369427549703
13599,-186.08226398232006
13600,-92.09971407492307
13601,-186.72792766225945
13602,-37.951243002809065
13603,-62.66846334318288
13604,-147.9873743329819
13605,-157.49631111882127
13606,-70.83269769602288
13607,2.8257428440890067
13608,-156.24588072338628
13609,-14.430902613271812
13610,-182.82749183784173
13611,-173.3350976671921
13612,-68.93485497758377
13613,9.862417253168942
13614,-86.49450846262692
13615,-22.910807842215675
13616,-206.52677386498837
13617,-146.64827987114427
13618,22.066856988774873
13619,-96.25857358714377
13620,-34.95160442083376
13621,42.075854021695704
13622,-199.9064805594134
13623,-20.966310695491785
13624,-196.8622226744448
13625,-85.0138131276697
13626,-326.34250750937395
13627,-148.3378684918627
13628,-47.16457524138326
13629,-115.69847976072315
13630,-101.80224167492096
13631,-90.66793109964796
13632,-104.3076821955065
13633,28.416735201769683
13634,-60.92088146339819
13635,-126.59116926667308
13636,25.895396466656095
13637,-16.136819272637325
13638,-218.2385628674392
13639,-67.16567342802261
13640,-64.32735661218467
13641,-2.8553492994669227
13642,-136.68385306430957
13643,27.18822730983102
13644,-83.22623234933404
13645,-136.9096666532854
13646,-181.62818497003158
13647,-150.9935445400195
13648,-279.086328702454
13649,-16.752110330719717
13650,-143.8510710066666
13651,-125.21629899252137
13652,-76.13186707089483
13653,-55.90187168573232
13654,-157.40645334411886
13655,-146.5672797952131
13656,17.872417419712775
13657,-160.38370964538856
13658,-114.8289078924867
13659,-59.96187452297579
13660,-117.25079637405476
13661,-54.043206029727195
13662,5.464252245203312
13663,-71.78810556569483
13664,-10.837554166335366
13665,-119.84300814350097
13666,-132.59815219233167
13667,-109.25049205419803
13668,-20.607756969361716
13669,-118.90395230493303
13670,-94.34601013583861
13671,-17.81658695113667
13672,-194.08390569638308
13673,-77.60231915444727
13674,-135.73184459235563
13675,-122.47344046592966
13676,-28.900914702645323
13677,-81.70771005477806
13678,-9.180725491214446
13679,-33.89429381935793
13680,-152.34807900593825
13681,12.920813404323667
13682,-73.11542770283666
13683,-21.60060256587211
13684,-74.1964168950942
13685,-150.68818805426798
13686,1.847659823054883
13687,-65.79000285684181
13688,-145.55172268002724
13689,-26.017589665531702
13690,-80.48996899801361
13691,-137.2034438157137
13692,21.255393329531984
13693,-62.436433803146556
13694,-118.00010282076343
13695,-126.66426536554296
13696,-27.27956704318447
13697,-84.36507979446246
13698,-128.1858363465994
13699,-154.77938417989583
13700,-171.9666426834126
13701,9.586751015365195
13702,-26.74225910075762
13703,-58.93998226183132
13704,-55.280123536278126
13705,-119.66995756918934
13706,-56.04223539494049
13707,-36.498554318987615
13708,22.96527395617653
13709,-21.881777597120447
13710,-66.80369436977004
13711,-77.08341154363008
13712,-155.6884542874992
13713,-10.742496931685551
13714,40.05175269264649
13715,39.11418953080738
13716,-17.758377044156774
13717,15.01018285350358
13718,-127.10512802812757
13719,-97.21187773972957
13720,-17.899852902483886
13721,-122.68028592885422
13722,-53.54674064287504
13723,-119.69309225622929
13724,20.32538968685435
13725,-94.02999037386036
13726,-70.14509186624001
13727,-137.3035914431255
13728,-44.44026582241718
13729,-103.01489187548633
13730,-58.337614637369356
13731,-145.53980963225413
13732,-149.59012376173342
13733,-45.779706964891346
13734,-80.71258051274216
13735,-102.71039583000005
13736,20.191206043434534
13737,48.89962096706057
13738,-135.70332871926524
13739,-119.19595389119797
13740,-103.06928397735082
13741,-21.97021145846523
13742,22.14862646010019
13743,-163.21720555390962
13744,-91.76146031876462
13745,-11.990891524351738
13746,1.4183220243488677
13747,37.544952876176694
13748,10.827129719393
13749,-81.30776449679371
13750,-128.42920553397752
13751,-30.244009106373625
13752,-168.76281626520912
13753,20.690762431036774
13754,24.37223261681963
13755,-44.559966618228316
13756,14.69306351559922
13757,-126.63950047105945
13758,-35.8631915837593
13759,-78.02766512515913
13760,-132.74446062356967
13761,-160.75757798602956
13762,62.23099614055229
13763,-113.84766505661997
13764,-169.66673313894492
13765,-102.73529863745183
13766,-136.6106361051035
13767,-74.52725432795214
13768,4.209450427727944
13769,-95.32163313997927
13770,-41.666948653123754
13771,-99.44968503754534
13772,-72.3640385005654
13773,-124.71134179334538
13774,-54.175904836415
13775,-77.0691856491041
13776,-54.09855930372281
13777,-44.697506855427136
13778,-21.665746451728992
13779,-131.49682006938852
13780,-274.5567401078507
13781,7.989927873400319
13782,-87.7102290810752
13783,-177.74960350173706
13784,-133.03992898900393
13785,-79.15481587415158
13786,-56.45773742376336
13787,33.16200050485969
13788,-73.14155510037557
13789,-32.102477058586544
13790,-121.85435031159936
13791,-127.12441737132947
13792,-147.60480147213804
13793,-95.76007525706575
13794,8.829966133032755
13795,-133.848596345677
13796,-134.64378368353613
13797,-124.865094486963
13798,-185.1924596293548
13799,-62.702356842270135
13800,6.174601659381906
13801,35.31890699132137
13802,-160.99943364868057
13803,7.424045551199981
13804,-159.56637540440525
13805,-140.1808081763814
13806,-13.615820282566148
13807,-69.6274165183781
13808,-98.05631101429405
13809,-111.20772477112655
13810,-22.428875155499654
13811,4.245712205619753
13812,1.3338066995699194
13813,-1.7518215063521296
13814,11.340319276716173
13815,-52.22168067748579
13816,-4.405556432987183
13817,-126.5580014065385
13818,-94.30841510570637
13819,-89.22222094476331
13820,-94.95301505429421
13821,-112.60937748445996
13822,-25.334275024304432
13823,-58.856118043766784
13824,-208.74427590656427
13825,-175.40403378954787
13826,-99.14752279817121
13827,-166.57202937805982
13828,-60.69713917597864
13829,-132.22212607909145
13830,-155.8935502729422
13831,-37.104535275112255
13832,31.62428069985677
13833,-19.98164110019607
13834,-101.2929182222996
13835,-176.18214581311207
13836,-139.30381833022426
13837,4.9831598424603385
13838,-101.63055489343517
13839,-100.88841609355731
13840,-106.30316221579821
13841,-116.18203411445977
13842,-117.85974648712197
13843,-162.20184438751937
13844,-14.628750862942809
13845,-88.940865039367
13846,-109.45431168342131
13847,31.624972425315377
13848,-120.40996601435606
13849,-6.492812201761609
13850,-172.32213146965972
13851,-131.8427953481199
13852,8.545447803608042
13853,-12.11764623703192
13854,-23.680932738592986
13855,-66.45835852480987
13856,-26.073306802267453
13857,-46.921408943804465
13858,-192.4224752421743
13859,7.3584888596269025
13860,-107.11454245245048
13861,-34.34177522450878
13862,0.5613005717785313
13863,-86.12252153386522
13864,-130.33105126375165
13865,20.84996138718992
13866,-42.722298430817816
13867,-125.94022935657267
13868,-13.841237040708478
13869,-29.24757999109852
13870,-135.1159668758657
13871,-121.52161934633253
13872,-214.59050196040874
13873,-111.16973913624118
13874,2.988458942510988
13875,-74.66824341034925
13876,-142.63289224288684
13877,-137.30836506042596
13878,-148.06582509663048
13879,-109.34603605295978
13880,-84.14162169451541
13881,-121.92712754006011
13882,-80.64166095614017
13883,-74.99853936259323
13884,-47.82955432763972
13885,-63.60997670810371
13886,-41.20881632476706
13887,-200.3327877177801
13888,-33.05428659863833
13889,-112.96852974708356
13890,-57.6168546689761
13891,-79.75015574519604
13892,-172.96154350802595
13893,-39.097128494628976
13894,-22.884128122321584
13895,-119.8749433302067
13896,-29.80719151801769
13897,-195.47143512895394
13898,-104.70637601361506
13899,-32.08521074374234
13900,-134.8238201903994
13901,-47.17368260881278
13902,-98.21724347851631
13903,-94.72616877002943
13904,-39.57633622484452
13905,-22.752837227465164
13906,-15.41126769832806
13907,-137.01334283061863
13908,-108.66506029140655
13909,-44.836306983086914
13910,248.84679732622004
13911,-111.34095056669112
13912,-150.73979551555573
13913,-103.07502075867217
13914,-63.84419988502961
13915,-7.767397518863945
13916,-49.87727424942783
13917,-207.39807855104067
13918,-13.648501773059223
13919,-187.08948242600138
13920,-25.136446881800353
13921,-87.02584856590573
13922,1.6938194474020491
13923,4.627730432664691
13924,-66.85010166120323
13925,-333.36611435068596
13926,40.881587614110686
13927,-193.88224681046077
13928,-53.981389205846796
13929,-6.7690463222680535
13930,-114.5116314661579
13931,19.860918765297598
13932,-134.11389245018222
13933,-141.91852581688892
13934,-78.95979062018917
13935,-32.10793618352449
13936,-139.8271812331506
13937,19.356538745190704
13938,-116.42473297491867
13939,-104.14462701536202
13940,8.600768086844724
13941,-4.983878820108345
13942,-169.9107121569884
13943,-68.96519736366145
13944,-45.90330142352941
13945,16.013149494782795
13946,-10.999256437746766
13947,14.677298934442334
13948,-125.38138469514452
13949,4.911250678956122
13950,-259.7244636396154
13951,-43.996646627004225
13952,30.357823968012553
13953,-77.30645364620217
13954,-75.2176712610788
13955,-172.85588255179863
13956,-67.54061573326686
13957,-43.33075207782042
13958,-77.35684437683766
13959,-86.14073425188855
13960,-193.68660486019718
13961,61.32830343019572
13962,-121.39741973789488
13963,-129.67775633731068
13964,-103.37815984409227
13965,-99.65649440345261
13966,-11.747054610616033
13967,-143.6137457975965
13968,-164.93872804042041
13969,-75.77877976814511
13970,-32.49979095296372
13971,-319.32743239166837
13972,-103.17601619448527
13973,-62.00933749300444
13974,-187.71905574064408
13975,-46.371951948445904
13976,-44.84168350342716
13977,-85.2715352992747
13978,-32.710826684759255
13979,24.482285926657184
13980,-73.93686343599492
13981,-136.69058203995155
13982,-121.68062352224091
13983,-115.87648329287293
13984,-97.51854927877467
13985,-114.97603204015108
13986,-103.59782172809753
13987,6.964109063495485
13988,-97.58051377423962
13989,42.18202875446798
13990,-22.173380808372883
13991,-2.16517050782862
13992,-54.61984930350713
13993,-62.39843774129903
13994,-192.22345817684783
13995,-29.015282386298622
13996,-62.65322059194781
13997,-6.2838735301890125
13998,-47.65797577943536
13999,3.146916795880486
14000,-133.84345379147757
14001,-121.87861538259648
14002,-47.85931990587705
14003,-130.3655672426902
14004,-182.62389870278514
14005,-100.19176423304664
14006,-42.84933978250501
14007,-61.768190449074794
14008,-73.14389272704909
14009,-92.62150025477143
14010,-182.47908615097134
14011,-11.796726539811885
14012,8.827548885116371
14013,-142.71344634005482
14014,-56.44160987953522
14015,-112.96480391820702
14016,-120.04406579890767
14017,-191.25501268755613
14018,-114.33943388555704
14019,-184.69768122506832
14020,-122.9106460600941
14021,8.476028651306635
14022,-44.55212568141288
14023,-91.23303794031663
14024,17.449672568362644
14025,-196.67268770731837
14026,-100.30005450656517
14027,-65.88538622672407
14028,-140.34537681590717
14029,-59.898507190833705
14030,-139.1635596903899
14031,-173.85104159867277
14032,-53.00396850656161
14033,-49.917635741186196
14034,-164.87820113787927
14035,-218.93079026199183
14036,-256.142196204442
14037,-66.82195043137136
14038,-70.69619828546459
14039,-88.72931261738098
14040,-139.16011084051752
14041,-124.96761867756248
14042,-12.025028275498855
14043,-74.51645284234004
14044,-165.224773219641
14045,-161.13021761843612
14046,-127.42157377412191
14047,-120.63899024007087
14048,-159.6371752946103
14049,-82.81477513914453
14050,-103.69957821869828
14051,-70.29329743802919
14052,-177.92292800144156
14053,-10.72665275963135
14054,-90.18549146079586
14055,-140.8288067418436
14056,-131.36102370468723
14057,-63.80231590130978
14058,-136.43387937618002
14059,-154.1767178554361
14060,-13.900081328960638
14061,-99.2723677257945
14062,-55.649954417146134
14063,-86.07115559460833
14064,2.955536182066737
14065,-90.36363529498912
14066,-52.751527356778496
14067,-55.79810727953061
14068,-122.32588797038227
14069,-83.72511822634479
14070,-167.27235268193868
14071,-32.25534525392703
14072,-29.25910780108329
14073,-41.10627532556588
14074,-84.15783667065999
14075,-74.62636868826038
14076,-38.89013958657539
14077,-76.40670480653773
14078,-83.20296500336362
14079,-74.0879515411878
14080,-21.814802386415153
14081,-67.55438359709163
14082,-174.54634071074042
14083,-4.027662185411771
14084,37.538019873151796
14085,-245.4506263683127
14086,-176.47227263664172
14087,-132.01454545533622
14088,-56.983781131346106
14089,-197.15230664258326
14090,-24.290330007274505
14091,11.700488170344798
14092,-113.04870314688958
14093,-48.27777478982128
14094,-263.15273393690245
14095,8.18822702477405
14096,-152.43684623476065
14097,-177.06680498842462
14098,-88.54970623565207
14099,-114.72740869449493
14100,1.0495927721975988
14101,-48.512115351055385
14102,24.22523576751263
14103,-99.8988953085261
14104,-138.30313002257353
14105,-170.66169037758957
14106,-88.31075366864984
14107,-96.03303919470298
14108,-216.67593721968024
14109,-35.87286755717257
14110,-58.445231833704966
14111,-47.705532162972546
14112,2.123864529875192
14113,-111.90622930302808
14114,-84.46759505879677
14115,-137.8246104023396
14116,-178.8174673336211
14117,-5.629059368674206
14118,29.30054041148145
14119,-92.20610726219564
14120,-145.4019142073579
14121,-131.05692894993956
14122,-43.330885972968886
14123,-138.8264487241826
14124,-71.09010682983319
14125,-11.72553901565459
14126,-109.74047984421273
14127,-176.7957888345627
14128,31.154589600089736
14129,23.853115708847326
14130,-174.92181330755693
14131,-26.223143875597884
14132,-118.87410021568883
14133,-4.751082380103554
14134,-79.40008655245046
14135,-117.2197104780428
14136,-53.62124160506207
14137,-187.18928999727012
14138,30.386260066248724
14139,-56.91584262745855
14140,-77.97305706115095
14141,-120.27001170684154
14142,54.50848323104799
14143,0.1706723132716803
14144,-40.15382191130863
14145,-206.88183047524817
14146,-162.22827571938092
14147,-128.3068043862773
14148,-77.75813051076423
14149,-0.7967376243558277
14150,-168.807321700976
14151,-330.14628488309654
14152,-77.15722616415692
14153,-174.2441348264294
14154,19.09787389192425
14155,-101.17481098328186
14156,-132.19137054187587
14157,-185.14213340322488
14158,-92.676995810736
14159,-113.80262044758385
14160,-39.11604318929828
14161,-117.16439037210226
14162,-7.59450014045818
14163,-142.27690575256247
14164,-137.64985022887052
14165,11.866734653704711
14166,-19.044836243501436
14167,-125.97075908553205
14168,-187.16475596624105
14169,-111.67130558664732
14170,47.632923157396164
14171,-136.83141798497527
14172,-28.510329817895126
14173,-55.11729211231177
14174,-129.21161707354332
14175,-122.01592475668804
14176,-13.9286507467082
14177,-97.82133907802078
14178,-62.77292847483538
14179,-26.83858931343603
14180,-88.49610465181252
14181,-64.16982505311755
14182,-72.75599612102977
14183,-124.46996968487466
14184,-85.62854393278249
14185,-139.12001947566444
14186,-23.737925106622768
14187,-161.58441509313448
14188,-58.29983952147204
14189,-91.59386591743562
14190,-68.03261263490896
14191,-31.838773040734637
14192,-40.88321450889656
14193,-41.970846268329154
14194,-34.0967077800254
14195,-67.12490140683268
14196,-174.28772434439054
14197,-145.09386638420986
14198,-36.227021467668465
14199,-60.497378923433885
14200,-107.12324831209035
14201,-126.86078988144328
14202,-53.97371555778861
14203,42.51685388428268
14204,2.1250912040884486
14205,-187.28163017652963
14206,-152.13407736662091
14207,-89.81153966781557
14208,-186.8917158954137
14209,-165.28771969918898
14210,-82.46493527915385
14211,-161.86755911680842
14212,-146.4110690963525
14213,-177.4521802228479
14214,-153.16368822907248
14215,-42.981177750724555
14216,-107.50851441619658
14217,-20.018914370314164
14218,-8.79591585814471
14219,-78.19165534514082
14220,-58.17535486455891
14221,-157.10823312451248
14222,-134.59783622001373
14223,-46.09076001689431
14224,-93.01647596783346
14225,-96.06902447400547
14226,-259.6131348774727
14227,-154.75190986220338
14228,-78.81940625990633
14229,-148.91536925899624
14230,-64.76744726806615
14231,-107.17480127445681
14232,-139.37008199809034
14233,-29.94841355388064
14234,-135.53620246403057
14235,-130.5210719367599
14236,-17.537774220752382
14237,3.623052692298529
14238,14.781251630244014
14239,-68.82078275881943
14240,-76.64582361221262
14241,13.057362007097183
14242,-91.85700569674809
14243,-34.481006818204605
14244,-86.16537961407427
14245,-114.83837526416613
14246,-64.12037544557684
14247,-32.23670904819231
14248,-108.56646308851434
14249,-126.21985831122815
14250,-91.18926142017314
14251,-136.40364364306967
14252,-167.00795953514552
14253,-10.219822577877878
14254,-24.416909622763526
14255,-140.47095220792016
14256,-131.78238547297894
14257,-168.93182183320033
14258,-152.12234731194343
14259,-235.30677268641224
14260,-117.82573944885851
14261,-160.18795471388196
14262,-84.49935173541397
14263,19.61738982420316
14264,-187.34540443386126
14265,-101.395008418743
14266,-211.1283670249027
14267,-1.8200861537579271
14268,-12.546098135475276
14269,-166.36437254505083
14270,-90.03743736625229
14271,-18.82259300308013
14272,-156.01811313359508
14273,-17.01095437781872
14274,-55.48450497071353
14275,-49.242570316175815
14276,-13.572482308845949
14277,-176.93520628792578
14278,-10.62199098123088
14279,-146.34819757165803
14280,-125.42544949528164
14281,-138.8683242972221
14282,-135.90145549741868
14283,3.3747195552616063
14284,-149.86799449832836
14285,-148.90491776563857
14286,-211.55964997759077
14287,-45.188646306900075
14288,-120.66376366535518
14289,-55.3422883366652
14290,-9.220357230652425
14291,-178.65007094394775
14292,-73.43498633526906
14293,-34.21890334327536
14294,-171.36119095155635
14295,-151.01718479720446
14296,-59.86293371198262
14297,-90.54547011822342
14298,-85.43566742402642
14299,-29.67978919299884
14300,-54.331584447132926
14301,-141.52708623827021
14302,0.8625989436304309
14303,-70.1337148376264
14304,-9.790284798792683
14305,-97.92105047417466
14306,10.135534899512763
14307,-136.76434422548988
14308,-141.52797013483428
14309,13.112022388174907
14310,-97.46562948360176
14311,7.131496507016024
14312,-8.812187002355515
14313,4.468754098036655
14314,-84.95740530476999
14315,11.572333107757473
14316,-91.96336023147288
14317,-74.05677869337104
14318,-10.879259679120935
14319,-103.84419853190288
14320,-88.82951131201261
14321,-135.02376094008747
14322,47.32102879158998
14323,-169.01431875323766
14324,28.563364438403653
14325,-97.47395931519952
14326,-80.75854853494067
14327,-48.58623645966847
14328,-79.17714707517288
14329,-46.67768838095135
14330,-61.20947629277708
14331,-24.5136946599806
14332,-105.90200505257975
14333,-142.3086300237418
14334,12.649746866557592
14335,25.066654758620643
14336,-96.36235879975786
14337,-66.11970867754346
14338,-59.918052179809976
14339,-109.04014088183226
14340,-59.7137473230223
14341,12.104565217614677
14342,-77.42159418224519
14343,25.91530418018074
14344,-36.125280020133346
14345,-16.733070585486843
14346,-114.03696036738688
14347,-82.483601967758
14348,-127.70635829822957
14349,-63.11613796251885
14350,-87.8872304015716
14351,-104.60945984786049
14352,-11.264617668429878
14353,-44.371838846108886
14354,-45.64795880483253
14355,-121.35287695686532
14356,-139.12397247182525
14357,-84.00798887341729
14358,-107.9100566317889
14359,0.4936020377305539
14360,-28.759370611053413
14361,-16.386011149405434
14362,-0.7494518393478984
14363,-73.83139049302392
14364,-284.3676323772245
14365,-140.38418778270125
14366,-187.9277426607495
14367,20.79968849487463
14368,-105.13432150013355
14369,-23.638657299844652
14370,-131.09509060776776
14371,-79.21820585369798
14372,-61.53934674446663
14373,-142.83264899775435
14374,30.789801508807727
14375,-109.9566553354233
14376,-68.71719806519343
14377,-143.8325333817898
14378,-0.6603825978049827
14379,-29.962412960564265
14380,21.449431393106465
14381,-47.13437516552226
14382,-159.17584647121106
14383,25.68012754301506
14384,-105.82035453750774
14385,26.17643610882797
14386,-134.13121109477947
14387,-30.912165897112033
14388,31.975476648317084
14389,42.23322461841494
14390,-121.55642131278893
14391,-16.959720493092902
14392,7.8040316587375
14393,-143.9460408871671
14394,-205.22013579163786
14395,-50.208608073873634
14396,-260.79965234385816
14397,31.87525078561322
14398,12.917205333162897
14399,-132.10685355267236
14400,-141.3727004259332
14401,-362.83197903631503
14402,-47.940924039494405
14403,-13.13828452696795
14404,30.335197732909307
14405,-274.38921171424636
14406,-270.6965960144744
14407,-69.56148349816647
14408,23.96700461891068
14409,-15.447481622326123
14410,-149.01341607474643
14411,-31.886618722487867
14412,-188.6048161646856
14413,-96.25084728397077
14414,-196.48226664776615
14415,-60.164511881960564
14416,-58.986291934179704
14417,-33.12495080814557
14418,0.8315307791033888
14419,-55.321078990616044
14420,-115.10588624893474
14421,-101.5179979695075
14422,-40.06679840048069
14423,-233.02151431036617
14424,-59.53141426316874
14425,250.05356134275127
14426,14.411451513261554
14427,11.466554082806297
14428,27.839691053379227
14429,-37.174491253479275
14430,-131.11076386114098
14431,-52.99262175180969
14432,-115.84327343218635
14433,-141.11797204761996
14434,-110.05478172983992
14435,41.89093628426261
14436,-92.61159106000106
14437,-122.75802570858868
14438,19.934920595804158
14439,25.891362934298513
14440,-156.92065493635766
14441,-139.30625772469637
14442,-129.23132223098506
14443,-98.53659333565011
14444,-11.672227224701118
14445,-153.6556296326837
14446,-194.61154086656154
14447,1.366141051065327
14448,-61.6499334735837
14449,-127.31508582194819
14450,12.912865000667821
14451,-159.21749870098694
14452,-36.92916584240344
14453,8.19389201232056
14454,-123.18453243336616
14455,-53.796359957799424
14456,-9.12677340653957
14457,38.07207869666118
14458,-32.34341398183443
14459,26.34847752809256
14460,-149.18890540073807
14461,-103.15051674435529
14462,-38.891881226185944
14463,-87.77141066049299
14464,30.168481858304773
14465,-135.66282308197643
14466,-186.6262971314378
14467,-181.78280635884266
14468,-12.412421237386738
14469,11.624819095331375
14470,-124.54821901186072
14471,-23.852029760001415
14472,-130.92860942428933
14473,-95.8454289193037
14474,-158.3600600743537
14475,-43.988815196790824
14476,-70.63095544147221
14477,-154.13481542834776
14478,-119.57516002380814
14479,-99.95731436495521
14480,7.407421340497123
14481,-83.51634559882844
14482,-53.99236210424331
14483,-105.12217072408339
14484,-49.50190059477305
14485,-6.5347142538957
14486,-218.25823465680168
14487,-128.09182459262027
14488,-137.91906365034976
14489,-43.842975121270555
14490,-44.13559136058359
14491,-91.10473967363033
14492,-35.79430667623119
14493,-118.71720322559815
14494,49.745503863214026
14495,12.371229306181249
14496,7.710865502034167
14497,-165.57420117829702
14498,-127.07946532185669
14499,22.25434004456639
14500,28.536061898983036
14501,-164.24787243283805
14502,-115.27805054635782
14503,-29.868915341484865
14504,-18.002730529469403
14505,-77.87083246493324
14506,-83.06200295700764
14507,-26.521498566011232
14508,1.8388647258553021
14509,-101.70569252992331
14510,-71.44086848402813
14511,-138.0639263543125
14512,41.63658782000883
14513,-30.596529832159263
14514,-7.524607351119329
14515,-163.17693671745565
14516,-78.40213003231645
14517,-124.2355821053988
14518,-96.75212912356183
14519,3.3168701486276433
14520,0.9801387705879279
14521,-154.25512867940688
14522,40.81842741237847
14523,-142.11730200546202
14524,-113.6167251414278
14525,-65.71730051262753
14526,-19.816937460162308
14527,-192.8374249373206
14528,22.596411208155473
14529,-137.99474920714732
14530,17.482852255988377
14531,-67.56669432048714
14532,-216.7841308423544
14533,-85.91513651608092
14534,-12.080776667172017
14535,-1.0912241553317443
14536,-23.732011656900042
14537,-125.4736405695939
14538,-24.826748926071588
14539,-193.99219022275838
14540,-82.54243542146011
14541,-150.42029639491625
14542,-130.38009257845314
14543,-171.7137168273145
14544,-80.36904562486636
14545,-121.30257887412603
14546,42.200361461251504
14547,-124.30242486815824
14548,-139.2158838177092
14549,-73.95914748733205
14550,-63.282423292608684
14551,-34.218332560679116
14552,-185.1062095272951
14553,13.791812014262035
14554,-136.91621583387922
14555,-21.365987468682775
14556,-130.34326374729017
14557,-38.27017146446188
14558,-245.60356043736067
14559,-151.151847402133
14560,10.009372897149504
14561,-47.78689413117188
14562,-112.99481814647358
14563,29.981867144831995
14564,-114.0759081286437
14565,-24.75239581435288
14566,-119.05287961647369
14567,-173.24372532359803
14568,-240.61482536985733
14569,-96.7209724291027
14570,-114.94052817132467
14571,18.015850656411516
14572,-134.4460426540521
14573,-27.18516446844609
14574,-205.76450175083744
14575,-140.98246928094937
14576,-161.79365228095384
14577,-71.4196288232602
14578,-48.19486447249862
14579,-2.859822463067431
14580,-119.17877933984593
14581,48.76494767803001
14582,12.956489608532706
14583,21.175643324743618
14584,-103.7170165530332
14585,-40.33924442549552
14586,-114.56561675500231
14587,17.355875543311342
14588,-10.84621105488091
14589,-73.92447187321758
14590,-339.11011235677495
14591,-168.40357842368576
14592,-31.98255552467201
14593,-110.98201035577293
14594,-3.180417024578233
14595,9.730323349463035
14596,36.908661922290776
14597,-138.54747560977853
14598,-63.89567743998759
14599,-92.06696021645148
14600,-48.27785246147252
14601,-55.93074807880295
14602,-12.739209340503393
14603,-87.64715171266596
14604,250.12842427624392
14605,-63.07543211883734
14606,-137.46247378580688
14607,-163.4734539531919
14608,-147.17637512672124
14609,-46.47664284583601
14610,-141.36127051524437
14611,18.246478341735482
14612,0.08168223262192953
14613,-168.19663431460864
14614,-232.86373849853268
14615,-159.41113412221114
14616,-35.07539443892989
14617,265.1422064354865
14618,223.6652035645079
14619,-143.9235428730151
14620,-39.82135868413825
14621,-313.2172819523102
14622,-86.16179413359879
14623,-7.496740613517815
14624,-2.6579484600367778
14625,-140.62880987645636
14626,-169.07945438769713
14627,-104.35301294403784
14628,-3.5516072127327476
14629,-101.58906629543868
14630,282.98594671420597
14631,-101.97269104301144
14632,-86.93828625227718
14633,-141.47713698809923
14634,-134.6900644404882
14635,-30.50821851595836
14636,31.04444497372387
14637,-4.772311005261628
14638,7.920339368317244
14639,9.567147791356732
14640,-218.83611742842652
14641,-56.96305005256915
14642,-112.48711717142555
14643,-117.36260220839958
14644,18.879338052440175
14645,-111.27982148739017
14646,-45.97976260599859
14647,-89.73637628090822
14648,-150.12848127595447
14649,23.48610433554701
14650,-166.18764709045848
14651,27.972831782958266
14652,225.28492558883312
14653,-53.79730368906635
14654,12.016109459874656
14655,14.709867030260284
14656,-174.85834543423482
14657,-150.87941279706337
14658,6.1730733488243175
14659,-173.9489285521646
14660,-43.13906671735552
14661,-181.90109421281676
14662,26.05538593201925
14663,-141.69430350742624
14664,200.8222765946399
14665,-165.15668602673952
14666,-113.37063597661323
14667,-17.181170342817524
14668,-1.69416991777409
14669,-81.04985675254258
14670,-151.20761523338055
14671,-17.79522468565385
14672,-198.05832121479656
14673,-100.21858102073375
14674,-111.52994461491176
14675,-6.137357752293582
14676,-283.4827470681961
14677,-131.70457840942893
14678,13.335898044228955
14679,-110.64556243180542
14680,4.945813597981427
14681,-271.4278989341223
14682,-110.67727509472839
14683,-30.065295943218274
14684,-5.92723552599918
14685,-213.05244896744983
14686,36.99064052077776
14687,-170.79359033410717
14688,-160.34787244916228
14689,-49.53225623400998
14690,-169.32656718189912
14691,27.204366879046134
14692,-205.60491489955842
14693,-132.44077986254462
14694,-237.33641314903522
14695,-132.35679525257785
14696,-114.79223444061329
14697,-171.27026139960003
14698,-30.632042317562323
14699,26.876607644644224
14700,-115.63801017265324
14701,-74.40737369072482
14702,-148.2372879581132
14703,-233.8731839645427
14704,-116.30526825210536
14705,-86.25646692520701
14706,-120.89447984018344
14707,15.150087843926158
14708,-123.00900333951165
14709,-117.0285276556186
14710,-159.90747328933242
14711,-163.6841342964076
14712,-76.93653915624333
14713,-97.73084031341838
14714,-98.59671469361191
14715,-75.39240548846777
14716,-41.34951095347565
14717,-44.42231902412452
14718,-70.64107931588808
14719,-18.81083383314069
14720,-103.93848319144784
14721,-177.43185990791648
14722,-81.1091447915151
14723,-312.02706497519137
14724,33.13284132740074
14725,-29.105103818045336
14726,-60.29692591446472
14727,0.843658814503641
14728,-139.21246652915957
14729,-27.456833971243
14730,-97.26409492047271
14731,-0.9654782583804575
14732,-178.6945794062678
14733,-112.92627532031902
14734,-19.48555536159151
14735,-206.3275446405505
14736,-42.929259159872316
14737,-194.63789839866786
14738,-63.27337089541782
14739,-187.6238045685388
14740,20.167381567646217
14741,-157.64813007328632
14742,-0.7500436767254115
14743,28.555653893260796
14744,-126.1915657125179
14745,-14.843299172247427
14746,-79.139844530272
14747,-152.38315490512883
14748,25.870662040809236
14749,-10.075072703631733
14750,39.244225861956096
14751,-139.5065109342386
14752,-148.94582825546507
14753,39.669968934183544
14754,-101.07250988480389
14755,-182.46233014220962
14756,-126.9652065625787
14757,-170.06537299837441
14758,6.010357567600664
14759,-24.02214609014524
14760,24.68901930344734
14761,-88.7066236752402
14762,-170.3263373949763
14763,-32.4394574672731
14764,-101.74321752420985
14765,-191.37505825600985
14766,-2.481770075214314
14767,-55.80475201538302
14768,-233.51024538314667
14769,-76.35944851356969
14770,-172.32913947096563
14771,-138.20452337354345
14772,-170.52385588644108
14773,-10.702850236693692
14774,-56.93531349282617
14775,-49.37557031753896
14776,-67.11851721874956
14777,-32.88723990920779
14778,1.023764361660369
14779,-214.85889376560579
14780,-156.73907467735785
14781,-178.10117802730866
14782,-313.3778968117278
14783,-46.27204164029334
14784,-102.21052894016185
14785,36.447162385500576
14786,-159.19250562765225
14787,-124.2009873902769
14788,-166.1453756889096
14789,-17.539398850808766
14790,-20.342110734854202
14791,-97.34766506787955
14792,-199.85835245977708
14793,2.6051591287500884
14794,16.73249443702025
14795,-57.091162211298894
14796,-28.933843969830846
14797,-209.7292365582436
14798,-27.756725823130992
14799,-95.84609224583957
14800,-162.78649031801442
14801,-12.815196184168144
14802,39.73501905293162
14803,5.1861652889648155
14804,-128.41808340428753
14805,-253.56693885526494
14806,202.06224086145937
14807,-94.776030401986
14808,37.64908293081163
14809,-177.96903765704434
14810,10.223550383660466
14811,-34.63350403658933
14812,-82.92606522362716
14813,79.83142128592891
14814,-311.2145813806255
14815,-260.2022681979455
14816,-93.37703159092612
14817,-81.28523343957717
14818,247.83422211458833
14819,-63.49016329401121
14820,-129.53694941573215
14821,10.78398231178923
14822,-8.535468625614271
14823,-182.22636354964663
14824,21.5397543332528
14825,-277.2101848947781
14826,-177.19194335856776
14827,-56.67115451230835
14828,-108.30846458238318
14829,-271.9981014939942
14830,-92.25433087235146
14831,-162.94625419697647
14832,-87.77316835608752
14833,256.3060917297612
14834,-219.35254819779104
14835,-76.81835108631145
14836,-93.15879766225193
14837,-122.4223115994988
14838,-69.49285992669279
14839,-64.11375351467765
14840,-73.50936374192912
14841,-57.25751291881958
14842,13.78970349382368
14843,-282.91264082450994
14844,-151.96109536807901
14845,-128.7574418094878
14846,-239.7638280369497
14847,16.53117127426512
14848,-172.7124072433993
14849,-85.9423562711522
14850,-315.9566270794162
14851,-215.16909582408752
14852,-3.1045821177276736
14853,-136.4382950891619
14854,-385.63130514521833
14855,-124.81335028305374
14856,-156.14922734271806
14857,-241.82055139827273
14858,32.41540445146768
14859,-126.03339683664186
14860,-145.14431805814826
14861,-304.7760159511964
14862,-81.85720607301785
14863,12.74350312198095
14864,-71.06674000679712
14865,-138.3381885612691
14866,-373.504912699512
14867,-175.37778990411357
14868,-40.54612797939208
14869,16.301172383267428
14870,-76.64430268932522
14871,-309.3748578694033
14872,-47.153232089605694
14873,-143.36733254333203
14874,-266.8481047510431
14875,-137.65621386459256
14876,224.04268134321137
14877,-238.006771199957
14878,4.5663438210457485
14879,-150.23726073221297
14880,244.85167576596268
14881,-177.16857571910936
14882,-270.18621042242137
14883,252.53532404867488
14884,-173.49683931988952
14885,-108.12342383148992
14886,52.86156920520034
14887,-102.31157510079422
14888,-199.64354841689448
14889,-294.49816340797605
14890,-39.76448459281016
14891,-117.5460138015527
14892,-122.19272559380228
14893,-33.835256196140776
14894,-5.0245953204320415
14895,16.039964329349488
14896,-297.31654279685245
14897,-265.4659275342369
14898,-242.10347377903463
14899,36.864358470160255
14900,-141.41284178109498
14901,-19.275953256874317
14902,-67.88412806581711
14903,39.59459104076501
14904,-294.6851120051496
14905,-31.423031497651152
14906,-45.63942900497257
14907,17.344844328372503
14908,-343.6262203754493
14909,-267.8439989277658
14910,-6.036494183952797
14911,-501.53713468477184
14912,-71.0291609271558
14913,-97.39640816939918
14914,-144.80973053125302
14915,-261.53068373149335
14916,-382.4258539248021
14917,-269.75175424072063
14918,-71.96024096423297
14919,-174.74042207781505
14920,280.1720730755237
14921,-132.48757458356042
14922,-93.8070079847357
14923,-119.58391274910363
14924,-110.70388622866872
14925,-320.5260458906835
14926,-123.64564512749135
14927,41.8786839168753
14928,-33.35934812787819
14929,-157.50392055269697
14930,-40.989387614235895
14931,-69.46670379867983
14932,-121.251296998723
14933,-41.14761525899456
14934,-280.8082525570772
14935,242.8974750999867
14936,-100.84835105364941
14937,-21.66790484537158
14938,-146.76105002510351
14939,-305.1992023210672
14940,-301.32226172147557
14941,-295.7039403417433
14942,-40.58724397788676
14943,-218.2515172601528
14944,243.36475592037692
14945,-183.06830978428007
14946,-107.84912230457894
14947,-145.85114370881496
14948,-318.308612850605
14949,-472.103061165389
14950,-160.9460479362642
14951,-64.88625944953876
14952,184.1709087764375
14953,-18.40825440608026
14954,-78.5366488841768
14955,-167.17040128519014
14956,-136.5274068413658
14957,-297.3434541161178
14958,-325.6829766108694
14959,-254.89334504692872
14960,-302.87088590031533
14961,-275.6730328827695
14962,-284.66690640788045
14963,-193.56224786861424
14964,-348.9626158944251
14965,-288.9827330013733
14966,198.61050704103775
14967,-126.9159834062907
14968,-149.45361449939162
14969,-455.2922979873827
14970,-315.9601458860601
14971,-289.08890686057543
14972,-245.82032934878572
14973,-83.64836928042043
14974,-73.79087770215189
14975,-222.68233669694763
14976,-124.54299595613263
14977,-287.03890638250056
14978,-40.189944441229756
14979,-273.54657821836884
14980,-177.65873534230695
14981,-66.40841312860057
14982,-132.71222130868745
14983,-121.23280591358412
14984,244.75877347221154
14985,-190.3277606425877
14986,-123.99583636091995
14987,-274.6950110591976
14988,-274.83357168311113
14989,-56.45048104925709
14990,-122.74227138722387
14991,-253.18987803557692
14992,-157.41120337671157
14993,-131.11937615835
14994,-265.0885876453198
14995,-312.6676997445055
14996,-99.7065501209929
14997,-33.746383733723846
14998,244.61737412188776
14999,-118.1679893261999
15000,-101.85244092121619
15001,-37.13710892106755
15002,-74.98519236789261
15003,-133.42128340352292
15004,-312.7411349866476
15005,245.96782091660398
15006,-221.10372152322833
15007,258.6329293238599
15008,-150.83485445351658
15009,-254.66561994854945
15010,36.85157017010795
15011,-341.20994444936673
15012,-24.305957178415
15013,-352.8010727093075
15014,-306.60303480533935
15015,-81.03774077421616
15016,-146.55380640726503
15017,-50.24809990022753
15018,0.010694205295138204
15019,-179.0229608722368
15020,-176.80389685419632
15021,-87.01190776670164
15022,-318.8789650227317
15023,281.34382166282217
15024,-272.7439640316906
15025,-246.04456706935204
15026,-241.94841154198485
15027,-221.07546899339633
15028,-80.70851924389481
15029,-214.8781431748385
15030,-331.6882511814787
15031,-285.43549647481495
15032,-161.20432092975028
15033,-311.06894085008315
15034,-201.63694600926243
15035,-518.7192683765462
15036,-206.57085230280464
15037,-350.66096392307315
15038,241.80006032243338
15039,22.52502133678516
15040,-152.07577683629097
15041,-283.66216002997623
15042,-4.2927521423297605
15043,-28.55670444281283
15044,-135.61429970087107
15045,-28.861638214479356
15046,-292.80326250778035
15047,2.2696648794458696
15048,-399.1430875422843
15049,-93.009166739742
15050,246.38293431129603
15051,-192.3138406429545
15052,-130.72663717111627
15053,-284.59426356782467
15054,-25.07537162937301
15055,-51.70274514697067
15056,-118.23551212592909
15057,-308.53781565103515
15058,-348.77750692227914
15059,-166.09045246011885
15060,204.25815104207183
15061,-75.67420459282869
15062,-115.0244805945231
15063,-295.1715801751427
15064,-255.5648879369077
15065,-92.78810734892741
15066,-309.41750629746
15067,-148.4706852365581
15068,236.60851891638217
15069,-72.10506603065656
15070,-191.9085973131626
15071,-303.84146330387307
15072,-97.73408840846078
15073,-123.9575003573836
15074,-157.43006604605742
15075,-110.52880139330829
15076,-304.42056078805786
15077,-93.31796969966517
15078,-50.28344208414924
15079,-210.95002506802393
15080,-127.91185979351668
15081,232.50831095312896
15082,-312.4333631088915
15083,-322.86774095116976
15084,-200.74112594681787
15085,-255.34843482292405
15086,-170.8465965046938
15087,-49.18200919175797
15088,-155.25590621301683
15089,224.96436448585348
15090,-274.26421674630353
15091,-35.14963938551102
15092,-321.9999970703658
15093,-358.76332592985665
15094,-311.81062374042676
15095,3.580448007718431
15096,-248.11541854775373
15097,-373.60875408627794
15098,-302.190477096927
15099,-68.63297702312222
15100,-42.19283719981455
15101,-217.1295259687766
15102,-264.18194790338123
15103,-297.6315502176965
15104,-202.308867707408
15105,-19.004622614847733
15106,-340.5327612113467
15107,-131.6238634420434
15108,244.63497670976594
15109,-170.0555924068434
15110,-222.66685718646957
15111,-243.07311501036426
15112,-145.01396818812628
15113,-462.0735218500199
15114,-21.11475413705088
15115,-186.77491407198502
15116,-239.82020971146406
15117,-57.40247048211474
15118,-282.54518407091587
15119,-598.740007397661
15120,-324.0991674360839
15121,-355.9092524196734
15122,-310.189679916062
15123,-302.2078534108406
15124,-222.19911138702113
15125,-49.87204639820261
15126,-65.86697785122867
15127,-292.20116665078115
15128,-149.38685379084797
15129,-80.33005555028792
15130,-325.29013277137653
15131,27.71581440697844
15132,-129.16104602477952
15133,-496.6558183690599
15134,-88.49448625104722
15135,-167.75113410664986
15136,-607.7116659249695
15137,-313.6066545455391
15138,-339.5160358900288
15139,-75.29113021085833
15140,-312.83287027182325
15141,-126.49499910700581
15142,-279.6508589416359
15143,-322.49638479309317
15144,-323.94026899193045
15145,-151.39788760268914
15146,-315.961046260957
15147,230.09831646086795
15148,-287.96030563237684
15149,-168.44279445135794
15150,-187.63480709464483
15151,-78.59766875701979
15152,33.87878635785239
15153,-236.67987847789954
15154,-162.8003317403491
15155,-256.2242577566588
15156,-375.6106817363095
15157,-252.41076315573014
15158,-82.36289260180352
15159,-72.90004584766547
15160,-300.5578285167228
15161,-290.3326634430665
15162,-26.028467018509687
15163,-90.60394600607529
15164,-141.9928989003417
15165,-298.1547261543607
15166,-247.3625765166776
15167,-100.68507903892308
15168,-54.98240585409074
15169,-119.5550392829062
15170,-317.04912389260915
15171,-233.63318349687867
15172,-192.6008740968612
15173,-298.0959900593936
15174,-270.04029973407637
15175,-190.1649741119182
15176,-124.05972527365077
15177,-205.3045485337998
15178,-275.89033927726035
15179,-63.76664171271292
15180,-112.8965589957676
15181,-292.32193264804835
15182,-310.04156112029403
15183,-75.90678406537646
15184,-124.58810097049805
15185,-159.837975686264
15186,272.4740815139928
15187,-266.014829298317
15188,-55.51087100772358
15189,-467.08737164245287
15190,-218.0993288710548
15191,-144.50545826340488
15192,17.681783086113484
15193,-290.8004314031615
15194,-25.67278243616299
15195,-3.7383027674528364
15196,-370.1203945707468
15197,-77.69952246837218
15198,15.292232602809491
15199,-92.69999242860217
15200,-259.81416720436386
15201,-126.52133394283355
15202,-284.9039853927053
15203,-32.80367146610631
15204,-283.85904396730604
15205,-318.4052137272179
15206,-196.15337487290697
15207,7.740125561982339
15208,-322.0279407523342
15209,-299.6577691420566
15210,221.6540493025298
15211,-286.56298535309566
15212,-268.2770386031186
15213,-286.51879262335484
15214,-233.30247991359656
15215,-206.02661235394933
15216,-274.14635841138124
15217,261.2553168300112
15218,-270.261605601792
15219,-202.1696519476692
15220,-94.18150113957697
15221,-239.55845691737792
15222,-300.7307813055195
15223,-239.0294129908671
15224,-186.12732131992993
15225,-284.545805962968
15226,7.614605559220564
15227,-86.94204083370654
15228,-96.20037932683734
15229,-115.44221514322334
15230,-120.39102672517424
15231,272.4651096796136
15232,-114.06089003714119
15233,-101.39278782569276
15234,-75.41798950792051
15235,-301.0518606044865
15236,-328.2473351361316
15237,-246.2411843173709
15238,-306.6380134719048
15239,-145.68084976380572
15240,-173.91982713783833
15241,-67.41435327771433
15242,-31.370721313087756
15243,-393.10498240007615
15244,-23.479555577204877
15245,-17.09390270764618
15246,-39.946499458826835
15247,-140.19544315883948
15248,-152.85292109525713
15249,-283.13299860698226
15250,-162.2064958196117
15251,-237.71650085275033
15252,-281.48983640433744
15253,-14.570841185522468
15254,-349.7822012684231
15255,-106.31390418953758
15256,-208.4730762518135
15257,-27.09132633264933
15258,-205.93585596953363
15259,31.67814854083332
15260,-310.6496293460694
15261,-92.7605594585854
15262,-219.56451789370715
15263,-189.8078186334264
15264,-8.198352577160605
15265,-149.49732435018873
15266,-156.70203434177472
15267,-281.86868189956334
15268,-274.93765825799437
15269,-167.99212155177548
15270,-40.815043363803255
15271,-282.24799978201844
15272,-223.09598033590615
15273,-144.89255007390253
15274,-342.50906353316145
15275,-428.7075398554984
15276,-283.9199310413993
15277,245.7525794510544
15278,-117.3661875357423
15279,8.47587655779779
15280,-5.058965970102562
15281,45.34792494571744
15282,-209.01795243639617
15283,-295.62478037966173
15284,5.697756196254019
15285,-316.6588879174915
15286,197.23467286308608
15287,-299.7111756905829
15288,-137.76814913252423
15289,-227.93542848851746
15290,22.39158112784031
15291,-171.36979581940886
15292,-286.00771783425694
15293,245.8486346773375
15294,-305.0259665133627
15295,250.55377182581086
15296,226.38076707496288
15297,-277.0090288863002
15298,-375.60942035480366
15299,-22.4133947273493
15300,-240.88492934175144
15301,-251.11382091016895
15302,-302.45561887776
15303,-239.27306488334634
15304,-209.98583901043634
15305,-187.01039224554862
15306,-191.08288140421416
15307,-19.53460506627509
15308,-506.25038117189854
15309,-347.0565081962376
15310,16.253145316853903
15311,-300.9589982251928
15312,-164.81428219953602
15313,-19.475591584046086
15314,-196.72164756162607
15315,-277.2426432885373
15316,-81.77159754906651
15317,-300.8734684249681
15318,-217.57624833560672
15319,-94.6831955474299
15320,-257.379776613343
15321,-229.68386757977558
15322,-119.12684327292263
15323,-86.4821012730716
15324,-85.2800196435271
15325,-242.92856833064664
15326,-303.924485016963
15327,-188.3892858162432
15328,-270.37080902606556
15329,-227.01859886409127
15330,-161.02613971087712
15331,-326.73649984084403
15332,-316.7883722209133
15333,-129.98333030229486
15334,-303.4095415395518
15335,26.868734585283306
15336,-202.7733512726352
15337,-287.4375153292601
15338,251.68228444675412
15339,-256.13842792234226
15340,180.21633596476562
15341,8.126624977068289
15342,-258.76193515028456
15343,-65.58273108562818
15344,-319.4699038196893
15345,-178.41241065123847
15346,-356.0903643629413
15347,-283.90483461885776
15348,193.774691745092
15349,-256.98325532848605
15350,-231.68691998554604
15351,217.48008657843238
15352,-125.57089839308901
15353,-136.15442773536836
15354,-105.71972278335109
15355,-12.282539831345645
15356,-130.34908369918858
15357,-54.24405182411664
15358,-331.5248759148356
15359,-261.5149964023771
15360,-320.1560729627539
15361,-148.6571106548444
15362,-133.67434399677603
15363,-154.1077795721132
15364,-147.26933680852352
15365,-73.66932764864333
15366,-303.6756455529685
15367,-55.680954745408016
15368,-457.7757660584231
15369,-212.80968688440896
15370,244.69966081655843
15371,-284.1272369682215
15372,-312.2760826300028
15373,-333.31927184131587
15374,-374.9434816364016
15375,-47.953249894628954
15376,-489.87322257478866
15377,-207.3778699213991
15378,-157.25741119076488
15379,-240.16432990102246
15380,-148.9318386231522
15381,-243.25040141518227
15382,-226.88717042556638
15383,-7.017651348191464
15384,-565.6739166027928
15385,-177.88184276310858
15386,-63.72984604070115
15387,-291.65606350521364
15388,10.297241648372093
15389,-268.8050534408206
15390,-309.26941049726514
15391,-301.7426123312347
15392,-493.2014364505601
15393,-132.3073635987493
15394,-137.09652725324398
15395,-309.74614588302444
15396,-283.46234910557376
15397,-115.07360494297681
15398,-178.97629174140627
15399,-4.532932287559333
15400,-170.29724770702305
15401,-322.83924844405726
15402,-285.22072673103924
15403,-34.356482972509596
15404,-289.2316117811249
15405,-163.4080418508247
15406,-182.50041022482856
15407,-260.9752120026955
15408,-345.80992047527576
15409,-297.7108824885672
15410,-336.8610634431641
15411,-226.77962202409395
15412,-269.96575903925634
15413,-56.77417207017593
15414,-282.07332855855645
15415,-280.0878671350549
15416,-273.791759087774
15417,-15.099440970498037
15418,-198.4958182840175
15419,-201.167942688483
15420,5.683324085953558
15421,-117.58096542208654
15422,-207.82879872588612
15423,-240.93190966446875
15424,-365.3981291250054
15425,-181.95123632440044
15426,-292.2008442429071
15427,-265.6036482723915
15428,-145.24341270666042
15429,25.14966481370729
15430,-166.6740343726036
15431,-7.646405704747494
15432,-45.562725855519204
15433,-61.29040858981674
15434,-294.5030833499591
15435,-180.48194611259606
15436,-289.0643216771596
15437,-132.03549217482703
15438,-152.67378989344843
15439,-271.0312311662842
15440,-370.6800422675144
15441,-275.5074188452291
15442,-61.79316093468024
15443,-83.78276348409135
15444,-330.650827733259
15445,-5.131866017580819
15446,-121.49260139920271
15447,-563.346348550229
15448,-210.41171593184694
15449,-260.69749748463676
15450,-93.13938845526036
15451,-183.66109609347308
15452,-366.53649148360023
15453,-158.706435245492
15454,-290.8373198177524
15455,-240.09464856479136
15456,-418.26256731291966
15457,-273.7241636803762
15458,-44.514121039636976
15459,-38.15079264626628
15460,-277.0276247184747
15461,-121.53548930242381
15462,-291.9036493582822
15463,-256.62596479039416
15464,-288.0133974750379
15465,-67.10880820445777
15466,-101.80954742629872
15467,-307.01472756551857
15468,-262.62746376127893
15469,-321.9804212709197
15470,-376.2113650765594
15471,-168.4528089803157
15472,-171.44882176708435
15473,-87.79850304207385
15474,-30.7825200625508
15475,-200.32674706545959
15476,-105.46678965116001
15477,-200.02931378162876
15478,-162.16061953858707
15479,-274.9842107846756
15480,-31.26518069701808
15481,-245.28008113271406
15482,-99.34172026732051
15483,-47.82577076416143
15484,-49.450086289008624
15485,-313.1422853272628
15486,-102.24668828913647
15487,-282.64760080169424
15488,4.047384179863698
15489,-105.13787532275737
15490,-2.82647108875652
15491,-273.9283392279688
15492,-329.36521745394947
15493,-269.26742494148345
15494,-244.30264795708146
15495,-108.83545439057892
15496,-178.4305699155845
15497,-264.11075031202387
15498,-415.8839860946655
15499,41.45220592110377
15500,25.99692955335786
15501,-179.9531586366355
15502,-113.0942597647532
15503,-298.0060206156096
15504,-225.0032512734407
15505,-46.539548480303324
15506,-230.9572284524122
15507,-25.514642716838694
15508,-26.812329514391593
15509,256.23117035090604
15510,-235.675305289755
15511,-94.86857271984601
15512,-189.3331806439387
15513,-236.6803112145358
15514,-94.64113049074504
15515,255.99411906872595
15516,-34.917787958184064
15517,-266.9277966503166
15518,-176.54641358919577
15519,-289.9220813695672
15520,-265.1918547457793
15521,-10.875030473846408
15522,265.86008081535886
15523,-104.93714046268242
15524,-304.858874975155
15525,-29.43736551365633
15526,-237.256031591145
15527,-74.49538722430006
15528,-174.12051752123307
15529,48.768942544737286
15530,-250.44057416935286
15531,-122.34220984418593
15532,-265.1505170968708
15533,-136.96634230778983
15534,-95.08204387562489
15535,-119.47810940904486
15536,-171.62109597086527
15537,-91.75710838595072
15538,-234.18453340273436
15539,-46.49588141022363
15540,-337.621878630126
15541,-57.62594698052031
15542,-31.135661327872143
15543,-288.2706032194892
15544,-321.7417662983099
15545,-16.477842864249624
15546,-270.90169657869274
15547,-38.04174358800071
15548,-362.3739536301842
15549,165.15762811400222
15550,202.35802081239484
15551,-99.41306089522323
15552,-313.49098166636463
15553,-227.35864895557046
15554,-100.89867465690936
15555,-376.32127348328936
15556,-128.66202613686067
15557,-353.6258861574468
15558,-297.59998939295247
15559,-292.56192734677023
15560,-68.50593390010366
15561,227.37206699519854
15562,-33.0493918783428
15563,-265.15943706395444
15564,-82.26375992179794
15565,-37.584907691353976
15566,-241.62971312235996
15567,-44.09534956249908
15568,-335.9749519837661
15569,154.98956396282574
15570,-359.8608525269714
15571,-188.83374749973297
15572,-79.61046490491795
15573,1.6502331622369866
15574,-349.419166913165
15575,-307.11761919108335
15576,-117.43804488583277
15577,-227.55565041943356
15578,-350.66319225531686
15579,-241.08955731878203
15580,-163.24033620238754
15581,-154.5378048213189
15582,-212.86401969436358
15583,-183.33834953183992
15584,-155.94664199619808
15585,-199.15024451513483
15586,-203.1113293089437
15587,260.3738218924268
15588,-189.81585826323564
15589,-41.22884987692022
15590,-31.180783548396903
15591,-216.16146414620124
15592,-203.5408154738935
15593,-46.35601701654184
15594,-151.75073269498387
15595,-237.3254458528573
15596,-87.35386628669455
15597,-280.0645343024727
15598,-96.49875847847773
15599,-89.79513956381987
15600,51.67277999318998
15601,-154.9947506817557
15602,-259.77203137591925
15603,-164.35268024863734
15604,-71.00059812550636
15605,-95.55294671622289
15606,-152.9663636617349
15607,-399.0207245170314
15608,-48.82136081210017
15609,-371.54645119699904
15610,-82.817684280874
15611,-193.3641264458455
15612,34.94416327507952
15613,-322.7863893865793
15614,-87.97469382975646
15615,-57.67864065990378
15616,-4.373027776759415
15617,-305.01374417903503
15618,-303.35023561237307
15619,-55.53113883963619
15620,-15.065557722892237
15621,-35.25603487315858
15622,-134.80010049368016
15623,-207.8927764314362
15624,-84.13714356653712
15625,-87.53037865374863
15626,-83.43933610881318
15627,-163.2143505031288
15628,-294.3637142119809
15629,-258.31831000395835
15630,256.09957258127946
15631,-99.65220249319697
15632,-134.80658176313838
15633,268.55950404622985
15634,-291.86695285125455
15635,-62.733873304237896
15636,-100.2655746850473
15637,-142.07277112124086
15638,-48.53993830306247
15639,-603.0036747561712
15640,-175.51008522786287
15641,-83.50757249663913
15642,-105.63654155954329
15643,-220.89079658950027
15644,-118.02386146928188
15645,-142.36953305963397
15646,-76.68949636032848
15647,-101.73152744041697
15648,-30.341041253673083
15649,29.23476702260362
15650,57.21199657343061
15651,-150.39453904939487
15652,230.3014991855703
15653,-101.74814674121492
15654,-179.70207954443728
15655,-348.1136554519685
15656,-74.05730867441453
15657,35.00699042810564
15658,264.9201959038229
15659,-122.50262833052906
15660,-174.67832497221133
15661,-122.54637087375806
15662,254.42570929304082
15663,-257.51463446174625
15664,-101.86202822639812
15665,-214.99960967532138
15666,-105.90836038561514
15667,11.599735453206279
15668,-181.23383293679188
15669,-82.50709577705419
15670,53.19636464366897
15671,24.531291544246386
15672,-155.8293168738648
15673,-191.92139128354307
15674,-13.752373863230389
15675,-202.74496030854868
15676,29.123628241587
15677,-64.04897315780177
15678,-158.44959548672608
15679,-108.42154202761873
15680,152.7811531396315
15681,-66.80003285378109
15682,279.6419957616619
15683,-299.7312287031426
15684,-257.37128493351406
15685,255.54771892697696
15686,-78.34284253146821
15687,-153.0236034271967
15688,-21.09998581195083
15689,-222.24667999356376
15690,260.7790593815833
15691,-229.06125724820717
15692,-80.040906401395
15693,-232.27793538095176
15694,-268.65732961239985
15695,15.410012845241368
15696,-127.60317652546686
15697,-99.97917904650633
15698,-54.43846011529487
15699,-294.45294485993884
15700,-86.2169483999583
15701,256.4295058994245
15702,-274.6234838890437
15703,-139.52778220040634
15704,-281.97279114799267
15705,-122.67400034706947
15706,-48.269717303897565
15707,-100.20288240432234
15708,-267.0191823432787
15709,-133.49387073826057
15710,-136.82777101761155
15711,-88.07927229808467
15712,256.654053888604
15713,-20.764830657198644
15714,-120.65653237191309
15715,-167.42663771094675
15716,-125.36773998277826
15717,-109.18585873505305
15718,-119.93280186211919
15719,-145.0493267537259
15720,239.47970782558977
15721,-275.3881852775239
15722,-93.92438269175543
15723,-275.8296846735001
15724,-104.74968321647802
15725,-171.5613884527615
15726,-154.76168924150164
15727,-169.1308538620812
15728,-176.88756927727158
15729,-276.49631120569796
15730,-71.55685728213741
15731,-60.616346853071235
15732,-108.74919349789752
15733,-150.5543563449645
15734,-55.09502286309022
15735,-323.73575980527045
15736,-148.4116293083453
15737,-58.70408988589632
15738,-38.07152081278042
15739,-35.834149743501484
15740,-6.4340996603345815
15741,214.00389873367783
15742,-15.797122887731618
15743,-37.93256794956983
15744,-107.46163045077893
15745,171.42436572764433
15746,-132.775642032127
15747,16.58940376335663
15748,-35.30319330100885
15749,-38.69727525518985
15750,-145.05651101868784
15751,-104.05973353043535
15752,12.341949585452596
15753,-50.8257047002534
15754,33.30366743542206
15755,6.799543358111748
15756,-117.08327391428021
15757,-89.22195365000591
15758,-302.15690466589194
15759,-129.34516586238303
15760,-266.13300794121875
15761,-111.18821442320258
15762,-173.70238311272217
15763,-77.6171033946575
15764,-26.571962843563526
15765,5.443549640963411
15766,-73.84729553557644
15767,-230.99063739026687
15768,-181.79443892411211
15769,-51.23847908284135
15770,-106.42119069549825
15771,-79.81644161270376
15772,-95.20600073151961
15773,-119.38074724914888
15774,21.052438606085644
15775,-84.52664149410873
15776,-102.43182501191717
15777,-112.00409453647285
15778,-29.705151479613733
15779,-195.2677154167167
15780,-98.13651368921252
15781,-130.70168477684246
15782,-235.033332919936
15783,-93.46696259541473
15784,-195.28552195246004
15785,-42.77245976055141
15786,1.0729390538463974
15787,-2.553634294233632
15788,-88.27069185904894
15789,-202.75591476912348
15790,-330.6178775358161
15791,10.71476356555904
15792,-19.381551413800935
15793,-53.555160191961605
15794,-139.50996837588463
15795,12.620509251600879
15796,31.908140224008633
15797,-165.81762942274287
15798,-8.50515954734287
15799,-119.25232364238408
15800,-52.956215413056725
15801,-162.80505285826206
15802,22.635782848924123
15803,47.10626604337236
15804,-196.19876175134493
15805,-106.31442806621145
15806,-85.8650720191047
15807,48.68160687054507
15808,-5.440649451570806
15809,13.947445763011018
15810,-165.88867517547922
15811,-252.72821979274306
15812,-50.31808922779048
15813,-129.55369293973803
15814,-50.13332682155945
15815,-15.930911716907843
15816,-7.638001474290604
15817,-8.728318259924848
15818,-65.08865168766019
15819,-142.1281874662572
15820,-20.61201136062975
15821,-82.019939471816
15822,-108.54849280936355
15823,-133.92987034002263
15824,-16.233056956089058
15825,-33.86284704784107
15826,-61.429454061182824
15827,-160.10064319811778
15828,24.7266734425571
15829,-69.47622792106623
15830,-146.22661989860057
15831,-76.64646213637002
15832,-6.602212643445185
15833,-76.59587866553888
15834,-14.741401197541606
15835,-122.15894754776276
15836,-171.7311838663472
15837,267.6274961169586
15838,-187.44243480828618
15839,7.101880390924805
15840,-2.491052559218673
15841,-120.27700312218356
15842,-42.63384774759223
15843,-330.18372339257917
15844,10.030007481438986
15845,-204.71757908103783
15846,-227.36470278524845
15847,-154.0595169551288
15848,-31.845726593857947
15849,9.17842132945438
15850,-102.84390163479083
15851,-45.79823747688987
15852,-24.982817292374335
15853,-112.05103730685836
15854,-189.89739086604868
15855,-112.75957259082188
15856,-60.63257026856574
15857,-193.96611761629003
15858,-194.40899834511765
15859,-65.23702639398033
15860,-11.195646754495144
15861,6.270258447160259
15862,-168.05733505712885
15863,-119.52981978090487
15864,-95.96055814009716
15865,-186.0682423635183
15866,-27.83795774773975
15867,-68.66875864051079
15868,-193.73365413591262
15869,1.9274402130515256
15870,30.299440390150465
15871,-26.613392962016334
15872,11.444895454071315
15873,-41.92742376437336
15874,10.942481028191509
15875,-125.22942289467746
15876,-360.07902810431983
15877,-10.973388219970289
15878,-141.36772258696865
15879,29.726113301092482
15880,-120.65887187987765
15881,-17.684613222668418
15882,-17.291109881631712
15883,-140.9664995989137
15884,-29.53357146965513
15885,-71.48243571935643
15886,-234.58526986379144
15887,-63.57321512243238
15888,-122.11282788423014
15889,-96.15661579144225
15890,-106.90423015028341
15891,-141.22877188477656
15892,-63.87410530817827
15893,-136.2970714252933
15894,-188.16145185617233
15895,-168.0606711196558
15896,-140.4676015498643
15897,-184.60169703040458
15898,-171.14836520932948
15899,-149.71316366687796
15900,21.316343614152856
15901,-31.73003810056575
15902,-34.24748708677285
15903,-119.44325621464554
15904,-108.29611341277806
15905,-112.17502481190964
15906,-232.2272995818347
15907,-56.07973505048723
15908,-90.50429759112521
15909,-181.0654749487984
15910,-4.244885877725082
15911,-144.45966938087741
15912,-271.44586852535923
15913,-140.4537702257908
15914,-210.50992901401094
15915,-248.9987134912865
15916,-85.25379127036429
15917,-120.95862430113075
15918,-266.222276739495
15919,-185.5851687483989
15920,-111.534427878669
15921,-148.34900732390693
15922,-108.06198224088193
15923,-64.17893611194746
15924,-162.80924261646845
15925,-105.64917019877993
15926,-100.3553991014437
15927,-367.2676393181569
15928,-34.15329245341252
15929,-105.75100831983883
15930,-145.98788238465664
15931,-192.77701574384565
15932,-154.1045795777821
15933,-167.4479986992346
15934,-99.45192733703801
15935,-44.08880412370242
15936,-89.33091167082551
15937,202.45686902843437
15938,-49.78363119160758
15939,-100.04091252814816
15940,47.55921128525148
15941,-236.166157044462
15942,-111.82892095067696
15943,-45.97939618776017
15944,-107.25412007294442
15945,-152.41412931850417
15946,-173.96468987027646
15947,-196.7557059885241
15948,-204.23598640681936
15949,-128.97016516530348
15950,-177.48682469397585
15951,-85.93192105746307
15952,-22.02724378312891
15953,-123.9784653365066
15954,-115.07497553677017
15955,-263.1717330538404
15956,6.8506849265031065
15957,-28.845197056292974
15958,-181.85241646650843
15959,-70.62684982102704
15960,-112.46403128814302
15961,-32.35967155757879
15962,-19.523299688814035
15963,-223.09213922510816
15964,-189.29021298378058
15965,21.15037663293043
15966,-55.4717560913452
15967,23.60074666370106
15968,45.657741982920925
15969,-136.00096802828176
15970,-23.58277631281463
15971,35.45358295036931
15972,-86.58422424513344
15973,-82.94219835193246
15974,-30.38234990986699
15975,4.245905258035293
15976,-103.58783006892298
15977,-141.01039497715527
15978,-218.86998586825115
15979,-109.73442894429485
15980,-176.64926689037657
15981,47.32451637113465
15982,-46.50527504177212
15983,-59.85495963198504
15984,-29.703417250158978
15985,-185.9761716086896
15986,16.08445107518459
15987,-45.10971357346594
15988,0.8219935675760439
15989,37.61929137230888
15990,-90.27786456374463
15991,38.92173781493642
15992,-18.665491446894734
15993,-143.45981031735803
15994,-89.96346784313194
15995,-30.795218381989372
15996,-182.37944664380856
15997,-89.93773899594156
15998,-42.06760065517821
15999,-82.17344271846514
16000,-149.70660015992195
16001,-179.14116239414653
16002,-96.22379578160624
16003,-73.4752456252082
16004,-126.25775364206049
16005,-228.0874010752603
16006,-158.19438920705127
16007,-13.938670578661586
16008,-158.87603681583914
16009,-108.86474332753019
16010,-219.58668965656358
16011,-18.91964177805596
16012,-99.31036425856936
16013,-121.4943204142346
16014,-209.65844364176976
16015,-76.67548682622554
16016,-38.04463276128316
16017,-65.21387990813162
16018,-69.17539091961783
16019,-71.70056624759798
16020,-227.57540829060343
16021,-102.34685101420587
16022,8.642560855230613
16023,-177.049011312838
16024,-194.77667289148076
16025,-72.81442013946784
16026,-46.276691481026496
16027,-162.25158668304843
16028,-106.3174515858346
16029,-151.19187420186267
16030,-116.52508445703768
16031,-110.2701294557142
16032,-164.68165821482813
16033,12.150120689822685
16034,-114.89545746858857
16035,-182.84587789083668
16036,10.580906620362498
16037,-133.5041401687124
16038,-101.22751729394746
16039,-150.43003333271824
16040,-1.459289362614129
16041,-88.03194710653797
16042,-120.20890398484059
16043,-125.72346113887355
16044,-161.04440101901113
16045,-2.9316005999330343
16046,-39.11136066078663
16047,-121.95930088826167
16048,29.691138210592072
16049,-136.53451002571197
16050,-140.71501374840344
16051,29.586792404421942
16052,-98.56959978460006
16053,-1.5025158801427096
16054,-37.53366659496898
16055,-42.67029972470071
16056,10.15724146828353
16057,-43.179808701699244
16058,-140.2733876766117
16059,8.448089791345652
16060,-137.89727388224318
16061,-171.65083407908014
16062,-22.85058487121431
16063,-71.02302176591996
16064,-79.98252420137112
16065,-15.950915080588615
16066,-25.383581607764853
16067,-11.351362984212656
16068,-54.94343150965341
16069,-31.09437716296452
16070,-164.54782217867051
16071,-17.60266751817403
16072,-185.2273333377138
16073,18.254594425955375
16074,-56.308364248345974
16075,-53.67117354581492
16076,-128.52549995051842
16077,-203.46274445298002
16078,-305.3783759504151
16079,-233.86223069496603
16080,-28.997805051498943
16081,-153.12081983821247
16082,-144.08379730899142
16083,-155.12588763734988
16084,-80.37749055617867
16085,-170.1263101358628
16086,-27.03571000939162
16087,-120.33181122508458
16088,-64.6231166820356
16089,-111.3134534856558
16090,-7.312381402566885
16091,-23.091008525810224
16092,-84.33837703252274
16093,20.79137023925979
16094,-26.63202897543431
16095,-122.11770920995934
16096,-31.262661473360396
16097,-271.98690311242893
16098,-44.89992439733169
16099,-15.430733376461518
16100,-166.3356128203601
16101,-93.37353299114542
16102,0.7607786743792957
16103,246.959671352173
16104,-229.86186368641552
16105,-193.6125065109166
16106,-38.84778480733307
16107,-47.32416584521296
16108,-72.2879612127709
16109,-34.30208376850308
16110,-17.193691220604123
16111,-76.96353663718062
16112,-139.9267026773171
16113,-89.33255894185679
16114,248.21067285615004
16115,-128.05736827666541
16116,-191.8424174843528
16117,-130.96538301026177
16118,-229.86277847397753
16119,-101.30804356677896
16120,-358.70124341192843
16121,-20.65194652456165
16122,-93.24050809449452
16123,-3.3379328745811137
16124,-124.40887751650499
16125,-49.694776846859966
16126,-197.40059868779304
16127,-159.87215869461016
16128,-54.42918020472257
16129,-159.12454194486654
16130,-69.02984552425684
16131,-148.59149183264762
16132,-53.61377494178218
16133,-64.51426090210299
16134,-53.59279084320481
16135,-239.02241588402578
16136,-225.86186210147832
16137,-53.658077732724365
16138,-405.33700826465696
16139,-99.32291626504032
16140,256.31391258344837
16141,-79.4917239210903
16142,-159.63480030848496
16143,-0.19312113124611585
16144,-181.5263504858574
16145,-26.20005913181575
16146,-167.6565289855245
16147,-0.7290685978775997
16148,-197.44639220618933
16149,-69.73674178557106
16150,-40.41065604622884
16151,-161.39290442057137
16152,24.187015296722535
16153,-114.33931732809103
16154,263.8219812759004
16155,-108.45938137915135
16156,-127.80851251136778
16157,-28.980993849229208
16158,-162.3606196422864
16159,-99.2105850918907
16160,-110.47534227488241
16161,-106.3822128044524
16162,239.70099453491375
16163,-128.4804014652721
16164,-30.37311955332369
16165,-59.85053717393387
16166,-30.451465627937722
16167,-188.79609214859744
16168,-179.23997957775867
16169,-21.57856456032181
16170,-21.634085600980725
16171,240.4698965220985
16172,-188.40371104232494
16173,-167.4308775939595
16174,-113.19928079015187
16175,-70.36738221739694
16176,-10.248440289359436
16177,-140.1162032836882
16178,-23.02225254489889
16179,223.9256975067714
16180,-166.30379884836447
16181,-164.84650225877024
16182,-112.05895506477302
16183,-42.71769839039955
16184,-46.54480529538118
16185,-92.1601332582869
16186,-293.70737433779
16187,-51.120245445744956
16188,-55.354707491071316
16189,-153.43020176182858
16190,-45.01774346290708
16191,-47.346048451225926
16192,225.2961640827402
16193,-107.34728291411845
16194,-101.35353376380111
16195,-151.78518696420178
16196,-283.9481292352253
16197,-173.24042852571637
16198,13.83857610921001
16199,-202.30364917951272
16200,-250.90107776454875
16201,-99.9615619090213
16202,-162.7262123036843
16203,182.60464882865307
16204,-171.25686708811207
16205,-93.32057909940372
16206,-50.038431072125206
16207,-115.62017079677621
16208,-122.66149796522112
16209,177.17830824643704
16210,-198.3365401009494
16211,231.94166295845218
16212,-182.91819600375578
16213,-149.96017028506876
16214,-65.26595739723707
16215,-79.62422277104233
16216,-104.60761538871999
16217,-132.85147543042444
16218,-92.40080791383178
16219,-14.08923616180978
16220,-36.07897166781339
16221,-96.10368244849333
16222,-157.25732387312897
16223,-108.32220320693912
16224,-126.53861085312116
16225,-83.60387418729012
16226,-224.2497558802071
16227,-116.76892584688288
16228,-48.95396530845744
16229,-36.17107446400705
16230,-100.16125247541477
16231,7.501363461487287
16232,-64.25608823743816
16233,-145.0137663182614
16234,-104.93518133289945
16235,-2.983523200034881
16236,11.275198722398542
16237,-163.5623977011109
16238,-65.64659000410613
16239,-290.1296741713095
16240,-83.31952775142639
16241,-123.21019251903459
16242,-163.40221023790724
16243,266.11228821932843
16244,-31.4648119930812
16245,-33.257033540555696
16246,-83.04214757841822
16247,-135.5553915225021
16248,-93.48678153211303
16249,-145.79428990926544
16250,-38.08455209781317
16251,-139.52843780107747
16252,-28.664551315502138
16253,-426.5943302358553
16254,-62.520249055490325
16255,-56.90323758159133
16256,-184.5747060613346
16257,-139.47708582673076
16258,-57.05400493145859
16259,-18.183270726456968
16260,-128.94110932416737
16261,11.80084683095113
16262,269.5571410617349
16263,-154.70417392932518
16264,-141.80215598467143
16265,-17.95073209800995
16266,-157.43010166593106
16267,-174.7882557307138
16268,-112.67465238871492
16269,-23.155375374518528
16270,-90.00790108289199
16271,-43.153387973193475
16272,-47.17054906831106
16273,-107.69407285102979
16274,26.629735137366723
16275,-80.40700184276405
16276,-25.65088518262405
16277,-46.717822179440134
16278,-137.56692979737488
16279,-23.96905348634914
16280,-79.79285388507452
16281,3.178063211379694
16282,-6.092652444483335
16283,-76.4637752147678
16284,-63.24542458895604
16285,-75.10319820869961
16286,-130.2088912989956
16287,-140.2126506365796
16288,-183.8792003331668
16289,-1.964715946587603
16290,-43.03722077322997
16291,259.993195180253
16292,-159.47048932072488
16293,-105.56596302069627
16294,-162.0482296797332
16295,42.581259281993596
16296,-309.75908294744465
16297,-194.59354134140074
16298,-171.9312709346227
16299,-51.49670329483881
16300,-159.69323258220385
16301,-103.02239737673423
16302,-128.1273299949323
16303,22.262817155565216
16304,-13.127648660321796
16305,49.80926394884267
16306,-76.1926749422398
16307,-205.15270296122807
16308,-13.809513529997375
16309,-55.57211912095635
16310,26.743607197588915
16311,-113.37950866880516
16312,-115.6839220424679
16313,-103.09419569604606
16314,-47.20795821979782
16315,-46.67150651401289
16316,-137.11089885427396
16317,-147.49576842283523
16318,-349.5371418239758
16319,-26.303876571117158
16320,60.81403650999903
16321,-95.71284116559421
16322,-110.34959941757222
16323,-73.72505357018744
16324,-166.15090211311886
16325,-198.80038650679222
16326,-149.94177910840637
16327,-62.95324452892423
16328,-137.1872325653591
16329,-223.04475326916707
16330,-67.53002659649296
16331,-62.85986594417122
16332,-32.919775658400695
16333,-140.53721647428648
16334,-99.03553783011796
16335,-142.24852481970302
16336,-188.85266076416673
16337,-49.12015923615222
16338,-45.124322478246015
16339,-120.66017744951486
16340,21.254427055714544
16341,-171.16095902372888
16342,-253.24215850089445
16343,-247.34911767359748
16344,-74.09507665274103
16345,244.65887856810798
16346,-272.145062056171
16347,-84.20638220765817
16348,-54.20476995589878
16349,-159.58773366496777
16350,-87.54255408826953
16351,-207.45342612931012
16352,-115.57114249672033
16353,-40.90523468202649
16354,-80.67188735270172
16355,-354.8044894370776
16356,-186.14793447901155
16357,-79.94478561826678
16358,-331.4696510516691
16359,-50.08358186369716
16360,-131.82164196989402
16361,-339.0926743099212
16362,-229.32107931077965
16363,-241.4025544845284
16364,-209.70448185548926
16365,-40.61030017871752
16366,-14.495643601548252
16367,-283.0591264956667
16368,-66.11135364083452
16369,-103.18910373314642
16370,-77.69103638158698
16371,-78.48440939961563
16372,-49.70916069746835
16373,-95.5757334920843
16374,-175.28115365451202
16375,39.621754792883735
16376,-127.87984917226558
16377,-361.5761415996913
16378,-157.4955716819098
16379,-247.81859547843254
16380,226.37280780435174
16381,-61.35322709783226
16382,-58.997175356636134
16383,-167.28100377545348
16384,-29.641462418559755
16385,-61.10832728968687
16386,-177.40329585587563
16387,38.009521109955955
16388,-90.28056337001546
16389,-176.0616918342717
16390,-186.1475198043742
16391,-34.782175910659376
16392,-300.0001245903432
16393,-283.9465419664206
16394,-253.1750169677087
16395,-205.13482837366547
16396,-401.72358482705454
16397,-135.3875283013581
16398,-174.89297457987337
16399,-230.13183929596704
16400,-81.57642046769506
16401,-52.058972980628695
16402,13.8866183253038
16403,-159.6702215206918
16404,-159.36923505463824
16405,-118.52669166733776
16406,-415.3730543161892
16407,-123.04188330692836
16408,-160.09067005881212
16409,-34.57030248514518
16410,182.60137328837422
16411,-259.2156761119263
16412,-288.77851513421206
16413,-283.77541464258906
16414,-155.87734919031308
16415,-99.44469844704884
16416,-78.32369886223853
16417,-74.48231657288407
16418,-10.972372123326792
16419,-133.78750121812763
16420,-28.895595129658304
16421,-220.70875969568746
16422,-252.05427492815318
16423,-136.3858606510831
16424,-196.29197467307822
16425,-160.14789335673703
16426,-257.050022523853
16427,-75.91094073010443
16428,-169.82882968688568
16429,-145.79720074885256
16430,-198.21658747603522
16431,224.3202466540933
16432,-222.94806037695804
16433,-71.54766194069542
16434,-201.3016146444163
16435,-408.3769282957632
16436,263.0981760415166
16437,-181.14588562505372
16438,-296.79043826308646
16439,-507.71763722299113
16440,-111.44048013342218
16441,231.76531056987253
16442,-122.70963802118212
16443,-190.96978335642237
16444,-150.4723109801123
16445,-178.01797223239942
16446,-145.01416140112815
16447,-201.02114463918758
16448,20.242134388868323
16449,-109.58572183175133
16450,-163.0982023094412
16451,-54.677355268322586
16452,-401.56048496989996
16453,-16.923026088968868
16454,-213.1749982966453
16455,-168.47751027200758
16456,-98.36260665660338
16457,-141.64554342402727
16458,-170.75805801179422
16459,-370.36835620827446
16460,-184.7728071810011
16461,-164.55626463079636
16462,-354.92476368461564
16463,32.69940267949664
16464,-203.6267069226201
16465,-116.39467131361374
16466,-84.21144342301125
16467,-202.02558219117884
16468,-154.8795360268168
16469,-45.55195050823049
16470,-91.18921440680667
16471,-170.0738018312498
16472,-121.94595610204463
16473,-115.29163389844825
16474,239.516904663134
16475,0.1263235226041104
16476,-156.50003133717433
16477,-215.4943603288637
16478,-37.58412259048336
16479,-221.32672336750485
16480,-150.0923509736262
16481,-197.28824428768064
16482,14.395735653354222
16483,-42.54913911724699
16484,-3.6873503583492493
16485,-48.07082282670404
16486,-112.03982638702462
16487,150.42105662587375
16488,-95.73531304356271
16489,-28.104095721691664
16490,40.942099685055155
16491,39.54912661024889
16492,12.0917608943831
16493,-93.39606092479418
16494,-125.03444443387986
16495,-208.45900216926464
16496,-55.01590892234444
16497,-185.00560754881968
16498,-151.44795357736226
16499,-63.655172192818995
16500,-80.4893681911213
16501,-138.6547114026616
16502,-176.93451719739454
16503,-299.0428976766924
16504,-122.6549039721817
16505,-241.25151240437438
16506,-58.618744944874905
16507,1.6389231629872683
16508,-135.4590179498569
16509,-145.10368113820832
16510,-218.10639514247492
16511,-210.65875253143366
16512,-64.07921736786307
16513,-94.41849132824687
16514,-277.4824706992823
16515,-67.86972749381424
16516,-83.38063019604456
16517,-121.5773893579219
16518,-139.70449857062223
16519,-106.1981174003059
16520,-126.80545214999664
16521,-39.65203666555233
16522,-177.61789566240827
16523,-223.8399792389909
16524,-299.3700779896002
16525,-23.383570159271144
16526,-49.53213367387586
16527,270.50541779911873
16528,-245.58067095359877
16529,187.43791287432364
16530,-120.34019187438304
16531,-88.96025994568674
16532,-107.6392614734214
16533,-127.25305470205934
16534,-194.9316014709899
16535,-140.9969630316176
16536,-114.51660531663904
16537,-116.31989485757163
16538,-157.19587754078458
16539,-172.92837561766993
16540,-157.10586516823025
16541,-216.02745804313727
16542,3.898471767746855
16543,236.4574648650041
16544,-154.59316087422707
16545,4.4379662725276035
16546,-272.3543967783671
16547,269.041563695889
16548,-24.367645425931514
16549,-128.75930916283681
16550,-94.72723931403509
16551,-34.50925323456897
16552,275.10735430521027
16553,-199.20173451785215
16554,-11.721083887456103
16555,-110.23174842943133
16556,243.69429251141437
16557,-122.85701608174168
16558,-28.498953912771853
16559,-182.99584001050644
16560,273.8772855745784
16561,-82.82741306236733
16562,-116.520713028352
16563,-121.36694360335028
16564,-151.50898316284534
16565,-123.16441354780933
16566,-178.4772936979437
16567,-212.4885156779107
16568,-55.56422504112575
16569,-224.80408341706323
16570,-77.28130212271803
16571,-85.2777661301271
16572,-163.22870402934302
16573,-103.47016935917482
16574,-46.699476347639795
16575,-121.07365666725073
16576,-352.12800356131106
16577,154.70931503574909
16578,-114.46670408018497
16579,-258.3380017435179
16580,-207.84146952058762
16581,-147.88450214746243
16582,-136.6021555625263
16583,-184.10902239106252
16584,281.0539267911471
16585,-12.657899957660149
16586,-172.26558177189025
16587,-95.99927933208754
16588,-122.30691546991257
16589,-137.19618661410567
16590,-175.88294973319046
16591,204.57203601040595
16592,-43.37329941037772
16593,-59.08745456206492
16594,-185.41971291343157
16595,-216.76178253732186
16596,-177.30107164473716
16597,-178.77474995313545
16598,22.290019136054
16599,-62.840267162456996
16600,-179.55498225639423
16601,-277.59312395697475
16602,-273.45268151595513
16603,-72.73516731680398
16604,-121.61658227146702
16605,-157.74882494452777
16606,-281.9559240248272
16607,38.336669481094646
16608,-9.044896541036792
16609,24.703254152828976
16610,-67.98517818465831
16611,28.046837833372706
16612,-244.38453292378767
16613,213.4141087509298
16614,-194.47134665448817
16615,-269.7198424465994
16616,-32.21396597346481
16617,-251.85362455786066
16618,-310.9687021702182
16619,-134.9821224797881
16620,-49.377418823802685
16621,-226.96813364312894
16622,-61.98548796272016
16623,19.83083376442127
16624,188.2980339029424
16625,-97.88417591712266
16626,-188.40943480056802
16627,-111.47782760754212
16628,-78.10504740797035
16629,-9.875727407523783
16630,-348.2941769663028
16631,-185.5629866052842
16632,-127.15004221676868
16633,-58.76143516033564
16634,-289.80698432442176
16635,-226.67494645995356
16636,-114.62768539809709
16637,-219.25332958480965
16638,9.893499862769644
16639,-179.55919699422904
16640,-307.69399459581376
16641,227.09657994803064
16642,-130.97460126745955
16643,-256.4344418757332
16644,-64.5245061675955
16645,258.25260184413827
16646,238.8896678245765
16647,-307.87679425329134
16648,-285.2484109786988
16649,-47.29996413088986
16650,-277.1557396082359
16651,-32.21670889891254
16652,-289.546103709893
16653,-250.54865993102595
16654,-35.554757074873095
16655,-164.94210262861134
16656,-25.55992175155076
16657,-192.5221890331666
16658,-109.33705934443745
16659,-192.2432232475472
16660,-9.663526378045844
16661,-42.88388978730774
16662,240.55416404450864
16663,-251.99619214970264
16664,-111.50620135196581
16665,48.44387854227318
16666,-93.76779835690628
16667,17.30598403123453
16668,-45.335674891132776
16669,-279.21705576252157
16670,-167.63570794536383
16671,-59.539520207195935
16672,-27.454868244828972
16673,-115.91428359052094
16674,-84.41799946324585
16675,-123.28032378618593
16676,-42.1307914088036
16677,-206.35975121558462
16678,-209.77190017566528
16679,-43.64984626821405
16680,232.86678922444003
16681,-80.08043094575783
16682,-252.4946236950575
16683,-90.3071175275373
16684,-250.1266590479984
16685,-85.46011219406118
16686,-110.44766849716657
16687,-268.2894788380631
16688,-188.78391313167896
16689,-186.62279229341934
16690,-167.59552380602597
16691,-170.3193384516507
16692,-119.55864794978422
16693,-250.0970599314074
16694,-140.65067159517193
16695,-110.9897638596204
16696,-6.56898155934006
16697,-18.170403980588844
16698,-23.273593945071937
16699,261.08990210527116
16700,-200.21130110151148
16701,3.131801859997566
16702,18.579464151491408
16703,-253.92423285507147
16704,-242.6204062167079
16705,-237.4990060523786
16706,-366.80020695150944
16707,-269.26283639105884
16708,-170.89010209714576
16709,-142.6735792199476
16710,-131.13549784170448
16711,-74.42262830471168
16712,-70.67410837002701
16713,-237.53373055996758
16714,-126.19397582766538
16715,-21.64082519250148
16716,-275.4310748565162
16717,-184.01254068161165
16718,-139.11143215022156
16719,-126.00484272920976
16720,-17.068456712132033
16721,-89.19756408289201
16722,198.42537196226607
16723,13.441175369444395
16724,-49.433117643398376
16725,-69.8373441917898
16726,-325.64815615781936
16727,-60.93070417080457
16728,-101.80274295153873
16729,-227.00859255936706
16730,-262.4397143677536
16731,286.1308255963835
16732,-120.28540108745527
16733,-65.48827873517459
16734,-109.5791197045743
16735,-10.807452447998216
16736,-291.6810734601968
16737,-181.82189400646675
16738,-261.4808875692622
16739,-490.1116840146572
16740,230.20391362431457
16741,257.0705521896262
16742,-103.20987428804118
16743,-220.61508719733683
16744,-183.9435235287465
16745,244.10074547032508
16746,-229.84424590995957
16747,-264.4596149516706
16748,-249.85552206774474
16749,-25.253686122933658
16750,-29.34910357376772
16751,-385.65410884282903
16752,-119.82117569776449
16753,-102.4609108150897
16754,-124.6133211665952
16755,-58.95849444737986
16756,-175.19390509206892
16757,-248.60700163852792
16758,-84.94654715747095
16759,-311.50999063969596
16760,-135.36418870726715
16761,-279.2375193476955
16762,-169.40174098984951
16763,-23.37191905488706
16764,-0.9448713923949867
16765,-268.3047926740985
16766,-242.2977409123037
16767,-125.61639392982653
16768,-188.97390240003043
16769,252.36917266831708
16770,-195.66387826369913
16771,-197.09176841445958
16772,-170.052292613823
16773,-208.51251070677242
16774,-62.64063797777541
16775,-104.4242105837701
16776,-123.96904105223392
16777,-32.906824913679245
16778,-166.47596323652874
16779,-149.762910037725
16780,283.99556829167193
16781,-144.6920614117051
16782,-163.22211872226387
16783,-48.02990141790188
16784,-302.12209420688225
16785,-282.97912651658555
16786,-154.67614380200803
16787,-211.6611082516368
16788,-124.37283577716477
16789,-300.14868983158794
16790,-171.51813717863004
16791,-285.6004846372651
16792,-42.872946142428475
16793,-224.82969998927405
16794,-231.80583326707867
16795,-258.9491124432577
16796,-70.56473356264829
16797,-41.27906515962495
16798,-16.32665377720788
16799,-186.94087847070205
16800,0.15798675208577606
16801,-147.29112729978488
16802,-47.6220175990225
16803,249.64931296953188
16804,-98.82331545752793
16805,-102.0241010328282
16806,-148.91694786263682
16807,0.40217448603719674
16808,-113.51166792209051
16809,-181.56827756598088
16810,-135.8593858300044
16811,199.07490347386687
16812,271.47512690886947
16813,-69.00689989158269
16814,-121.97885050381399
16815,-40.63882622937652
16816,179.8688855872948
16817,-108.55055108660464
16818,-293.05855612620235
16819,-61.90634581532213
16820,-166.0376798842674
16821,-22.798511396607424
16822,-53.32514468810476
16823,-73.42937051179246
16824,-81.46982829644543
16825,-55.47526224717464
16826,-189.71657743393473
16827,-2.968511574852826
16828,-111.42343575083348
16829,-17.521211167327664
16830,-156.58828342672547
16831,-79.0300149345671
16832,-93.06172709339255
16833,-76.8960111491629
16834,-200.9873416727729
16835,-314.21002544456366
16836,-90.58690102490593
16837,-193.7227881711358
16838,-287.7788766364696
16839,22.76212396168077
16840,-63.96332561873925
16841,-56.282968134861264
16842,-268.8194387503441
16843,-252.83752057340413
16844,-295.6095794820872
16845,-83.45025726030065
16846,-100.31140704473736
16847,-125.06838542704666
16848,-189.10141779477811
16849,-38.11456381281697
16850,-141.86196974236861
16851,-163.66985158250554
16852,-94.57296397275607
16853,-154.00510423754386
16854,-105.26221253565464
16855,-129.65281351649656
16856,-204.03101237315997
16857,-84.43911370087102
16858,-71.50291164883986
16859,-169.08320005776181
16860,-27.189304860062094
16861,-12.536009993112955
16862,-9.137855103308368
16863,-181.01347968753714
16864,-178.27042967619428
16865,-45.48494639401874
16866,235.05559503519498
16867,-46.22091016886667
16868,-207.10897801012146
16869,-127.38978489520582
16870,-168.0633960347287
16871,-277.2854031429849
16872,-123.8069680878442
16873,-55.539937452643414
16874,-80.82936776284983
16875,-106.20736274431536
16876,-322.5125230786847
16877,-100.59227189598917
16878,-237.25699413115424
16879,-122.74426294675455
16880,-8.330657613983163
16881,-289.04352023152046
16882,-221.2883458562548
16883,-135.62775039594706
16884,-138.06105734651172
16885,-39.45941560421872
16886,-53.179586859385985
16887,-215.40471221667593
16888,-37.453796779371686
16889,-164.8362368702244
16890,-119.83389733154144
16891,235.86327885506626
16892,-151.56163923341592
16893,11.548338409563712
16894,-131.36182863692272
16895,-444.79049194551396
16896,-78.48903515555264
16897,-152.37147922483575
16898,-51.84476436292103
16899,-137.7660439718979
16900,-8.29407404972143
16901,26.491902444739992
16902,-210.67949138733977
16903,-114.3439747800359
16904,-201.1716978835343
16905,-156.29322887122026
16906,-35.74138741855538
16907,-92.81681201621942
16908,-61.66305473901807
16909,35.39577414201912
16910,-8.982519069672307
16911,-103.42238254179867
16912,-104.0338188812728
16913,-50.765222427756655
16914,-23.03482544978307
16915,-73.0713381648173
16916,-154.93193716995717
16917,-17.762662308763566
16918,-117.92505527176247
16919,-77.67706790117774
16920,-52.15403280410011
16921,-100.49538069805793
16922,-125.42358946084956
16923,-90.89147856843056
16924,-119.91157055382881
16925,-213.3876192718652
16926,-16.50097498851673
16927,-97.59269987490529
16928,12.00520897215516
16929,-2.164321968962952
16930,-49.975774961899596
16931,-83.0565834654837
16932,-103.35876839554645
16933,-60.375171592868114
16934,-196.50194677727367
16935,-56.77746854020687
16936,-104.43727026469935
16937,-360.6769201540759
16938,-157.33016878200817
16939,-132.855801094814
16940,-198.58416842314244
16941,-121.2400899345823
16942,23.613408630669014
16943,-180.22802387843268
16944,-120.38409903503667
16945,-59.78038649281855
16946,-9.287738294973394
16947,-70.22278355814657
16948,-170.17715503883048
16949,-135.44323900920148
16950,-41.29580668713304
16951,-78.9123556395774
16952,-48.90061124903008
16953,-13.549740601970825
16954,10.782216727055399
16955,-137.902608350766
16956,-132.5987636225686
16957,-7.801871399538285
16958,-64.91408224852513
16959,10.59677398129422
16960,-152.95919180726187
16961,-190.03550779769557
16962,-39.584368356931236
16963,-100.1597734637922
16964,-25.59693292463149
16965,-5.432633441380304
16966,-146.03358648352886
16967,-67.74701098619052
16968,-80.81956253214508
16969,59.5639942612066
16970,-141.2610650754956
16971,-58.41260178503282
16972,0.7701122949010824
16973,52.165531749085915
16974,-62.3629229525024
16975,261.6226453085429
16976,6.72675165463103
16977,-91.5196956233304
16978,-115.17528605194391
16979,-51.09378374830362
16980,-107.74918914639724
16981,-45.11542894270398
16982,-79.79248657606753
16983,-73.44016405293193
16984,-101.47502448071872
16985,-133.14531312331906
16986,-96.08885629457139
16987,-30.623840641198868
16988,-201.25873689082425
16989,-202.69506349562386
16990,32.93787624256282
16991,-28.08998157200429
16992,-165.02929181669052
16993,-145.84586398565708
16994,-11.434018091681665
16995,-67.19298466285937
16996,-121.86555948539194
16997,-8.446685890217822
16998,-173.2709984512527
16999,-146.04842169256227
17000,-90.31982779440047
17001,-25.46793933334955
17002,-77.21650057652623
17003,40.523395620750506
17004,-72.36709059952553
17005,272.1094604778816
17006,-12.004650540962686
17007,-47.908379483519
17008,-13.165924587833672
17009,13.890263927257777
17010,236.1760385055899
17011,-126.96576843349877
17012,-111.16917325421333
17013,-141.9616841986478
17014,-160.32778961519227
17015,-97.1960806927499
17016,-104.65270331324045
17017,-29.18947853584099
17018,249.00483149826465
17019,-208.28183177062587
17020,-159.40627269101873
17021,269.45483010556325
17022,-23.195501888016878
17023,-191.69708886599886
17024,-201.2736770470798
17025,-80.01469883036432
17026,-169.97178472831064
17027,-10.859787685729444
17028,-45.61368749778289
17029,-54.909211011084935
17030,-18.712092180611876
17031,43.75306404044605
17032,18.431528124216584
17033,-160.8626883115927
17034,-93.84498554605972
17035,-95.06059614417438
17036,28.62827930266107
17037,-34.05611270568909
17038,-90.24507845000718
17039,-194.33721633800116
17040,229.5164085749334
17041,-178.40322023309247
17042,-43.27357770402077
17043,-361.639858423201
17044,-78.39885533100647
17045,-6.5239882663637445
17046,-26.981108877876835
17047,-231.16549683129875
17048,-175.03058048650297
17049,-140.8495452663974
17050,-68.61466821969434
17051,-50.731592582576404
17052,-204.99647678480886
17053,-70.07281381376549
17054,-139.12562937890004
17055,44.324587583036475
17056,36.49347144547494
17057,11.307198637736036
17058,-49.27388697300615
17059,-104.61324071728771
17060,-211.59780816708766
17061,-102.86584281368683
17062,-197.9653433056483
17063,-46.9623227298696
17064,-172.59279861487772
17065,263.4696447210086
17066,-137.4142877620809
17067,-271.9140880879036
17068,-21.828531402846707
17069,-141.28589577466357
17070,-127.21746876978787
17071,-45.75163933273241
17072,-162.72131360531915
17073,-181.65926369836362
17074,-195.31823013651007
17075,-46.52609453787649
17076,-27.553808726917737
17077,-280.91043499901104
17078,-52.307434515007074
17079,-145.68819451785285
17080,-78.96760814143124
17081,-77.97593933344174
17082,-134.02175250116863
17083,242.14237843306256
17084,230.46062920678781
17085,31.141060454802158
17086,233.78133096148693
17087,-41.40914883018252
17088,-107.42411454745128
17089,-154.4916078876632
17090,-108.77774535002212
17091,-141.95660916981754
17092,-181.61731019912168
17093,-127.18866466618516
17094,-98.70250470448434
17095,-61.00508304896251
17096,-46.03526071243717
17097,-100.09357011319085
17098,-32.14517169455864
17099,13.130728199995843
17100,-169.10254123365806
17101,-157.3742527342718
17102,-56.97575497793633
17103,-43.174222005714554
17104,-114.01384596976006
17105,-229.6643190064001
17106,-106.07554293073144
17107,-0.9135004236582205
17108,13.54200130597205
17109,-55.108706649431895
17110,-56.62800567138824
17111,-14.994897392007303
17112,-123.57338921855217
17113,-179.63637157768483
17114,0.6069359904444553
17115,-146.50955802045868
17116,-26.490486339204068
17117,-133.62808137741138
17118,-15.970970356175812
17119,-117.49676246206462
17120,-27.008764665556484
17121,-77.2182719237828
17122,-224.88634343060093
17123,-56.73266635872939
17124,-206.19887625876441
17125,-177.79358909647544
17126,-31.262265375837814
17127,-199.47419164614976
17128,-62.817244347666296
17129,-130.4708440420147
17130,-166.905825921511
17131,-123.3682561771603
17132,-153.6983145060921
17133,-241.00343037452387
17134,-191.5032207022349
17135,-211.79037313704742
17136,-147.2977296637057
17137,23.276570029681267
17138,-212.9032292888764
17139,-117.31505075118983
17140,-38.594534321513436
17141,-220.50134842673322
17142,-151.51483133092017
17143,-288.864407262348
17144,-192.25804684209743
17145,-7.62281031403792
17146,234.7851619401489
17147,-77.65951117291512
17148,-158.66894916424909
17149,-8.430879478144632
17150,-162.9104851554277
17151,-161.93056836374018
17152,-163.71305370828247
17153,-166.1143535722479
17154,-132.9973972093124
17155,232.24625717958935
17156,-252.29470377833118
17157,-84.10220855607126
17158,-224.11290027393903
17159,-42.40298750187428
17160,-129.68878221303692
17161,-103.20163800875757
17162,-316.93691032444605
17163,-67.4356110920445
17164,-211.6562150075854
17165,-105.58884319694286
17166,-30.408324824999525
17167,-112.81210125047866
17168,-178.34640091897182
17169,15.986707080291808
17170,-48.250664199739546
17171,-155.93595162561616
17172,-20.12452535806787
17173,-76.89589285012198
17174,-193.37375888369957
17175,-86.80476737640012
17176,-12.807663323240575
17177,-81.76832948402217
17178,-272.10944168002936
17179,-23.010377917473562
17180,-13.310654757456106
17181,-135.64988613931075
17182,-110.53178578660417
17183,-72.18667917832431
17184,-96.45029437583085
17185,-114.7926439492552
17186,-98.77662552094915
17187,-256.68855848699275
17188,-214.73508306649063
17189,44.840159507713395
17190,-86.66349699638076
17191,-23.180818393599978
17192,-234.87730338797712
17193,-182.7525922288529
17194,-16.89361013040174
17195,-6.60966917324383
17196,-154.88658489245188
17197,-410.6030817492182
17198,251.00209276108166
17199,-24.058103816919413
17200,-180.74811779765773
17201,-136.3327811186636
17202,-200.6023634620253
17203,-94.16367652027212
17204,-54.71336843764208
17205,-125.03595277336402
17206,-193.82355177214896
17207,-35.853662119327566
17208,-29.067735821687847
17209,20.742164089378107
17210,-116.16725540836407
17211,-118.94878350281178
17212,-108.2831209132406
17213,33.80321638532715
17214,-66.23058951428936
17215,-115.80692921745245
17216,-141.1590877376653
17217,-135.85365168339098
17218,-9.950639729086362
17219,-106.14871769899409
17220,-249.4850601725951
17221,-107.96382362104698
17222,-113.93548850795831
17223,-77.76420933221047
17224,-77.56752316268407
17225,-21.79290031934913
17226,-131.60462915238145
17227,-155.1302416867924
17228,-106.80541927609204
17229,-87.5446058989073
17230,-187.5021203170215
17231,67.35082536999494
17232,-59.31743325517982
17233,-171.66516905392967
17234,-184.23876266603799
17235,-253.45045615226246
17236,-80.45179745305752
17237,-227.1394087453232
17238,-17.423465133928175
17239,-134.24237686289945
17240,-150.91052443328513
17241,-187.11609265190683
17242,-220.14483228199313
17243,-105.3165536018827
17244,-217.25387310189285
17245,-37.50626432832967
17246,-114.3309746158694
17247,17.01413834693166
17248,-124.59841392402032
17249,16.459643848621212
17250,-96.12890954710204
17251,-123.71066634205457
17252,3.2762622421053322
17253,-139.60206893785016
17254,-26.234340095123045
17255,-116.80109869918758
17256,-193.37809016774708
17257,16.807454934118127
17258,-238.12411892421238
17259,-175.84113312464024
17260,-27.133787406447865
17261,-55.423533190224134
17262,-180.71738326294152
17263,-157.01018215709163
17264,-78.30681335910376
17265,-31.711505540171615
17266,-247.21783875040532
17267,-90.30101178425727
17268,-158.74231834768085
17269,-108.33894764890843
17270,-87.7584393564831
17271,3.059037877336138
17272,50.43735074782984
17273,-127.57946568444146
17274,49.08555870743038
17275,7.721519576957604
17276,-108.3407468344032
17277,-11.882656072640998
17278,39.245075173979956
17279,-66.13108677344412
17280,-65.77691395375068
17281,-96.81992302514251
17282,-73.14848007903095
17283,-156.5582458475883
17284,-43.00109291976334
17285,-4.931368744622546
17286,-215.23988664356256
17287,-130.53538125871574
17288,-130.75676747857582
17289,23.1727275004381
17290,-25.377264861776112
17291,-197.17377405397218
17292,63.249801080868366
17293,-33.957557085111546
17294,-118.37620804801058
17295,-186.18034659751558
17296,-53.77694363173068
17297,-300.67925064495716
17298,-268.2436272503791
17299,35.17381659894505
17300,-126.96454370083205
17301,-145.91886927598705
17302,-85.3058411205678
17303,-84.8278166746744
17304,13.635867947079262
17305,-227.31880840347685
17306,-104.03571213055838
17307,4.062789938599764
17308,-74.92633201785043
17309,-217.203897727612
17310,-47.29007486495844
17311,-101.54440296831113
17312,-68.04392488826565
17313,18.12208084579055
17314,-0.6025220135794882
17315,-93.77308326161638
17316,-68.11313945221511
17317,-75.9194584965719
17318,-20.72541974864724
17319,-159.73016565113545
17320,-11.706304078808117
17321,-139.83016617254003
17322,-43.00571013048773
17323,-134.81676116865452
17324,-67.99077680847604
17325,-67.91552702647395
17326,-81.95907905669453
17327,-57.18765823805073
17328,-176.9016684875601
17329,-56.52020237045391
17330,-100.45572857737325
17331,31.529551384007505
17332,1.166702173925188
17333,0.5668549301967118
17334,-96.72810194050032
17335,-194.26080184239152
17336,-131.48112628020726
17337,-148.25492572831416
17338,-78.74265181693185
17339,-131.6918462266607
17340,-80.26156452511552
17341,-101.44215020932553
17342,-141.29051164250188
17343,-180.4382428965207
17344,-160.70518714837132
17345,-83.85725374425837
17346,-144.98738687807736
17347,-111.99283780337606
17348,-170.81849302937587
17349,-21.435913597518365
17350,-209.78658840419934
17351,-146.62383285024276
17352,-145.35536611047712
17353,-15.896749703167416
17354,-25.638710522878384
17355,-122.2280906064819
17356,-9.189672573431025
17357,-156.7419472349457
17358,-194.40484047940518
17359,-312.09758277852154
17360,-145.50842456052848
17361,-25.444175773962783
17362,-80.96238275951613
17363,-26.433022527045594
17364,-76.29031356061608
17365,-281.71507804861994
17366,-79.08039588551078
17367,-140.3275904435322
17368,-26.68335641340461
17369,-74.78803080068076
17370,-34.27471497468831
17371,-38.20741090526012
17372,-125.17824580021268
17373,-45.001941987169914
17374,-47.63868433726757
17375,-177.1650927837075
17376,-27.830870393433372
17377,-127.64930885113338
17378,-92.31673344860525
17379,-142.9082295012824
17380,-103.45336787125474
17381,-32.083904462145824
17382,-106.74311965793535
17383,29.638124779550054
17384,-145.16838441636114
17385,-83.4101304739809
17386,-111.58048945193306
17387,44.25569434831209
17388,-128.59245657459522
17389,-279.52665319381674
17390,-59.298836824156496
17391,-140.05719109172787
17392,-54.96068402154452
17393,-46.45720200922021
17394,11.829135021410934
17395,-144.03024131268356
17396,-93.22613807656684
17397,-269.42562719076955
17398,-98.66070783088598
17399,239.79503112724876
17400,6.485510539738087
17401,-100.31126444214706
17402,-49.86666732838786
17403,-8.290574572344084
17404,17.650827702686968
17405,13.538160959764042
17406,-98.42621254778014
17407,-3.906183030145158
17408,-127.92232876093027
17409,-68.3926733631021
17410,17.019207779862995
17411,43.974912700761024
17412,-59.86498644098712
17413,-11.461944423470186
17414,-16.26549416688711
17415,-51.00208932444748
17416,-129.51130474914345
17417,15.996838102700792
17418,-93.28134341983701
17419,-96.8165708300457
17420,-126.22178101033407
17421,-31.755428055644458
17422,-1.863376210950463
17423,-9.957844261908662
17424,-6.54487112670968
17425,-53.09727563912804
17426,-259.43370384728155
17427,-48.18061650212594
17428,31.150558526296834
17429,-39.23140710456659
17430,-86.29035066643759
17431,0.25063046692405067
17432,-141.19102617903405
17433,-58.480731760600364
17434,-112.40069664870472
17435,-155.6180088110395
17436,-134.79068008381904
17437,-124.15796400710036
17438,49.02533118286354
17439,-167.5820029757188
17440,-274.85738640950615
17441,-155.2637395218552
17442,-82.00681056473648
17443,-138.64155003040167
17444,-45.18864800971607
17445,-115.1184704533953
17446,16.608537606533005
17447,25.02027205060614
17448,-141.46037186619776
17449,-254.34855731681185
17450,29.103382962869063
17451,-149.90354020528338
17452,-110.73415912876091
17453,-138.23126137233683
17454,-117.07966943214363
17455,-29.059628194413662
17456,-22.391902841135888
17457,-83.60995545057995
17458,-83.48281708767746
17459,-117.64728475997522
17460,-45.52453235196073
17461,8.460713846291867
17462,-335.95240431288954
17463,-152.63288698073592
17464,-136.194981774611
17465,-131.03432059220813
17466,-76.23891711973188
17467,-79.9003781233633
17468,-97.10413178434268
17469,9.586835285632063
17470,-106.8824799340376
17471,-77.6032969525298
17472,-7.762509305762734
17473,-94.87691240371691
17474,19.08917445237533
17475,-5.0297681441028175
17476,1.3357600905390399
17477,-2.7876002745803277
17478,-110.70184074396109
17479,25.132850048780654
17480,-37.95125865735504
17481,-75.85974200395081
17482,-92.4827846030438
17483,-60.517750389883545
17484,-117.74154127826401
17485,-170.26299710637312
17486,-150.51391327370266
17487,-150.784578379244
17488,-126.79230837985914
17489,-116.4452798876279
17490,-67.86216699105877
17491,22.664056916291898
17492,-2.246774363315936
17493,-79.40542917712753
17494,-177.65629880889708
17495,43.3052106531475
17496,-129.82235455112618
17497,12.964020476372795
17498,1.4072764837742255
17499,-87.6515531212974
17500,-129.42566232470514
17501,-122.2548651913211
17502,11.602681243545561
17503,-128.06710462362594
17504,8.145209405185966
17505,-60.7097053186733
17506,-131.0522601580911
17507,-144.33105521417448
17508,-67.48613900814931
17509,-161.75723661858086
17510,7.066469205833343
17511,-59.48000495342641
17512,-13.366455029758328
17513,-148.26227657501624
17514,-118.94276807313918
17515,-114.09946874392027
17516,-145.25819287586882
17517,37.60717721639469
17518,-46.80758107305192
17519,-16.108813605825944
17520,-67.3484747076978
17521,-220.0342858280324
17522,-30.490776956385602
17523,-104.85286284740914
17524,-146.36445960554028
17525,-115.4182095781083
17526,-79.33463682052565
17527,-164.80619322580236
17528,-261.8743471925445
17529,-159.340775861702
17530,-127.26837969283157
17531,-48.77953953295554
17532,-181.09006624277197
17533,-106.86630609654469
17534,-195.75090928120176
17535,-201.34757334415366
17536,-118.88588561490836
17537,-70.54899233943553
17538,40.570632198954854
17539,-3.5906809926082843
17540,-70.92996332464901
17541,-102.22799325319974
17542,-169.54631481798597
17543,-301.958889912763
17544,0.40930403610681765
17545,-43.41519938672993
17546,1.8589315819821621
17547,-149.2263388426831
17548,-152.26384269636296
17549,-139.83895063828447
17550,-238.9783486272457
17551,-19.41722982393462
17552,-85.8190347395705
17553,-79.59663841820117
17554,-143.38230123999733
17555,-191.27667006323748
17556,-136.25976690667858
17557,-168.79484233083255
17558,-163.72483202805077
17559,-0.16766849142305773
17560,-48.15828322164168
17561,-128.31904630994833
17562,-187.8517525936973
17563,-169.78051357431897
17564,35.73046624570381
17565,30.002229508095496
17566,-61.182515908094885
17567,-110.07715340131438
17568,19.631736098339275
17569,-114.3061056878221
17570,-37.92842069150289
17571,-141.131037288933
17572,-147.31103852988795
17573,4.310247058690493
17574,-170.5602559608219
17575,-41.93494320908408
17576,-88.72651312436633
17577,-27.60432608957801
17578,29.78703708116305
17579,-137.9291558461622
17580,-64.50607524293886
17581,-18.30397080503154
17582,-107.04657047969695
17583,-269.0560617950886
17584,-178.08532888277477
17585,29.3088148639452
17586,-116.2404263951717
17587,-192.2357307844189
17588,-290.75357880322963
17589,-20.508198036527872
17590,-108.54044505148292
17591,-116.7656859458399
17592,-135.170335419972
17593,-67.61174506548089
17594,-116.08166694071338
17595,-101.38711165771299
17596,-103.66975309787028
17597,-23.456219808359208
17598,-51.72056847671038
17599,-0.1867314939812985
17600,-118.74108236597878
17601,-144.5942226248403
17602,8.813173272934108
17603,-6.66744162345006
17604,-13.080468341507313
17605,-142.558484230476
17606,-149.22405933012817
17607,-58.75410435796243
17608,-154.23676041294533
17609,-41.88458690084508
17610,-57.50103357656175
17611,-98.48445736813427
17612,-13.134595810757617
17613,16.008402536116733
17614,-162.03910424407246
17615,-110.00551847151729
17616,-184.77372028100396
17617,-101.02130095449968
17618,-198.20262583830777
17619,-53.74787294698295
17620,-100.74961686360237
17621,-49.155769852736015
17622,-61.4786148080832
17623,-51.76304649795247
17624,-121.54946856753041
17625,-166.57316544891998
17626,-84.75459398910077
17627,-1.91497403854234
17628,-147.22034862629164
17629,-72.6851173998852
17630,11.839959508000007
17631,-179.4675587802543
17632,40.36674060106759
17633,-162.66671271894836
17634,-4.079690682899582
17635,-117.70442675575222
17636,-104.37225171839107
17637,-93.44050356261705
17638,-116.4087510719962
17639,-398.27810931561464
17640,-196.64347814380474
17641,-171.24136071515832
17642,-153.0363273881511
17643,-96.39593979205394
17644,-127.95091432133742
17645,-0.5021150094323872
17646,45.80306309223903
17647,-86.53891853200238
17648,-81.54474831657043
17649,-117.52948604427617
17650,-173.06793087742574
17651,-171.63908158015641
17652,-63.01832678183287
17653,-111.5912383988096
17654,-335.622310947408
17655,272.4366449824514
17656,17.227748105195957
17657,-46.12218560797083
17658,-115.5900527275418
17659,-77.20378529913988
17660,-292.4954942554838
17661,13.899236164563234
17662,30.168105857364594
17663,20.733531632171633
17664,-202.91666064740875
17665,-23.320655034591752
17666,-58.96970114919223
17667,-97.54942995811874
17668,-75.67779957132551
17669,-175.58787673194115
17670,-77.76895019933023
17671,12.125725475472478
17672,-66.15960815040691
17673,-106.11579860515137
17674,36.22899817592278
17675,-79.30591537247074
17676,-168.17099028112384
17677,-80.29781893622078
17678,-157.7177243336126
17679,4.952129363693004
17680,34.57170935367765
17681,28.087497230454005
17682,-134.3926748024999
17683,-106.89671471510142
17684,-148.09704627119496
17685,-101.54486387740634
17686,-326.3551394742808
17687,247.99694336258463
17688,-156.14718276934462
17689,-154.64039683937725
17690,-66.30832846650954
17691,-172.204171752449
17692,-94.38647219505114
17693,-37.1437164111566
17694,-147.46456569177602
17695,-230.11258192413848
17696,-7.58704200704625
17697,-160.37865451254436
17698,-45.92005305695126
17699,-39.042955849866246
17700,-103.74146888998577
17701,-148.8167706464056
17702,61.39507426038986
17703,-98.40904631620054
17704,-11.571747608995793
17705,-65.13759170931915
17706,-83.88835026496584
17707,-117.58626898030478
17708,-37.320628058235464
17709,-93.50723285784179
17710,-31.061214246308367
17711,-26.24397699515245
17712,-377.5032134532283
17713,20.163965827298824
17714,4.923496727869306
17715,36.45875861546685
17716,-74.43820923453215
17717,-20.72468984297737
17718,-163.78016641448664
17719,-29.634286058678214
17720,-184.30249948006593
17721,-168.0950011962019
17722,-180.41406565664215
17723,-64.3963657230738
17724,-7.4990504130139755
17725,-196.45052780155447
17726,12.03600786844882
17727,-133.72040397229887
17728,-179.0909793012915
17729,-163.7936885835885
17730,-33.99620480806331
17731,51.983183226274605
17732,0.5846592071986123
17733,-143.3742711338212
17734,-135.05025968796014
17735,-160.42752789822833
17736,17.43315079874273
17737,-32.88786731240269
17738,-23.18246708041211
17739,48.420225670539395
17740,9.632457071061566
17741,-114.2136662863249
17742,-215.16857275753156
17743,-119.54937079104702
17744,-67.48621265063599
17745,-54.99316211784368
17746,11.4208218059631
17747,-62.657027607969944
17748,-56.326965203736094
17749,-98.62679412285638
17750,-114.90403404280656
17751,-48.80883829524295
17752,-45.487513083387825
17753,-221.55029547390848
17754,13.867848892157184
17755,-165.1651380053623
17756,8.901245820862414
17757,4.630561686865491
17758,-59.666544727770074
17759,-148.92303992707247
17760,-97.80947369075434
17761,-30.014570538279173
17762,-0.7403748917083135
17763,-121.05166912699895
17764,-174.60521390334122
17765,-85.40275468270625
17766,-71.90920234864556
17767,52.223522138685155
17768,-193.29578104129143
17769,-42.6292235656582
17770,-174.93248648233393
17771,-116.47139593344318
17772,51.57033884604661
17773,-32.38201831061028
17774,-169.27631588383593
17775,267.15849995568294
17776,-252.67881293127056
17777,265.75693506782096
17778,-20.82425728261248
17779,-139.70084003995876
17780,5.039248917700149
17781,-127.57383215936801
17782,-165.99143697461778
17783,20.521835138052197
17784,-78.09348064869656
17785,-102.19356654570001
17786,25.76304185314396
17787,73.0630832330016
17788,-8.892130210082271
17789,-101.44153771986242
17790,-177.56330447711383
17791,-67.60936520403015
17792,-125.16264742532272
17793,-45.579521144313986
17794,-147.82721994063968
17795,-94.74651261066373
17796,-17.67480501234091
17797,-112.63483546301963
17798,-162.067546250102
17799,-149.80567138497221
17800,21.08969554001426
17801,-138.0415245438188
17802,-195.66271808499016
17803,-174.5399422044449
17804,6.466108786080923
17805,-31.393736619381897
17806,-97.78481676743402
17807,-123.33727649240728
17808,-193.96266823683442
17809,-175.2949262074967
17810,-178.44388948848973
17811,-111.00775806932475
17812,-41.59772745074302
17813,-117.38917916735987
17814,-106.73670561208206
17815,-56.01114632796032
17816,-125.69514759186178
17817,-97.01973673547512
17818,-16.222574978406627
17819,-92.89998912196707
17820,-10.0744005713277
17821,-166.53279849566292
17822,-202.47964159293142
17823,-176.7652120672484
17824,-87.10468831534737
17825,25.643959110563344
17826,-187.1548010800725
17827,-19.18335370663077
17828,-81.70376341666311
17829,-116.08201457156291
17830,-162.12824672942799
17831,-17.919640553927408
17832,11.644420582275245
17833,-92.0175586370149
17834,5.337137659513132
17835,-169.17843385620716
17836,-70.22542388025516
17837,-306.0262243926555
17838,-157.78476090377012
17839,-248.13272229329817
17840,-14.550165312938248
17841,-36.216838701571845
17842,261.12513045326494
17843,7.517011816484569
17844,-2.974771775636569
17845,-75.17566296163918
17846,-65.0643913823454
17847,-1.0081852377284264
17848,0.2467601159556665
17849,-315.7972994291998
17850,-114.40891718982573
17851,-81.29699818653867
17852,-184.52336338949175
17853,-30.158474086628857
17854,-123.91385237918146
17855,-92.85170086620064
17856,-172.03033773532755
17857,-203.15072186420318
17858,-114.21656713403306
17859,-95.73751049472015
17860,43.08432537388495
17861,-112.56843523695812
17862,-108.83677680948288
17863,-151.17763800863366
17864,-103.66302893658224
17865,1.5065933880567997
17866,-155.8567099879187
17867,-28.008464415648007
17868,-135.19799121990303
17869,-89.96982567321483
17870,-125.40377291656092
17871,2.219226428115064
17872,252.26283293392424
17873,-87.67930330919714
17874,-87.79192938423088
17875,-126.28052372650463
17876,-119.59390832058726
17877,-181.6080193229758
17878,-22.463772216812103
17879,-102.65711435284274
17880,-152.35295153471614
17881,-99.25831200033122
17882,-84.72063081196531
17883,-20.682593340433414
17884,-296.2251835820569
17885,-180.48929839274527
17886,-105.83567478677833
17887,-138.25029501874212
17888,-164.0815471278837
17889,-76.24160289647136
17890,-80.3862888955141
17891,5.994335436991065
17892,-89.55687139186944
17893,-40.49648864008299
17894,-157.35002904057853
17895,-81.72875129919773
17896,-57.89040185080927
17897,-126.2218603308693
17898,-42.92163321197948
17899,25.649519390621492
17900,-65.6024230296638
17901,26.762840270169164
17902,-32.30264546985093
17903,10.262796715349594
17904,-100.15263411283897
17905,23.571507941391076
17906,-151.97316730919476
17907,-166.50278815471688
17908,-78.236634456922
17909,-230.00281763090993
17910,-113.8581463376423
17911,-321.5205095680793
17912,-138.46632539728228
17913,-230.86245593836412
17914,-78.76707384113469
17915,-123.07349996428648
17916,-158.40259429527742
17917,-49.19696081230447
17918,-198.31052961506262
17919,-5.539324571985787
17920,-166.27440253839748
17921,-225.8842627177695
17922,-76.53422746787311
17923,-120.1497777477198
17924,36.03442234774664
17925,-151.01771914757853
17926,3.5519030331821853
17927,-92.43642224503732
17928,11.923443673456006
17929,-125.60404939065286
17930,-86.67919859668847
17931,-37.607477191320086
17932,-152.09399837694255
17933,-93.37606467384244
17934,-94.60883275898718
17935,-114.54104026792479
17936,-107.82122578407228
17937,-22.30009865947973
17938,-129.5904830395515
17939,-282.80566575158446
17940,-149.81825666688013
17941,3.422644037734443
17942,-166.0662925724978
17943,8.343907341004552
17944,-108.28600421982972
17945,-113.90697952552684
17946,7.807097241209135
17947,-49.91813830261579
17948,-31.488406458974026
17949,-76.88414473557148
17950,-100.5581504192092
17951,-84.68242747362163
17952,-61.16246654100571
17953,-26.78601789343331
17954,-196.14913975801048
17955,12.137188785469434
17956,-155.7310450804939
17957,-133.94927512309715
17958,-120.81666864266288
17959,-90.39367042256985
17960,23.227307758577325
17961,-109.1461435407752
17962,30.5331465443428
17963,-153.6680634814656
17964,-8.923494951833177
17965,-46.91414525471633
17966,-12.492251834384533
17967,-116.19705517795458
17968,-92.93767952508276
17969,-214.1710664869941
17970,8.71686956368211
17971,-146.60479592550968
17972,-42.67325168895917
17973,-169.7507502312459
17974,-96.28380915577603
17975,31.341303402796967
17976,-182.60620551633946
17977,-112.36085737850595
17978,-61.10803758303885
17979,-144.3634904864476
17980,-125.45872616928523
17981,-154.00115138933234
17982,-40.12101901899322
17983,-95.63322585510176
17984,-82.06277252091907
17985,23.590226152659312
17986,-146.99130275961508
17987,-89.98092634096216
17988,-82.98358627532485
17989,-287.3979185775423
17990,-179.36951214034394
17991,-84.98948156896066
17992,-81.03705022164776
17993,-94.90026911993823
17994,-22.485522226059203
17995,-186.9530102727451
17996,-37.16028932723165
17997,29.72503378797046
17998,-175.3752649574392
17999,-129.84600561334025
18000,-173.69403441089173
18001,18.620507524785026
18002,-64.23269746431875
18003,15.667359383299015
18004,-344.1978307823647
18005,-76.20055954130981
18006,28.137222680710465
18007,-90.50243586801936
18008,27.203700216573793
18009,42.72068691753017
18010,1.6106552446071305
18011,-209.28095413534083
18012,-201.62456745543005
18013,-183.0875499812743
18014,-144.91025148913846
18015,-118.83862366500729
18016,-95.18921276533081
18017,29.175718500772632
18018,-144.01272736868324
18019,-114.96048301046068
18020,-122.75946249846913
18021,-81.04954820019431
18022,60.04655574495072
18023,-194.62890350388653
18024,-136.99333387193866
18025,-85.92371033266919
18026,-86.71871916561354
18027,-245.3521620661562
18028,-28.775271381366736
18029,-34.169701369820345
18030,-96.38639858517378
18031,-181.62963702352016
18032,-140.67904825789466
18033,-108.72987616493356
18034,-103.6001345085286
18035,-136.5436038692378
18036,-150.79764328217496
18037,-53.00399405461468
18038,-192.28055368995678
18039,39.400274191742824
18040,16.95296630492288
18041,-88.28280673719652
18042,-149.5518887252001
18043,-101.76077729575866
18044,-135.87618319986422
18045,-146.5380815840014
18046,-94.63977351822447
18047,-67.31964623232955
18048,-14.481511393626121
18049,-118.77195593624576
18050,-154.81231218195006
18051,-140.2571496919599
18052,-11.141876777407646
18053,-97.49944574395624
18054,51.4241673002025
18055,-116.7786068603792
18056,33.425128888645304
18057,-142.87009862014725
18058,-46.294211317354254
18059,49.167349766037034
18060,-72.94578475496857
18061,-140.32698615954058
18062,-142.25029392993423
18063,-87.0325913164731
18064,-207.57400690002135
18065,-152.02184388418686
18066,-74.11498234630429
18067,-95.71285398635113
18068,-126.07370331050552
18069,-276.7728776796947
18070,-53.922169355265765
18071,-199.10486470301464
18072,-154.8461612246877
18073,-73.98989643185425
18074,-152.7675029053372
18075,-58.34841082596593
18076,-3.4685349807985943
18077,-118.70058231671716
18078,-132.59128089866346
18079,11.030801698025542
18080,-34.02348066817031
18081,-69.40304656273389
18082,-40.72990256395414
18083,-27.690974134679166
18084,-388.7748743766029
18085,-58.99519158938391
18086,-153.56987843125214
18087,-26.542919437648322
18088,-25.30045401965016
18089,-155.6000925172049
18090,-108.24968698936237
18091,-104.20514997035997
18092,-133.26371527962323
18093,-129.86140575842896
18094,-191.18533731605208
18095,-131.09166591440896
18096,-119.35944538050906
18097,-12.661966737508706
18098,-89.35313780956096
18099,-133.16287517218865
18100,-58.68117137531284
18101,-123.13555641339153
18102,-167.49114608650223
18103,-55.36063873802102
18104,-224.7554396423563
18105,-78.58266655107309
18106,-268.77125596487696
18107,-124.68487619300163
18108,11.493036186021499
18109,-189.09821312946872
18110,237.80526337562742
18111,22.57094526994996
18112,-15.95001559880565
18113,38.2614232219903
18114,-102.76261848739276
18115,-199.15171051069007
18116,-122.13755289330045
18117,-98.04273260464498
18118,9.366419257197819
18119,-4.039229108954942
18120,-149.95292967537233
18121,-55.65065710531749
18122,-60.16557965456788
18123,-144.52111658892568
18124,-48.955653723140344
18125,46.9606310346943
18126,9.81140631900945
18127,-152.88983759980627
18128,-56.380930026109766
18129,-139.37348239947374
18130,-64.10682995639348
18131,-27.84447857265191
18132,-79.87684149019444
18133,41.17152295762884
18134,-40.56600840531935
18135,-127.4352106334924
18136,-157.03201710997155
18137,-185.21164609925012
18138,-171.30954039516126
18139,-33.56864368095924
18140,-21.1466880904823
18141,-71.24486121459282
18142,-90.57759279075796
18143,-74.72788242051726
18144,-77.05330292916969
18145,-163.99648372333064
18146,-54.389605279967824
18147,-148.21177404027287
18148,-155.5676242776446
18149,-96.2276729113539
18150,15.744006286589041
18151,-60.72576540795394
18152,-84.24810801640501
18153,-40.704859316419444
18154,-87.46840431748355
18155,-126.81313037714634
18156,-18.185946244570673
18157,-158.27753381233435
18158,-55.567097850086554
18159,9.045848547618633
18160,-103.90481962591828
18161,18.559588161907286
18162,10.061171105148105
18163,-94.63255937198902
18164,-165.37485635930875
18165,-32.90578356826113
18166,-207.66874577884164
18167,-13.87560983308667
18168,-91.5703533362586
18169,-168.060498437376
18170,-169.2653305203435
18171,-167.15343560944882
18172,-62.794725042103636
18173,46.17792282753214
18174,-181.2117853185646
18175,-64.61768933467575
18176,-163.51374776784138
18177,18.907677220126743
18178,-10.459287061611235
18179,-167.45908432105085
18180,11.362763715307267
18181,-53.697908583313065
18182,-160.90999047421093
18183,-147.90225925772444
18184,-67.52526361868942
18185,-174.00237366093205
18186,-72.26099798776558
18187,22.904570174204423
18188,51.056737605128035
18189,-62.2362104253643
18190,-31.700513242184854
18191,-75.17593471284778
18192,-85.3562336597787
18193,-31.606020616231703
18194,-40.430360049634544
18195,-24.035331461218505
18196,-24.525083257927378
18197,-116.67605480325027
18198,-124.1380760611584
18199,-92.49699682443261
18200,-58.476555305693
18201,-73.50127080230583
18202,-55.985875744626554
18203,-142.39550510486004
18204,-6.051234734131228
18205,-152.86031958434165
18206,-48.94317040318661
18207,-120.52996700530605
18208,-78.11805496890784
18209,-87.46299572900247
18210,15.436600449357286
18211,-101.44307782320574
18212,-114.3709402819268
18213,-14.89603351664364
18214,-133.3766766991934
18215,-31.754928517542396
18216,-105.43435971127052
18217,-177.5307039759428
18218,-149.4500479338233
18219,-113.26074989172588
18220,-96.34956531283333
18221,-106.41597596623171
18222,-77.31047168045056
18223,-80.88190437653964
18224,-41.36710188367225
18225,-98.91777937940417
18226,-161.3616394872159
18227,-91.87187386368586
18228,-41.08494864515504
18229,-155.64898065137209
18230,-61.77887054938231
18231,-159.12562864899428
18232,-28.03211490169997
18233,-58.31167166223577
18234,12.939048511495258
18235,-133.66212873335684
18236,-48.467225551265685
18237,27.706536533187517
18238,41.356022710231855
18239,-123.04933797341049
18240,73.32173736652439
18241,34.39225514839785
18242,-83.7649936794983
18243,-147.7230547058688
18244,-158.1560696564515
18245,-29.314068312614367
18246,-105.77643944119359
18247,-111.23994439621585
18248,-20.93412630447166
18249,-55.71194277846631
18250,-98.43474121863478
18251,-10.815167861504648
18252,-22.435935082364708
18253,26.3692711854831
18254,-2.6556415323075697
18255,-18.775989764917085
18256,-165.09293372154664
18257,-271.70310974320495
18258,-116.87159312292907
18259,-60.75273892461545
18260,-186.8196576831299
18261,4.046992422007179
18262,-182.58813078882287
18263,-80.59059945462901
18264,-94.36719122233654
18265,-140.16899104433008
18266,-161.2776364205293
18267,-13.396030571892823
18268,-128.95292154577294
18269,-170.76028926369372
18270,21.236117030582093
18271,1.998279391424063
18272,-31.290028081041967
18273,-27.75137981439937
18274,231.93267575922167
18275,-175.74423770833334
18276,-58.383625444891194
18277,-136.42103401302757
18278,-74.22237314746974
18279,-55.91970845408803
18280,-124.43320170263672
18281,-205.8229613590085
18282,-152.84465509033436
18283,-112.98649616272455
18284,-157.8204140897712
18285,-138.17914900295972
18286,42.080270489780844
18287,-172.62032993067788
18288,15.467744902136545
18289,-183.23620454244556
18290,-199.8460242936255
18291,-38.47453187200351
18292,45.525296384478764
18293,-133.43637135089244
18294,12.060648732529486
18295,-207.96008183523458
18296,-78.86576302437426
18297,-115.07498687144754
18298,-127.65325247011678
18299,-47.34474366519508
18300,-122.46225146249107
18301,-55.74786105394619
18302,24.20275904713776
18303,-180.23793289472542
18304,-158.91954288277856
18305,-80.7824199680257
18306,-86.91382919949444
18307,-33.552433321270755
18308,-233.59679565696945
18309,31.63304773232477
18310,-45.36932393352091
18311,-25.645181250178297
18312,-92.55777409624034
18313,-70.75744456873153
18314,-166.63727359213408
18315,-190.40042111222832
18316,-147.42044065626482
18317,30.503303976484744
18318,-67.18045677370519
18319,-106.76883711740152
18320,8.898864194031802
18321,-70.62093735009506
18322,-114.06539365517122
18323,-76.39412589663654
18324,-22.945961633255564
18325,-188.01191778526214
18326,-288.0469725096759
18327,-19.154131413713387
18328,-101.29121202290628
18329,-106.52314263202527
18330,-41.47384611651748
18331,-138.14742618006068
18332,-80.5635907001452
18333,-98.20084491904731
18334,-110.79929754965443
18335,-159.4020621377294
18336,13.4471632405358
18337,-156.90362954395323
18338,-205.96564294131989
18339,7.753027395117016
18340,-80.45770230036167
18341,-190.5383691915323
18342,-100.91402247921016
18343,-133.12858020352076
18344,38.21763388123483
18345,-119.19132365822759
18346,-25.741130542073194
18347,-54.21000185438679
18348,-43.52046319398142
18349,-140.5671846968557
18350,-175.97396355319952
18351,-16.964403069864474
18352,31.072561624600894
18353,-164.03913775811506
18354,-44.99925951875112
18355,-107.14217289478032
18356,-81.20471336036613
18357,-181.71698179038586
18358,-87.1117061503901
18359,-23.55063567901537
18360,-78.80978960188487
18361,-67.15606683264363
18362,18.415371121895006
18363,-54.35893146895506
18364,-59.30261852476138
18365,-108.53380108369804
18366,-102.48683380063264
18367,-94.68227891981886
18368,-12.395055923437027
18369,10.232217067144688
18370,-143.37545271349657
18371,-144.964385758581
18372,-137.08915466902522
18373,-32.70784026131905
18374,4.533475001184058
18375,-154.79257102031497
18376,-127.98818103517803
18377,-160.62124959162412
18378,-173.28997407712203
18379,-61.908497656136355
18380,-51.891870075648114
18381,-163.45061845615894
18382,-206.67835014457893
18383,-48.46323891341524
18384,-74.86321821238919
18385,-215.9887246590934
18386,-121.80272643575051
18387,-6.121803710953031
18388,32.788454032551385
18389,-63.67639726022009
18390,-11.540548109033281
18391,-197.15362437203223
18392,33.130878981254625
18393,-108.4751825341131
18394,-62.362998253380724
18395,-104.00212994560869
18396,-130.5997615707056
18397,-192.47612383660612
18398,-86.54166849747392
18399,34.84957163212613
18400,-11.155582688934032
18401,-120.31163254293938
18402,14.842364291711988
18403,-33.069354957182924
18404,-121.45892070482316
18405,-184.8294221977736
18406,-145.05575824309778
18407,-111.64484314072814
18408,47.37996784100872
18409,-155.84830789300227
18410,-224.2597686172067
18411,-219.33269548187894
18412,-140.61234333515392
18413,1.9909665275746988
18414,5.326905707795461
18415,-50.91441278259285
18416,-43.19571382420373
18417,20.589871588974177
18418,32.001200397351454
18419,-59.30486668942926
18420,-94.67570954672183
18421,-97.53449678613117
18422,-40.65338168619901
18423,-197.7352361645307
18424,-122.17590351434241
18425,-103.29747646600178
18426,25.85186052197473
18427,-39.678861850508845
18428,-54.012629126382464
18429,-123.96686501446287
18430,-7.961783094645298
18431,30.705664011579728
18432,-91.66307084001619
18433,-73.8834276413844
18434,-182.1598519855732
18435,-154.1510605077239
18436,-109.22958340306283
18437,29.38798478663776
18438,36.69666106703281
18439,-111.5716740745693
18440,-95.26436467533247
18441,9.989598758498332
18442,-151.16633551908342
18443,-166.76801776822958
18444,-77.93959458649009
18445,13.566453333177009
18446,6.700441546606925
18447,-307.9906518744745
18448,-114.25910326803478
18449,-171.06332706690256
18450,-124.86026015078276
18451,46.12703230151283
18452,-84.55835434876808
18453,-169.20611922621046
18454,-67.43501674950991
18455,32.07466676347883
18456,-159.34469421139963
18457,31.032745491891262
18458,-128.17958154379124
18459,-52.7427705305831
18460,-161.62025456276695
18461,-236.26656435962514
18462,-28.745129338048955
18463,-273.65807268658955
18464,-161.08693518212527
18465,-97.8917660747396
18466,-131.54298065857833
18467,-58.97731558997384
18468,72.39232291356757
18469,-117.87790357073382
18470,-108.17263248968628
18471,-20.894913845429173
18472,-220.68621729340785
18473,-19.703067173907883
18474,-190.39468977665967
18475,-133.62018069466885
18476,9.3507772783382
18477,-95.97311873141962
18478,-133.9915405916866
18479,-82.25857989033399
18480,13.410781438129789
18481,-150.8581222136931
18482,-184.10601157276614
18483,-141.0967838323325
18484,-173.00533997415545
18485,-150.35829558054672
18486,-193.34393078797484
18487,-37.04632738214396
18488,-30.499156768554244
18489,-80.61875722941916
18490,-37.61868805453297
18491,-10.948597741770385
18492,-204.8244373284458
18493,-165.46537928430809
18494,-142.95887110508482
18495,-122.85385282432716
18496,-252.74152350128074
18497,-169.7207113229834
18498,-79.52750057196232
18499,-73.17045498424667
18500,-42.196536072249614
18501,-315.46258586377235
18502,-14.006292265305646
18503,-36.61878312430706
18504,-100.76097388316154
18505,-164.63928614308188
18506,31.956491202748566
18507,21.09367463084824
18508,-74.09374605745673
18509,-124.4262363662546
18510,-48.391418862363665
18511,-214.57905003091176
18512,-156.31072264654304
18513,17.62357505088208
18514,-100.019665245054
18515,11.01957763105429
18516,5.744945000801749
18517,-215.03056485344888
18518,-104.05207555962397
18519,-65.78432876601508
18520,-13.014326227353195
18521,42.25460400730395
18522,-43.37925298759478
18523,61.41970326858157
18524,-9.548033394355272
18525,-153.6410559797445
18526,12.827926262364372
18527,-15.209023135019791
18528,-62.72159670635933
18529,-109.88938023673279
18530,-48.38466305438895
18531,-215.73615178931792
18532,-242.91968209511865
18533,-69.53477218225501
18534,-177.06503337826004
18535,-151.40506484234152
18536,-132.53763309402098
18537,-141.96831210224462
18538,-202.55884435505104
18539,-98.05587385809248
18540,-71.18241957818022
18541,-178.64004790571556
18542,12.50036644420996
18543,-53.1582228958718
18544,-31.578470541546466
18545,-80.96893388607297
18546,-183.05775054848502
18547,-47.38073138880252
18548,-42.30165471603213
18549,27.947138968596022
18550,42.876806640812646
18551,-114.98491079149618
18552,35.7954305954305
18553,-74.75276178382047
18554,-80.50582676316867
18555,-10.517650561428908
18556,-194.2564228393283
18557,-16.49926023977774
18558,-79.2450570094596
18559,7.913479432391043
18560,-9.762002002159022
18561,-69.73236232132089
18562,-192.6126336189123
18563,-64.23831618464635
18564,-129.88429075165743
18565,18.839882743148436
18566,-97.7968443733046
18567,-113.79071496259283
18568,-148.14190417262847
18569,-104.53934334485078
18570,-289.56942649882654
18571,-1.2082278598953309
18572,-129.06814977295426
18573,-75.76353471153848
18574,8.095677615595235
18575,-265.8997056394967
18576,-157.82242851194655
18577,-171.8212223680752
18578,19.74172542094678
18579,-152.3676612084236
18580,-198.6660149117291
18581,-105.84744774410015
18582,-195.38325893006967
18583,-82.49843690989702
18584,-116.20006788673706
18585,-92.44143420044875
18586,-156.05388750937624
18587,-84.89807795023476
18588,-127.76950975169288
18589,-102.64811996777932
18590,-184.8716624973789
18591,-72.14136094437582
18592,-262.7678212284978
18593,-310.1155669417555
18594,-188.94748732650072
18595,34.64462528407924
18596,-221.41927144192022
18597,-38.98402283684543
18598,-80.2379399619908
18599,-218.06427463336564
18600,-193.6258937792602
18601,-123.41347896948714
18602,-53.49834649340462
18603,-92.357078404239
18604,-80.13520542640124
18605,-194.38602930800667
18606,-185.24977177331402
18607,-79.52464356729152
18608,-185.29999453485578
18609,240.33785117167997
18610,-114.26232880969809
18611,-39.269804486117835
18612,-133.62470122194281
18613,-149.40136322926742
18614,-36.12679622475183
18615,-91.74032484182653
18616,-95.42228084303791
18617,-278.56246055544614
18618,-155.4840026427157
18619,-142.47384293139012
18620,-21.484113883822573
18621,-134.39265816855965
18622,-144.93005632126784
18623,-145.57025266556312
18624,-129.83380176261295
18625,-31.744102276391004
18626,-138.98387930204603
18627,-131.27772484190444
18628,-167.2718402912671
18629,-143.55156258173787
18630,12.859822430070253
18631,-285.98051753318106
18632,-164.0068609609712
18633,-129.72250786174945
18634,-58.32185647979365
18635,-178.74161546624646
18636,-152.6375036387048
18637,-170.11415546089245
18638,15.609974651578824
18639,-177.5345068527206
18640,-60.745312864343674
18641,-82.34959777488861
18642,250.89265639140126
18643,-163.91475653405593
18644,-152.4691736475363
18645,-4.772545615166962
18646,-67.24396587877044
18647,-146.28247658496952
18648,-25.553422287160544
18649,-71.54149841315511
18650,14.863640010146511
18651,-69.16663217416965
18652,-169.9878617567744
18653,16.130398565271932
18654,-213.65871728345877
18655,3.463099465278191
18656,-0.3719521943706212
18657,-82.47212713384637
18658,-52.85056967156291
18659,-123.9559985477866
18660,-50.22958637136212
18661,-221.568573425962
18662,-109.4904486144026
18663,-88.87131563164287
18664,-128.9850884728059
18665,-302.6187189906708
18666,-272.6135474831111
18667,-118.09031291928525
18668,-117.48342604894971
18669,-153.61734439269418
18670,-351.0473224392381
18671,-210.00913798007107
18672,-114.49944195601009
18673,-286.14426035193867
18674,-116.10008028605785
18675,-76.64776237482775
18676,-230.67160160422495
18677,-105.80351769372518
18678,-20.624267083613134
18679,-53.645217818542555
18680,-151.5077338935444
18681,-112.59838118739532
18682,-67.45537673395526
18683,-299.4750767935556
18684,0.32187661803534695
18685,-273.0459985822604
18686,-246.70481364327662
18687,-80.21388703025262
18688,-85.63141169335789
18689,-154.821450638204
18690,-121.31444079414416
18691,-188.17185466628757
18692,13.636515180386965
18693,-214.83483315719621
18694,-321.85177075375515
18695,-92.58206002047011
18696,-112.68425918670775
18697,-107.10421284957383
18698,-497.5099046116919
18699,-237.03049279796997
18700,-138.29897033759877
18701,-288.66907984638283
18702,-172.6984765400037
18703,-115.83424851295803
18704,-58.59045365437228
18705,12.489232720925386
18706,-144.2371920168128
18707,-95.5986963948145
18708,-8.485424418170567
18709,-64.17426094920697
18710,-81.0959212185234
18711,-21.663289803101023
18712,-156.79845710619634
18713,-135.48050016569735
18714,-45.98468064796684
18715,-57.90660334839244
18716,-161.31476414434303
18717,14.248120990713176
18718,-108.98941447248338
18719,52.64462962723786
18720,-112.29511226158226
18721,-65.39572511670252
18722,-228.73630069401372
18723,-0.3491192310299738
18724,-109.35807152339486
18725,-292.2441818777929
18726,-22.42022936068932
18727,-8.048236612200583
18728,-162.6952527505077
18729,-141.79940878146942
18730,2.399287414580016
18731,-157.34176385478287
18732,-186.27852579966492
18733,-202.8598104033087
18734,-2.6217626964578074
18735,-151.01684443150327
18736,-37.31546934391019
18737,-174.85553237995794
18738,-440.03137884295677
18739,-25.551162564134756
18740,-207.29701812299845
18741,-244.55557031065285
18742,175.1322022446609
18743,-64.3995099651044
18744,17.760057145274075
18745,-120.2411435848453
18746,-112.18881760390697
18747,30.96848192285927
18748,-136.3445660798642
18749,-29.30911745307266
18750,24.968585003983108
18751,-72.58104905916704
18752,-143.5399449108297
18753,-160.83331396674498
18754,-135.38220394666843
18755,-0.5158265872974965
18756,-41.71600379307576
18757,-148.8150950666461
18758,-113.53014388626616
18759,-87.40085876738813
18760,-43.932255227325555
18761,-53.003803093332486
18762,-29.626457084525782
18763,-49.68547390005178
18764,-33.76979938033587
18765,-149.4175827116144
18766,-171.80637593284519
18767,-302.6147636365282
18768,-153.3212410885568
18769,-194.45624424164305
18770,-138.50031118111752
18771,232.39225770926424
18772,-135.2709253144479
18773,-175.17593279675822
18774,-154.04144272637848
18775,-103.40732267529708
18776,-23.70904439659695
18777,-120.40182410696366
18778,-36.1925430645192
18779,-39.656127581995946
18780,28.493890235109063
18781,-201.2686173833621
18782,-151.87412907624966
18783,-111.60044726601043
18784,-111.23662285728227
18785,-1.9523668622438066
18786,-14.441776788545013
18787,-97.62619076694143
18788,-112.24804139337236
18789,-167.59117831612593
18790,-71.80911631664996
18791,-45.49164415279739
18792,-93.56876745978857
18793,-175.4609799698527
18794,-90.26449406088932
18795,-2.038512837151501
18796,-77.45380857538277
18797,-105.53721649814112
18798,-44.751444176895845
18799,-40.13721526517274
18800,-157.18033498412922
18801,-81.07228493563716
18802,-158.09684990817584
18803,-13.536195924978529
18804,-195.77775581544023
18805,-41.02388641905003
18806,-154.16620475480144
18807,279.02866785623064
18808,-119.86351556375135
18809,-137.8163262987719
18810,-124.3051973186118
18811,-4.289179948304891
18812,-102.54906222377274
18813,-92.81547751620776
18814,21.946365428789008
18815,-136.2375622446262
18816,-140.53978315774805
18817,-83.83694602621117
18818,-326.6335445733263
18819,-157.41428388733658
18820,-43.816988278200604
18821,-181.24965628607146
18822,-42.54194710507886
18823,-106.64000941909825
18824,-102.77585836089446
18825,-226.23872000437797
18826,-311.0290037930688
18827,-32.90265124820182
18828,237.27873592567042
18829,-13.280084474183923
18830,-113.44206468250894
18831,245.20830871485248
18832,-181.58845408392327
18833,-165.56025423564358
18834,-44.106440365757145
18835,-66.59872055892465
18836,-136.96448368345074
18837,-173.69599879015286
18838,-61.509256679541764
18839,-159.2050459388904
18840,-254.49999462532497
18841,-88.19535114177528
18842,-84.9732500395597
18843,-28.91199694100321
18844,-160.89105674138648
18845,236.67046165815063
18846,-151.81424890658155
18847,-160.66471840617794
18848,-64.38355062808638
18849,-172.87344183729326
18850,-15.555235146165174
18851,-110.21092447804816
18852,-155.0532622033107
18853,-66.7695097993051
18854,-54.36293288585584
18855,-52.1813964931012
18856,-108.5525566243933
18857,-169.54142417307816
18858,-12.192960910661952
18859,257.12615660607685
18860,22.09958838430596
18861,-90.43453070095606
18862,-133.6592726204605
18863,-68.55969246267773
18864,-172.81582207511292
18865,-165.38121743991115
18866,-61.967873011979115
18867,273.87974872254983
18868,245.65007878081164
18869,-113.46266138972494
18870,-40.57419620831112
18871,-99.92713797172874
18872,34.947119397890134
18873,-134.7433517370623
18874,-131.04324276981794
18875,-128.38631974088275
18876,-166.7378306815484
18877,-73.28383417032997
18878,-22.635163938796907
18879,-149.52548609536552
18880,3.8759518741384085
18881,-70.0467406302485
18882,-126.51681801208004
18883,-235.2026494053078
18884,-43.09525841550016
18885,-340.4969844790147
18886,-134.31089644658073
18887,-24.783961956824683
18888,-204.9825086542214
18889,-182.80372376394632
18890,-67.34775011850606
18891,-146.10314966221222
18892,-134.07691803819375
18893,-244.08970383243002
18894,-135.06833905354398
18895,-101.10723417445047
18896,-121.63696952905099
18897,-46.68005827548754
18898,-111.64818498561998
18899,-28.480220978305383
18900,-160.4122546065244
18901,-156.681603332547
18902,-87.03532692556729
18903,-368.2266591418891
18904,50.48669037786732
18905,-111.41772621673479
18906,-162.72076762774287
18907,7.2414309310047855
18908,-103.92276520289039
18909,-20.059694416709803
18910,-8.92866353454447
18911,-117.22047014656489
18912,-51.12743702214543
18913,-135.9988934156118
18914,-224.5398875656424
18915,-4.757390955414351
18916,-84.10403484554683
18917,-155.50667260786992
18918,-25.947294584548246
18919,-163.88962282281804
18920,-64.16218129009428
18921,-91.01924773219818
18922,-4.715244335331363
18923,2.5902920339767803
18924,-225.05478409388837
18925,-213.43296171139127
18926,-104.02941597397509
18927,-116.14213267887155
18928,6.9176877355466075
18929,-18.263318375102983
18930,-106.88467886292815
18931,-118.64729415012928
18932,-147.87170486838085
18933,-127.5508425464371
18934,-100.26366226339292
18935,-9.62974850281499
18936,-132.02463509705055
18937,3.4963118358032688
18938,-183.08737142314007
18939,-189.98596701134585
18940,44.798635536454356
18941,44.84980222954678
18942,-57.21947407669222
18943,-70.9861627909092
18944,-17.1767545275154
18945,-66.72555671105157
18946,-211.33677526099763
18947,26.425135431255626
18948,-172.46444089396994
18949,-108.22909289586741
18950,-190.24384515480992
18951,-30.411986602052934
18952,-274.9247634976632
18953,-77.59811710998065
18954,-99.27650366477106
18955,2.6529920456728036
18956,-166.755323990136
18957,-42.2045568404959
18958,-96.70494160048106
18959,13.609204400864627
18960,-174.4289534806498
18961,-14.362018413107137
18962,-81.54980846061859
18963,-121.71481723926027
18964,-57.26668960724676
18965,-30.779827936114515
18966,24.516938748239156
18967,-106.09909615944026
18968,-31.57997153172701
18969,-167.6725289796789
18970,-16.094677973839552
18971,42.886612922047874
18972,-38.21641347516392
18973,-65.32589279010564
18974,-17.303175539124553
18975,-33.83644373936362
18976,-61.9053685788886
18977,23.37329013851877
18978,-89.08525916505376
18979,-110.7425593048336
18980,-114.98023786998695
18981,-85.48618927709941
18982,-189.51814529392033
18983,-118.7503057814795
18984,-133.9427634801757
18985,-147.1345288845319
18986,-16.78852912277995
18987,-26.28041492442317
18988,-55.61040977676261
18989,16.639808378816582
18990,-122.09161353644063
18991,-82.78588318839755
18992,-17.1364139281132
18993,-166.72226412747617
18994,30.51833554072377
18995,-157.28712457591178
18996,-109.58936048631024
18997,-149.08502595394788
18998,-161.53927499600252
18999,3.791320943265916
19000,-95.81623066589466
19001,-168.1210470464811
19002,-172.1630277015678
19003,-28.891075637038952
19004,6.867754677033005
19005,-169.17361413927728
19006,39.12965940797892
19007,-106.12572395589821
19008,-80.08906475685488
19009,-221.10625054739012
19010,-160.76300588571604
19011,-89.36923546621297
19012,-107.9307819840997
19013,-75.14807226069306
19014,-151.1119156325876
19015,-96.6061955225165
19016,-277.4872625969897
19017,-144.55262685346946
19018,-175.85152102077666
19019,-7.953615263808189
19020,6.263429528617678
19021,-134.0140075934292
19022,-115.0521467917857
19023,-88.5911722455317
19024,-174.99511002858628
19025,3.7712962343714054
19026,33.86791490170327
19027,-178.7804908104435
19028,-96.35653637624574
19029,-63.48238241133669
19030,6.736834252121852
19031,-156.8007285219406
19032,-176.27085060961792
19033,-175.529115626438
19034,-205.19749430709197
19035,-69.23309670123673
19036,-120.18117396486235
19037,-54.04093534054654
19038,-151.71788950479484
19039,-143.9205009558131
19040,-177.54156886961525
19041,-25.488572541669726
19042,-54.48298534456131
19043,-121.89797923679437
19044,11.026597492992693
19045,-108.71771493254298
19046,-213.48680998085013
19047,-103.65480720070319
19048,-136.52261604033106
19049,-96.63104221200015
19050,-65.39115347808945
19051,-176.08447849768976
19052,8.83817196111039
19053,-11.369404840994704
19054,-119.8229204348032
19055,-138.57714422270317
19056,-141.3879718252154
19057,-49.7709176073105
19058,-13.141870997622021
19059,-66.83557597517938
19060,37.28298635240702
19061,-179.92889741884937
19062,-91.53527971913616
19063,-173.0802749335062
19064,-0.3067655043927431
19065,-164.86958167302458
19066,8.376649618037987
19067,-159.79143943507978
19068,-166.2892196551099
19069,-150.35772890390257
19070,-192.22901307597823
19071,-157.8233405702296
19072,-122.65495942691446
19073,-318.6018778480965
19074,-88.70274741687263
19075,-4.496327239351658
19076,-124.582124612238
19077,-181.78463112098723
19078,-2.9907020939917714
19079,-164.93220404083024
19080,-128.1224440899448
19081,-107.16279200641775
19082,-321.91439512127806
19083,-144.3510745153216
19084,9.823625294863177
19085,-124.0453207303098
19086,-103.71200955460972
19087,-190.00936653043493
19088,-64.78252071730212
19089,-162.00920828496996
19090,-160.47048830011047
19091,232.6682303748736
19092,21.02203162851403
19093,-5.924780203528542
19094,-166.1567720777345
19095,-112.32640132994733
19096,-36.517654862894446
19097,-49.63166251609697
19098,-39.62938390894692
19099,-21.885751608193146
19100,-104.43672840631258
19101,-36.5877799651211
19102,-134.53331395648098
19103,-72.57741044075296
19104,-142.6958023990431
19105,-69.80918780469173
19106,-95.66632881615115
19107,-138.57173417200903
19108,-102.65648891224441
19109,-0.14334615108748494
19110,-129.07161852247293
19111,-58.21343556782427
19112,-33.62048957512383
19113,28.331470511785255
19114,-29.999822558558208
19115,-210.5513411910212
19116,-113.8010664133486
19117,-133.39267672914335
19118,-150.51888105810153
19119,-73.35982217704742
19120,-80.80290582491166
19121,-95.19804325988231
19122,-44.44492086164919
19123,19.538822836383645
19124,-179.49534553812606
19125,-170.27189501725186
19126,-27.348416005511524
19127,-11.148496388334024
19128,-177.12676926482715
19129,-105.21440320895638
19130,-227.30209686421068
19131,-178.1294589658524
19132,-30.62882687224608
19133,-113.12016535475115
19134,10.114431746127707
19135,-94.7723824503112
19136,22.70693761252261
19137,-64.4713672171819
19138,-141.27652670612775
19139,17.821767047688127
19140,-51.82337629692127
19141,-93.3179433602354
19142,228.5134597130282
19143,0.6596551345947148
19144,6.3947306481059485
19145,-67.91891475755486
19146,-5.348727280916862
19147,-50.792467605632694
19148,20.920849141264725
19149,-61.329592617650306
19150,-152.61098121172967
19151,22.661862301223266
19152,-140.0966973521048
19153,32.09126959915454
19154,9.61198920068658
19155,-12.110008798641076
19156,-111.6986929375306
19157,-124.13777984615915
19158,-176.4288482155802
19159,-24.337146233082493
19160,44.76781494397699
19161,-239.50441937227063
19162,-52.1966176312213
19163,-78.77987428306503
19164,-114.27283695338092
19165,-106.0036115203282
19166,-116.89815151911925
19167,-71.48171022508342
19168,-39.84808208187786
19169,-87.52532556036833
19170,-115.10918691361101
19171,-107.32431266945729
19172,-130.6779752240874
19173,-102.67515073329972
19174,-177.75758505724048
19175,-51.467115059351
19176,-8.700716228988668
19177,-107.5755968456735
19178,-11.88549436059003
19179,-59.20895753709469
19180,-164.80443492337196
19181,-176.21433277830164
19182,-142.34770117730687
19183,-153.48862074291793
19184,-77.01274787289037
19185,-166.011223456597
19186,-196.44083342392744
19187,-13.686504886691651
19188,-313.8626593414218
19189,-188.75851796027922
19190,-48.44822059266836
19191,-23.71168287634005
19192,-81.8947399172336
19193,-52.062126576221786
19194,-126.14163277297315
19195,-173.97701617913611
19196,-150.1968825754493
19197,29.82960166843702
19198,-148.07568847112788
19199,-35.53978502978761
19200,-13.791357567612934
19201,-192.6738741136008
19202,-84.90604878869924
19203,-78.46691090661191
19204,-73.70801239640353
19205,-65.42844704347401
19206,-139.35851110502915
19207,-157.05251098769807
19208,-130.70828710268577
19209,-174.1472385192481
19210,27.440917785487557
19211,-128.91064633071576
19212,-142.66730535341574
19213,-173.5609714452737
19214,-70.18682528617333
19215,-279.48516055024743
19216,-51.14837390581404
19217,-164.48060337537225
19218,-167.90829241118513
19219,44.97275968171661
19220,-30.64529642439271
19221,-86.64772145016579
19222,11.9840355472449
19223,8.155286341981679
19224,-152.6235550126096
19225,-267.17290986645816
19226,-82.38724350047605
19227,-138.2422525710262
19228,-134.64768181290333
19229,-65.81318506962552
19230,-102.63832395544893
19231,-171.6314648609042
19232,-119.56302193678974
19233,8.928315213861424
19234,-117.84374081252118
19235,-145.86152829324988
19236,-50.058948125008115
19237,-202.8835064243877
19238,-89.77435939426864
19239,-52.16115595554557
19240,-128.42690224630357
19241,-144.2362427373752
19242,-118.05586557968164
19243,-158.02935760684665
19244,-134.82983043450741
19245,-76.8542446495047
19246,-143.6074424039155
19247,-65.24838227949296
19248,-110.09300116485406
19249,-109.24562247677821
19250,-17.576183302619242
19251,36.917028044615364
19252,-103.7829636636094
19253,-91.34653892157039
19254,-118.17795241597887
19255,-128.7586191913491
19256,-62.38236524584492
19257,-19.311586956117807
19258,-94.24017025603581
19259,-325.0416701256618
19260,-118.22105620039808
19261,-135.69618628278533
19262,-103.13380386071665
19263,-160.1302653027526
19264,-87.89649429872873
19265,-260.2209634693893
19266,-201.87334914235657
19267,-48.487442936057604
19268,253.0282244796358
19269,-98.54816735804162
19270,7.253557819437418
19271,-148.89247769613638
19272,-107.81923062656898
19273,-108.07005528860486
19274,12.950635868228844
19275,-130.41449143908204
19276,-119.16775625006096
19277,-150.36531190727698
19278,-182.77310653475877
19279,27.88868430204124
19280,-113.7674728382415
19281,-143.66092725217493
19282,-77.95158322692053
19283,-74.4813236257122
19284,-111.1232473728808
19285,-130.49428336254078
19286,-108.01686622241625
19287,-87.30452450895271
19288,-30.575814621596948
19289,-9.8324075167439
19290,-172.9272415101764
19291,-62.368680876520685
19292,-130.7629961697272
19293,-170.4827500761303
19294,-148.16678734505425
19295,-12.038998709974138
19296,-166.4431566782632
19297,-112.15562941076705
19298,-80.45548529265571
19299,-64.11856505822479
19300,-90.81290181757306
19301,-89.057789253954
19302,32.54629397159934
19303,-268.9646438070264
19304,-74.58597993421837
19305,22.479916937989316
19306,4.64695997752095
19307,45.646094751542535
19308,-3.6727480043451664
19309,34.970763717019366
19310,-120.57558970985303
19311,-151.98885065232915
19312,-39.46966560574279
19313,-218.31369362165003
19314,28.22614038101429
19315,27.533450458227037
19316,25.489362804392087
19317,-160.95091599318226
19318,-166.2974178322927
19319,-116.23658555207334
19320,-161.90092431790595
19321,-6.618552388708068
19322,-131.7831342632296
19323,-94.22610517865594
19324,-106.07533518246231
19325,-77.21447689674787
19326,12.176585336037675
19327,-3.380723052993062
19328,-144.90716096599238
19329,-109.23040693024839
19330,-104.99351146210348
19331,-124.61232429519754
19332,-103.23636026453802
19333,-78.85315799625317
19334,-52.713490911276125
19335,-6.316799114802052
19336,-46.75860235044653
19337,-66.67271658142391
19338,-167.3706866605226
19339,-49.053009851775556
19340,-118.06681803166711
19341,-205.0269415067979
19342,-105.33805312381105
19343,-139.0153509213893
19344,13.867016553560347
19345,-129.7490493548993
19346,-117.37213497980179
19347,-99.61450402114524
19348,-212.00818834389437
19349,-181.67775114185378
19350,-103.37526860713774
19351,-248.25400552557954
19352,-194.12246285435117
19353,-12.272051969523034
19354,-29.992919217490396
19355,-135.80121904899207
19356,-96.73317020604236
19357,-50.426035864509615
19358,-150.6167463303624
19359,-96.98683611134041
19360,-149.8832129394917
19361,-137.3190828610082
19362,-13.540720833380306
19363,-68.42366506616995
19364,-215.92687139412925
19365,-103.03851359235748
19366,-310.054935113091
19367,-71.69107533302542
19368,-115.88714825889137
19369,-40.193826528847126
19370,-46.92805441586592
19371,-117.77879219513072
19372,-372.79322511963477
19373,-61.086187995803925
19374,-179.04526666303673
19375,-233.10082346487323
19376,-79.05463877883008
19377,-113.9310448662106
19378,-15.391537353463207
19379,-165.8787900818666
19380,-160.13795500389
19381,-118.17262428584704
19382,-44.692954830013676
19383,-204.58652117453133
19384,-16.06775980912994
19385,-131.6761426736694
19386,-26.86931284595343
19387,-55.28805660364631
19388,-5.659467711351994
19389,-29.048278434695334
19390,-13.615619464274175
19391,-97.9504107725707
19392,-143.36134230227282
19393,13.007066873889912
19394,6.848161180839867
19395,-138.9449465299552
19396,-50.74355848976916
19397,-101.1573494298038
19398,-95.36731433660142
19399,-124.66528099435426
19400,-95.91663606469355
19401,-188.6522193361133
19402,-14.600842936616857
19403,-19.689055712367846
19404,-19.627012495362564
19405,-137.93330809683374
19406,-44.05666296386041
19407,-131.52620802429806
19408,-228.36540585116143
19409,-33.4516171060034
19410,-63.13678303913422
19411,-165.32167314420246
19412,-86.49165040449225
19413,-34.346277384249134
19414,-112.81377267359925
19415,-110.40307664341272
19416,-123.44545397296005
19417,4.722045203617512
19418,-316.89625041427814
19419,17.034391093797325
19420,-15.00851330667274
19421,-3.797430925587946
19422,-126.30083922584357
19423,-46.37468529557469
19424,-12.77726970587257
19425,-112.02764102942768
19426,-21.630089725698866
19427,7.437658081103905
19428,-196.08833672647415
19429,-144.85139224798422
19430,-133.04485708439873
19431,-77.50734230680635
19432,-167.75933252920623
19433,-90.19340639505631
19434,-0.01598134915484195
19435,23.038191598575878
19436,-151.26877709619345
19437,-76.90468522991921
19438,-136.257767185773
19439,-124.30248791088766
19440,-98.61106182396537
19441,0.6892547053075475
19442,-155.55381827335276
19443,-146.27431209843905
19444,-47.41917048252333
19445,-59.16255749337587
19446,-42.03989817235737
19447,-123.69331190119289
19448,-92.19111947642517
19449,8.194521223200553
19450,-157.8292166057666
19451,-134.17200492490895
19452,-2.473073782927216
19453,-153.8946190188097
19454,-123.38494629804558
19455,-188.7794573612165
19456,-182.63372107149908
19457,-58.93380020649698
19458,-4.376681516090173
19459,12.008321549246176
19460,-117.27184562495118
19461,-60.950973402262605
19462,-151.96640704419076
19463,-158.59389909565365
19464,-118.58800727356473
19465,-2.2847934369007845
19466,-18.544656827535604
19467,17.631761025273818
19468,27.29578639823059
19469,-158.67024947537323
19470,-74.2439402186841
19471,-22.32040450579771
19472,5.247000344865043
19473,-19.024551573674103
19474,-125.47970400650097
19475,-3.5012554495086476
19476,-306.580792894388
19477,-63.10076643144038
19478,10.248238911634957
19479,19.70247129113966
19480,15.432636479860875
19481,-192.58752000524726
19482,6.079455558466449
19483,-78.83491180563198
19484,-195.256588845428
19485,-186.4660329057403
19486,-34.77306264589032
19487,-49.42600723435595
19488,-71.83386674652763
19489,-33.91308126588727
19490,-51.29922607024811
19491,-37.10720844697387
19492,-5.068115527112681
19493,-8.586990479112458
19494,-80.89842327828654
19495,-190.79771824538673
19496,-166.48184170159544
19497,-0.788872140890291
19498,-21.14086388762516
19499,-97.38500900411591
19500,3.743008410058877
19501,10.714564581817996
19502,-82.23727705773206
19503,-86.30560742375711
19504,-60.113405036081815
19505,-123.17013939645042
19506,0.8911741914813973
19507,-208.1723659371797
19508,-35.66550660862144
19509,36.266444037959786
19510,29.222634242662053
19511,-184.1845320782947
19512,-23.058756500722723
19513,45.17187465552985
19514,-100.6730405556524
19515,-45.10839293279159
19516,-35.9532647718987
19517,-232.4514521353095
19518,-161.06733796582736
19519,-0.14459059621597703
19520,-112.24252743988563
19521,-141.24185266931357
19522,-193.71227511996025
19523,-6.817825287893939
19524,-83.94707286916056
19525,-2.993485586570685
19526,-157.019955042694
19527,9.088838130100626
19528,-62.890117536022395
19529,-152.35926410185053
19530,-136.80331206298644
19531,-110.79276889613023
19532,-80.75240500947653
19533,-102.86336001045554
19534,-52.48669300937212
19535,-89.91507314367936
19536,-31.72664602401946
19537,-2.8491933244593355
19538,-55.146889916211975
19539,-66.76504714685235
19540,-65.52821676292682
19541,-156.84628805921477
19542,-64.0517876185709
19543,-119.32499407149194
19544,-108.02584218568913
19545,20.042987774457515
19546,-16.717951143841915
19547,-113.65477425364602
19548,-64.70640062208136
19549,-85.6253219541957
19550,-22.61239934134325
19551,-86.53893174894989
19552,-131.389798721908
19553,-37.66476433245627
19554,-121.03514103260281
19555,6.251955065786305
19556,-57.056474715701775
19557,-60.511165225562515
19558,10.39851059862697
19559,-119.17412088065788
19560,-66.79036591200304
19561,-24.786883494971278
19562,-58.41247758739989
19563,-13.055291349416748
19564,-16.165742475792356
19565,-74.76066686129957
19566,-50.899715915441945
19567,-95.271479579092
19568,-95.80016925602942
19569,11.523440228167601
19570,-182.68152383948748
19571,36.94857013778818
19572,-56.706510864523416
19573,-130.4950567330709
19574,-64.34880195870352
19575,-126.83736549647236
19576,-69.56472406682622
19577,-19.78460275598978
19578,-9.925425493515945
19579,-143.1698685976382
19580,-91.05869610605922
19581,-40.24369388672075
19582,282.3190893379058
19583,-108.2394271731462
19584,-134.84753485892912
19585,-100.5712144807651
19586,-176.5455409099839
19587,-95.92672638652977
19588,-126.15017150684554
19589,-74.79564568189478
19590,-11.385684196472525
19591,12.545550287047632
19592,-29.213891461099607
19593,-55.57556486554468
19594,28.22571009759963
19595,-180.7148456151067
19596,-114.98799666191985
19597,-190.40376236820933
19598,-86.9918184939012
19599,-159.53481310986413
19600,-174.14950728518994
19601,-111.63831510935167
19602,-173.99008747743443
19603,-442.8585206753222
19604,-46.96145170448469
19605,1.282412219610464
19606,-130.1518193959025
19607,17.301835592539177
19608,-19.01503407777625
19609,-83.73931590664307
19610,33.80970424034487
19611,-125.34416529964889
19612,-100.02992617856552
19613,-48.55659220395867
19614,16.60238963500234
19615,-109.46084041532036
19616,14.924811777759572
19617,-91.626761882322
19618,-17.819781125122276
19619,-13.476992260158326
19620,-166.29735492007308
19621,-205.51894535230414
19622,-1.4166715826373775
19623,-54.93079322308284
19624,-24.8420786820587
19625,-27.38198609629795
19626,-192.15678972091894
19627,-33.390049621296285
19628,41.516486819591876
19629,-134.36218049096777
19630,-14.358130556192151
19631,-19.147869192391042
19632,-119.1776600063058
19633,-11.439248533879706
19634,-131.35510683468607
19635,-67.54701622306169
19636,-109.90319220189099
19637,-100.30472675870669
19638,-163.5836026745627
19639,-72.81182417030342
19640,-15.102755139506712
19641,-85.34738301136304
19642,-99.57076855533614
19643,3.9772018125127033
19644,-91.59988724367169
19645,-99.91060668678335
19646,-154.12491185036146
19647,-133.0370953011662
19648,-138.24982063590903
19649,-99.05529132231213
19650,-92.63933811794982
19651,2.4631058046530114
19652,-68.67427320872835
19653,-135.09835175303564
19654,-158.6893657276483
19655,-123.39993784068149
19656,-212.4306165424943
19657,-152.58163289138284
19658,-56.68357807486184
19659,-75.26045768851795
19660,32.66401163675769
19661,27.171193509844613
19662,-138.5378547652462
19663,-40.457774065324244
19664,-105.3198335530626
19665,-105.52952386828518
19666,-113.49632325508205
19667,-14.854329449680108
19668,-146.95894887045853
19669,-128.58805024412555
19670,-109.12935636190211
19671,-101.40280571400544
19672,-111.13238938287354
19673,-182.11653716687906
19674,-155.63449647728925
19675,24.15159826594578
19676,-169.20013083695113
19677,-314.0102353984747
19678,-80.94367155502249
19679,-45.970152893312076
19680,-184.81779961117178
19681,-157.2656574658398
19682,-0.5635810541609061
19683,-97.28376214303714
19684,-77.62120609449184
19685,-205.10169563966292
19686,17.198741049880695
19687,-14.275057888200791
19688,-142.09952090673835
19689,-44.176325694968114
19690,-143.66580077694675
19691,-167.17534513729373
19692,-1.1198148238795511
19693,-13.008854654425534
19694,-163.56051162471687
19695,-29.948315480184604
19696,-38.10410780746193
19697,-261.8576451826388
19698,-90.59316282395292
19699,-152.43039727224848
19700,-78.51454046366827
19701,-81.46511162646884
19702,-0.7160907595548025
19703,-72.0758942323425
19704,-85.50865793202125
19705,46.212423338953556
19706,-120.03860672580304
19707,-27.96234267862262
19708,-34.37441085560624
19709,-94.18749490248496
19710,-164.2507667955415
19711,-6.244862196421423
19712,-128.50059070658622
19713,-122.66676263989599
19714,-104.77603547423993
19715,30.217404942016117
19716,-96.07409617897332
19717,-92.36022005995659
19718,-168.90484408474538
19719,-64.81688186183472
19720,-13.465028797308108
19721,-104.52156481757457
19722,-114.86988865947107
19723,-155.26970714114685
19724,-64.51351235051973
19725,-88.6394724148922
19726,-10.951991424624183
19727,-57.7746589323952
19728,23.139535181924288
19729,-113.27786701669996
19730,-231.8828551164828
19731,-79.5513888354166
19732,26.413463105657783
19733,61.43259531550257
19734,-140.33393850840392
19735,-116.6174207886902
19736,-8.983422994122094
19737,-42.43532465634847
19738,-159.79115969215425
19739,-140.2316477135367
19740,-10.806309854803729
19741,-28.803283198497468
19742,9.820496670800935
19743,27.5384917294609
19744,-72.78346997643776
19745,-172.88990459656867
19746,-25.87797860769247
19747,-71.83749846053428
19748,-139.43845616091824
19749,-195.97940631906656
19750,-45.38632396765793
19751,-106.95404887655938
19752,-101.11543112271374
19753,-131.8002684542024
19754,-47.36753614902125
19755,-122.47719031248157
19756,-140.2211232865662
19757,31.512823369737873
19758,-11.017341663879492
19759,-51.82433025490289
19760,-65.72084937688562
19761,-101.71778042082846
19762,-3.2261242558116408
19763,49.92672289766898
19764,-41.77551900777269
19765,-20.19691193615465
19766,-161.296133661608
19767,-66.69939660259442
19768,4.734245911271813
19769,-357.8982929989536
19770,-119.8015838788655
19771,-67.44809379462184
19772,15.079093090495718
19773,20.852625454933147
19774,-15.844792501196949
19775,-72.61716380006835
19776,-115.73758820744354
19777,-119.55141717501182
19778,-45.23629749567445
19779,-4.857627967769105
19780,-202.47972692072847
19781,-107.06651920358101
19782,41.88443061518808
19783,-50.886143886648526
19784,17.678319750795737
19785,38.65111336870973
19786,-122.43319722479575
19787,-152.78069845278233
19788,-52.25506685559048
19789,-214.78157878484535
19790,23.664594966387057
19791,1.8540874910240888
19792,-92.35351971820796
19793,4.6272168163464045
19794,14.647060019451473
19795,-86.8616587574298
19796,-15.97698582954763
19797,-104.68274488517994
19798,-120.06322342101502
19799,-144.22244714029114
19800,-271.5801722489478
19801,-64.71004350026425
19802,-188.38152031597792
19803,-89.93932971128616
19804,-85.55709727400242
19805,19.333914797438524
19806,-144.23818663262296
19807,-82.85122389681752
19808,-45.197638198061355
19809,-142.0149890422761
19810,7.210849410138749
19811,-182.73997635615365
19812,-61.90959958153381
19813,-97.05582476855275
19814,-10.443486934309746
19815,-91.0332283241735
19816,-126.14356008848976
19817,-257.7503334753316
19818,-66.39560664983556
19819,-184.5256535596314
19820,16.998388346069135
19821,11.258615413869805
19822,-109.3262360802176
19823,-101.1572173331108
19824,-253.72552063732132
19825,-51.72926194559066
19826,43.47470604858461
19827,-109.16808543438322
19828,-153.79524399807622
19829,-10.951525633184076
19830,19.254386058985986
19831,-119.05711042049963
19832,-152.57759664794767
19833,76.98940379865968
19834,-86.04101775317585
19835,-159.2114897019805
19836,-303.0596964701458
19837,-121.5632972111984
19838,-137.41915956761028
19839,-68.81529965778948
19840,-69.96671333510858
19841,-81.31294380435213
19842,-91.09934290649524
19843,47.63631007963295
19844,28.192132527322173
19845,-56.39493844342384
19846,52.13938172975776
19847,-197.2626060676531
19848,-9.944229811075004
19849,-140.45183370980374
19850,-162.42130530164061
19851,-45.50867697067355
19852,-145.1838717808227
19853,-153.4024668758152
19854,-25.858098484295994
19855,37.79652626405212
19856,-55.51549670928082
19857,-113.46535430447396
19858,-34.00777805237975
19859,-136.38218029288976
19860,-34.01662511204269
19861,-54.936155629787436
19862,-165.94409757515268
19863,-126.10283777412045
19864,7.097841516260601
19865,-152.68552859051994
19866,-175.1131508584055
19867,-30.90949645849804
19868,-129.99253499155319
19869,-73.46999034011975
19870,-0.07027863882407814
19871,19.631655100370722
19872,-2.4521372500291534
19873,-38.473971919985075
19874,-115.07861546442246
19875,-91.2351151699209
19876,-76.79283966222127
19877,-60.25068028743368
19878,-125.10890943750422
19879,14.99512393312746
19880,27.649947210371792
19881,-135.4201305761705
19882,-87.8481196060913
19883,-44.84410472551403
19884,-10.217775085863437
19885,-41.87625691077881
19886,-99.71675420976645
19887,-55.846482380191674
19888,-126.17132973634146
19889,-108.25757384340578
19890,-21.66843031532558
19891,42.095865005178126
19892,-309.0538871185611
19893,-11.485291733270202
19894,-90.9426997699586
19895,-98.71293970963647
19896,-76.06528451389987
19897,-140.91582462941778
19898,-154.50028215796635
19899,-173.64178093356185
19900,-155.961511452967
19901,52.63835451473335
19902,42.10697681952581
19903,-134.52034462704268
19904,1.5808265358422062
19905,33.22046661977001
19906,37.37498981867947
19907,-161.56453700410952
19908,-97.5536145377083
19909,-25.66765189720391
19910,-259.75820251838434
19911,-128.33386076335447
19912,-74.45046354603909
19913,-47.686909748717795
19914,-130.38334003575488
19915,-100.54538379539851
19916,-108.7311989106588
19917,-54.11282232641513
19918,-225.50448910609998
19919,-179.22899123891835
19920,-133.93474802048428
19921,-49.058720647829475
19922,-168.45391409411607
19923,-51.38846325024321
19924,-48.467345420488776
19925,9.169502983959944
19926,-58.46957524083098
19927,-161.58756686212058
19928,-97.25519246689228
19929,-151.6406292658931
19930,42.0263940433143
19931,-57.79557732092489
19932,11.61181519458637
19933,-123.51127832088889
19934,29.682249452926214
19935,-112.59750944561772
19936,-21.628423056716798
19937,-109.72580344654156
19938,-142.67535760083803
19939,-109.96904939366165
19940,204.449780654106
19941,49.4103089682595
19942,-188.38418087910742
19943,-132.36773554974977
19944,39.53328453892814
19945,-65.88519807385889
19946,-20.04936395657373
19947,-91.97565296850476
19948,-40.912544970501344
19949,-140.62820139160675
19950,-311.27687485242797
19951,-130.16580154756846
19952,-115.22478140367977
19953,-298.9272745588353
19954,-152.34755443536574
19955,-128.9148670735643
19956,-166.31279491334942
19957,268.905991729698
19958,-2.466721524347392
19959,-39.56943893684848
19960,-259.5450670336643
19961,-117.50034546743593
19962,-79.35037610243508
19963,-87.15276057610446
19964,-6.561255664629087
19965,-117.41711803007739
19966,245.4330368477453
19967,-168.19886362543238
19968,-136.22408077532504
19969,-130.45208814496556
19970,-78.91647794992481
19971,-108.11793205265225
19972,-185.79435280857552
19973,-72.88731106614647
19974,-172.76834980629025
19975,-133.08207486493848
19976,-145.29775890362438
19977,7.027880080899806
19978,-6.4016385964350775
19979,-177.99288183164128
19980,-123.9330268160984
19981,-100.48250308041334
19982,-115.69451532085776
19983,-66.25450668472398
19984,-14.752324707235076
19985,-8.48676591249206
19986,7.640286912088769
19987,-188.99722373129845
19988,-62.89700648495616
19989,-6.9313369356213315
19990,-52.55318887918783
19991,-150.58634000143098
19992,-113.75332874459606
19993,-112.63061846639545
19994,-110.1751119041387
19995,28.345082981432597
19996,-84.2534448941868
19997,-46.82291169143308
19998,-29.621273520169638
19999,-14.07363650974456
