episode,reward,unexpected,expected,variance,actor_lr,abs_td
0,0.0,0.0,0.0312569456022048,0.6304065734148026,0.5,0.0
1,0.0,0.0,0.09440657091095205,0.4087103876200589,0.5,0.0
2,0.0,0.0,0.10795151571862426,0.3038516541322072,0.5,0.0
3,0.0,0.0,0.13970668818458698,0.27099907770752907,0.5,0.0
4,0.0,0.0,0.16479492497430218,0.216482637450099,0.5,0.0
5,0.0,0.0,0.17630008501812527,0.21000619232654572,0.5,0.0
6,0.0,0.0,0.19108505792772032,0.15589455834456853,0.5,0.0
7,0.0,0.0,0.2186431487006187,0.1515830124417941,0.5,0.0
8,0.0,0.0,0.2241756340829847,0.11096144765615464,0.5,0.0
9,0.0,0.0,0.2507687543278843,0.12983845580707898,0.5,0.0
10,0.0,0.0,0.25411673987527517,0.07327617606834362,0.5,0.0
11,0.0,0.0,0.2539197026753216,0.05968701280653477,0.5,0.0
12,0.0,0.0,0.2536846730181992,0.05866141989827156,0.5,0.0
13,0.0,0.0,0.2540319080602465,0.07491477951407433,0.5,0.0
14,0.0,0.0,0.2543136802905655,0.07328057289123535,0.5,0.0
15,0.0,0.0,0.2545331427708008,0.07171550206840038,0.5,0.0
16,0.0,0.0,0.25319843137875936,0.05168693065643311,0.5,0.0
17,0.0,0.0,0.25458492417529743,0.07215463403951038,0.5,0.0
18,0.0,0.0,0.25389358456249583,0.048403263092041016,0.5,0.0
19,0.0,0.0,0.2539703940409682,0.06679208452502887,0.5,0.0
20,0.0,0.0,0.2541160996752246,0.0675049789249897,0.5,0.0
21,0.0,0.0,0.2527556805241981,0.04345467065771421,0.5,0.0
22,0.0,0.0,0.25288400046011894,0.06650736834853888,0.5,0.0
23,0.0,0.0,0.24855566053988365,0.04768194430149519,0.5,0.0
24,0.0,0.0,0.2470889189035598,0.045342277735471725,0.5,0.0
25,0.0,0.0,0.24424578271543723,0.04521318944171071,0.5,0.0
26,0.0,0.0,0.24359221362297379,0.0546960823237896,0.5,0.0
27,0.0,0.0,0.24355783261266717,0.059755838165680565,0.5,0.0
28,0.0,0.0,0.2412796735057425,0.03937105163931846,0.5,0.0
29,0.0,0.0,0.24053778219467042,0.05409736212875162,0.5,0.0
30,0.0,0.0,0.2386324230335829,0.03117220103740692,0.5,0.0
31,0.0,0.0,0.2370938033521857,0.043806378915905955,0.5,0.0
32,0.0,0.0,0.23476414904270745,0.0395317313571771,0.5,0.0
33,0.0,0.0,0.23297771678450596,0.03640017053112388,0.5,0.0
34,0.0,0.0,0.22917447424420487,0.03795784451067448,0.5,0.0
35,0.0,0.0,0.22540038290686848,0.032962361350655556,0.5,0.0
36,0.0,0.0,0.22415405224552132,0.034258232762416206,0.5,0.0
37,0.0,0.0,0.22189404623274525,0.035205009703834854,0.5,0.0
38,0.0,0.0,0.22070729210316026,0.026384105905890465,0.5,0.0
39,0.0,0.0,0.21808842008601828,0.028479741141200065,0.5,0.0
40,0.0,0.0,0.21683879889129956,0.0353431929834187,0.5,0.0
41,0.0,0.0,0.2155658667374394,0.03463547257706523,0.5,0.0
42,0.0,0.0,0.2148005544199026,0.032085441052913666,0.5,0.0
43,0.0,0.0,0.21364957058929523,0.02469276450574398,0.5,0.0
44,0.0,0.0,0.2126079570092521,0.039330258344610534,0.5,0.0
45,0.0,0.0,0.21170515203020568,0.03378211955229441,0.5,0.0
46,0.0,0.0,0.2091103117012327,0.025656620040535927,0.5,0.0
47,0.0,0.0,0.2080757048169714,0.034313610289245844,0.5,0.0
48,0.0,0.0,0.20524023095701185,0.03003373765386641,0.5,0.0
49,0.0,0.0,0.20056958015322834,0.02309857764177852,0.5,0.0
50,0.0,0.0,0.20075216402823934,0.041510848328471184,0.5,0.0
51,0.0,0.0,0.19703349834516923,0.021623067557811737,0.5,0.0
52,0.0,0.0,0.19485402637730617,0.03362107463181019,0.5,0.0
53,0.0,0.0,0.1900635994408794,0.0265613595644633,0.5,0.0
54,0.0,0.0,0.18922756928117543,0.034122216049581766,0.5,0.0
55,0.0,0.0,0.18737296696837463,0.02063232846558094,0.5,0.0
56,0.0,0.0,0.18517686192965585,0.022802910457054775,0.5,0.0
57,1.0,0.094021,0.18529634003853568,0.03537888522259891,0.5,0.125
58,0.0,0.21323507902464933,0.1843086162442759,0.01846728567034006,0.5,0.05049995332956314
59,0.0,0.27609108442470137,0.18364997711658707,0.023422845639288425,0.5,0.049994856119155884
60,0.0,0.23731186600431833,0.18128602081339082,0.023870035773143172,0.5,0.013111114501953125
61,0.0,0.19728673131050672,0.17977232831635814,0.020830029854550958,0.5,0.025477148592472076
62,0.0,0.1434671700526956,0.17715593375457014,0.018533407244831324,0.5,0.01682359352707863
63,0.0,0.11516492323587302,0.17660248160959413,0.02794389184564352,0.5,0.019815491139888765
64,0.0,0.06381798658421428,0.17337728681299225,0.020696991123259068,0.5,0.010645638406276702
65,0.0,0.0676926122840189,0.17198832949408283,0.016077492386102676,0.5,0.03178059309720993
66,0.0,0.07046567108030657,0.17067700320796447,0.021564833447337152,0.5,0.020312704145908356
67,0.0,0.07740859519676793,0.16963961475286024,0.01887901748220126,0.5,0.031223041315873463
68,0.0,0.07798984472337742,0.16988050452987688,0.031223861314356328,0.5,0.01963791698217392
69,0.0,0.057992624267345666,0.16709070909089235,0.018291100743226707,0.5,0.012487777508795261
70,0.0,0.051975798650847595,0.164955369383731,0.017276395577937365,0.5,0.017065246899922688
71,0.0,0.02276187118723748,0.1611387738545226,0.018248437259059686,0.5,0.008658089316808261
72,0.0,0.02220853875442942,0.15842902889120075,0.016216554446145892,0.5,0.012389364652335644
73,0.0,0.03256660551245676,0.15683189004697098,0.013935759896412492,0.5,0.022455453872680664
74,0.0,0.04567395607518536,0.1561328387725745,0.014870233368128538,0.5,0.043695416301488876
75,0.0,0.017960332098494153,0.15134436475556884,0.015917091575615546,0.5,0.008386464241672964
76,0.0,0.013918204543330412,0.14876751615564185,0.0163897748359225,0.5,0.010620501231063496
77,0.0,0.022400184858816594,0.14961784619570703,0.027198038374384243,0.5,0.015892342974742252
78,0.0,0.0036811627880619802,0.14320569603552752,0.01472731526941061,0.5,0.005204873979091644
79,0.0,0.010698982677105808,0.14185172615203415,0.01467609933267037,0.5,0.016030479222536087
80,0.0,0.01881190231093343,0.14298659218748067,0.02560828732592719,0.5,0.013609828693526132
81,0.0,0.029887473065102768,0.14213212313000162,0.015084795420989394,0.5,0.02298467792570591
82,0.0,0.004509468322632241,0.13650840415373353,0.01334830183211876,0.5,0.0060219502319460326
83,0.0,0.014800905027902295,0.1359801008137861,0.012147469911724329,0.5,0.0406518429517746
84,0.0,0.009533869069663335,0.13354322252121067,0.014376459332803885,0.5,0.00886593759059906
85,0.0,0.003508813070229626,0.13031241463945714,0.016264284549410955,0.5,0.010795840690302294
86,0.0,0.013421836996968913,0.12993105223726872,0.01415418709317843,0.5,0.028451402982076008
87,0.0,0.023442856988768426,0.12868776796403555,0.011180003732442855,0.5,0.016246554255485535
88,0.0,0.002924688122798379,0.12382787573523509,0.011607005726546049,0.5,0.006338021097083886
89,0.0,0.004389923973784265,0.1234583229734523,0.015079476792986194,0.5,0.009456591680645943
90,0.0,0.0036461152513063057,0.12313224199483333,0.015157460966812713,0.5,0.007563297769853047
91,0.0,0.008243078294951226,0.12199097303280523,0.010199648700654507,0.5,0.01576392352581024
92,0.0,0.019771163753495163,0.12170184919562244,0.01294386542091767,0.5,0.026601483424504597
93,0.0,0.03006896963789052,0.1222444433475417,0.018080288358032704,0.5,0.017779333889484404
94,0.0,0.032565629332025586,0.12069865152442542,0.009221754968166351,0.5,0.015373321870962778
95,0.0,0.029738857417557378,0.1204432077608519,0.01390352596839269,0.5,0.01338149979710579
96,0.0,0.03151907910889235,0.11939259374678463,0.008828684454783797,0.5,0.01886802166700363
97,0.0,0.039265004289427564,0.11920335203657524,0.012455889489501715,0.5,0.03679441288113594
98,0.0,0.025965074033929676,0.11969981567089677,0.016168352216482162,0.5,0.010693229734897614
99,0.0,0.017247920249840964,0.11819887595326818,0.009736057770039355,0.5,0.01129779645374843
100,0.0,0.020741841693002812,0.11781079099449801,0.012091044220142066,0.5,0.01837439276278019
101,0.0,0.02540211937357409,0.11703215224308178,0.009878792217932642,0.5,0.01827770099043846
102,0.0,0.032483519849413556,0.11642206631370682,0.010573831968940794,0.5,0.02141625341027975
103,0.0,0.008218772426150829,0.11929264655869655,0.01944774578857635,0.5,0.00796908060354846
104,0.0,0.011793342049464658,0.11874959613285566,0.011363809113390744,0.5,0.018635022453963757
105,0.0,0.007948724360526611,0.11674401059278146,0.009254524122095771,0.5,0.010142207145690918
106,0.0,0.0025454665326653378,0.11918905652259688,0.018616224506071637,0.5,0.007871335904513086
107,0.0,0.0022953402022176726,0.11832798810852559,0.012867559069910875,0.5,0.00862373010470317
108,0.0,1.3067579975280152e-05,0.11459099549311513,0.010469375196844339,0.5,0.005521456897258759
109,0.0,0.002794193780535652,0.11369902591465843,0.008693941636011004,0.5,0.017376075498759747
110,0.0,0.003011483657480758,0.11566230935261375,0.0177606967785819,0.5,0.008704921061342413
111,0.0,0.006720579750752869,0.11505112411887533,0.010335946106351912,0.5,0.017149850726127625
112,0.0,0.00444255942938572,0.11286261272861424,0.009370058930168549,0.5,0.008847832679748535
113,0.0,0.011483735238813221,0.11236746692353913,0.0077865528874099255,0.5,0.03329291753470898
114,0.0,0.002210416216912271,0.11178296935913583,0.01226536356844008,0.5,0.0076819522306323055
115,1.0,0.10988194973389032,0.118179292265261,0.019250401088760957,0.5,0.044843513932493
116,0.0,0.14305540613134715,0.11524342030835871,0.009104812016280798,0.5,0.014058942978198711
117,0.0,0.030245964794787784,0.11179808048178011,0.00845893518999219,0.5,0.012220909198125204
118,0.0,0.03249914052580831,0.11034948388974458,0.008316457936806338,0.5,0.022251053580216
119,0.0,0.049936940271435665,0.1100838644413829,0.009719228837639093,0.5,0.06612341478466988
120,0.0,0.0723005946368817,0.10972018293649098,0.00985100291048487,0.5,0.04400413235028585
121,0.0,0.08985783974602732,0.10915983158054171,0.008523585895697275,0.5,0.04351684202750524
122,0.0,0.010048458861695014,0.10596663137471814,0.009335142318159342,0.5,0.012844239473342895
123,0.0,0.07508023387216803,0.10727126673758473,0.016303766252739087,0.5,0.06873602207217898
124,0.0,0.004750491572692206,0.10259931315584567,0.007899441859788366,0.5,0.00894521176815033
125,0.0,0.011193071399682241,0.10191384963796075,0.007472284487448633,0.5,0.03133728913962841
126,0.0,0.00804856522492865,0.10349108306916263,0.013229376977930467,0.5,0.014176567395528158
127,0.0,0.02114097355449518,0.10328240497671075,0.008941666688770056,0.5,0.060068193823099136
128,0.0,0.036755102729677774,0.10212906824263468,0.0071417284198105335,0.5,0.025599587708711624
129,0.0,0.017088245379269354,0.10033814338609606,0.00760384260987242,0.5,0.014885306358337402
130,0.0,0.024805454433237853,0.09956888742527956,0.0073338628746569155,0.5,0.027928239107131957
131,0.0,0.01622893458958638,0.09827980643469984,0.00786108532073823,0.5,0.01712579009207812
132,0.0,0.01657290475856741,0.09789417657772466,0.008659562872101864,0.5,0.01974617193142573
133,0.0,0.02688137332657574,0.09732682669362182,0.006247261073440313,0.5,0.03817334026098251
134,0.0,0.04101850325729724,0.09677471855117209,0.0062389918603003025,0.5,0.037809123595555626
135,0.0,0.0018508809408895291,0.09312651967528643,0.006433379099083443,0.5,0.00997951440513134
136,0.0,1.9681942107960744e-07,0.08876210786838931,0.006563928682447933,0.5,0.007643328389016594
137,0.0,0.005011447313152653,0.08880673653982787,0.008411779534071684,0.5,0.037805281579494476
138,0.0,0.0040696094961134265,0.08783331329991691,0.006616996834054589,0.5,0.012855706115563711
139,0.0,0.005711478401739989,0.08915846635295405,0.010841022757813335,0.5,0.0161512590944767
140,0.0,0.0008102503772127757,0.0859527767072855,0.006373457095928882,0.5,0.008638079229154084
141,0.0,0.0019055039074057833,0.08565626951641114,0.007490404480550852,0.5,0.008305934568246206
142,0.0,0.0013592096817458402,0.0836646656972831,0.004821568118551603,0.5,0.00884252328139085
143,0.0,0.001993047063550283,0.08695823137968894,0.008622369853158791,0.5,0.008012595276037851
144,0.0,0.003396882078689447,0.08839629004151965,0.009375082574000484,0.5,0.011466809009250841
145,0.0,0.0009980011518791,0.08548726618117203,0.006097458233987844,0.5,0.009180857351532689
146,0.0,0.0038833348222704067,0.08335849225499055,0.006076503027644422,0.5,0.009057422203046304
147,0.0,0.00567472194357532,0.08390850331357194,0.007421731119975448,0.5,0.010622699856758117
148,0.0,0.0047115261225189956,0.07533946335592841,0.005304649595636875,0.5,0.006337454915046692
149,0.0,0.005314889892639624,0.07362769639843718,0.00475383411061817,0.5,0.008032144446458136
150,0.0,0.004809920264016174,0.0700808592305344,0.004425613492055506,0.5,0.006132392853987021
151,0.0,0.016289150954776243,0.0697913119539493,0.003971052705310285,0.5,0.023748252540826797
152,0.0,0.008797221041716562,0.06942031353395522,0.004882517298683524,0.5,0.010952451825141906
153,0.0,0.007991830047292823,0.07029355790847504,0.005605035345070064,0.5,0.010910104649762312
154,0.0,0.004531900092812701,0.072765204932928,0.006053728322327441,0.5,0.008965358138084412
155,0.0,0.00743035454775679,0.07393971644443877,0.006845564930699766,0.5,0.011272343806922436
156,0.0,0.020867396639554652,0.07448930538193743,0.007219003008988996,0.5,0.019851061205069225
157,0.0,0.002666021514429176,0.0712661690600121,0.003849599285916026,0.5,0.005653337442449161
158,0.0,0.0010164012434291706,0.06609582633401313,0.0036365422746983535,0.5,0.004465383657237939
159,0.0,0.003821615574572445,0.062236597766932834,0.003530969722317411,0.5,0.004552079388847599
160,0.0,0.011401417314429585,0.062347478038735867,0.004151407987452471,0.5,0.012025382656317491
161,0.0,0.028444687938793456,0.06383137041443339,0.0074773678622607675,0.5,0.018480322190693448
162,0.0,0.03126424621229458,0.06542495933555535,0.00689045418985188,0.5,0.01422654688358307
163,0.0,0.007882782920284964,0.06426050660561142,0.0033316507159421842,0.5,0.006449209650357565
164,0.0,0.0015742892324343992,0.061033396531425345,0.0032244908423828228,0.5,0.003735534694730019
165,0.0,0.007791339484223168,0.060711961083639084,0.003579277152311988,0.5,0.011102037504315376
166,1.0,0.15314431634522396,0.0637745354776025,0.005218328384216875,0.5,0.033416550420224664
167,0.0,0.011227437397867772,0.06326442734537202,0.0040325431308398645,0.5,0.008346188730663723
168,0.0,0.006815107555473617,0.06901825941703985,0.006000240488598744,0.5,0.00776078082897045
169,0.0,0.011906523292784799,0.07228702629836525,0.007230978284496814,0.5,0.013701581085721651
170,0.0,0.012633016126543224,0.07025924869167714,0.0035357917950022966,0.5,0.012696103192865849
171,0.0,0.014460386063892518,0.07244676866807329,0.007072566903661937,0.5,0.014148158580064773
172,0.0,0.005317081032860512,0.062084270422315235,0.00308668619254604,0.5,0.004977962510152297
173,0.0,0.015816088633473877,0.0617446338058355,0.0034825960432903636,0.5,0.017945767276816897
174,0.0,0.007421231636456822,0.060898699769337095,0.003651357172722263,0.5,0.007618975958653859
175,0.0,0.006817672363582421,0.059505009488980604,0.003060048882616684,0.5,0.008867181837558746
176,0.0,0.005346392731902996,0.05810477444981105,0.0031159784134832166,0.5,0.00549032503650302
177,0.0,0.007979939109049036,0.05646345609084973,0.002925371789994339,0.5,0.006421320317756562
178,0.0,0.006876666951785674,0.055380605622524545,0.0027098312880843877,0.5,0.007781164348125457
179,0.0,0.016040262036930913,0.06003105017707903,0.006604254367716965,0.5,0.01267412624188832
180,0.0,0.020355001790072547,0.05910069073683378,0.0025865758303552865,0.5,0.012922362983226776
181,0.0,0.005382009337585762,0.052516410678114724,0.0024276092764921485,0.5,0.0043046922236680985
182,0.0,0.016655065471655996,0.052381181425230156,0.0026353106035717894,0.5,0.01733149481671197
183,0.0,0.005771367875014489,0.051809313157804925,0.0025360903057914516,0.5,0.006168717375168433
184,0.0,0.005727044326780337,0.048447027350103776,0.0022271252213977278,0.5,0.002740985304117203
185,1.0,0.1028877358414781,0.05437089727299381,0.005028592176077997,0.5,0.0322862008915228
186,0.0,0.0533350627973405,0.05619025180331021,0.004146236236780309,0.5,0.012055520827953633
187,0.0,0.013583665159247115,0.05772908225119069,0.003577066194067927,0.5,0.0076910241487178396
188,0.0,0.0083965979302311,0.05168206663466934,0.002380226604226563,0.5,0.0048707036508454215
189,0.0,0.028401295906675658,0.05203096506867457,0.003373071418276855,0.5,0.022901032652173723
190,0.0,0.022019788394631673,0.0514306447853071,0.00235660561156692,0.5,0.012528112158179283
191,0.0,0.011444490070157793,0.052119945353699106,0.0028166805705226654,0.5,0.006578911628041949
192,0.0,0.00955787095259285,0.04802011739319839,0.002147471912903711,0.5,0.004343373328447342
193,0.0,0.011111890313816432,0.04693899261078439,0.002175924655748531,0.5,0.004736217260360717
194,0.0,0.01030344534003017,0.045540087672426705,0.0020720397436525674,0.5,0.004224091246724129
195,0.0,0.009188981298253365,0.04575891291576877,0.0022191244384480845,0.5,0.006307594064209197
196,0.0,0.008876724594961931,0.04433330312999966,0.001978827601997182,0.5,0.004016260877251625
197,0.0,0.009688309581368385,0.04388879272823669,0.0019850305980071425,0.5,0.003758116215467453
198,0.0,0.009398554541544153,0.043008199999205375,0.0018263499822933228,0.5,0.0029179923236370086
199,0.0,0.009099478230563667,0.04177299808451667,0.0017548355238977819,0.5,0.0028923099488019945
200,0.0,0.021154455450933956,0.043311063653808844,0.002458133056342345,0.5,0.00793583716811805
201,0.0,0.050211011704144506,0.0440234704768122,0.003981527494033799,0.5,0.030374547466635704
202,0.0,0.008363337111559505,0.04206711329456239,0.0017541409283876419,0.5,0.0029473857581615447
203,0.0,0.008445878754811858,0.04098557804104146,0.0016456145921256394,0.5,0.0023529500514268874
204,0.0,0.008449326450373489,0.04156066621529919,0.0018681092350743712,0.5,0.0023985712975263594
205,0.0,0.02545150911216358,0.0427761261318274,0.0019783271243795754,0.5,0.004375916222731272
206,0.0,0.008130381464642048,0.04243535508919747,0.002034216223983094,0.5,0.003944293782114983
207,0.0,0.009654406539471956,0.04118110453252584,0.0016806373093277217,0.5,0.002672591805458069
208,0.0,0.01262558999425109,0.04090330837627967,0.0016452208122548957,0.5,0.006786285589138667
209,0.0,0.013113939419577378,0.0403514990115775,0.0014254272682592273,0.5,0.0070043372757294595
210,0.0,0.009083108582252359,0.041259526382954,0.00210121382817464,0.5,0.005535240082637123
211,0.0,0.016804046651627758,0.04140712298160859,0.0019442029151832685,0.5,0.009829758666455746
212,0.0,0.043408281863935416,0.043854167064156416,0.003915452431621296,0.5,0.015269601451499122
213,0.0,0.22598072718218992,0.04853087335290564,0.0035512818933718586,0.5,0.02904870140958916
214,0.0,0.01068490532988756,0.051463804305010005,0.00332506978125109,0.5,0.0071261716277703
215,1.0,0.10174030154121379,0.04757208836261771,0.0020127111045014742,0.5,0.012977389933226944
216,0.0,0.006207013447651239,0.04345510535507722,0.0016708930812051727,0.5,0.004000624434815513
217,0.0,0.007941505981152881,0.03967964615509251,0.0014880141266621649,0.5,0.002952306419610977
218,0.0,0.029596014774479408,0.039845730279933454,0.0019951795402448624,0.5,0.03447641432285309
219,0.0,0.008110357037342567,0.0401412589937603,0.0017324711994401046,0.5,0.003958289910640035
220,0.0,0.01548294004142646,0.03996283009871267,0.0015489961854958285,0.5,0.012059507270654043
221,0.0,0.019010241278788052,0.04284546026099839,0.0030666939661993333,0.5,0.011614027743538221
222,0.0,0.011094865495118825,0.04743155440842878,0.0036540820078431245,0.5,0.00742542656028972
223,0.0,0.014652833934478422,0.04614580126115314,0.0014744693180546165,0.5,0.010086294795785631
224,0.0,0.006936033866551241,0.04223520987483906,0.0015054266596774733,0.5,0.003912178769944206
225,0.0,0.006709508057755487,0.04077369468790815,0.0014479641469993761,0.5,0.0046767630747386385
226,0.0,0.033098419970538834,0.044825996798327605,0.002761700779807811,0.5,0.00852839435849871
227,0.0,0.008664796787665912,0.04410579252588648,0.0020852646429557354,0.5,0.005451287105679512
228,0.0,0.013179406544583168,0.041936827900891566,0.0015970648964866996,0.5,0.005019880702783321
229,0.0,0.006859587880632371,0.0380587129842497,0.0012533103567658969,0.5,0.003021011661205973
230,0.0,0.024350125366381134,0.04054454543736267,0.003822691971436143,0.5,0.014547235642870268
231,0.0,0.00799033999512757,0.03785240413146706,0.0014108085236512124,0.5,0.002892621085047722
232,0.0,0.007977369488556011,0.0371389666537137,0.0014418557862924456,0.5,0.0034693050696406255
233,0.0,0.007534127268270946,0.034959242039346264,0.0011524726822972299,0.5,0.002468939945101738
234,0.0,0.017557230326579534,0.037497233696605396,0.0018425480110988933,0.5,0.006476771466586055
235,0.0,0.01010208193088986,0.03702425935754857,0.0013299186590730267,0.5,0.005555298179388046
236,0.0,0.04907311938601655,0.04132704547609629,0.0031243015225205957,0.5,0.013094413897086835
237,0.0,0.00699329059786041,0.03902746446855934,0.0012395357751005956,0.5,0.004055139976878499
238,0.0,0.006572531228942965,0.03639858159788209,0.001126523839584628,0.5,0.0031914300605898997
239,0.0,0.006498558202655933,0.03443761889608484,0.001147695534164086,0.5,0.003067594766616821
240,0.0,0.034351665054831546,0.035788457030457674,0.004109658650122583,0.5,0.030929312109947205
241,0.0,0.006065288471748064,0.03419841771291958,0.001152451203748835,0.5,0.0026110675227776
242,0.0,0.011590317782613605,0.03471842052889299,0.0012935666848480811,0.5,0.0037220217944944605
243,0.0,0.01844362175720155,0.04058502126324551,0.0022840273687878337,0.5,0.0063829226812846225
244,0.0,0.04692745168142411,0.04077317294397808,0.002121100784279406,0.5,0.025711001455783845
245,0.0,0.006092535044973691,0.038662671590314356,0.0011979970958135608,0.5,0.004109357173244159
246,1.0,0.2509964158588254,0.043605027749683334,0.005643019929993898,0.5,0.10107994178930918
247,0.0,0.006631070846771925,0.03649732954811636,0.0010627670877147465,0.5,0.0036027247458696367
248,0.0,0.011412544371679392,0.037312848249368355,0.0018783976529015316,0.5,0.010033278238205682
249,0.0,0.015103159390787999,0.03690029798075647,0.001358810394628753,0.5,0.004595657940520797
250,0.0,0.017918476365637502,0.036272756487450805,0.001316155752853596,0.5,0.004141252372682709
251,0.0,0.008203649129399982,0.03619744502985551,0.001397443619207479,0.5,0.004375337660312653
252,0.0,0.01736701617399269,0.036543261013719214,0.0016049639991251752,0.5,0.010922388359904289
253,0.0,0.03198708218516528,0.03910339528517847,0.002080332273447023,0.5,0.00933055216219367
254,0.0,0.012017943504297234,0.03791558754279412,0.0013438125069324786,0.5,0.006509397465449113
255,0.0,0.00922730764598617,0.035454130442875605,0.0010589688348485843,0.5,0.004128226585555495
256,0.0,0.008517393373320602,0.03470937724445953,0.0010633526520299104,0.5,0.006594503919283549
257,0.0,0.027559556440054603,0.03485833698150321,0.0019263889698777348,0.5,0.059927769005298615
258,0.0,0.010568471103676196,0.034935876612814436,0.0012986455163311052,0.5,0.004822259849828222
259,0.0,0.018108495192287133,0.03913010490734872,0.0023352691864905258,0.5,0.006524462832344903
260,0.0,0.01587179106143288,0.03910147239570988,0.0016732880021803655,0.5,0.0057255208492279054
261,0.0,0.006062201678586579,0.03824752881434923,0.0015835493198080388,0.5,0.006221112928220204
262,1.0,0.2955029027289609,0.04507195628706515,0.004614052511492951,0.5,0.06607608828279707
263,0.0,0.021357128671419756,0.043894238368590334,0.0018426714104862185,0.5,0.007795143406838179
264,0.0,0.005755912935697944,0.0355275999051793,0.0009888327994849533,0.5,0.0031609378755092623
265,0.0,0.007565602487400583,0.03238267020230403,0.000956708017620258,0.5,0.002903155833482742
266,0.0,0.016818663993511916,0.03324054674041974,0.0017134573815080028,0.5,0.01395585760474205
267,0.0,0.009338729698550817,0.032882197577208,0.0010659575096464583,0.5,0.005263698952538627
268,0.0,0.04274465490858537,0.04124215476812952,0.004409219347068976,0.5,0.017175358431092625
269,0.0,0.025234718197982696,0.03993928074150783,0.0009532890354211514,0.5,0.010978688987401815
270,0.0,0.011212090594180088,0.03948048416458396,0.0015987412051273215,0.5,0.0069885140186861944
271,0.0,0.00660531575689065,0.03342993257431621,0.0009136831894284114,0.5,0.002880019322037697
272,0.0,0.007168586015070968,0.032818134077574924,0.0011183058784107666,0.5,0.004022230944001531
273,0.0,0.008822886586068461,0.03248323259860126,0.0011303555517224596,0.5,0.003391946405172348
274,0.0,0.033918822040216665,0.033645036292910345,0.0013092816012748886,0.5,0.006671073654341319
275,1.0,0.15121502123192992,0.03987458851091977,0.004549151499910901,0.5,0.048822433820792606
276,1.0,0.17852075155364344,0.04411264011757352,0.0023762010471392913,0.5,0.019500593409726496
277,0.0,0.021522669057079637,0.04423164265719993,0.0022335862370461905,0.5,0.01114407317204909
278,0.0,0.008766130921177843,0.040048919045571285,0.0009406570736448177,0.5,0.007090688165691163
279,0.0,0.009676021202792992,0.03780693900533658,0.0010297649966863295,0.5,0.00874159038066864
280,0.0,0.03867201691344945,0.03872439378047385,0.0028508424376403646,0.5,0.03461606587682452
281,0.0,0.02513927801385591,0.040450051049606306,0.0026196170947514474,0.5,0.015803863343439604
282,0.0,0.023855239926589573,0.041325323220158694,0.0023289853545267964,0.5,0.016862275699774425
283,0.0,0.013863071638460395,0.03980317118922138,0.001519231865478849,0.5,0.006883840669285168
284,0.0,0.036451809396978674,0.04509939247595014,0.00339217371139158,0.5,0.01568548132975896
285,0.0,0.0069538267779556415,0.03716406394423417,0.001154622269095853,0.5,0.004569493234157562
286,0.0,0.011933426927907782,0.036524727658089944,0.0013269708363968932,0.5,0.0050858496360375845
287,0.0,0.013032441890097814,0.0348116165136414,0.001129961210994445,0.5,0.005141665763927229
288,0.0,0.045464905099338274,0.036278395238437115,0.0028299195885968706,0.5,0.02479395932621426
289,0.0,0.011754334638811072,0.03647633804280111,0.0014530232474498916,0.5,0.00601798544327418
290,0.0,0.014826766430897363,0.03561298520090706,0.0009870536887319759,0.5,0.011125798337161541
291,0.0,0.24576195167011763,0.0399395136615682,0.005260658123566268,0.5,0.09101943557079022
292,0.0,0.32047569187068325,0.04321967219277904,0.0053781474390151825,0.5,0.09102703766389326
293,1.0,0.12465434319790313,0.04514382171616054,0.002566311032848155,0.5,0.025260119837649326
294,0.0,0.1788593913460313,0.046386153436700196,0.003821646781741745,0.5,0.026189201407962374
295,0.0,0.007466009334825368,0.043370471059552114,0.0013917290048222198,0.5,0.00828073647889224
296,0.0,0.011123071286685887,0.0473256986684359,0.004124263518447565,0.5,0.017291049388321964
297,0.0,0.03398942978700803,0.051494357484364824,0.003854459076298072,0.5,0.021610600983395296
298,0.0,0.022878873648225263,0.045434305374671975,0.0015263056737804335,0.5,0.009163358345113951
299,0.0,0.023343742015973015,0.04542324167702888,0.0023326269330699806,0.5,0.01661508692347485
300,0.0,0.031198432256743097,0.04647191813037848,0.0029648750241904054,0.5,0.02194357756525278
301,0.0,0.004751636928611987,0.03959818722575061,0.0010136532209192714,0.5,0.004730541755755742
302,0.0,0.006308134790234474,0.03802081955540652,0.0010865079137780097,0.5,0.009142186978588934
303,0.0,0.20731593945554275,0.0401399690710137,0.0017629962193313987,0.5,0.015160695016384125
304,0.0,0.02137917942933045,0.039319276605472665,0.001530207382466901,0.5,0.010218170182458285
305,0.0,0.04980929198038696,0.04007133729428417,0.0031954346457496287,0.5,0.0383601188659668
306,0.0,0.011712852340993125,0.039607381863834806,0.0015115797937409405,0.5,0.011229924419346978
307,1.0,0.15245908662180935,0.04269326015637606,0.0046592577620266145,0.5,0.08220890107063147
308,0.0,0.21843154639432058,0.04430128353061917,0.0039155460868237745,0.5,0.04772037102116479
309,0.0,0.14298337990229656,0.043132321506184276,0.0009774038076607718,0.5,0.018152731988165114
310,1.0,0.10350165283281185,0.04524136680959599,0.0029162364577025395,0.5,0.02853701789589489
311,0.0,0.03486781635712629,0.0473850019016101,0.0034543501446023584,0.5,0.01697767898440361
312,0.0,0.007449019057332938,0.04434128003266748,0.001565774325102281,0.5,0.009043728693937644
313,0.0,0.1702997959785172,0.041858446076282585,0.0016919943310810042,0.5,0.014279186111135581
314,1.0,0.10969110160636411,0.04674012635947431,0.0030722035293001683,0.5,0.023900719583034514
315,0.0,0.03507641650407319,0.055661949973594534,0.0041950971553368225,0.5,0.01771291877542223
316,0.0,0.059666585893659536,0.054846578815112845,0.0025903553614625707,0.5,0.025050162027279537
317,0.0,0.026795742223394692,0.05017217441144739,0.0016267869134687564,0.5,0.015567515835617527
318,1.0,0.3866734123049363,0.051786487359247936,0.003915046576703726,0.5,0.0829379282615803
319,0.0,4.883798932337663e-05,0.04377838949501358,0.0010544802476383315,0.5,0.005695537878916814
320,1.0,0.08467530573175909,0.04852672250646836,0.0034485247668398673,0.5,0.026220590222713558
321,1.0,0.2381382551049921,0.06197877278470404,0.005275410543310806,0.5,0.02818057599005761
322,1.0,0.0737883630222037,0.05614064407768531,0.00291184060385122,0.5,0.015043706928982454
323,1.0,0.4031613727944694,0.06152415295835052,0.0049832516012247655,0.5,0.04991147309541702
324,1.0,0.2965667902279679,0.062300372881298395,0.0038318086407128148,0.5,0.02717585938493001
325,0.0,0.01181028124238941,0.06454424702536118,0.0045431744240756545,0.5,0.013687574201160006
326,1.0,0.08903203042804408,0.06790242616402123,0.004998279581233472,0.5,0.01785831404970838
327,0.0,0.016938079886637675,0.06559565193054638,0.004128686286209301,0.5,0.01330860284553177
328,0.0,0.015359933780253842,0.053564850164789346,0.0020524345960612187,0.5,0.008206858521416074
329,1.0,0.22447731789811864,0.05849753801582944,0.004993238473414547,0.5,0.04186320470439063
330,0.0,0.014042484190695112,0.05084417423551899,0.002591844035196118,0.5,0.011160969734191895
331,1.0,0.18711819737081328,0.055491466333966226,0.0033829386118443662,0.5,0.020624154069450465
332,1.0,0.1436308614904821,0.057749808002899285,0.004828362863918301,0.5,0.036860854675372444
333,0.0,0.019709703019537776,0.05444216502831901,0.0029297725105425342,0.5,0.011245580911636353
334,1.0,0.1021039929355608,0.059453781247186234,0.0038327656634699206,0.5,0.013457185214327783
335,0.0,0.24213951185407742,0.061137078182041324,0.0054093960750227175,0.5,0.0852542539437612
336,0.0,0.3396127007554381,0.060697092754069155,0.003827812526897351,0.5,0.03362054639571422
337,0.0,0.010268008648649525,0.05998131708001412,0.0034941316002716676,0.5,0.014655040010162022
338,1.0,0.07532189135164856,0.058156015026127245,0.003249002333368959,0.5,0.013846227605091898
339,1.0,0.30840170973328984,0.060849140578491306,0.004355919884013322,0.5,0.0353214164574941
340,1.0,0.06790035515916229,0.062486667979175965,0.004308363884101035,0.5,0.021873359326963073
341,1.0,0.16075214197000906,0.06368701251046303,0.006572675619584818,0.5,0.07528503735860188
342,1.0,0.06854211741162843,0.06306236052922656,0.003991068902126115,0.5,0.01988640683037894
343,1.0,0.14738624164314723,0.06354032542241049,0.004097300342676279,0.5,0.020134246663043375
344,1.0,0.20301210318755875,0.06458178575715662,0.006456933236525704,0.5,0.07105439239078098
345,1.0,0.06352516224202992,0.06233377459397557,0.0036106674997970017,0.5,0.018201869815143188
346,0.0,0.08719219174725083,0.06155449837857709,0.003089843026828021,0.5,0.043447285890579224
347,1.0,0.174231107872309,0.06408189086742538,0.005828419892134628,0.5,0.04874287711249457
348,0.0,0.1499040129739306,0.06232505152104724,0.003709930363155128,0.5,0.038869472607126775
349,0.0,0.19088734804961743,0.06171840875934336,0.0036074566887691617,0.5,0.04142565528551737
350,0.0,0.01362227228685984,0.056693715769540624,0.0023299646469071332,0.5,0.014032673697138941
351,1.0,0.06766261781465002,0.05789880781035512,0.004662201186874881,0.5,0.036461773243817414
352,1.0,0.049648554584268874,0.05838536224394767,0.0036581482760512326,0.5,0.022936292430933786
353,1.0,0.05528193617219104,0.05609366156420175,0.0033081206676018027,0.5,0.021864969389779228
354,0.0,0.11088241191638873,0.057481465969705575,0.004670922343696778,0.5,0.039203159511089325
355,1.0,0.09432053199413354,0.05812653439778222,0.004230828978157101,0.5,0.036674246191978455
356,1.0,0.18435313536360742,0.05696199956588845,0.0034515283448260507,0.5,0.03448412856277155
357,1.0,0.07605693271930525,0.06084041234461823,0.0045394617572410735,0.5,0.029938180384964777
358,1.0,0.04357689664801042,0.05795033007403121,0.0033882467101353244,0.5,0.020568817853927612
359,0.0,0.03301051892017829,0.05544814937515903,0.0014227933279471472,0.5,0.03638359407583872
360,0.0,0.331680059494294,0.05922007221010488,0.005064010007079057,0.5,0.05517170150229271
361,1.0,0.21678316538492942,0.06370338152608432,0.0071441476745530965,0.5,0.06144804358482361
362,0.0,0.19066925099263982,0.0644330234017264,0.005574489473365247,0.5,0.06278647541999817
363,1.0,0.08198628243212543,0.065318661267068,0.004759096599672539,0.5,0.025868449054780553
364,1.0,0.12375037799050516,0.06717689195481988,0.006371890987446975,0.5,0.053326466253825595
365,0.0,0.21972849326734162,0.065946538655586,0.004677753355483421,0.5,0.05223192936844296
366,1.0,0.0348743995692833,0.06042300509468404,0.0025285098701715468,0.5,0.025361624360084534
367,0.0,0.09115548792536494,0.057667306981824124,0.0033303112125124884,0.5,0.03472913278115762
368,1.0,0.019481096224930262,0.05833638093713922,0.004325581666886468,0.5,0.01883128895000978
369,1.0,0.04750632986042924,0.05923641727348684,0.005098842879912506,0.5,0.040374495916896395
370,1.0,0.10030576891128712,0.057987274752881755,0.004094973135083405,0.5,0.026500537991523743
371,1.0,0.049243809929837117,0.05522564127945404,0.0030314111538852257,0.5,0.020965596702363757
372,0.0,0.18020932560835196,0.05984876600339419,0.008297624546685256,0.5,0.08865386992692947
373,1.0,0.06946114448996388,0.06291598154867042,0.006176032851605366,0.5,0.032982232173283894
374,1.0,0.46488174290938833,0.07013190319548473,0.011599030008686608,0.5,0.15037646262269272
375,1.0,0.4126538177072331,0.07185719676885916,0.009396289669287702,0.5,0.07440262370639378
376,0.0,0.15572156862510816,0.07282191601359884,0.007446307579003688,0.5,0.06794307132562001
377,1.0,0.09759242991439483,0.07358574239464995,0.006917049713513773,0.5,0.04917645195256109
378,0.0,0.2931657037366632,0.0782729881224922,0.011958775830862578,0.5,0.12315410375595093
379,1.0,0.16686835786563828,0.07744266340008792,0.006420402794901747,0.5,0.06377323716878891
380,1.0,0.35219709833236057,0.07970670798164008,0.008906852592894386,0.5,0.08765154404024925
381,0.0,0.20029887411678335,0.07636630269061655,0.0017894729713184966,0.5,0.03881576657295227
382,1.0,0.020380239577454138,0.07326769973169164,0.004518192604882643,0.5,0.035702890157699584
383,0.0,0.2206054807069651,0.08259740425655046,0.01646139897056855,0.5,0.11159824877977371
384,1.0,0.014715680844138209,0.07821210521367417,0.005639231503785898,0.5,0.031374151508013405
385,1.0,0.013134801326954566,0.062140404544522555,0.0024869705164447834,0.5,0.012813660788209471
386,1.0,0.014919936511325074,0.06164612822952303,0.00482567751672692,0.5,0.027813639778357286
387,1.0,0.13178251552080084,0.06690379085693468,0.012396117580855,0.5,0.08998067889894758
388,1.0,0.16722976810270548,0.07041552310465128,0.009216983063036905,0.5,0.06835630536079407
389,0.0,0.24879362206266725,0.07666849442214124,0.012121583961526908,0.5,0.09328135706129528
390,1.0,0.2025066485315199,0.07942079604661842,0.008746252224747357,0.5,0.06828686807836805
391,1.0,0.0823267975308555,0.07995535753113213,0.00852431833100993,0.5,0.05310034609976269
392,1.0,0.015596207112321753,0.08257413665674807,0.011665442766731276,0.5,0.040105062372544235
393,1.0,0.04491408152744111,0.0865456761726412,0.013091652825310388,0.5,0.061711891609079694
394,1.0,0.01675501481492474,0.07643639349102437,0.0036432671283061304,0.5,0.024276216060687333
395,0.0,0.12686703789792406,0.07787701171701203,0.008508354535718498,0.5,0.08431860177140486
396,1.0,0.20509611567359065,0.08069770169287266,0.01418585458304733,0.5,0.07160982158448961
397,1.0,0.008036620250343907,0.07469510284846959,0.005227110978988249,0.5,0.022753007528258533
398,1.0,0.0760282256289342,0.07225091864814379,0.005674910715881836,0.5,0.03542450392568434
399,1.0,0.0031108111427215488,0.06778827309825526,0.004692354533207518,0.5,0.01749455522407185
400,0.0,0.3747356297375467,0.0758684517679661,0.013060681334615725,0.5,0.11855829669081647
401,1.0,0.015941001193353625,0.0680626847299674,0.00406216406881125,0.5,0.01944107364635078
402,1.0,0.03108636724217889,0.0680937217975831,0.005736054008593783,0.5,0.04165402054786682
403,1.0,0.05891414084554954,0.06987881163566387,0.007596971548121908,0.5,0.0438911681589873
404,1.0,0.11170540085477804,0.07442219230503026,0.008360537205589935,0.5,0.05336241889744997
405,1.0,0.0512070389497255,0.07548359015277999,0.008431455120444298,0.5,0.044205859303474426
406,1.0,0.36784363225567024,0.08200739879724048,0.010035465930518255,0.5,0.0609064388949916
407,1.0,0.2464817842770286,0.08665280668701875,0.010948143197524855,0.5,0.0739279915304745
408,0.0,0.17135483559889436,0.08884193177917567,0.011854745187413166,0.5,0.07790025016840767
409,0.0,0.1616251328488372,0.08767716701472339,0.008792681807291603,0.5,0.06544788422123078
410,1.0,0.14593236267455892,0.09034994132989792,0.014464909094385803,0.5,0.05643529616869413
411,1.0,0.06836713960190811,0.09175078615543533,0.013011941707439044,0.5,0.05798237161202864
412,0.0,0.13873044843088922,0.09905541301872099,0.015215342242403755,0.5,0.07156094993863787
413,1.0,0.17356334631626633,0.10246504501417397,0.017923253945939775,0.5,0.08619654178619385
414,1.0,0.19082645649560576,0.10428360341519559,0.013872934231767432,0.5,0.09700319319963455
415,1.0,0.13106103773254735,0.10677662532948287,0.016398022507524326,0.5,0.07438862654897901
416,1.0,0.027061390059392038,0.10407540276481939,0.009334147356760998,0.5,0.05266545414924621
417,1.0,0.05288527267178521,0.10026470594084512,0.009100233571371064,0.5,0.05831800401210785
418,1.0,0.17667979743633594,0.09156256702344136,0.007931596832349896,0.5,0.04404695887191623
419,1.0,0.11853682545880248,0.09130257129778735,0.01033637899143452,0.5,0.05374589562416077
420,0.0,0.027565025222683066,0.0917858752550805,0.010771671440452338,0.5,0.047496721744537354
421,1.0,0.024331879836966934,0.08993588315851564,0.007511915111293396,0.5,0.05252333680788676
422,0.0,0.1593331543926208,0.09789399413845636,0.017124004391787042,0.5,0.07993235545498985
423,1.0,0.11928547703694213,0.09737582948189484,0.010841452368450437,0.5,0.05746608430689031
424,0.0,0.17321501029307407,0.10221763867426478,0.015460899430763675,0.5,0.07044292520731688
425,0.0,0.05786061080371843,0.1009028283547742,0.011527218157425523,0.5,0.05330502986907959
426,0.0,0.02506442851979344,0.09337470296135757,0.006416704087449169,0.5,0.038089628572817204
427,1.0,0.04363478964087489,0.09456803628907882,0.011766245258816829,0.5,0.06252974934048122
428,1.0,0.03232995093474619,0.0914854998110372,0.007404344405845872,0.5,0.05230129048937843
429,1.0,0.02240848880109524,0.0927470239694788,0.012585559496073984,0.5,0.052973879501223564
430,1.0,0.03474930997852661,0.09384432929407736,0.013145909437702762,0.5,0.07050016191270617
431,0.0,0.03781601185316221,0.09082367768743355,0.001898191364792486,0.5,0.06356155872344971
432,0.0,0.017542420858044565,0.09064760389337469,0.010339370639822274,0.5,0.0412835368403682
433,1.0,0.050112458021416915,0.09542594370299264,0.01734083561847607,0.5,0.07158979574839273
434,1.0,0.029850960878556175,0.09692523968057531,0.014162073536268012,0.5,0.05966776067560369
435,0.0,0.06689742321179304,0.09863113973227261,0.012918603214386263,0.5,0.0755078651403126
436,1.0,0.29766577014001583,0.10550212512142716,0.018866766275515638,0.5,0.10118874334372006
437,1.0,0.038784568652048684,0.10490491587475631,0.012606390674288074,0.5,0.05232137814164162
438,1.0,0.016184817250824303,0.10518229825739438,0.014084536042487756,0.5,0.05846371163021435
439,1.0,0.014868247966851947,0.10433300344802689,0.011738110333681107,0.5,0.05954742679993311
440,1.0,0.005078451473503399,0.10213761113455047,0.009625638976493585,0.5,0.04508325244699206
441,1.0,0.09188399508705072,0.1050049685865023,0.01639100585857199,0.5,0.08356584277417925
442,1.0,0.14546489439405152,0.10716126311616492,0.017663627678606037,0.5,0.10250332951545715
443,1.0,0.006939616441354672,0.10062562646151124,0.007179746293166483,0.5,0.03653305362571369
444,1.0,0.07792347393272431,0.10093792185683143,0.011976210466985191,0.5,0.06275957609925951
445,1.0,0.05703962466434515,0.10076403904398154,0.012070728174876422,0.5,0.0574263870716095
446,1.0,0.07568159229678931,0.09594253812890323,0.008380138763674983,0.5,0.05291478059909962
447,1.0,0.025006644177657186,0.0955150798428494,0.010614724858896807,0.5,0.047540235022703804
448,1.0,0.00021228552623182755,0.08871714321032614,0.004946841540831057,0.5,0.029694057323715904
449,1.0,7.469132944014134e-06,0.09038282229191977,0.011995372641831637,0.5,0.04864534934361776
450,0.0,0.07050694310241747,0.09078513100329544,0.01067242482465438,0.5,0.10697372664104808
451,1.0,0.06630600571788209,0.09135811133806561,0.010690921194119645,0.5,0.05342645304543631
452,1.0,0.012640819743373055,0.09109460058018934,0.010237992809076482,0.5,0.04795210808515549
453,1.0,0.06831035802969637,0.09780863270615532,0.02055046198074706,0.5,0.07751911506056786
454,1.0,0.02506136131173422,0.10000999443719058,0.013507119845598936,0.5,0.05710174985553907
455,1.0,0.0004514653498596949,0.09956882776698528,0.012146241937039627,0.5,0.033135505186186895
456,1.0,0.06018123835112718,0.1018495582355895,0.015911108664503053,0.5,0.08477041551045009
457,1.0,0.16305904333787763,0.10317318331129605,0.01422570615042267,0.5,0.10373352042266301
458,0.0,0.038935852500385164,0.09883733138253675,0.009325622827208672,0.5,0.050680574316244856
459,1.0,0.11588376244649254,0.10014447965032909,0.013480098995690545,0.5,0.08961483836174011
460,0.0,0.04658847583611574,0.09994411945094646,0.012563924631103873,0.5,0.05805115699768067
461,1.0,0.05758957017510536,0.0990422029743953,0.009493995842058211,0.5,0.05891799330711365
462,0.0,0.061777973448491924,0.10020242609206775,0.014124909997917712,0.5,0.08442813387283912
463,1.0,0.02350464701144881,0.0994051646944553,0.010303047568803387,0.5,0.0449395307472774
464,1.0,0.03271660776802907,0.1015232294844957,0.014348386088386178,0.5,0.05450510263442993
465,1.0,0.018721911024764386,0.1023018276191357,0.014032657374627888,0.5,0.054283450950275765
466,1.0,0.06957838390503204,0.10168498575053676,0.011160969728900289,0.5,0.071502762761983
467,1.0,0.0022926113150486278,0.0966592299120485,0.007500463789328933,0.5,0.03730326771736145
468,1.0,0.07429949922009879,0.10056601773156965,0.017650154026341625,0.5,0.07648889906704426
469,0.0,0.051919415216969016,0.10139851295644706,0.013672912791662384,0.5,0.07064504362642765
470,1.0,0.07771500492922573,0.10151475999605668,0.012241978399370882,0.5,0.06676405397328464
471,1.0,0.006757165760631371,0.10102941796410937,0.011071641318267211,0.5,0.052353134751319884
472,1.0,0.18651776919181995,0.10420112111505907,0.015920761324066137,0.5,0.09550910904293969
473,1.0,0.11974122171019312,0.10287401832501526,0.009511440084315837,0.5,0.05625081658363342
474,1.0,0.16492029060759433,0.10608685247546062,0.01765522241152616,0.5,0.09713527725802527
475,1.0,0.13605493289835024,0.105995208025749,0.013239537342451512,0.5,0.07565116763114929
476,1.0,0.00604848119196871,0.10727302502727226,0.015002121773167428,0.5,0.039935752749443054
477,0.0,0.042940120385363184,0.10310662031271346,0.009223691340034397,0.5,0.06423072287669548
478,1.0,0.08675359769787966,0.10636680273978176,0.01859159383457154,0.5,0.07581590414047241
479,1.0,0.002636916337112307,0.10015811916602113,0.006817644274712581,0.5,0.040530440600022026
480,0.0,0.12496733717185311,0.10339522565514063,0.015319365590006451,0.5,0.09199117936871269
481,0.0,0.1029079134645077,0.1043144157720738,0.014063043349112073,0.5,0.07750198443730673
482,1.0,0.013668082432614113,0.10172834550562723,0.009359233651163154,0.5,0.04833212651704487
483,1.0,0.0175048230184252,0.10037136084722399,0.009272257518023252,0.5,0.06914130449295045
484,1.0,0.0383262067959278,0.10409043384982135,0.016999906934374434,0.5,0.06203222410245375
485,0.0,0.05125974152469012,0.10452824458945999,0.014005597098730505,0.5,0.07488599632467542
486,1.0,0.014948736569589881,0.10233820667341344,0.009695301545434631,0.5,0.04744184762239456
487,1.0,0.0018596699238358507,0.1034369190468264,0.014666480012238026,0.5,0.0519590037209647
488,0.0,0.026640863793097748,0.10363838616434552,0.013112400630488992,0.5,0.062374730110168454
489,1.0,0.1920682296887099,0.1061464635581313,0.015145873590372503,0.5,0.09533852577209473
490,1.0,0.044131423879969066,0.10535050736253812,0.012116191457607783,0.5,0.050543829798698425
491,1.0,0.0083039655854785,0.10441005993871755,0.01146668831775473,0.5,0.053457522934133354
492,1.0,5.9341175154924046e-05,0.10727992039368578,0.015592821519821881,0.5,0.04141444325447083
493,1.0,9.182602087815926e-08,0.10237107715456593,0.00873783759066257,0.5,0.044808644672919964
494,1.0,0.07665307105875913,0.10239455384261453,0.012280190318462348,0.5,0.0636788712393853
495,1.0,0.030158637354745964,0.099997660026226,0.008945674310732437,0.5,0.06339630170872337
496,1.0,0.0626266207563779,0.09984131210254937,0.011491864135124437,0.5,0.07040954284046007
497,1.0,1.2164516603340156e-05,0.09175727888682476,0.0063749703264835735,0.5,0.042506503670111946
498,0.0,0.0400830497693173,0.0911443890554639,0.009039520359415885,0.5,0.05115558595761009
499,1.0,0.018485611313908187,0.08939855904965621,0.007232195439948035,0.5,0.04128512740135193
500,0.0,0.1729230304903125,0.09418005003710454,0.015541066078616208,0.5,0.10721183450598466
501,1.0,0.02065433927905332,0.09157998099472171,0.00784677350782745,0.5,0.03968081445921035
502,1.0,0.006319725671452692,0.09129136217635198,0.009670736218270446,0.5,0.05088359330381666
503,1.0,0.060069460929561946,0.0897234054274727,0.0083260851988598,0.5,0.04960984317585826
504,1.0,0.012604779466399775,0.08859967276406508,0.008429790323134512,0.5,0.036471376195549965
505,1.0,0.0036701653697820053,0.08268154678417848,0.005988458588328813,0.5,0.04035047225413784
506,1.0,0.004239028506060566,0.08215517337412417,0.00707026371759746,0.5,0.04526238757021287
507,1.0,0.0037455609159564598,0.0809662179174018,0.006574542581802234,0.5,0.0409290436655283
508,0.0,0.061122206709414456,0.08273311721030073,0.00837600724658043,0.5,0.04759449057462739
509,0.0,0.05217567603036677,0.08207206803310857,0.007208030174584373,0.5,0.04820474590125837
510,1.0,0.02148990806064282,0.0822443814314056,0.00791463942732662,0.5,0.04795411229133606
511,1.0,0.10913423600933869,0.08733503566880926,0.01658137522948285,0.5,0.08723040024439493
512,1.0,0.25038650669826,0.09040847712288803,0.010432201292132959,0.5,0.06823037564754486
513,1.0,0.019639987449580645,0.08801641780882405,0.007435076575347921,0.5,0.048601001501083374
514,1.0,0.00646287006225431,0.08540701562103967,0.006904474428772707,0.5,0.040055658010875475
515,1.0,0.026679561609890157,0.08581065903283405,0.009420144883915783,0.5,0.06812480092048645
516,1.0,0.11494642615606462,0.09109833645895947,0.013970596333965659,0.5,0.06631117939949036
517,1.0,0.007692266358933847,0.09062244817797777,0.009126293736145548,0.5,0.043599999469259514
518,1.0,5.382414027634199e-05,0.0915717357939993,0.0108889013974239,0.5,0.029660989408907684
519,1.0,0.0826735352900918,0.09058655515242649,0.008832380111255733,0.5,0.05166435241699219
520,1.0,0.08236950628935821,0.0903795190171747,0.009054930550822368,0.5,0.05568733066320419
521,1.0,0.07011991395081375,0.0906478403737816,0.010009600780904293,0.5,0.06459207534790039
522,1.0,0.019536463232144818,0.08431357568418457,0.006044709570950975,0.5,0.03973766586236786
523,1.0,0.06006680567814981,0.08412413785531715,0.007696831581415609,0.5,0.06493465602397919
524,1.0,0.010584965666584801,0.0845497790225912,0.008976619062013923,0.5,0.04383569955825806
525,1.0,0.28431272530692175,0.09526619689657521,0.01949973825830966,0.5,0.10767476797103882
526,1.0,0.15576653905553473,0.09928457696123387,0.014816289215728088,0.5,0.06910666713008175
527,0.0,0.025532071813153555,0.07754868452628924,0.004374972400255501,0.5,0.035115405321121215
528,1.0,0.07190567486823911,0.08151406848065908,0.008621774310165125,0.5,0.057358384132385254
529,0.0,0.09579207131173145,0.08184624673424573,0.009086213199994884,0.5,0.08043123667056744
530,1.0,0.11210100759821195,0.08904100887218508,0.014112058534131696,0.5,0.056743180751800536
531,1.0,0.09327074682112046,0.09057983481183492,0.011913284063613153,0.5,0.06441594747936025
532,1.0,0.12026537185053796,0.08969801483990102,0.008937902608201565,0.5,0.04883918341468362
533,1.0,0.21319838850359804,0.0945189043935908,0.012012425782260201,0.5,0.0646797107613605
534,0.0,0.04202621589215701,0.09464811846362373,0.010784732909607036,0.5,0.053083573068891256
535,1.0,0.10873078443293949,0.0972992093950233,0.013148636745217327,0.5,0.06905347108840942
536,0.0,0.05609329127656554,0.09609952013662458,0.009788476415754607,0.5,0.0656415041950014
537,1.0,0.02231304065511971,0.10327892123276604,0.017785227151009542,0.5,0.04370185219008347
538,0.0,0.057532773401177996,0.0802206312490646,0.004498629908775911,0.5,0.03247403264045715
539,1.0,0.01827015459407621,0.08195555499314859,0.00910484126728514,0.5,0.036754746799883636
540,1.0,0.01618395539379362,0.07918756027704243,0.006214536564584705,0.5,0.03583958651870489
541,1.0,0.00817999350467727,0.07714512044694365,0.0059514556829210205,0.5,0.034818966751513275
542,1.0,0.017384356197154626,0.07421751581291176,0.005233202928987642,0.5,0.03137222230434418
543,0.0,0.14552516757196646,0.08376691978457149,0.013265097001567482,0.5,0.055892416409083774
544,0.0,0.058858446838105656,0.08099634425438866,0.006500495035458911,0.5,0.0392820638545016
545,1.0,0.051907614662587295,0.08345702180813391,0.011861004843376577,0.5,0.04563881158828735
546,0.0,0.07840512718575941,0.08473988740281943,0.010806835514293718,0.5,0.07239355146884918
547,1.0,0.03164222527175747,0.082441376015539,0.0063067547422994315,0.5,0.0432456505709681
548,0.0,0.038294962094725625,0.07545124152817018,0.004107453645620909,0.5,0.032215416431427
549,0.0,0.03359801601014864,0.07160199191955116,0.004196113127713593,0.5,0.03775687630359943
550,1.0,0.025339424758475455,0.07419067535292642,0.008627693258776244,0.5,0.03863187676126307
551,0.0,0.058066047716040736,0.07587461363768118,0.0076635689552252495,0.5,0.05149018963177999
552,1.0,0.1407544941064091,0.0795250365644992,0.010327469538897276,0.5,0.06439502239227295
553,1.0,0.18503630620576542,0.0915576489917684,0.016515259129745472,0.5,0.06588901165458891
554,0.0,0.047708761948632425,0.08675342594734994,0.00706866912375343,0.5,0.03677821603227169
555,1.0,0.0990447370479203,0.09173851536069674,0.014730982691010771,0.5,0.0578195129831632
556,1.0,0.2975546895461745,0.10110266828883004,0.018775678922732672,0.5,0.08503596385320028
557,1.0,0.06689565360908009,0.10013040081118679,0.011617288997513242,0.5,0.04959621001034975
558,1.0,0.10004301474991262,0.09886152788951884,0.009113705962792866,0.5,0.06662758522563511
559,1.0,0.07181413524331813,0.09598224125026626,0.009216311283775471,0.5,0.05024506790297372
560,0.0,0.0678022092645118,0.08274994369782676,0.005469840176713963,0.5,0.03150372346242269
561,0.0,0.04370277058118255,0.08037084040592733,0.006783894278729955,0.5,0.042113842566808064
562,0.0,0.07628952439803062,0.08385935273309941,0.012628190588050833,0.5,0.06297695305612352
563,0.0,0.12737921595909413,0.08625389329587516,0.012839577185721802,0.5,0.07651857606002263
564,1.0,0.18069162614700018,0.08931051367318457,0.011703456348186592,0.5,0.06502147298306227
565,1.0,0.11257668444317624,0.08929668698518545,0.00975803939945763,0.5,0.05444225110113621
566,1.0,0.01502040932776451,0.08965550706822843,0.010443973365118321,0.5,0.038555695958759476
567,1.0,0.01741955409401299,0.0855358291382907,0.00627437252756756,0.5,0.033795205985798556
568,1.0,0.02747497796082124,0.0858550605185345,0.009372681844979525,0.5,0.0533751572171847
569,1.0,0.01835503746082217,0.08785700797257266,0.011652362358290702,0.5,0.04502020279566447
570,1.0,0.00975689214727732,0.08348585869046116,0.005643486867969235,0.5,0.0321699857711792
571,1.0,0.01868932420324877,0.08294511292462386,0.007626328010311616,0.5,0.04800957228456225
572,1.0,0.006092198631534775,0.08462232978748667,0.010409562443585499,0.5,0.035537459280179894
573,1.0,0.008033452982901992,0.07630423370079512,0.004999720915429183,0.5,0.028326512272678205
574,0.0,0.07685096665012844,0.07680244128033145,0.007252222597316811,0.5,0.04670137618527268
575,1.0,0.0502796643729694,0.07688079222020437,0.006918422134947919,0.5,0.04716615165982928
576,1.0,0.013674367034450999,0.07498961935993924,0.005816734637706899,0.5,0.03127183975317539
577,1.0,0.028402579089719673,0.07534964425726581,0.007759716711007059,0.5,0.049854072657498444
578,1.0,0.3124592529321453,0.0814306632164964,0.013789635308532288,0.5,0.10144492983818054
579,0.0,0.46545148434053657,0.09064843389425932,0.01686883813316195,0.5,0.11183685989215456
580,1.0,0.020810983726456452,0.09380160022592902,0.013884696867675163,0.5,0.03265060140536381
581,1.0,0.007731824957091517,0.09236820365136306,0.00901660540694138,0.5,0.03975318931043148
582,0.0,0.051522303763070224,0.09012026161500815,0.008685678262157704,0.5,0.03893753479827534
583,0.0,0.04090968706762396,0.08514530843530749,0.003962377104663143,0.5,0.05091699173575953
584,1.0,0.013137342372643298,0.08426917640396825,0.00818272006775563,0.5,0.02825796902179718
585,1.0,0.1010281664354957,0.08016574281633705,0.0063365967845187545,0.5,0.039978993065813755
586,1.0,0.08763427151946532,0.08511766697469045,0.010034510211245913,0.5,0.033383457728152
587,0.0,0.06013050502301185,0.08462909486381905,0.008700598084639447,0.5,0.04779652878642082
588,1.0,0.08736453271635426,0.08457375817055404,0.008774759755893187,0.5,0.05659902366724881
589,1.0,0.010377221469168085,0.08207877385772912,0.007071793983306955,0.5,0.033071678350953496
590,1.0,0.016423039193745926,0.07665462609987099,0.004685960847007877,0.5,0.03576358714524437
591,1.0,0.21755509333838569,0.08869232456207847,0.018121452573987264,0.5,0.06870604234357033
592,1.0,0.10879506180878802,0.08976582237712413,0.010749420821506145,0.5,0.048679227459019626
593,1.0,0.11847644265503772,0.09307095111390012,0.01510751296300441,0.5,0.0611840084195137
594,0.0,0.054261529894371954,0.09737252184214563,0.01534832729689347,0.5,0.0502713334101897
595,1.0,0.004875598153713676,0.08818350806156801,0.0055325597536582975,0.5,0.023091154984938793
596,1.0,0.015061917795562107,0.08818751841878704,0.01023332126593838,0.5,0.04655360927184423
597,1.0,0.20645629033783955,0.08954286614392805,0.011082852737525024,0.5,0.06245363000276927
598,0.0,0.2762326295815581,0.08817581168616107,0.0055083782977557606,0.5,0.11749548997197833
599,1.0,0.01438707029009251,0.08154347421929702,0.004928165052219161,0.5,0.03330302323613848
600,0.0,0.04829055008571179,0.07552166932219861,0.004717375244945287,0.5,0.03820208443535699
601,1.0,0.07106524969313571,0.07703492100062721,0.0107192438445054,0.5,0.050292834639549255
602,1.0,0.12986080128955566,0.07569211639723847,0.0059497861959971485,0.5,0.028744198977947236
603,1.0,0.01600731324116099,0.07192361653014691,0.004702121803780929,0.5,0.026413864323071072
604,0.0,0.3091319706564438,0.0830731048807154,0.024490795111941063,0.5,0.12745314836502075
605,1.0,0.12432154187612368,0.08500669335581441,0.011053583442440463,0.5,0.05118443678926538
606,1.0,0.07948289148878639,0.08098623859004137,0.006831919405351769,0.5,0.035896278442220486
607,1.0,0.019709563605013802,0.07016200922431909,0.00408667783035939,0.5,0.02185800163583322
608,0.0,0.15728000030843714,0.07457244130462083,0.0074629068104139365,0.5,0.03673364528838326
609,0.0,0.07673946673769101,0.07248834468548479,0.004308590928925888,0.5,0.046536268372284736
610,1.0,0.01553990086562666,0.07680341312186012,0.00982828087742544,0.5,0.03074451784292857
611,1.0,0.016234541142972448,0.07719158492302954,0.007491972854560507,0.5,0.026349079750833056
612,1.0,0.02304294543194521,0.07365114605033338,0.0051032638229015805,0.5,0.02850697570376926
613,1.0,0.0215317892537147,0.06795171832692073,0.004174346327999956,0.5,0.026375776156783104
614,1.0,0.0216413216249566,0.0651435597583257,0.004097545197471342,0.5,0.022209951852230316
615,0.0,0.03404696754630692,0.05778789836955152,0.0029806506261229517,0.5,0.023308980762958526
616,1.0,0.42743926921120384,0.07326763726564574,0.014308314553361285,0.5,0.07898206082550255
617,0.0,0.053044738648991736,0.06895166481354296,0.004079352443416913,0.5,0.03236335691283731
618,1.0,0.11032161851792507,0.07966535570184967,0.015992522934019298,0.5,0.05278784781694412
619,1.0,0.13929593986380384,0.07950045453621542,0.008225498988758772,0.5,0.057805612683296204
620,0.0,0.03598562123289807,0.07552693786544776,0.004125037244521081,0.5,0.03338046431541443
621,0.0,0.07512303753707522,0.07477524849472772,0.00534575815545395,0.5,0.06298196315765381
622,1.0,0.04780933927480087,0.0775523688995166,0.010124495087534581,0.5,0.04202111457523547
623,0.0,0.021314520983629685,0.06564877430598624,0.00321048259281235,0.5,0.016340194246436977
624,1.0,0.04017345634496951,0.06710901605464686,0.005624317695670154,0.5,0.022391041983728825
625,1.0,0.0901762679529064,0.06844632986767588,0.0081734417763073,0.5,0.06012587994337082
626,0.0,0.035658335629049395,0.06821552214440432,0.00508187492821543,0.5,0.03381088234129406
627,0.0,0.08683421463288117,0.06968609225280166,0.006143006731158579,0.5,0.02456369546224486
628,1.0,0.13219110714986626,0.07268535047407383,0.006923729777961636,0.5,0.02314353122640012
629,0.0,0.05856966694746693,0.07072796864343693,0.004105742257605825,0.5,0.0340101785129971
630,1.0,0.2676559685930797,0.07828936409616938,0.008485505974071252,0.5,0.0308622625228521
631,0.0,0.1196126017722034,0.07595379753803581,0.0044550585153046995,0.5,0.03264757618308067
632,1.0,0.03284338925193281,0.06926124292140926,0.004313609060474149,0.5,0.015112467824596248
633,1.0,0.03906069581102977,0.06502121219292716,0.003995744669886276,0.5,0.019027248757784485
634,1.0,0.15245406618348717,0.06832818633986264,0.006603515014931973,0.5,0.028422059836211027
635,1.0,0.03535750162681554,0.06830942090065875,0.005772449016548329,0.5,0.02409562686594521
636,0.0,0.043967525420742275,0.06709454542068098,0.0041038575654965825,0.5,0.03905799798667431
637,0.0,0.023173102029620606,0.061324319223277315,0.0032711339849306065,0.5,0.014236161278353797
638,0.0,0.3514286146310448,0.07012384786242673,0.009717232796053092,0.5,0.05362143715222677
639,1.0,0.06514119923606851,0.0692885615955826,0.005449797770080085,0.5,0.027395390547238864
640,0.0,0.0976626018329849,0.07561291772200344,0.01004824185808904,0.5,0.028925314199092778
641,1.0,0.037331618382296754,0.07311804775437704,0.005419853308315699,0.5,0.02231490694814258
642,1.0,0.04218194044650425,0.07259747621287432,0.005898524508811533,0.5,0.013808695077896118
643,0.0,0.023676408357635462,0.061696551460514934,0.0033179897780064495,0.5,0.011600788831710816
644,1.0,0.05732156376162427,0.061196877640555154,0.004215988328500667,0.5,0.02370683561291611
645,1.0,0.18961615919593436,0.07090407841280683,0.00951427871854428,0.5,0.03492081924980762
646,0.0,0.14939764053519877,0.07263175865966136,0.009757760562933981,0.5,0.0476958433787028
647,1.0,0.07146758052442254,0.07193824072856249,0.006053780593598883,0.5,0.036956315948849634
648,1.0,0.04175164152547679,0.06838706797278325,0.00477065259309591,0.5,0.017612054100576438
649,1.0,0.2078515173992504,0.07452963900329006,0.011037676358565448,0.5,0.0530765421928898
650,0.0,0.03634480048907977,0.06344902103626088,0.0029382328050107593,0.5,0.01735828196009
651,1.0,0.1558675413703961,0.06718227671159033,0.007069435053771096,0.5,0.032444997101413964
652,1.0,0.043993359818034594,0.06528342996642297,0.004735771039196727,0.5,0.020090809890202115
653,1.0,0.1662727464325539,0.06511194199486996,0.005045801733753511,0.5,0.02277725509234837
654,0.0,0.1518011401684749,0.06553955201385073,0.005722875457390079,0.5,0.05354489598955427
655,0.0,0.03397885386148327,0.06371454099563392,0.004206189949649806,0.5,0.022842240684172687
656,1.0,0.0408395085311351,0.06406328554080994,0.005090911465231329,0.5,0.021439266701539356
657,1.0,0.047033433502084124,0.06159118144545852,0.004082281024345909,0.5,0.015863477307207444
658,1.0,0.07765785721265489,0.06565669330547234,0.0052471332502998895,0.5,0.019563942760616154
659,0.0,0.03964456256263854,0.06487522095960727,0.004579181850163473,0.5,0.02704376843240526
660,1.0,0.07655573467168889,0.0667623264647355,0.008164745949519178,0.5,0.03608386218547821
661,0.0,0.14125644952499533,0.0678677235748835,0.006758343596974838,0.5,0.0479945119084983
662,0.0,0.07941469458452428,0.06670812281601994,0.004337618262261937,0.5,0.03251329534932187
663,1.0,0.040846934464380216,0.06364571477423335,0.004067293578333667,0.5,0.018169151052184727
664,1.0,0.3991876187036495,0.08386114425061465,0.016461137134077337,0.5,0.06235425236324469
665,0.0,0.018846763210947193,0.06708255584362133,0.0025594045942210976,0.5,0.013952898190302007
666,0.0,0.10108614582133947,0.066136374313176,0.005346629489213228,0.5,0.03129337802529335
667,0.0,0.33788536996454926,0.0776613598473492,0.017626879651708387,0.5,0.08162944133465107
668,0.0,0.05418080229173459,0.07239422394158472,0.004548324611374831,0.5,0.025623769836222873
669,1.0,0.03117737765852025,0.07186304064982978,0.006710760326026694,0.5,0.02277216236842306
670,0.0,0.027472720219445457,0.06313396048331162,0.0027718695497174783,0.5,0.017921121032149705
671,0.0,0.28314749666374356,0.07176648852583256,0.01748372134493871,0.5,0.09601068331135644
672,0.0,0.2406950697816521,0.0700897715035589,0.00294598000538018,0.5,0.040898564789030284
673,0.0,0.16907632843626663,0.06980924143474909,0.005638728849589825,0.5,0.0645698606967926
674,0.0,0.10108692275350396,0.07372689952915333,0.008673994204339881,0.5,0.0273514986038208
675,1.0,0.06743363467389624,0.06692415915942879,0.004288058620755021,0.5,0.022228726430943136
676,0.0,0.032638855900831175,0.06541537964230286,0.0049601419837618215,0.5,0.019612068275235733
677,0.0,0.02155163933223422,0.06655366830239426,0.005936507279883423,0.5,0.019143791626329006
678,1.0,0.18383962391045475,0.07151487293276405,0.013835575650720036,0.5,0.08325055066276998
679,0.0,0.020804855393780054,0.05884994417110677,0.0027430411172099413,0.5,0.010451774597167968
680,1.0,0.09432313162755232,0.06237074114546525,0.005564316590607632,0.5,0.019154197769239545
681,0.0,0.2610422054759449,0.07879516347482425,0.013188046458142125,0.5,0.04436801683227971
682,1.0,0.05680138493200994,0.07393380951833782,0.005298699317283408,0.5,0.029049630081930827
683,1.0,0.1626016168220285,0.0748901268821286,0.007720986872704493,0.5,0.029168646644662927
684,1.0,0.18760040860615773,0.07586524012660108,0.00918102907183181,0.5,0.06362668105534144
685,0.0,0.026892351031229274,0.06326875128136868,0.0035146040685863776,0.5,0.016941220878244758
686,0.0,0.017543433965766804,0.05283675600386952,0.002241317704319954,0.5,0.009360437393188476
687,1.0,0.09527143438363443,0.05586161739489083,0.005746508469908602,0.5,0.04132711666601675
688,0.0,0.020464362246072457,0.051561961474008114,0.0025062521942891183,0.5,0.008621451556682586
689,1.0,0.2547879950548761,0.05932726293109342,0.009003111357742455,0.5,0.05631734523922205
690,1.0,0.22990404308163473,0.06381656136863896,0.009105840976449795,0.5,0.053003781608172824
691,1.0,0.2146854945204894,0.0706419110961352,0.015590440262766445,0.5,0.05573764969320858
692,1.0,0.19105902401839192,0.07358205769787234,0.010491047234002812,0.5,0.05851923550168673
693,0.0,0.1700833251705932,0.07208837675286167,0.004606816578113164,0.5,0.05822044610977173
694,0.0,0.18567582163931817,0.07809868327712455,0.013714732581992512,0.5,0.06621199457541756
695,0.0,0.025918895656932974,0.0700923141231574,0.004087482639415948,0.5,0.0197508677288338
696,0.0,0.06467068509445505,0.06912598216370766,0.005177783182538722,0.5,0.03995641158974689
697,0.0,0.04861016650880309,0.06778949699311435,0.004336697561666369,0.5,0.03880318800608317
698,1.0,0.06225716878008746,0.07409883850723487,0.01061791421379894,0.5,0.03619579247065953
699,1.0,0.16253187369365557,0.07438388411541785,0.008543118205852806,0.5,0.05939000964164734
700,1.0,0.0522767096524001,0.06427545948237091,0.003827852128660711,0.5,0.015622244904870573
701,0.0,0.049197048178407664,0.0648881311913054,0.005626026226673275,0.5,0.038720302283763885
702,1.0,0.09118379963929138,0.06653137976804444,0.008603767124721063,0.5,0.05235785704392653
703,0.0,0.05332075809100522,0.06850314387098279,0.007267621379079563,0.5,0.04034828997793652
704,1.0,0.18756905256929174,0.07575369326161559,0.013852861050205926,0.5,0.062986525396506
705,0.0,0.0726990974566511,0.07413672920323204,0.005512276884271867,0.5,0.04425952500767178
706,0.0,0.13649593394859233,0.07624784802756938,0.009269452467560769,0.5,0.04552995761235555
707,1.0,0.12023608267668814,0.07836742605888047,0.009272312301349032,0.5,0.05003848009639316
708,0.0,0.045042020122402326,0.07495656911057814,0.003910023958750945,0.5,0.03442228015731363
709,0.0,0.03811826221628378,0.07395867543913043,0.0055344912883204716,0.5,0.04106537252664566
710,0.0,0.24693404388591828,0.0750756605381015,0.008720580485603976,0.5,0.04787929465131062
711,1.0,0.18605505042971954,0.08269300037394284,0.0222341286096101,0.5,0.056850659847259524
712,0.0,0.08086689460276397,0.08020957640109048,0.008394583659246564,0.5,0.026890438199043274
713,1.0,0.026589087234401336,0.07343196055159908,0.005827921033356219,0.5,0.017212327449552475
714,0.0,0.10039583954421188,0.07291400176838995,0.007458188108213973,0.5,0.03206148816318047
715,0.0,0.13402801029619277,0.07674524891896367,0.011812003601031998,0.5,0.05172701455928661
716,1.0,0.05721351633639375,0.07128215168113229,0.0052346847676248715,0.5,0.020858394015919077
717,0.0,0.0948565569426875,0.07102405584900591,0.006095420957232515,0.5,0.05813161200947232
718,1.0,0.06749289714621438,0.07378520674888554,0.01144743285534021,0.5,0.041945424519087136
719,0.0,0.0069677781824170745,0.07000440089298174,0.004756673248610585,0.5,0.02069285431423703
720,0.0,0.01605547287710491,0.06809700211670154,0.004482488119974732,0.5,0.024688614010810853
721,0.0,0.00652358427256236,0.06270741016375685,0.0022679382798679428,0.5,0.018167117546344626
722,0.0,0.12530936803204978,0.06627497392831105,0.007235734793842615,0.5,0.030590880972643692
723,1.0,0.051666886855866956,0.060586194972740044,0.0034858336882843148,0.5,0.017223685033737668
724,1.0,0.056969783825082554,0.06276885879887419,0.0061626348707994275,0.5,0.02694764123721556
725,0.0,0.035903136169728865,0.06106301457234514,0.0035471957526169717,0.5,0.030073630538853733
726,0.0,0.02302254949103044,0.05737822281329685,0.002831973118009046,0.5,0.018151018023490905
727,0.0,0.0562565736399778,0.056833809818172,0.0027401738500754747,0.5,0.04544856718608311
728,0.0,0.020786029528892202,0.05279982768586768,0.0026424793388367027,0.5,0.011016435348070584
729,0.0,0.011167289712886755,0.049447135781192225,0.002148439282524016,0.5,0.009873883250881644
730,0.0,0.21468228320971577,0.05572638168023446,0.016410234447737985,0.5,0.1199819499796087
731,0.0,0.04438249814550717,0.05686735094794058,0.004796358367457287,0.5,0.02197455568239093
732,0.0,0.027092474871254043,0.054961578049978775,0.003088326864492367,0.5,0.017347690521502028
733,0.0,0.010404752422251147,0.053365774967599526,0.0023207329517311377,0.5,0.015713368421015533
734,0.0,0.012008123928776258,0.0527643650604486,0.0025026297125105676,0.5,0.0217895691211407
735,0.0,0.013245001013300403,0.05221673814315934,0.002493893261998892,0.5,0.022332952572749212
736,0.0,0.03171184954503763,0.052016529080901645,0.0029492536335039817,0.5,0.0135934148964129
737,1.0,0.08559813660384644,0.054286895487180166,0.004352747901326178,0.5,0.020485173112579753
738,0.0,0.008967140565233563,0.05148152954489791,0.0021532885410124438,0.5,0.011004291474819183
739,1.0,0.09841944516287175,0.05408087594847187,0.009869134915061296,0.5,0.0841316431760788
740,0.0,0.032524274876455386,0.05304180611113308,0.0029682458539138593,0.5,0.016481109673068636
741,0.0,0.17352090779635998,0.056871505863285966,0.010398907548127076,0.5,0.07708833316961924
742,0.0,0.11164440673845763,0.05762590037678227,0.004833506918253584,0.5,0.03837500264247259
743,0.0,0.07569064769065488,0.05896937043047677,0.005314939108717701,0.5,0.03542780422646066
744,0.0,0.034091571240708565,0.05847344482742166,0.003976592688732559,0.5,0.024304050774801345
745,0.0,0.00844540931869411,0.05686156945020957,0.0028198114697537994,0.5,0.018353230279424915
746,0.0,0.004284654988806185,0.05118474303196506,0.0023639497775683536,0.5,0.008089125949017544
747,0.0,0.2971768788924712,0.05936117553844462,0.008606570667498523,0.5,0.04705639467352912
748,0.0,0.16989131321135506,0.06177551901120325,0.007749554832116701,0.5,0.04594172226885954
749,0.0,0.032201116155185505,0.059941551709967206,0.0035036932337485873,0.5,0.021115736414988834
750,0.0,0.029651584479058055,0.05900010121333843,0.002724605402909219,0.5,0.021389737725257874
751,1.0,0.11482233714976817,0.062023272963418856,0.008138979962539105,0.5,0.0576339073124386
752,0.0,0.022072711661274058,0.05803831927563373,0.003086964296669049,0.5,0.013336014635158036
753,0.0,1.2975400906703101e-05,0.05458578662747213,0.0023105989181203767,0.5,0.007714631035923958
754,0.0,0.0026552206315371544,0.05340773475283738,0.0023502556894741513,0.5,0.015096292776219985
755,0.0,0.0015026135932793554,0.05015516393542688,0.0021558225162769274,0.5,0.005731219962491828
756,0.0,0.046578621494586664,0.05556533579745477,0.006363472499651834,0.5,0.02335551828145981
757,1.0,0.14571881588082825,0.06116507735412033,0.012211409914824698,0.5,0.06377949151727888
758,0.0,0.005171208261667576,0.05639296297373746,0.002147575091520274,0.5,0.008524924516677856
759,0.0,0.01608380031033685,0.05592142601351438,0.0030715079364282164,0.5,0.02969036183573983
760,0.0,0.032192569126219546,0.05556367728588086,0.003690891018461274,0.5,0.022206191783365997
761,0.0,0.04315226009790491,0.05213786406129907,0.002667341860831671,0.5,0.011688122437113807
762,1.0,0.23993932063810597,0.06065458612561714,0.007260815850684359,0.5,0.028427787125110626
763,0.0,0.007688492771300574,0.05234494416760721,0.002641649910947308,0.5,0.013443456143140792
764,0.0,0.16000927074289467,0.054270499083201626,0.0038271359492985844,0.5,0.016182138894995052
765,0.0,0.1804440065396301,0.053629073079413864,0.0024695610498181647,0.5,0.03211853735976749
766,0.0,0.007505836995411035,0.04838777986176141,0.0021610794826457747,0.5,0.007915211446357496
767,0.0,0.04783295810123732,0.04836735641931873,0.002611361342548792,0.5,0.013625120903764451
768,0.0,0.010463289413733024,0.0468817615735306,0.002205826334546429,0.5,0.009154469935924977
769,0.0,0.014529925939303311,0.04673156544786367,0.002355402582907118,0.5,0.01772157351175944
770,0.0,0.011099938197930847,0.044324559044960146,0.001976062172325328,0.5,0.00709032028913498
771,0.0,0.00964488887621613,0.04460171612700262,0.002155242167135472,0.5,0.010689904553848401
772,0.0,0.05224214195905663,0.045975877032451574,0.0025041962823118356,0.5,0.013312776299083935
773,0.0,0.014595061091852015,0.0451065632274156,0.002348337152507156,0.5,0.013322867006063461
774,0.0,0.01112278553193596,0.04323316063194311,0.0019064755749423057,0.5,0.009302029013633728
775,0.0,0.011317314834624377,0.04210492678169397,0.0018472407071385532,0.5,0.009831979051232337
776,0.0,0.010924078562345386,0.04188372756879745,0.0017768998368410394,0.5,0.012293806920448938
777,0.0,0.013626157168551542,0.042270906751183855,0.001898804068332538,0.5,0.008597722500562668
778,0.0,0.017550267159716193,0.043345612177867095,0.0022743046283721924,0.5,0.012467304601314221
779,0.0,0.02863643067742747,0.04316249507997671,0.0019118117467899407,0.5,0.0187589063176087
780,0.0,0.015590919367823667,0.04284399903484583,0.001917516799075166,0.5,0.00972622303993671
781,0.0,0.009495180048588358,0.04237393601430137,0.0019962999527342617,0.5,0.012314429953694344
782,0.0,0.00937410769286053,0.04060313349269686,0.0016365462308749557,0.5,0.010374799370765686
783,0.0,0.012602861743005518,0.03951936964898473,0.0015448488760739566,0.5,0.00914804331958294
784,0.0,0.009821205090009274,0.03992784393857716,0.0016776804567780346,0.5,0.00814138263463974
785,0.0,0.008156145977933951,0.03876207080157853,0.001468794920365326,0.5,0.007753090411424637
786,1.0,0.504233037061386,0.06195483358006158,0.022916636427648233,0.5,0.10791359815214362
787,0.0,0.007334199188145083,0.04811396568465239,0.001694997005397454,0.5,0.008531386554241181
788,0.0,0.007061467578930663,0.042589165437537504,0.001609562362819834,0.5,0.008311095286388787
789,0.0,0.008333387972215162,0.040891031614120374,0.001575087957909298,0.5,0.010256256450686538
790,0.0,0.05117677254857085,0.04147433942420427,0.0019411450615734794,0.5,0.013626847602427005
791,0.0,0.08262275054549362,0.042826784374769264,0.003390910100493142,0.5,0.031372142626958734
792,0.0,0.006054468723711909,0.03924395960736617,0.0013831637823022902,0.5,0.007022794336080551
793,0.0,0.008909111179170938,0.03800756604033342,0.001500334333977662,0.5,0.009851247519254685
794,0.0,0.00810044825408845,0.03659472650794384,0.001298130336799659,0.5,0.006695006936788559
795,0.0,0.009637952848191123,0.036036968202036446,0.0012922363390680403,0.5,0.006519488245248795
796,0.0,0.04095375489486529,0.03795673192844913,0.002214834336856646,0.5,0.017295711168221064
797,0.0,0.010068249214100603,0.0369114651891311,0.00140115101239644,0.5,0.008456041142344474
798,0.0,0.008269616018460265,0.036118623750734755,0.0012779158406192436,0.5,0.006421148926019669
799,0.0,0.0070808493537602235,0.03635436995144615,0.001426701220528533,0.5,0.008503481497367222
800,0.0,0.008264386800718886,0.03690780083653952,0.0015098760343300035,0.5,0.009151534621532146
801,0.0,0.011022580596751342,0.03696629318262798,0.0014466389979201336,0.5,0.011255600938090572
802,0.0,0.04874003292314079,0.03808113914582044,0.001783596294574506,0.5,0.012203741020389966
803,0.0,0.009127784246325241,0.03657587483265343,0.001335283421794884,0.5,0.007109067067503929
804,0.0,0.014510204364958396,0.036170808594351955,0.0013545190909644588,0.5,0.007877266481518746
805,0.0,0.007320991463600552,0.036031584833396746,0.001411333908326924,0.5,0.008240156173706055
806,0.0,0.012282125939833966,0.035268820263384404,0.0012634819746017456,0.5,0.00812820628285408
807,0.0,0.008381502125497682,0.034358433620071106,0.0011529877397697418,0.5,0.0061550898849964146
808,0.0,0.009861050697418385,0.034082467961212275,0.0011913540062960238,0.5,0.006764532327651978
809,0.0,0.00989339344690863,0.033918165463371834,0.0012120606028474868,0.5,0.007107050120830536
810,0.0,0.00939074825667524,0.033603997660686925,0.0011400737729854882,0.5,0.006680193096399307
811,0.0,0.05247064396144201,0.03602970689051147,0.0018124155542830489,0.5,0.010876924489383344
812,0.0,0.04708642134811539,0.03616210014664307,0.0014999841939872848,0.5,0.010171547532081604
813,0.0,0.007124956987567921,0.03380682758326535,0.0010540253372164443,0.5,0.0044910327345132825
814,0.0,0.007826430917980095,0.03368033884554054,0.0011513231153367088,0.5,0.004274275004863739
815,0.0,0.00613461942300152,0.03327280782853814,0.0011216011369833722,0.5,0.00484525591135025
816,0.0,0.0071864988460171066,0.03261091423340797,0.001041599910822697,0.5,0.003529117926955223
817,0.0,0.007130791856585592,0.03227058119030739,0.0010358740529045462,0.5,0.0029754895716905595
818,0.0,0.008344942646922326,0.031763548668672384,0.0009945271955803037,0.5,0.004154868423938751
819,0.0,0.03697399702523731,0.033162722334364084,0.0013764501103044797,0.5,0.007702287410696348
820,0.0,0.006209097643206911,0.032636732267406925,0.0010882989748275465,0.5,0.003581382795092986
821,0.0,0.007114519415082438,0.03205765877158149,0.0010243662568973377,0.5,0.003433047607541084
822,0.0,0.009487426808719382,0.032257287255703725,0.0011181423132074998,0.5,0.004094608649611473
823,0.0,0.007010215220574088,0.031893009746823686,0.0010681502002989874,0.5,0.003692289590835571
824,0.0,0.024108357003246452,0.03209410955895252,0.00129622186597606,0.5,0.011843265457586809
825,0.0,0.006125052258030388,0.031935548059038185,0.0010625142109347506,0.5,0.0035917601734399797
826,0.0,0.03580139023979377,0.03261176080733394,0.0026157971296925098,0.5,0.03562438301742077
827,0.0,0.006754164564161168,0.0317325808423396,0.001023364458233118,0.5,0.004371417239308357
828,0.0,0.015636035922558807,0.031917596087164775,0.0010649995593768028,0.5,0.004726593101781512
829,0.0,0.006669792745630884,0.030804999146656097,0.0009138451906619594,0.5,0.004050619378685952
830,0.0,0.01156570700117631,0.030851428491038103,0.0009637487813597545,0.5,0.006511016264557839
831,0.0,0.004966493489936288,0.03103635254997429,0.001032266704714857,0.5,0.004403810165822506
832,0.0,0.008348042761978794,0.03076275391683461,0.0010019031475530938,0.5,0.0048638805747032166
833,0.0,0.011122080968154362,0.030382818925033524,0.0009202702826587483,0.5,0.003840526193380356
834,0.0,0.0056385430464132216,0.031110349543119174,0.0011565436818636954,0.5,0.006942472718656063
835,0.0,0.004518731695818281,0.030806440095860924,0.000943523074965924,0.5,0.004303711865629468
836,0.0,0.005207787817988479,0.029931392027062895,0.0008940983773209155,0.5,0.00383957140147686
837,0.0,0.005312627200765928,0.029913817304390328,0.0009312862095546471,0.5,0.004068881991397904
838,0.0,0.012460507282451027,0.029135155117464992,0.0008411050727590918,0.5,0.004074889346957207
839,0.0,0.008756906389505159,0.029086752378668757,0.0008376575843431056,0.5,0.0032366051152348516
840,0.0,0.013013009453756712,0.029384447106225307,0.0011086351945638084,0.5,0.008467182230490904
841,0.0,0.005540696102012539,0.029136029916151537,0.0008840219007106498,0.5,0.0037387365102767942
842,0.0,0.005913309857476548,0.029064642913297946,0.0008595427364343777,0.5,0.003613933175802231
843,0.0,0.005778428547403452,0.02878051997166186,0.000826754723675549,0.5,0.003004153370857239
844,0.0,0.006029641105559105,0.028118487750478673,0.0007688235165551305,0.5,0.003824750781059265
845,0.0,0.005687166783075779,0.02828700528319243,0.0008374213962815701,0.5,0.003954337537288665
846,0.0,0.016388669904140722,0.028464261851678985,0.0008370650530559942,0.5,0.004472555033862591
847,0.0,0.0049052370530598445,0.028093642812701696,0.0007754590979311615,0.5,0.0030367333441972733
848,0.0,0.0043220748585227385,0.0282807620059002,0.0008295289700417297,0.5,0.003455309903827207
849,0.0,0.010622986477245676,0.029021334458011635,0.0008897794713266194,0.5,0.0035488735511898994
850,0.0,0.0058174296177363,0.028193156981074923,0.0007925051427446306,0.5,0.0031862381100654603
851,0.0,0.005020985561006408,0.027768926414403355,0.0007567979727173224,0.5,0.0023897338658571245
852,0.0,0.03888156133871341,0.02944568123935657,0.0012225498771294952,0.5,0.010789479948580266
853,0.0,0.00452588041897245,0.027830385429662985,0.0007306831952882931,0.5,0.0028580046445131303
854,0.0,0.004171313368380341,0.027973600864902363,0.0008472438820172102,0.5,0.0036079428717494012
855,0.0,0.02639052623249341,0.028378445417705577,0.0008559458964737132,0.5,0.0050416703522205356
856,0.0,0.004190342045339302,0.02801278888191506,0.000811040074331686,0.5,0.003100688084959984
857,0.0,0.004647912777390579,0.02737043147545567,0.000751088498509489,0.5,0.0031327338516712188
858,0.0,0.013452189470156998,0.027715779321389203,0.00105603940425102,0.5,0.008013330061327328
859,0.0,0.15400356225572442,0.03159641102958371,0.0016365215875047408,0.5,0.015620334924739084
860,0.0,0.002134085552032059,0.028994716965421656,0.0008058562618680298,0.5,0.004447322525084019
861,0.0,0.04087978006969435,0.029867739446178317,0.0012979529897815415,0.5,0.010622812168938773
862,0.0,0.0019704676508354086,0.0278249413645048,0.0007194817118579521,0.5,0.003294926472008228
863,0.0,0.002900808448213229,0.027217448425402812,0.0007385093561606482,0.5,0.002950650788843632
864,0.0,0.004964224003768034,0.027244581535880646,0.000789770547999069,0.5,0.0040175731480121615
865,0.0,0.0030863658855949504,0.026312699840358503,0.0006654555292334407,0.5,0.0024237871170043946
866,0.0,0.0035566625110733975,0.026780508033051067,0.0008352494249785585,0.5,0.004040507998849664
867,0.0,0.0043933852327825975,0.02748120477826146,0.0008064653653289295,0.5,0.0032163714783059226
868,0.0,0.004102590831767267,0.02700474183225484,0.0007567193533759564,0.5,0.0034383858740329744
869,0.0,0.040123726409906135,0.029094822981576104,0.0013463206976370582,0.5,0.01053820775691853
870,0.0,0.002908507293051979,0.028692165074530932,0.0008589402383777423,0.5,0.003926266931881339
871,0.0,0.007158775979807139,0.028220010108396466,0.0008188596331967494,0.5,0.003803670355999792
872,0.0,0.01565896139301969,0.02743820216259506,0.0007816902420017868,0.5,0.00534782525151968
873,0.0,0.0023595083691375657,0.02735702684490341,0.0007642766984645277,0.5,0.0029768447391688825
874,0.0,0.0018585366803856335,0.02666011071340857,0.0007348075608024373,0.5,0.004260702691972255
875,0.0,0.002941492172620015,0.02616292603927088,0.0006725652504246682,0.5,0.002162250094115734
876,0.0,0.0797918835964845,0.028654423473426022,0.0010593014315473943,0.5,0.007274802546111905
877,0.0,0.0021276950700709037,0.02654429727237198,0.0006532638450153172,0.5,0.002659554984420538
878,0.0,0.002248876687491418,0.02652778942312363,0.0007551081007113681,0.5,0.0026628740504384043
879,0.0,0.00248077831876154,0.02552735513693052,0.0006239265180192888,0.5,0.0027580245211720465
880,0.0,0.009856900448384255,0.025943923130669285,0.0007143421930959448,0.5,0.0025021493434906005
881,0.0,0.003511783512122992,0.02603439780849556,0.0007136756071122363,0.5,0.003347353897988796
882,0.0,0.004364550610301378,0.02595025476105478,0.0006974926852853969,0.5,0.0027369586657732727
883,0.0,0.0031941420519601867,0.026129924883293736,0.0007202200072039085,0.5,0.0033877635402465934
884,0.0,0.0032766119511735076,0.025401116454256262,0.0006415864959126339,0.5,0.002763735204935074
885,0.0,0.005620404580879549,0.02562038091135305,0.0006967006821651012,0.5,0.00433471386320889
886,0.0,0.003131947747995617,0.02485361591016825,0.0005933391000144183,0.5,0.0017626257985830307
887,0.0,0.00296622892824177,0.02463897611848662,0.0006075705803232267,0.5,0.002257824642583728
888,0.0,0.0030057111497704824,0.025401692058969937,0.0007081464846851305,0.5,0.004166578650474548
889,0.0,0.004580245882770304,0.025781305431534576,0.0007146716769784689,0.5,0.0033254780434072016
890,0.0,0.003046208130391596,0.026221818758272022,0.0007689110795035958,0.5,0.003203339651226997
891,0.0,0.010665191559487721,0.024864100669566607,0.0005790187773527577,0.5,0.001971432827413082
892,0.0,0.002570981375959973,0.024892334164610924,0.0006358106114203111,0.5,0.00250405203551054
893,0.0,0.013492062224743778,0.024525398447851298,0.0005959317286033184,0.5,0.0019505681842565536
894,0.0,0.03084325105696338,0.025447933167974196,0.0018070767691824585,0.5,0.013301250835259756
895,0.0,0.015133224664411398,0.025754431079918646,0.0007484970883524511,0.5,0.00449958685785532
896,0.0,0.002856821003674325,0.024509249240840233,0.000579462563036941,0.5,0.0014623307064175605
897,0.0,0.002585061210899322,0.024023704245742107,0.0005641249303395549,0.5,0.001358342667420705
898,0.0,0.00271255164658416,0.02380913353872152,0.0005663347674999386,0.5,0.0019799888879060744
899,0.0,0.004343095802133634,0.024072192681840788,0.0006112081903847866,0.5,0.0017867720685899257
900,0.0,0.0313089494123617,0.025500302972107886,0.0007714944240229016,0.5,0.004423416334758984
901,0.0,0.002097233031839426,0.024601212697317628,0.0006130494645913132,0.5,0.0027906565461307763
902,0.0,0.002588006690008678,0.023535124310106924,0.0005337244921247475,0.5,0.0017596271634101868
903,0.0,0.0037744168540951146,0.02458152155955603,0.0006563012572587467,0.5,0.0018491903506219387
904,0.0,0.0031015023417745756,0.023793342759644367,0.0005602477831416763,0.5,0.0014628341794013977
905,0.0,0.0032685865578298812,0.02412270090815761,0.0006376255557618358,0.5,0.001965586942705241
906,0.0,0.017406712103043488,0.02589720885269862,0.0008780973881948739,0.5,0.004898235164582729
907,0.0,0.008430584918595194,0.025446734018132983,0.000629071261878503,0.5,0.003765934524503914
908,0.0,0.015145030121613343,0.02455693491407184,0.0005893949692836032,0.5,0.0022795409336686134
909,0.0,0.0022317258747689534,0.023945766905210598,0.0005871224170550704,0.5,0.002943781716749072
910,0.0,0.002180949594940726,0.023393146988673945,0.0005429446283960715,0.5,0.0012975462526082992
911,0.0,0.005859104072978658,0.02373006882821951,0.0008255005232058465,0.5,0.005011222511529923
912,0.0,0.00319555470364242,0.023324237919887598,0.0005419541947776452,0.5,0.002383104646578431
913,0.0,0.003176675685019193,0.02332720668034889,0.0005482415823886792,0.5,0.0014626596260953833
914,0.0,0.002563993282500535,0.023183094135216704,0.0005308615416288376,0.5,0.0013025294989347457
915,0.0,0.03459443070263717,0.02466272888071921,0.0009118859664643727,0.5,0.007231323902184765
916,0.0,0.006225783121034433,0.023775308631579152,0.0005497584949195271,0.5,0.0031302400047377664
917,0.0,0.002475355585996529,0.02354684826083613,0.0005737157199439745,0.5,0.0018957891219923662
918,0.0,0.003970351211512431,0.022995015548717617,0.000514779980876483,0.5,0.0018718861974775791
919,0.0,0.002245329556771981,0.022465932959398426,0.00048666854621842503,0.5,0.0012517673522233963
920,0.0,0.01138989104525883,0.02485104175732351,0.0008169323459151201,0.5,0.0041412427462637425
921,1.0,0.1812179299365202,0.02874749481952733,0.002165468983925743,0.5,0.029312516857938068
922,0.0,0.0036893770151508235,0.02572148149293767,0.0005917381084873341,0.5,0.0021416744589805603
923,0.0,0.010978615689686173,0.025870690405155033,0.0009220306902924287,0.5,0.012261934578418732
924,0.0,0.0073382882378626195,0.024113736638715886,0.0005567220418015495,0.5,0.0030908648669719695
925,0.0,0.004251530030960543,0.024018594655499173,0.0006271529718651437,0.5,0.002332763671875
926,0.0,0.006303087197180873,0.024501540980807153,0.0006404606477008201,0.5,0.002328677922487259
927,0.0,0.005270831995217878,0.02363022023530804,0.0005406291098915972,0.5,0.0020981309562921524
928,0.0,0.004946350541813791,0.023545579665810924,0.0005819706968031823,0.5,0.003039639852941036
929,0.0,0.005619099787442633,0.02324091306205445,0.0005407503538299352,0.5,0.002113845646381378
930,0.0,0.010887459336769854,0.023399196261565003,0.0005525606297305786,0.5,0.0027879241853952406
931,0.0,0.005806060779429287,0.023807847016034226,0.0006215919420355931,0.5,0.00246291421353817
932,0.0,0.0057194075822867224,0.022621952316760917,0.0004797947930637747,0.5,0.0020710524916648866
933,0.0,0.009715430407568485,0.02330479607208284,0.0006023605249356478,0.5,0.00293354295194149
934,0.0,0.005184938685048435,0.023185409274111092,0.0005829434821498581,0.5,0.002278347387909889
935,0.0,0.006850125786028262,0.024057781214716124,0.0008186014160385419,0.5,0.005050551274727131
936,0.0,0.0042864069125814344,0.024013066943870922,0.0007594993131351658,0.5,0.0049024875089526175
937,0.0,0.04064256922960309,0.024956242256123966,0.0009114933016366864,0.5,0.00879724637458199
938,0.0,0.004238138547861647,0.02378812690475971,0.0005938321733265184,0.5,0.002122071571648121
939,0.0,0.0056862574525312895,0.023773899599396933,0.0005997379541382074,0.5,0.0052234137490872416
940,0.0,0.004414778195203477,0.02347080408781042,0.0005996266033616849,0.5,0.002545408606529236
941,0.0,0.00418814102426906,0.022504325586680373,0.0004878610678133555,0.5,0.0016756930202245712
942,0.0,0.005049477880739242,0.022817043576574422,0.0005632729246281087,0.5,0.0023956068605184553
943,0.0,0.004553625814914448,0.022189063883958162,0.00048143124498892573,0.5,0.0023439153283834457
944,0.0,0.00447119644780587,0.02288227569875144,0.0006100191182640353,0.5,0.003320130265571854
945,0.0,0.005324401702258784,0.02301366099426873,0.0005776746568153612,0.5,0.002255121357738972
946,0.0,0.005021664906056329,0.023069237007655705,0.0005786203607567586,0.5,0.002416388429701328
947,0.0,0.005044814529953825,0.02273517510534177,0.0005244514116049303,0.5,0.0023767957954030287
948,0.0,0.004400907078732225,0.022745602410557432,0.0005600111227249727,0.5,0.0024845705553889273
949,0.0,0.016541723301125476,0.023000586097858246,0.0008813327634319043,0.5,0.01184843418498834
950,0.0,0.005385973097404865,0.024305873232326573,0.0008090029017087849,0.5,0.006182873932023843
951,1.0,0.13160109790305566,0.02807623645553773,0.0017697120292723412,0.5,0.021499995219831664
952,0.0,0.008027952831622673,0.02462673086359738,0.0005412876280024648,0.5,0.0030954515188932417
953,0.0,0.0058917324551748486,0.02426186980026594,0.0006614556448766961,0.5,0.005436105504631996
954,0.0,0.005849235257196671,0.023586175360203757,0.0004900375669165395,0.5,0.005035757636412596
955,0.0,0.00582783864053834,0.02292374354763319,0.0005556610765052028,0.5,0.0036450808495283125
956,0.0,0.006969296297245762,0.023131563590465854,0.0006088246012222954,0.5,0.004505270794034004
957,0.0,0.006998681380277991,0.022396927106676835,0.0005058790920884348,0.5,0.003376428559422493
958,0.0,0.09800752303781854,0.02508423895463159,0.0008590455931287421,0.5,0.008628711671285007
959,0.0,0.005895489070532537,0.02364903736288842,0.0005482524575199932,0.5,0.003987368531525135
960,0.0,0.007852658170944276,0.023633047558107332,0.0005998374006284916,0.5,0.003947507352270978
961,0.0,0.007137267354969483,0.0235091520875558,0.0005629868417223595,0.5,0.0056603083322788105
962,0.0,0.00667964204031334,0.024231381964053587,0.0006745646108517095,0.5,0.004059777277357438
963,0.0,0.0057917867553393815,0.02309780478689729,0.0005441101716132835,0.5,0.0032743816077709198
964,1.0,0.11214583865881506,0.025239527997308487,0.0013976600469480193,0.5,0.026721403002738953
965,0.0,0.34006745836804564,0.03079327173810723,0.00203170594264919,0.5,0.026796695100118038
966,0.0,0.003182992310017262,0.025618676503444553,0.0005320857962942682,0.5,0.003896494582295418
967,0.0,0.004335051062967116,0.024924035717756317,0.0005654297201544978,0.5,0.005467337866624196
968,0.0,0.0053336707902478546,0.024440840295823236,0.0006735380432203512,0.5,0.004714746128868412
969,0.0,0.22260331375122216,0.03314584303134473,0.002161633944043013,0.5,0.016164667816723093
970,0.0,0.004492379427595947,0.030693671927608534,0.0007083469315910259,0.5,0.004926901209998775
971,0.0,0.0036590585054939997,0.026941776449227055,0.0006792034913087264,0.5,0.0034184443205595018
972,0.0,0.004937260945419791,0.024557106459507747,0.0005477759134373628,0.5,0.0027909812331199644
973,0.0,0.05400847825989524,0.02618076853158885,0.0013809553820465226,0.5,0.01882590229312579
974,0.0,0.2206399168002002,0.034042919463048146,0.011184525172351502,0.5,0.07586774803124942
975,0.0,0.0019331294506546093,0.026909180552189098,0.0005434067637543194,0.5,0.0030946289747953415
976,0.0,0.004534537037942789,0.025558857042174317,0.0006846161744430323,0.5,0.004557226482149843
977,0.0,0.05108810829061956,0.02631190223033796,0.001183245600575743,0.5,0.018627353336500084
978,0.0,0.16976652219934207,0.031291595592488675,0.0037471294810529797,0.5,0.035242685675621034
979,0.0,0.008040622448306426,0.02926945332635103,0.0005624996774713509,0.5,0.005471932834812573
980,0.0,0.05534643469761994,0.030105531097716947,0.0022751474882372552,0.5,0.043070852756500244
981,0.0,0.0009048609231779439,0.027119344123166883,0.0007948491664137691,0.5,0.006030179262161255
982,1.0,0.363722106193068,0.03290927090940751,0.0032792873505968602,0.5,0.05437024943530559
983,1.0,0.29129533410590924,0.038599149396963156,0.004307149670785293,0.5,0.04650234412401914
984,0.0,0.004870301371975504,0.03390654212421144,0.000767942067492792,0.5,0.006916218437254429
985,1.0,0.20412851725591796,0.03803864950870666,0.002455870626384721,0.5,0.022417545844526852
986,0.0,0.008268726915575644,0.035024046635417985,0.0008927585149649531,0.5,0.01017988579613822
987,0.0,0.005981161237176278,0.03331918966705297,0.0006922890346399264,0.5,0.012832550626052054
988,0.0,0.0032621736756383124,0.027666745571771637,0.00067692357377382,0.5,0.005145794749259949
989,1.0,0.24840961722109442,0.03428035832328956,0.003919740432008568,0.5,0.038064145970912205
990,0.0,0.007105900641045707,0.031118869226962758,0.0007916408413054667,0.5,0.007825793241554836
991,0.0,0.0077866269183588036,0.028840904051194802,0.0008523325153510086,0.5,0.005620032250881195
992,0.0,0.008621058801106129,0.028290787712022272,0.0008737260660589591,0.5,0.007021055932630573
993,1.0,0.3807976403513041,0.03698695488733816,0.0069283305430352425,0.5,0.07485596888831683
994,0.0,0.26104616323236457,0.04550587241808982,0.0038802711752741114,0.5,0.023048875318176443
995,0.0,0.005079533266922739,0.03289517002102073,0.0007070285460213199,0.5,0.006965862810611725
996,0.0,0.14590236518187225,0.03462910921045938,0.0022214370033576745,0.5,0.02858310666951266
997,0.0,0.004743058498282402,0.029823473592435493,0.0009906229993794113,0.5,0.009355479925870895
998,1.0,0.23158931125739374,0.03547066085566686,0.004810828447995347,0.5,0.04855203628540039
999,0.0,0.10145201644502974,0.035998082226621916,0.0022401779763943828,0.5,0.021355515789417995
1000,0.0,0.016444318354877127,0.03469269393759382,0.0011094236296440403,0.5,0.016436457060850583
1001,1.0,0.09308666449836087,0.0381087133933026,0.003816032946148577,0.5,0.03301505893468857
1002,1.0,0.09301019866905125,0.03952757068617539,0.003691782629445057,0.5,0.03289851270340107
1003,0.0,0.16420094109794497,0.039868435533346853,0.002800441876752302,0.5,0.06126120686531067
1004,1.0,0.15758578628299694,0.042963210071641666,0.0038323221015161835,0.5,0.023902169295719693
1005,1.0,0.1745149533903717,0.045219607465929505,0.007010038534644991,0.5,0.05908324168278621
1006,1.0,0.2169846839160402,0.048439428863393676,0.0034789588867819737,0.5,0.04003719833432412
1007,0.0,0.08406326983230808,0.04653024478090616,0.0020370934446538357,0.5,0.03494072744720861
1008,0.0,0.03341224000136982,0.04269674803381005,0.0014127543564730635,0.5,0.023863268395264942
1009,0.0,0.09488433225595982,0.04274519748934975,0.0031073712307261303,0.5,0.07526537403464317
1010,1.0,0.1652567315801466,0.04992942403829818,0.015395557955623819,0.5,0.060172940676028915
1011,0.0,0.038254245087697536,0.046949730286223346,0.0017716700094752014,0.5,0.029699155972117468
1012,1.0,0.1296230574264827,0.0521851158028931,0.008165927422232926,0.5,0.04669223606586456
1013,0.0,0.054293715323689276,0.050660948303981476,0.0026252466302953267,0.5,0.038717343618995266
1014,0.0,0.014846063838476855,0.046989146830200654,0.0008437867303762366,0.5,0.020513098029529348
1015,1.0,0.06606549157003574,0.0476937437417389,0.005366831013816409,0.5,0.062143195420503616
1016,0.0,0.0012562546305864102,0.04185825649054314,0.0010437291348353028,0.5,0.011292723566293716
1017,0.0,0.002207667271318966,0.03533259473929841,0.0008133168487499157,0.5,0.007853786647319793
1018,1.0,0.07085999954107919,0.03677026055971247,0.0030615953544742966,0.5,0.022903874908622942
1019,0.0,0.16195947526012372,0.04020851275033009,0.004769377359480131,0.5,0.058605252454678215
1020,0.0,0.11298305550761613,0.04039376614211397,0.002335581832864721,0.5,0.027890912833667937
1021,0.0,0.1831206947620431,0.040915692580995644,0.003692232094181236,0.5,0.0804569162428379
1022,0.0,0.15984726685013104,0.044436553449547875,0.004801356863817605,0.5,0.05554050271925719
1023,0.0,0.024873964342667646,0.0423809114463081,0.0022004118979496593,0.5,0.01965500099154619
1024,0.0,0.10093442893592533,0.044186579086211764,0.005029086323562437,0.5,0.05976283091765184
1025,0.0,0.01696990104305575,0.040217420078174415,0.0014328757839393801,0.5,0.014649458229541779
1026,0.0,0.00033900459841418025,0.037613727908288395,0.0010127919418404677,0.5,0.011825264032397951
1027,1.0,0.27099291812226983,0.05162055237087684,0.014191969588864595,0.5,0.08375973999500275
1028,0.0,0.01012588867522454,0.045972007919642524,0.0006403295992640778,0.5,0.010858922575910887
1029,0.0,0.19039056435580848,0.04945756754032217,0.007725382026466023,0.5,0.08676083634297053
1030,0.0,0.23587721581659218,0.05064918419251908,0.006170377237140201,0.5,0.06708757703502972
1031,0.0,0.006391696038242666,0.046195286868441814,0.0009707715716617911,0.5,0.013827895340712174
1032,1.0,0.11063912964310806,0.04925645400248044,0.00769825460932528,0.5,0.07548134525616963
1033,1.0,0.25167814847086245,0.0572760128933474,0.015014615923926038,0.5,0.07621736902939646
1034,1.0,0.15950841182061792,0.05716821258929256,0.005471022526762681,0.5,0.035573482513427734
1035,1.0,0.19609614754573287,0.057692272847546425,0.006834620386003875,0.5,0.060494426924448744
1036,0.0,0.17645091628937615,0.053439745915541126,0.003942878365668715,0.5,0.034697470616321176
1037,0.0,0.13525910721272205,0.05456333152996121,0.005641390474537681,0.5,0.05329496844818717
1038,0.0,0.0742106736778344,0.05338870175612635,0.003413551898362736,0.5,0.04739140768845876
1039,0.0,0.05477729459639899,0.05172535401043395,0.0014561843256362611,0.5,0.03564335736963484
1040,0.0,0.016245632076356258,0.04977880810108889,0.0013400804124433887,0.5,0.029536671259186485
1041,0.0,0.0022818616253951858,0.04832030535929096,0.0017880854235651593,0.5,0.024961515019337337
1042,0.0,0.1816389485413149,0.054020421012556386,0.009239013820271274,0.5,0.057256577270371575
1043,1.0,0.2531749759412051,0.061883613617970526,0.011848607126012212,0.5,0.06182052846997976
1044,1.0,0.3335087428589084,0.07712510470163798,0.025050068124825055,0.5,0.09323177065538324
1045,0.0,0.025485875341879162,0.06583746377396026,0.002184048416425607,0.5,0.02402935496398381
1046,0.0,0.011722890745460993,0.06300217580300504,0.0023839671585637215,0.5,0.02995050411957961
1047,0.0,0.025069269704551898,0.06050238725508896,0.003371004925741415,0.5,0.045186341873237064
1048,0.0,0.02402723507713503,0.058471162370078225,0.0035800644182018004,0.5,0.03791335970163345
1049,0.0,0.1596844241614584,0.06539155168979378,0.011489067206576723,0.5,0.06401272169474898
1050,0.0,0.06636984816881358,0.06328341275299991,0.004077778048667824,0.5,0.0381303783506155
1051,0.0,0.008283543863192631,0.05979887074600323,0.0014972436788062064,0.5,0.021679901159726657
1052,1.0,0.031055423567372262,0.06130027640322424,0.007993774597222607,0.5,0.031411739687124886
1053,0.0,0.02841522895259487,0.057018044346767514,0.0035742760629322873,0.5,0.02317289895606491
1054,1.0,0.13392129906761233,0.07553582499253897,0.02672649946907768,0.5,0.06488638433317344
1055,0.0,0.07938211274668233,0.07254053138887773,0.005443239563120235,0.5,0.04617298904218172
1056,0.0,0.07132119852416102,0.07141378771935747,0.00572365984650484,0.5,0.05095318332314491
1057,0.0,0.07254412823592304,0.0701278609934315,0.006278348318301141,0.5,0.05321462750434876
1058,0.0,0.07035518518046718,0.06956426167973787,0.005949992104433477,0.5,0.04715857654809952
1059,0.0,0.027858377978077373,0.06483697038684098,0.003921643765643239,0.5,0.03236558556556702
1060,1.0,0.07724741767009795,0.06535015496766684,0.008773671996702129,0.5,0.06965872024496396
1061,1.0,0.14823004004523604,0.06684983258303705,0.010443234593946148,0.5,0.08200632713057777
1062,0.0,0.028255062601877743,0.0620834356915461,0.0012945537959846358,0.5,0.02196279466152191
1063,0.0,0.017989993546634043,0.05803514556272898,0.0028812705625213034,0.5,0.030068604194599648
1064,1.0,0.17839877761498424,0.06169011328231836,0.009798693498757121,0.5,0.054394193764390614
1065,0.0,0.033122187819612806,0.0590927494417763,0.0025023321722983383,0.5,0.021759568713605404
1066,0.0,0.01701648627306985,0.05898238066395199,0.005075499278438442,0.5,0.039035927723435795
1067,0.0,0.014046904939089255,0.05840796853843691,0.004422690534707287,0.5,0.026495151992501884
1068,0.0,0.03809701467276801,0.05743568994617827,0.004876093594992364,0.5,0.03786000406200236
1069,0.0,0.14154247162147987,0.0607224502642197,0.011188076999193679,0.5,0.08348820904890696
1070,0.0,0.07420054485831945,0.06081234107874479,0.005992426065495238,0.5,0.04093544483184815
1071,0.0,0.06436609543694656,0.06070601568488249,0.0059260166541207585,0.5,0.049095892906188966
1072,0.0,0.0844237414417901,0.061627547403609415,0.007838674522645306,0.5,0.05990695580840111
1073,0.0,0.02931723447908205,0.060621963666714476,0.00477956619579345,0.5,0.03926419753294725
1074,0.0,0.005063526937202254,0.058060544223291786,0.0016265195974318142,0.5,0.020992303436452694
1075,1.0,0.13242714760538715,0.06695012644607662,0.019552887049940182,0.5,0.08835339546203613
1076,1.0,0.060421773288010495,0.06657420820237026,0.008358871021879499,0.5,0.0398350791497664
1077,0.0,0.031008239102796074,0.06369358839657326,0.0016874742868822068,0.5,0.027258618175983428
1078,1.0,0.07517464002748207,0.06684600560649677,0.016662637889385223,0.5,0.07948075234889984
1079,1.0,0.034522991358854956,0.05694007477263832,0.0030388784326365863,0.5,0.01778289949407383
1080,0.0,0.2025354436285841,0.06052185423261451,0.010943713496089913,0.5,0.0802368551492691
1081,1.0,0.2180639223365858,0.07249473884221383,0.022372786244175033,0.5,0.0661032083241836
1082,0.0,0.24771597826554337,0.06978257030129568,0.007088992010554945,0.5,0.04924493693575567
1083,1.0,0.04180727545863768,0.06469229078364816,0.0047914251079098046,0.5,0.028001346570603988
1084,0.0,0.23949423524487784,0.06795748611673968,0.010577881516998304,0.5,0.06048732031794155
1085,1.0,0.23959953631220784,0.06964749508743813,0.011626277594283843,0.5,0.0729068045814832
1086,0.0,0.02363170753834595,0.0585377180069354,0.0023830253800648884,0.5,0.017955959774553776
1087,0.0,0.037355021845933076,0.05738180243407695,0.0044983689331274945,0.5,0.043864378705620766
1088,0.0,0.11396314529180146,0.07343401168466736,0.021611279219671684,0.5,0.056813707309109826
1089,0.0,0.14770862315185515,0.07361150064013694,0.009616757335606962,0.5,0.09167588298971002
1090,1.0,0.2276700696068025,0.08130754648620965,0.01859400301085164,0.5,0.0842087771743536
1091,0.0,0.3260163105932975,0.0866485679204568,0.021142457061124824,0.5,0.11375838632767017
1092,0.0,0.2065819815281061,0.0853184559837074,0.00929516826559288,0.5,0.07384888140054849
1093,0.0,0.1451776084187595,0.08231373861338444,0.002268686632825328,0.5,0.044016825301306586
1094,0.0,0.1154167977621806,0.08194512567852213,0.009405867313034832,0.5,0.08256525439875466
1095,1.0,0.06568457742612498,0.08099847641378123,0.010134115381515586,0.5,0.06135648787021637
1096,0.0,0.01176775456879312,0.07402697304554186,0.005280290767060299,0.5,0.033859176463202426
1097,0.0,0.13401128492798256,0.07715708248051412,0.013972098822705448,0.5,0.08716276288032532
1098,1.0,0.32587070437620114,0.08166285356321214,0.024498520739143714,0.5,0.15122636258602143
1099,0.0,0.15544842958670477,0.0892299802147529,0.024265215821000503,0.5,0.06144284731463382
1100,0.0,0.06657516332628058,0.08178760040576989,0.007101045786965124,0.5,0.03907498357624843
1101,1.0,0.033315121316942614,0.0830310241011965,0.01575563392971697,0.5,0.0492830530685537
1102,0.0,0.05887217922897623,0.08174303682919991,0.007779806516029769,0.5,0.08156226409806146
1103,1.0,0.08290999275450342,0.08529070308873507,0.02208519194391556,0.5,0.0682711514333884
1104,1.0,0.03408813030792458,0.09039773405581256,0.022456084488011483,0.5,0.0505195450451639
1105,0.0,0.001339944675319566,0.08244971236465419,0.0020685719449401777,0.5,0.028508765732540804
1106,0.0,0.009783185353898811,0.07526591913393713,0.0038258769466968565,0.5,0.030789608756701153
1107,0.0,0.08896433321307035,0.07487436100802188,0.010261703423518492,0.5,0.0656573192069405
1108,1.0,0.05453792930865914,0.07301757901054468,0.008098597443142138,0.5,0.04922398135942571
1109,1.0,0.060410299378116164,0.06943913474357129,0.006685890211883816,0.5,0.03948135860264301
1110,1.0,0.16576275455056683,0.07306621752883892,0.016287071028879534,0.5,0.09714600816369057
1111,1.0,0.06793579695388352,0.07089644111557468,0.007896301036234945,0.5,0.043969351649284366
1112,1.0,0.2605702777489146,0.07954253163964414,0.027498112396902537,0.5,0.11628979231630053
1113,0.0,0.06718753577303446,0.07535816839628962,0.005311049372804436,0.5,0.0504831156947396
1114,1.0,0.08028888385609757,0.08185341899060004,0.027821254955294233,0.5,0.062225356698036194
1115,0.0,0.2776873295120492,0.08888597577622749,0.023734472005162387,0.5,0.13634535868962605
1116,0.0,0.17264367428581556,0.09720205202154247,0.02528787164324471,0.5,0.08312108706344258
1117,0.0,0.25806438363317086,0.09948903104282213,0.018082699776501752,0.5,0.09607628446358901
1118,0.0,0.09463129692645934,0.09082102144208917,0.009535705540994449,0.5,0.0445559024810791
1119,1.0,0.10914223704194403,0.0864183436509689,0.01052494222844521,0.5,0.058546338516932264
1120,0.0,0.20618286355347681,0.09209404090898429,0.027236564938599866,0.5,0.09992649157842
1121,1.0,0.14202966851945778,0.10012335240793185,0.021410909497977366,0.5,0.06516382311071668
1122,1.0,0.03699811557852707,0.09150806426248352,0.00776718892246628,0.5,0.041711948812007904
1123,0.0,0.02093957226265267,0.08575729146471998,0.0050332579703535885,0.5,0.04542174004018307
1124,0.0,0.006444539649629488,0.07372672140577391,0.003028968223864495,0.5,0.02350463740753405
1125,0.0,0.25254634173067225,0.08125705295745528,0.01985321337174948,0.5,0.09893921665523363
1126,1.0,0.09234447594520986,0.0792870813085395,0.00945042585177968,0.5,0.053482028841972354
1127,1.0,0.01300829568673594,0.07417713679866526,0.007583670407378425,0.5,0.02816004753112793
1128,0.0,0.03411120336670497,0.07283566407262905,0.006802599202880326,0.5,0.06691833461324374
1129,0.0,0.11002429935264785,0.07502878471508412,0.015926652165944688,0.5,0.10294154286384583
1130,1.0,0.06192698812978889,0.07464361215734132,0.01058227994196516,0.5,0.058563985994883945
1131,1.0,0.19545856826119576,0.09305617323460774,0.02919632333916901,0.5,0.08503864243112762
1132,0.0,0.08808770781874589,0.09157826087451328,0.014118268221959863,0.5,0.06175836450175235
1133,0.0,0.06645907204856286,0.08997050206079786,0.010063683678809967,0.5,0.06470561938153373
1134,0.0,0.03163387846633412,0.08701670017019335,0.008782337415808191,0.5,0.052892072002093
1135,0.0,0.048015350969767584,0.07408764386025937,0.00516806641694116,0.5,0.026765913787213238
1136,1.0,0.06039839258385851,0.07444261829087936,0.011132095063138487,0.5,0.06524585293872016
1137,1.0,0.34411545879388794,0.08482174016003441,0.03386508044786751,0.5,0.14788466904844558
1138,0.0,0.2605296952203519,0.08372831093141676,0.009017635447283586,0.5,0.06720855997668372
1139,1.0,0.014212493670892183,0.07362553248098261,0.004887832090710564,0.5,0.024188142050715053
1140,1.0,0.01968100214041623,0.06792786238920387,0.005494420621261904,0.5,0.02838311999133139
1141,0.0,0.034568661359131135,0.06711527295108768,0.0066770279394964185,0.5,0.05932594950382526
1142,0.0,0.1417139893712444,0.07106466888263883,0.020623986318241805,0.5,0.11493098586797715
1143,0.0,0.07210023616141434,0.07306865404455366,0.009657362607591178,0.5,0.05793977431629015
1144,0.0,0.10745787330635229,0.07351227332687606,0.011650433395213136,0.5,0.09534314274787903
1145,0.0,0.051884094449505945,0.08155074948836145,0.01990060936400874,0.5,0.048612322520326684
1146,1.0,0.12892112468561942,0.0890192940878824,0.01908275522631205,0.5,0.07852217368781567
1147,0.0,0.31864500969496873,0.09584556227735763,0.027202753128949552,0.5,0.13557111620903015
1148,0.0,0.02588989989001049,0.08815869408359259,0.0053940938484050675,0.5,0.034743256866931915
1149,0.0,0.03160972625808812,0.0853912838317524,0.008674691938462533,0.5,0.05034815129779634
1150,1.0,0.05752723389175325,0.08602388219276276,0.01411456472123973,0.5,0.07813626900315285
1151,0.0,0.023443142540556725,0.08333458776900257,0.0071047062442327535,0.5,0.04458827575047811
1152,0.0,0.04379016196060336,0.08439152647861088,0.015588317914238281,0.5,0.04796400990175164
1153,0.0,0.01621607671666874,0.08037823111814259,0.006097460615963332,0.5,0.03868777108819861
1154,1.0,0.03172101425692293,0.0814446630875305,0.015673938115859137,0.5,0.05929526260920933
1155,0.0,0.025178296147706093,0.07862092447828585,0.006243083892816988,0.5,0.04679001991947492
1156,1.0,0.10932861731349314,0.08166990994077164,0.016287328807475906,0.5,0.05892490996764256
1157,1.0,0.1794037859820819,0.08559979317606474,0.019734743296534622,0.5,0.09200645131724221
1158,0.0,0.040138332527796174,0.08159075185084631,0.005989131055927525,0.5,0.039422687888145444
1159,1.0,0.0707237619992058,0.0839290580131995,0.014004717473749463,0.5,0.06746590608044674
1160,0.0,0.17329988851401223,0.09717901263389694,0.04018335090174029,0.5,0.0943246195713679
1161,0.0,0.10280480554770621,0.0960722327668229,0.015593382108764833,0.5,0.06668227034456589
1162,0.0,0.026949369663137,0.09162789163478537,0.007014208091277396,0.5,0.04490288533270359
1163,0.0,0.10524231719829377,0.0958190618220872,0.019612149519768234,0.5,0.06774114941557248
1164,0.0,0.052081631325739744,0.09236216368838862,0.007519147018543803,0.5,0.048820000428419844
1165,0.0,0.04798790819311445,0.09125232639241111,0.010127691210072953,0.5,0.06922387331724167
1166,0.0,0.07986557830410193,0.09252866871835687,0.016197966193431057,0.5,0.08548134565353394
1167,1.0,0.14349962318449422,0.09527283129862707,0.026462220434041228,0.5,0.10318241268396378
1168,0.0,0.07988277203489849,0.09442855826111826,0.012200148104546735,0.5,0.06245561287953304
1169,1.0,0.022634689127365624,0.09422685180128063,0.017030496667276192,0.5,0.048703766044448406
1170,0.0,0.02657618940098575,0.09384193664169017,0.012080681774144371,0.5,0.06247622867425283
1171,0.0,0.00033588238110388914,0.08588015701121648,0.0050624074900279875,0.5,0.028388302611268085
1172,0.0,0.01904551837432586,0.07846830180701649,0.005467144203766321,0.5,0.03363599742834385
1173,1.0,0.08244437682737951,0.0803782935197256,0.019718241661653986,0.5,0.11475178599357605
1174,0.0,0.3059826245415531,0.08980998431056464,0.02143701995124242,0.5,0.07439914388316018
1175,0.0,0.011317837679944088,0.08164535198850512,0.0043233874577866946,0.5,0.02607840753119925
1176,0.0,0.001287845948556069,0.07527878840398597,0.00431998580461368,0.5,0.026555339043790645
1177,1.0,0.03392920843819193,0.07634433008535516,0.012280488848253819,0.5,0.0626920536160469
1178,1.0,0.04029620079501246,0.07802815966771925,0.014702880416734843,0.5,0.052378647960722446
1179,1.0,0.11681465489936727,0.08202106030709327,0.01791001371263216,0.5,0.06327962999542554
1180,0.0,0.046340423563823764,0.0792370148806965,0.007774189020329643,0.5,0.04790085908912477
1181,0.0,0.026190749483203764,0.07676464635414962,0.004296207324263047,0.5,0.03756621479988098
1182,0.0,0.07880513444808077,0.09004691922400875,0.03033744005785723,0.5,0.06538376566909608
1183,1.0,0.04723342654760415,0.09005396996237158,0.015690004037294005,0.5,0.0591526414666857
1184,0.0,0.2470604569670358,0.09730546721330664,0.02841486543547944,0.5,0.11339201033115387
1185,0.0,0.09180683169716986,0.0979518291372166,0.016508578416466226,0.5,0.0631428134182225
1186,1.0,0.02829026591568269,0.09701425998729361,0.015694554863148368,0.5,0.044818653166294097
1187,0.0,0.03057054117419042,0.09153957795966146,0.007904551391090666,0.5,0.0462822098107565
1188,1.0,0.02327755295833828,0.08776933297950182,0.010373312048614025,0.5,0.03835978448390961
1189,0.0,0.07353400779472168,0.0923473260495169,0.02092029429040849,0.5,0.059582005441188815
1190,0.0,0.20689954501080712,0.09164745644236592,0.014025588938518642,0.5,0.07136495869893295
1191,0.0,0.12469197314365799,0.08881849354851505,0.007575468594123694,0.5,0.05432749742811376
1192,0.0,0.04989757864470333,0.08851627410214011,0.011400035200336866,0.5,0.05619268572848776
1193,0.0,0.07661686654156173,0.0889768911697735,0.015779867848323192,0.5,0.06459256913512945
1194,0.0,0.05115228465178258,0.08725414387274794,0.00855927440253171,0.5,0.055247962474823
1195,0.0,0.1534615147983433,0.09206702881040274,0.02291440624477608,0.5,0.09689008657421384
1196,0.0,0.07723319186598249,0.09164373251584704,0.01489670148379553,0.5,0.058137151248314804
1197,1.0,0.16303416416992134,0.10153296538935884,0.037618074383187504,0.5,0.10300394254071372
1198,1.0,0.2742071647069143,0.11128240088440217,0.03641944643095485,0.5,0.12594057992100716
1199,0.0,0.2868306725577327,0.10967828420409315,0.014060350154371312,0.5,0.09938927160369025
1200,1.0,0.014026080195151534,0.10368836599606364,0.013908712961710989,0.5,0.033762450218200686
1201,1.0,0.079937010773702,0.10429685684268289,0.018305515754036605,0.5,0.09112324991396495
1202,0.0,0.0928955788321345,0.1007613104264232,0.007601634909709294,0.5,0.07606460319625007
1203,0.0,0.079028018246257,0.1010130525660257,0.018227298650890587,0.5,0.07636469999949137
1204,0.0,0.10495300659984244,0.1005914851795732,0.014551568013848737,0.5,0.08114252537488938
1205,0.0,0.1746657569520529,0.1047205786798218,0.022045571556942457,0.5,0.09209982467734296
1206,1.0,0.04284342823735186,0.09888004449955265,0.009099117309019408,0.5,0.05261301205438726
1207,1.0,0.020673565625258985,0.09000258299334535,0.008889304432908402,0.5,0.03426837263738408
1208,1.0,0.02476498914738434,0.0869935629960839,0.009680939477402718,0.5,0.05370589792728424
1209,0.0,0.009689423538787031,0.07801539998944447,0.0038022290100343525,0.5,0.030066472291946412
1210,0.0,0.029526531178622424,0.07931829857767687,0.01087064297612885,0.5,0.04944668607465152
1211,0.0,0.1747138417414797,0.08441577198631316,0.01752664182673801,0.5,0.08337215401909569
1212,0.0,0.07478547995411358,0.08296599841211622,0.008273554030053604,0.5,0.05095834800830254
1213,1.0,0.06153515257459747,0.08839015687724938,0.02428039354189033,0.5,0.07218421889202935
1214,0.0,0.03892996097672573,0.08479595769682685,0.002404303420917131,0.5,0.04391349479556084
1215,1.0,0.0690600516547839,0.08593507887794581,0.015759408993359942,0.5,0.08385522778217609
1216,0.0,0.11937548413729504,0.08738271951328294,0.015789938400433,0.5,0.08806280259575162
1217,1.0,0.11504259485902292,0.09150241684706299,0.02454479909890021,0.5,0.06960240006446838
1218,1.0,0.11227068683057952,0.10198541506029125,0.024467598033879767,0.5,0.06164338253438473
1219,0.0,0.08700175280816079,0.09846958389151012,0.012030310463160276,0.5,0.07109581985894371
1220,0.0,0.07021525819853466,0.09555320122791529,0.009941929043955444,0.5,0.06358589845545151
1221,0.0,0.010056219312823245,0.0900963716165161,0.0036097450334077272,0.5,0.03298025062450996
1222,0.0,0.031116156016999127,0.08161353805625346,0.006647398980417982,0.5,0.032341704536706976
1223,0.0,0.013286714947926652,0.07825980360416672,0.00588486142611752,0.5,0.03864710529645284
1224,0.0,0.05746745273528233,0.07770741712875022,0.010573652441423663,0.5,0.043004905736004864
1225,1.0,0.0954831274546418,0.082696390877589,0.026922382588963956,0.5,0.08189318627119065
1226,0.0,0.23829542220984054,0.09065037164957057,0.02518183644860983,0.5,0.10667514635456933
1227,1.0,0.057078467727395915,0.08881041308942707,0.012355516952488365,0.5,0.047338354090849556
1228,1.0,0.0701711233223431,0.08831388070121944,0.013739311619428918,0.5,0.07831065356731415
1229,0.0,0.027169541934559862,0.08340246659053689,0.005491455998708261,0.5,0.04407276026904583
1230,0.0,0.08249730628361845,0.08371893463519071,0.01428760721630949,0.5,0.07856993483645576
1231,0.0,0.5030789649735868,0.10299961093068796,0.03884256575596131,0.5,0.1544590542713801
1232,0.0,0.10061623446465086,0.09878094711190044,0.010998048540204763,0.5,0.05495954528450966
1233,0.0,0.090929951863377,0.10342835390582475,0.030785374295770784,0.5,0.08516949008811604
1234,1.0,0.10623808727254161,0.10294451439076197,0.017332556082692463,0.5,0.10315464064478874
1235,0.0,0.17621725543586542,0.104661634346847,0.021182701255803786,0.5,0.10173954642735995
1236,0.0,0.03083511034910287,0.10020115409875835,0.007995966007001698,0.5,0.04793466627597809
1237,0.0,0.03992735552264145,0.10110384019723846,0.01925201863299922,0.5,0.06936206775052207
1238,0.0,0.05390238053447641,0.09995539293991765,0.011498302470759622,0.5,0.0810280591249466
1239,1.0,0.043297263774190735,0.09990111702310803,0.01741810782914399,0.5,0.0703616738319397
1240,1.0,0.059377513900145465,0.09852017164033677,0.014282752055441961,0.5,0.08062745928764344
1241,1.0,0.015582047899124176,0.09421415436310437,0.011767385907373145,0.5,0.0423816011140221
1242,0.0,0.050877493977187854,0.09483042937878278,0.01462121042131912,0.5,0.07163486480712891
1243,0.0,0.0025432780720015535,0.08644444968791974,0.0023745673105997197,0.5,0.023084879798047683
1244,0.0,0.0021390241006603193,0.08399823399341563,0.0074577982528493385,0.5,0.04906300627268278
1245,1.0,0.023247769475931882,0.08431306782127566,0.013130671152164443,0.5,0.06371568487240718
1246,0.0,0.15165894882709957,0.0900533257316809,0.02425185327384887,0.5,0.10577553404229027
1247,1.0,0.16112935787513674,0.09175972707858915,0.018875592679250985,0.5,0.09574523839083585
1248,0.0,0.17494816478079384,0.09425070323107093,0.019925084095337383,0.5,0.08624803168433053
1249,0.0,0.10247322196573594,0.10355566487872689,0.025306414181474023,0.5,0.07851294771983074
1250,0.0,0.018565884517908776,0.09705036653828639,0.005834463890641928,0.5,0.043410067756970726
1251,1.0,0.024580357089529607,0.09786903160756388,0.01896421115573806,0.5,0.0703073504070441
1252,1.0,0.14625009357392044,0.10255238994571059,0.021900139254285023,0.5,0.09657447446476329
1253,1.0,0.15316912163540194,0.10156020036782344,0.015807098644371662,0.5,0.08363789816697438
1254,0.0,0.18302143199469595,0.103756645266226,0.02186858232240551,0.5,0.11885849787638737
1255,1.0,0.08690046002641355,0.10715487048418103,0.028221770641931262,0.5,0.05934920677771935
1256,1.0,0.0833011967289835,0.10046985174282311,0.011917773432893833,0.5,0.062330624709526695
1257,1.0,0.09070378742230506,0.09989118210623091,0.015640256472397595,0.5,0.07825130820274354
1258,1.0,0.10777873935877956,0.10757061405225388,0.0298341086396249,0.5,0.07799254655838013
1259,0.0,0.038093608955322836,0.10362115390411758,0.008237603658926673,0.5,0.06935133288304011
1260,1.0,0.00047029637481503885,0.09640451345351862,0.00997681940366006,0.5,0.0336481969464909
1261,1.0,0.006124655064584093,0.09239612114154266,0.009580832358915358,0.5,0.049600646893183394
1262,0.0,0.02603763934255076,0.0858586345006925,0.005489040143965255,0.5,0.052059952701841085
1263,0.0,0.13924650417944695,0.08996958430979521,0.02378718687263741,0.5,0.12671115723523227
1264,0.0,0.10002101810781189,0.0880442543407695,0.009920582609872023,0.5,0.0705424169699351
1265,0.0,0.03261106473169615,0.08422046724537519,0.0062989656539035165,0.5,0.054052236889089854
1266,1.0,0.08937676130427046,0.08864202060662732,0.02055232966085896,0.5,0.09595347940921783
1267,0.0,0.027514450634682913,0.0859216668739883,0.008856815813083408,0.5,0.05124304029676649
1268,0.0,0.008000385687340813,0.0829839455257239,0.006900692081007247,0.5,0.043898582458496094
1269,0.0,0.014780788774111021,0.0819495704989318,0.009072604349057656,0.5,0.06839915178716183
1270,1.0,0.12506592362547894,0.09079618309958516,0.030291081440415892,0.5,0.08879345567787394
1271,0.0,0.20071943745181317,0.09802468504493415,0.02406559932172637,0.5,0.09790389239788055
1272,0.0,0.04429596213279405,0.09969675099466943,0.019876963368997993,0.5,0.05301410975781354
1273,1.0,0.033455261561899076,0.0972543403203315,0.012325105844259573,0.5,0.06612125287453334
1274,0.0,0.03973302297633789,0.08636282333070545,0.00715814861092333,0.5,0.03736089345286874
1275,0.0,0.030312325010656668,0.08565690215556346,0.011077057902834244,0.5,0.05982939047472818
1276,1.0,0.02985056956747956,0.08411272100918066,0.011084965683819194,0.5,0.05921551159449986
1277,0.0,0.016454774002679678,0.08469319633947413,0.011834695970526698,0.5,0.04588145514329275
1278,0.0,0.010000941384217994,0.08285174469915894,0.009686114047380054,0.5,0.043349323027274185
1279,0.0,0.000584382622195366,0.07973104431514828,0.006377630492871893,0.5,0.036012464335986545
1280,0.0,0.18401712253510633,0.088936820162831,0.02164622135639477,0.5,0.0820724878173608
1281,0.0,0.016126704708669833,0.08774035830829295,0.011094077204523439,0.5,0.04186572405424985
1282,0.0,0.000958184076230623,0.08260935625620011,0.002906317115188218,0.5,0.03034102114347311
1283,0.0,0.002183185311027531,0.08249708330714861,0.010734878018653641,0.5,0.045574061075846356
1284,1.0,0.02422039342215407,0.08281379733927834,0.01365869157769553,0.5,0.05228483150987064
1285,1.0,0.2300956940892841,0.10171026531353086,0.03642611439805478,0.5,0.09807123601436615
1286,0.0,0.029685900905457502,0.09512782113497428,0.005914431818596581,0.5,0.03537465719615712
1287,0.0,0.08482342264058326,0.09842272320498646,0.026611716573825106,0.5,0.10302411317825318
1288,0.0,0.014135190156613821,0.09437695473290272,0.00906415622816176,0.5,0.04344184226111362
1289,0.0,0.015959429161097723,0.09321590860395343,0.010081642553106777,0.5,0.06037272181775835
1290,1.0,0.10989174448049646,0.10133441194298781,0.031132916176883393,0.5,0.08806648587479311
1291,1.0,0.3396587334664664,0.10639254899543732,0.021096130173342924,0.5,0.08255273227890332
1292,1.0,0.07499933948148435,0.10216039054773304,0.013090336888457055,0.5,0.05145407671278173
1293,0.0,0.04123743379444349,0.09753345903127529,0.006302144732961262,0.5,0.05469835752790624
1294,0.0,0.003237123947225243,0.09044672681426728,0.002658098275008212,0.5,0.02732515867267336
1295,1.0,0.0995501744090724,0.09753012413627073,0.02537861406537039,0.5,0.07630691925684611
1296,0.0,0.04117359435305053,0.09453914479167884,0.009737073214637348,0.5,0.05596975423395634
1297,0.0,0.030122555354782754,0.09256644570238694,0.00879116692683763,0.5,0.063681627313296
1298,0.0,0.008625942146673187,0.08774418552114058,0.006112920680607203,0.5,0.0383785767480731
1299,1.0,0.17998711219041807,0.09002689597856273,0.015813983370070204,0.5,0.06196587871421467
1300,0.0,0.03851351181797286,0.08316548824209026,0.0018436569288106902,0.5,0.024915685611111776
1301,0.0,4.0954590499554295e-06,0.07677628677863951,0.0063028805662037396,0.5,0.02501824098389323
1302,0.0,0.00964905122679189,0.07633153755274548,0.008495552168989723,0.5,0.054061067375269806
1303,0.0,0.17620868805160442,0.08952918625800817,0.03154467400680813,0.5,0.10258375356594722
1304,1.0,0.10526196765934907,0.09243993418823705,0.01869875811583673,0.5,0.05978554425140222
1305,0.0,0.08120718498324275,0.09358159765813523,0.016361341867013834,0.5,0.05932125598192215
1306,0.0,0.048821177025218904,0.09215721646663065,0.010831322957528755,0.5,0.05871167140347617
1307,1.0,0.031693379883340624,0.08882917416696814,0.00938389055724991,0.5,0.05030492497117896
1308,0.0,0.03855103045084217,0.08601725479419346,0.006740174768492579,0.5,0.05833416432142258
1309,0.0,0.03890602947194262,0.0893328675685295,0.014249188046532628,0.5,0.04643842008183984
1310,0.0,0.0002053129363308906,0.07989352185652601,0.0032686523403614187,0.5,0.01824049250437663
1311,0.0,0.00013140027925176998,0.07918844817012391,0.002231383550679311,0.5,0.0958230122923851
1312,0.0,0.047886166213942344,0.08302447234245083,0.016077521303055908,0.5,0.06114158740169123
1313,1.0,0.0385496153127336,0.07878978418987688,0.007370736201808445,0.5,0.04723791464378959
1314,0.0,0.03702753664126041,0.0772403129158343,0.008408021162419269,0.5,0.052115118503570555
1315,0.0,0.025560707008568752,0.07411999791207317,0.0022776071822995115,0.5,0.03389148579703437
1316,1.0,0.02677177501925579,0.07630336139180086,0.013966056995005124,0.5,0.04637725864137922
1317,0.0,0.015619109681497663,0.07343462225142638,0.005654094487373882,0.5,0.037100159070071054
1318,0.0,0.005744292260426329,0.06930056076249011,0.006283475781813087,0.5,0.020957634562537783
1319,0.0,0.008096563238487113,0.06762471811177537,0.005742944918373334,0.5,0.036101944744586945
1320,0.0,0.0005077504344048195,0.06441020990083864,0.0025610464342337635,0.5,0.024667264095374515
1321,0.0,0.01597303983134627,0.06781303584599054,0.013418541501908163,0.5,0.049785069056919644
1322,0.0,0.0023363005639035735,0.06383926514894082,0.0017837406942687397,0.5,0.02567779166357858
1323,0.0,0.11168209874819238,0.06742612377394475,0.01805283051216975,0.5,0.11470063626766205
1324,1.0,0.1209802415322773,0.07154131722108052,0.014480603163570372,0.5,0.06827732423941295
1325,0.0,0.01610231512981945,0.06752172573726481,0.004639608052093536,0.5,0.029040289521217347
1326,1.0,0.04714221956407469,0.06623879273444573,0.0068369933227398275,0.5,0.03976061580509975
1327,0.0,0.17258603716606014,0.07257096774386423,0.01975732863502344,0.5,0.08921023085713387
1328,1.0,0.09995822685087939,0.07299721341360803,0.010346932023821864,0.5,0.05718968249857426
1329,0.0,0.018968916553817376,0.07009215309437365,0.005412288633773902,0.5,0.03419593473275503
1330,0.0,0.009911121191840934,0.06801239049185093,0.0032877320016268642,0.5,0.035915161669254306
1331,0.0,0.1837698493595354,0.08648726913081467,0.02045564242606898,0.5,0.057722079144282776
1332,0.0,0.08107457096058343,0.0815418449950383,0.002011733029080047,0.5,0.027453377842903137
1333,0.0,0.042502481775951735,0.08167732408242137,0.010540449782274664,0.5,0.05840951899687449
1334,1.0,0.08239240119350899,0.08151842557288569,0.01214725035495813,0.5,0.05259452954582546
1335,0.0,0.06331990792854017,0.07791304772993549,0.0021776801246839264,0.5,0.033964006437195673
1336,0.0,0.03692805484928444,0.07705353622804793,0.009292836862316887,0.5,0.053982961390699656
1337,0.0,0.2806751078875406,0.08427721259654958,0.020535874316313613,0.5,0.10436942463829404
1338,0.0,0.03756407758735516,0.08113970159229589,0.006998615186949749,0.5,0.036094442719504946
1339,0.0,0.000676694263299717,0.07452469251144715,0.0022641328622638765,0.5,0.018552237914668188
1340,0.0,0.005743685817597096,0.07379754689352024,0.007676029281962353,0.5,0.05110311135649681
1341,0.0,0.014169165399347195,0.07570299901191684,0.012828022392932325,0.5,0.04752458333969116
1342,1.0,0.037836248093569745,0.07349851461429412,0.008219050966354823,0.5,0.042151620914769726
1343,0.0,0.024432807022312975,0.07063651432751647,0.0051711321211769246,0.5,0.0392479095607996
1344,0.0,0.03565456274239664,0.0733249390937024,0.013504471284769741,0.5,0.0534143192427499
1345,0.0,0.07234792121818434,0.0740477889424023,0.011040109590711918,0.5,0.07471300255168568
1346,1.0,0.24715751534532174,0.088246836980987,0.031315449907560834,0.5,0.09915439113974571
1347,0.0,0.11820924835592636,0.08408022095306757,0.002187655352625168,0.5,0.03163820174005297
1348,0.0,0.0061643012217621395,0.07732641942912942,0.004382851217245764,0.5,0.030150743930236153
1349,0.0,0.015174841264209035,0.07539994382634206,0.007384580824201783,0.5,0.03660784031336124
1350,1.0,0.18030479129015714,0.0789471839469026,0.01767439323787888,0.5,0.10783430536588033
1351,0.0,0.0925734179646806,0.07438752797447543,0.0019531916768755764,0.5,0.025018687049547832
1352,1.0,0.0665872555406547,0.08035851811547992,0.01654286775091249,0.5,0.04892604439346879
1353,0.0,0.04302969591511556,0.07692228026257893,0.0022297469937863448,0.5,0.0394180201821857
1354,0.0,0.04043291053335812,0.07636245424577717,0.008472798676747415,0.5,0.06682933866977692
1355,1.0,0.07191102970447842,0.07657299496516777,0.012312998571856455,0.5,0.07653914121064273
1356,1.0,0.13521779771787534,0.07761418574504715,0.014987403197058788,0.5,0.09007687204413944
1357,0.0,0.010977900399251235,0.07196704136030174,0.0023661683970952734,0.5,0.02342250680222231
1358,0.0,0.0006035164568771767,0.06861006904672291,0.0027892313396128323,0.5,0.030230241326185372
1359,0.0,0.10949436899550907,0.07144899904567106,0.01326479559481543,0.5,0.09563705218689782
1360,0.0,0.03435583046194293,0.06741460248123392,0.0019252203055657446,0.5,0.024589393001336318
1361,0.0,0.021188354914075166,0.06834919901848924,0.007700535449354599,0.5,0.042874446511268614
1362,0.0,0.06395380583443541,0.06992311891997326,0.010889076874054108,0.5,0.07275173526543838
1363,0.0,0.023453871009757515,0.0671672081446637,0.002965781192566889,0.5,0.02841160073876381
1364,0.0,0.026476214572829965,0.06945678333935994,0.008958930793714018,0.5,0.045918050312226816
1365,0.0,0.15190140002870273,0.07272664711873872,0.018985781434457748,0.5,0.1194311797618866
1366,0.0,0.10860541379748595,0.07046305130572736,0.0034177048364654183,0.5,0.030484335124492647
1367,0.0,0.0211183350059944,0.07004192687887252,0.007471906021237373,0.5,0.04355172125192789
1368,0.0,0.015252646034898691,0.06886598936106278,0.006530193240345957,0.5,0.04359557766180772
1369,0.0,0.0020245905961769318,0.06625915944363966,0.0030011656684412933,0.5,0.024833250790834427
1370,0.0,7.123394886343944e-05,0.06214636833581256,0.0017582654409731427,0.5,0.019085335731506347
1371,0.0,0.07650618696036662,0.06896958819426999,0.01784134120098315,0.5,0.06168618351221085
1372,0.0,0.10013555583993938,0.06922619168453588,0.008998117823567655,0.5,0.05428212549951342
1373,0.0,0.2939564563521342,0.07942906016018315,0.0247687752187056,0.5,0.11018069323740508
1374,0.0,0.08796042321325478,0.07701260387971781,0.006619455374311656,0.5,0.03931697209676107
1375,0.0,0.023613258979045634,0.07396096826842892,0.0023741519479598436,0.5,0.027582630515098572
1376,1.0,0.06775460204349057,0.07540109356155741,0.012979241404536879,0.5,0.07351304357871413
1377,0.0,0.024458595382968216,0.07637651653339247,0.011490521551523771,0.5,0.03970860027604633
1378,0.0,0.024761367855410825,0.07782138392724651,0.011673575478581418,0.5,0.05218606481426641
1379,1.0,0.06319395414671504,0.07799473273374999,0.012925559702456336,0.5,0.08117439936507832
1380,0.0,0.21359918498245944,0.07972891079580187,0.013538042328946176,0.5,0.06254461500793695
1381,0.0,0.03152622030105805,0.07538418039544809,0.005105977819766849,0.5,0.03163585646284951
1382,0.0,0.039161853549271826,0.07580663555536399,0.010488334269861557,0.5,0.058402933180332184
1383,1.0,0.053149325041001026,0.07799829513254487,0.01255930008621709,0.5,0.0604289961712701
1384,0.0,0.04032974304460395,0.07482799624797047,0.002359812057370113,0.5,0.02946381602022383
1385,0.0,0.018268207007179325,0.07500644050453427,0.009256763490970786,0.5,0.047709063479774876
1386,0.0,0.005113563703535882,0.07289647893507287,0.003693541324335254,0.5,0.03159654140472412
1387,0.0,0.025264982226022335,0.07332207785916445,0.00940114282318117,0.5,0.05038844574900234
1388,0.0,0.06369684677639087,0.07795960528593238,0.014600136711622679,0.5,0.04129949019801232
1389,1.0,0.028313571025795,0.0762545587760435,0.009417170591981763,0.5,0.027767903194194886
1390,0.0,0.02359642550161883,0.07383376505140109,0.006030298757000959,0.5,0.04003636858292988
1391,0.0,0.017416758936605527,0.07244640267068082,0.006821403352660127,0.5,0.04110386843482653
1392,0.0,0.0015260796633831267,0.06789372358511556,0.0018310894499466354,0.5,0.018254514251436506
1393,0.0,1.1260480394608557e-05,0.06239093067919819,0.00213868027838709,0.5,0.017983145334503868
1394,0.0,0.011039243630882462,0.06238491485659888,0.007548035277674596,0.5,0.053942655523618065
1395,0.0,0.011665366486513557,0.06282280139666646,0.007308753372993893,0.5,0.03780778554769663
1396,0.0,0.005222692026483768,0.0628762483755145,0.006279141470440663,0.5,0.02728721424937248
1397,1.0,0.04428456754707423,0.07260102106400382,0.022447001456748696,0.5,0.04847478643059731
1398,1.0,0.08750423847085137,0.0735995605763391,0.012466153925439963,0.5,0.07303926348686218
1399,0.0,0.09931225121909834,0.07107023758312365,0.0023605431779287755,0.5,0.03409445472061634
1400,0.0,0.029359712075896,0.06847082498774401,0.0022858137381263077,0.5,0.03003705872429742
1401,1.0,0.0740224388737102,0.07027973681359553,0.01536291858388318,0.5,0.0936941686603758
1402,0.0,0.358071187525717,0.07987386943096347,0.02808642209492973,0.5,0.12574194837361574
1403,0.0,0.01736607518672275,0.07519530749501359,0.005666725325863808,0.5,0.031349851489067077
1404,0.0,0.01674226517347208,0.07377690029130163,0.007079129136400297,0.5,0.0485632469256719
1405,1.0,0.0642186704391462,0.07529967435971295,0.013128281579926036,0.5,0.07180150426351108
1406,1.0,0.11014254560724192,0.08462006904060923,0.024833717313595117,0.5,0.06046329140663147
1407,0.0,0.03817412816939977,0.08068907639615695,0.005782605571827541,0.5,0.044627301891644794
1408,0.0,0.06047165134937437,0.07976155398107859,0.009168022079393268,0.5,0.05331308904447054
1409,1.0,0.05123528756997484,0.07763508483085176,0.008925575300559608,0.5,0.04839302102724711
1410,0.0,0.10630142997477249,0.07946112300266478,0.013083443613140844,0.5,0.07442845962941647
1411,0.0,0.05841207847649665,0.07827880254662667,0.007934345581036593,0.5,0.04614466854504177
1412,0.0,0.16401648602581156,0.0819196656436697,0.020825137811092038,0.5,0.10401078934470813
1413,0.0,0.21945425877193878,0.08479324154539429,0.018068389676045626,0.5,0.09376743164929477
1414,0.0,0.17984302192995,0.08698080224162373,0.01657859925591551,0.5,0.0883777702555937
1415,0.0,0.01989151164955296,0.08164239142705527,0.005749149017945109,0.5,0.0298202151343936
1416,0.0,0.011011297530642103,0.07919213335968878,0.006826800186760151,0.5,0.04026741706407987
1417,0.0,0.016685534522029935,0.07908881301902199,0.010332709622161929,0.5,0.05759475193917751
1418,0.0,0.2036092516024449,0.09093038510792291,0.027982008937017425,0.5,0.08128499855165897
1419,1.0,0.10995636179004761,0.09197030267295694,0.017939820746855382,0.5,0.06672795346150032
1420,1.0,0.10624908610858042,0.09164668748045146,0.015866127838307875,0.5,0.05112560419365764
1421,0.0,0.09059619778652067,0.0889819913995649,0.007859887285369703,0.5,0.049480944871902466
1422,0.0,0.0006438686380420927,0.07800489028216388,0.0020206818520091476,0.5,0.014764249920845032
1423,0.0,0.1465125046406252,0.08451858987187486,0.018761179582013385,0.5,0.07612166845280191
1424,0.0,0.16955177879501707,0.08226201110897761,0.003048465926743423,0.5,0.04180259754260381
1425,0.0,0.051615333726347974,0.08052192203344463,0.007732268957294185,0.5,0.04916050217368386
1426,0.0,0.0950374201316676,0.08623277151227288,0.026440914375528406,0.5,0.0840712315761126
1427,1.0,0.04899297624755758,0.08810599060883882,0.017729834023424807,0.5,0.051823334658847135
1428,0.0,0.06272146235745378,0.08650804706066917,0.008771852233621757,0.5,0.06989860348403454
1429,0.0,0.044868892092625054,0.08483637378461568,0.008525294793071226,0.5,0.051838789880275724
1430,0.0,0.003169527441960353,0.07925642371875391,0.00280536930464829,0.5,0.02067671517531077
1431,0.0,0.02866394848205112,0.07790023701528404,0.009243929089279845,0.5,0.040435172617435455
1432,1.0,0.16680038858852095,0.08454495807536744,0.024761245149420574,0.5,0.09808030258864164
1433,0.0,0.026011148557953168,0.08123381298866526,0.006816904464932649,0.5,0.03341116795414373
1434,0.0,0.010087055762528243,0.07866784059439937,0.0027238349430263042,0.5,0.03591530237879072
1435,0.0,0.010688780792325376,0.07651084043302163,0.007821210679442933,0.5,0.03799699619412422
1436,0.0,0.0065595694511637395,0.07498345196474508,0.007147132215322927,0.5,0.03470270801335573
1437,0.0,0.011496341229055568,0.07396295128527829,0.007595393415117128,0.5,0.04652331904931502
1438,0.0,0.0025584651513216213,0.07139560511896711,0.005880820719175972,0.5,0.027441058307886124
1439,0.0,0.09114441259634326,0.07489114924865427,0.015753920179764357,0.5,0.06542316429755267
1440,0.0,0.0797065438381533,0.07270753966919848,0.0026696143655239473,0.5,0.03156897212777819
1441,1.0,0.17271858732657994,0.07707097424663935,0.01898628727067262,0.5,0.10514501333236695
1442,0.0,0.04138631239461345,0.07244916936920702,0.002690244175028056,0.5,0.02004478375116984
1443,0.0,0.0018201892683459007,0.06798376362595701,0.001914770795597828,0.5,0.018153612102781023
1444,0.0,0.059713881749819744,0.07399987763221956,0.020674935528351104,0.5,0.06507210082867566
1445,1.0,0.07799123980992179,0.0766920738738433,0.01656695534724609,0.5,0.06441214893545423
1446,0.0,0.015061381760114958,0.07443166962952406,0.006652037766550414,0.5,0.03147856891155243
1447,0.0,0.014935289624706468,0.07276119851518956,0.0030581081906954446,0.5,0.04084815829992294
1448,0.0,0.00041776315810745256,0.06803455418897791,0.0024919267401427906,0.5,0.018699367256725535
1449,0.0,0.01152968073595296,0.06672037211136435,0.006063538386528803,0.5,0.034304742108691826
1450,1.0,0.06162178517720687,0.0703152634579552,0.01648106220610706,0.5,0.06544469935553414
1451,0.0,0.1931849778116012,0.07446507858824714,0.01505441072707375,0.5,0.08474404911200205
1452,0.0,0.07427571196868867,0.07397358212184477,0.008855656725009558,0.5,0.044928110860012194
1453,0.0,0.045733978904078605,0.07399814047957762,0.008746125349055299,0.5,0.04577670314095237
1454,1.0,0.2900750817587068,0.08415482169067949,0.02066867712111322,0.5,0.06834836479495554
1455,0.0,0.06806512624907643,0.08036856265205329,0.005925164220388979,0.5,0.03867965439955393
1456,0.0,0.10536771684486884,0.08220725525144296,0.015226883247184258,0.5,0.07575702667236328
1457,1.0,0.07182944476585126,0.08297052154064727,0.014651268091256497,0.5,0.053491292521357536
1458,1.0,0.07487181956686809,0.08415676264110708,0.016869544638141703,0.5,0.06252021399828103
1459,0.0,0.04544928592709205,0.08180677338085249,0.007316297036595643,0.5,0.048863932490348816
1460,0.0,0.03267919695050013,0.07924581376983857,0.002800811389793775,0.5,0.039829992822238376
1461,0.0,0.1628036772731331,0.0870327287700374,0.02619124490690107,0.5,0.10206821858882904
1462,0.0,0.11956537160675768,0.08358427567774687,0.0025752556539373472,0.5,0.03236796148121357
1463,0.0,0.04163853833288175,0.0823651202794409,0.010368382603961177,0.5,0.05831774537052427
1464,0.0,0.03191822038548965,0.08073667865496478,0.008039726367728277,0.5,0.048920425501736725
1465,0.0,0.16854939927683057,0.08791081718447301,0.022173086935210796,0.5,0.08362219021433875
1466,0.0,0.00124633263421141,0.07853088485104157,0.0042113873953764725,0.5,0.021840994379350116
1467,1.0,0.04552411056745243,0.0791760083700121,0.013372850056233196,0.5,0.07658951729536057
1468,0.0,0.09184504156245135,0.07877777408228095,0.010233194542316986,0.5,0.07589745734419141
1469,0.0,0.04935960010721515,0.07599404083339062,0.002618458696815651,0.5,0.029973218217492104
1470,0.0,0.09785629763348333,0.08052495835828387,0.0233356416914224,0.5,0.09254895647366841
1471,0.0,0.010258193738340922,0.07584693318725368,0.003461547257757047,0.5,0.017701285891234875
1472,0.0,0.021862331445933074,0.07574883850144072,0.009941220145265106,0.5,0.050687387585639954
1473,0.0,0.12052206734432089,0.0810102029657541,0.02035738077521434,0.5,0.07922460752374985
1474,0.0,0.17509811384966148,0.08307402002899442,0.018600539976349948,0.5,0.09354168176651001
1475,0.0,0.1399216175435361,0.08042300870495911,0.0028429642053587095,0.5,0.02860911190509796
1476,1.0,0.08075691155693625,0.08101155608338091,0.014931922109099105,0.5,0.08832285851240158
1477,1.0,0.09554718177260171,0.08312920611540905,0.019067456625634804,0.5,0.07151814674337705
1478,1.0,0.14475333294625442,0.08447049618743978,0.018803341685270425,0.5,0.10206569917500019
1479,0.0,0.045042378983053216,0.08288324539150489,0.009419200481550599,0.5,0.04435128379951824
1480,0.0,0.019008906400335205,0.07952483452172733,0.006345343019347638,0.5,0.04060180385907491
1481,0.0,0.027677074913275847,0.08021938718752326,0.011733114936699469,0.5,0.053535724679629006
1482,0.0,0.06517207429612,0.07995929651213383,0.011172398212365806,0.5,0.04540459513664245
1483,1.0,0.032216884745930485,0.07856558843829628,0.009820660731444756,0.5,0.04204782843589783
1484,1.0,0.17799885545599517,0.09008686507455531,0.03130311390268616,0.5,0.08048498183488846
1485,1.0,0.07806640651611763,0.08911387568490992,0.013073984300717711,0.5,0.06056969670148996
1486,0.0,0.09901189930672066,0.08844259255905126,0.0111543940147385,0.5,0.07471870630979538
1487,0.0,0.04948345789457942,0.08632087902949423,0.008432439856485209,0.5,0.05394245819611983
1488,0.0,0.027733017086517354,0.08576048043038823,0.011766573181375861,0.5,0.052372134157589505
1489,0.0,0.03324374321144283,0.08608148658941535,0.012089044303613027,0.5,0.050449245649835335
1490,0.0,0.00019990262336006456,0.0802915706173267,0.006122013977101932,0.5,0.02342277020215988
1491,0.0,2.6830475928627602e-05,0.07697044686545772,0.0024747553527251715,0.5,0.029391085108121235
1492,0.0,0.10068190169774936,0.07972778795704838,0.013342285743089054,0.5,0.0667929005893794
1493,0.0,0.07525794568059002,0.07795592110739796,0.007571443257620558,0.5,0.0496623307466507
1494,0.0,0.04303432759133252,0.07684828302755617,0.00841176499509149,0.5,0.051139836510022484
1495,0.0,0.030104963144890376,0.07509169630636518,0.003235802461858839,0.5,0.03717814385890961
1496,1.0,0.28636965672272724,0.09560651604386806,0.026937023841939564,0.5,0.08012991217342583
1497,0.0,0.10456015247138166,0.08975523604034846,0.002178898753217337,0.5,0.025978147983551025
1498,0.0,0.0021754695035401286,0.08466863567793326,0.006148067147781451,0.5,0.027886379096243117
1499,0.0,0.07963977784389828,0.08496256789888718,0.015144414517895452,0.5,0.07931828179529735
1500,0.0,0.007228053593342528,0.07920215258412258,0.0033767942154286977,0.5,0.016097830498919767
1501,0.0,0.02010484228658987,0.07947570277717106,0.01141103609032663,0.5,0.05435681343078613
1502,0.0,0.00980326831771057,0.07751718870849347,0.004306461225496605,0.5,0.028957830742001534
1503,0.0,0.19978280413848853,0.08246829522276704,0.020354499920762867,0.5,0.09762986583842172
1504,0.0,0.012729286900173678,0.07895256191318485,0.006687306735243294,0.5,0.025171574382554917
1505,0.0,0.06802773493261348,0.08428051091515949,0.016400932213470627,0.5,0.05172871683652584
1506,0.0,0.026282427558780477,0.08340822590038607,0.009710765799455758,0.5,0.0504674795601103
1507,0.0,0.01060445498349344,0.0812307190135724,0.003140404587611556,0.5,0.03194061666727066
1508,0.0,0.0014233058545627675,0.07864025917249273,0.0038603360751747256,0.5,0.024091253678003948
1509,0.0,0.00023879109756064148,0.0767036426887486,0.004210269245959353,0.5,0.027132702991366386
1510,0.0,0.0043710754737815135,0.07596188073231273,0.008586982448361124,0.5,0.03287154601679908
1511,0.0,0.0003003780193318291,0.07251566857976956,0.0030516493279719725,0.5,0.01818657914797465
1512,1.0,0.0350538336755052,0.07310528308737373,0.01173422593967102,0.5,0.04529749743995212
1513,0.0,0.06937957931388133,0.07313286265773035,0.009495422936096374,0.5,0.053864063488112554
1514,0.0,0.008748361313211368,0.0697161687849902,0.0029313060849045333,0.5,0.02151820292839637
1515,0.0,0.027066599771776417,0.07246956441670671,0.01181071185107742,0.5,0.05112256322588239
1516,0.0,0.0031073836127403407,0.06939130315536793,0.0022351290273945777,0.5,0.022441036999225616
1517,1.0,0.05568980007641799,0.07130375976042926,0.016305698961433437,0.5,0.09781599541505177
1518,0.0,0.06034074756641591,0.0707480786650261,0.007886871843683448,0.5,0.04911787807941437
1519,0.0,0.0612061516591715,0.07176265507347282,0.011555372388102114,0.5,0.060147042075792946
1520,0.0,0.0299980972626361,0.07353802343385253,0.011283889329206431,0.5,0.043846228159964085
1521,1.0,0.06795595058814985,0.07872390601381372,0.025098287524694268,0.5,0.07269172991315524
1522,0.0,0.044993291550814725,0.07837742164547541,0.010148605254168311,0.5,0.04900417923927307
1523,0.0,0.02927802158898421,0.07617104964813899,0.006646766782399605,0.5,0.040208289569074455
1524,0.0,0.028141001291474673,0.07625175118081916,0.01026130127866054,0.5,0.051094839349389076
1525,0.0,0.0077256129647554185,0.07052736307430976,0.005398379642546417,0.5,0.022477960874957424
1526,0.0,0.5166269233453706,0.08814514737385087,0.034409434262091636,0.5,0.1468946567990563
1527,0.0,0.11482477296173707,0.08551608173340723,0.00807349542810698,0.5,0.02527362573891878
1528,1.0,0.056316643114401405,0.08460773340959502,0.012613707697407031,0.5,0.07178493464986484
1529,0.0,0.020000967262872125,0.07991282020296407,0.0021456924838606606,0.5,0.021200300617651505
1530,0.0,0.0004503817435606024,0.07633765122181223,0.004676118691670983,0.5,0.016913806690889245
1531,0.0,1.0141695262370024e-05,0.07249357959087674,0.00391644415075836,0.5,0.017176988370278302
1532,0.0,0.0008897296447054579,0.07254358521227244,0.009406821213714365,0.5,0.04905887279245588
1533,1.0,0.05562220850646369,0.07589715129700482,0.020745645816945893,0.5,0.07901826771822842
1534,0.0,0.1330358788819187,0.0777387714880813,0.01618066209798249,0.5,0.08613070501730992
1535,0.0,0.16400469665612744,0.07587268939878196,0.0030849624211744717,0.5,0.037861098845799766
1536,0.0,0.30040312705071065,0.09721389293707795,0.036687969641880716,0.5,0.09787646211959698
1537,1.0,0.32061117108686144,0.10460153436896859,0.03236432162423929,0.5,0.11415181954701742
1538,0.0,0.14215585012944076,0.10133963647517007,0.010911645837283383,0.5,0.05441016654173533
1539,0.0,0.05335679959957483,0.09813911559244287,0.008273607853334397,0.5,0.051222845911979675
1540,0.0,0.03612148025137121,0.09570995324076487,0.008683750995260198,0.5,0.062325505539774895
1541,0.0,0.06464641814884355,0.09431223921688409,0.013680566331672975,0.5,0.06259238018709071
1542,0.0,0.0027391676162581385,0.0872475782907732,0.005349218173068948,0.5,0.025631604343652727
1543,1.0,0.12117263047719658,0.0913751312893571,0.02389429578657395,0.5,0.1027384198137692
1544,1.0,0.11136743570342889,0.09156556237346088,0.015205191972199827,0.5,0.07288140952587127
1545,0.0,0.10300150374766369,0.08995618401137814,0.009381049448469033,0.5,0.05894552833504147
1546,1.0,0.041497909758453924,0.08697321551710527,0.010305598665339252,0.5,0.05420486529668172
1547,0.0,0.040547454092790605,0.08527638696305516,0.008605157263809815,0.5,0.05647455602884292
1548,1.0,0.059849468101414116,0.0896990563377753,0.027696758720346472,0.5,0.07281742990016937
1549,0.0,0.040558102294578804,0.08654058253092242,0.0027408522104711403,0.5,0.04190020263195038
1550,0.0,0.004158168764229345,0.08093717689890723,0.005862795783247313,0.5,0.03049405567024065
1551,0.0,0.02985125918847478,0.08082264223915059,0.011513056417849535,0.5,0.0962951307495435
1552,0.0,0.022929057500900643,0.08047830752198332,0.00951841015679141,0.5,0.047360729426145554
1553,1.0,0.04012048626005052,0.08249712942432295,0.017367087870037982,0.5,0.05999511373894555
1554,0.0,0.049886724124196244,0.08171033539306645,0.009513619064819068,0.5,0.06321096751425001
1555,0.0,0.0898805235324383,0.08069229101809086,0.0119538921442452,0.5,0.06946882605552673
1556,0.0,0.09637845280413179,0.07964307244728003,0.00879921747255139,0.5,0.0570288747549057
1557,0.0,0.03694791509237454,0.07677384170020465,0.0026128081153729,0.5,0.032551234588027
1558,1.0,0.056030785739909016,0.07738512487356587,0.012063120631501079,0.5,0.05925790667533874
1559,0.0,0.07797302665971319,0.07556705008899227,0.003185765255087366,0.5,0.04552064339319865
1560,1.0,0.12253949323579505,0.08103648190048894,0.024875953953596763,0.5,0.09477769831816356
1561,0.0,0.1393649724686089,0.08052939987706903,0.010380759286428136,0.5,0.08898758675370898
1562,0.0,0.035420003703796776,0.07972319286826024,0.009912466197015924,0.5,0.051267224881384105
1563,0.0,0.019453759301837285,0.07879445400147442,0.008741219853012202,0.5,0.04507312054435412
1564,1.0,0.09988575295524704,0.08384441470291998,0.020373145300739755,0.5,0.08834126989046732
1565,0.0,0.33576975479963506,0.09220953095287207,0.03612393670482561,0.5,0.1608579084277153
1566,1.0,0.20177454087262553,0.0916578586656256,0.014591737873464202,0.5,0.06617923205097516
1567,1.0,0.06182891630962037,0.09092508340684127,0.013660015663065548,0.5,0.0551446197288377
1568,1.0,0.02900579735948984,0.08976869245748262,0.012809912476222962,0.5,0.050028130412101746
1569,1.0,0.009123812601532555,0.08532807612251947,0.008946022569337705,0.5,0.031924000630776085
1570,1.0,0.2957275827876026,0.09288872391753085,0.03218182423318337,0.5,0.15317551153046743
1571,1.0,0.13930338262281294,0.09094858764629209,0.01281783143685271,0.5,0.05325412520995507
1572,0.0,0.021556542510722042,0.08603916503350212,0.003328176826471463,0.5,0.034025308986504875
1573,0.0,0.011812035281378986,0.08378523143853736,0.0033682952149926373,0.5,0.058945879340171814
1574,1.0,0.014515994796140363,0.08259531766578505,0.011662704455375206,0.5,0.047607297077775
1575,1.0,0.013729932588516233,0.0819081231458332,0.011790559055311057,0.5,0.04399605533655952
1576,0.0,0.04781820662963651,0.08149903812972847,0.010586832908706533,0.5,0.08683403995301989
1577,0.0,0.20509067305524561,0.08856317428241754,0.021664137193091355,0.5,0.07955125661996695
1578,1.0,0.07162684365713956,0.09164141313334052,0.021908860093390103,0.5,0.04749329946935177
1579,0.0,0.026579366169457833,0.08793101859902812,0.002802439688821323,0.5,0.04495275765657425
1580,0.0,0.041755646324052306,0.08587303101919509,0.010433853432700476,0.5,0.07328002943712122
1581,0.0,0.10602001292233672,0.09210276916253189,0.02696518791708513,0.5,0.07703978754580021
1582,0.0,0.03072967576600088,0.0882427599295372,0.004036073782481253,0.5,0.031400266289711
1583,1.0,0.01728742901494781,0.08947132880490523,0.018035176990088074,0.5,0.05323572258154551
1584,1.0,0.014047584820723817,0.08593838252544897,0.009871590876996163,0.5,0.03753051729429336
1585,0.0,0.008103555402110153,0.08274355898171545,0.0029129229369573295,0.5,0.04189269244670868
1586,1.0,0.06798861812144996,0.08556423599932968,0.01865175356423216,0.5,0.08284113662583488
1587,0.0,0.045826192179188076,0.08391644723144633,0.009091095569042059,0.5,0.05839666036459116
1588,0.0,0.023421973659434745,0.08120408158575515,0.007768268606014317,0.5,0.04238198697566986
1589,1.0,0.015964144817963405,0.08229675548311131,0.015517360074833656,0.5,0.04240895642174615
1590,1.0,0.04408560802050334,0.08321517970081124,0.01711311635444872,0.5,0.07171414494514465
1591,0.0,0.02447538442793798,0.08071729656492206,0.004459796227618224,0.5,0.03912538621160719
1592,0.0,0.017609082485429008,0.07943844667040359,0.008868361910572276,0.5,0.04293547570705414
1593,0.0,0.002665195864240705,0.07695808110458219,0.004961326994816773,0.5,0.02654085059960683
1594,1.0,0.1497594223126832,0.08619977947068873,0.030080180108437642,0.5,0.09085386027308072
1595,1.0,0.061161649096520325,0.08885286020513294,0.02124422675842652,0.5,0.0492996871471405
1596,1.0,0.021518038810575478,0.09330377662574625,0.02541483655659249,0.5,0.046619925647974014
1597,0.0,0.015410771589967866,0.08848096784387424,0.007470153060766231,0.5,0.03811413049697876
1598,0.0,0.1031995428096196,0.08785598415323541,0.014647316031187074,0.5,0.0830151941627264
1599,0.0,0.12274456294537542,0.08944828673146075,0.018144069696203448,0.5,0.06867317740733807
1600,1.0,0.08600816275636945,0.08906349617563465,0.015264402720442211,0.5,0.06735880402001468
1601,0.0,0.09072533305910706,0.08785383216830432,0.010961543805024121,0.5,0.08519184961915016
1602,0.0,0.0359311109816189,0.08472311353013508,0.00799443998091322,0.5,0.04500327152865274
1603,0.0,0.03419779944094208,0.0826521064957219,0.0037196618116771183,0.5,0.04828327397505442
1604,0.0,0.13702521072436277,0.09009792116318521,0.03262682253747092,0.5,0.09994662677248319
1605,0.0,0.08467494051002433,0.08933394237614815,0.012110255044212358,0.5,0.06264573666784498
1606,0.0,0.01684498138191818,0.08585265544287629,0.004269160953117535,0.5,0.026961885392665863
1607,1.0,0.03778690031159694,0.08895083577584484,0.025256148719927297,0.5,0.08010883033275604
1608,0.0,0.015209960414138197,0.08530181058896218,0.007842924582826741,0.5,0.03790570444920484
1609,1.0,0.06326252668642598,0.0877192567349607,0.0185370308579877,0.5,0.07120663324991862
1610,1.0,0.0944751338551268,0.08819170237668755,0.017374114895937966,0.5,0.07781642973423004
1611,0.0,0.06254417824202987,0.08617051555811361,0.009483086358522996,0.5,0.06245450377464294
1612,1.0,0.04568863401459298,0.08832629112055135,0.019715301413920576,0.5,0.05459881254604885
1613,1.0,0.053042773039741864,0.08855697094166863,0.013402651941690307,0.5,0.043744066586861245
1614,0.0,0.106155948005857,0.09057022612773684,0.019402673398144544,0.5,0.08745248913764954
1615,1.0,0.04615285468141873,0.08817279525808434,0.011827904203285774,0.5,0.04858690897623698
1616,1.0,0.01465531805987033,0.09625619156150399,0.024547520040068774,0.5,0.04251978278160095
1617,0.0,0.10866989541356735,0.09837359640828079,0.023162882063143816,0.5,0.10252197430684017
1618,0.0,0.048214933375371666,0.09270627101807384,0.0036007167072966695,0.5,0.031246230006217957
1619,0.0,0.0019618271431667226,0.08703606696501535,0.004141963859243939,0.5,0.022913777828216554
1620,1.0,0.02704095898476285,0.08693372375363197,0.015305801035455343,0.5,0.06752866506576538
1621,0.0,0.13126170493991085,0.09092142969535615,0.025714262049101915,0.5,0.10819441328446071
1622,0.0,0.14703107867293086,0.0879446613972855,0.0033524404196733876,0.5,0.0442953748362405
1623,0.0,0.06474643187425595,0.0851821572207938,0.003384946462964373,0.5,0.043139517307281494
1624,1.0,0.041105782222691796,0.0868084638769353,0.019158526404330935,0.5,0.06048266475017254
1625,0.0,0.008911428960104778,0.08309384807552908,0.0040158637672324075,0.5,0.03345262733372775
1626,1.0,0.03684217623523731,0.08352893682711834,0.01560427392938767,0.5,0.07018706473437222
1627,0.0,0.04612874129098789,0.08247053009106323,0.010111654786249766,0.5,0.06111252078643212
1628,1.0,0.08861224537204478,0.08385928580618413,0.01888251384176935,0.5,0.08387460311253865
1629,1.0,0.07851710274326065,0.08608235524421204,0.020552988610385608,0.5,0.06189785152673721
1630,0.0,0.256792553084867,0.09682662448387012,0.03137965790561533,0.5,0.10352307416143872
1631,0.0,0.24750073745087492,0.09407430896944126,0.00386415269652692,0.5,0.05376577377319336
1632,0.0,0.04576687746122034,0.08965326019759319,0.004157062963878905,0.5,0.03163554993542758
1633,0.0,0.032139326443494404,0.08647031793398917,0.008482453176319333,0.5,0.06028194512639727
1634,1.0,0.23936432337519176,0.09376833247697326,0.036844823207833215,0.5,0.14212602783333173
1635,1.0,0.08086536715872376,0.09351930833056148,0.017397943643542628,0.5,0.05136100649833679
1636,1.0,0.015497170402595616,0.09111848130985424,0.011958811647491529,0.5,0.038710790872573855
1637,1.0,0.007546767141973982,0.08949737106440671,0.011714508067816496,0.5,0.029921538829803467
1638,1.0,0.015295696797818791,0.08726094660509641,0.01183703748198847,0.5,0.046282064914703366
1639,1.0,0.03550716790983285,0.08959157933266086,0.022312301920134236,0.5,0.06096984310583635
1640,0.0,0.022337388873773522,0.07785036623506006,0.005092946129635249,0.5,0.025029854076664623
1641,0.0,0.004975248363542276,0.07346677878076367,0.0033002407173626123,0.5,0.030192067225774128
1642,1.0,0.09896602478420602,0.07582290065022887,0.015356805596692377,0.5,0.07040075168890111
1643,1.0,0.10584181184774777,0.07928466624155214,0.022070076141972095,0.5,0.060794193636287346
1644,0.0,0.015675383933243452,0.07512327649086777,0.0034777247845860465,0.5,0.03163763667855944
1645,1.0,0.026047289999559044,0.07711941731173433,0.014805759764775368,0.5,0.04877391244683947
1646,0.0,0.14366227121196656,0.0793256102956063,0.017929908592486755,0.5,0.13460802435874938
1647,1.0,0.3892229089915636,0.08763889922711006,0.027511516944893327,0.5,0.127163612180286
1648,0.0,0.20522887735174478,0.08503504042798353,0.0060786052067256105,0.5,0.039123004133051094
1649,0.0,0.046034181135452726,0.08216826356035307,0.004805807583034038,0.5,0.036200299859046936
1650,1.0,0.03057296609099026,0.083121033525881,0.015707031635639187,0.5,0.05691713094711304
1651,1.0,0.21609701697806238,0.08882263424447555,0.02411562572362729,0.5,0.10338863068156773
1652,0.0,0.1947121667615319,0.08805213684240756,0.012398976500844584,0.5,0.07844910621643067
1653,0.0,0.05535671957824633,0.08446374045877057,0.004608501299199733,0.5,0.03416207432746887
1654,0.0,0.06220592484711868,0.08452927844382847,0.014754845843916493,0.5,0.11206693308694023
1655,0.0,0.12705221733981883,0.08695746668530265,0.019731556996703148,0.5,0.08686321161010048
1656,1.0,0.06833177973592336,0.0869344357947121,0.01592982851434499,0.5,0.06191993753115336
1657,1.0,0.062015286524837225,0.09086334697286931,0.026082774317315358,0.5,0.06602138009938327
1658,1.0,0.3045883501290964,0.09928468576151933,0.03813654402844035,0.5,0.15749976268181434
1659,0.0,0.04853583126061078,0.09795828425815917,0.015024679247289896,0.5,0.04888888675233592
1660,0.0,0.04886085649836951,0.09590574042834207,0.01179707804906436,0.5,0.06577722863717513
1661,0.0,0.02763478104847703,0.09398258324836103,0.011682955906368218,0.5,0.054994828425920926
1662,1.0,0.009070873424955916,0.09338845489847145,0.015745243610581383,0.5,0.039210712909698485
1663,0.0,0.039092507005470754,0.09337695260779123,0.015578859005472623,0.5,0.08966266736388206
1664,0.0,0.04476458289861144,0.09099239904342343,0.004470963962376118,0.5,0.053826952974001564
1665,1.0,0.025373896733287084,0.09925542111146289,0.037557390912507586,0.5,0.06008469829192528
1666,1.0,0.0429538575916129,0.0993986466944932,0.019634698601698294,0.5,0.08067600263489617
1667,1.0,0.013007229192591115,0.10042975880528451,0.020365897230530047,0.5,0.04555225898237789
1668,1.0,0.11102603881819526,0.10143444407270089,0.019127883066539654,0.5,0.07186308950185775
1669,0.0,0.0877781784814348,0.09706271923281648,0.0128016419155756,0.5,0.06598552465438842
1670,1.0,0.029253262671428575,0.10341552059401006,0.02465732342502831,0.5,0.0504490720189136
1671,0.0,0.009352792697736548,0.09942154829582484,0.005260813101712201,0.5,0.044969797134399414
1672,1.0,0.018089019675113734,0.09860347032673526,0.015903364566232387,0.5,0.05748526006937027
1673,0.0,0.00013007895435417647,0.08824424168589802,0.004139742974657566,0.5,0.017732696533203127
1674,0.0,0.05826040429657106,0.08972274190457444,0.01798562639371746,0.5,0.1005632768977772
1675,0.0,0.0409000443715283,0.08656399092356924,0.010318534217991069,0.5,0.046715596956866126
1676,1.0,0.014894377165118761,0.09379922058841528,0.025835160184406528,0.5,0.04042671699272959
1677,1.0,0.047111660562414864,0.09473289763989737,0.02059176600596402,0.5,0.08640815690159798
1678,0.0,0.1012405037604278,0.09502439772098807,0.017450587384783747,0.5,0.09948312152515758
1679,1.0,0.03557554620346258,0.09271112926466799,0.013616083057260968,0.5,0.041144218709733754
1680,0.0,0.09643717029847346,0.09759301164663672,0.026242846432918063,0.5,0.08791947960853577
1681,0.0,0.0031473190413703043,0.09072712730557363,0.006249212352982299,0.5,0.026733225042169743
1682,0.0,0.08114496510064122,0.09162532328939266,0.01772013579805692,0.5,0.08204712669054667
1683,1.0,0.030929521934854147,0.09939683726687704,0.021665442693119985,0.5,0.03995475638657808
1684,0.0,0.041238315307029885,0.09696385694045953,0.01085300845766647,0.5,0.07676376899083455
1685,0.0,0.08262031183072754,0.09601603739476772,0.014034392478476678,0.5,0.08849559511457171
1686,0.0,0.011520221687679829,0.08983132091121886,0.003746578935533762,0.5,0.027543320187500546
1687,0.0,0.08483654871101365,0.0907968045711154,0.018753953649698254,0.5,0.08825150246803577
1688,1.0,0.33889245631007725,0.10176395774730412,0.03483572539469031,0.5,0.12040509754105617
1689,0.0,0.06279444827295619,0.09489149001586374,0.0038308121895949754,0.5,0.02633439004421234
1690,0.0,0.003704476707591651,0.09051406827470396,0.0055426760137869185,0.5,0.02656188951088832
1691,0.0,0.006439522110964874,0.08943596804187619,0.011777019312527651,0.5,0.049992346515258156
1692,1.0,0.02849849587850342,0.09242926648503508,0.021203398073199563,0.5,0.06333031562658456
1693,0.0,0.028083182580842487,0.09051503521056146,0.006492500501086137,0.5,0.04431277513504028
1694,0.0,0.001233032738633848,0.08653696383370973,0.006123839714564383,0.5,0.02063063681125641
1695,0.0,0.00040404016779553944,0.08497867603976025,0.004867862572427839,0.5,0.05070865750312805
1696,0.0,3.47067861390439e-05,0.081593202228534,0.0045262772949751125,0.5,0.024398662827231667
1697,0.0,3.201136007639567e-07,0.07640095120139159,0.004690314213457029,0.5,0.016053340264729092
1698,0.0,0.01631420747078805,0.07609751239398144,0.011416044881722579,0.5,0.07087148560418023
1699,0.0,0.17966029970166617,0.091198514933452,0.030111134089529513,0.5,0.07307720005512237
1700,1.0,0.05301951484860106,0.08812238052662758,0.010667367958376417,0.5,0.05280517786741257
1701,1.0,0.028233949447478843,0.08655106222177,0.01136682979201644,0.5,0.03792795742099935
1702,1.0,0.1607324658179932,0.09393695365014458,0.024383761652808807,0.5,0.07045626775784926
1703,1.0,0.056177584068573864,0.09231085855509458,0.012802202341845259,0.5,0.047513242810964584
1704,0.0,0.050665073926426024,0.08940351601935473,0.00915844232076779,0.5,0.0631633617661216
1705,0.0,0.013330951301496693,0.08405807217908524,0.00715102262828233,0.5,0.03210340653147016
1706,1.0,0.015090284042952106,0.0893879197960361,0.02077008178748656,0.5,0.03945466876029968
1707,0.0,0.025500003674161054,0.08770029631473716,0.010583764927175183,0.5,0.04969015717506409
1708,0.0,0.10450527629888878,0.08998567302805731,0.020447355980286373,0.5,0.09046836942434311
1709,1.0,0.08445399366942022,0.08897056968531847,0.013650969965965487,0.5,0.0652441680431366
1710,1.0,0.11368846948940947,0.08961464822445836,0.017932132753129635,0.5,0.08133064707120259
1711,0.0,0.007440385730556939,0.08168968733829148,0.0021184619194280136,0.5,0.02209777691785027
1712,0.0,0.15350157328224698,0.0874534355237062,0.024530531975740035,0.5,0.10510948300361633
1713,0.0,0.2818406224445733,0.09259470033887211,0.024863010443368694,0.5,0.12075300514698029
1714,1.0,0.14126803498937238,0.09241113308548639,0.015095692427296723,0.5,0.05516669260604041
1715,0.0,0.009886693889622922,0.08036530458653256,0.005098837968968862,0.5,0.0205960237496608
1716,0.0,0.0003563204458691816,0.07603792253840691,0.004374961221508463,0.5,0.020175494691904855
1717,0.0,0.016055837581238217,0.07536180320729478,0.010512192896567286,0.5,0.05902995765209198
1718,0.0,0.034631281792578315,0.07673784077672445,0.01345050789292573,0.5,0.049199745935552264
1719,0.0,0.028692280356379992,0.07479189274576735,0.0037242341287700193,0.5,0.035217687487602234
1720,0.0,0.004545786931956705,0.07218574332715456,0.0031338479020632803,0.5,0.02706604368156857
1721,0.0,0.0007626564924741498,0.07021034471571842,0.003435671591432765,0.5,0.029583632946014404
1722,0.0,0.08544262868552967,0.07624810386815638,0.026118937021237798,0.5,0.09357888003190358
1723,0.0,0.005152317830933753,0.0717356192714332,0.004048588330318269,0.5,0.01455433588278921
1724,0.0,0.0008644154915022708,0.06980560256078049,0.0034406899721943773,0.5,0.03015729784965515
1725,0.0,4.752174420682268e-05,0.06729069276856903,0.003942992842684572,0.5,0.019163305942828838
1726,1.0,0.04185873845416903,0.07015500835940311,0.014227820668990414,0.5,0.06190626223882039
1727,1.0,0.24642829159737087,0.07653999007889488,0.02864680861503902,0.5,0.14297691529447382
1728,0.0,0.03835914014180974,0.07387582967759881,0.005578219883746523,0.5,0.021036421551423913
1729,1.0,0.08105468390370708,0.07667401796814174,0.012984312650587526,0.5,0.04078479018062353
1730,1.0,0.1325260437512192,0.07860469393759052,0.019042250719697524,0.5,0.08636223276456197
1731,0.0,0.09046004318993156,0.07828907356022541,0.011325308074116369,0.5,0.06139285862445831
1732,0.0,0.12438926819844236,0.08075248858820011,0.017227164578798693,0.5,0.07634976785629988
1733,1.0,0.10234733097964929,0.08276821749708396,0.016783168740892924,0.5,0.06008447821323688
1734,0.0,0.08326625638396518,0.0818596050151864,0.012230881100986152,0.5,0.04847240924835205
1735,0.0,0.0005923980897024465,0.07345797911806703,0.003717133717145771,0.5,0.011953568150257242
1736,0.0,6.360826053712209e-05,0.07060148648395405,0.002937162859598175,0.5,0.026504379510879517
1737,0.0,1.333961908019467e-05,0.06908413356494968,0.0037673303824184196,0.5,0.036041232092039924
1738,1.0,0.04854831155305236,0.07180395650118014,0.01972260818971942,0.5,0.08937244945102268
1739,0.0,0.04870573407526939,0.06984468871126909,0.0034517334133852273,0.5,0.03384203836321831
1740,1.0,0.03408820182980857,0.07540743380684645,0.018349704370484686,0.5,0.04365880265831947
1741,0.0,0.0042289064970250185,0.07079943359235641,0.00238423772472223,0.5,0.021464402122156962
1742,0.0,0.08928345610688465,0.07362662215025079,0.018142171823207966,0.5,0.10137023709037087
1743,0.0,0.14972828098188173,0.07792326705405356,0.01877350093855057,0.5,0.07761423476040363
1744,0.0,0.0007342108709035578,0.07164754483296983,0.004797202933038916,0.5,0.01188883569932753
1745,1.0,0.04210411312556931,0.07446798131891749,0.018074450516988607,0.5,0.07614504207264293
1746,0.0,0.05339683479138935,0.07269056943361461,0.0037791673177187996,0.5,0.037442190306527276
1747,1.0,0.12704419250880578,0.07694419966332279,0.021039619916476883,0.5,0.09389742291890658
1748,0.0,0.058654544238865895,0.07500167691838058,0.008420698228292167,0.5,0.04246682859957218
1749,0.0,0.07277993524989565,0.07559889606749592,0.012831354356603698,0.5,0.06557695716619491
1750,0.0,0.016591773448988656,0.07390028605738022,0.008103961601260711,0.5,0.0263290676203641
1751,0.0,0.035675624280620585,0.07782647088391532,0.015423522277904505,0.5,0.041436532004313034
1752,0.0,0.03357266868857284,0.07681972276671399,0.009490576782263815,0.5,0.04325939416885376
1753,1.0,0.18243830084200155,0.08007659597342477,0.016042411332423595,0.5,0.07309958338737488
1754,1.0,0.23787380312433176,0.08693317876890828,0.024419236553108528,0.5,0.08803407847881317
1755,0.0,0.144041905925554,0.08688538128052922,0.012720927497586952,0.5,0.051672470111113325
1756,1.0,0.05257160818317279,0.09191195116682001,0.024206181508762872,0.5,0.0475554685382282
1757,0.0,0.20034850312004024,0.09549967831934605,0.02174877882061992,0.5,0.08306760340929031
1758,1.0,0.11460394280821683,0.10172793021251425,0.03167028634509604,0.5,0.05504384104694639
1759,0.0,0.026858944284381632,0.09605607796089574,0.002793139248387888,0.5,0.03171366155147552
1760,0.0,0.10352796647021292,0.10109311462368582,0.03087045903763889,0.5,0.10175898919502895
1761,0.0,0.219380202405047,0.10318133793468855,0.023290387228674565,0.5,0.10459434737761815
1762,0.0,0.008454972802390848,0.09328879577312056,0.003762649171403609,0.5,0.015797650814056395
1763,1.0,0.14751545371622896,0.09918859962742296,0.033669329206035895,0.5,0.137001480568539
1764,0.0,0.13869560164504618,0.09723130568361853,0.011942988651571795,0.5,0.06657979488372803
1765,0.0,0.008913226536622382,0.08911511055042695,0.0032383204430944342,0.5,0.01903372915352092
1766,1.0,0.03009496941990218,0.09160974664500049,0.023662302701268345,0.5,0.07768171280622482
1767,1.0,0.0432654025077947,0.09109121286223518,0.014713331125676632,0.5,0.058035159340271585
1768,1.0,0.08716064037022123,0.09554368799360723,0.03003102045622654,0.5,0.07339203357696533
1769,0.0,0.017767909704375646,0.09655261102318155,0.016645491302299958,0.5,0.03738868809663332
1770,1.0,0.029501945839603614,0.09444761336654531,0.012691513038589619,0.5,0.04786841943860054
1771,0.0,0.0013581959435056091,0.0850187366377808,0.0019591013681040043,0.5,0.0210873501168357
1772,1.0,0.01685334753657448,0.08136602178498499,0.009036676713118428,0.5,0.03891834302952415
1773,0.0,0.0025112631769138357,0.07830596681762086,0.0051281985271578795,0.5,0.02831382705615117
1774,1.0,0.03275016376561741,0.08131175759045846,0.018950389832473144,0.5,0.05606136642969572
1775,0.0,0.04444565157166051,0.07899512604686487,0.008336956413889615,0.5,0.06320598969856898
1776,1.0,0.09073170333363303,0.08011096857784145,0.01656153516378254,0.5,0.07094272971153259
1777,1.0,0.056184204005879174,0.08121242577023065,0.01560950167477131,0.5,0.047794912258783975
1778,1.0,0.20593679162394962,0.08566344023156498,0.025177061126062956,0.5,0.12387970338265102
1779,1.0,0.17218805535823728,0.08957916971002497,0.01973671212770222,0.5,0.07128382154873439
1780,1.0,0.18769627701155014,0.09287081563175636,0.020886321052737338,0.5,0.07480663531704952
1781,0.0,0.12838425263072292,0.0905332261823028,0.010269918473204598,0.5,0.08128071725368499
1782,1.0,0.07724841284247608,0.09018740087990072,0.014949999167583883,0.5,0.05566432384344248
1783,1.0,0.07951623186827846,0.09090377293713248,0.018914234979699057,0.5,0.07274047202534145
1784,0.0,0.05207075799004167,0.08740779363590868,0.0033668063551886007,0.5,0.05417274311184883
1785,1.0,0.11737470774090185,0.09018128873565667,0.02221243813013037,0.5,0.09264022360245387
1786,1.0,0.024497666558205785,0.09471268639749322,0.02261542743912691,0.5,0.041304816802342735
1787,1.0,0.03523422197965106,0.09490427450674001,0.01828865325983821,0.5,0.06991349988513523
1788,0.0,0.13719119376374986,0.0968363532367361,0.02378278224496171,0.5,0.13243770301342012
1789,0.0,0.22992330792591095,0.09596260824488154,0.014653683839631932,0.5,0.11398647512708392
1790,1.0,0.20755809489576552,0.10084966746692174,0.025245535438443767,0.5,0.09052315913140774
1791,0.0,0.12964315010249788,0.10329549357499508,0.02356984026199724,0.5,0.07493425740136041
1792,0.0,0.0849385777237523,0.09886335243190622,0.003421800800424535,0.5,0.05022500455379486
1793,0.0,0.018937831443954698,0.09465802621563735,0.004951384372543543,0.5,0.04093370139598847
1794,1.0,0.021808042180370288,0.09610926575497004,0.021818526454312218,0.5,0.06525352597236633
1795,0.0,0.004260900683706401,0.0910621468506072,0.0029838013637345285,0.5,0.03628198802471161
1796,0.0,0.01581447992624762,0.08813743423782498,0.00986472768515038,0.5,0.04283903704749213
1797,0.0,0.19714333809516443,0.09672735367727556,0.02919877661808737,0.5,0.10166200995445251
1798,0.0,0.19079255891025254,0.09407050364633339,0.004382707818876952,0.5,0.04994542648394903
1799,1.0,0.061895917000793985,0.09291401359516098,0.014914989287111288,0.5,0.06297256176670392
1800,0.0,0.04035514446357857,0.08994520271751634,0.003965955851266959,0.5,0.04346461381231036
1801,0.0,0.010074809036466924,0.08715658791698604,0.003968835675290653,0.5,0.040691686528069634
1802,1.0,0.027139380562298126,0.08737491269053617,0.01638728565409441,0.5,0.06958300010724501
1803,0.0,0.0009615088530723977,0.08559736209781817,0.010721192977048065,0.5,0.037177904656058865
1804,0.0,0.0001290515337112631,0.08213281348286,0.0033412950191025934,0.5,0.032656379871898226
1805,1.0,0.15073238986371235,0.08702044356917242,0.027224642864894122,0.5,0.12992493559916815
1806,1.0,0.28149634455673483,0.09428815689271378,0.03254176379862027,0.5,0.11638673222981967
1807,1.0,0.12372290930457588,0.09603573031899208,0.01924653590643121,0.5,0.06946621046346776
1808,0.0,0.03309901316984975,0.09163677326131928,0.004850974819749932,0.5,0.03129537539048628
1809,1.0,0.3583176668442017,0.10587416418887227,0.03976655291917268,0.5,0.1391245111823082
1810,0.0,0.07320392754477523,0.10194313547029478,0.011388572260329966,0.5,0.05028901435434818
1811,0.0,0.05820813416446721,0.10082506242351258,0.015135191891911544,0.5,0.07513051562839085
1812,1.0,0.06206597079507839,0.09947844566722064,0.01685993664432317,0.5,0.05481781482696533
1813,0.0,0.048199233568977096,0.09732669015735645,0.014667842614774903,0.5,0.06509615778923035
1814,0.0,0.021674666901475306,0.09718469052528703,0.016285296810868505,0.5,0.047777886192003884
1815,0.0,0.012275232504208203,0.09469692682908147,0.01298736681664278,0.5,0.03774626349860972
1816,0.0,0.0008480375031844128,0.08985093916990937,0.005460880430681365,0.5,0.023308286709444865
1817,1.0,0.008923523661597425,0.09117571288059145,0.01903490925906226,0.5,0.04649584082996144
1818,0.0,0.00070505023685839,0.08513648173179589,0.002639018912584736,0.5,0.023516455521950357
1819,0.0,6.5029406392175195e-06,0.08303652276431861,0.009815292516058045,0.5,0.026703488259088425
1820,0.0,8.728099179146433e-07,0.07974772734357914,0.0032792387258571884,0.5,0.029331374499532912
1821,1.0,0.028346610221623044,0.081400007511051,0.01692231036334609,0.5,0.06633527701099713
1822,1.0,0.022600981460374016,0.07910170257229962,0.010142460662228544,0.5,0.03798782115890866
1823,1.0,0.10184809709272413,0.08528393105167437,0.028859769556826603,0.5,0.08480529983838399
1824,1.0,0.0943732061002322,0.08608002381954931,0.017830214084824547,0.5,0.07148180603981018
1825,1.0,0.06202884060523342,0.08756340744877224,0.018981552042532712,0.5,0.05445812069452726
1826,0.0,0.0016758680051984808,0.0811348564814014,0.0041335350221121,0.5,0.020672961285239773
1827,0.0,9.213181791667502e-05,0.07725961707315333,0.004078536813792128,0.5,0.02811946777197031
1828,0.0,0.02030837669496925,0.07449817348219137,0.007793811693166693,0.5,0.037356995400928315
1829,0.0,0.04606111780266673,0.08111466667712271,0.027957852446259215,0.5,0.06437437809430636
1830,1.0,0.042836686188281195,0.08293477219682364,0.014634403749369085,0.5,0.046941651238335505
1831,1.0,0.15063913341466256,0.09096420273806831,0.02839694797512493,0.5,0.08458301983773708
1832,1.0,0.1225658369742668,0.09213170682649574,0.01910146658192389,0.5,0.07044697105884552
1833,0.0,0.13475879093871637,0.09347443336191835,0.020678688201587647,0.5,0.09693487882614135
1834,0.0,0.01599286193252803,0.08660007902523795,0.009102005925443437,0.5,0.033567174717232036
1835,0.0,0.0027685389126769384,0.0841119916372058,0.006291172689419578,0.5,0.030474188652905552
1836,0.0,0.0004644837534238615,0.08118150068026331,0.003454392855928745,0.5,0.038114458322525024
1837,1.0,0.04062279541073352,0.08351779640215717,0.018001495879919577,0.5,0.06572465350230534
1838,1.0,0.0282782533030543,0.08263212405181947,0.012770742998414096,0.5,0.037272016207377114
1839,1.0,0.07189911581614741,0.08450951915498817,0.021491854859050363,0.5,0.08739739283919334
1840,0.0,0.4194307196568934,0.10100641085121136,0.03652803430062098,0.5,0.11991523206233978
1841,0.0,0.16262577387034835,0.09492893092097808,0.0028322583212601867,0.5,0.03097195787863298
1842,1.0,0.0772157945917772,0.09483153845552521,0.017916309949941932,0.5,0.0732464998960495
1843,0.0,0.022608378332863735,0.08941292607958154,0.002857154261701825,0.5,0.03375227613882585
1844,1.0,0.02868882401515823,0.09258775622222046,0.023856460564554885,0.5,0.0581264656323653
1845,1.0,0.01595883778031234,0.09056834427533209,0.013417742043384352,0.5,0.03892767876386642
1846,0.0,0.007217286338858138,0.08710914047448019,0.004906276316614821,0.5,0.03860193490982056
1847,0.0,0.1835412812441206,0.09134626474499513,0.02041698337542703,0.5,0.08639822187631027
1848,0.0,0.08491516966462433,0.0878350042714927,0.00924108571683367,0.5,0.0529786229133606
1849,1.0,0.11692108471459271,0.09057741729026339,0.024349741998594254,0.5,0.0751434326171875
1850,0.0,0.06926910530110125,0.09111800311669767,0.01626056994064129,0.5,0.0670311339199543
1851,1.0,0.082566564350479,0.09614517952593957,0.028395251988863144,0.5,0.05834407072800856
1852,1.0,0.05429214688206821,0.09522752740758358,0.016067140354690226,0.5,0.06512364474209872
1853,0.0,0.14126205431103464,0.09749374662412555,0.019274912076070905,0.5,0.06401941524102138
1854,1.0,0.1168487233569579,0.09700819896934545,0.017458934866590427,0.5,0.06968282759189606
1855,0.0,0.0809273463770682,0.0953204670197971,0.012789394106948748,0.5,0.06986090540885925
1856,0.0,0.037279139380294535,0.09092335001561565,0.003192949309272485,0.5,0.03842224677403768
1857,0.0,0.01828960628316122,0.08533662645613525,0.007140915001989068,0.5,0.04159040135495803
1858,0.0,0.027124623306990503,0.08506648254615749,0.01371633968083188,0.5,0.06079206168651581
1859,0.0,0.06659063091497612,0.08670782148364589,0.01976459527345882,0.5,0.08466170050881126
1860,1.0,0.09410980766757723,0.08870022871750534,0.019647071429062635,0.5,0.07431369381291526
1861,0.0,0.06811267954610602,0.08542365072199445,0.0035559515963541344,0.5,0.037334099411964417
1862,1.0,0.03834380809582496,0.08485779876422118,0.014096546107724022,0.5,0.058168723033024713
1863,0.0,0.03175902630593044,0.08304676990566086,0.010731223346242174,0.5,0.05540018460967324
1864,1.0,0.29184216458603596,0.09487175143438689,0.034746511839330196,0.5,0.12285922136571673
1865,0.0,0.08836388812418258,0.09601244160492724,0.018170029467331584,0.5,0.05754162235693498
1866,1.0,0.17587420720957822,0.10469656749828825,0.03493475090363063,0.5,0.08948538266122341
1867,1.0,0.10353335659039624,0.10490467672795192,0.01979939231850122,0.5,0.063419985500249
1868,1.0,0.04962419568317976,0.10358407669810606,0.01692758725922821,0.5,0.04959801265171596
1869,0.0,0.12689614720151257,0.10642666219077379,0.028692170538389208,0.5,0.11187167059291493
1870,1.0,0.07954508326619769,0.10475141445770068,0.01790045964746521,0.5,0.05228284345223354
1871,0.0,0.019873613110085796,0.09820610411408999,0.0027826843486929483,0.5,0.035485652360049164
1872,0.0,0.0077417317910302656,0.09285558365023436,0.009158037015004084,0.5,0.03555886447429657
1873,0.0,0.06765085593034109,0.10192483131222282,0.035116580811639625,0.5,0.08206708828608195
1874,1.0,0.05666478311019563,0.09962873283660083,0.014359044371910082,0.5,0.061291548113028206
1875,0.0,0.2553942973563603,0.10755523373049541,0.030226251185272952,0.5,0.10672204835074288
1876,0.0,0.19360298577869833,0.10624439192174776,0.01796168500247101,0.5,0.08394943674405415
1877,0.0,0.05684509869344839,0.10291779392525777,0.011964280547824903,0.5,0.04779729934839102
1878,0.0,0.005748550830845692,0.09723810905121433,0.00945319801777307,0.5,0.03327371415339018
1879,0.0,0.04796037315240824,0.09378467564629876,0.013103347448834582,0.5,0.04942667354708132
1880,1.0,0.08269641851533711,0.09418829185576766,0.019094649592362758,0.5,0.08618154293960995
1881,0.0,0.06999183807765468,0.09776423269563374,0.024327280483703362,0.5,0.06456785462796688
1882,0.0,0.025906884100273014,0.09595870101322374,0.012542530142430527,0.5,0.048545648654301964
1883,0.0,0.01712032465228573,0.0944427335803982,0.012840731954202055,0.5,0.05408279150724411
1884,1.0,0.030569458384663344,0.09506835392798767,0.019004346472987283,0.5,0.06604085117578506
1885,0.0,0.049540043026440134,0.09433126466746651,0.015053484721907548,0.5,0.08022811157362801
1886,0.0,0.0018534526444887152,0.08898236942787374,0.008261770245888712,0.5,0.02985193698029769
1887,0.0,0.004325861879929757,0.08918978530487394,0.014675894187530503,0.5,0.05213668793439865
1888,1.0,0.01802168145221577,0.08442187407636785,0.008939694811653515,0.5,0.03701866621320898
1889,1.0,0.029980252912259444,0.08527062872704952,0.0163999157417233,0.5,0.055226841143199375
1890,1.0,0.03158397225484708,0.08989768460309809,0.024449895950965583,0.5,0.054494286222117286
1891,1.0,0.026973981796282458,0.09175422141875092,0.019895912048273852,0.5,0.05289099897657122
1892,1.0,0.0602539203685677,0.09262171456042781,0.01984782472572988,0.5,0.08707012608647346
1893,0.0,0.024485905100969298,0.08947864162261959,0.009804833608487731,0.5,0.043781589059268725
1894,0.0,0.03830035512507868,0.08842523025527493,0.012300504004815593,0.5,0.0673476666212082
1895,0.0,0.045752264796253994,0.08736004748276427,0.01208018910838291,0.5,0.06007774770259857
1896,1.0,0.024580426235271916,0.08863841607558041,0.015656528253910236,0.5,0.044036921527650624
1897,1.0,0.17125664994288192,0.0939707722893422,0.02635123851775591,0.5,0.11003009762082781
1898,0.0,0.1073145872568802,0.09174548105405265,0.011307083477731794,0.5,0.053468821140436024
1899,1.0,0.05415656536243561,0.09444635758770643,0.023028119413841825,0.5,0.0598264808456103
1900,0.0,0.007921507151361128,0.08988272246860496,0.004331253881735558,0.5,0.0331301364031705
1901,0.0,0.017173947645827196,0.08570672858175833,0.008158390257449355,0.5,0.04374442994594574
1902,1.0,0.030682671013628395,0.08518506443640794,0.013380982027488894,0.5,0.05219012924603054
1903,0.0,0.03425730874332458,0.08413419777880952,0.011662482532714917,0.5,0.05870847539468245
1904,1.0,0.011351635018672382,0.08333162444715742,0.013223852086494762,0.5,0.03469946032220667
1905,0.0,0.0863592808558358,0.08604681786202657,0.014828576419789057,0.5,0.052891555887002215
1906,0.0,0.03147895508370378,0.08264858702675836,0.00862594296146805,0.5,0.038447103566593595
1907,0.0,0.018037532609975215,0.07916765226955591,0.007794709010825803,0.5,0.038858050107955934
1908,0.0,0.0019749481055917916,0.07538062149921274,0.003870756145960723,0.5,0.02489424439576956
1909,1.0,0.03587485696312497,0.07850802521438302,0.020711860836441207,0.5,0.06939879330721768
1910,1.0,0.03549171778080676,0.0768745065220605,0.010423856534009032,0.5,0.04563429688706117
1911,0.0,0.03586938433690755,0.07484050479574807,0.0036885094762380633,0.5,0.04474539416176932
1912,1.0,0.015710575186358454,0.07426478863198169,0.010449077140677858,0.5,0.029661008605250606
1913,1.0,0.04560231282529431,0.07667501490948844,0.01754157651269522,0.5,0.05535326095727774
1914,1.0,0.08743544058744247,0.07885980987466329,0.020827415566600394,0.5,0.08531806617975235
1915,0.0,0.23966347854496461,0.09205055429624727,0.03291296973184217,0.5,0.10106821209192277
1916,1.0,0.029203011917216984,0.0899598155753013,0.0132495626761659,0.5,0.034335951442303864
1917,1.0,0.09804659505252286,0.09505222134714622,0.021263229539212974,0.5,0.06733039798943893
1918,0.0,0.057970187750626276,0.0909520739403137,0.004540344851557165,0.5,0.04475639760494232
1919,1.0,0.12181431074667344,0.09508336318900981,0.026145670204035316,0.5,0.08491272727648418
1920,1.0,0.1160662206201801,0.0966302224943498,0.019814254375108118,0.5,0.07483221590518951
1921,0.0,0.1477368929623687,0.09808429439110786,0.020295814028941095,0.5,0.09281413753827412
1922,0.0,0.04092584506594675,0.09167015794635258,0.008164530783514715,0.5,0.0435423439457303
1923,0.0,0.0655183248641367,0.09108157302911439,0.014201225667622767,0.5,0.07954615354537964
1924,0.0,0.07287754440282149,0.08805480848837366,0.0036300463834777474,0.5,0.05062951786177499
1925,1.0,0.01764590059322072,0.09021194784615803,0.01642089878441766,0.5,0.04075101153417067
1926,1.0,0.03251152361869752,0.08850641340490824,0.01286735956539185,0.5,0.05508015705988957
1927,1.0,0.048189019893609686,0.08953255022377951,0.01828519738531516,0.5,0.05849588165680567
1928,0.0,0.058003978218329436,0.0886182146366005,0.013639787648571655,0.5,0.0870320275425911
1929,0.0,0.348894976506535,0.10003611894583979,0.0384203984249325,0.5,0.13976113870739937
1930,1.0,0.413508881027404,0.11074757305351561,0.03727616951800883,0.5,0.1284043010738161
1931,0.0,0.023579314193424922,0.10999411572949103,0.0196000911898657,0.5,0.04397755725817247
1932,0.0,0.008427163363648751,0.10491015443039545,0.003240243371692486,0.5,0.045424990355968475
1933,0.0,0.0007238878208984153,0.09820184744098039,0.0026447208471257577,0.5,0.031121990897438744
1934,0.0,6.676686685094189e-06,0.0893726834997486,0.004544633066481245,0.5,0.019360863736697605
1935,0.0,1.5034561833529887e-07,0.08319613265328543,0.004265462668092155,0.5,0.018897693823365605
1936,0.0,1.0331672221552112e-08,0.07946060612767956,0.004154197148939905,0.5,0.024119459092617035
1937,0.0,0.008108527847397087,0.07841450851241019,0.010451881343033164,0.5,0.04369853834311167
1938,0.0,0.2132177992587175,0.08694210615608441,0.02139898649497459,0.5,0.07362463497198544
1939,0.0,0.1823659966685847,0.08419265722836108,0.003635750227009079,0.5,0.03482850534575326
1940,0.0,0.06081234015848803,0.0852635394972159,0.014352030833140902,0.5,0.05044621442045484
1941,0.0,0.011255410950044691,0.08055487583817222,0.007939441374037414,0.5,0.027350748777389525
1942,0.0,0.02036528215219726,0.07897681499960615,0.010232223785186017,0.5,0.0520934598012404
1943,0.0,0.03943800907752919,0.0798065899957003,0.015599456237396225,0.5,0.06296627223491669
1944,1.0,0.07317237693699116,0.08121049739734323,0.01832241376137568,0.5,0.09085512492391798
1945,0.0,0.047709249224093336,0.08119572078835724,0.012605964628164656,0.5,0.04448065782586733
1946,1.0,0.05287448351231957,0.08110957945463365,0.013992477974776799,0.5,0.0670213761428992
1947,0.0,0.05007085345198184,0.08098840024344942,0.01301206226926297,0.5,0.056076614558696745
1948,0.0,0.051845657764404335,0.08077295923772045,0.013817292834573891,0.5,0.06387992948293686
1949,1.0,0.16355776155282467,0.09033474951395581,0.03298079496380524,0.5,0.09526938386261463
1950,0.0,0.058423642730855284,0.08510395739900128,0.002613138116430491,0.5,0.024215434085239063
1951,1.0,0.0503485211396504,0.08563560655916667,0.016999830177519472,0.5,0.0779409497976303
1952,1.0,0.14428614911758075,0.08978308106887245,0.021471587475389242,0.5,0.08299394365813997
1953,0.0,0.08515775316133554,0.08628251284052199,0.0047503081150352955,0.5,0.03004031479358673
1954,1.0,0.03775460003661161,0.08934205037499535,0.022336729735028572,0.5,0.05924072632422814
1955,0.0,0.03219724943934357,0.08793954243764898,0.012098909874277359,0.5,0.056863806464455345
1956,1.0,0.19823222277322844,0.09273937012431333,0.030735524685587733,0.5,0.14422994554042817
1957,0.0,0.004171619900871505,0.0851504117227594,0.007524306606501341,0.5,0.022622886300086974
1958,1.0,0.12128946928477422,0.08970973205609482,0.022662110135166183,0.5,0.07948595782121022
1959,0.0,0.12881705821679937,0.08938907494142119,0.01474396587582305,0.5,0.0682503945297665
1960,1.0,0.002108784016930707,0.08368597840211961,0.010410539505347533,0.5,0.017725211016985834
1961,0.0,5.93569932053375e-05,0.077772838214493,0.0031863471122051124,0.5,0.02263541892170906
1962,0.0,0.023863722380168963,0.07796865969385765,0.012951372057432308,0.5,0.06506369709968567
1963,0.0,0.11701724364429111,0.08022781214661291,0.018927463778079703,0.5,0.0920138404919551
1964,1.0,0.2685339525673887,0.08734260503941406,0.03133438901568297,0.5,0.11484894653161366
1965,1.0,0.2592012251891714,0.08870982460753953,0.020988953991036396,0.5,0.09025513008236885
1966,0.0,0.04739541427999836,0.08365573612593033,0.003786490733126322,0.5,0.026187192935210008
1967,1.0,0.14438497648563559,0.0890424251619948,0.025786192925547118,0.5,0.10182334908417293
1968,1.0,0.19155054782042297,0.09785114348847729,0.025356282833784532,0.5,0.06781688676430629
1969,1.0,0.15478573236107934,0.10280547598201217,0.023115166465488626,0.5,0.06945472566977791
1970,1.0,0.12566179999670413,0.1035895387314491,0.020336083114111368,0.5,0.07873312785075261
1971,0.0,0.23861693689945013,0.10975659009037043,0.03043813127271064,0.5,0.11465934970799614
1972,0.0,0.15382677421805274,0.10771966394731153,0.016142489410412963,0.5,0.06761815026402473
1973,1.0,0.12810348099999494,0.11510304774475869,0.03108832530311442,0.5,0.08085464437802632
1974,0.0,0.07272408868363653,0.10952442667202625,0.0030723717209184542,0.5,0.04474571347236633
1975,0.0,0.03771540834178781,0.10591626192119528,0.003889123268891126,0.5,0.0552141418059667
1976,0.0,0.00604890790032584,0.10148530040516754,0.0049710188436114956,0.5,0.038822429047690496
1977,1.0,0.01018998763337344,0.10123890613253268,0.01788996937830234,0.5,0.050845133140683174
1978,1.0,0.04526669358670092,0.10251414084008709,0.02299090437979127,0.5,0.08095984988742405
1979,1.0,0.05096908145399687,0.10102424129485296,0.015496940066805109,0.5,0.07039570808410645
1980,0.0,0.01642692885631005,0.09522119759624732,0.002671926055336371,0.5,0.03740276694297791
1981,1.0,0.2120931394086784,0.10741994973642159,0.034466075350619144,0.5,0.0975983895006634
1982,0.0,0.144446700468241,0.10393109995017759,0.003909393553234016,0.5,0.06038697063922882
1983,1.0,0.012603404511344335,0.09538834342409783,0.008461360756579476,0.5,0.03657884274919828
1984,0.0,0.0043193293421834224,0.091206208355695,0.004542183689773082,0.5,0.04152346849441528
1985,1.0,0.037687602484427374,0.0918704075633255,0.017347187228733674,0.5,0.07860272228717805
1986,1.0,0.05295240547331543,0.09274772478052211,0.018721647687595,0.5,0.06469648534601385
1987,0.0,0.08951995111862382,0.09582768614537159,0.021553231177676935,0.5,0.08708451129496098
1988,1.0,0.10178615103675905,0.09440759745360533,0.01413137787445025,0.5,0.06472772630778226
1989,1.0,0.06954831514099638,0.09372180913247119,0.015422410663450136,0.5,0.06687246561050415
1990,0.0,0.015208809296992578,0.089148830951438,0.004299115823497149,0.5,0.03684571927244013
1991,1.0,0.09667643081525087,0.09381824516804586,0.023959280664712423,0.5,0.08536484465003014
1992,0.0,0.13159905451318887,0.09726092665224972,0.024818948679603638,0.5,0.08753629724184672
1993,1.0,0.019976246831723096,0.0935344588307777,0.011832393599130834,0.5,0.04008950789769491
1994,0.0,0.10737462728892823,0.09546266666921151,0.01842180358445538,0.5,0.08347455518586296
1995,1.0,0.07945472868006767,0.09591712442136219,0.017569336019313105,0.5,0.05345985522637001
1996,1.0,0.0923677604299399,0.09175807275162913,0.01202967780784914,0.5,0.04865937655971896
1997,1.0,0.09933386167151496,0.09141742896075815,0.015752142026030924,0.5,0.0686053242534399
1998,0.0,0.06280133077982956,0.08845838892810498,0.009514634573581414,0.5,0.07253928826405452
1999,0.0,0.10890976765458912,0.09299504522530001,0.024066936656120506,0.5,0.07553284133181852
2000,1.0,0.023325283486779345,0.0928585317513144,0.014931953363379257,0.5,0.04730485876401266
2001,1.0,0.031966003850637775,0.09235228218819957,0.015628564113285393,0.5,0.06721343696117402
2002,1.0,0.03463076653139765,0.08985011178604346,0.011884988310824459,0.5,0.0445683737595876
2003,0.0,0.01397491490589289,0.0853768521639735,0.004698672999018947,0.5,0.043544184703093305
2004,0.0,0.04221595443961092,0.0840837526312917,0.011301825663799213,0.5,0.08829469813240899
2005,0.0,0.08692753957607255,0.08557088808154349,0.018601598106959664,0.5,0.08843631906942888
2006,0.0,0.05189056538234609,0.08219296469573628,0.004108409339096397,0.5,0.041576287150382994
2007,1.0,0.04657064640622843,0.08481595394661803,0.02150581986643374,0.5,0.07257052659988403
2008,1.0,0.05234970390393747,0.0924343802114245,0.027382622196455486,0.5,0.0660918727517128
2009,0.0,0.004572903182044464,0.0833381507605594,0.006532777966640424,0.5,0.03274998627603054
2010,0.0,0.036064269676866725,0.08385032760157,0.01518512747134082,0.5,0.09464281052350998
2011,1.0,0.0752913309269084,0.08614659956083921,0.020806890964740886,0.5,0.07246770858764648
2012,0.0,0.029465138852841594,0.08269522116751873,0.004026010149391368,0.5,0.043344122171401975
2013,1.0,0.020976764687355286,0.08517278938337644,0.017612581646972103,0.5,0.05241982452571392
2014,0.0,0.01692460043279522,0.07883187019164418,0.006129030582749031,0.5,0.03659736703742634
2015,1.0,0.040487205892528966,0.07929918342308397,0.014452300346668133,0.5,0.0653330764987252
2016,0.0,0.005507296236236555,0.07462311768284338,0.004534657741284096,0.5,0.03597287441554822
2017,0.0,0.00024221344997396382,0.07079270958566089,0.003189127135556191,0.5,0.03371735768658774
2018,0.0,0.0032188115206922855,0.0691774437381728,0.004389959478026463,0.5,0.0462675541639328
2019,0.0,6.166017877935865e-09,0.061043306880566216,0.004106015656577518,0.5,0.023725034574330863
2020,0.0,0.016603814527471908,0.06200280618824375,0.00928615269731381,0.5,0.043449485674500465
2021,1.0,0.030514106309507724,0.06078268900592839,0.006843420063627751,0.5,0.03265532798000744
2022,1.0,0.06643329997558649,0.06587432674090264,0.01647053847555071,0.5,0.05815908710161845
2023,0.0,0.0052285818764377795,0.061490530893425446,0.002499742488572864,0.5,0.024891389043707596
2024,0.0,0.04832222064229977,0.05837184172282343,0.005329099391394901,0.5,0.02415602784308176
2025,0.0,0.11738147607458482,0.05861262080583529,0.005984304278778533,0.5,0.06118190040191015
2026,0.0,0.00010582167540599678,0.05198774737504115,0.002184453264099399,0.5,0.018777892777794285
2027,0.0,6.707245517278448e-08,0.04949640140135927,0.0028508591067017705,0.5,0.018987196864503803
2028,0.0,0.02605079077038373,0.05260648382652833,0.0068866183395467455,0.5,0.028060083908419454
2029,1.0,0.08037783422492656,0.06351757764736418,0.02165671299897238,0.5,0.04971020089255439
2030,0.0,0.06642448149104647,0.06375039902161116,0.010348093858920038,0.5,0.05602638870477676
2031,0.0,0.143913636483176,0.06389917315607761,0.007693788562615386,0.5,0.030751731573489673
2032,0.0,0.23797151149996995,0.06654636532232222,0.009761957900385218,0.5,0.048699215364952884
2033,0.0,0.07788812123214617,0.0649832877126192,0.007270931372962271,0.5,0.03372137496868769
2034,0.0,0.015983615115258105,0.06042998572280173,0.004746056544051195,0.5,0.023347995181878408
2035,0.0,0.013436599095255655,0.05934716462611692,0.0038431061431765555,0.5,0.030374205112457274
2036,0.0,0.11206713594413895,0.05965424229817817,0.006530709881239813,0.5,0.02562876831587047
2037,0.0,0.12376231286950364,0.0651651679893938,0.013594350561033934,0.5,0.05237000912427902
2038,0.0,0.010422344869681627,0.05849799818581822,0.003987252709015997,0.5,0.016368610991372004
2039,0.0,0.04624880355855449,0.056062344608448625,0.005356516873143846,0.5,0.01874660300090909
2040,0.0,0.01963100525831179,0.05427200920927916,0.0028077305926542196,0.5,0.019285202558551515
2041,0.0,0.007967282571338581,0.05384837054494329,0.003892435983289033,0.5,0.025873603920141857
2042,0.0,0.028026319747715456,0.05764974379119509,0.012508407772710436,0.5,0.035406392286805546
2043,0.0,0.1004646687967792,0.06473973181625736,0.01008318650376707,0.5,0.026667755649045662
2044,0.0,1.049743980389106e-10,0.047796231900403933,0.002229343160122101,0.5,0.01217045315674373
2045,0.0,0.0007174672687445334,0.04461704052043092,0.0018062177676862726,0.5,0.013333036750555038
2046,0.0,0.13717475114933592,0.053323510528049914,0.005768013606460667,0.5,0.020051300211956627
2047,0.0,0.01860161661558352,0.04903914194362511,0.0031919388012483533,0.5,0.01585515788415583
2048,0.0,0.014220981498376806,0.0489548058494331,0.0038481305652697173,0.5,0.01920873618551663
2049,0.0,0.11914128404452146,0.05299054208265877,0.01247078034793958,0.5,0.060932249296456575
2050,0.0,0.015642727911578405,0.04866744105976538,0.0030979534009626755,0.5,0.015531291771266196
2051,0.0,0.01967720444101245,0.04881886003639638,0.0059476224560057744,0.5,0.02450393931940198
2052,0.0,0.27446873021541396,0.05916109076646601,0.025815720782182843,0.5,0.10926739871501923
2053,0.0,0.1463693176068676,0.05694592756240002,0.0026453281036363198,0.5,0.015219293534755707
2054,0.0,0.027078453061125995,0.05150345319443062,0.004115358562557958,0.5,0.0165880841055983
2055,1.0,0.16490676854911515,0.05197119227670233,0.006051262103772553,0.5,0.037569201636043464
2056,0.0,0.11185515210203678,0.05303880901246616,0.007230035509063123,0.5,0.03632025549124027
2057,0.0,0.012353033420984877,0.04855475086887173,0.0033237564602424784,0.5,0.013077236080573778
2058,0.0,0.02116087570437192,0.05028810929322809,0.005418718545971548,0.5,0.022222699268775827
2059,0.0,0.04742459632897303,0.05214622014152779,0.010006927675567568,0.5,0.039448194205760956
2060,1.0,0.07893379293416176,0.052076244786441295,0.005243070312894369,0.5,0.024890221071009543
2061,0.0,0.027036041603759626,0.05057560217784722,0.0044280799408443275,0.5,0.022440449595451356
2062,1.0,0.07750989428906924,0.049940539123482446,0.004793826244114076,0.5,0.023143081980593064
2063,1.0,0.27815498999019506,0.05981932114276801,0.020719776508699665,0.5,0.08538938532857333
2064,0.0,0.022234563977699167,0.051711842712091866,0.0027347048756943895,0.5,0.016213625035387404
2065,0.0,0.025336706670946837,0.0476769041018183,0.0030039562028832734,0.5,0.02191482995237623
2066,0.0,0.03691743076875113,0.0486849690375535,0.004022132689391987,0.5,0.027072143775445444
2067,0.0,0.1372663795914535,0.0527927387314292,0.007018132707410742,0.5,0.031000681403206616
2068,1.0,0.12184774258891076,0.05629180939296084,0.01038175169378519,0.5,0.053385195486685806
2069,0.0,0.004023349170076296,0.050275592868444435,0.0016112749393458567,0.5,0.013149517678445386
2070,1.0,0.33495990940278664,0.057136819567473456,0.008290771314932499,0.5,0.04500176651137216
2071,0.0,0.37658836337640633,0.05805747864291894,0.010857883353310172,0.5,0.07010258361697197
2072,0.0,0.00014589374483847583,0.049073387730363675,0.0013360609462874573,0.5,0.010945514191028684
2073,1.0,0.06424537929485105,0.050451915599876176,0.005334316303663589,0.5,0.0227048692275893
2074,1.0,0.2200998706364209,0.0573068526233665,0.01058322329558187,0.5,0.046243848377152494
2075,0.0,0.28888680709431347,0.06875711169853586,0.01543862373121859,0.5,0.05795563467674785
2076,0.0,0.06671936343828766,0.06478815767238885,0.004989145182710337,0.5,0.03626670257041329
2077,1.0,0.07154131609106648,0.06563228700756205,0.00998637079361028,0.5,0.04237930689539228
2078,0.0,0.05114938528554519,0.0640662427603817,0.006722298330714693,0.5,0.04167612083256245
2079,0.0,4.23965663573316e-06,0.051250705620908846,0.0012402224040124565,0.5,0.011067970693111419
2080,0.0,0.02460794859989695,0.04906961252359185,0.00387995722966509,0.5,0.022825241569549806
2081,0.0,0.023800675430415617,0.048273123419489465,0.0027807719307020307,0.5,0.02618810161948204
2082,0.0,0.07637755941710972,0.0569750770464935,0.013140038061343754,0.5,0.05735347320636113
2083,0.0,0.23177034625352494,0.05966749783817546,0.008043186531656168,0.5,0.03339026814157313
2084,1.0,0.0781505298403389,0.06020981795866108,0.007678373532835394,0.5,0.042139103710651396
2085,1.0,0.2864273462507878,0.06820348576217701,0.0233098227220277,0.5,0.10608905553817749
2086,0.0,0.42957393292844015,0.08165481588591453,0.02808704055205453,0.5,0.12837051525712012
2087,0.0,0.034488676180835176,0.07508731735365437,0.005817586920413844,0.5,0.03691092685416893
2088,0.0,2.3188812825529865e-07,0.06143153779844602,0.002885224935919817,0.5,0.015187082876419199
2089,1.0,0.0466549265210358,0.06067919784560219,0.007373708583738493,0.5,0.04078663172929183
2090,1.0,0.10188048254384842,0.06278646091905007,0.01103211409645155,0.5,0.06304157245904207
2091,0.0,0.0002485786378289352,0.05422572834357052,0.0015074246147248362,0.5,0.013831109660012381
2092,0.0,0.0011730068145925818,0.05267003129992917,0.002679613015901011,0.5,0.02660283102439
2093,0.0,0.10633381092241229,0.05698846132814794,0.008311820513807942,0.5,0.040329618228448404
2094,1.0,0.18206387753331071,0.06045982309695603,0.013516549710542537,0.5,0.0761906378544294
2095,0.0,0.09591767349402103,0.05961969019886539,0.007891194568946958,0.5,0.04086324175198873
2096,0.0,0.11537047298589578,0.05960110701809906,0.008753613415385851,0.5,0.05134292217818173
2097,0.0,0.10072370717390379,0.058867233510351856,0.003946743621781934,0.5,0.0370654072612524
2098,0.0,0.02421039726815098,0.049082322606805735,0.002790650467758473,0.5,0.015970115669262715
2099,0.0,0.13838124873263857,0.05610026315849829,0.02102774172537745,0.5,0.08209106669976161
2100,1.0,0.05968902787260577,0.05457925687855723,0.005503539873946768,0.5,0.03378107522924741
2101,0.0,1.0733938141319515e-10,0.04154210691752803,0.0016248703218298033,0.5,0.010403481870889663
2102,0.0,0.005822342917095267,0.041699547423615764,0.002858439499201874,0.5,0.025567084550857544
2103,0.0,0.002155611934350247,0.04195200563431057,0.0028361965937969778,0.5,0.017367569108804066
2104,0.0,0.002051873886070129,0.04048762681634112,0.0017472644103690982,0.5,0.014118939638137817
2105,0.0,0.02697488397677713,0.04192796226689911,0.003792323523869171,0.5,0.020490794402101765
2106,0.0,0.05739377512513399,0.04376107665003516,0.008737906321502205,0.5,0.04334016144275665
2107,0.0,0.02458249676831574,0.045045627019924574,0.0051898215270529575,0.5,0.022499430638093215
2108,1.0,0.22707774831413635,0.05520172406369748,0.012310171013735738,0.5,0.04854835529585142
2109,1.0,0.06055801553232266,0.049744955191893,0.00368058806850092,0.5,0.020311364421138057
2110,0.0,0.03652313655278365,0.04891747148946416,0.004967510323261931,0.5,0.028688412337076096
2111,1.0,0.06076986056592577,0.04730854377911492,0.0044000810419674964,0.5,0.023108671233057976
2112,0.0,0.028228403203410454,0.04324775124236846,0.002093458443611734,0.5,0.015905607049748048
2113,0.0,0.02695211425280499,0.041923082295196035,0.0022901018864314,0.5,0.016417613682838585
2114,0.0,0.14741333478631685,0.04774337305616918,0.011407984836426164,0.5,0.057984690581049235
2115,0.0,0.028217759420367222,0.0468608455883249,0.004110781157376348,0.5,0.02243000724249416
2116,0.0,0.02496632361014918,0.047570645357663865,0.0050254310838006916,0.5,0.024648975701101365
2117,0.0,0.047499079561126756,0.050060129043112224,0.008258172521891538,0.5,0.030948548888166744
2118,0.0,0.001626307477479151,0.04221904243901655,0.0015133665393754516,0.5,0.009284372023050335
2119,1.0,0.07986777548371571,0.04610432398173337,0.014015226820695469,0.5,0.0758240439675071
2120,0.0,0.34450610313676167,0.06280679857546795,0.01701863063208293,0.5,0.053494860604405406
2121,0.0,0.02502339561896718,0.05061468761792287,0.0024790249202245227,0.5,0.0141019436220328
2122,0.0,0.11241592337282741,0.05219645420698584,0.007566817459354008,0.5,0.03515859083695845
2123,0.0,0.018790071416190036,0.044375682698931315,0.0024342119606813014,0.5,0.012161464536491829
2124,0.0,0.14999537882110434,0.05259227060255658,0.013089665840379894,0.5,0.05103826910257339
2125,1.0,0.0869922455907377,0.054400726095710235,0.00862158926947114,0.5,0.03673684768951856
2126,0.0,0.11768105441877397,0.047580666389386676,0.0034870609537452704,0.5,0.017009415141828767
2127,1.0,0.10377580446287728,0.04744830858462516,0.004380306522316281,0.5,0.02531218718664319
2128,0.0,0.166937904439403,0.048869056694610544,0.009696105477632954,0.5,0.05111272782087326
2129,0.0,0.00977692436672855,0.04708846081085251,0.0026320671809285327,0.5,0.015755561766801058
2130,0.0,0.015923829285214103,0.04642264665172305,0.00239088898524642,0.5,0.031313030049204826
2131,0.0,0.03405386192702941,0.04831165743296018,0.00868336003846847,0.5,0.03921617682163532
2132,1.0,0.1044818295576639,0.05364012341061309,0.014648989134002477,0.5,0.05536517407745123
2133,0.0,0.14663398565053273,0.06982302565220457,0.01312491566392729,0.5,0.0527300156569213
2134,0.0,0.09498195519982287,0.06758918945641561,0.007137107147303011,0.5,0.04110195061990193
2135,0.0,0.02003138504280971,0.05609436257389457,0.00332746072135006,0.5,0.015679317942032447
2136,0.0,0.019834767844739767,0.047165285608676874,0.0023519942462867636,0.5,0.01348015693101016
2137,0.0,0.027953254507185773,0.049168439229258086,0.005726393684238681,0.5,0.02639365180031113
2138,1.0,0.13586060379181214,0.050989053182996256,0.005391872455624657,0.5,0.02784753851001225
2139,0.0,0.1979860562120093,0.05951574731564763,0.018151322509982578,0.5,0.060092560592151824
2140,0.0,0.059601189689744316,0.05629268977732369,0.002171245232602814,0.5,0.0170761002227664
2141,0.0,0.031028723702740943,0.05515333000197332,0.002544071966050459,0.5,0.03438447628702436
2142,0.0,0.0011107936060743451,0.05218549596190212,0.00204087738529779,0.5,0.016559578892257478
2143,0.0,0.024340395091421337,0.052891102377050685,0.006505286844912916,0.5,0.03416690017495837
2144,1.0,0.06941610247053395,0.052974993208882576,0.005873622489161789,0.5,0.02600429888735426
2145,1.0,0.10797706669386184,0.05338176509187835,0.006127235338291419,0.5,0.02347045285361154
2146,1.0,0.07166996798209312,0.05201894462324903,0.005051420693317513,0.5,0.030441145835952324
2147,0.0,0.00571147883695823,0.03847728288690037,0.0011086054053157568,0.5,0.008965964615345
2148,0.0,0.03720769919643518,0.040725239746631545,0.006445578378214336,0.5,0.03688997994450962
2149,0.0,0.006175695116874451,0.03636072097661482,0.0014764070458626614,0.5,0.011592052494868254
2150,0.0,0.13737111227268195,0.04157216282579084,0.0078016692242617236,0.5,0.04365531791900766
2151,0.0,0.0036483085905853045,0.0399536582377796,0.002237748072730028,0.5,0.015204745577648282
2152,0.0,0.006066792719329357,0.03610201383579724,0.0013897627547816177,0.5,0.009413752757327658
2153,0.0,0.005628159207124718,0.03423244884821327,0.0012055178180478674,0.5,0.009628089549748794
2154,1.0,0.1057243498381091,0.041020485352970475,0.019291770607444712,0.5,0.07535326887260783
2155,0.0,0.04839996162446226,0.04093259001834427,0.0026590563368517907,0.5,0.014728832319378852
2156,0.0,0.05858237890177545,0.04125906778662856,0.00315368251176551,0.5,0.02809914367066489
2157,0.0,0.1423351594964815,0.044269637752955275,0.004842125231669725,0.5,0.024652803153322453
2158,0.0,0.01759598228862795,0.04170104060987714,0.001539579957562427,0.5,0.012154052750422405
2159,0.0,0.042706231429393074,0.04239905624064918,0.003409215601485422,0.5,0.020757950709334443
2160,0.0,0.0064145125620344344,0.039922234705231305,0.0019649729378136767,0.5,0.013939569825711458
2161,0.0,0.05975934185895483,0.043504661918965036,0.008513124783833821,0.5,0.034611435731252034
2162,1.0,0.26134606278262984,0.05462177653501477,0.012686816973857477,0.5,0.05583265092637804
2163,0.0,0.22779897200224647,0.059517622530365556,0.012173572382717221,0.5,0.054157872994740806
2164,0.0,0.21488319031747602,0.05823068685122006,0.0031425880475176703,0.5,0.026735598014460668
2165,1.0,0.06645480218393021,0.05525108337944809,0.005492193804820999,0.5,0.030973913272221883
2166,1.0,0.14383781454735511,0.05798375795654223,0.012874299557342265,0.5,0.06491663937385266
2167,1.0,0.20429997033771818,0.06605718211833413,0.015405973619635915,0.5,0.06441559363156557
2168,1.0,0.09042688335678786,0.06443757245632278,0.007891212500081483,0.5,0.04054224016991528
2169,0.0,0.009960922405548163,0.0589059895344713,0.0031509862147328076,0.5,0.0238360861937205
2170,0.0,0.03466068063494772,0.05304995461254594,0.004348478082517561,0.5,0.025869758799672127
2171,0.0,0.06959140530946117,0.0709752607267957,0.01387999057452279,0.5,0.04074386791749434
2172,0.0,3.062220057685498e-07,0.04862564694583467,0.00364167416584678,0.5,0.020028020441532134
2173,0.0,0.01619963710906923,0.04073730187708177,0.001802566897822544,0.5,0.015245581844023295
2174,1.0,0.16571978533747173,0.04533357227894557,0.0060209101900669205,0.5,0.030630560697249648
2175,0.0,0.19360811271759204,0.045083490470550894,0.0029774957220070064,0.5,0.03737269788980484
2176,0.0,0.03926491768649744,0.043915299210468876,0.003629303963539461,0.5,0.02548381349732799
2177,0.0,0.03558503231514468,0.037637984345307934,0.0017624793168767516,0.5,0.013544514946553898
2178,0.0,0.012773636422896827,0.036932235479594344,0.0016665470426563513,0.5,0.01610133492133834
2179,0.0,0.006695938998528372,0.031560829372478505,0.0010379180189920589,0.5,0.009347065538167953
2180,0.0,0.03281932143191501,0.03297910394565535,0.002866055374348385,0.5,0.017924736077721055
2181,0.0,0.011567169831121993,0.03655079635768318,0.0023037766898050902,0.5,0.01664203606545925
2182,0.0,0.033498344592491826,0.036819919373544015,0.002158558885143562,0.5,0.02348891036076979
2183,0.0,0.041738282683124156,0.03930832446160902,0.005211563735349994,0.5,0.02963763864144035
2184,0.0,0.0027749240566415905,0.03412814430603214,0.0013183089107042178,0.5,0.009891292452812195
2185,0.0,0.03863790117952218,0.03770753311138824,0.00754995527677238,0.5,0.035659663875897724
2186,0.0,0.31368913662397196,0.047269177642220925,0.015763699225234715,0.5,0.08190745115280151
2187,0.0,0.2828408999585469,0.05544989417417022,0.007092248421766736,0.5,0.026136041321653
2188,0.0,0.00027500191222173275,0.04710527665945191,0.0011959941447258178,0.5,0.009489777248080184
2189,0.0,0.02428093300854048,0.05284481807322325,0.009365684608709207,0.5,0.03270076004401693
2190,0.0,0.064212833696319,0.054618973898826646,0.008494890743999608,0.5,0.03266695620758193
2191,0.0,9.0667362406776e-08,0.04413118645987217,0.0014558269785993616,0.5,0.010001299669966102
2192,0.0,2.5274371835704385e-12,0.0391928437478523,0.001281669120641148,0.5,0.008152944768996948
2193,0.0,0.21461984268583212,0.04914501224497702,0.010704190522515908,0.5,0.04035240660111109
2194,0.0,0.23129723023326987,0.05070673930648456,0.009295957814902066,0.5,0.04050206691026688
2195,0.0,0.09712790045493652,0.05062687469540748,0.006410908218150815,0.5,0.032697185300863706
2196,0.0,0.019136256625487062,0.04514667542611049,0.0034258485671510045,0.5,0.017790639985211288
2197,0.0,0.041522998439852396,0.04568864905889195,0.003525470886790358,0.5,0.024451032280921936
2198,0.0,0.014138411555457989,0.042060860884341064,0.0025447039684207227,0.5,0.013366131994285081
2199,0.0,0.03835988887431883,0.043584092792543404,0.00873623657066168,0.5,0.038808790345986686
2200,0.0,0.42197481542879534,0.058451288627291244,0.008261583121295305,0.5,0.03373421982247779
2201,1.0,0.21406343673578787,0.06432097914693535,0.012459252922174832,0.5,0.059769925226767856
2202,0.0,0.09417507603073866,0.063417634368077,0.008938406314700841,0.5,0.03252099206050237
2203,0.0,0.09737382564774566,0.04928374499893327,0.0031785292767478974,0.5,0.013590192282071678
2204,0.0,1.762569414192949e-10,0.035609282574546,0.0009955529705621303,0.5,0.008584705851972104
2205,1.0,0.07934677066543588,0.03956059428302755,0.005635367954270013,0.5,0.03803676174532983
2206,0.0,2.9333903499353575e-05,0.037724200062028805,0.0025758147839400353,0.5,0.014052595152999416
2207,0.0,0.03026941412616778,0.03892705656352288,0.0026252410458162045,0.5,0.0182323646851075
2208,0.0,0.10491815149725756,0.03925005687490818,0.003464423058286422,0.5,0.01766668124632402
2209,0.0,0.004513621506057005,0.035166916732801916,0.0010283317230156779,0.5,0.0090079161648949
2210,0.0,0.009748012232752214,0.03645514164746178,0.0023737487420943137,0.5,0.016642303281539195
2211,0.0,0.028119650155878285,0.03852016052564721,0.004862946882245264,0.5,0.025006111888658433
2212,0.0,0.027900208675652172,0.03502217542907394,0.00170135461102829,0.5,0.00922486224040693
2213,1.0,0.14384304759542565,0.04081335014102245,0.004483424977684814,0.5,0.02500199730838499
2214,0.0,0.027055025791083393,0.03876784157714259,0.002524415314029385,0.5,0.015473858763774237
2215,0.0,0.02090943159389016,0.03816481721981836,0.0018431984462949913,0.5,0.01720778876915574
2216,0.0,0.0035094121485376756,0.030037371854106328,0.0007025280332891271,0.5,0.006546006500720978
2217,1.0,0.1015583888932382,0.035654690469868966,0.00801635609823279,0.5,0.05238278768956661
2218,1.0,0.25780203993299333,0.04191089488705917,0.019672393606742843,0.5,0.08417480587959289
2219,0.0,0.3614905504164526,0.04954937517931201,0.02483282809262164,0.5,0.10918218046426773
2220,0.0,0.30867393718946246,0.05451625632078191,0.013798529403105091,0.5,0.06045208584803801
2221,0.0,0.05928717319163945,0.05148090457996587,0.0017511058467789553,0.5,0.016587225254625082
2222,0.0,0.025773680768150807,0.04464106989599582,0.0023206027332120216,0.5,0.014264242293742986
2223,0.0,0.0031940779207147974,0.04122161221781826,0.0012696673619319444,0.5,0.010897117080511871
2224,1.0,0.08242900167604142,0.042733552234990056,0.005051794525528283,0.5,0.023500470921050672
2225,0.0,0.008723543446738494,0.040355304419691956,0.0017818327232816955,0.5,0.01311666751280427
2226,0.0,0.028831344370411148,0.037085923891831775,0.0020207542755607782,0.5,0.012195175513625145
2227,0.0,0.04773838454994956,0.038809461176121614,0.005347135271329214,0.5,0.031426226391511804
2228,0.0,0.021219634164724333,0.039184807443935044,0.003477103101339299,0.5,0.0199645123835923
2229,0.0,0.03790741279268173,0.040195595660449376,0.005622855844973985,0.5,0.03093456264053072
2230,1.0,0.08928378534954226,0.04467542244338046,0.006612796352581224,0.5,0.028892669412824843
2231,0.0,0.13724718222413773,0.048074826279389804,0.011479685812866172,0.5,0.04726057786207933
2232,0.0,0.09463223259944542,0.04889471800886038,0.006797726158625805,0.5,0.03147104841012221
2233,0.0,0.008594624156562087,0.038977644402231774,0.0011112700181862187,0.5,0.008107140861652993
2234,0.0,0.017982604236426558,0.03913042965490993,0.002602232704197781,0.5,0.025332564281092748
2235,0.0,0.003998050801635845,0.03657879669188356,0.0016554198542716684,0.5,0.012632595711067075
2236,1.0,0.10192946294397873,0.04243996227702411,0.016346130393988762,0.5,0.07025522117813428
2237,1.0,0.11088042892485,0.04677753056943172,0.008622000898377826,0.5,0.03984457369034107
2238,1.0,0.535729416886534,0.060757599770004805,0.026061406032466847,0.5,0.15042092899481455
2239,0.0,0.008036835344529807,0.05121802420705038,0.0018437091327671493,0.5,0.013843440887879352
2240,1.0,0.05953250842117662,0.04503319416800418,0.0031651038183973957,0.5,0.01798723546358255
2241,0.0,0.18045365812713976,0.04406513087873467,0.003711833907291293,0.5,0.017738773971796035
2242,0.0,0.03781185913820279,0.04123270877477402,0.0026902604292203883,0.5,0.01732577261876087
2243,0.0,0.0065519603347397575,0.03662995130182539,0.0010239053168334066,0.5,0.008871007959047954
2244,0.0,0.15623708604422445,0.04290128220672717,0.01897777090992101,0.5,0.10635562918402931
2245,0.0,0.03277423484531156,0.04136683238414269,0.0031581593580388774,0.5,0.01926855941613515
2246,0.0,0.020158005240261533,0.04045501401598486,0.0018340779679419938,0.5,0.017988114152103662
2247,1.0,0.1903781034646983,0.048153142515090494,0.006382189460391937,0.5,0.020843749980867646
2248,0.0,0.008688579591117924,0.04386579675697141,0.0017313472182852114,0.5,0.014767995725075403
2249,0.0,0.15733186861935866,0.04941508354349074,0.010686288210563362,0.5,0.04928646683692932
2250,0.0,0.0035129481584291857,0.042684736352820836,0.0012714106340481098,0.5,0.009556992109431776
2251,0.0,0.006577293121716463,0.03936921518422493,0.0014104576099530928,0.5,0.010885030456951687
2252,1.0,0.06963784760861091,0.04011460948090634,0.003930607313426056,0.5,0.022987318380425375
2253,0.0,0.06492878491394041,0.03725394643253925,0.0021103082283858267,0.5,0.014741563371249608
2254,0.0,0.18076661345068173,0.04360416415911536,0.010402843271466818,0.5,0.05735063349658793
2255,0.0,0.16480072353450648,0.04955264324478996,0.011098846703624496,0.5,0.04564009148340959
2256,1.0,0.06551607417347195,0.04645151052451392,0.003976996634060479,0.5,0.023477185137417853
2257,0.0,0.007754095231058464,0.03942109524039151,0.001500627991377509,0.5,0.010833470204046795
2258,0.0,0.04130834190804753,0.04022753773085001,0.00433583641036724,0.5,0.02820873260498047
2259,1.0,0.06986950554221621,0.04169532635346583,0.004195337299047513,0.5,0.023378418502854367
2260,0.0,0.03606203517359792,0.04022001044209423,0.002962267347124167,0.5,0.018924924176792767
2261,0.0,0.005596777441420525,0.03502447756883985,0.0009679727844396157,0.5,0.007230860277496535
2262,1.0,0.090631589070755,0.03958321943774381,0.015515258407685906,0.5,0.08044497221708298
2263,0.0,0.38674271935966936,0.04950551962343083,0.007398632947274203,0.5,0.0380740768852688
2264,0.0,0.20640946010916933,0.048284671546720205,0.00231706384026135,0.5,0.02431839828689893
2265,0.0,0.1334749742226995,0.0535448939479917,0.007834579942088265,0.5,0.023959883799155552
2266,0.0,0.10709863219546997,0.05200618520971377,0.0023903415104458954,0.5,0.024266925047744404
2267,1.0,0.06514872900043532,0.050595288501529986,0.005638206050207373,0.5,0.02953658066689968
2268,0.0,0.06387404258259775,0.05049403123805363,0.005737279195454903,0.5,0.03731721565127373
2269,0.0,0.06368432430402765,0.050536407979469504,0.006151738689582357,0.5,0.03423608839511871
2270,0.0,0.0012876946781678203,0.039938773579987624,0.0018047460756497457,0.5,0.013474757820367812
2271,1.0,0.06872474744487483,0.04235508157539431,0.007217818921755837,0.5,0.03702844614567964
2272,0.0,0.00827210702150452,0.03824054700603883,0.001431066861293991,0.5,0.010302391706728468
2273,0.0,0.048127554688885923,0.03705016045422212,0.002401593075658653,0.5,0.01567678058904315
2274,0.0,0.003670086175437377,0.029452894089738682,0.0006292784359538928,0.5,0.005073228627443313
2275,0.0,0.018716657248543364,0.031002159073050213,0.0024789602851823848,0.5,0.023150655276635113
2276,1.0,0.20622826515748519,0.04279169488680959,0.014047736707392946,0.5,0.05292868986725807
2277,1.0,0.352950746715119,0.05183002782679927,0.02607818266551476,0.5,0.09196521838506062
2278,0.0,0.045333278271873854,0.04041426738890905,0.0017926339849551347,0.5,0.011448133950945974
2279,1.0,0.12923628713194285,0.04395285731036804,0.01157573317842824,0.5,0.05703136324882507
2280,1.0,0.08203471493993632,0.04358155662844237,0.004194466998249444,0.5,0.021319843372520134
2281,0.0,0.08504215064041636,0.04475277067632428,0.004754687061843773,0.5,0.027967362105846404
2282,0.0,0.03804518002928293,0.0397653354359386,0.002394553222787894,0.5,0.01876795130807
2283,0.0,0.036814512660194774,0.03942137869686836,0.003627455629092375,0.5,0.0231900087424687
2284,0.0,0.033707733140186574,0.035988633770992054,0.0019483512886735196,0.5,0.010959950793120597
2285,0.0,0.05878179048579309,0.03635110563780895,0.0024393966199237516,0.5,0.027473291212862187
2286,0.0,0.18044530657570246,0.05302481888484406,0.007833833242282755,0.5,0.027171446228182163
2287,1.0,0.09609623898153304,0.04996056887452741,0.004190842931151207,0.5,0.024987541871969818
2288,0.0,0.1021637583505079,0.0496442129862224,0.0061538948561064895,0.5,0.03987431625525157
2289,0.0,0.008634178297319287,0.04153167428008078,0.0025110205066286857,0.5,0.013715798490577275
2290,1.0,0.07798835113989627,0.042219084197427335,0.004106260853057558,0.5,0.023814161663705653
2291,0.0,0.04960367757276142,0.04152204960697655,0.0022598907170403334,0.5,0.020500958793693118
2292,0.0,0.05233676593934752,0.04307730163447737,0.006812081412257006,0.5,0.04179705282052358
2293,0.0,0.08502839141748188,0.04278626998398906,0.0025479738251306117,0.5,0.027423136681318284
2294,1.0,0.2759886616893652,0.04883645955220621,0.0071263955698853704,0.5,0.0333803028373395
2295,0.0,0.005560534104761378,0.03411412718883866,0.0007283133524470031,0.5,0.007859819233417512
2296,0.0,0.035179449081307775,0.035249344591652076,0.0032862317505835867,0.5,0.02077414385146565
2297,1.0,0.12919478154231928,0.0402291513882915,0.006358216888849821,0.5,0.03669854637348291
2298,1.0,0.166371404128638,0.04380270995176054,0.01128899201673145,0.5,0.05375290711720784
2299,0.0,0.34551688366353417,0.04986436357971395,0.007102028412433962,0.5,0.0443022221326828
2300,0.0,0.005347429533592513,0.042465626776776115,0.0017897875077323988,0.5,0.014528375557240318
2301,1.0,0.07777563854367381,0.046490981842278116,0.015773247578181326,0.5,0.07104033367200331
2302,0.0,0.007434865757431339,0.037916487129313704,0.001539913794009148,0.5,0.014347140810319356
2303,0.0,0.006260438008932879,0.03301281254771713,0.001319723431370221,0.5,0.010010422617197036
2304,1.0,0.18383086886363753,0.05565208079598663,0.012681302169527809,0.5,0.047170947845044886
2305,0.0,0.045750571582489116,0.048782679987958155,0.0031784480362308815,0.5,0.02064131200313568
2306,0.0,0.007493697439431979,0.04422203015536928,0.0013086600389716953,0.5,0.014596756162314579
2307,0.0,0.04879630133477355,0.04594871247828387,0.008283192847067347,0.5,0.05270776037986462
2308,0.0,0.09344868980832263,0.0456587466706378,0.002881157108479076,0.5,0.030771709150738187
2309,0.0,0.09315292836786149,0.04785209395034181,0.010762921685818582,0.5,0.05577220171689987
2310,0.0,0.013739868635684337,0.04541496298280815,0.0016997450178391055,0.5,0.016216329053828592
2311,0.0,0.002330864807505577,0.039611649058838,0.002336774602697819,0.5,0.01495645724629101
2312,1.0,0.07972371425331226,0.04053765327016401,0.004071457494569915,0.5,0.01784420056619506
2313,1.0,0.07254263128266962,0.04304716395725014,0.005242928035758351,0.5,0.027661737562580543
2314,0.0,0.01752485458667259,0.040392407954931056,0.0014544394100084901,0.5,0.017110463976860047
2315,0.0,0.007307461536927312,0.03806161987293305,0.0017625460876961765,0.5,0.012337218484152918
2316,0.0,0.04605677130162411,0.04029449911182849,0.007196666878492882,0.5,0.04258939226468404
2317,0.0,0.035782378447554275,0.03758398801818469,0.0024382327993710835,0.5,0.017426637187600135
2318,0.0,0.005737129341567439,0.03292723791912643,0.0013625327899353579,0.5,0.010633929446339608
2319,0.0,0.307788225344799,0.04301076413067454,0.006866532268759329,0.5,0.036765336990356445
2320,0.0,0.12969828006890127,0.04549329827377563,0.00586569220020185,0.5,0.029538279112714987
2321,0.0,0.03182971612292666,0.0448873523208387,0.004296087898359063,0.5,0.02176746005012143
2322,0.0,0.002104431930791701,0.034683120264216806,0.0016671086993301288,0.5,0.011005596667528152
2323,0.0,0.029434330342413596,0.036882458419569684,0.007605328909658755,0.5,0.0377095823104565
2324,0.0,0.023689097675956644,0.03671003571201233,0.0029226680370894346,0.5,0.015580090948126533
2325,0.0,0.048359306198118374,0.037250197712916815,0.002683948252599725,0.5,0.012846831501144724
2326,0.0,0.02392232784012819,0.03773798490197676,0.0035237427304416675,0.5,0.016447860966710484
2327,0.0,0.020144135099378926,0.03459647844329417,0.0018267982134905953,0.5,0.00918423890331645
2328,0.0,0.007115884453090884,0.032620156940755145,0.0010669222602425793,0.5,0.009861693479294
2329,0.0,0.03057682951240144,0.035175991046794856,0.010161272444141408,0.5,0.03963044616911146
2330,0.0,9.258598505299888e-06,0.0298578697125099,0.0008952200331259519,0.5,0.00788697712123394
2331,0.0,0.1434606419654264,0.037306883803977474,0.01862238675284271,0.5,0.07957545954447526
2332,0.0,0.0019410527160227007,0.030155529296479702,0.0008078191848471761,0.5,0.00824544534087181
2333,0.0,0.0043647195884276195,0.02908947399858841,0.0011127711238805205,0.5,0.008759454637765885
2334,0.0,0.002378739057909948,0.02703137693856541,0.0007875404780497775,0.5,0.007701465710997581
2335,0.0,0.15685787864700246,0.03725923496199741,0.007146986583551473,0.5,0.027453905052464943
2336,0.0,0.03297970386098536,0.03758473299619962,0.0035958440670172775,0.5,0.01576183880529096
2337,0.0,0.004745206540339856,0.035072008547800015,0.0011230841378814407,0.5,0.0073941443647657125
2338,0.0,0.0021437576348262754,0.028591843725476903,0.0006885951297590509,0.5,0.006144545599818229
2339,1.0,0.1167163967759669,0.03581546499927941,0.0034420972799861366,0.5,0.01636903745572219
2340,0.0,0.17291661758719606,0.03774934055033551,0.00812086745546284,0.5,0.03597708994692022
2341,0.0,0.15086085636584384,0.0454923273177262,0.00876270591462445,0.5,0.026715417868561214
2342,0.0,0.011853530243998572,0.03407348547055457,0.0008823321870295331,0.5,0.00784790500998497
2343,0.0,0.05867084971775235,0.036074604583819884,0.0034631611852091737,0.5,0.027570325881242752
2344,0.0,0.0030426644338805574,0.031152578933251702,0.0016998856322607025,0.5,0.009079505428671837
2345,0.0,0.12163867420265725,0.037979360764288206,0.0040238118888306215,0.5,0.016854725624482658
2346,0.0,0.152322478294456,0.04462589403000077,0.007762197213279168,0.5,0.024757537821477108
2347,0.0,4.169318701894811e-10,0.032253267741283106,0.000751405599003192,0.5,0.0054799155145883564
2348,0.0,0.0017159991444875514,0.027357034919115578,0.0006533471873262898,0.5,0.004974607154726982
2349,1.0,0.40270130858267467,0.04722001622654523,0.010082959775380524,0.5,0.04114747603261282
2350,0.0,0.19408899801873353,0.060431144288666055,0.011988795291212486,0.5,0.04864522269261735
2351,0.0,0.03825181029582954,0.055070239610973494,0.0035947499676577508,0.5,0.017885024509122296
2352,0.0,0.02433912520289203,0.047195363103706096,0.002417662804428902,0.5,0.01389232575893402
2353,0.0,1.700624931743807e-10,0.03263520612410608,0.0007184370057075285,0.5,0.006963361203670502
2354,0.0,0.00043288379306921014,0.03440971099184273,0.0029080772731686013,0.5,0.01562666371464729
2355,0.0,0.28197504082597225,0.0470619857800152,0.021225298015020887,0.5,0.0870854568324591
2356,0.0,2.8130168953790155e-06,0.03829047139688631,0.0010761020738365395,0.5,0.0077986763346762885
2357,0.0,0.011357599481222731,0.0316616446385378,0.0010573843016754836,0.5,0.010000236257910728
2358,1.0,0.11217275922092598,0.03528061665800175,0.003604674442201185,0.5,0.024587009312971583
2359,0.0,0.03908043319399501,0.03624151418430882,0.003038372134608103,0.5,0.020027040708355787
2360,0.0,8.649244073338923e-11,0.027961231061891967,0.0005409565003355965,0.5,0.0051089818775653835
2361,0.0,0.0023372695409956414,0.026488273330877103,0.0008858988288557157,0.5,0.00663990244269371
2362,0.0,0.03563719362598962,0.028770524636048695,0.0036070082872659746,0.5,0.021282554293672245
2363,0.0,0.008145686546693537,0.02861800839742042,0.001195556539423245,0.5,0.009200477430337592
2364,0.0,0.04459034450088304,0.031146568429715284,0.008695464092953544,0.5,0.047279059059090085
2365,0.0,0.02892874765962892,0.031016270715159944,0.0020575478883984033,0.5,0.011679161339998245
2366,0.0,0.03339931830998716,0.03254451817115331,0.0033490775315620906,0.5,0.018497311349572807
2367,0.0,0.0037868124467434886,0.043518022736996155,0.00581926821032539,0.5,0.02167821228504181
2368,0.0,0.28209598745224473,0.060113300038650015,0.010924075578357308,0.5,0.03562544996921833
2369,1.0,0.24736913550069312,0.06104791365259396,0.011605709325522184,0.5,0.07660974996785323
2370,0.0,2.431117842336002e-09,0.03877026946336319,0.000888076075934805,0.5,0.009811532720923423
2371,0.0,0.1487066488344243,0.04076988089837533,0.0036254019798412,0.5,0.017942754298816494
2372,1.0,0.11400830280459753,0.04253499692008189,0.006980192957035754,0.5,0.04485295251721427
2373,1.0,0.20222860216078553,0.04537993804656101,0.005518533633305477,0.5,0.026902342301148633
2374,0.0,0.23331346559732044,0.046506699082126686,0.007312832087336574,0.5,0.05051056916515032
2375,0.0,0.0698224790609448,0.04427340804684801,0.0015752883246022975,0.5,0.020969627425074577
2376,0.0,0.0013464801575269688,0.0381168482898657,0.0009050445974977731,0.5,0.009043275616889777
2377,0.0,0.03013833981126725,0.03948214557525531,0.007180698332376778,0.5,0.04347134313800118
2378,1.0,0.2289247123189887,0.05204412782382108,0.012176847643422662,0.5,0.04590803235769272
2379,1.0,0.07182614635365409,0.04439595517014804,0.0029189498376263868,0.5,0.017748212530499415
2380,1.0,0.11056076570829063,0.044563837902130456,0.0047705581501676616,0.5,0.02437377328222448
2381,0.0,0.031193246999412613,0.040226091584663504,0.0023246167892045,0.5,0.01731493887377948
2382,0.0,0.3235392512029777,0.04966667185101602,0.017514702097105327,0.5,0.09043466076254844
2383,0.0,0.11528975003655978,0.04896235163457921,0.005692214445312033,0.5,0.025440021505895652
2384,0.0,0.19214921350913378,0.050027047645871604,0.010034824343165383,0.5,0.06662995740771294
2385,0.0,0.02274587497897487,0.039425710403635905,0.001618637921842812,0.5,0.011366198600178033
2386,0.0,0.06043060759425259,0.04316774842214522,0.008291292262064027,0.5,0.03262765989417121
2387,0.0,0.07645798177649188,0.044625277642536654,0.007587146896791334,0.5,0.04428858930865923
2388,0.0,0.11200783466822833,0.045283246588710094,0.005355598937361113,0.5,0.029019999007383983
2389,0.0,0.005290018297606337,0.03764498285879077,0.0012852150020594506,0.5,0.010163104836491571
2390,1.0,0.33618654972943535,0.053499220656390414,0.015533225768956833,0.5,0.06260081038281724
2391,1.0,0.07808879265965615,0.0451404992061519,0.003348701954014415,0.5,0.015224298393284832
2392,0.0,0.008479668651063475,0.03216738542131184,0.0007148766683530993,0.5,0.007989823669195175
2393,0.0,0.006520292838067515,0.030458006182292684,0.0009447725751670077,0.5,0.01021797228604555
2394,0.0,0.011371175651747072,0.02808740627290363,0.0008940019184956327,0.5,0.009189713671803474
2395,0.0,0.07283393296766436,0.03271099622852244,0.004755249122455198,0.5,0.024151722590128582
2396,0.0,0.14036069704778054,0.03770860006059423,0.005164755212608725,0.5,0.028561572432518004
2397,0.0,0.07660202042744015,0.038107855134933644,0.004362418028176762,0.5,0.026419366151094435
2398,0.0,0.0013538758141327515,0.03008725876324701,0.0008779091518954374,0.5,0.009430546462535858
2399,0.0,0.02983172803875894,0.03340467856083115,0.00281743853902926,0.5,0.014956783117919132
2400,0.0,0.022921913354029693,0.032113267230394225,0.0017303852432900492,0.5,0.011103162783033707
2401,0.0,0.027982317553959142,0.03079261723810542,0.0016035475006913645,0.5,0.009797469071753613
2402,1.0,0.37003236617764623,0.05224823346480684,0.02366532046451337,0.5,0.08658485031790203
2403,0.0,0.22656895656774773,0.05043712729916127,0.0023207820777315646,0.5,0.023680352738925388
2404,0.0,0.03712906671910937,0.04802177142490028,0.0038943356991728286,0.5,0.026128838735598105
2405,0.0,0.02499057605803113,0.046205135225588195,0.004089469063772066,0.5,0.022257942528951736
2406,1.0,0.3428780294331768,0.0661215761589766,0.036094498929359314,0.5,0.10377549732986249
2407,0.0,0.0035894033048291312,0.04091088866173972,0.0010198923764983192,0.5,0.011042963936924935
2408,1.0,0.0879757259154981,0.04760096423397955,0.014537865955207962,0.5,0.04407734572887421
2409,1.0,0.09626802748715228,0.05019772703448239,0.00971698991286204,0.5,0.038395365295202835
2410,0.0,0.17649144028599173,0.04932048163921722,0.005593711981023459,0.5,0.025219597894212475
2411,0.0,0.397858028150306,0.06463216149336862,0.01422859101281078,0.5,0.04934850091283972
2412,0.0,0.2240216052012127,0.0687265203194147,0.013748842912415663,0.5,0.062209940825899444
2413,1.0,0.13555534325965513,0.06806305802964646,0.010722959943963453,0.5,0.036918602692775235
2414,0.0,0.033534947863085085,0.04787327568444753,0.001991096119791416,0.5,0.016093267985943998
2415,0.0,0.000997254319003434,0.038151449136439385,0.001292711369589799,0.5,0.012963299122121599
2416,1.0,0.07939660101719687,0.04256456927460633,0.010887544565290834,0.5,0.06181660393873851
2417,1.0,0.06234234616511125,0.04144914349577855,0.0038368654749455287,0.5,0.02482406921843265
2418,0.0,0.11352722107985197,0.043030814653849565,0.007446243815744917,0.5,0.0556156300008297
2419,1.0,0.0650655184543644,0.044276166588022435,0.006041130571056304,0.5,0.023479295012197997
2420,0.0,0.21394974406368533,0.049244092104399145,0.017617510216289455,0.5,0.10726687989451668
2421,0.0,0.3817692048821637,0.059529461668435736,0.009934604681787829,0.5,0.04744752508695008
2422,0.0,0.024399346106847748,0.043272990688716886,0.0017139125302492175,0.5,0.013329687155783176
2423,1.0,0.05601111492915606,0.04145562620039383,0.0039055301901746793,0.5,0.021460430865938015
2424,0.0,0.028788701938347133,0.039630083340277344,0.0031050062642597985,0.5,0.02170030532344695
2425,0.0,0.07900762140463406,0.041266515580870584,0.0034127422771970963,0.5,0.03750986818756376
2426,1.0,0.21106283774641707,0.05786265062135336,0.009806722040957538,0.5,0.04212921559810638
2427,1.0,0.0546115546571707,0.04367956050540318,0.0023513893082777195,0.5,0.014762231384415224
2428,0.0,0.03232890493505826,0.04042755903758542,0.0026626555086945052,0.5,0.018332115951038543
2429,0.0,0.030529426592425097,0.03773658275105926,0.002529673212120542,0.5,0.018826737627387048
2430,0.0,0.042388259510030515,0.03804436354850553,0.0029848697461905735,0.5,0.021362440039714176
2431,0.0,0.0019136682439449112,0.030618448379042085,0.0010732871128129773,0.5,0.01087121456861496
2432,1.0,0.19943010837640066,0.039914526263483345,0.01925988678704016,0.5,0.08993284124881029
2433,0.0,0.08545403108108912,0.03768074075923487,0.0025153713533654807,0.5,0.02086357141242308
2434,0.0,0.06877009740709526,0.04148771242783149,0.005043692573014161,0.5,0.029890228872713837
2435,1.0,0.2139971987509069,0.04798440381522604,0.006219364718692684,0.5,0.02212221838615753
2436,0.0,0.10201144643510393,0.0458248477755221,0.0016205697630842528,0.5,0.023817596832911174
2437,0.0,0.04067002656880565,0.04515676797319065,0.005002512195561495,0.5,0.033358632690376706
2438,0.0,0.017861368519600046,0.03916960267271775,0.002700921437062789,0.5,0.016204190850257875
2439,0.0,0.20007905299432843,0.04543262153190047,0.01539257430080657,0.5,0.0835248881152698
2440,0.0,0.014759026276159772,0.0331246283033719,0.0007802856591297314,0.5,0.011565815806388855
2441,0.0,0.04640523815838363,0.035510158765427326,0.0038340663604685687,0.5,0.025101116858422756
2442,0.0,0.32716138745761536,0.04889920832319914,0.018606044366024435,0.5,0.07979965448379517
2443,0.0,0.2625850451787758,0.05898961057494118,0.016979160918332317,0.5,0.05793963321324053
2444,0.0,0.0032938487396191596,0.03758871100942882,0.0007050760398851708,0.5,0.009223608374595642
2445,0.0,0.11740483425108972,0.04393138203169329,0.006370020952520214,0.5,0.030038390918211505
2446,0.0,0.11106958788679074,0.04523660278048917,0.005248060418657502,0.5,0.027802810635206836
2447,1.0,0.1981041198351337,0.04835425190110319,0.013898456649092788,0.5,0.078630385751074
2448,1.0,0.19201724395596134,0.053246205512761546,0.01564357752989357,0.5,0.061204731464385986
2449,0.0,0.3350283649119309,0.06414437657682402,0.02738141959804731,0.5,0.10899919271469116
2450,0.0,0.007452391607403508,0.055364384223481694,0.0011052043898546668,0.5,0.014418016586984907
2451,0.0,0.09965903095978368,0.044461325791242456,0.0029133303944878963,0.5,0.01764181656081502
2452,0.0,0.00623980051251456,0.04076295096099982,0.001927387333919548,0.5,0.019658380746841432
2453,0.0,0.010752781635585247,0.040545580318557733,0.002326054986850876,0.5,0.028337731957435608
2454,0.0,0.04073927240372703,0.04202540251047173,0.005904445075429976,0.5,0.041989635262224406
2455,0.0,0.00018857170588658072,0.037904891604125975,0.001009577383449527,0.5,0.011159303513440218
2456,1.0,0.08657805582017325,0.04884643418816052,0.03294287326174195,0.5,0.07877346873283386
2457,0.0,0.12006923838822853,0.0494890139585823,0.00853426133398898,0.5,0.05335647910833359
2458,0.0,0.22297567413428449,0.04995118165516769,0.006459708620177321,0.5,0.03268592425605707
2459,0.0,0.2501012380977007,0.04968687008749976,0.003340453953973742,0.5,0.03562516636318631
2460,1.0,0.1434813282139648,0.0636743604518487,0.015159402167164656,0.5,0.059265259046887245
2461,0.0,0.029705503912063433,0.057161684198370685,0.003692787794588024,0.5,0.02821902185678482
2462,0.0,0.018020453983487436,0.0464836767101132,0.0024603931115052546,0.5,0.019161909935064614
2463,0.0,0.018610004414592124,0.044577962672207885,0.0039186005512116635,0.5,0.023121463134884834
2464,0.0,0.025247855355270812,0.04407840378208382,0.0023536756343673915,0.5,0.026969843440585665
2465,1.0,0.09464964757676964,0.04866125585294557,0.010161062576808036,0.5,0.04679105699062348
2466,0.0,0.07551842924943641,0.05044610637038033,0.009072593454651437,0.5,0.038505960451929194
2467,0.0,0.01482754939929846,0.040709190819810684,0.002167803277031599,0.5,0.016567978042143362
2468,1.0,0.06675502537809984,0.04043124687008725,0.004403952137531282,0.5,0.026990641003999956
2469,0.0,0.14892041218345423,0.04494164622782393,0.00927501730728653,0.5,0.045356498272330674
2470,0.0,0.004916400225850015,0.04086893834326062,0.0013060443270660471,0.5,0.01439245231449604
2471,0.0,0.0026308564112691554,0.03752008168478496,0.001235880425000297,0.5,0.014005002166543688
2472,0.0,0.0005401383146235065,0.03493503642861347,0.0010494174850699041,0.5,0.013601198552116271
2473,0.0,0.04328588882410989,0.0373241222891571,0.003543957023705333,0.5,0.018953258671411653
2474,0.0,0.03045283317100821,0.03799755550944058,0.0038293223820048674,0.5,0.019381040386084854
2475,0.0,0.04348077125550864,0.03936852274110659,0.007126837153919041,0.5,0.041632890701293945
2476,0.0,0.1190189481197754,0.04064797287322793,0.004873281828693899,0.5,0.025933613379796345
2477,0.0,0.04190896258256459,0.04148339642190823,0.004183636461910341,0.5,0.022568702457412597
2478,1.0,0.08100963679354165,0.04394944497809925,0.007146576064405963,0.5,0.04388891279697418
2479,0.0,0.052431301235177113,0.04357412077088988,0.004969559952668432,0.5,0.028876966072453394
2480,0.0,0.023149723254202337,0.04167967610525289,0.003303350115857029,0.5,0.019852584693580866
2481,0.0,0.0004759298787710564,0.03511460127210213,0.0008152286875729431,0.5,0.010077885158781736
2482,0.0,0.024366613284076084,0.03729176229791761,0.010563182248006342,0.5,0.05134795233607292
2483,0.0,0.06404675275897315,0.037671809504235015,0.0028549801998971297,0.5,0.032574232135500224
2484,0.0,0.015067450099044845,0.03753273042645438,0.002090479114485788,0.5,0.018466145731508732
2485,0.0,0.02366931951457517,0.037517908411064387,0.0022873765660083984,0.5,0.03185754641890526
2486,0.0,0.01616815423197715,0.03460325164647078,0.0020113610980016265,0.5,0.013899266494042946
2487,0.0,0.019809771483988953,0.03570011487323333,0.0049449061674143495,0.5,0.023036388059457142
2488,1.0,0.09366495490113515,0.04003580901498257,0.010547101463089348,0.5,0.05787097103893757
2489,0.0,0.004836431123903129,0.03496092528111574,0.0013041864827032876,0.5,0.01394070327690203
2490,0.0,0.026662825321452765,0.037027482858835045,0.00948094938454839,0.5,0.044095668527815074
2491,0.0,0.02099945514083177,0.037551147371189725,0.0045482070636353455,0.5,0.02128295823931694
2492,1.0,0.07604236236552826,0.03752941311491283,0.003780363352369874,0.5,0.022345429880821957
2493,0.0,0.27562862901981794,0.04687036966074669,0.02437346461542452,0.5,0.10151695632017575
2494,0.0,0.32535802753666027,0.057278427898194824,0.020613523141946644,0.5,0.0768362358212471
2495,0.0,0.16470642675614533,0.06040878032488331,0.012418055817761342,0.5,0.047806878574192524
2496,0.0,0.08622927205420235,0.05998385111814652,0.00802351368717306,0.5,0.03810896351933479
2497,0.0,0.05976222198429499,0.059580251534594175,0.008638801870984026,0.5,0.03873532190918923
2498,0.0,0.027482174571924943,0.05592799493601704,0.0022480533715631616,0.5,0.025532362100325133
2499,0.0,0.13319803233963376,0.05088445416759952,0.0049564997221947325,0.5,0.020830117669459934
2500,0.0,0.13473726356151078,0.06732908315812704,0.012526827811083387,0.5,0.045453713047054575
2501,0.0,0.26747182736579617,0.07600183703661889,0.016687938775454138,0.5,0.06600211296350725
2502,0.0,0.11749112580669063,0.08850126899331814,0.020336728391864907,0.5,0.058808972852097616
2503,1.0,0.11395996411008705,0.08601515094884309,0.01134777654078789,0.5,0.06717698226372401
2504,0.0,0.18142305572240858,0.08478994378999025,0.011654670001007617,0.5,0.06308432562010628
2505,1.0,0.15379219210951148,0.08457068723357877,0.01438582690510278,0.5,0.08156110222140948
2506,0.0,0.022998342748679387,0.06029369724754009,0.00284913786011053,0.5,0.015994685132112076
2507,1.0,0.058248429900058796,0.056314056453339846,0.0056442447633843025,0.5,0.03363903443659506
2508,1.0,0.08341004855471185,0.06128565765288035,0.013520541093312204,0.5,0.046453473567962644
2509,0.0,1.1266490480285132e-09,0.04125335756392093,0.002010883509647101,0.5,0.0172337257117033
2510,0.0,0.04432941976335955,0.04943631625437993,0.011654000574910443,0.5,0.054644095400969185
2511,1.0,0.12366993004104117,0.052620602348361835,0.017208019041896075,0.5,0.09039060937033759
2512,0.0,0.08312544806211664,0.052849329471148426,0.006840272791062792,0.5,0.04320430159568787
2513,1.0,0.06030887021091022,0.048906261766094465,0.004735287289742885,0.5,0.023672648026781568
2514,0.0,0.021446601698634226,0.044280993457851456,0.002815876074772164,0.5,0.02159782236113268
2515,0.0,0.164076492512504,0.05047394916753689,0.016680116417895383,0.5,0.08119774262110392
2516,0.0,0.04121861233608039,0.05070602255674665,0.005441041566664353,0.5,0.034467631578445436
2517,0.0,0.1532435942429319,0.05493939587245425,0.012843492270621936,0.5,0.061955977231264114
2518,0.0,0.2226025077938104,0.05765750475114922,0.009750816759615376,0.5,0.040409576527926386
2519,0.0,0.0485422982468016,0.06640188854228228,0.014019907826635366,0.5,0.04273474961519241
2520,0.0,0.03328036317114117,0.06543684144133814,0.0075881133767931415,0.5,0.04501472810904185
2521,0.0,0.13166707061504862,0.07089466345876111,0.010295599696173273,0.5,0.030605105359269226
2522,0.0,0.0034007205709110123,0.06233353433132297,0.0014399408428289462,0.5,0.0175584452226758
2523,0.0,3.1366111018897476e-05,0.05710527063523177,0.0019170651378642236,0.5,0.024302008960928236
2524,0.0,0.03586084219174236,0.05229937158316597,0.003618355544417032,0.5,0.03054768741130829
2525,0.0,0.08567849293480656,0.04580006031744321,0.0037991887952167807,0.5,0.02269486082451684
2526,1.0,0.16067440810448563,0.05182847054499172,0.017122673968385373,0.5,0.07162424868771008
2527,1.0,0.19284087386404447,0.057625551268725074,0.009987451460248991,0.5,0.036334195265582965
2528,0.0,0.09695270452797483,0.054401644294257666,0.0063613684788170095,0.5,0.034834367600647176
2529,0.0,0.17630496469914003,0.05808252977658607,0.01615450957615394,0.5,0.07491221598216466
2530,1.0,0.08824917255237888,0.06157386298318596,0.013413627955900587,0.5,0.04336688635141953
2531,1.0,0.16702541283199307,0.06599157416154497,0.021097639139043167,0.5,0.08115224540233612
2532,0.0,0.154000201521729,0.06390070264730016,0.0023835032843635418,0.5,0.037779673002660275
2533,1.0,0.1655513814554201,0.07427815276901674,0.021141402510693297,0.5,0.08410873157637459
2534,1.0,0.20170855090863443,0.07752546376810888,0.015612005421479063,0.5,0.07509717412970283
2535,0.0,0.054932920222266354,0.07197138735662605,0.005155736611306886,0.5,0.04025775457129759
2536,1.0,0.2390541364723589,0.07707798675976399,0.02763762319518719,0.5,0.14135632812976837
2537,0.0,0.02160218334723392,0.06644147467126015,0.0033249276668106302,0.5,0.026326492942612748
2538,0.0,0.00017838818200302317,0.058936777614622626,0.0017380166089144321,0.5,0.025198103716740243
2539,1.0,0.05662922070962972,0.061826247403068996,0.020385641313623637,0.5,0.09672930836677551
2540,1.0,0.03787583075688508,0.05652195512639834,0.005945724380106422,0.5,0.027377258176388947
2541,1.0,0.034921808358880646,0.05062863290304038,0.004355739167516642,0.5,0.025148783151696368
2542,0.0,0.172055414138174,0.06036827238040154,0.02637917885814594,0.5,0.08951393408434731
2543,1.0,0.18125244418963793,0.06242764929845788,0.016346549641457386,0.5,0.07424452751874924
2544,1.0,0.07845060549809865,0.07098877777947833,0.025350572735381622,0.5,0.04469308422671424
2545,0.0,0.03513109400619596,0.05934398538695862,0.004412109554396011,0.5,0.03300204515457153
2546,1.0,0.07514969530346949,0.061593371559449245,0.011949036893466573,0.5,0.057612797753377396
2547,0.0,0.03812072006607929,0.054131693075475426,0.003286913908117353,0.5,0.03271643778211192
2548,0.0,0.1197698055944984,0.05377685454105009,0.007240636260136061,0.5,0.04903968447639096
2549,0.0,0.07124977993316825,0.05144359418265986,0.0021655242793106786,0.5,0.0343665490547816
2550,0.0,0.20865262937010348,0.05640243308310361,0.00903895566201148,0.5,0.05084274709224701
2551,0.0,0.1949039180922265,0.05701295392040126,0.011159272140503163,0.5,0.07462316751480103
2552,0.0,0.12420872893163215,0.05698586149242646,0.009177248436026275,0.5,0.056293982267379764
2553,0.0,0.015729604489068474,0.053198728729015,0.004310866265690752,0.5,0.03190402409860066
2554,0.0,0.02320054852324132,0.05084305780214686,0.0050315143732101815,0.5,0.030071783034751814
2555,0.0,0.007911366884819228,0.038507797462775745,0.0015988018247298896,0.5,0.01316718701273203
2556,0.0,0.013609044337989715,0.03929867318266942,0.0056333130033796325,0.5,0.028541223091237685
2557,0.0,9.746834005183952e-05,0.03857966655259258,0.002116851185907281,0.5,0.021638686385224846
2558,0.0,0.12285311925703943,0.04741088499406778,0.026564677486021537,0.5,0.09169476230939229
2559,0.0,0.013363844617727012,0.044431605083046395,0.003338159849802249,0.5,0.024305536649947942
2560,1.0,0.09573917917369512,0.05048855322159169,0.023856660127057693,0.5,0.08613104373216629
2561,0.0,0.1420102800953733,0.04996239837552839,0.002847363951981866,0.5,0.03763973393610546
2562,0.0,0.13510070457260948,0.05420391928412123,0.015589183441989007,0.5,0.0715153906494379
2563,1.0,0.059753512339827466,0.04735248836786018,0.0036744361410423984,0.5,0.023684064547220867
2564,0.0,0.17050651230893957,0.052838970966867495,0.012469233165445206,0.5,0.05373157347951617
2565,0.0,0.01632017017850047,0.04977967689184469,0.004038419501323785,0.5,0.026390443742275237
2566,1.0,0.19615656830583836,0.05724104308364329,0.025130015992684863,0.5,0.11273327584450062
2567,0.0,0.06244623122806056,0.056388506183408446,0.006335745974502061,0.5,0.03401449248194695
2568,0.0,0.036501497349244724,0.047596900821661424,0.003359107253131429,0.5,0.020197314374587116
2569,0.0,0.30743534499424663,0.062395721343865805,0.02888418797228951,0.5,0.10139322206377983
2570,0.0,0.34031962642963676,0.07405408542215831,0.03239452852764824,0.5,0.09739720383111168
2571,0.0,0.14794240473007317,0.07402693112018084,0.013508981703412965,0.5,0.058886971128614324
2572,1.0,0.05496497557149647,0.06672649620285012,0.005963939441511791,0.5,0.037556227734860254
2573,0.0,0.021629746132204038,0.06291788688888421,0.005498256010469049,0.5,0.03166942511286054
2574,0.0,0.1234667517123358,0.07115175381616816,0.02152068890838722,0.5,0.06062754405581433
2575,1.0,0.07762716984566194,0.07187744785357351,0.013810946848631525,0.5,0.0537207606765959
2576,1.0,0.03797961104006519,0.06193993943591599,0.006086760154684564,0.5,0.025758117816205753
2577,0.0,0.000754492535478999,0.056303149041352855,0.0019209235955107336,0.5,0.023498124132553738
2578,0.0,0.19161336743410406,0.06161595728517009,0.012311999006752476,0.5,0.045590689913793045
2579,0.0,0.0466026375056071,0.05691058356362225,0.004282193681915644,0.5,0.03198230651945903
2580,0.0,0.030308027880286175,0.055304519374043445,0.0061470759605678415,0.5,0.03888364831606547
2581,1.0,0.09728387373541468,0.058098742548647775,0.017872927542258468,0.5,0.0918383002281189
2582,0.0,0.16940089730410846,0.06301042022847356,0.015506033271473521,0.5,0.07062537802590264
2583,0.0,0.08698488968556028,0.048272442661256125,0.0033468347935079845,0.5,0.021028913739250928
2584,0.0,0.04490057750128928,0.04931515752116835,0.006741319118494478,0.5,0.03749522649579578
2585,0.0,0.10341032897757779,0.052818910670280175,0.006807852946622006,0.5,0.03410324756987393
2586,0.0,0.12758159818453865,0.060782225865761964,0.014594612736607704,0.5,0.044897690415382385
2587,0.0,0.1551597718621716,0.06099157226506775,0.010938298786641099,0.5,0.05507990904152393
2588,1.0,0.20292679224753118,0.06595670504894155,0.020415470921822512,0.5,0.09622988154490789
2589,0.0,0.08361822286285092,0.05736670857116254,0.005251190466137983,0.5,0.030072812542871193
2590,1.0,0.17816181109007675,0.06730988903649243,0.018940082220554662,0.5,0.05497521758079529
2591,0.0,0.01899300383258596,0.07709331028171792,0.014895030886846338,0.5,0.03323279543125883
2592,0.0,0.014125827708897743,0.06504985242921733,0.003008962307831098,0.5,0.022561300545930862
2593,1.0,0.05042108153673659,0.07108795808573791,0.017153132666135208,0.5,0.04276907920837402
2594,0.0,0.02971143654759691,0.06754291716879297,0.006089455260994977,0.5,0.04029744898989087
2595,0.0,0.018476594563260833,0.06534283073537875,0.0024618944953544997,0.5,0.04194486699998379
2596,0.0,0.12955452200085177,0.05884654845422291,0.005838467868410849,0.5,0.030268258175679616
2597,0.0,0.019279218680463246,0.05167461700939315,0.0030243451733809167,0.5,0.022027087775436608
2598,0.0,0.2801547547212586,0.07614026951093399,0.029798846120684175,0.5,0.09389337804168463
2599,0.0,0.10841652900867646,0.08670060787455693,0.0171307149605721,0.5,0.049548190467211664
2600,0.0,0.04431265809237045,0.08021027613505989,0.007408128552404898,0.5,0.039818517154171354
2601,0.0,0.06648472809753778,0.07873616600967254,0.009396371244090714,0.5,0.05042992697821723
2602,0.0,0.00014664641440381785,0.06451681059037176,0.0008860005886339011,0.5,0.014323099966972105
2603,1.0,0.04774197657273916,0.064338501191551,0.01041447940112378,0.5,0.07028007621948536
2604,1.0,0.13166130172285276,0.07269148485230649,0.013297849401299442,0.5,0.04908148239233664
2605,0.0,0.13076873858847915,0.07144727566025227,0.007750816377145904,0.5,0.05121103993483952
2606,0.0,0.08618931382685643,0.059771769768048724,0.004263322525284306,0.5,0.03340611691182514
2607,0.0,0.04349632151829106,0.05794018791386992,0.005571258521419676,0.5,0.04064843847471125
2608,1.0,0.07100342304158404,0.060117130399445905,0.013145656647005429,0.5,0.05988089938958486
2609,0.0,0.11752595324742458,0.055851215019192504,0.005272019291878678,0.5,0.02608405388891697
2610,0.0,0.1475570975975859,0.0635779635242079,0.016030471432022752,0.5,0.05498807907104492
2611,0.0,0.1701862874998827,0.07127217396491871,0.016739211119373418,0.5,0.05642929480921838
2612,0.0,0.03109358570680278,0.064160699125435,0.003611598567328077,0.5,0.030260563574054024
2613,0.0,0.09157788580005992,0.06857661201034652,0.012660330687559998,0.5,0.04716321568076427
2614,1.0,0.11716722440630142,0.06610768100886191,0.008949352896276028,0.5,0.05184965659128992
2615,1.0,0.06863442215205931,0.06294063314168556,0.006765299309336115,0.5,0.04562944918870926
2616,1.0,0.0588565623735287,0.060738047520257146,0.007215501316271624,0.5,0.04663206715332834
2617,1.0,0.06743495487554498,0.059962038510966584,0.008592779193349998,0.5,0.053604104556143284
2618,0.0,0.09838235233103049,0.05774600824490348,0.00683861970019555,0.5,0.044145799044406776
2619,1.0,0.06634945280576864,0.05848228467063038,0.010142361260659528,0.5,0.045053322613239286
2620,1.0,0.04758151915128403,0.06569339925665085,0.01614501533098519,0.5,0.046650587916374206
2621,0.0,0.048000720128321336,0.06239412018924137,0.0066579237527153255,0.5,0.04483389595280523
2622,1.0,0.11564050615803532,0.0636150892200173,0.013635106885340064,0.5,0.07695326060056687
2623,0.0,0.04645016121504747,0.05872959313480731,0.005299680808975333,0.5,0.03973697893547289
2624,1.0,0.05920301319895875,0.05807050391248709,0.008349406264160815,0.5,0.050080938374294955
2625,0.0,0.09606622055057207,0.056846906001546835,0.0024964744724067195,0.5,0.05508689369474139
2626,0.0,0.02962016472072633,0.054292985609760196,0.004860137618379667,0.5,0.040991242317592394
2627,0.0,0.12609554713978208,0.05842239165246857,0.012560793173698974,0.5,0.06016362848735991
2628,1.0,0.21323410433667334,0.06321831372986257,0.013122117523986768,0.5,0.07799470238387585
2629,0.0,0.20143455494442258,0.0627096094412143,0.009219631943981059,0.5,0.06523626546065013
2630,0.0,0.09268565976709771,0.0624061678658161,0.007473992018276476,0.5,0.05841028690338135
2631,0.0,0.1130219562275387,0.06278799191802688,0.01190436732888754,0.5,0.07507974547999245
2632,1.0,0.037843456713162374,0.06718503009558013,0.01554492105598278,0.5,0.043611072327779686
2633,1.0,0.08316283369619877,0.06894294670081182,0.01568230181001127,0.5,0.08507764786481857
2634,0.0,0.09381270913429257,0.066591148462285,0.002352414740016684,0.5,0.04589666612446308
2635,0.0,0.0021843305778511657,0.06080097595005503,0.0017120163814213715,0.5,0.028572459754190947
2636,0.0,0.03634391085696898,0.0589874278955486,0.0055221612414310655,0.5,0.048729268489060576
2637,1.0,0.06843902779968453,0.060256961203198414,0.011576349765943763,0.5,0.06357239080326897
2638,0.0,0.0328431272580668,0.05838998588386566,0.006156122322863666,0.5,0.04336436465382576
2639,1.0,0.09469202072648167,0.06306693676996111,0.024371265165326703,0.5,0.08624535302321117
2640,1.0,0.026768909719492917,0.05140610958966706,0.003367106574219897,0.5,0.02556801548129634
2641,0.0,0.05569441748426533,0.05233848095248065,0.01102309265115764,0.5,0.07444116473197937
2642,1.0,0.06549197263480157,0.052380515683836434,0.006627292802127508,0.5,0.029452378360124733
2643,0.0,0.058412515311411464,0.05108054959152571,0.0022059683170583514,0.5,0.042489901185035706
2644,0.0,0.0003885909777855428,0.04677475314454906,0.0017365957090597866,0.5,0.026827488094568253
2645,0.0,0.022668386536256892,0.04469092336700524,0.003776647322322993,0.5,0.030494624087887424
2646,0.0,4.2221586007068474e-05,0.04289710958448553,0.0037347104795465366,0.5,0.027756963955595137
2647,1.0,0.06305384281642556,0.0487281504318204,0.0220828871242702,0.5,0.07708925157785415
2648,0.0,0.05217152634388031,0.047491816512859844,0.0020384841453051196,0.5,0.037349271774291995
2649,1.0,0.09389770040170448,0.0548806374420235,0.025876202673481948,0.5,0.06930960037491539
2650,0.0,0.02566926095371611,0.04186569041985075,0.0017471367392494384,0.5,0.020774954957748528
2651,0.0,0.005492632114351434,0.03915995606112929,0.0011742142907513137,0.5,0.022591322660446167
2652,1.0,0.06757889171813569,0.04323579266191637,0.017347261086494353,0.5,0.08317759136358897
2653,0.0,0.12275172836106582,0.04487390955876546,0.011481953592010541,0.5,0.07380822859704494
2654,1.0,0.07452043320135016,0.048746137930231186,0.00946873273642268,0.5,0.04197855719498226
2655,1.0,0.07270068086324394,0.05015152254997084,0.009542878539137104,0.5,0.04713954995660221
2656,0.0,0.03405640136557347,0.04810491707188232,0.004542507194296027,0.5,0.04025540558191446
2657,1.0,0.0501574929284309,0.049060260667693895,0.007655233797249234,0.5,0.03196724960880895
2658,1.0,0.05896297823077705,0.050441476194423074,0.009694189562544446,0.5,0.046141356229782104
2659,0.0,0.045291577041483434,0.0499875849474257,0.006434865970411064,0.5,0.04689673641148735
2660,0.0,0.021768584291859287,0.04720085083767012,0.0015036277163744671,0.5,0.030506255105137825
2661,0.0,0.01037692547257042,0.045112753729000345,0.0018922870302857417,0.5,0.029981511334578197
2662,0.0,0.021508296913976276,0.04067608764377537,0.0028003848693049626,0.5,0.023095180712095122
2663,0.0,0.010144427896123371,0.03868803250024008,0.0019548300858099705,0.5,0.02732459403747736
2664,1.0,0.053935383220756375,0.04057529468484421,0.00657675290454386,0.5,0.035520135804458904
2665,0.0,0.10156922227097281,0.043792343735994804,0.009406073538619759,0.5,0.06500154307910375
2666,0.0,0.1085540099056425,0.04312446069271252,0.0021883026114664973,0.5,0.03709219843149185
2667,0.0,0.017793372838491528,0.03985966923196942,0.003057826017119134,0.5,0.02187239436002878
2668,1.0,0.07764901336298688,0.04376459019026305,0.014561488055430042,0.5,0.06540349125862122
2669,0.0,0.02142496180173179,0.040985372634757704,0.003415949392365292,0.5,0.023913100361824036
2670,0.0,0.040930527549331804,0.04643707100777879,0.012896730533813953,0.5,0.043318690525160894
2671,1.0,0.07214245413700732,0.05054133279017764,0.008568726836957093,0.5,0.03598891549250659
2672,1.0,0.05503659483678999,0.04910713435415584,0.006141471538770323,0.5,0.031173411508401236
2673,1.0,0.06206900251491578,0.050198011610944324,0.008301819996078215,0.5,0.038941750707833664
2674,0.0,0.007469472037357835,0.044794303380710714,0.001113509928732778,0.5,0.01986512009586607
2675,0.0,0.015058203127842425,0.044614779963369794,0.0029243279740595344,0.5,0.036995123733173714
2676,1.0,0.05260474251818109,0.04305226561144761,0.004685030908681589,0.5,0.026288371260573224
2677,1.0,0.06067229452252476,0.04509305539590304,0.007740872622234747,0.5,0.03619055390357971
2678,0.0,0.09109226613605473,0.044823597656559404,0.002849587908713147,0.5,0.05478091910481453
2679,1.0,0.0631046175695479,0.04556291956800992,0.004668535526536903,0.5,0.024266683299776534
2680,1.0,0.12283043144455842,0.04948212484720593,0.019557635535925835,0.5,0.0743803083896637
2681,0.0,0.129865543927612,0.04880289445376638,0.002663524566742126,0.5,0.050294915214180946
2682,0.0,0.054458570859654415,0.04651777674085304,0.001283396442886442,0.5,0.03661499669154485
2683,1.0,0.07992971669120416,0.04861738139736444,0.006780610023166186,0.5,0.03903024452073234
2684,0.0,0.05450386970062779,0.043892083740774156,0.0031904103737112814,0.5,0.02511269585652785
2685,0.0,0.05083459852713319,0.04274658129932804,0.0018999225195819656,0.5,0.032368834202106185
2686,0.0,0.09423072673048336,0.045451488856609705,0.013687892011754835,0.5,0.0910378032260471
2687,1.0,0.22200864251635435,0.04979560451581078,0.023051909654896008,0.5,0.08959588035941124
2688,1.0,0.11118541224199446,0.0518835612237978,0.011780774462749832,0.5,0.04588984325528145
2689,0.0,0.0065205650833336385,0.038685038784892704,0.0009081965305982795,0.5,0.015286270273874884
2690,0.0,0.04505467007274307,0.038611117043789896,0.004142224476227592,0.5,0.030345274245037752
2691,1.0,0.1486680506027866,0.04406182781914107,0.020068248076131567,0.5,0.06989066600799561
2692,1.0,0.05174776761855859,0.04472741590839507,0.0060916928823904265,0.5,0.02541255269731794
2693,1.0,0.10391173003199203,0.04858374513073467,0.017229410658315333,0.5,0.06054577502337369
2694,1.0,0.163521949999415,0.05653409787464121,0.028998951086329973,0.5,0.06017871607433666
2695,0.0,0.09757279825864244,0.05509970051750548,0.0025845191622566846,0.5,0.04855718546443515
2696,0.0,0.1333169398500044,0.05640848516504323,0.014981773729232373,0.5,0.10501278936862946
2697,1.0,0.1769161538652193,0.058814481067642636,0.016142710027149103,0.5,0.06018058955669403
2698,1.0,0.05884100215068868,0.052144880003664275,0.004828272998993806,0.5,0.024958225295824164
2699,1.0,0.08872003968136004,0.055229066889722477,0.017288590368645437,0.5,0.06004421006549488
2700,0.0,0.09169335978106072,0.05509978376274972,0.00972894645215442,0.5,0.07058282311146076
2701,0.0,0.04265127935607543,0.050095023087786725,0.0043193250021431595,0.5,0.031342839201291404
2702,0.0,0.10135387726952921,0.05156487918379183,0.013502713933121413,0.5,0.06871702671051025
2703,1.0,0.05037520212631652,0.050338429467156796,0.006964102927257397,0.5,0.03041344977194263
2704,0.0,0.05030632730298912,0.050790620555119355,0.009989007255561384,0.5,0.05179771142346518
2705,0.0,0.07246853659227537,0.06400493063928829,0.014540685296378798,0.5,0.04689182937145233
2706,0.0,0.026403560442774917,0.05573037093176346,0.004471982672112062,0.5,0.03314786189132267
2707,0.0,0.005104791359437159,0.050995155376748216,0.0026559160477417107,0.5,0.027568894541925855
2708,1.0,0.05730854483324019,0.05467975206654343,0.01150372222013351,0.5,0.03089317967814784
2709,1.0,0.10313931094448245,0.05981116255139179,0.022836479038232937,0.5,0.06326989953716596
2710,1.0,0.10781683850217492,0.06204827507134368,0.017208298139545757,0.5,0.06119683881600698
2711,1.0,0.05257872785574645,0.059291271368877005,0.0074506027667666785,0.5,0.03122731577605009
2712,1.0,0.04834790214052536,0.05174274726289226,0.004550560640592056,0.5,0.02214787671199212
2713,1.0,0.13286302090635502,0.058842142728950976,0.017192592184680205,0.5,0.048842333257198334
2714,1.0,0.12118076169939782,0.060971870488189465,0.01641796218367138,0.5,0.05683579544226328
2715,1.0,0.06180758543240178,0.06357248656421732,0.013927999232217426,0.5,0.03384756653205208
2716,0.0,0.05684171286041168,0.061070411831739335,0.00794123679481666,0.5,0.05586082093855914
2717,1.0,0.13402560921254697,0.06347642012454426,0.016224998438981578,0.5,0.05881884464850792
2718,1.0,0.04160115828496512,0.05732236948682672,0.00621269915493692,0.5,0.023526672612537037
2719,0.0,0.019872971073591816,0.052281301400138515,0.0014392086568044587,0.5,0.031393654289699736
2720,0.0,0.048241620995564866,0.05125053580794686,0.0026772960845846683,0.5,0.05509248541461097
2721,0.0,0.061557697381104094,0.05108008121718147,0.008789957320914255,0.5,0.05761313438415527
2722,1.0,0.043302350354541,0.04874251682581888,0.005883498954259463,0.5,0.02601932271106823
2723,1.0,0.149572493067187,0.056359941516238944,0.03061472253863361,0.5,0.08563355695117604
2724,1.0,0.17040243250204093,0.059889727361446266,0.019025358953513205,0.5,0.06727427244186401
2725,1.0,0.13663225273902158,0.06284606115739781,0.015734491379199817,0.5,0.060749051826340814
2726,0.0,0.06147948219128987,0.05595260411144365,0.004639623479063933,0.5,0.04378638764222463
2727,0.0,0.11838817371075498,0.05970926423872291,0.015428299891937058,0.5,0.06430376321077347
2728,1.0,0.13376568743550482,0.06157079922728668,0.015889307607162315,0.5,0.057007780441871055
2729,0.0,0.03516586420325979,0.0563559155550629,0.0030555178702343254,0.5,0.03990332399095808
2730,0.0,0.029690652708424834,0.05137495323152798,0.004925595402710314,0.5,0.030479622073471546
2731,1.0,0.07280058096934039,0.05608215561635879,0.015763493094709702,0.5,0.047806426882743835
2732,1.0,0.069941165172807,0.050605603054775135,0.004811031087203293,0.5,0.028022355596784135
2733,0.0,0.03718286802692211,0.044993533240606925,0.0036743072127657277,0.5,0.03034573942422867
2734,0.0,0.10756365014515559,0.04756131572213139,0.01874967652838677,0.5,0.0796782597899437
2735,1.0,0.048297079881260696,0.04641189183119755,0.005714115164168602,0.5,0.031916619701818985
2736,1.0,0.05426452451176744,0.04279937467749755,0.004004101721673376,0.5,0.02301955743441506
2737,1.0,0.05431092833917055,0.044844357147507896,0.008771539217559621,0.5,0.03465865015983582
2738,0.0,0.05162333222079412,0.04571930890441473,0.009217741568778259,0.5,0.048536528559292066
2739,1.0,0.09114319580611913,0.049067217107753025,0.01451974847780851,0.5,0.05019763906796773
2740,1.0,0.08167453232447452,0.051908813444057546,0.014467810008985301,0.5,0.0478928009668986
2741,1.0,0.13427137282704452,0.05587975365953109,0.023649640035324007,0.5,0.07181293434566921
2742,0.0,0.04742922933261464,0.051863825833700646,0.005270812463445159,0.5,0.03835766437726143
2743,1.0,0.15191034887444904,0.05591873185859288,0.024187149163076863,0.5,0.07353765103552076
2744,1.0,0.20672917604815289,0.06551656835777378,0.03361697940272279,0.5,0.07669447247798626
2745,1.0,0.07853523666137291,0.0657417462224173,0.012559262393753871,0.5,0.045861182941330805
2746,1.0,0.034177771330578074,0.05971282780356132,0.006502083756940384,0.5,0.02744874796446632
2747,0.0,0.044739472054300955,0.057919738827230546,0.003161981852220682,0.5,0.05402443806330363
2748,1.0,0.07422993968981176,0.060327867846928805,0.017451130799599923,0.5,0.05170232057571411
2749,1.0,0.050308945775198385,0.06005793146937989,0.009688738559910643,0.5,0.03163411493959098
2750,1.0,0.03826266223820547,0.054373319250122835,0.0054987301610665215,0.5,0.02419259434654599
2751,1.0,0.0367934899725918,0.0505621635291453,0.005370291716988302,0.5,0.028974594672520955
2752,0.0,0.023882168612860886,0.04554086650889889,0.0012609564065415827,0.5,0.030456310069119488
2753,0.0,0.12130307994557946,0.04850697514875952,0.013154944948977433,0.5,0.07678317106687106
2754,1.0,0.203019430684579,0.05278287023477944,0.02494461564856465,0.5,0.07234225049614906
2755,1.0,0.16270179716363942,0.05669356527501898,0.019130675823279573,0.5,0.061928914351896805
2756,0.0,0.15497738567161257,0.05763236098917327,0.01456182892434299,0.5,0.10581034123897552
2757,0.0,0.07309396091282803,0.05127965054498681,0.00440311819256749,0.5,0.03444475710391998
2758,0.0,0.09099305887807611,0.0523237431675637,0.009344377756185298,0.5,0.04499251927648272
2759,0.0,0.20036485869900095,0.05196351938551633,0.0036084294718291077,0.5,0.0700375884771347
2760,1.0,0.16346743238197486,0.055675870288068995,0.021299224809627048,0.5,0.06618276238441467
2761,1.0,0.09532261497612987,0.06015988680114782,0.017495896438049385,0.5,0.04880179278552532
2762,0.0,0.041180864232509155,0.055413517028570794,0.00592932390905584,0.5,0.03763645461627415
2763,1.0,0.0856127419125085,0.060300529520767816,0.013358275636164763,0.5,0.04431230574846268
2764,0.0,0.03547890464685705,0.04972353768163535,0.005232340877241307,0.5,0.030351732088171917
2765,0.0,0.03228910983599539,0.04606825553709276,0.004356464309239527,0.5,0.031157019681164196
2766,1.0,0.11547716998843208,0.053554478073361715,0.019068382716795895,0.5,0.060744453221559525
2767,0.0,0.03964206566409167,0.05292871198481215,0.0075248983511873695,0.5,0.04698452353477478
2768,1.0,0.06388655140967167,0.05472835939599359,0.012859313793288654,0.5,0.046358797480078304
2769,0.0,0.07544797270704659,0.056173792112278756,0.016292875076760537,0.5,0.06607880294322968
2770,1.0,0.11105333492016096,0.05870756436878532,0.013563513904551251,0.5,0.06400757531325023
2771,1.0,0.12872208491153644,0.06181904840418283,0.021823033480904995,0.5,0.06851190626621247
2772,1.0,0.040239766015850345,0.05977955512683204,0.009042366138892248,0.5,0.032653485536575315
2773,1.0,0.040892553045674754,0.059303747381665474,0.010610029905191845,0.5,0.03787268201510111
2774,1.0,0.0742242982137376,0.06230315744306995,0.02156246638915036,0.5,0.06325022876262665
2775,0.0,0.012597171298196111,0.044908863486876664,0.000860511373806124,0.5,0.019790741981882038
2776,0.0,0.1017156576684838,0.047886389611102385,0.012650060267575706,0.5,0.08236650129159291
2777,0.0,0.029734905831256847,0.04509865588613468,0.0016667636911734008,0.5,0.029027890413999557
2778,0.0,0.033546861043225296,0.04508292827055566,0.0074883138986479025,0.5,0.03652434051036835
2779,0.0,0.04674049134138253,0.049438245237734775,0.009549292426392506,0.5,0.043634837976208436
2780,1.0,0.04822783683033155,0.050355269500382674,0.008493617012422404,0.5,0.031123490169130522
2781,1.0,0.044148080426422834,0.048534263877105965,0.006405087191032598,0.5,0.026907903117102547
2782,1.0,0.04285879908910886,0.04840000260148633,0.007516002615786067,0.5,0.02743952408913643
2783,0.0,0.03951137515727275,0.04719851962945235,0.002388808936908996,0.5,0.041152216494083405
2784,0.0,0.016241494513030256,0.033061457311596563,0.0006801684541278518,0.5,0.014558531641960144
2785,1.0,0.07768369690145585,0.037625974020398543,0.004551397177939569,0.5,0.017268650020871842
2786,0.0,0.01718608466233131,0.02851525451305681,0.000542231383442413,0.5,0.011727461814880371
2787,0.0,0.07645133188092244,0.032465764717490554,0.014261755296805253,0.5,0.0665053849418958
2788,1.0,0.06547746513354942,0.03448647388273067,0.003573035549417087,0.5,0.014901156294835757
2789,1.0,0.16659642951229342,0.04244531379796616,0.02066453191426782,0.5,0.057090195161955695
2790,0.0,0.09896488767602934,0.04421101034531187,0.010933342753560282,0.5,0.05188281461596489
2791,1.0,0.1873105005261737,0.050251110806535056,0.021424979177446894,0.5,0.05364719262489906
2792,0.0,0.14625394770736352,0.05204815787271717,0.01592690987639468,0.5,0.06857042962854559
2793,0.0,0.04491235713149546,0.05016546184743024,0.0072053390770004345,0.5,0.030075899683512174
2794,1.0,0.07184591090608103,0.04755418441249258,0.005560507155446844,0.5,0.01744160760532726
2795,0.0,0.06290831206119368,0.04499189896072264,0.005656799469612289,0.5,0.017442846031331304
2796,0.0,0.033157406223987246,0.04259653087508932,0.004908084245518041,0.5,0.019995293556115568
2797,0.0,0.08669160823703137,0.046073620363011186,0.01720067488019016,0.5,0.04900180480696938
2798,1.0,0.10974590208908798,0.044162975988642536,0.004388609028396648,0.5,0.021030327135866337
2799,1.0,0.06769087368350858,0.04423601170246205,0.006380408995224767,0.5,0.02328224359331904
2800,0.0,0.021695354752452517,0.03220331313771073,0.0006728043770540113,0.5,0.009859173548849005
2801,0.0,0.04922693758373405,0.03463468616334484,0.004865129197631697,0.5,0.020289815607525054
2802,0.0,0.07523049377771351,0.037492276101119645,0.010909386188359349,0.5,0.04200505465269089
2803,0.0,0.06526678070975983,0.04038099732551194,0.00953365921304794,0.5,0.03545883893966675
2804,1.0,0.19704464109809205,0.04715789424505616,0.02686870762263425,0.5,0.07522134184837341
2805,0.0,0.03293161247513468,0.043250802124762636,0.004342735866719688,0.5,0.017349371178583664
2806,0.0,0.05067083523383374,0.04541020141421918,0.010540490365302604,0.5,0.035924285650253296
2807,1.0,0.07450695793827757,0.0452526295712343,0.00593058909461516,0.5,0.02927323904904452
2808,0.0,0.06925281318487003,0.04763876212608931,0.010581340904249564,0.5,0.03173018207675532
2809,1.0,0.09746624073732865,0.05110744006229795,0.013717850995496573,0.5,0.04908984724213095
2810,0.0,0.1132151160151826,0.05309956381542006,0.014197477345498135,0.5,0.05326952613317049
2811,1.0,0.08438751840533085,0.0448025772524522,0.0034423529432388023,0.5,0.015506822355957918
2812,0.0,0.05793876620966207,0.04555679525306965,0.009248849176066486,0.5,0.03607537087641264
2813,1.0,0.16780141718509511,0.05302135742599133,0.024115980446087912,0.5,0.05715292348311497
2814,1.0,0.07728493674330744,0.05189437238830666,0.006932040451509827,0.5,0.026683920138591045
2815,1.0,0.07578695955186734,0.04415216027446607,0.003736447574016799,0.5,0.017380491070363713
2816,1.0,0.06219042145708051,0.04400560077139722,0.006212321254802314,0.5,0.021895767869176092
2817,0.0,0.09442300151355018,0.046473092853843545,0.012343147055556376,0.5,0.05892642935117086
2818,0.0,0.18082553848755437,0.05252878205224012,0.02449341537222998,0.5,0.069483967764037
2819,0.0,0.013826222178134357,0.04220652079923459,0.0009554177841682059,0.5,0.012987368955061985
2820,1.0,0.0828238012389722,0.04653558969595509,0.013828074200051454,0.5,0.04799853878862718
2821,0.0,0.07533927203937696,0.04530501089030164,0.002216091269824224,0.5,0.033284280162591204
2822,1.0,0.062452514790336644,0.04580871867825136,0.007440392820787947,0.5,0.026702423249521563
2823,0.0,0.04364819751112037,0.040992026080846754,0.0035626787481733654,0.5,0.02178920411011752
2824,0.0,0.04236344757182073,0.040937131713033655,0.0055250184708023195,0.5,0.02374375591406951
2825,0.0,0.03279159635152427,0.04157406642752138,0.006350807121634716,0.5,0.02168996725231409
2826,0.0,0.05061099974337641,0.04118518585381898,0.0026520829304077084,0.5,0.035101241299084256
2827,0.0,0.11777302829154568,0.05420881298753229,0.020656785523270032,0.5,0.06407618162960842
2828,0.0,0.026143178645785227,0.051277319567248736,0.006558819852890102,0.5,0.023199168620286165
2829,0.0,0.02411911555745892,0.05181629389510431,0.008191802963175667,0.5,0.024655326054646418
2830,1.0,0.08959515665626447,0.054270031461828044,0.009890509154125727,0.5,0.032967373214918994
2831,0.0,0.0359578904550628,0.05354004037264957,0.0080709551254218,0.5,0.02144415740002977
2832,1.0,0.12963732036881964,0.05776386476579937,0.019080650542701524,0.5,0.05864999500604776
2833,0.0,0.025528955198508722,0.05031155553310648,0.004359956157802627,0.5,0.018392205238342285
2834,1.0,0.08373211182306059,0.05116889744562272,0.007982141896397532,0.5,0.02618972913307302
2835,1.0,0.11545992450112572,0.05212289887060894,0.007660570960918752,0.5,0.026508259276549023
2836,1.0,0.09384718517300272,0.05441223784633605,0.011825058014697529,0.5,0.035812314067568095
2837,1.0,0.19048962500890043,0.061704938253605984,0.028308769661145143,0.5,0.0783951420050401
2838,1.0,0.06630164032443078,0.0551555173244615,0.005664792495857303,0.5,0.020988245805104572
2839,1.0,0.08902682463035173,0.05769847864581052,0.010254898702260106,0.5,0.028726298610369363
2840,0.0,0.12490945600828701,0.05982069128295058,0.015530765753646847,0.5,0.06437832713127137
2841,0.0,0.043289526929767466,0.053347435602129976,0.005057324342059848,0.5,0.026231498402707717
2842,1.0,0.15591510404253012,0.05686921725002176,0.022560637809672497,0.5,0.07431009080674914
2843,0.0,0.042189156642709565,0.04599560697625514,0.0033196316124277487,0.5,0.021310537189677143
2844,0.0,0.1066332160687864,0.04826234920035913,0.016807212113053537,0.5,0.06328860819339752
2845,0.0,0.047339280207084056,0.04227842600350909,0.004082838476801469,0.5,0.013371320798041974
2846,1.0,0.30638369211586797,0.04851898797157835,0.014966964881750755,0.5,0.09287717491388321
2847,0.0,0.17428493640133425,0.05081537489193757,0.011948362954974394,0.5,0.04474212667521309
2848,0.0,0.1367701275386713,0.06055460609674481,0.024639341186478057,0.5,0.05890042063864795
2849,0.0,0.0036186078674999905,0.05029272523817889,0.004220908242412127,0.5,0.015538880171684118
2850,0.0,0.02507004740603875,0.05261720185468176,0.01239606584287965,0.5,0.026053152978420258
2851,0.0,0.02755391430655191,0.052717074398800766,0.01061655249989902,0.5,0.03157508075237274
2852,1.0,0.06264033527413282,0.04914597441541827,0.005508868525411296,0.5,0.02366902796845687
2853,1.0,0.09896179445253489,0.05283038676080624,0.011872283107368275,0.5,0.048670589178800586
2854,0.0,0.03263474676488526,0.05046097696144759,0.006038011756572814,0.5,0.026103507727384567
2855,0.0,0.021497881660155274,0.04770274067517415,0.00581924414667622,0.5,0.021059672380315846
2856,0.0,0.030269189621467546,0.04874989075059036,0.011509281448005433,0.5,0.035461095826966424
2857,0.0,0.005420383449442647,0.037878145388595144,0.00081350110399182,0.5,0.010097395096506392
2858,0.0,0.020165438840256195,0.040922687697246336,0.00916177504841471,0.5,0.022459966689348222
2859,0.0,0.022552330321019616,0.040207577303475,0.0023200680177820764,0.5,0.029953205067178478
2860,1.0,0.07960009271964061,0.0437428571737927,0.013122300167257588,0.5,0.052009241779645284
2861,0.0,0.006268916781059354,0.03107496716726513,0.0008064948007813655,0.5,0.011709442734718323
2862,1.0,0.07439311663409585,0.03536135046465682,0.008878361238875304,0.5,0.03511264725871708
2863,0.0,0.032957776649513944,0.03785300902572454,0.004726511154634257,0.5,0.026629221625626087
2864,1.0,0.09835608342155533,0.04432430934371561,0.01245766277886638,0.5,0.03424011581930621
2865,0.0,0.10248971790472974,0.045996531840001666,0.012307570183810849,0.5,0.044263399564302884
2866,1.0,0.0751889985914889,0.04752346995987953,0.007338017115905655,0.5,0.03418828637310953
2867,0.0,0.009948071568290428,0.03331887759113785,0.0009017519446206279,0.5,0.013362828642129898
2868,0.0,0.015794912891718128,0.030162113467820446,0.0007579045117987941,0.5,0.014544363816579182
2869,0.0,0.03500757290922864,0.03280852658788325,0.003248865209096833,0.5,0.017075273142734045
2870,0.0,0.013769061253321661,0.026145962220273586,0.0004983415082097053,0.5,0.009004324823617935
2871,1.0,0.12119148998956276,0.03639385588380622,0.006756102398018508,0.5,0.02141654466589292
2872,0.0,0.020894163596311577,0.036467019096438034,0.002134376306302573,0.5,0.014221909206087997
2873,1.0,0.10105182981082184,0.03637688193033254,0.003103412114403009,0.5,0.015912840507694127
2874,0.0,0.06877640733994171,0.03331976900926266,0.002267528536322061,0.5,0.012101031839847565
2875,0.0,0.14775389099140335,0.0414605754151019,0.016719258835655636,0.5,0.05034024566411972
2876,1.0,0.09166268724708948,0.04260236035392035,0.006996379221853768,0.5,0.02862128769529277
2877,0.0,0.11772293480802666,0.04575792222539995,0.012127857816327985,0.5,0.04848643740018209
2878,0.0,0.021286304295912464,0.04151006160393356,0.0012034005651782667,0.5,0.015836058982781002
2879,0.0,0.016812395529931523,0.03725108773106873,0.0012446863551215247,0.5,0.012315970731944573
2880,0.0,0.05916230926381054,0.04017841006267483,0.015799809803138488,0.5,0.057666736841201785
2881,0.0,0.03071170747093193,0.03929673468457335,0.004994619944173952,0.5,0.018301391864524168
2882,1.0,0.10245403342322473,0.04284365875469263,0.012469970837628352,0.5,0.04821900837123394
2883,0.0,0.009447451644294095,0.03047565452722879,0.0006899354301276617,0.5,0.010185947269201278
2884,0.0,0.03560810917243056,0.030959466233398018,0.002992132061814529,0.5,0.012448717509546587
2885,0.0,0.0959062761727616,0.03521175132811551,0.014403487177332863,0.5,0.04545128345489502
2886,0.0,0.021529964203329248,0.03396273183912488,0.0013275035623034153,0.5,0.01305676872531573
2887,0.0,0.07901910422048017,0.04188653708333985,0.023144542472437024,0.5,0.046076178550720215
2888,0.0,0.06494454071317424,0.04337543361707698,0.010335936476864541,0.5,0.032206219434738156
2889,1.0,0.11319968240683675,0.04656768388385046,0.010124943769567282,0.5,0.03736589978570524
2890,0.0,0.06002426004884985,0.04529188067335528,0.0024258152061520377,0.5,0.021903702057898045
2891,1.0,0.07822196871209486,0.04556689753780207,0.00714378942523451,0.5,0.02853779069014958
2892,1.0,0.20290360027516738,0.05531281427011569,0.01772987077614137,0.5,0.043153548737366994
2893,0.0,0.013897380993297475,0.04477701063744729,0.0009691536872802923,0.5,0.01052050060696072
2894,0.0,0.06467685153160357,0.046959695890029615,0.008657097759582526,0.5,0.04155311462554065
2895,0.0,0.10038246813018027,0.05094878794283502,0.013446584669113889,0.5,0.04230510605418164
2896,0.0,0.10052915501533732,0.052175183354231935,0.009187874935742002,0.5,0.042806246876716615
2897,0.0,0.002286985575009179,0.0453283188967794,0.0010804433013618109,0.5,0.011155340820550919
2898,0.0,0.030346504729234624,0.047332047269651234,0.014840128910145722,0.5,0.05012092590332031
2899,0.0,0.02484909340805889,0.04625988019917648,0.006696760554484133,0.5,0.02243424952030182
2900,1.0,0.10004999331789657,0.0498683081010537,0.01124989853235006,0.5,0.040202188349905466
2901,0.0,0.2970590664413989,0.060320373338516656,0.02084787730066302,0.5,0.08973732747529682
2902,0.0,7.748488253652016e-10,0.037051840686154004,0.0008131722343387082,0.5,0.008581134080886841
2903,0.0,0.1840077933672314,0.037432117553283066,0.0036611497445846906,0.5,0.02473048660904169
2904,1.0,0.23899293308102323,0.04754224579442148,0.020467720328413538,0.5,0.06256446163905294
2905,1.0,0.07555913593621408,0.04440313933860507,0.004906920212046576,0.5,0.021272964065983183
2906,0.0,0.04411244199473775,0.043734871654167375,0.006411561589920893,0.5,0.02759739875793457
2907,0.0,0.10210359411017034,0.04363278771961095,0.003030267860594904,0.5,0.03557111695408821
2908,0.0,0.0015642240760201855,0.029854699708820962,0.000479998926166445,0.5,0.005125695317983628
2909,0.0,0.009551068529941427,0.0247609747013159,0.00047702642710646616,0.5,0.00733147606253624
2910,0.0,0.016198959349478417,0.025778745039775407,0.001372097758576274,0.5,0.013991011225658915
2911,1.0,0.11150176365263655,0.032770483556314636,0.010402645457677705,0.5,0.03732057952362558
2912,0.0,0.11999818293636426,0.03570994874770733,0.011191569297807291,0.5,0.04701855033636093
2913,0.0,0.26064206154673,0.041654008879258464,0.015283265747711994,0.5,0.08743277098983526
2914,1.0,0.1584991731100709,0.045016505517187666,0.010415363631355354,0.5,0.04212682658717746
2915,0.0,0.051867747915393905,0.04246473724429359,0.004181084977508541,0.5,0.023440355179356595
2916,0.0,0.12068710229177139,0.04478914535180971,0.01467622985100289,0.5,0.057314305142922836
2917,1.0,0.11582904301021954,0.04891039095767918,0.010672824796410683,0.5,0.04512840509414673
2918,0.0,0.038627417436555,0.045537999636440105,0.004802426557617787,0.5,0.01870639049089872
2919,0.0,0.09686789570242138,0.04902337131757839,0.015300039885914885,0.5,0.060231033712625504
2920,0.0,0.016591630585592737,0.04607470185903969,0.0022007385447907904,0.5,0.02376539775958428
2921,0.0,0.030691177108352185,0.047135496820129685,0.010726969770621509,0.5,0.0373304675022761
2922,0.0,0.011072818361112898,0.044837662198582234,0.0020742889499247427,0.5,0.01722283022744315
2923,0.0,0.03761447445583525,0.047734610274544516,0.015500927425984462,0.5,0.05139164084737951
2924,0.0,0.008848480347320302,0.04487550820266669,0.001587955400617303,0.5,0.015504582147849234
2925,1.0,0.0845460649782831,0.05024263437678495,0.011537060452289605,0.5,0.044518300715614766
2926,1.0,0.08446753978041846,0.05132004339455413,0.007773691430620309,0.5,0.03250226282304333
2927,0.0,0.05695805443015913,0.05107428369488108,0.009304744814632131,0.5,0.035867867224356705
2928,0.0,7.1160167913059125e-06,0.041510721593210814,0.0013421005082570694,0.5,0.013944687355648388
2929,0.0,0.001535017910222685,0.04231523579928636,0.004999377040283954,0.5,0.023223965295723507
2930,0.0,4.6200595005816424e-07,0.03180283522208598,0.0010282634568284266,0.5,0.010924662798643112
2931,0.0,0.029399394893802003,0.03456026436765655,0.009112285866114475,0.5,0.03141481297857621
2932,0.0,0.02598417255748289,0.03316322947716436,0.002950666944883069,0.5,0.011524705563561392
2933,1.0,0.11270859944454355,0.03760853039161371,0.012813006384142985,0.5,0.057736540834108986
2934,0.0,0.038477290534717566,0.040069462215303345,0.005075802278082372,0.5,0.026251642600349758
2935,0.0,0.03372271322288206,0.04161779044362455,0.007652718686255288,0.5,0.024423179978674107
2936,0.0,0.023274173780251373,0.04043311972765736,0.005000601271603955,0.5,0.016236236318945885
2937,1.0,0.08292203334747222,0.03853259845151723,0.003588294247906147,0.5,0.019583828408609737
2938,1.0,0.09936281051378684,0.04060334073483152,0.0053040450747714055,0.5,0.020884515983717784
2939,0.0,0.13419693517068618,0.04611680631249715,0.01084311144246209,0.5,0.03824438491175251
2940,0.0,0.13566376221858542,0.04845188808767082,0.013400444773045214,0.5,0.04319193959236145
2941,1.0,0.08956998801866049,0.045982719977820524,0.0051191127574209995,0.5,0.02025606911233131
2942,0.0,0.00293743207220724,0.03049453268448036,0.000464748066442553,0.5,0.005039186775684356
2943,0.0,0.04258204077202942,0.0337526453231395,0.007135372958146036,0.5,0.02902630425017813
2944,1.0,0.10691196635085075,0.03805730571287291,0.007327931411055033,0.5,0.029022892471402884
2945,0.0,0.0447539202365604,0.03802143633052566,0.004634999396354967,0.5,0.021871014221294505
2946,0.0,0.034637025721122636,0.03440390652647162,0.002693598908081185,0.5,0.013082509860396385
2947,0.0,0.036948502080974145,0.031487308204761734,0.002067200533929281,0.5,0.010723344050347805
2948,1.0,0.18168033134243583,0.03669746678636794,0.023071092015015893,0.5,0.09971828013658524
2949,0.0,0.14404700081334104,0.040405815367012585,0.010924514152065967,0.5,0.041849806904792786
2950,0.0,0.03353522801268949,0.03908072766511338,0.004083216998285776,0.5,0.017672032441781914
2951,0.0,0.008671341374023766,0.031104362206401913,0.0010416689923579763,0.5,0.013075480318587759
2952,1.0,0.32870105556987483,0.04035932488171797,0.02203459234218686,0.5,0.146809295966075
2953,0.0,0.005443346644755161,0.03163000328811967,0.0010495951982459637,0.5,0.010065773520806823
2954,0.0,0.0490035153927918,0.03522801438005584,0.0068380142458611065,0.5,0.023064080763746192
2955,0.0,0.08059723510528138,0.0397664814838535,0.01478226670587901,0.5,0.04933748890956243
2956,1.0,0.12069926286321987,0.043189254393849026,0.01221492587683315,0.5,0.050666979514062405
2957,0.0,0.037589883816811796,0.04028249610316004,0.00366374448640272,0.5,0.013492435216903687
2958,0.0,0.006763975934335713,0.03487367347192825,0.0012979882003492094,0.5,0.01244361256249249
2959,0.0,0.03587965911924033,0.03726723893679277,0.005198174084254883,0.5,0.023148073569724436
2960,0.0,0.033641464646182534,0.038221013089817055,0.006500539576033286,0.5,0.022815130030115444
2961,1.0,0.13471204023077715,0.04439779033558637,0.015251143766363384,0.5,0.05315282568335533
2962,1.0,0.08258947322860656,0.045567817391041904,0.006425581041824173,0.5,0.02760536485427135
2963,0.0,0.008701511374581451,0.04003261644603875,0.0010454281125151152,0.5,0.012839003120149885
2964,0.0,0.04173179570887625,0.0394695902467127,0.004728103496253843,0.5,0.019436551509676752
2965,1.0,0.0765632282843656,0.03708127400375206,0.0033745031816781396,0.5,0.015624023619152251
2966,0.0,0.04840841257783734,0.038090323666391854,0.005505445476193281,0.5,0.023637270735156153
2967,1.0,0.1928177610348558,0.047260642561693815,0.023906617497022335,0.5,0.0604176429601816
2968,0.0,0.038092572014546786,0.03577818514291099,0.0010993358024279586,0.5,0.012670561671257019
2969,1.0,0.09255727726527058,0.039339881362985184,0.010172938580293894,0.5,0.041464382096340784
2970,0.0,0.04688211551008965,0.04068887063624991,0.0064510514407798095,0.5,0.0291414608558019
2971,0.0,0.12156793331111247,0.04299990016511434,0.013692488862116907,0.5,0.05827260152860121
2972,0.0,0.11408757364783777,0.04537703892147137,0.011799162800473693,0.5,0.04121696310383933
2973,1.0,0.0887709707271164,0.0451671517642543,0.006017834497470176,0.5,0.023685357719659805
2974,0.0,0.08559945806322455,0.04515168263062365,0.006438902027439326,0.5,0.024274531304836273
2975,0.0,0.05696263318205651,0.042614028252759104,0.0021615012850485405,0.5,0.024252991784702648
2976,1.0,0.09465799103715412,0.04545672051784632,0.008967584445669603,0.5,0.034038789570331573
2977,0.0,0.03848648258800775,0.04403733659007516,0.005351757071366592,0.5,0.023555144667625427
2978,1.0,0.11261963207447542,0.049160090753189334,0.012898223724083177,0.5,0.03877922324907212
2979,0.0,0.09235831592665279,0.0433645235883851,0.0038726351383957082,0.5,0.01806066021323204
2980,0.0,0.12067431472932613,0.05014714145924376,0.015712772931216194,0.5,0.046251993803750904
2981,0.0,0.2150844564333032,0.04490984242513833,0.004880882049099345,0.5,0.025142144374173097
2982,1.0,0.08089918842306809,0.04519932399536439,0.005477595302121093,0.5,0.028727617528703477
2983,0.0,0.003308208348218143,0.03199029633190154,0.000750669467379339,0.5,0.010801288187503815
2984,0.0,0.04481895832362909,0.035070004438599686,0.01244380032828,0.5,0.05276518066724142
2985,0.0,0.03256368986799044,0.03264195587001054,0.002610817331813776,0.5,0.015078586651318109
2986,1.0,0.07898098725849928,0.03466118636361966,0.004715074133263294,0.5,0.0246951874605445
2987,0.0,0.14089719458101208,0.03771354393468022,0.015031373818055726,0.5,0.0579348236322403
2988,1.0,0.08990412527773897,0.04014820315629459,0.006622618082474219,0.5,0.03249641228467226
2989,1.0,0.09537563350444388,0.04353455870518028,0.00854721080395393,0.5,0.03815549955918239
2990,0.0,0.06939375079816879,0.04332470190580009,0.005719857800613681,0.5,0.03421814041212201
2991,0.0,0.1587579936692361,0.04601601119443533,0.0191306871274719,0.5,0.07396533340215683
2992,0.0,0.027454065946234212,0.03718918425195467,0.0024428408938801174,0.5,0.01527432837458544
2993,1.0,0.0955762574821861,0.0409800578226443,0.012288438740142738,0.5,0.05149182304739952
2994,0.0,0.03639556053809033,0.041047948832060296,0.006505975424079225,0.5,0.026203211545944214
2995,1.0,0.08213912588527192,0.04328315559985442,0.007721522832330915,0.5,0.03466557764581272
2996,0.0,0.03185821246281761,0.04021642147715917,0.0040935996103577225,0.5,0.020230792817615327
2997,0.0,0.05739517653950937,0.03988908175913133,0.0023669875094624745,0.5,0.030784170735966076
2998,0.0,0.05459408823963762,0.03992455669441191,0.0027910773189634914,0.5,0.036355235510402255
2999,0.0,0.005227524252661487,0.03164694995566869,0.0012566904720733873,0.5,0.013746687024831773
3000,1.0,0.08695798383293551,0.03657406616875273,0.015285679761571093,0.5,0.06224981752725748
3001,1.0,0.0724830673366919,0.03715745086407779,0.004347800918006918,0.5,0.021325115887623914
3002,0.0,0.04500864761661699,0.036367409551304214,0.003866798044253635,0.5,0.018984629791610096
3003,1.0,0.07382936365723251,0.03810221575632237,0.005946893951789077,0.5,0.025891015359333584
3004,0.0,0.07825625598562261,0.03843324282682869,0.0028433358342486565,0.5,0.032520278223923275
3005,1.0,0.12330359509864924,0.04393960056424005,0.015929979276067267,0.5,0.05128881136576335
3006,0.0,0.04921363522715424,0.0357597392647137,0.0023765101047631887,0.5,0.01629060856541809
3007,1.0,0.20765438421298463,0.048512924617820787,0.017644887972542513,0.5,0.05490421733030906
3008,0.0,0.1097468782466667,0.0509502159994367,0.01201974109146529,0.5,0.04401431977748871
3009,1.0,0.07672684487352044,0.04193462909329865,0.003096019340403102,0.5,0.016121522695929917
3010,1.0,0.15776945567387282,0.048874587461055545,0.016383128624345936,0.5,0.05198687450452284
3011,1.0,0.09589745324877164,0.04685971232007114,0.004637746208673989,0.5,0.025895473857720692
3012,0.0,0.10644196929923362,0.04566687315581457,0.006589339574929909,0.5,0.028439642240603764
3013,0.0,0.02114226488795124,0.031645348957814866,0.0006579545329441316,0.5,0.01256407618522644
3014,0.0,0.023791094326252264,0.027409481957476237,0.0007913703038866515,0.5,0.011748438080151876
3015,0.0,0.01346789730971973,0.02463956372035943,0.0006931217297096736,0.5,0.010735817700624466
3016,0.0,0.018909662005801613,0.02284996890924884,0.0005723849855712615,0.5,0.012205065637826919
3017,0.0,0.015735322789272824,0.023046525097028415,0.0008042806960293092,0.5,0.01222819447517395
3018,0.0,0.08961663437238734,0.02809205877082948,0.011407691983428473,0.5,0.05270008146762848
3019,0.0,0.17316164048093938,0.03393724447045622,0.012129544382332824,0.5,0.04570337012410164
3020,0.0,0.010572964740281346,0.02759512453815632,0.0007800791808404028,0.5,0.011236801594495773
3021,0.0,0.012255312622049232,0.024247127944356028,0.0005713937772088685,0.5,0.007644376158714295
3022,0.0,0.010059511043597107,0.023334254806360068,0.0006800652018864639,0.5,0.008454385846853256
3023,0.0,0.012210017597550294,0.021973844826901266,0.0004494856504607014,0.5,0.0061844402551651
3024,0.0,0.051790268525001855,0.0242907223605526,0.001822411264583934,0.5,0.02048535520831744
3025,0.0,0.027619051712960342,0.024554034107448088,0.0008024973109151411,0.5,0.009820241544206264
3026,0.0,0.020493155721823957,0.025954739877714093,0.0011262242970406077,0.5,0.012184331864118577
3027,0.0,0.014727676101790352,0.02377624113573789,0.0005730141449021176,0.5,0.008435283601284028
3028,1.0,0.25066917951719675,0.035645224844048626,0.010932848144355896,0.5,0.044459190113203866
3029,1.0,0.1190006544422447,0.03792521150772974,0.005191302375293317,0.5,0.020229444224783715
3030,0.0,0.01318128261213521,0.027269697416347213,0.00044638606981607155,0.5,0.006733727306127548
3031,0.0,0.0122212606289703,0.02338836484682895,0.00044704050378641114,0.5,0.007318497747182846
3032,1.0,0.10764744042960431,0.028794519636474697,0.005616389534326218,0.5,0.025948322067658108
3033,0.0,0.01667003708800522,0.027145075108953063,0.0010220597856095992,0.5,0.013466983884572983
3034,0.0,0.03179908656502333,0.026875339526054375,0.0010291861163707274,0.5,0.013709543716339838
3035,0.0,0.011268241421832819,0.02463856079736002,0.0007790006505092606,0.5,0.009133160710334778
3036,0.0,0.013341929391483898,0.022416144571825006,0.0004470760581898503,0.5,0.006660528033971786
3037,1.0,0.16909832409210335,0.03175160112484697,0.004646714457114035,0.5,0.027502665231967795
3038,0.0,0.07280818878734457,0.029554298196831454,0.0019955378996097894,0.5,0.01225559305898922
3039,0.0,0.013066201600266444,0.02528195035950534,0.0006834494465147146,0.5,0.009664190262556075
3040,0.0,0.028865705861909313,0.03392037141979363,0.007847773944376968,0.5,0.03408938825130463
3041,1.0,0.1596511792839464,0.0407043924164286,0.01602868567764138,0.5,0.06023840407530467
3042,0.0,0.14649990252056294,0.04027762841806799,0.0023231071774551474,0.5,0.03406866843050176
3043,0.0,0.018694516521987357,0.03115771548485471,0.0008993766815555129,0.5,0.01154249349793235
3044,0.0,0.06200539447966556,0.03100176371072141,0.002948516616755623,0.5,0.018202424807063605
3045,0.0,0.14042497135772314,0.03640180467059439,0.00432886244020205,0.5,0.020397268654255386
3046,1.0,0.11531072361358669,0.0388788959610583,0.006226333146675161,0.5,0.032101303777273965
3047,1.0,0.09610810013358433,0.040316303503529695,0.006634343550346481,0.5,0.03107857157786687
3048,0.0,0.010220139247055698,0.02811850633644497,0.0004443954647285864,0.5,0.008889758586883545
3049,0.0,0.04694979732853731,0.025187546652211804,0.0006535798852564767,0.5,0.010181016474962234
3050,0.0,0.061018272960465345,0.02813966002764005,0.003857630744856909,0.5,0.02143548462878574
3051,0.0,0.1485078939401267,0.02918361069996157,0.002789801183906901,0.5,0.038189118107159935
3052,0.0,0.03369634797393539,0.03391015661382404,0.005803612383225789,0.5,0.03027779895525712
3053,1.0,0.15620076950330622,0.04088399224124269,0.011531282255115608,0.5,0.040707227090994516
3054,1.0,0.24153407631876386,0.04485543255999324,0.017205627759474075,0.5,0.07123741101134907
3055,1.0,0.12064264345093857,0.04702668013198213,0.007978283571109416,0.5,0.03152299648331058
3056,1.0,0.09888893528554449,0.04122407749579339,0.0033787325795204726,0.5,0.0189284159621196
3057,1.0,0.19432023575857751,0.046591888471876355,0.018769650431446887,0.5,0.061225092659393944
3058,0.0,0.13584374070541066,0.047831356130495904,0.009871354401933359,0.5,0.056718938490923715
3059,1.0,0.23035274356968474,0.05130412776668614,0.018808477278798818,0.5,0.07176349759101867
3060,0.0,0.07460072123086134,0.04498912583749085,0.003754949729602017,0.5,0.028518673543836557
3061,0.0,0.0062515920730433164,0.029946895393765292,0.0004520684393355623,0.5,0.009953161031007766
3062,0.0,0.012102451002955974,0.024430237872415973,0.00045166040246840566,0.5,0.010387954413890838
3063,1.0,0.13454911035309677,0.031125663348342034,0.016206010381350867,0.5,0.06839489936828613
3064,1.0,0.13233210531726824,0.03557545051723633,0.010527363593849403,0.5,0.04263832851460105
3065,1.0,0.07903028813052923,0.03523394058835884,0.003629582758488444,0.5,0.017048260072867076
3066,0.0,0.03744390335736281,0.033684454133570366,0.001287565755774267,0.5,0.021946970659952898
3067,0.0,0.09523347195064558,0.03328265134309405,0.0031171498431210656,0.5,0.023295085108469404
3068,0.0,0.03377227408094108,0.03165210542067658,0.0011431117635573064,0.5,0.018758979710665615
3069,0.0,0.10860639772308166,0.03539457519519107,0.003118806753773242,0.5,0.025410141795873642
3070,1.0,0.0812137522121125,0.036394979840007925,0.004643394105245379,0.5,0.027357244428167952
3071,0.0,0.011746631558586787,0.02783276717742112,0.0007079871880705469,0.5,0.014950894713401795
3072,0.0,0.048951811637091024,0.029845327876569638,0.0020665884469447003,0.5,0.030205799115670694
3073,0.0,0.13191803081377043,0.035195537281308024,0.004121775244973411,0.5,0.029135226123574852
3074,0.0,0.025848406044864932,0.03333900312479422,0.0012166293367045,0.5,0.021064587434132895
3075,0.0,0.011895654610199154,0.028198907611063927,0.0008470876110368409,0.5,0.013006899058818817
3076,0.0,0.1048249880526734,0.03301513396021205,0.016171998259696094,0.5,0.08539365773851221
3077,0.0,0.05440728685032329,0.030754774227723332,0.002232670089300803,0.5,0.01653373549165933
3078,1.0,0.09227646338838176,0.033792452199550786,0.004966361241208183,0.5,0.026889491081237792
3079,0.0,0.020827836867841946,0.031618270857139294,0.0015145965420792031,0.5,0.018656902216576243
3080,0.0,0.008200554271229179,0.027687844875925634,0.0009858255114522762,0.5,0.015659634917974473
3081,0.0,0.02434997090569028,0.027470066956416163,0.0010703979642130435,0.5,0.016987692087124556
3082,0.0,0.04753240365870614,0.025742051654693374,0.0007260993201634847,0.5,0.011539144217967987
3083,0.0,0.0754385251420053,0.029728982133668043,0.002479584451793926,0.5,0.026546387746930123
3084,0.0,0.10321307272692856,0.03339041336061495,0.013159415221217876,0.5,0.05774483543175917
3085,0.0,0.10061733601660261,0.03379883771976637,0.002864782038993914,0.5,0.017259567800690146
3086,0.0,0.09430112178205577,0.03744270025682567,0.010859318021068569,0.5,0.042069845339831186
3087,0.0,0.044678153797532164,0.03642737415350422,0.004178638852926967,0.5,0.020129744396653285
3088,0.0,0.028114541787665197,0.0345001009827601,0.0014700188767164946,0.5,0.017941314425017382
3089,0.0,2.290176272287792e-11,0.026236548588855917,0.00046127764828270303,0.5,0.009903208315372468
3090,1.0,0.36602285174703686,0.03783872476347243,0.009279806941333114,0.5,0.05298079114134719
3091,0.0,0.0718392273045428,0.038633363007030394,0.006454252156670138,0.5,0.030208528574023927
3092,0.0,0.026554038223761803,0.034364210252638895,0.0011972854069123666,0.5,0.015557297539931757
3093,0.0,0.003026449870481524,0.026407365674387152,0.0004756451488356106,0.5,0.01050059773027897
3094,1.0,0.11650880009591863,0.032291551883192104,0.004138512731488071,0.5,0.02055471012396599
3095,0.0,0.005860769427429935,0.02843399587065665,0.0010034518205793575,0.5,0.016602384746074676
3096,0.0,0.03089502397124831,0.027292980406793226,0.0009181414324062309,0.5,0.011499845262231499
3097,1.0,0.09599530727162742,0.03235861581531344,0.0038350361247540678,0.5,0.020939498938418722
3098,0.0,0.08329718465508416,0.03488405926567082,0.0038658514161800323,0.5,0.025955442033830236
3099,0.0,0.02935181022806925,0.03380870081958502,0.0017259976593777537,0.5,0.01976105272769928
3100,0.0,0.0786849509482894,0.03513190700029691,0.0030898604589952704,0.5,0.02133444302222308
3101,0.0,0.04373333313084334,0.0336727701163462,0.0029247583602444224,0.5,0.015853213767210644
3102,0.0,0.0276980134587926,0.03304855005244055,0.0015458164919188923,0.5,0.017880783500996502
3103,0.0,0.08198303834062952,0.0359775530520248,0.004758398580498637,0.5,0.023535080888169878
3104,0.0,0.013122554357979734,0.03772578040488641,0.004438470604453379,0.5,0.02277163714170456
3105,0.0,0.004234943737781404,0.03438603176365035,0.0010821266757399851,0.5,0.011606277042144054
3106,0.0,0.0010399310374877486,0.027383412824064368,0.0007323819136945531,0.5,0.011948375701904297
3107,0.0,5.569185314277622e-05,0.024732703570132547,0.0007283516222378239,0.5,0.008651440143585204
3108,1.0,0.11237972375998535,0.03067076941717698,0.02192720734941152,0.5,0.09641732854975595
3109,1.0,0.10375846959569945,0.034481164768349865,0.0047316912957695405,0.5,0.02953479132231544
3110,0.0,0.016914400004568404,0.030447845157652344,0.0008584325937433811,0.5,0.0139099249038203
3111,0.0,0.0646606002871817,0.03367033832905046,0.010332880228816066,0.5,0.04730720166116953
3112,1.0,0.12478481482022837,0.038808156728355206,0.009483436031867033,0.5,0.03638330445839809
3113,1.0,0.10107893790494274,0.037081068818531765,0.003145377865202432,0.5,0.02110566399740369
3114,0.0,0.02733069856167217,0.03514607581825281,0.0015996073705664034,0.5,0.021804564567499383
3115,0.0,0.056853793790639096,0.03492312250688959,0.004171843901087075,0.5,0.02415614245935928
3116,1.0,0.2412869125102624,0.04581308716360262,0.020528298492718023,0.5,0.07184982150793076
3117,0.0,0.03500940694785733,0.036095958190798944,0.002579489607887808,0.5,0.019779492765665055
3118,0.0,0.041718715433020706,0.02958048725614776,0.0008523679143399932,0.5,0.013247446715831756
3119,1.0,0.16869020163805293,0.03611033288339002,0.0056333531240703285,0.5,0.02517293171206517
3120,1.0,0.240138079122599,0.04213813940372175,0.017979152417795446,0.5,0.0612516666834171
3121,0.0,0.07049511711905672,0.040430164709436764,0.0017362620532771365,0.5,0.025994747049278684
3122,1.0,0.25556010999608075,0.049119185561183804,0.018808480710140428,0.5,0.07740072682499885
3123,1.0,0.17989053304012553,0.051147022760240676,0.01228287884623569,0.5,0.04946368746459484
3124,0.0,0.23330179416003755,0.058285301535421545,0.01392772154890579,0.5,0.06002321633799323
3125,0.0,0.05960088577464992,0.0485415005466913,0.003792241042699768,0.5,0.03219522508206191
3126,0.0,0.045261342502362786,0.04587860055619852,0.00182016726790203,0.5,0.029368625746832952
3127,1.0,0.09886658260099651,0.04925530397224041,0.01585159049808191,0.5,0.06501058775645036
3128,0.0,0.014221109991702889,0.044230934844749756,0.0013315204362567914,0.5,0.02177877990262849
3129,1.0,0.08358034554720223,0.04847416429374166,0.00888587356029028,0.5,0.029056118952261435
3130,1.0,0.1185143551459977,0.052202086986508155,0.015532625458685547,0.5,0.06424992212227412
3131,1.0,0.061559368770302395,0.0444930124713932,0.0036974098853534087,0.5,0.02028795232375463
3132,0.0,0.005288370463747811,0.03169754499588748,0.0008931185994879343,0.5,0.016450868397951127
3133,0.0,0.07249141505700311,0.033587455505066977,0.005704805099715789,0.5,0.0390641783674558
3134,0.0,0.02405813916475242,0.031121472979359077,0.0010318956734739584,0.5,0.02213815227150917
3135,1.0,0.07881246890356022,0.03234959364402758,0.0030579917347028805,0.5,0.02091157417266797
3136,0.0,0.06630687231729546,0.032466633726973185,0.0019275795733419193,0.5,0.03460371056023766
3137,0.0,0.083614295163812,0.033777144348443915,0.0031805936091889937,0.5,0.04376936455567678
3138,0.0,0.06720577199478452,0.03128864631684424,0.0023152513643386616,0.5,0.021719641230079564
3139,0.0,0.2299344557511134,0.036266660499167214,0.02105182775348011,0.5,0.10384770565562779
3140,0.0,0.047271959881363096,0.032179282493336576,0.0022967632688418466,0.5,0.01617727888391373
3141,1.0,0.12994195294018773,0.035388109170939666,0.0038160788802723464,0.5,0.02407538115161739
3142,1.0,0.23559083678355217,0.04138088708920573,0.01941302517176761,0.5,0.07982013250390689
3143,1.0,0.10439637847187772,0.0419441615451744,0.004179089629079824,0.5,0.0303243315882153
3144,0.0,0.03182415422068609,0.03871945441924142,0.0013661808735723126,0.5,0.02669411794892673
3145,0.0,0.07197768275218387,0.03486338393431096,0.002692857868147685,0.5,0.022266948047806236
3146,0.0,0.03750839816367553,0.032181193975087605,0.0012366687904951895,0.5,0.01888059319130012
3147,1.0,0.09361700231111597,0.0345397316068036,0.0032772256636235397,0.5,0.020821232193460066
3148,1.0,0.08464186384521691,0.034613867609565536,0.0034681093423220683,0.5,0.021919294562138304
3149,0.0,0.24742245855953915,0.044159413067399934,0.008313602649360437,0.5,0.03370235579601233
3150,0.0,0.029465863314771995,0.03752854208768295,0.0010123536024153471,0.5,0.017703698353564487
3151,0.0,0.05746064472965293,0.03955063068816563,0.009414923689818304,0.5,0.04316490261178268
3152,0.0,0.05584917550020734,0.03654113735160038,0.0036905535741755227,0.5,0.0290317096553006
3153,0.0,0.4916633890082015,0.07548422944603428,0.03718848882292929,0.5,0.13855482510157993
3154,0.0,0.20136769618352257,0.07184485650193978,0.003014365274628455,0.5,0.039588577368042686
3155,0.0,0.00851695102478001,0.06554412396116203,0.0020285299041360202,0.5,0.022119920286867354
3156,0.0,0.02870319186425424,0.05108232366881409,0.0035123427051230002,0.5,0.023480679524146904
3157,0.0,0.011855525503216547,0.048239034553450764,0.002036207307052488,0.5,0.02511454787519243
3158,0.0,4.494336096318918e-06,0.04229284895715212,0.0012679532260840966,0.5,0.01894471835758951
3159,0.0,9.15512431794038e-16,0.02950370097424091,0.0004900862945942208,0.5,0.012009639218449593
3160,0.0,0.03271765114135627,0.033077768572481424,0.009395425996626728,0.5,0.03616755269467831
3161,0.0,0.08748454512997794,0.03467181798397508,0.0037261025343988357,0.5,0.04776349078331675
3162,0.0,0.10639051814766634,0.04110298750962561,0.012504000164335593,0.5,0.04143732078373432
3163,0.0,0.09641867825390657,0.0443046897038055,0.01971296314150095,0.5,0.0627081584599283
3164,0.0,0.010017148810798774,0.0322577349758239,0.0007839170706574805,0.5,0.013131088241934777
3165,1.0,0.25119856701357524,0.04307823294052595,0.014154303687532913,0.5,0.05373164672743191
3166,1.0,0.25169875726762564,0.05444537575577804,0.008997597775903645,0.5,0.033835504969505416
3167,0.0,0.017322149804222576,0.036011022181581004,0.0007818674182635732,0.5,0.01747564218938351
3168,1.0,0.08964557316857706,0.04024612091010271,0.008638838307108796,0.5,0.038135972672275135
3169,1.0,0.09085752529865042,0.03709126827288852,0.0030342604251437184,0.5,0.021881543183594608
3170,0.0,0.04685701328901975,0.03694355240436771,0.0047547949495940255,0.5,0.026028496332657643
3171,0.0,0.33067214234014636,0.059788676719733425,0.014778051631885388,0.5,0.05548017092470853
3172,0.0,0.15627748161461502,0.07821793744518697,0.014080839785702456,0.5,0.04930934768456679
3173,0.0,1.1435112678709542e-10,0.04245547860754737,0.0004763327626278624,0.5,0.013169229403138161
3174,0.0,0.0011002007230396036,0.03315585424519031,0.0025581795524340124,0.5,0.01909088358283043
3175,0.0,0.012987402889110286,0.029595565977456172,0.0008799703163464391,0.5,0.01176326721906662
3176,0.0,1.7832960691958336e-08,0.025646921347710416,0.0007531495252624154,0.5,0.012058355510234833
3177,0.0,0.1625228796621495,0.03540398196315472,0.010436703965145474,0.5,0.042000438604089946
3178,0.0,1.106247757175651e-09,0.02661850139821822,0.000464957925141789,0.5,0.010801821127533912
3179,1.0,0.10873864031807604,0.032663402808313334,0.0043186931880743445,0.5,0.02662484474101309
3180,1.0,0.24450104827908875,0.038881873510479975,0.01842455412891771,0.5,0.08286399270097415
3181,1.0,0.17739929953545858,0.042574969869156924,0.01213306955041309,0.5,0.052016662324176115
3182,0.0,0.06121018053882314,0.041858604950742735,0.004620260649244301,0.5,0.03176460832357406
3183,0.0,0.17642597846232239,0.043821490760512366,0.0054686350718052504,0.5,0.027639706191178913
3184,1.0,0.17780519411183787,0.04710243809858017,0.01356783973169513,0.5,0.06155584802230199
3185,0.0,0.0035968529747692963,0.030903133621909072,0.0004639226268045604,0.5,0.012278656959533691
3186,1.0,0.0983747951527786,0.04090299540235806,0.012340047083632795,0.5,0.05360912147796515
3187,1.0,0.09501264840338586,0.039642802556087146,0.003735990371275139,0.5,0.018505255381266277
3188,0.0,0.022919414712897143,0.03361270264373793,0.0009104621364843167,0.5,0.015874786036355153
3189,0.0,0.002362504367485902,0.02583255151149408,0.0004567706832312979,0.5,0.011635596007108688
3190,1.0,0.20190137063355207,0.04151347071680112,0.021942930118794637,0.5,0.05956404182043942
3191,1.0,0.14458287998037722,0.04419664776042847,0.006244782101103655,0.5,0.031166963279247284
3192,0.0,0.02594295856976427,0.038206213636070845,0.0010480642547297133,0.5,0.01777015662774807
3193,0.0,0.005250786874496182,0.032572242872037374,0.0016505656781373545,0.5,0.024391723573207857
3194,0.0,0.007841965550139508,0.025390085972739975,0.00045068190578604115,0.5,0.01493174746632576
3195,0.0,0.06489301655791994,0.029154340690726404,0.008888369559666471,0.5,0.04962873897131752
3196,1.0,0.15721660808310284,0.03423321847376429,0.012119670034735464,0.5,0.05754048842936754
3197,1.0,0.20526852277060292,0.042230036637347645,0.01946711698838044,0.5,0.058651019419942586
3198,0.0,0.06266163722101756,0.042850818141676204,0.0056663650377433645,0.5,0.04022863465878698
3199,1.0,0.09282953452338501,0.04299724392892785,0.0050476550000141665,0.5,0.021961929212356436
3200,0.0,0.20442524059090147,0.04821095441091911,0.009929764460442433,0.5,0.05920369550585747
3201,1.0,0.09659494216450368,0.04898772998141525,0.00780548029622339,0.5,0.039612326908994605
3202,0.0,0.056895759938238345,0.04700406656925907,0.005941423378177346,0.5,0.0385185107588768
3203,1.0,0.08315139512375047,0.046637509545875415,0.00583954400986395,0.5,0.025097339737172028
3204,0.0,0.05908722556323461,0.040154282537258376,0.0029917820195098305,0.5,0.022700787536681644
3205,0.0,0.09536425172772683,0.042659079590272014,0.006711179319274973,0.5,0.030494050103790905
3206,0.0,0.03064059871150126,0.03900394638314711,0.0015931249929255703,0.5,0.0226231101486418
3207,0.0,0.18204499879615096,0.04196406966906424,0.005434417934237799,0.5,0.03584460189772977
3208,0.0,0.34994676908806416,0.05125594495968578,0.007703626305252935,0.5,0.044600314204243645
3209,0.0,0.1885889197559535,0.05647528991768949,0.016282615741060692,0.5,0.05634706609305881
3210,1.0,0.3714851354094283,0.06857669009851494,0.011332699753756422,0.5,0.05199639535093882
3211,0.0,3.2807507886938354e-08,0.04498726545501999,0.002611366675409954,0.5,0.020880916034397873
3212,0.0,0.2384587588301543,0.05366571699252958,0.007101673865377883,0.5,0.03500648692090024
3213,0.0,0.027628233647624605,0.04374165818333091,0.0028694937896818437,0.5,0.02137173596641113
3214,0.0,0.029530702741939894,0.04281918930637624,0.002390899283524889,0.5,0.0281764968083455
3215,0.0,0.15515119903052618,0.06211639229310334,0.026218379875596536,0.5,0.06669321873535712
3216,1.0,0.17593777969649285,0.05262070870572999,0.004765293002423323,0.5,0.029313152066514463
3217,1.0,0.26579357270339216,0.05572857719715278,0.01825843925762456,0.5,0.08680357411503792
3218,1.0,0.22580562314101618,0.07186870727002113,0.027257204125899905,0.5,0.07093256305564534
3219,0.0,0.15644357095922157,0.06166903053802651,0.0057300096539418316,0.5,0.040230645073784724
3220,0.0,0.2082964152351082,0.060733932961897164,0.003971691567650331,0.5,0.051253201706068854
3221,0.0,0.04333847524059106,0.05788709420666005,0.0069994475204072405,0.5,0.03836914313876111
3222,0.0,0.03462319276982746,0.0527627600712811,0.00496144150295577,0.5,0.028940775177695534
3223,0.0,2.707827012942332e-07,0.03979485757503371,0.0011544306256362925,0.5,0.01989266794660817
3224,1.0,0.09358030889892782,0.04491586963097581,0.013594432598135123,0.5,0.07772853126128515
3225,0.0,0.0011420094080917599,0.03694901477792454,0.0009119586432531762,0.5,0.015065485181716772
3226,0.0,0.09125381727054314,0.03535903494425841,0.0031376129778980556,0.5,0.019569016916235697
3227,1.0,0.07374391748391682,0.03630723751479302,0.0032918610753875006,0.5,0.02720198780298233
3228,0.0,0.14064936375962536,0.03899521679472723,0.012411688033766537,0.5,0.06448874283920634
3229,0.0,0.0394797032940418,0.037437530050945064,0.0035429434944186746,0.5,0.024805562881131966
3230,0.0,0.15465689370984784,0.04088098842761378,0.005327472163480706,0.5,0.02376727397952761
3231,1.0,0.08090090439610355,0.04193420053881987,0.006483211072918493,0.5,0.03548854163714817
3232,1.0,0.21366542510614273,0.04700063690129232,0.019064879158395342,0.5,0.0927793875336647
3233,1.0,0.2428263721019801,0.05553358071344665,0.01670761889196001,0.5,0.06378532767295837
3234,0.0,0.024461700746319787,0.05043534041035203,0.0015539767310573634,0.5,0.021565375680273228
3235,0.0,0.13301420581789247,0.04918350325188736,0.0059144720710306,0.5,0.03358411463824185
3236,0.0,1.2281883592224649e-05,0.03284323306569065,0.0007084107873379252,0.5,0.01501677006483078
3237,0.0,0.06260886328574908,0.03220085686812334,0.002325950150182586,0.5,0.019493961775744403
3238,0.0,0.0012777111068490014,0.024894623871311423,0.00042821166367502884,0.5,0.011930206567049026
3239,0.0,0.1421127816293412,0.03425095184801669,0.02007970333839434,0.5,0.06842728278466634
3240,1.0,0.10666672508152737,0.03917256098797388,0.00684790177456307,0.5,0.04239932680502534
3241,0.0,0.3020760551004929,0.04967309572443981,0.017054992499470244,0.5,0.08611910417675972
3242,0.0,0.018293192993659665,0.04232152992430588,0.001365646572382904,0.5,0.016437288287074067
3243,0.0,0.05636047522299161,0.044207537016055,0.011651539008281279,0.5,0.062380788001147186
3244,0.0,0.006489466005327189,0.03662039217049925,0.000916341559929481,0.5,0.017071524817569583
3245,0.0,0.038326413012600584,0.03821516119407548,0.007385613136446207,0.5,0.04150722258620792
3246,1.0,0.3006231393754552,0.06073690195746942,0.018269745534053073,0.5,0.08030991926789284
3247,0.0,0.3716597983567362,0.06560669585429187,0.028539806675528072,0.5,0.10416765014330547
3248,0.0,0.2000531800313085,0.06828227120191684,0.01711984248322551,0.5,0.06257902551442385
3249,0.0,0.018808011527167767,0.054012264767901025,0.0029775050940343693,0.5,0.0223347076347896
3250,0.0,0.005504894004327297,0.03596973221326214,0.0007089101789381027,0.5,0.01481254619883967
3251,1.0,0.07571605799465005,0.039172857088623836,0.006257931433436979,0.5,0.03326865037282308
3252,1.0,0.07173925074519515,0.0409420031207183,0.006883459336957178,0.5,0.03776035859034611
3253,0.0,0.03418229375299048,0.04166007646859258,0.006081915353424847,0.5,0.025282962918281554
3254,0.0,0.06069721269950099,0.040969291592783424,0.0022595715417992324,0.5,0.04321633776028951
3255,0.0,0.004626073047200373,0.03526743368103319,0.0009757151952300697,0.5,0.017744006311639825
3256,1.0,0.15107622274152327,0.050899893057753595,0.007951863746660513,0.5,0.038951469139314035
3257,0.0,0.009541630712234952,0.038629050326592015,0.0008407314417127054,0.5,0.018089194782078266
3258,1.0,0.07381794372854715,0.033568698196241434,0.0021741083234398197,0.5,0.017821372486650944
3259,1.0,0.099779222036878,0.03841022279049488,0.008271673937862808,0.5,0.039992908084834064
3260,1.0,0.08488683744955705,0.03666130439835148,0.0030914957452045783,0.5,0.02284068495467089
3261,0.0,0.1640340459721924,0.04250085518342499,0.015738196336315013,0.5,0.06906050443649292
3262,0.0,0.17102292890309786,0.044040154982879116,0.00999561206733163,0.5,0.05699762014242319
3263,0.0,0.07541587067368327,0.045268040952562746,0.0070167188823688775,0.5,0.03608177991017052
3264,0.0,0.03024260568724765,0.03657104498697649,0.0021023542279648166,0.5,0.015372068092629716
3265,1.0,0.07803912516490481,0.03904372316102865,0.006926296225104194,0.5,0.03902405328475512
3266,0.0,0.20165056609863613,0.06436509694619412,0.021665757504076913,0.5,0.06440046009344932
3267,0.0,0.16523585515274414,0.06631388521189764,0.012784068747271744,0.5,0.06873821240404378
3268,0.0,0.1785902872275022,0.06503249480104756,0.003917428211674893,0.5,0.0512574166059494
3269,1.0,0.3757811606892556,0.07158711521973952,0.021347558487353747,0.5,0.12096888768045526
3270,1.0,0.053061282010203464,0.05916737765855657,0.004230972948183383,0.5,0.02732811216264963
3271,0.0,0.1043943351942011,0.05876167867323168,0.0050352953225632924,0.5,0.05526125762197706
3272,1.0,0.05449887165366855,0.04529861106245994,0.0027508734690652797,0.5,0.02153096596399943
3273,0.0,0.06947717790761873,0.045222006357251335,0.0051357331476174295,0.5,0.031205057501792907
3274,0.0,0.03776126283035635,0.038904706776301055,0.0026107784205160983,0.5,0.02511418151528868
3275,0.0,0.06532462341134751,0.04147857000833681,0.009403819480212405,0.5,0.04879691203435262
3276,1.0,0.14981763341988044,0.047609273487024165,0.016468544297302806,0.5,0.06650760344096593
3277,1.0,0.13577617722987967,0.05379782453071498,0.015298528698622249,0.5,0.05355923208925459
3278,1.0,0.09135468360593928,0.056055887086678274,0.011864389417395513,0.5,0.04700099097357856
3279,0.0,8.653049728101994e-11,0.03368589940171655,0.0004342069401172921,0.5,0.017449771016836167
3280,0.0,0.008892390540889656,0.025322574142569502,0.00041922647069441154,0.5,0.014795977473258972
3281,0.0,0.044854402073034955,0.02665534131961979,0.0024989478503509113,0.5,0.045747543374697365
3282,1.0,0.25895526236846755,0.04448316575393251,0.009637674930023163,0.5,0.05028447381087712
3283,0.0,0.22303602971846137,0.04529191158179836,0.005404749063545487,0.5,0.03666804342166237
3284,0.0,0.04754672135883004,0.037417493407707114,0.0023424218145116945,0.5,0.025594660289147322
3285,0.0,0.10122857600835668,0.0405588824431559,0.0040978771012305515,0.5,0.038405833300203085
3286,0.0,0.018261672130461662,0.038531435319946794,0.0022458130876847737,0.5,0.030516103603119075
3287,0.0,0.0351251987116689,0.03495339864960049,0.0025713548434553027,0.5,0.02508911336290425
3288,0.0,0.2191595465603561,0.044750069423071255,0.018026713107246906,0.5,0.08654378617511076
3289,0.0,0.1828900392902118,0.04713783856306329,0.011399550206708508,0.5,0.05964942276477814
3290,0.0,0.1916847072300592,0.050196502988558524,0.016355426548721477,0.5,0.07577686756849289
3291,0.0,0.022702451385626717,0.04226832759026375,0.0027933385372981086,0.5,0.023549967617900285
3292,1.0,0.06463977442633571,0.04308798664346802,0.006440927645849899,0.5,0.03806121724432912
3293,1.0,0.20797530200105177,0.051217337821086284,0.008844722548647868,0.5,0.03851590562950481
3294,0.0,0.20237109096007888,0.05286654269430786,0.01458869348344807,0.5,0.06846507224771711
3295,0.0,0.08857621183431696,0.05088586552803245,0.002472224058762479,0.5,0.03074665883412728
3296,0.0,0.17706970924073515,0.057839255375029534,0.02523373419006186,0.5,0.11264240403066982
3297,1.0,0.05577093119000199,0.05861871164840659,0.008117218335078528,0.5,0.032196054521661535
3298,0.0,0.0828114344808914,0.061135069940433856,0.013867002796905581,0.5,0.05546863675117493
3299,0.0,9.155014930212613e-11,0.035814680528732094,0.0004480027631507255,0.5,0.015230296552181244
3300,0.0,0.0394667864921759,0.03871850594452105,0.004961561597599761,0.5,0.03467721092264827
3301,0.0,4.8793667731233656e-11,0.027517670168745994,0.0004449915036093444,0.5,0.012467703595757485
3302,0.0,0.012305332931979785,0.027317746590994584,0.001108978268278476,0.5,0.018615718453358382
3303,0.0,0.0008539305442977122,0.024316000883962473,0.0007258063796325586,0.5,0.01541716992855072
3304,0.0,0.03099385955983911,0.03726475130966981,0.006475604904545961,0.5,0.03188087501023945
3305,0.0,1.7114326010999254e-06,0.03703346355990205,0.004290111511654687,0.5,0.022585986405611037
3306,0.0,6.775394253652715e-05,0.0294446921921914,0.0009607302551739849,0.5,0.01522339828312397
3307,0.0,0.0225772144433495,0.03139382195251363,0.0039025133082759567,0.5,0.030934134498238564
3308,0.0,0.033406200165006034,0.033548184369451756,0.00648821148351999,0.5,0.02844984717667103
3309,0.0,0.03492710598976315,0.03500827631434193,0.005486909689352615,0.5,0.02812803102036317
3310,0.0,0.03570529103256577,0.03560910906572584,0.0033672761230263857,0.5,0.02206974056634036
3311,0.0,1.9060478021325735e-08,0.026230979604422604,0.0004337148260674439,0.5,0.013883084580302239
3312,0.0,8.031760116146144e-06,0.02278489729271973,0.00043473781144712123,0.5,0.011597892493009567
3313,1.0,0.10385684862453602,0.029346673686490785,0.007406014256188287,0.5,0.04238010283846121
3314,0.0,0.21095532833801972,0.0306230031031088,0.004018005748678531,0.5,0.03947444153683526
3315,1.0,0.13102505260546524,0.03710726707983854,0.006918599975919774,0.5,0.03242972256107764
3316,0.0,0.12462882811331397,0.03960999978075294,0.007963496853739748,0.5,0.041167013347148895
3317,0.0,0.4558987573437535,0.05062655208807516,0.013979184581651627,0.5,0.08061336134286488
3318,0.0,0.0002805271272312125,0.04131264035237234,0.000984914109180186,0.5,0.01552971658554483
3319,0.0,0.010300804713602535,0.04143379353756711,0.0032998667480165344,0.5,0.031049456033441756
3320,0.0,0.007937298797572087,0.04099515139620596,0.0025864670072526983,0.5,0.023013656958937645
3321,1.0,0.07588996424311172,0.03967383359736772,0.004183605907398843,0.5,0.024411279870116192
3322,0.0,0.0475326343725601,0.03067781324562665,0.0008658206887776032,0.5,0.014855058938264847
3323,0.0,0.05698519385295826,0.04132755529481485,0.011954888434212824,0.5,0.05369776487350464
3324,0.0,0.048765611976989795,0.041635721836154584,0.004962813535133715,0.5,0.024687640594713615
3325,0.0,0.02821194232628438,0.04073859578474267,0.004773715444441352,0.5,0.02678487024136952
3326,0.0,0.036309149842559174,0.041461204536522994,0.005740885281389078,0.5,0.029201215849472925
3327,0.0,0.07385651502645935,0.043829259418759425,0.009584504635616517,0.5,0.045985014239947004
3328,0.0,0.03339043431566345,0.03541115001620005,0.002322478359856177,0.5,0.019557761698961257
3329,0.0,0.05897036740319111,0.040397685375399665,0.007232620963661343,0.5,0.031058484884469134
3330,1.0,0.08334619273428356,0.03470156646155209,0.0022387812393819813,0.5,0.021527245804503724
3331,0.0,0.030390303253637892,0.033707123718749885,0.0015232453563088632,0.5,0.02020076500332874
3332,1.0,0.11586771461068797,0.04244143453878996,0.015228323912627897,0.5,0.05460426211357117
3333,0.0,4.409003279474286e-09,0.031057204728311805,0.0010131514340173454,0.5,0.01857243224978447
3334,0.0,0.029465760959110316,0.032748981435604715,0.004733515873171941,0.5,0.02904557657462579
3335,0.0,0.025408885746952745,0.033269832434998085,0.0036605183348809886,0.5,0.022879318851563666
3336,0.0,7.124372858182273e-05,0.03517904329259893,0.004434360500017647,0.5,0.021030551195144652
3337,0.0,0.14275202853267013,0.04473684581226371,0.013987691931437108,0.5,0.058232765306125985
3338,0.0,0.2916405940854886,0.04978436964235966,0.009803647538319638,0.5,0.0665069599635899
3339,1.0,0.34553071618372966,0.06007845155934498,0.014066607571785917,0.5,0.06620939418270781
3340,0.0,0.12203370978159303,0.05839285719054805,0.007407734784800069,0.5,0.04086967400814358
3341,1.0,0.06278963357112605,0.049941273026223136,0.0038672694431532324,0.5,0.02823357299274328
3342,0.0,0.046340309427550845,0.05012645912387157,0.007909057974522453,0.5,0.030101644175667918
3343,0.0,0.03944534380485845,0.050197639198523866,0.00779470773939524,0.5,0.029761166582184452
3344,0.0,0.009180353428577261,0.03612066795365644,0.0011541249908967525,0.5,0.017261791613794143
3345,0.0,0.04179027588760428,0.03948188691807202,0.0056832768523236155,0.5,0.025531624210998416
3346,1.0,0.09888398665842704,0.04497317597719801,0.01558261523314286,0.5,0.06405628791877202
3347,0.0,0.17753418276626826,0.04729934404224951,0.016327576250270277,0.5,0.07400599015610558
3348,0.0,0.1516140397657333,0.044989262818976486,0.004779779392993078,0.5,0.027724182949616358
3349,1.0,0.07917483718793826,0.038805091533848514,0.0028835880144800863,0.5,0.021260049871423027
3350,0.0,0.11699240108416126,0.0408987822227308,0.010664203825978224,0.5,0.05140904675830494
3351,0.0,0.15309503802916902,0.044959533780877504,0.014823138917563483,0.5,0.0597443237900734
3352,1.0,0.12601079755283057,0.04848159075609697,0.00689176596448912,0.5,0.026346434404452643
3353,0.0,0.0379924868509787,0.04634665244263736,0.004525381704511614,0.5,0.028192538110648886
3354,1.0,0.23325116409230484,0.05097213873409317,0.006479072945005486,0.5,0.03485138488538338
3355,0.0,0.03163585028129585,0.045547017824464485,0.0034194729031739933,0.5,0.024680284517151967
3356,0.0,0.01754385268154609,0.0430331991911244,0.0016904519028397963,0.5,0.024178976291104368
3357,1.0,0.3342647434258186,0.04947602023698687,0.006423240055959295,0.5,0.033002188695328574
3358,0.0,0.31384653338885515,0.05841535316733375,0.012929455069492437,0.5,0.06228135441030775
3359,0.0,0.008031000380122479,0.03862554173118608,0.0008660591393581254,0.5,0.012758244688694294
3360,0.0,0.0085829330129225,0.037230747257724864,0.0016577797767240554,0.5,0.0239296555519104
3361,0.0,0.03222793224621661,0.039345844649366864,0.007182252878249672,0.5,0.03366086671226903
3362,0.0,0.07713624650141432,0.04240237527418652,0.011991193901683966,0.5,0.05749572813510895
3363,0.0,0.09254870732768965,0.04216478927551188,0.002867316987249069,0.5,0.03272358924150467
3364,1.0,0.06364605312556226,0.0403439941312746,0.0040819761032859486,0.5,0.02415956010421117
3365,0.0,0.13242689062085286,0.042614582838304334,0.006847831357423807,0.5,0.03714817326243331
3366,1.0,0.16366452461741843,0.04563466287494189,0.011618181774004673,0.5,0.05905132989088694
3367,0.0,0.0011415271900339845,0.03099751149652967,0.0006903756395331584,0.5,0.015833298116922377
3368,1.0,0.27816876388505657,0.05261280353713484,0.014461808339951353,0.5,0.058777105477121144
3369,0.0,0.030399135511892973,0.046523570958990776,0.0037245129762381755,0.5,0.02521233932644713
3370,0.0,0.08655035999373553,0.04661181826950043,0.003935096082776519,0.5,0.046386622956820896
3371,0.0,0.016712874285497233,0.035911784659017607,0.0020919283578405157,0.5,0.017460889369249343
3372,0.0,0.005409006530151484,0.0341856764903249,0.0013539852617004027,0.5,0.017613687767432287
3373,0.0,0.009167469262474354,0.033483768987464566,0.0015944615020305804,0.5,0.021050463829721724
3374,0.0,0.05345628431843118,0.03660799428189793,0.016452663765189106,0.5,0.07946281986577171
3375,0.0,0.12415285043695964,0.039374045298792966,0.014508228632621467,0.5,0.06528416648507118
3376,0.0,0.13819160335165007,0.043615111315373385,0.006813987937427803,0.5,0.03448486209593036
3377,0.0,0.02302526037022507,0.041281521901205584,0.003524807520329441,0.5,0.023217137099481096
3378,1.0,0.08815326481563346,0.04043750164495507,0.003885325121339283,0.5,0.023513901315323295
3379,1.0,0.08187437076537571,0.04310243133035564,0.007339023684835411,0.5,0.02961856033653021
3380,1.0,0.22243945535602022,0.05306792877673242,0.008331629406551229,0.5,0.033836512223762626
3381,1.0,0.07003855788457539,0.04678788805098567,0.0038346809061684845,0.5,0.02935926749237946
3382,0.0,0.3278226963008093,0.05560849320598987,0.012074237550324243,0.5,0.05434608260790507
3383,0.0,0.0448085093002325,0.05199171995785571,0.004824890301254502,0.5,0.03069135466137448
3384,0.0,0.0935150666627225,0.05385998893991136,0.016484918937619244,0.5,0.08577134353773934
3385,0.0,0.024162171074630333,0.040205781362013755,0.0021069763015804208,0.5,0.016622221254440676
3386,1.0,0.11281397452863627,0.04342604591849833,0.004402936609001196,0.5,0.0211091677242137
3387,0.0,0.0300206438787425,0.04139090135846345,0.0017352955959116418,0.5,0.02125608010424508
3388,0.0,0.3920584244466452,0.05905332420186279,0.02190180419263645,0.5,0.0995818806382326
3389,0.0,0.04456191186872429,0.05476271954574904,0.005127623485653506,0.5,0.02828058476249377
3390,0.0,0.06079711410770046,0.055119353750880784,0.007952109932375606,0.5,0.03123561789592107
3391,0.0,0.019480540174511677,0.047967262134614,0.003305664203301268,0.5,0.01890525143397482
3392,0.0,0.21198965163327843,0.05539941520919571,0.030917810211475525,0.5,0.1291722920205858
3393,1.0,0.08327917430651793,0.058896078268426716,0.011856740985032437,0.5,0.03864805852728231
3394,1.0,0.11397932910026462,0.06350569354366402,0.018083095401137447,0.5,0.05714540382226308
3395,0.0,0.0001445218642607265,0.0546429194085509,0.006369182654195512,0.5,0.038401362721366114
3396,0.0,0.026233026853966793,0.052658320454045615,0.005696574931789655,0.5,0.036514012941292355
3397,1.0,0.06766428465262601,0.04829343246486243,0.004410781063060893,0.5,0.02520820875483823
3398,1.0,0.06976304698536998,0.0513830175430663,0.008669511588114137,0.5,0.042419739268921515
3399,0.0,0.030316237445563353,0.045756029703811485,0.003352338687465009,0.5,0.02375884974996249
3400,0.0,0.18479865200764273,0.04661155858217276,0.005580967649584636,0.5,0.03038500150044759
3401,0.0,0.2007112571315519,0.04778389238994407,0.010223656628196213,0.5,0.0525777285749262
3402,0.0,0.023260777286753253,0.04032585523609369,0.0024343831507765033,0.5,0.020478693423447786
3403,0.0,0.04616011532270485,0.04318595014404575,0.007020465932354065,0.5,0.0305567524262837
3404,0.0,0.04319238888027004,0.04374399084233787,0.007126167831302155,0.5,0.03842887282371521
3405,0.0,0.003115127926683779,0.04105889981772439,0.0015180709361586543,0.5,0.016891615021796452
3406,0.0,0.07964592990024297,0.04709049958855533,0.014244349000578308,0.5,0.055257001343895405
3407,1.0,0.06875443886322492,0.04580371719845492,0.005481048230825352,0.5,0.03535295686414165
3408,0.0,0.023318496977189285,0.0446100443503378,0.004890742538177788,0.5,0.024148103263643052
3409,0.0,0.2893689200567248,0.04973770403423256,0.0064657303103273596,0.5,0.038561463133612674
3410,0.0,0.009998367281326125,0.044493200303024304,0.0012727760466212338,0.5,0.01705619830776144
3411,1.0,0.0621629984929187,0.04549887494303817,0.007431548201408156,0.5,0.04108171618503073
3412,0.0,0.05106228599926044,0.045767747669274134,0.007235173719891463,0.5,0.037449940107762814
3413,0.0,0.18065263354505806,0.04780617048483302,0.006171373115368904,0.5,0.04046873920238935
3414,0.0,0.0287048194206315,0.04588911626569874,0.005004747415417417,0.5,0.02643989243855079
3415,0.0,0.04907108535963062,0.04765559602425969,0.012646409259307094,0.5,0.051298062006632485
3416,1.0,0.18115597791200078,0.05173707229514288,0.011089987437007948,0.5,0.06528905272483826
3417,0.0,0.02200847078699352,0.04841073114800459,0.004517664688812088,0.5,0.025418440661122723
3418,1.0,0.06711751770316854,0.04973008765970452,0.009271470062422418,0.5,0.05018450123699088
3419,0.0,0.16861517975527407,0.054502468353148904,0.01492514831443259,0.5,0.08099677506834269
3420,1.0,0.2401880757126457,0.057491157917784315,0.017665400754776784,0.5,0.08439405411481857
3421,0.0,0.11908841911789707,0.05057026652651222,0.005074407860745616,0.5,0.02938068826352396
3422,0.0,0.17527378414245154,0.05206257666739214,0.01330334826424304,0.5,0.06060836878087786
3423,1.0,0.05408199297919011,0.05013105592023635,0.0062754044503284,0.5,0.03322567194700241
3424,0.0,0.028715588936425486,0.04947975406737487,0.006457094058119269,0.5,0.032389038665728134
3425,0.0,0.01706317036718251,0.043261760987871545,0.003047981303987197,0.5,0.02248306738005744
3426,0.0,0.00608437080489783,0.03641422236158939,0.001330108336333069,0.5,0.019269539741799235
3427,1.0,0.0652979626656784,0.03655822330753947,0.0034425030295524802,0.5,0.02403520792722702
3428,0.0,0.005475648596822305,0.030771074605732814,0.0007161975538173433,0.5,0.014096095387277931
3429,0.0,0.05893953129509684,0.03759360942315425,0.0184598648472904,0.5,0.0569122857772387
3430,0.0,0.2331967352685795,0.05019736464827882,0.01681376531390318,0.5,0.06762965023517609
3431,0.0,0.10144199728303874,0.04916509411341238,0.003353447827976197,0.5,0.032492938287117905
3432,0.0,0.2875542104576434,0.06134164807760237,0.014884047867131553,0.5,0.05482777172610873
3433,1.0,0.09889464494865877,0.05646645718771263,0.006546387087437325,0.5,0.031365597397089
3434,0.0,0.033379650471047614,0.051359138608597484,0.0029795789610250808,0.5,0.027244457886332556
3435,0.0,0.02781879487647641,0.049548567419349265,0.005874953555619521,0.5,0.03400516155220214
3436,1.0,0.24519062652932042,0.0582611769891731,0.015122227995969548,0.5,0.07036232485853393
3437,1.0,0.19043711555593304,0.06025779238333567,0.01088717179663945,0.5,0.052165481727570295
3438,1.0,0.07683851164095946,0.05453044997703166,0.005350354325006871,0.5,0.027675377577543257
3439,0.0,0.03200813226021735,0.03925478644059704,0.0017852390914306264,0.5,0.015673165812211877
3440,0.0,0.03215228099110612,0.042741368871426454,0.005688400325687746,0.5,0.03305705885092417
3441,1.0,0.13811286261267056,0.049772776094090046,0.021643916724618368,0.5,0.07482590153813362
3442,0.0,0.007168504921643214,0.03423099390625061,0.0008307293077814393,0.5,0.01312515139579773
3443,0.0,0.03141063668920114,0.035801912811533484,0.005944616068431753,0.5,0.032931488894280936
3444,0.0,0.007413980331383097,0.028183664188462944,0.0007175941427703947,0.5,0.015591999143362045
3445,0.0,0.05184454092556157,0.032581783719883656,0.013617245652130804,0.5,0.06176570504903793
3446,0.0,0.18641004944408462,0.039953483592648,0.013922495479669629,0.5,0.07508210092782974
3447,0.0,0.05735749810340371,0.04214809576015556,0.005510754624588622,0.5,0.024244589386162935
3448,1.0,0.23424420241018637,0.04980367398164263,0.007487101956243389,0.5,0.032357508673312815
3449,0.0,0.041426025739817365,0.046975734822633695,0.004638173342553071,0.5,0.0266403638654285
3450,1.0,0.11913412599481657,0.054089999494412976,0.01689457178183243,0.5,0.05517001136353141
3451,1.0,0.06542793319472522,0.04998436976578592,0.005132168827175691,0.5,0.027278848999255412
3452,1.0,0.46684700283139463,0.0679869914109888,0.02683325762498296,0.5,0.10661745733684963
3453,0.0,0.03417935868902635,0.05959729258879417,0.004776886152750295,0.5,0.03538280626138051
3454,0.0,0.003425118256210509,0.048853655121425366,0.0013537917179217952,0.5,0.015030464460683424
3455,0.0,0.026665824172972107,0.0426315233030292,0.0029959305194841527,0.5,0.023171612078493293
3456,1.0,0.05908625403946573,0.039708582039721906,0.003661882907700991,0.5,0.022060300090483258
3457,0.0,0.014458042783927778,0.03815037620012588,0.0019224350776143925,0.5,0.02367076388111821
3458,1.0,0.12993075437828377,0.041557343473171394,0.004763541000673201,0.5,0.021903971426708753
3459,0.0,0.18803011532671982,0.04751852656836677,0.011860842184184796,0.5,0.07067256556315855
3460,0.0,0.26884231008738146,0.05735773244508584,0.02258818783550797,0.5,0.07337038569590625
3461,0.0,0.06616575139714918,0.04970095240012164,0.004546252015383548,0.5,0.023100216207759722
3462,0.0,0.0027994744356226314,0.04329953596796338,0.0011673388627754962,0.5,0.017170810524155113
3463,1.0,0.12789862036376914,0.05267277519431136,0.025725168115708845,0.5,0.0782571988446372
3464,1.0,0.13828330315349455,0.05474511991944086,0.012996966320705334,0.5,0.06036288184779031
3465,0.0,0.008353819568669874,0.0477520830444455,0.0012376672229341542,0.5,0.020391962428887685
3466,0.0,0.054989406781163576,0.049924288556583235,0.016630716750764156,0.5,0.09203749895095825
3467,0.0,0.039374940128540065,0.048991700945760955,0.006506810696967142,0.5,0.036232905168282356
3468,0.0,0.05379645731372973,0.049857155447378884,0.010098363137027869,0.5,0.0465880756576856
3469,0.0,0.019970069039643004,0.04709263683225065,0.0045154492927914755,0.5,0.026278519204684665
3470,1.0,0.13931204928903684,0.05529288991065569,0.026182095461990684,0.5,0.09201570600271225
3471,0.0,0.08034246606604677,0.05750157380172788,0.013097625630002262,0.5,0.04292751351992289
3472,0.0,0.017512600928455413,0.05071453532986791,0.003686487752877708,0.5,0.02552815931183951
3473,0.0,0.013902774933133192,0.036627565477493206,0.0016600837910158114,0.5,0.013032621015673098
3474,0.0,0.027391380093089793,0.03866090655217136,0.005696629918440102,0.5,0.033130970711891465
3475,0.0,0.01908897513492025,0.036205684822960826,0.0027669183685650406,0.5,0.017991526449312928
3476,0.0,0.14476819825254844,0.04226264549154446,0.012810304144460877,0.5,0.05857905237512155
3477,0.0,0.025149223900242965,0.04187362745413204,0.004835995551447609,0.5,0.02430808929533794
3478,0.0,8.985498368420289e-06,0.03589360271766402,0.0012873694533482194,0.5,0.01834040270610289
3479,0.0,0.034986857442134596,0.042680882790597,0.00647641121423266,0.5,0.03028789348900318
3480,0.0,0.04978636046714022,0.041835239061243534,0.0026508885666434827,0.5,0.02463728106684155
3481,1.0,0.23331279685657924,0.04931978979213139,0.01523391105729388,0.5,0.08725293837487698
3482,0.0,0.17021357092261974,0.05710560237965252,0.015707718756387073,0.5,0.05005602076135833
3483,0.0,0.012135934249149962,0.04931966214119558,0.0032562613285755594,0.5,0.01893722476103367
3484,0.0,6.046032239180264e-12,0.031141097121250294,0.0004246231442084536,0.5,0.010762784332036972
3485,0.0,0.016016148029902297,0.030913743443502024,0.002535787858785345,0.5,0.016372258989856794
3486,0.0,0.034693080316371194,0.03235700636552744,0.003040458220639266,0.5,0.02024086073040962
3487,0.0,0.46601535400208804,0.045195375767768976,0.008141552788953557,0.5,0.045909282613973146
3488,0.0,0.2402078085595471,0.05020194114087155,0.015389474899469254,0.5,0.0637342772550053
3489,0.0,4.240455929048704e-10,0.033214744748060056,0.0006781605930882506,0.5,0.011202504485845565
3490,0.0,0.01782027266227067,0.03551750753114492,0.005792482503001456,0.5,0.023881249453710472
3491,0.0,0.023459926605478243,0.03572837914705908,0.0025159149981019173,0.5,0.02118328958749771
3492,0.0,0.0382121547395421,0.04275471807646985,0.005551360284726164,0.5,0.024628724564205517
3493,1.0,0.3034479534356206,0.054291652175267414,0.007325096237685992,0.5,0.032409282220948125
3494,0.0,0.023185678434130146,0.04966066599501055,0.0021751769963884726,0.5,0.01853922781135355
3495,0.0,0.002860066106198161,0.03272442845120466,0.0006138302222825587,0.5,0.011493869125843048
3496,0.0,0.02114870230194109,0.03447115675935152,0.004630392281493793,0.5,0.021776644719971552
3497,0.0,0.14333036450662623,0.042518145672991885,0.010829286165385237,0.5,0.042747844611444784
3498,0.0,0.07024870545114982,0.04116256109347259,0.0020791028491657926,0.5,0.019225241150707006
3499,0.0,0.13265526158076818,0.052803496572820116,0.01571127569909079,0.5,0.04187798988202523
3500,0.0,0.0003137860466760589,0.04460067713278477,0.0009939335230026497,0.5,0.011591160669922829
3501,1.0,0.08220853494392547,0.04816069220480809,0.016113665103330278,0.5,0.0903886653482914
3502,0.0,0.1294023882295381,0.050248037134051765,0.008454038869152128,0.5,0.04007652063261379
3503,1.0,0.08724881788612734,0.05263522396993366,0.008771213410156114,0.5,0.03287205525806972
3504,0.0,0.029352983443797748,0.050977893332852714,0.004846552810502342,0.5,0.026664682063791488
3505,0.0,0.18106469885428822,0.056342839489093695,0.011595391213112245,0.5,0.052764205528157096
3506,1.0,0.11763995142600214,0.057913645340175915,0.011326235700107646,0.5,0.05005345307290554
3507,0.0,0.14691541031960278,0.05952994968434799,0.011722673873671076,0.5,0.05332698876207525
3508,0.0,0.024157771236851172,0.05248605935257989,0.0035626278524952277,0.5,0.023472607135772705
3509,1.0,0.4760353491323654,0.0716990744458634,0.03845353413392635,0.5,0.14941412748561966
3510,0.0,0.3785010663245121,0.07143217461047852,0.01277947167181992,0.5,0.06873545236885548
3511,0.0,0.034060354431980834,0.0667184960942808,0.00607090836610251,0.5,0.03684644573009931
3512,0.0,0.0010167349398548238,0.06052107601406822,0.0020457858211427394,0.5,0.017844698968387786
3513,0.0,1.0811780370781817e-07,0.05199228658952881,0.0021253083548622162,0.5,0.019429462166821083
3514,0.0,4.755071293853971e-09,0.04951450235508609,0.0019152100160551657,0.5,0.0232899577489921
3515,0.0,0.01574019347792159,0.04838527071854515,0.0059112299980673315,0.5,0.03294426078597704
3516,0.0,0.06136586553763464,0.04435742054952244,0.004359784973801013,0.5,0.019917947013635893
3517,0.0,0.028791621775353812,0.046282224751113384,0.006556059512228746,0.5,0.025033054468424423
3518,0.0,0.27704683709938727,0.04436404302780778,0.0043305916173267175,0.5,0.028585483971983194
3519,1.0,0.14103378855476795,0.04710506621029116,0.009719393511962457,0.5,0.05625606824954351
3520,0.0,0.0681190459986794,0.04667963603369154,0.006389336380379973,0.5,0.03281669411808252
3521,0.0,0.022950927865278567,0.04522927531265784,0.004975058063532093,0.5,0.028755852509112584
3522,0.0,0.014729824827511239,0.04241343315292342,0.003620437460873897,0.5,0.023660361021757125
3523,0.0,0.017339698912457183,0.03931241936142981,0.0029203313400406237,0.5,0.017485479824244976
3524,0.0,0.001014504804927386,0.037349108596529706,0.001386551311173077,0.5,0.01734845411209833
3525,0.0,0.43344306997876175,0.05614941021127082,0.020581462425217332,0.5,0.08974926774540255
3526,0.0,0.2815027956210262,0.06494264424208006,0.018265372008065005,0.5,0.06814445717179257
3527,0.0,0.008319454649077296,0.04797056095794172,0.0019665552884317386,0.5,0.014925395123294143
3528,0.0,8.868499884771258e-08,0.03928356666647471,0.001156346830410055,0.5,0.014009947302164856
3529,0.0,0.013338304024749736,0.041051277707154867,0.009901571404770947,0.5,0.03962978646159172
3530,0.0,0.01547502317812517,0.04166831350353486,0.006687813096990188,0.5,0.027636191248893736
3531,1.0,0.07279584683556649,0.04921324431611952,0.01363940694835037,0.5,0.04081341296434402
3532,0.0,0.04284544939345364,0.04846593028001339,0.006260027879761765,0.5,0.030693333130329847
3533,0.0,0.13541470180767803,0.05553840754993671,0.010080022375664808,0.5,0.04368070576872144
3534,0.0,0.0056924199606658175,0.050650313696645244,0.0021246083294196674,0.5,0.023470384931122815
3535,1.0,0.266625393403198,0.052673088760148645,0.007865467565352446,0.5,0.04705522069707513
3536,1.0,0.14291269027348613,0.05693676656602827,0.01419237370864721,0.5,0.045701167359948155
3537,1.0,0.13568252874049325,0.06411952795894037,0.022666556143667548,0.5,0.057146215438842775
3538,1.0,0.30364777929378683,0.08042493576365481,0.025889317994229853,0.5,0.11247733751168618
3539,1.0,0.18941852098465764,0.0867413095959937,0.01861732954575652,0.5,0.06803377017830357
3540,1.0,0.03805419322708484,0.07616881615377917,0.005827276528829576,0.5,0.0354037843644619
3541,0.0,0.02464238355369611,0.05542324461222332,0.0020413357300900054,0.5,0.018677917176059315
3542,1.0,0.0824360464909106,0.056679114353421184,0.009377757541971794,0.5,0.045113289150698434
3543,0.0,0.03561139242902567,0.053128795678970615,0.001718414182929943,0.5,0.029958509405454
3544,0.0,0.022674316869641005,0.04629385531076637,0.004194113541322215,0.5,0.025342683596857662
3545,0.0,0.004560421586257264,0.04240486037753493,0.0015622276124694118,0.5,0.020506121750388826
3546,0.0,0.001998247219989605,0.036449171803859676,0.0012284637407134927,0.5,0.016746520119554856
3547,1.0,0.058842955480926024,0.04554015707444101,0.0065532106594593425,0.5,0.022065157750073602
3548,0.0,0.07031922580718045,0.044957599210604896,0.00258127124592041,0.5,0.039035603404045105
3549,1.0,0.06455483847932104,0.04445645080009532,0.005276718818067545,0.5,0.03247758113976681
3550,0.0,0.04393366056880794,0.046682739405746285,0.006908217143999146,0.5,0.039199687327657426
3551,0.0,0.24440446860116544,0.05224727973842919,0.008417664614777701,0.5,0.0488164055471619
3552,0.0,0.09281595060643849,0.05366974534244764,0.007496314433999085,0.5,0.041762823567670936
3553,0.0,0.018654062536725743,0.04503988015207502,0.0024918298133545453,0.5,0.01920905543698205
3554,1.0,0.0723982418435199,0.04756553394652294,0.01138284983088462,0.5,0.05878489890268871
3555,0.0,0.031286661161611766,0.0444379669468632,0.0011832809086627094,0.5,0.025576879270374775
3556,0.0,0.022460278460724143,0.035575170465956596,0.001739677495303719,0.5,0.016947708196110196
3557,1.0,0.37214819126455584,0.05403316266784857,0.011034007141915936,0.5,0.04930571699514985
3558,0.0,0.12097096465378786,0.050585602563119614,0.0057715816005935614,0.5,0.03256922040848022
3559,0.0,0.01860646487487754,0.04068312903878904,0.0020793330868714138,0.5,0.016472519214810997
3560,0.0,0.018304978937100463,0.036142195587937985,0.002385244008666855,0.5,0.015243755007276729
3561,0.0,0.022796359703971113,0.03507955641500829,0.002981233311719586,0.5,0.02044105633746746
3562,1.0,0.1121976113638973,0.04336475190416826,0.014665328784354238,0.5,0.05818094230360455
3563,1.0,0.09774306290586834,0.04710736887077734,0.009543940266926907,0.5,0.04091831137027059
3564,1.0,0.06378813770005416,0.04181711125653085,0.0033389721687979482,0.5,0.021987183083747995
3565,0.0,0.009952344055680682,0.03637103569279676,0.0009243179229088128,0.5,0.017690287530422212
3566,0.0,0.028170062259826628,0.03272025102555215,0.002108342781675195,0.5,0.016612323229773004
3567,0.0,0.035622258452847236,0.03301984407535878,0.0022272013967657195,0.5,0.03145670997244971
3568,0.0,0.03356581939254722,0.03542501071470243,0.0063264085068735045,0.5,0.03182976888982873
3569,0.0,0.22913981450849485,0.05192098883706395,0.0103625615744162,0.5,0.0476951298232262
3570,0.0,0.004391975432657192,0.04481473479043634,0.0010463536473253043,0.5,0.016745118889957666
3571,0.0,0.05120448062758022,0.04932515790925434,0.017004902406673256,0.5,0.05777586251497269
3572,0.0,0.24967521441000662,0.07383058647387107,0.027163725612670973,0.5,0.06929061539245374
3573,0.0,0.10797676282143284,0.06887709409210807,0.001928451719532649,0.5,0.026977841670696553
3574,0.0,0.04149423388763892,0.0683737760252167,0.011115358520519772,0.5,0.04196293652057648
3575,0.0,0.02824426630986183,0.06497812263426254,0.0028375800085576395,0.5,0.027178076597360466
3576,0.0,0.11090721187782918,0.06314187127061541,0.008842129725962877,0.5,0.03210454471409321
3577,0.0,0.01459946972412703,0.054516972157780084,0.0032698811370540748,0.5,0.019783877965175743
3578,0.0,0.1157328455802368,0.05581146955286568,0.010163500007183756,0.5,0.060731306299567224
3579,0.0,0.015391808614863545,0.037756375034142656,0.0014338536790961846,0.5,0.012165740294300991
3580,0.0,0.01966676121287594,0.037779892605914016,0.0037946856497520845,0.5,0.019460242986679078
3581,0.0,0.019525801552122787,0.038526342250301174,0.00596816318883451,0.5,0.025625869631767273
3582,0.0,0.013940024737820907,0.03268619074184602,0.0017545764179279406,0.5,0.013815468744091366
3583,0.0,0.018118728645694967,0.034986739445126994,0.006249097255123261,0.5,0.024383849567837186
3584,0.0,0.013522299875810611,0.03271275145661097,0.0023163759609208987,0.5,0.015261365255961815
3585,1.0,0.11926708640863629,0.03803869068053269,0.01632167289208155,0.5,0.09605858847498894
3586,0.0,0.15135173072807195,0.03969432205784542,0.008880378300091252,0.5,0.036633620207959953
3587,0.0,0.0127800051591965,0.03641842532707519,0.0025895740915215216,0.5,0.019010783817905646
3588,0.0,0.015970807787095465,0.03274984194642919,0.002017812709163991,0.5,0.017341198772192
3589,0.0,0.013792927782710518,0.03303225316397971,0.0020895993349970216,0.5,0.019723204688893423
3590,0.0,0.012096539921090346,0.03324496245547401,0.002128641274546019,0.5,0.022353464906865902
3591,0.0,0.010270113638440104,0.0326582890112378,0.0026736768085457796,0.5,0.014480685194333395
3592,1.0,0.08931818296161097,0.0372776585263764,0.007741783277394817,0.5,0.04533902555704117
3593,0.0,0.10231498360853436,0.036689197442039106,0.0018488822500400532,0.5,0.01996261913042802
3594,0.0,0.1404946353714995,0.04374946374031846,0.0068790144919498395,0.5,0.03721571097580286
3595,1.0,0.08075958303717418,0.03993492775908877,0.00316530913997051,0.5,0.021939480737332376
3596,0.0,0.17542184539856265,0.045502029874983405,0.016767461793885257,0.5,0.05969332158565521
3597,0.0,0.03259417271887784,0.042607110534746556,0.0013937938125117828,0.5,0.019719750865509634
3598,0.0,0.00023604098546284102,0.034298141625291594,0.0008715180091611627,0.5,0.010580400389338296
3599,0.0,0.01924844018478617,0.032289913657817026,0.002329391529511145,0.5,0.014663058868113985
3600,0.0,0.09000916608859527,0.03931433999018911,0.01610048751060206,0.5,0.05138667902121177
3601,0.0,0.08484072555123223,0.04363191022573857,0.013108052864221722,0.5,0.039460643593754084
3602,0.0,0.01740059586125208,0.037521793842143956,0.002164024385633202,0.5,0.014542878388542018
3603,0.0,0.015383253064693734,0.03632116422865811,0.00280029336713126,0.5,0.016614545008231854
3604,1.0,0.11277763376114378,0.0421185890102169,0.01203341160402892,0.5,0.05550142957104577
3605,0.0,3.551096506884525e-08,0.030940890992737377,0.0009403709785450095,0.5,0.01362797811937829
3606,1.0,0.09588009880799593,0.03605952608016232,0.00658745613969479,0.5,0.028883732197915808
3607,0.0,0.003653821081186994,0.02706281513480571,0.0007445551475393586,0.5,0.013783946260809898
3608,0.0,0.025809516545104712,0.0291506525522187,0.0033022890403277844,0.5,0.02061081590021358
3609,0.0,0.004821659829350579,0.02684877422887745,0.0007442217605302528,0.5,0.011041356592762227
3610,0.0,0.15726404330558252,0.04202600035876332,0.006797936362122057,0.5,0.029226692329192984
3611,0.0,0.1489408298691725,0.04220456333538872,0.005340827855673668,0.5,0.034763489114610774
3612,0.0,0.07066486604674835,0.04272392812135511,0.0052265828708186746,0.5,0.030051329213639965
3613,0.0,0.1629327855010417,0.0471932633069257,0.007233641467831583,0.5,0.03034541658733202
3614,0.0,0.3240432328892138,0.06384929919211474,0.027816429763333872,0.5,0.08302926136688753
3615,0.0,0.27860767656133534,0.06436848778320171,0.011676176596665755,0.5,0.04940692335367203
3616,1.0,0.08031365680339272,0.05712498607816981,0.005268031981793921,0.5,0.025681588798761368
3617,0.0,0.13213043910716454,0.05704897676633758,0.009397146772244014,0.5,0.05239890441298485
3618,0.0,0.05107733285978221,0.04690352984928584,0.0033922473047315687,0.5,0.018309262956117654
3619,0.0,0.13100204407567645,0.05279709424236882,0.010554543018640419,0.5,0.038220907534871784
3620,0.0,0.015700664454524765,0.04454636363727724,0.0024963995193779146,0.5,0.013657899654429892
3621,0.0,0.12762951202113043,0.053399382961241325,0.011376685645830418,0.5,0.03488776641232627
3622,0.0,0.08305841910068083,0.052309550792084124,0.0025879689055727795,0.5,0.025393118150532246
3623,0.0,0.34857978673775,0.06078121450471013,0.00814265244476427,0.5,0.03255747186560785
3624,0.0,0.30137816375539006,0.07096615958635268,0.02000698964085049,0.5,0.07792954350059683
3625,1.0,0.06966812104636852,0.0649239318846103,0.006666363746626302,0.5,0.035651857405900954
3626,0.0,0.09505903048104107,0.0639824542745045,0.008321513099266062,0.5,0.046840415025750794
3627,1.0,0.27396471942692735,0.06549801107761893,0.01029563514683913,0.5,0.049651930729548134
3628,1.0,0.1895557989955422,0.06877768327137118,0.01423520368640311,0.5,0.061840246319770815
3629,0.0,0.1271103352515879,0.06778469801753562,0.010500893900718759,0.5,0.052750816240030175
3630,0.0,0.09207315721369633,0.06696991747057363,0.008692983061057301,0.5,0.05025625916627737
3631,0.0,4.104672610959533e-08,0.043561076468481355,0.0005285831756109345,0.5,0.010515738750847292
3632,0.0,6.8200571850237394e-12,0.037341845276890294,0.0008451095901620694,0.5,0.014071511534544138
3633,0.0,7.862990591262316e-14,0.03499098234407897,0.0009290878297179006,0.5,0.017287151515483858
3634,1.0,0.07191312619084546,0.04491621662221633,0.013513336904579773,0.5,0.04497281402349472
3635,0.0,0.04278475754821454,0.04492377194691829,0.005780781169758282,0.5,0.03522891385687722
3636,1.0,0.1562516802386732,0.05092144932656874,0.019448716351083323,0.5,0.08879209433992703
3637,1.0,0.05852728661561029,0.046757418290996416,0.004257872066699673,0.5,0.029196309882241325
3638,1.0,0.45355739685606056,0.05937212739081318,0.017296633955993457,0.5,0.0846329191699624
3639,0.0,0.26395501600633564,0.05674379075235199,0.002053886339788071,0.5,0.03246423331173984
3640,0.0,0.05286129318357283,0.05128300570302921,0.0036290117767544426,0.5,0.029251809022864516
3641,0.0,7.176426947194032e-11,0.03178418427053148,0.0005729059685836547,0.5,0.011042394787073135
3642,0.0,0.004112726734172235,0.027415337565486152,0.0008257869922090322,0.5,0.012472729952562423
3643,1.0,0.07540897502847761,0.032578086502283894,0.008460882249346468,0.5,0.046033982932567594
3644,0.0,0.040961483730459755,0.033321472624377506,0.0031526471919766288,0.5,0.021962690280704963
3645,1.0,0.13643687271539495,0.03829821857574597,0.013006507148160242,0.5,0.06783327689537635
3646,1.0,0.19621072024440758,0.044156221452001626,0.01816589257699282,0.5,0.06538211430112521
3647,0.0,0.20224087761029608,0.04648518407033297,0.011989436526265409,0.5,0.07661596106158362
3648,0.0,0.027896443833323764,0.04176416125280414,0.002991210841476762,0.5,0.020847540348768234
3649,1.0,0.07871710706462348,0.0439076539571925,0.006172705342054762,0.5,0.0334861721053268
3650,0.0,0.12105396833412073,0.04342775690301167,0.0025251256237323913,0.5,0.038228385978274874
3651,0.0,0.018313289453394055,0.04128062023014992,0.0021324932749848813,0.5,0.021896446424145854
3652,0.0,0.03227886214027054,0.03713310968233878,0.002442424025502987,0.5,0.0178081460537449
3653,0.0,0.24769829401833543,0.046143292325783035,0.007312329281800581,0.5,0.03400334243973096
3654,1.0,0.1680141810435915,0.048739581049272646,0.010374252662158516,0.5,0.054406861172002906
3655,1.0,0.1533813010176382,0.05151001217139112,0.011789476403888936,0.5,0.05886550446351369
3656,0.0,0.041715131026990815,0.04844510226753518,0.004422103817988601,0.5,0.030797975482764067
3657,1.0,0.14362761543049912,0.054452633539972116,0.017291600843236665,0.5,0.06754111126065254
3658,1.0,0.0662365078489462,0.05418847308079347,0.005371039986665196,0.5,0.03442247080452302
3659,0.0,0.04882121454533342,0.05074688780722044,0.005562167183234124,0.5,0.02789023853838444
3660,0.0,0.22944259583365997,0.05676755980326813,0.02217799522380422,0.5,0.11454505721728007
3661,0.0,0.15973434583714916,0.050945289687156,0.004792760737473145,0.5,0.02573180276078063
3662,0.0,0.004152441922561104,0.040965805443780985,0.0012839210524769693,0.5,0.0174446488762724
3663,1.0,0.060102529507149276,0.03465439242506635,0.0023440580582246183,0.5,0.014094729809200063
3664,0.0,0.01971762059737729,0.0334501191879066,0.00159462076569778,0.5,0.01740286209517055
3665,0.0,0.04912913466589107,0.03716353803275619,0.0066795888190178876,0.5,0.03841051391579888
3666,0.0,0.1286221225244361,0.03960634828660243,0.013338000018848106,0.5,0.06690003722906113
3667,1.0,0.06881687513868665,0.04060452918089089,0.006225443439124602,0.5,0.030529034548792345
3668,1.0,0.11867598267771436,0.044001155411721636,0.012587954693507137,0.5,0.056122640413897376
3669,0.0,0.017285543415923907,0.04073125583455441,0.0015615743603640503,0.5,0.020920950919389725
3670,0.0,0.008718231145201583,0.033308839254152935,0.0007511290743040215,0.5,0.012688688803137395
3671,0.0,0.04347093956250656,0.03571734011332913,0.009993240348359739,0.5,0.05499406836249612
3672,0.0,0.03604430254281725,0.037488849066692795,0.004536904974991237,0.5,0.02719724441275877
3673,0.0,0.01119529221007582,0.03540935585395979,0.0012485804545576684,0.5,0.01767603928844134
3674,0.0,0.022651658475853827,0.03311559633688152,0.0025107469706449146,0.5,0.016206718542996573
3675,0.0,0.0230229365146203,0.031016776009946005,0.0021279951281423957,0.5,0.01612398713021665
3676,0.0,0.0018715126603965867,0.041907745959256275,0.00634176899358863,0.5,0.022000214606523513
3677,0.0,0.01645885759246699,0.04156334385431907,0.0023944220884004608,0.5,0.046078590055306755
3678,1.0,0.10075215524412323,0.04437833474876072,0.005835300542845498,0.5,0.022886734761175562
3679,0.0,0.15550793457638437,0.0389316052059068,0.0033108901515118204,0.5,0.020844091766888333
3680,0.0,0.21694759857367754,0.03894043652990011,0.002619187425201138,0.5,0.030231002304289076
3681,0.0,0.0037994677138491945,0.03396925829697186,0.0008601519448126144,0.5,0.010263355039968723
3682,1.0,0.1650241564167926,0.04741597000543728,0.01976882505881473,0.5,0.06681469218297438
3683,0.0,0.05955002664048655,0.041746312059942,0.003659546161384603,0.5,0.016947790743812682
3684,1.0,0.13811034635284283,0.048777981986197,0.012174261159841614,0.5,0.03957880725120676
3685,1.0,0.13214296995094124,0.05318623679576154,0.011645422452570999,0.5,0.03829597656069131
3686,0.0,0.17522868138597586,0.05038890186735614,0.0055842515340862936,0.5,0.03310234586779888
3687,0.0,0.01215384606864347,0.044064041527254,0.0010422424975937853,0.5,0.016747227807839712
3688,0.0,0.04525619062678483,0.04529239692698052,0.009732553671876138,0.5,0.05603143030946905
3689,0.0,0.08146995766597076,0.04193630956395297,0.002182273440943707,0.5,0.03045375936705133
3690,0.0,0.18775761108477998,0.04693121483389302,0.009461730065855331,0.5,0.04810026288032532
3691,0.0,0.18316367515365833,0.047635737331856026,0.009140941767933933,0.5,0.04571330671509107
3692,0.0,1.5824569308739728e-10,0.030047226731451788,0.0003970300802029669,0.5,0.0082120880484581
3693,0.0,0.01055359346932841,0.0357898778105237,0.003473126744062697,0.5,0.01881804393262279
3694,0.0,0.04299947874448042,0.03795124673596061,0.005146316575801706,0.5,0.03139470928701861
3695,0.0,0.02978343294567251,0.03759817275675732,0.004463018138686983,0.5,0.024548713977520283
3696,0.0,0.2794796263267276,0.05093548345960503,0.01107233194852597,0.5,0.03775511109935386
3697,0.0,0.06034991372509361,0.05001383105452305,0.005989555284664359,0.5,0.02738008129855861
3698,0.0,0.01893789832686312,0.04596158437097471,0.003852696271981889,0.5,0.022722158374057874
3699,0.0,0.12609785391361572,0.053245127320075795,0.015927205577926627,0.5,0.05049310590733181
3700,0.0,0.0903192067143755,0.051029738806115894,0.0020113784994464368,0.5,0.017512856672207516
3701,0.0,0.017704138315284838,0.047812362482008264,0.004530949627514928,0.5,0.02180566906929016
3702,1.0,0.0799874075920542,0.043703413592798473,0.00406675948556447,0.5,0.019556903818123778
3703,0.0,6.408282515898948e-05,0.036868540148382534,0.0008413305927100483,0.5,0.011026555022528006
3704,0.0,0.02510444286982095,0.039157199585532404,0.011878783956894444,0.5,0.050059542059898376
3705,0.0,0.08252820404803808,0.042114417846653325,0.00784888203715026,0.5,0.03985776628057162
3706,0.0,0.019103265763433366,0.03914245504954088,0.0031510035382447447,0.5,0.015536114210035742
3707,0.0,0.02631754414095856,0.03586914424104086,0.0024283582796201563,0.5,0.013347406617619774
3708,0.0,0.27005985465085797,0.04463596377697035,0.010282839406404252,0.5,0.048514520651415774
3709,0.0,0.05387068407078026,0.04325992480525811,0.004779072224071411,0.5,0.022186832259530605
3710,0.0,0.03039799310766918,0.04443255974673618,0.006551905292144511,0.5,0.025689134001731874
3711,0.0,0.016951733368900365,0.03889749650581299,0.0024861436538406436,0.5,0.017008334921117415
3712,0.0,0.0287241380997533,0.04097578565572572,0.007072046585057655,0.5,0.02518585365679529
3713,0.0,0.019270333175017834,0.03973112639499092,0.0035420208449068015,0.5,0.015233703330159188
3714,0.0,0.029181162974992673,0.04207723869476597,0.010016901487357576,0.5,0.03753540732643821
3715,0.0,0.058915404587740666,0.044365673368654684,0.010902357011218555,0.5,0.039978602528572084
3716,0.0,0.024449350246337487,0.03652985761737728,0.0024164271430345253,0.5,0.012548309378325939
3717,1.0,0.12663457567689457,0.03803022859917135,0.004271738291287836,0.5,0.030264859209242073
3718,0.0,0.30741345884690024,0.049793224631769877,0.01084866096186111,0.5,0.04893898418763789
3719,0.0,6.491870612873779e-05,0.04105654745880642,0.001026871865744599,0.5,0.010879523721006182
3720,0.0,0.018659996231190853,0.04175935600673624,0.007012259009310843,0.5,0.03271800758583205
3721,1.0,0.07704806439975118,0.04034757709486827,0.004341659279396901,0.5,0.028837456726110898
3722,0.0,0.03544817241206122,0.03979056531243122,0.004646676218147728,0.5,0.0240117839791558
3723,1.0,0.23693286637083258,0.0449699938553118,0.006060219847473919,0.5,0.030896165024708298
3724,1.0,0.08267656752436581,0.04257653384264852,0.004510724887950346,0.5,0.01809156891228496
3725,0.0,0.03434845013625863,0.041165908012137604,0.004298305822885595,0.5,0.02696411559979121
3726,0.0,0.0395399047168074,0.04207274978375879,0.0062643377669802346,0.5,0.032771986391809255
3727,0.0,0.013911232950354045,0.03891269191075657,0.0017305565270362422,0.5,0.016089920150606257
3728,1.0,0.09705451048442731,0.04312701407100253,0.01796504799535291,0.5,0.09296804004245335
3729,0.0,0.003232021006420962,0.03662210700862062,0.0008211652890256629,0.5,0.012136422279404431
3730,0.0,0.02428048269475605,0.03195114071858943,0.001858321847521438,0.5,0.012523390585556626
3731,0.0,0.025436428132547536,0.03032158536571518,0.002012887562542394,0.5,0.014810889175063685
3732,0.0,0.025924913979846052,0.03031213310136578,0.0015470481448573992,0.5,0.01956284325569868
3733,0.0,0.02625927909805873,0.029491434406774604,0.001917825158537797,0.5,0.014360350806538651
3734,0.0,0.022793220026168678,0.030520527753958856,0.003652535103951934,0.5,0.01893611611991093
3735,0.0,0.025569443631133226,0.03188297229496974,0.004680196482116695,0.5,0.02351937307552858
3736,0.0,0.01709779730360561,0.031214072692834854,0.002720694516756339,0.5,0.015122814662754535
3737,0.0,0.26932200931284445,0.05335643146264198,0.02137206135727144,0.5,0.0792564151102099
3738,0.0,0.015441377934575238,0.03857862009162006,0.0016948595570976891,0.5,0.01200632821945917
3739,0.0,0.014396883972414894,0.0375593316967493,0.0034993882258681375,0.5,0.019844300631019805
3740,0.0,0.012679957634937703,0.03637483473644626,0.0030713020955556117,0.5,0.014362601297242301
3741,1.0,0.09629898268633237,0.04067790948119775,0.009097889137046877,0.5,0.051411868259310725
3742,1.0,0.08844435134372192,0.041740248108042714,0.00532311058001748,0.5,0.02721911606689294
3743,0.0,0.026245343159579104,0.03455024127703806,0.0018109890445919495,0.5,0.011391634428048436
3744,0.0,0.5680218381895376,0.05688415030157364,0.029375073322929286,0.5,0.12861017944912115
3745,1.0,0.35630384687111816,0.06322139863884742,0.011680326447365623,0.5,0.04978591232907539
3746,0.0,0.23620526943123377,0.06494325781049463,0.013646127588193243,0.5,0.055440643429756166
3747,0.0,0.01670029080894494,0.05325598231460257,0.0027987494825136437,0.5,0.01684503430543944
3748,0.0,0.0007506460696311653,0.048710589552480206,0.0019243743501227493,0.5,0.016921321073403724
3749,0.0,0.016028259937090297,0.03950155702033242,0.0020219229576341285,0.5,0.014821013337687441
3750,0.0,0.029429094334899878,0.03880461683276977,0.0021067102943026625,0.5,0.03050164703060599
3751,1.0,0.2936404027107898,0.055659780016548734,0.013883822149720651,0.5,0.04831459844598965
3752,1.0,0.06651648351282562,0.04851559927782606,0.004396903672992873,0.5,0.022416419411698977
3753,0.0,0.023197025917141623,0.04454816584879973,0.003570190717161087,0.5,0.020058421225383365
3754,0.0,0.018412897223125165,0.040735292427956975,0.004038522984886255,0.5,0.02025041075853201
3755,1.0,0.11084535178215217,0.0466341803662636,0.0204467851806178,0.5,0.07528259537436745
3756,1.0,0.06260319884490308,0.041912370384590135,0.003490602362999749,0.5,0.023122009567239067
3757,1.0,0.06325084249542129,0.04144443728275083,0.005307360790538951,0.5,0.02817667368799448
3758,1.0,0.07902192797990008,0.04331832882936649,0.008343491127016022,0.5,0.041086944937705996
3759,1.0,0.15421909645265175,0.046714743407501244,0.014917482703987678,0.5,0.06866011158986525
3760,1.0,0.06036860672444867,0.045911045256700526,0.0061140855511602685,0.5,0.022226801285376914
3761,0.0,0.04129126658202514,0.03517716415916258,0.0017824839949830771,0.5,0.01890632098025464
3762,1.0,0.09926237730671197,0.04263077129879621,0.014178080053257179,0.5,0.039169342744918095
3763,0.0,0.047436790841525724,0.041967069445579284,0.004662427435396239,0.5,0.03410261988639832
3764,1.0,0.20181991616597061,0.04730544136400773,0.008576914205332287,0.5,0.0416033823043108
3765,0.0,0.020742010487953093,0.04234392847960805,0.00176593090291135,0.5,0.024537833780050276
3766,0.0,0.03508333833980782,0.03802615617827265,0.0026972875097863985,0.5,0.022561333900274233
3767,1.0,0.13343517011820863,0.04495556169665215,0.019063852563983977,0.5,0.06164860725402832
3768,1.0,0.17575141160334565,0.050613207149968135,0.021270574496487494,0.5,0.06596310843120921
3769,0.0,0.19112681067173434,0.05778995131470637,0.018184641866052214,0.5,0.06909311811129253
3770,0.0,0.0600234686902906,0.03914759738950661,0.0015886121702159903,0.5,0.016650333059461495
3771,0.0,0.03948861447126807,0.03945713839272804,0.0050130288739940925,0.5,0.03171911835670471
3772,0.0,1.8488436670178654e-05,0.04872953341121661,0.008565389310242609,0.5,0.042289971560239795
3773,0.0,0.03599042526691942,0.05139589767261163,0.011266594774497207,0.5,0.05026490862170855
3774,0.0,0.0019893292592921335,0.0455488668323598,0.004561344709496521,0.5,0.028976600159678543
3775,1.0,0.0558486283298933,0.04502135422758776,0.005685191438356979,0.5,0.030190726121266682
3776,1.0,0.1899495261853426,0.05199299936958275,0.01445762807149246,0.5,0.05909170086185137
3777,0.0,0.00540291855745277,0.03991328182603825,0.0007900209945872566,0.5,0.013961160801491648
3778,0.0,0.03379101877794857,0.035926539366993804,0.002483022259767958,0.5,0.020061395078335167
3779,0.0,0.007464700143269257,0.029832982056228717,0.0008341694671852404,0.5,0.013667066965033026
3780,0.0,0.03096906273971625,0.031492551735094895,0.003843736455592355,0.5,0.02260304671345335
3781,1.0,0.1263314829681293,0.04057440932214141,0.012813755141838488,0.5,0.04188664754231771
3782,0.0,0.19038652259697159,0.049795244586677764,0.017923997690607058,0.5,0.05784153546157636
3783,1.0,0.26723345826444944,0.060799689563882896,0.020827293263573667,0.5,0.08473319113254547
3784,1.0,0.06970100545405139,0.0571187838520722,0.006549402471416845,0.5,0.03303224822649589
3785,0.0,0.041519603115029016,0.054559597122822184,0.002480785832241444,0.5,0.02943675752196993
3786,0.0,0.010204920540325645,0.05036299809952736,0.0018017888845254977,0.5,0.023730839292208355
3787,0.0,0.1710918115609658,0.056197766034250654,0.011444695057746555,0.5,0.05602427593299321
3788,0.0,0.03369819868129529,0.05082188633588264,0.003940080205211416,0.5,0.027914811990090778
3789,1.0,0.06883927378222274,0.05281855995679729,0.009775315213482827,0.5,0.045935289561748506
3790,0.0,0.05819528637553613,0.05327864753494348,0.007079270991764717,0.5,0.02876531346788946
3791,0.0,0.06332429395696774,0.054543350369534886,0.010594859733062453,0.5,0.04564538205924787
3792,0.0,0.05258897665959006,0.054385924406355084,0.008125314008793794,0.5,0.040069682257516046
3793,0.0,0.1209796364282886,0.051801095784205574,0.005771233593722255,0.5,0.03833621571009809
3794,0.0,1.0577392692215385e-05,0.04130193539582044,0.001125030949347178,0.5,0.015829470078900176
3795,0.0,0.016241856402376117,0.041996010379999435,0.005565264745635669,0.5,0.025672242045402527
3796,1.0,0.06996440635134668,0.04768421915177163,0.008248850919149254,0.5,0.03593139090510302
3797,0.0,0.027395127689141884,0.04563863729080635,0.004845637722279538,0.5,0.027503424070098183
3798,1.0,0.3203518489156131,0.06554935646405104,0.017601352082824127,0.5,0.06294184608591927
3799,0.0,0.1628941544484238,0.07000327384657433,0.01761153607124773,0.5,0.05864348262548447
3800,1.0,0.20050286800589082,0.0710305069178021,0.012094867913915282,0.5,0.052265201421344984
3801,1.0,0.22382441480297538,0.07351153899927128,0.01162915253371466,0.5,0.04581662009541805
3802,0.0,0.019476291342210954,0.04998646437627317,0.0017452330028069863,0.5,0.014569407438530642
3803,0.0,1.4653199946832674e-05,0.04165501009597724,0.0008298402191078486,0.5,0.014158855927617927
3804,1.0,0.05401086607093796,0.03817119173641431,0.0033539210349912397,0.5,0.019779930894191448
3805,1.0,0.1947857146087999,0.04884818243008729,0.014068855702394753,0.5,0.056700612285307476
3806,0.0,0.061334021150078674,0.047566743940698215,0.005748015094367374,0.5,0.037954423990514546
3807,0.0,0.0046333380538717385,0.031180157266218533,0.000675249999621883,0.5,0.012907924205064774
3808,1.0,0.07528992699778053,0.034696532899757646,0.004932368725955409,0.5,0.023538623626033466
3809,0.0,0.04409428497358863,0.03558139048839766,0.005547388755459045,0.5,0.03299883243284727
3810,0.0,0.20413027807379058,0.04513815909227276,0.014784232588378169,0.5,0.06495307385921478
3811,1.0,0.12646689576770712,0.046794559311453494,0.009391443550056364,0.5,0.043573579026593104
3812,0.0,0.012260654578945266,0.042106130507313946,0.001098923300070545,0.5,0.02009778584425266
3813,0.0,0.027989487496439425,0.0425949383397666,0.0036941092112101614,0.5,0.04283999734454685
3814,0.0,0.007280708379783991,0.039508440720272556,0.0012129968407944862,0.5,0.019126119261438198
3815,0.0,0.05737635373583198,0.04279826900628497,0.012445576235768386,0.5,0.057635872066020964
3816,0.0,0.13438422722614268,0.04412945327639208,0.006266173764251525,0.5,0.03963185685711938
3817,1.0,0.3414269343791831,0.0531993932067729,0.01253628293893093,0.5,0.06520404956407017
3818,0.0,0.02805896811810928,0.04428214339279421,0.0027439246116921787,0.5,0.022008411862232066
3819,1.0,0.05526300377672096,0.044082045823373425,0.006236353892118445,0.5,0.03205355744937371
3820,0.0,0.03823094762328774,0.04416295954319439,0.00499181969644269,0.5,0.03509769464532534
3821,0.0,0.027049093069335357,0.03560074060334236,0.00191379504480317,0.5,0.01459831525297726
3822,1.0,0.060592669347960065,0.03652992700527507,0.00413535441975018,0.5,0.024076851559620277
3823,0.0,0.08586814067111495,0.038434647162392505,0.009271090137190185,0.5,0.0495928389330705
3824,0.0,0.04232502351175302,0.0403021263088062,0.005107455675897654,0.5,0.03127021715044975
3825,0.0,0.13421389734203984,0.03553350821927762,0.0027089025017166353,0.5,0.019991970918280012
3826,0.0,0.029641690036109992,0.030764101640593216,0.0017124853777484251,0.5,0.013437178272467393
3827,0.0,0.08845755814302955,0.034467470140023986,0.012480389155098238,0.5,0.05448011755943298
3828,0.0,0.023072284762279974,0.03281803556026975,0.0027143985802119477,0.5,0.017147620624684272
3829,0.0,0.09567905322997547,0.0391446071801421,0.022008971948525868,0.5,0.06174730211496353
3830,0.0,0.09437084359900279,0.03894286697543329,0.0023762964381603526,0.5,0.025350868701934814
3831,0.0,0.041332840953882934,0.042312745073331375,0.009223195265803952,0.5,0.030136985704302788
3832,0.0,0.08459524521273852,0.0449882667028551,0.01330798190125885,0.5,0.042928667532073125
3833,1.0,0.3406569608245549,0.05443957591027951,0.018337121524382383,0.5,0.09421079538085243
3834,0.0,0.026278276655351186,0.05101731768138152,0.0046646670480186,0.5,0.018547142390161753
3835,0.0,0.14748460144990505,0.05942339611619245,0.025163639790012633,0.5,0.08462257896150861
3836,0.0,0.017222019186046107,0.05137587930585847,0.0034312522521328277,0.5,0.017585575580596924
3837,0.0,2.9440257385940004e-05,0.03916217644279669,0.0011169676001662847,0.5,0.013094948253769806
3838,1.0,0.08586764796971344,0.04740133637753706,0.01095725337396406,0.5,0.04671506415451727
3839,0.0,0.02835700020884065,0.04435688997304392,0.0014473623547625418,0.5,0.017683675719632044
3840,1.0,0.18728759686377394,0.051996879837317114,0.012679439717430796,0.5,0.04990254854783416
3841,0.0,0.01963616954343867,0.04204114373003587,0.0023235977337285243,0.5,0.013747208451820632
3842,1.0,0.36202983547280365,0.06952139911603106,0.028481528539642958,0.5,0.0754572583096368
3843,0.0,0.2210291945563917,0.06321040563524835,0.007448283563523243,0.5,0.04201380709807078
3844,0.0,0.198374178271579,0.06194931238539211,0.008879797021412136,0.5,0.049456352988878884
3845,0.0,0.0509853700060395,0.06063863316316519,0.009021968024317175,0.5,0.036154000163078306
3846,0.0,0.014886937637637678,0.04949805546678324,0.002682744633189445,0.5,0.015757587145675312
3847,0.0,4.095372998379297e-06,0.04063270214452034,0.0008230641549397703,0.5,0.011083823584374927
3848,0.0,0.020418556114047734,0.04187577165632458,0.007054727543350857,0.5,0.032209904754863065
3849,0.0,0.10957680219373322,0.04114797982495817,0.004583211875377366,0.5,0.027521496781936057
3850,1.0,0.21320468079214366,0.04513408275056764,0.017084710861672646,0.5,0.08528403043746949
3851,0.0,0.2489655381215709,0.07022511218432534,0.04024060755563412,0.5,0.0824711031856991
3852,0.0,0.020258721484036155,0.06212478187504202,0.0012684589476391142,0.5,0.01606785612446921
3853,0.0,0.14587608150909878,0.058551659619428015,0.006339420717130503,0.5,0.03341421470889505
3854,0.0,0.046369900343740084,0.056943824735692324,0.006900644802954048,0.5,0.036203183672007394
3855,0.0,0.016951021690947872,0.04480519008135725,0.0022884272239652686,0.5,0.01588702150459947
3856,0.0,0.3125787260542343,0.06264599863338771,0.019669380118804317,0.5,0.06719735924686704
3857,0.0,0.08293935271314773,0.06628431307462206,0.010327667514502537,0.5,0.0475040462333709
3858,0.0,0.015310529902295986,0.059053121039527263,0.004131714745129172,0.5,0.02376714864602456
3859,1.0,0.08003049175452571,0.06232961645507828,0.015394817085082953,0.5,0.06376239359378814
3860,1.0,0.0677502284803562,0.05991883068538706,0.007871419216306614,0.5,0.042326417352472036
3861,0.0,0.11684865581308873,0.060077730312097885,0.011390048202075478,0.5,0.058615745769606695
3862,0.0,0.07422043639421728,0.05943839696800586,0.009413485097783532,0.5,0.0451448993249373
3863,0.0,0.014859587431472705,0.05503702272089192,0.0047423859390879185,0.5,0.029075867363384793
3864,0.0,0.010061051525786196,0.05018586903965819,0.0040626899216375835,0.5,0.02196296939143428
3865,0.0,1.2609970147056657e-05,0.04373016261308433,0.0012506536670226717,0.5,0.01288481711438208
3866,0.0,0.150443083143709,0.04998516790421957,0.013234713284031453,0.5,0.05090804949954704
3867,0.0,0.0943344087466648,0.05606689191005755,0.016220915633694905,0.5,0.04348244714109521
3868,0.0,0.039294268233247207,0.0539443511256819,0.0025944308547947844,0.5,0.024828633436789878
3869,0.0,9.589282548742683e-12,0.031707029593866676,0.0003564127051504329,0.5,0.007800758853554726
3870,0.0,0.21925124358937448,0.04823935905356563,0.015082594017701175,0.5,0.044064867381866164
3871,0.0,0.2048853270782408,0.0717725032790866,0.016357376135011578,0.5,0.04971270067127127
3872,0.0,1.1852393746117929e-10,0.03802537291739168,0.0003442641400033608,0.5,0.007472037374973297
3873,1.0,0.1618191336535577,0.039003682958129136,0.0041730962092716055,0.5,0.0227583713539235
3874,0.0,0.0007859179918871991,0.03304469653068399,0.0007183975573174063,0.5,0.009431250054727901
3875,0.0,0.022179807514776027,0.033009057142991724,0.003219359985087067,0.5,0.01798812768289021
3876,1.0,0.09723756421752007,0.03682486443807653,0.010783582175333453,0.5,0.06507301862750735
3877,1.0,0.08345257602419524,0.03930563276418489,0.006374109831727657,0.5,0.028749096481239095
3878,0.0,0.028792902193659917,0.03483028175781486,0.002198857092025719,0.5,0.01852866797707975
3879,1.0,0.267687623655881,0.04408887031783699,0.01586716151117192,0.5,0.09665295812818739
3880,1.0,0.13903459158401038,0.048122362195934125,0.008929001606052875,0.5,0.043641178735664914
3881,0.0,0.03631216249880684,0.04571555111026768,0.004156790097476914,0.5,0.027453124026457467
3882,0.0,0.0410290436508194,0.04422664856879293,0.0018483807046626073,0.5,0.025846784313519795
3883,0.0,0.005594804052689368,0.04042859831255958,0.0013807722404765496,0.5,0.018311021583420888
3884,1.0,0.09557240828869384,0.04657013268963551,0.024022150868808642,0.5,0.08984773357709248
3885,0.0,0.04321945221000689,0.045248230006498434,0.005286621962257318,0.5,0.03253731288407978
3886,0.0,0.04453982236748208,0.04519140269910023,0.006703001610003412,0.5,0.038751056790351866
3887,0.0,7.82726216762417e-09,0.030342137854800555,0.0007492545520653948,0.5,0.013404378443956375
3888,0.0,0.00460777606108233,0.026786122895240072,0.0006631977660818246,0.5,0.012882480681952784
3889,0.0,0.006481996412609082,0.025052523166968287,0.000627042992094245,0.5,0.012259395840840463
3890,0.0,0.00638264257109891,0.025317831060353856,0.0011955483129159326,0.5,0.014858482139451163
3891,1.0,0.09813459898142068,0.036036443269406734,0.005249690239155746,0.5,0.023064806841421818
3892,0.0,0.02995598742590918,0.032273230798530464,0.00210377979534247,0.5,0.015414985517660776
3893,0.0,0.09228457848490387,0.042602143669788636,0.011549088716856204,0.5,0.037794896463553114
3894,0.0,0.12167230474120891,0.05700875134355099,0.016764744536395974,0.5,0.05637144411985691
3895,0.0,2.5206161445616606e-05,0.04178118477741638,0.0014276787592098117,0.5,0.018116189042727153
3896,0.0,0.03586859124685713,0.041474708425542614,0.00461674189248767,0.5,0.03180660250095221
3897,0.0,0.021480568806521456,0.03606109781868372,0.0027386345445460816,0.5,0.015213577433469449
3898,0.0,0.020471983047317083,0.03374408886925116,0.002609211267554201,0.5,0.016291423141956328
3899,0.0,0.018322049323671277,0.03566324452629385,0.0049612118082857405,0.5,0.022154309548610866
3900,0.0,0.04056211522225775,0.03569591586769749,0.0022430601109388387,0.5,0.024851405786143407
3901,0.0,0.032412540630194095,0.03590655325205535,0.002491083236236591,0.5,0.02518488373607397
3902,0.0,0.0162705262847772,0.03204525190474018,0.001965648904231123,0.5,0.012547357651320371
3903,0.0,0.02023638881436278,0.033026110146462825,0.00458150229505485,0.5,0.02259211242198944
3904,0.0,0.01652302899208388,0.03305845301977667,0.0036115208834720156,0.5,0.018459711637761857
3905,0.0,0.006864574856967147,0.025336742943779925,0.0005235914647346362,0.5,0.010182661041617393
3906,1.0,0.2792263144478823,0.036596776761259095,0.01816404247074388,0.5,0.08864642444409822
3907,0.0,6.441803557922443e-05,0.02836409097874733,0.000782294383388944,0.5,0.010795320942997932
3908,0.0,0.02885849540426579,0.03121760975427471,0.013276415548586686,0.5,0.057911003274577
3909,0.0,0.06725428153663582,0.03351622019618061,0.009374287718674167,0.5,0.038889266550540924
3910,1.0,0.08525096069501861,0.03286199935342356,0.0030402091924439777,0.5,0.022853740643371236
3911,0.0,0.02511274412531588,0.029604216853578686,0.001717147725082285,0.5,0.01307974923192785
3912,1.0,0.22253357489136433,0.038037353853818956,0.0058903106639098205,0.5,0.02793715713602124
3913,0.0,0.02723865851217015,0.035739357080184844,0.002793656825642323,0.5,0.016346390403452375
3914,0.0,0.028528431067827466,0.03552445847034569,0.0041413597694675746,0.5,0.024577241390943527
3915,1.0,0.21408830734413392,0.044807087738726964,0.011863821017868759,0.5,0.050243414007127285
3916,0.0,0.25352227000083083,0.046134076194656926,0.010665329221713668,0.5,0.05305446022086673
3917,0.0,0.15067497609638836,0.0469838431206685,0.007344819250907416,0.5,0.0470956244638988
3918,0.0,0.06585401979031986,0.046181696693967586,0.005624771467410028,0.5,0.025527560710906984
3919,0.0,0.011770961216448887,0.04294865547861192,0.0010116935427504359,0.5,0.015479057095944881
3920,0.0,0.04162907613655758,0.04354323738770051,0.00600418080658918,0.5,0.024039136511938914
3921,0.0,0.22191209321324334,0.0545801898706567,0.015162736062969391,0.5,0.054605991144975025
3922,1.0,0.10205829166309972,0.045247699442316124,0.003533609173542192,0.5,0.01956162913594135
3923,1.0,0.07893132656730958,0.04928101263952831,0.008619536491333629,0.5,0.032349847581075585
3924,0.0,0.004560913805763752,0.03896769984962189,0.0010064872116536687,0.5,0.011691343627477946
3925,0.0,0.0013511995414407308,0.028518353307200248,0.0009219841010053642,0.5,0.011371664032340049
3926,0.0,0.03351222361832997,0.027763769614223766,0.0019838689133228563,0.5,0.01647919714450836
3927,1.0,0.11195158632275805,0.03219798007882744,0.01036256825706611,0.5,0.05539119044939677
3928,0.0,0.05992311614931976,0.03327306776619723,0.0036582251275169915,0.5,0.027040974886128395
3929,0.0,0.04958106286251973,0.03426577631934837,0.0030340576229397863,0.5,0.017269457818246355
3930,0.0,0.06451494077106051,0.036848809223113586,0.008855173032012923,0.5,0.044319037348032
3931,0.0,0.02746854934632355,0.036160836798510565,0.003540848301781807,0.5,0.022564152721315622
3932,1.0,0.09366662552341569,0.039112454733024014,0.009274213388219805,0.5,0.05102691404959735
3933,0.0,0.02062128791438959,0.03659319423562694,0.0011481059693985364,0.5,0.015857506543397903
3934,0.0,0.029451809332342715,0.036147786292205705,0.003064709210755407,0.5,0.018196582131915624
3935,0.0,0.17569634198639622,0.03659377146489728,0.0034451678287271545,0.5,0.02390092656195882
3936,1.0,0.08939997850265335,0.037296045749533414,0.004101351609856393,0.5,0.02028967747612605
3937,0.0,0.0533137248354638,0.03617364270281741,0.001509795324333633,0.5,0.018799578150113423
3938,1.0,0.07787340880623203,0.03632190716341345,0.003544085331919507,0.5,0.023873561029804164
3939,0.0,0.038953091129757464,0.03382365795116281,0.0025346052686169664,0.5,0.017498433589935303
3940,0.0,0.17388530754954984,0.043631395939021024,0.010603016102371889,0.5,0.05828940767694164
3941,1.0,0.08594045554292332,0.04456881271047748,0.006814104965408607,0.5,0.02901582113083671
3942,1.0,0.07989645109447091,0.04544387937230031,0.006854335289412679,0.5,0.037608678524310775
3943,0.0,0.23425511447988676,0.050787562626758515,0.019245752406557307,0.5,0.10303656756877899
3944,0.0,0.1420884441699124,0.050396809281089694,0.007031183133310661,0.5,0.03816737234592438
3945,0.0,0.1004818811390373,0.049485693746324555,0.006722187050399953,0.5,0.03960180189460516
3946,0.0,0.020187257120137553,0.0416741855856768,0.0025350848489014946,0.5,0.016919233380480014
3947,0.0,0.0352981245336511,0.04283533147723231,0.00894723181166531,0.5,0.041484735906124115
3948,1.0,0.06715282044991047,0.04350303893855898,0.006848608227581001,0.5,0.03700877267580766
3949,0.0,0.14035477334498314,0.04386558053425394,0.005984356978490036,0.5,0.03320948323424982
3950,0.0,3.34542949512686e-10,0.029260767537134313,0.0005559969268506393,0.5,0.011547662168741226
3951,0.0,0.0031688131984281723,0.02705304174094318,0.0007753913685317255,0.5,0.011474750770462883
3952,0.0,0.029206124965991103,0.030058520476597437,0.00526297391722134,0.5,0.02799488293627898
3953,0.0,0.0345065785858715,0.030306919326056295,0.001826338787885526,0.5,0.021804437041282654
3954,0.0,0.0524260129212404,0.035739376118389544,0.010891169102978892,0.5,0.03650397509336471
3955,0.0,0.30803488604232054,0.055353375607385555,0.01409096318699691,0.5,0.051233332604169846
3956,0.0,0.017083176054021418,0.04669877704480484,0.004138400578540313,0.5,0.018955744104459882
3957,0.0,0.12945337551263367,0.04891457178754068,0.00948519299424294,0.5,0.055077338996140854
3958,0.0,0.25519304505023227,0.06038349414832953,0.02770480070806419,0.5,0.07440162499745687
3959,0.0,0.019194768137288043,0.05152568817508107,0.0031620223097787756,0.5,0.020908665532867115
3960,0.0,0.16423189063622634,0.056598533565777986,0.023638755480836455,0.5,0.1180125657055113
3961,0.0,0.1497408136764024,0.054595688477793045,0.002212025987682864,0.5,0.02200954854488373
3962,1.0,0.17861534360095244,0.049306590400760936,0.0050801336513580505,0.5,0.029022494079293432
3963,1.0,0.06096880105503566,0.0467295247209675,0.005456387730922214,0.5,0.030633110003393204
3964,0.0,0.040851273084357854,0.04545321521204786,0.0025487884995527565,0.5,0.028467853864034016
3965,0.0,0.04023371369788666,0.045802151721324305,0.004760325235838536,0.5,0.02913357615470886
3966,0.0,7.545824240612676e-11,0.028640295548939,0.0003522481390973553,0.5,0.0085147225856781
3967,0.0,0.272120148312218,0.042461703547164165,0.013885130216401783,0.5,0.05482523055637584
3968,0.0,2.0631237680311684e-05,0.030130723435166,0.0008463159066741354,0.5,0.011800015270709991
3969,0.0,0.03621267035332852,0.033769602856030374,0.012927469616341922,0.5,0.06167776385943095
3970,0.0,0.0013548267291756775,0.03136981158836552,0.0009575145396088521,0.5,0.013653837625057466
3971,0.0,0.13100786304958617,0.04202598618221897,0.008033905579005867,0.5,0.03489902828420911
3972,0.0,0.1971638526154081,0.043927834387862234,0.01287269086606102,0.5,0.060354377143085
3973,0.0,2.0720417772068487e-05,0.03672204952157382,0.0012195446613160047,0.5,0.01369913626800884
3974,0.0,0.023007526623706503,0.038201142089663784,0.008032189306015005,0.5,0.03748776878301914
3975,0.0,0.01948160542094559,0.03544959392344464,0.0027945180900576638,0.5,0.01670846815516309
3976,1.0,0.2733258787282226,0.049227983586465095,0.021173095349998523,0.5,0.08804460366566975
3977,0.0,0.316136726669288,0.05055715356273515,0.01275227195219486,0.5,0.057527996599674225
3978,0.0,0.10846228488854744,0.046090964280777386,0.004658595566181656,0.5,0.0264732159522115
3979,0.0,0.16981121291816614,0.05354090287155194,0.013877000172215048,0.5,0.0499285568172733
3980,0.0,4.6454732080397226e-07,0.039372397953078224,0.0008098394775655694,0.5,0.010321291708029234
3981,1.0,0.07109607764339566,0.040882030533328416,0.006966844853013754,0.5,0.04128696382045746
3982,0.0,0.04149625551115864,0.04039455835493866,0.005098171331199063,0.5,0.028887757942790075
3983,0.0,0.047303753394061406,0.042567105587767384,0.007952229128932231,0.5,0.038225559052079916
3984,1.0,0.19629600488690907,0.0762747009563343,0.0227319281884953,0.5,0.05839249053422142
3985,0.0,0.0029746319887811773,0.06246436638454427,0.0010404786434880789,0.5,0.015455590861458932
3986,0.0,0.00020441515375120963,0.05899548824161825,0.0018238282330761042,0.5,0.021109559883673985
3987,0.0,0.02575072464700258,0.055510545899530334,0.005073830505998265,0.5,0.03201141929434192
3988,0.0,0.01764246863630635,0.037968591341053425,0.0015295693822230936,0.5,0.01186956978506512
3989,0.0,0.033215928908422836,0.03506331008078415,0.002505977428182422,0.5,0.017267280616439305
3990,0.0,0.01922826377517954,0.03231226010792941,0.002171488880211937,0.5,0.014641373193469542
3991,1.0,0.12886362163637627,0.06695410626891658,0.01398564414697095,0.5,0.04989497656834886
3992,0.0,0.02297883400482145,0.049775058498331075,0.002077283417998717,0.5,0.016025319823931003
3993,0.0,1.1575103086948454e-05,0.033719209371291116,0.0015283301327144727,0.5,0.013060652688145637
3994,0.0,0.003381550009512134,0.029292318252129964,0.0008929143507321853,0.5,0.012733452968181127
3995,0.0,0.03841395787082011,0.03233801034332331,0.005579070114652582,0.5,0.029405808519749416
3996,0.0,0.08113728575460422,0.03794172744646905,0.009283280619208446,0.5,0.0377765568819913
3997,1.0,0.08640490449617581,0.03475723896024137,0.00292528573499797,0.5,0.01730840046096731
3998,0.0,0.17103183908426264,0.03694842265947937,0.011359437950886786,0.5,0.059408413246273994
3999,0.0,0.00935429400095041,0.03366613717456821,0.001095369058228763,0.5,0.01597428492137364
