episode,reward,avg_surprise,mean_abs_td
0,23.0,6.505648445282814e-14,0.9983391684034596
1,50.0,8.873238487446486e-16,0.999325944185257
2,20.0,8.873238487446491e-56,0.9858526378870011
3,12.0,1.3257165879812506e-09,0.9864151279131571
4,30.0,1.0700605594631648e-11,0.9946734507878622
5,27.0,1.0700605594631651e-65,0.944267193476359
6,23.0,0.0068774385378358146,1.0124084560767463
7,25.0,1.7466754370332992e-11,0.9846379566192627
8,21.0,1.2448220274714998e-23,0.9683495419366019
9,66.0,0.00014470856796700227,0.974401548053279
10,32.0,0.00017756518282193576,0.9633541107177734
11,16.0,6.055158115114825e-27,0.9164996296167374
12,26.0,1.7358711905154644e-07,0.9473338975356176
13,23.0,9.739375887282195e-11,0.9553463899570963
14,29.0,9.739375887282202e-69,0.8806038026151985
15,16.0,9.739375887282203e-101,0.74224753677845
16,36.0,1.2369236231033933e-17,0.933898303243849
17,36.0,0.0005084555571804163,0.9913333290153079
18,26.0,4.9446098274283994e-36,0.8958913523417252
19,27.0,0.005287508541993299,1.050849077878175
20,26.0,1.8273006772825006e-08,0.9571171127832853
21,20.0,1.8273006772825014e-48,0.887914976477623
22,34.0,0.05116952007448276,1.1107431299546187
23,14.0,1.7113614062869724e-12,0.8315340748855046
24,32.0,2.0641646869212941e-16,0.838897030800581
25,12.0,2.0641646869212946e-40,0.7230238517125448
26,24.0,0.052096460216731436,1.0952890415986378
27,43.0,0.00042165594816776154,0.989404326261476
28,13.0,4.216559481677616e-30,0.8550460980488703
29,55.0,5.886755301656639e-20,0.9604509310288862
30,30.0,0.04038580378659469,1.0153838396072388
31,21.0,2.5165110010988654e-14,0.9372211410885766
32,28.0,8.505613835225546e-24,0.8640640548297337
33,43.0,8.811222688915486e-11,0.9855768042941426
34,18.0,8.811222688915489e-47,0.7573780284987556
35,12.0,8.81122268891549e-71,0.9679304162661234
36,13.0,1.907864011229536e-27,0.828131391451909
37,15.0,6.768326569893213e-08,1.0124086538950603
38,11.0,2.1116559026780935e-06,0.9353612769733776
39,18.0,1.0772337569572714e-16,0.8855359223153856
40,64.0,1.7173136433090777e-22,0.9398427996784449
41,16.0,1.717313643309078e-54,0.823219932615757
42,23.0,1.7173136433090785e-100,0.8297123183374819
43,21.0,1.6678049990277828e-10,1.065144073395502
44,23.0,5.283893152320235e-12,0.9383573791255122
45,16.0,0.011337685615073024,0.9737417101860046
46,13.0,0.04491096840711939,1.0379452888782208
47,11.0,2.5652631687898393e-18,0.7027937390587546
48,13.0,8.358421440910061e-05,1.106430695607112
49,19.0,0.12232300772483858,1.104703570667066
50,14.0,0.10791202751796722,1.1659231441361564
51,15.0,0.10024274743070305,1.0622696955998738
52,24.0,0.025320321588973734,1.052419329682986
53,32.0,0.00012618571642840227,1.0045942813158035
54,19.0,0.0004476630706251464,1.030650069839076
55,14.0,3.7242456299727935e-24,0.8467520645686558
56,11.0,8.05381292191889e-21,0.9084202159534801
57,21.0,0.027619570115498846,0.9252390804744902
58,17.0,0.04156558652784915,1.1043082265292896
59,16.0,5.764968595820147e-16,0.8759765923023224
60,14.0,0.03576495115783802,1.2048325368336268
61,26.0,6.800269640206188e-16,1.0471948706186736
62,10.0,1.0598175253979225e-06,0.8941853523254395
63,31.0,1.5412093560250868e-18,0.8937219688969273
64,77.0,7.376065534244228e-23,1.190666542424784
65,10.0,7.376065534244231e-43,0.8497747421264649
66,15.0,7.376065534244234e-73,0.9125674724578857
67,14.0,0.07175849162451843,1.276974047933306
68,31.0,2.526412103382202e-36,0.9357735610777332
69,26.0,0.027294895295251646,1.1313930291395922
70,12.0,0.1438237356656975,1.2329894602298737
71,21.0,0.0007437127629331875,1.0089230310349238
72,15.0,7.4371276293318755e-34,0.8193480571111044
73,20.0,3.983004686283863e-14,0.931124871969223
74,41.0,0.003716843318249981,1.1901953104065686
75,13.0,6.032111012670239e-24,0.9283050848887517
76,33.0,4.273221501873722e-28,1.0213773973060376
77,22.0,0.09145864722945919,1.0362959883429788
78,19.0,0.04544758862243139,0.9690235288519609
79,27.0,2.861562043284172e-24,1.0390390201851174
80,29.0,0.03532325094586929,1.2671752551506306
81,36.0,0.2307396373012262,1.0350491007169087
82,20.0,5.330817915833756e-15,1.0626834988594056
83,29.0,0.052330053707768345,1.3605041873866115
84,23.0,2.4507060492167933e-20,0.8781773473905481
85,26.0,0.14496983071032737,1.1613890207730806
86,27.0,0.0557504777730462,1.3591396411259968
87,32.0,0.17200790131114907,1.5125713720917702
88,22.0,0.09472385207264741,1.225746588273482
89,15.0,7.686996000387669e-12,1.1267131964365642
90,13.0,7.68699600038767e-38,0.846372494330773
91,17.0,0.07517749904252813,1.3123879923540003
92,25.0,0.14690641007816058,1.135383996963501
93,16.0,3.0433876770873963e-18,0.8787394016981125
94,16.0,3.043387677087397e-50,0.9326047003269196
95,26.0,3.6504654269019473e-44,1.072427245286795
96,53.0,0.24469829924553538,1.278201274152072
97,10.0,0.0011691605344725073,1.1228923797607422
98,64.0,0.08061344415383133,1.4473230876028538
99,25.0,6.501016619456581e-20,1.177822561264038
100,17.0,1.1294532212580493e-16,0.9242777964648079
101,19.0,0.1700994172123528,1.6209075827347605
102,21.0,0.1670787674683024,1.337877523331415
103,19.0,1.1230332015586567e-13,1.1121180183009098
104,10.0,3.185776571959382e-14,1.1374490976333618
105,15.0,8.522504184791003e-11,1.311794646581014
106,27.0,0.20093364335990593,1.47705810158341
107,13.0,9.994080686926163e-20,0.8310618950770452
108,60.0,2.6366963592357007e-16,1.053738494714101
109,11.0,0.05296441890393367,1.5325254093516956
110,14.0,5.296441890393368e-30,0.7004845993859428
111,38.0,3.0283765898339074e-14,1.2449675108257092
112,21.0,3.0283765898339085e-56,0.9819448221297491
113,10.0,5.532400957346502e-06,1.3054813146591187
114,11.0,0.1271791774157433,1.2706449248573997
115,16.0,3.829504464823989e-20,0.8997317850589752
116,13.0,3.0668197953100406e-20,1.2241247433882494
117,30.0,2.4050211995723826e-34,1.1984103202819825
118,19.0,0.07686539248793918,1.313946297294215
119,17.0,0.11302229376027605,1.4343542772180893
120,36.0,5.718492758265718e-32,1.093459301524692
121,9.0,5.718492758265719e-50,1.0845770570966933
122,16.0,4.4904090420967843e-10,1.0731672793626785
123,37.0,0.051719109047631676,1.2619385010487325
124,39.0,0.16271898318801165,1.4605021476745605
125,17.0,4.489065080618294e-26,0.9835287683150348
126,23.0,0.027186806652182604,1.2088417592255964
127,31.0,0.32625737936850663,1.8121733973103185
128,59.0,3.401508753926455e-08,1.3083412081508312
129,18.0,0.09024507829042815,1.547294603453742
130,14.0,4.019994054834814e-09,1.4596844230379378
131,24.0,2.4577152006843087e-14,1.2045190731684368
132,23.0,6.905705284902876e-24,1.216753399890402
133,48.0,2.3352842204883492e-08,1.3557455986738205
134,30.0,4.0166635474524803e-28,1.1256258010864257
135,33.0,5.800910669284633e-16,1.236623424472231
136,21.0,0.16816908151996812,1.5268707502455938
137,24.0,1.8492484692369686e-14,1.2309953371683757
138,15.0,0.05875098569096802,1.4826255957285563
139,11.0,3.912697734871335e-12,1.057374650781805
140,27.0,2.309499046559125e-22,1.156295652742739
141,20.0,0.12774509590304328,1.238586676120758
142,16.0,0.08414825782815606,1.2718751430511475
143,16.0,0.0010688945132273963,1.1730869561433792
144,10.0,1.0688945132273962e-23,1.0208245277404786
145,11.0,7.620469736137206e-12,1.0992512052709407
146,17.0,1.4852808333171013e-18,1.2401206353131462
147,17.0,0.03852152267205361,1.2767205659080954
148,42.0,8.659680613509421e-30,1.1837789898826963
149,19.0,0.15419598478875293,1.649882203654239
150,36.0,1.346857670377348e-26,1.0887173546685114
151,27.0,1.4685648972565615e-06,1.4118104069321245
152,38.0,6.383078578509313e-10,1.7305873695172762
153,20.0,1.2951560386590418e-09,1.3472116708755493
154,11.0,0.2289633264802885,1.7293573726307263
155,22.0,0.05796132426098491,1.2380308996547351
156,12.0,0.04849151066730427,1.379700740178426
157,20.0,0.05570437088916523,1.3697924256324767
158,31.0,1.9009072336347976e-06,1.5945477485656738
159,29.0,0.08780713540671045,1.402721799653152
160,35.0,0.027967374598667178,1.629648004259382
161,30.0,3.947896923833731e-19,1.3426065603892008
162,51.0,1.0183522163103152e-42,1.24425503319385
163,16.0,1.0183522163103156e-74,1.052378460764885
164,22.0,2.0720046949413736e-18,1.4308063658800991
165,25.0,4.919873688363861e-17,1.2223439979553223
166,41.0,0.044142406452231504,1.2892286951948957
167,14.0,0.2616745236550949,1.7214715140206474
168,15.0,0.04359099227365726,1.3599881490071615
169,30.0,1.9208672417686426e-12,1.277572512626648
170,13.0,1.9208672417686434e-38,0.9551445887638972
171,24.0,3.430319475836309e-18,1.1691503822803497
172,24.0,0.024907227113249573,1.382874071598053
173,13.0,0.07182005490284644,1.4779604765085073
174,21.0,0.12213355976407167,1.3695687907082694
175,16.0,7.471610203559424e-14,1.1538706719875336
176,22.0,5.015502647562838e-16,1.147919394753196
177,30.0,0.021407425638186556,1.4362824440002442
178,27.0,2.006209392598101e-10,1.5267581321575023
179,29.0,9.956158970686292e-20,1.3354817258900609
180,31.0,0.24933127691350093,1.6478514363688808
181,18.0,3.8418817309241814e-10,1.410042405128479
182,26.0,8.247621415285683e-12,1.781667104134193
183,13.0,0.3778625248714136,1.995784539442796
184,13.0,0.04083788720048311,1.382663103250357
185,10.0,0.192789620671929,1.7551301956176757
186,18.0,5.773173872141607e-14,1.4408741659588284
187,12.0,5.773173872141609e-38,1.0620267788569133
188,33.0,1.9984609918827476e-24,1.4728195089282412
189,30.0,1.9984609918827487e-84,1.1175041596094768
190,19.0,1.9984609918827497e-122,1.1134030944422673
191,25.0,0.03434465531910711,1.436007900238037
192,12.0,3.0599036664383453e-22,0.8361637393633524
193,40.0,8.614425190437498e-14,1.3452010929584504
194,16.0,0.19870423489569156,1.8289912939071655
195,52.0,0.3049363662220738,1.653854434306805
196,16.0,9.638885922611656e-12,1.386304348707199
197,27.0,0.2928687071971264,1.8017777690181025
198,17.0,4.934547993710724e-14,1.2697182543137495
199,15.0,0.042477436811436585,1.474752680460612
200,20.0,7.354036780351307e-12,1.5624145984649658
201,13.0,7.354036780351308e-38,0.9525920794560359
202,20.0,8.019361045745446e-36,1.2342502355575562
203,28.0,1.2132882194708658e-14,1.4154119150979179
204,57.0,0.17303563127005608,1.8347325701462596
205,30.0,1.333375823865809e-30,1.3436957915623984
206,21.0,5.967727664260426e-16,1.2459649926140195
207,14.0,5.784310762567093e-10,1.564533999988011
208,12.0,0.07883951124497503,1.8004512190818787
209,15.0,5.5420173101197514e-09,1.4366496721903483
210,26.0,1.4374937051030317e-07,1.9662976906849787
211,10.0,4.162710239628539e-08,1.4776126861572265
212,61.0,4.8405400646082437e-76,1.2333476152576384
213,19.0,1.3766448188602534e-08,1.8860767891532497
214,13.0,1.2026725366902836e-07,1.5781791393573468
215,20.0,0.030149491255433033,1.5597777366638184
216,68.0,3.114213610198438e-92,1.2771648238686955
217,25.0,2.1026181267361424e-08,1.5008779430389405
218,14.0,2.102618126736143e-36,1.092728648866926
219,20.0,0.019030815951396857,1.512992763519287
220,17.0,0.07683007745050884,1.73157159019919
221,15.0,6.65239917233658e-08,1.4298332373301188
222,21.0,3.333460894838616e-14,1.399000780923026
223,9.0,3.333460894838617e-32,1.4241072336832683
224,34.0,0.14421120178631167,1.6749418202568502
225,12.0,0.1447927309822864,1.6497545440991719
226,15.0,0.028745354373395218,1.6945596853892009
227,24.0,1.7533514836078825e-16,1.364889919757843
228,22.0,7.305340731666318e-09,1.386538939042525
229,9.0,2.541196351789092e-11,1.3582332399156358
230,36.0,0.2549357885834416,2.0076501501931086
231,15.0,3.1685749623853434e-13,1.2763534545898438
232,18.0,1.1416899011147655e-19,1.3186312516530354
233,10.0,1.1416899011147657e-39,1.3844135046005248
234,24.0,0.2969593011473894,1.8603455225626628
235,14.0,0.056068407753925825,1.3641176223754883
236,10.0,3.902924627430792e-14,1.2568043708801269
237,20.0,5.689280086891983e-16,1.4626848936080932
238,14.0,5.689280086891985e-44,1.2506154775619507
239,19.0,0.18247755066822507,1.8137943368209035
240,16.0,0.19900305480735545,1.7814225256443024
241,10.0,0.06467261137970792,1.8281631469726562
242,10.0,0.011942843081800174,1.4895658016204834
243,9.0,1.1942843081800173e-20,0.9128504064348009
244,17.0,0.060599974393574355,1.7162531964919145
245,24.0,0.04204952809785386,1.6938783725102742
246,11.0,4.756764002564499e-13,1.4230776700106533
247,30.0,2.7397986329229927e-14,1.4967745939890544
248,16.0,1.7551190249352926e-26,1.4615088552236557
249,42.0,5.988420732592635e-20,1.6808672859555198
250,14.0,3.945573233833261e-20,1.528210197176252
251,33.0,6.175988817846028e-34,1.4675365650292598
252,16.0,6.175988817846032e-66,1.1541709154844284
253,25.0,0.34606766871636124,1.9478234195709228
254,17.0,8.283381946277034e-16,1.4263864685507381
255,19.0,0.07202709563691492,1.647967351110358
256,52.0,0.08011351849824717,1.9443367352852454
257,27.0,0.12928610600916804,1.6530137680194996
258,29.0,3.502164143024634e-08,1.6114265754305084
259,13.0,1.2464140542379956e-09,1.6639819695399358
260,13.0,2.611058135587245e-10,1.7135315858400786
261,15.0,2.6110581355872462e-40,1.1439194043477376
262,14.0,2.611058135587247e-68,0.844266244343349
263,18.0,2.6110581355872485e-104,1.179283897082011
264,16.0,2.6110581355872492e-136,1.1038907766342163
265,11.0,2.611058135587249e-158,1.3842321742664685
266,68.0,1.1564955103801216e-46,1.2164960082839518
267,12.0,1.1564955103801221e-70,1.2948299249013264
268,15.0,0.20202932150506595,1.7310182253519695
269,25.0,1.6793180904205423e-20,1.4322031402587891
270,18.0,0.063589258987525,1.74329760339525
271,17.0,0.0820421134460225,1.5136452001683853
272,14.0,0.20582253993852825,1.524803740637643
273,14.0,0.23112585185400894,1.839463778904506
274,18.0,6.670922681460913e-12,1.4551527235243056
275,18.0,0.038825479582777475,1.8087810277938843
276,15.0,0.06326058829747996,1.4594476064046225
277,17.0,0.17757851412273135,1.9997035755830652
278,10.0,5.472991603999332e-20,1.2230599403381348
279,34.0,2.7860755887310685e-10,1.4487736155005062
280,19.0,2.786075588731069e-48,1.3496597315135754
281,49.0,0.2930735495927171,1.7364167242634052
282,21.0,2.919610718458398e-13,1.415662129720052
283,12.0,0.1908022709924377,1.911855141321818
284,37.0,1.3783654601263862e-12,1.535428388698681
285,12.0,1.3783654601263864e-36,1.4985660513242085
286,12.0,1.325839127023502e-07,1.8081602851549785
287,28.0,1.8965743104714234e-17,1.6133915526526315
288,13.0,1.8965743104714243e-43,1.0298034227811372
289,18.0,3.465234185909177e-10,1.5735742648442586
290,28.0,0.09136772614410482,1.7561010888644628
291,46.0,0.26917540948253155,1.719725137171538
292,12.0,0.08187747552074108,1.7862866520881653
293,16.0,1.910088772165072e-20,1.4964619576931
294,15.0,0.0842751207609509,1.7022149085998535
295,88.0,4.798349849872047e-42,1.385079419071024
296,18.0,9.141737274102882e-10,1.6222241587109036
297,29.0,0.30163459367769363,1.6339264902575263
298,17.0,1.4429298649413782e-21,1.0920322081621956
299,21.0,1.4429298649413792e-63,1.3279472986857097
300,11.0,3.863993687190157e-10,1.5286967971108176
301,13.0,0.22629460289442266,1.953168300481943
302,27.0,0.15165719512577255,2.0123195471587003
303,26.0,5.537982182984401e-14,1.425719719666701
304,26.0,0.25008189257130004,1.8063089022269616
305,13.0,3.180771376986512e-12,1.3162893882164588
306,22.0,3.492130870099155e-12,1.7210446487773547
307,18.0,0.011452297771572962,1.6934881740146213
308,20.0,0.028680306270009875,1.7130865097045898
309,56.0,6.632838150558403e-34,1.6439637754644667
310,14.0,1.842608926855599e-10,1.6166708980287825
311,18.0,0.0290410230120102,1.7757694456312392
312,14.0,1.1551029553788114e-15,1.3851792812347412
313,23.0,0.05568119636324769,1.8761410298554793
314,23.0,0.02825287352735189,1.6145051873248557
315,20.0,7.378668431265034e-12,1.2908167362213134
316,46.0,0.07111775744241568,1.9115905554398247
317,15.0,0.14883444229309442,1.970905065536499
318,24.0,2.1584322799493065e-10,1.7997597455978394
319,68.0,0.06114332846574572,1.7642026263124801
320,21.0,7.397892894356304e-08,1.6147766340346563
321,10.0,7.397892894356305e-28,1.0124741077423096
322,32.0,2.124463343088258e-22,1.5838134288787842
323,24.0,0.12614134217074943,1.8955491483211517
324,11.0,1.3037695761562124e-16,1.0478585850108753
325,16.0,1.3037695761562127e-48,1.0125526785850525
326,28.0,6.575752785628156e-12,1.6621027673993791
327,50.0,0.018832383869361417,1.6153900051116943
328,11.0,1.8832383869361422e-24,1.1710894758051091
329,12.0,9.919105118160064e-12,1.6534961859385173
330,26.0,1.743869681869443e-16,1.6432688236236572
331,21.0,6.811631432882939e-16,1.4379088992164248
332,47.0,6.78949560996434e-12,1.6510222110342472
333,12.0,0.07617679207610843,1.8674181898434956
334,23.0,0.20508781519697486,1.6809441525003184
335,28.0,1.7357060737903748e-12,1.6784302592277527
336,17.0,0.07224636904936084,1.8139822903801412
337,16.0,7.224636904936087e-34,1.1525269746780396
338,22.0,0.05050843424300066,1.8846688270568848
339,14.0,0.0661816224593161,1.9862398079463415
340,13.0,1.0672414919477383e-12,1.5698073827303374
341,11.0,0.10478260638048517,1.9893644939769397
342,14.0,1.2019557174066962e-07,1.7430815356118339
343,16.0,0.2392867454747088,2.2398340702056885
344,36.0,6.273904905079453e-22,1.6779306266042922
345,17.0,7.44935936700861e-08,2.0298036687514363
346,46.0,1.0030113112658701e-83,1.4238089582194453
347,17.0,0.020252441188791787,1.7439575475804947
348,11.0,2.9513619320828226e-10,1.6310771161859685
349,12.0,1.2958009357271967e-13,1.6066187620162964
350,16.0,0.20883041697868554,1.9744794964790344
351,23.0,7.574796991741436e-08,1.9381442070007324
352,24.0,0.16923294369191,1.9991226991017659
353,21.0,6.718583417997832e-12,1.839763845716204
354,20.0,0.13352230712708257,2.031009840965271
355,21.0,9.623821748400263e-32,1.2003553481329055
356,23.0,0.031043932948653576,2.409053595169731
357,16.0,0.11402642705201624,2.0092941522598267
358,15.0,0.2241747487290309,2.4218308448791506
359,13.0,0.06647950647328928,1.8054406826312726
360,11.0,7.29737415388306e-18,1.3471712415868586
361,13.0,0.015705953017153145,2.051898406102107
362,56.0,4.956314155129775e-16,1.8488507526261466
363,15.0,7.986106464169765e-26,1.613655678431193
364,12.0,1.427444268563983e-17,1.4313401579856873
365,12.0,1.4274442685639832e-41,1.5407470067342122
366,13.0,8.279273056393078e-12,1.8355615139007568
367,31.0,1.897905706500952e-08,1.6213480810965262
368,14.0,3.1653575132412634e-10,1.5674593618937902
369,16.0,3.1653575132412636e-42,1.6072660088539124
370,23.0,7.688153546385737e-10,2.1891972604005234
371,12.0,7.68815354638574e-34,1.0713433027267456
372,32.0,2.619649443993811e-24,1.5956081002950668
373,12.0,1.3489605669621045e-19,1.6703971425692241
374,12.0,0.019105645651130404,1.8052061001459758
375,15.0,9.405435452938251e-30,1.2206891377766926
376,20.0,0.31392234284104276,1.8845025777816773
377,22.0,0.09006179655613761,1.7468109997836025
378,13.0,4.542569546947566e-06,1.8223518958458533
379,26.0,6.925901003856214e-20,1.6412021747002234
380,18.0,1.2003876600519512e-22,1.3456491099463568
381,20.0,2.124179423309995e-34,1.557906723022461
382,12.0,2.1241794233099953e-58,1.447926123936971
383,23.0,0.07583985339774901,2.1287940274114194
384,16.0,1.776613597194075e-16,1.574037492275238
385,38.0,6.64844458446713e-44,1.523049091037951
386,32.0,4.266496618552529e-08,1.915140151977539
387,12.0,2.1522628191411403e-20,1.345914324124654
388,26.0,2.1522628191411414e-72,1.24716422191033
389,28.0,2.1522628191411427e-128,1.3544044239180428
390,16.0,8.45894176971637e-08,1.8882238119840622
391,51.0,0.16267285100817558,2.1819953076979695
392,14.0,1.6937686074175763e-14,1.5365847860063826
393,27.0,0.07117979856605407,1.844292852613661
394,26.0,1.3349891647887051e-11,1.9465690759512095
395,23.0,0.06751542226373375,1.8513404908387556
396,14.0,1.1726674510664088e-22,1.2677690301622664
397,21.0,5.831433521622659e-22,1.834797495887393
398,32.0,4.626364290251695e-26,1.7235496044158936
399,22.0,2.7717894612980835e-20,1.7072995575991543
400,15.0,1.4934424205068348e-10,1.6354577223459879
401,16.0,1.621064888412521e-14,1.6769074946641922
402,11.0,1.6210648884125215e-36,0.9757796634327282
403,22.0,0.26229503864986875,1.9458102963187478
404,10.0,8.505150030285597e-10,1.4982576847076416
405,34.0,3.839752444522588e-10,1.7402494023827946
406,13.0,1.1436917032582617e-15,1.5285011438223033
407,8.0,8.958031457763515e-08,1.924614131450653
408,15.0,8.958031457763518e-38,1.4399656931559244
409,10.0,6.5609752706358125e-18,1.520772886276245
410,26.0,3.6443272123857043e-10,1.6674928298363318
411,20.0,0.10635783320961728,2.1363205909729004
412,21.0,1.502663817845361e-10,1.7437543414887928
413,22.0,0.36691780602020496,2.132272546941584
414,14.0,8.185572036699415e-14,1.4251641375677926
415,10.0,8.185572036699416e-34,1.0232172012329102
416,43.0,8.185572036699424e-120,1.3587702817695086
417,57.0,0.20094160423711663,1.9407882690429688
418,14.0,0.04245134937301828,1.6980534621647425
419,18.0,0.2260885088888597,1.8704842196570501
420,13.0,0.048538555509870254,1.650485478914701
421,39.0,0.2638870344588497,2.194873332977295
422,14.0,0.0322091600069651,1.571852547781808
423,21.0,0.11141165600575721,2.2342477525983537
424,15.0,5.534338780662265e-24,1.4538034756978353
425,41.0,2.1773722735302887e-16,1.4604814808543136
426,13.0,0.04348556407480617,1.5605999139639049
427,11.0,4.348556407480619e-24,1.2749632488597522
428,14.0,1.3806851927264538e-23,1.4981259618486678
429,12.0,5.501442603373987e-16,1.7073691288630168
430,9.0,0.0019126067433157543,1.756831963857015
431,16.0,5.136288146267953e-21,1.3380998969078064
432,15.0,5.136288146267956e-51,1.1243701299031577
433,12.0,5.136288146267957e-75,1.1858626802762349
434,10.0,5.136288146267959e-95,1.098836612701416
435,24.0,0.05100496498454009,1.8077707688013713
436,13.0,6.471168049277905e-14,1.4287237937633808
437,14.0,3.8152202100469774e-12,1.554356609072004
438,53.0,3.916643434028131e-16,2.027098340808221
439,21.0,1.5894851845902545e-21,1.603491533370245
440,26.0,9.139009514879649e-23,1.629389157662025
441,37.0,7.081500895320729e-14,1.9174695530453243
442,39.0,0.10976279966494078,1.9936575889587402
443,24.0,0.22890529707043558,2.265746553738912
444,19.0,2.6106894678575124e-14,1.7963763538159823
445,15.0,2.3552284193646578e-14,1.7070231119791666
446,22.0,2.3552284193646586e-58,1.2774189168756658
447,14.0,2.3552284193646596e-86,1.3922193390982491
448,51.0,3.0249555674293585e-54,1.6603590647379558
449,16.0,0.008410851340307446,1.9467282891273499
450,31.0,7.490293046927342e-36,1.7186611237064484
451,19.0,5.250345108623704e-20,1.6490254904094495
452,39.0,3.0645944817049496e-40,1.474530733548678
453,23.0,1.609818089769198e-08,1.8173555602198062
454,12.0,0.056370280335663235,2.0729622840881348
455,21.0,5.460624185789028e-12,1.7987947463989258
456,21.0,0.07473385228191007,2.1436080932617188
457,10.0,1.7127640139063143e-10,1.7706892967224122
458,23.0,8.203149257640476e-24,1.6175079967664636
459,16.0,7.709787832491876e-09,1.7383615970611572
460,26.0,3.152304679878075e-14,1.7731891870498657
461,13.0,9.602855021965902e-14,1.8199434647193322
462,11.0,9.602855021965904e-36,0.7667406255548651
463,11.0,9.602855021965907e-58,1.6682375127618962
464,15.0,0.09441487294989673,2.0223320960998534
465,16.0,2.2291850640330053e-18,1.6458636224269867
466,14.0,0.19418863179726065,2.096790381840297
467,39.0,4.551824055689724e-26,1.6950872983687963
468,36.0,2.2115280331061268e-24,1.849074814054701
469,18.0,1.1952248454799425e-17,1.7292107476128473
470,26.0,6.915981223548743e-32,1.6302727552560659
471,23.0,0.209617305913258,2.01001208761464
472,17.0,0.4664025241478942,2.020383161656997
473,32.0,0.02630977305623244,1.6999953836202621
474,10.0,0.07928035863396976,2.0789786338806153
475,19.0,0.1282331631179911,1.9713458763925653
476,10.0,1.4915466419928173e-09,1.7327248573303222
477,17.0,0.07701119705374951,1.845422997194178
478,24.0,0.005895855539639748,1.8743724425633748
479,21.0,0.2893296477364937,2.0052491823832193
480,30.0,1.0796325996224563e-13,1.6084718227386474
481,32.0,0.04362724596699798,2.175462543964386
482,18.0,0.05176219157130269,1.8886606958177354
483,20.0,0.18704019238277944,2.301294469833374
484,31.0,8.122054192300943e-27,1.7202882612905195
485,55.0,1.4755228434277418e-35,1.6416048136624424
486,18.0,0.09838105850114735,1.8903926743401422
487,40.0,0.060663679896495154,1.8535155534744263
488,14.0,4.837014684845387e-18,1.3074661663600378
489,17.0,4.837014684845388e-52,1.39736990367665
490,20.0,0.1572145153890813,2.2820022106170654
491,59.0,3.115228433854558e-20,2.0411793579489497
492,41.0,0.001053747287077484,2.125693414269424
493,12.0,2.1539362693682252e-24,1.2804510792096455
494,18.0,2.1539362693682258e-60,1.5102457735273573
495,22.0,2.9988103611704384e-10,1.9249100468375466
496,30.0,2.1740479605572424e-20,1.810878340403239
497,22.0,2.174047960557243e-64,1.3629256378520618
498,18.0,2.1843897118176034e-12,1.941878769132826
499,33.0,9.348695895104008e-10,1.764258283557314
500,11.0,9.348695895104009e-32,1.3365843079306863
501,28.0,3.9605834700000506e-08,1.9659902538572038
502,14.0,6.28674442809578e-14,1.6767893518720354
503,33.0,0.00022922603153612063,1.8786145557056775
504,12.0,2.2922603153612075e-28,1.4084513584772747
505,39.0,1.1626795368883558e-25,1.78812741010617
506,15.0,4.847504396712306e-10,2.006094551086426
507,16.0,0.13145369979931604,2.0236691534519196
508,24.0,0.18895958079285943,1.9191842476526897
509,13.0,0.23384437977264053,2.073765277862549
510,37.0,3.1155916831718335e-32,1.6065038732580237
511,16.0,3.115591683171834e-64,1.4742804169654846
512,25.0,4.5554360495146375e-38,1.532662296295166
513,64.0,8.720345250524795e-16,1.9062270671129227
514,16.0,3.040105968152618e-12,1.710637778043747
515,42.0,1.041144596631696e-29,1.574745087396531
516,19.0,8.3904400326044e-08,2.129269700301321
517,15.0,7.963206150048255e-08,1.856441815694173
518,26.0,0.08444166611527328,2.2098801136016846
519,15.0,7.319891752316228e-26,1.3774152119954428
520,28.0,4.3385507071317946e-07,1.8380138363157
521,17.0,9.514987483315498e-18,1.7681672152350931
522,33.0,3.530857006927022e-38,1.6286618637316155
523,13.0,2.357103174180793e-10,1.9769991911374605
524,13.0,0.15960316772593278,2.2960073397709775
525,54.0,1.6085512082090374e-21,2.0314887364705405
526,15.0,0.2637595684591752,2.4672109603881838
527,21.0,3.036713794658782e-18,1.598434016818092
528,10.0,4.516974870454512e-14,1.6102636337280274
529,11.0,0.10322423374329492,2.106926137750799
530,34.0,1.5005712771121138e-25,1.7688845325918758
531,20.0,7.667502892195897e-12,1.9157340288162232
532,16.0,0.049919446174540645,1.7639245092868805
533,20.0,0.22599220453182353,2.225248599052429
534,26.0,7.986350142348432e-10,1.7473700596736028
535,37.0,1.3628748108746908e-69,1.3857839429700696
536,13.0,1.362874810874691e-95,0.9980368247398963
537,15.0,4.081259852515614e-10,2.1572525024414064
538,18.0,7.808018184063359e-22,1.4574711322784424
539,23.0,4.446145708802679e-16,1.8198741829913596
540,15.0,4.446145708802682e-46,1.504783312479655
541,20.0,6.662754638104053e-24,1.8178413391113282
542,58.0,0.010828921694661982,2.2725708402436355
543,18.0,1.728393202642202e-20,1.558325555589464
544,17.0,2.4746193697040123e-12,2.031862539403579
545,18.0,5.386175735481784e-10,1.9027759499020047
546,20.0,0.3221267965725873,2.4804000854492188
547,36.0,1.7503932715943683e-50,1.5858325560887654
548,22.0,8.295932841387724e-40,1.6089817610653965
549,18.0,8.064650895590975e-18,1.4842244651582506
550,18.0,6.655012367863299e-32,1.6127528879377577
551,16.0,2.553566651593574e-10,2.058145523071289
552,18.0,4.894323688213938e-12,1.8566659026675754
553,22.0,2.5609500134346235e-20,1.5259664167057385
554,19.0,0.18638763549626716,1.9645655280665348
555,26.0,7.2373173095746545e-22,1.5302656613863432
556,19.0,0.22743461463991468,1.9957269869352643
557,22.0,1.8793924325105664e-12,1.600510304624384
558,16.0,5.007979343914946e-16,1.6444504708051682
559,14.0,1.0045980243185947e-21,1.5540695190429688
560,42.0,0.015411504237001472,1.9626100403921944
561,16.0,6.682255773168233e-10,1.7880080044269562
562,17.0,0.2535813240543031,2.2664780616760254
563,15.0,9.60242802460531e-10,1.6202058951059977
564,15.0,0.10836865709720965,2.081051731109619
565,31.0,0.16776860817710185,1.8576997480084818
566,16.0,0.16118127251610362,1.798894315958023
567,36.0,0.05359043599294243,2.3118083079655967
568,14.0,3.104153454596216e-12,1.6890763555254256
569,57.0,3.8370033577630824e-48,1.6782202135052597
570,21.0,1.805762155157376e-16,1.7165095919654483
571,14.0,1.8057621551573768e-44,1.5529048783438546
572,18.0,9.477442878551945e-18,1.7839578257666693
573,19.0,8.70190475465289e-12,1.6815916362561678
574,15.0,2.6630785562007292e-12,1.6366809844970702
575,21.0,1.5617871598838461e-15,1.8499454316638766
576,36.0,0.28135837315631396,1.8435230520036485
577,61.0,1.386340899165231e-23,1.7522124071590235
578,62.0,1.3443785137171644e-37,1.578636230960969
579,28.0,0.27174860214804014,2.311238067490714
580,21.0,1.3546458456852994e-16,1.7567713374183291
581,34.0,0.3258137211577977,2.2094939877005184
582,16.0,1.1903930785201826e-21,1.2212021052837372
583,18.0,1.473954572907607e-28,1.6192640993330214
584,28.0,2.6644907204855187e-18,1.7288423946925573
585,32.0,7.609548754400977e-10,1.7120967507362366
586,34.0,0.01472742792975658,2.027979191611795
587,13.0,4.8709402549369675e-22,1.368260567004864
588,15.0,1.9427918639024414e-14,1.906317933400472
589,18.0,1.173119808892106e-11,2.076135608885023
590,36.0,1.2016538242273978e-61,1.4817541705237494
591,28.0,3.842072841619429e-12,1.7858288288116455
592,48.0,7.523936189910937e-46,1.6678811113039653
593,56.0,1.2004042873194029e-27,1.9336538570267814
594,15.0,1.2004042873194034e-57,1.4679362614949545
595,18.0,7.223867675978903e-16,1.8848286734686956
596,12.0,0.17626714496892557,2.0209616820017495
597,11.0,7.617788975386828e-12,1.6006962602788752
598,11.0,7.61778897538683e-34,1.5134043260054155
599,39.0,1.2832929122064204e-21,1.9762463080577362
600,27.0,1.327713377077277e-13,1.7967644797431097
601,13.0,6.893349379840605e-20,1.3905767844273493
602,20.0,0.12062103685696146,1.8749563455581666
603,12.0,3.429111380457161e-17,1.303763508796692
604,26.0,1.0639433614820861e-23,1.910698835666363
605,16.0,1.646112324745846e-09,1.734034240245819
606,13.0,7.609392451105619e-14,1.7540836334228516
607,35.0,0.06359373062070711,2.028562777382987
608,9.0,8.79730266832543e-12,1.6865181393093533
609,69.0,2.495843834285891e-24,1.8805441096209097
610,27.0,0.1094392250557138,2.104825593807079
611,28.0,1.0353128028515103e-13,1.9589239529200964
612,63.0,7.657534049738282e-13,1.8601900812179324
613,26.0,1.7983720602538042e-14,1.8169434070587158
614,20.0,0.19979555430366816,2.2881843566894533
615,22.0,5.768979844017316e-20,1.5469799475236372
616,37.0,1.0259598909727107e-23,1.5047013050801046
617,29.0,1.1020662429997979e-25,1.5580606789424503
618,21.0,0.19492161816914844,2.167458874838693
619,18.0,0.1811034889400204,2.2081743346320257
620,16.0,5.853342896194266e-30,1.5208063125610352
621,12.0,4.5136418188908664e-11,1.6744476556777954
622,25.0,0.06553245694727847,2.1165384674072265
623,19.0,1.1058083335956431e-17,1.7535811976382607
624,24.0,1.0447381066319544e-13,1.945076545079549
625,14.0,8.75012438193184e-08,1.9970609630857195
626,9.0,7.102473845946163e-18,1.0773710939619277
627,28.0,0.057243154631094376,2.0794012546539307
628,25.0,1.2280937417852582e-20,1.7534676742553712
629,9.0,1.2280937417852584e-38,1.6558338801066081
630,64.0,0.009352413629802067,2.0981484055519104
631,33.0,6.995730803664598e-16,1.757550962043531
632,24.0,0.20317154135898388,2.498435835043589
633,25.0,0.09285084573631668,1.8577881526947022
634,19.0,8.111592493220796e-12,1.9100112413105212
635,17.0,1.3015796375982191e-15,1.9160632806665756
636,11.0,1.3015796375982195e-37,0.9931165738539263
637,15.0,1.30157963759822e-67,1.5867127100626628
638,106.0,2.681539003780358e-21,1.871645895939953
639,25.0,0.033658075765853425,1.9871023178100586
640,29.0,4.5719137544810656e-26,1.8225633686986462
641,17.0,4.571913754481066e-60,1.1865702516892378
642,18.0,1.099502646584944e-21,1.6566645569271512
643,14.0,1.0995026465849442e-49,1.2431555134909493
644,24.0,1.0995026465849448e-97,1.5164530873298645
645,37.0,0.28820906359038656,2.1455522227931665
646,32.0,0.031063188812787787,1.929703637957573
647,19.0,6.027490989914855e-10,1.8616406792088558
648,11.0,0.058131287918781395,2.194607821377841
649,43.0,5.66909827662447e-08,2.133362736812858
650,16.0,1.12276660658326e-15,1.872669667005539
651,18.0,5.1283994041119205e-28,1.6250813272264268
652,18.0,0.08437440088653704,2.060160477956136
653,14.0,4.641101151212512e-07,2.1540124246052335
654,15.0,0.09870853421176572,2.1770697911580403
655,18.0,1.3953476872145738e-19,1.5946634345584445
656,43.0,0.21102483422398924,1.8393938707750896
657,44.0,1.281111077401999e-11,2.0162639834664087
658,15.0,0.04567353229720858,1.9379514376322429
659,41.0,1.104058064687915e-07,2.132601924058868
660,15.0,1.6876418033696661e-15,1.7807698090871176
661,30.0,0.12368536698565624,2.3245551109313967
662,10.0,0.04453880345756827,2.0650003433227537
663,19.0,0.0511368212060406,2.401853461014597
664,15.0,0.1039493765944782,2.2113979339599608
665,15.0,2.5320709221431176e-20,1.5238332112630208
666,27.0,1.790055619545723e-23,1.8344223940813984
667,14.0,1.790055619545724e-51,1.578256300517491
668,22.0,4.1963909707381295e-10,1.8317353075200862
669,19.0,6.869281869768629e-30,1.706921477066843
670,43.0,1.1576495134868993e-18,1.8086585887642794
671,17.0,1.1576495134868998e-52,1.635004857007195
672,26.0,3.337295173815475e-14,1.8022427375500019
673,20.0,3.3372951738154764e-54,1.2052696704864503
674,21.0,3.337295173815478e-96,1.5063658214750744
675,15.0,1.5543402364606634e-09,1.8945693969726562
676,13.0,1.5543402364606635e-35,1.5531899012052095
677,31.0,0.17564957485302135,1.93319151478429
678,19.0,2.76500536019181e-16,1.585202367682206
679,16.0,7.343802473337109e-30,1.3316951990127563
680,16.0,7.343802473337111e-62,1.7168834209442139
681,11.0,7.343802473337111e-84,1.3854744651100852
682,17.0,2.227016916772618e-19,1.6721110624425553
683,22.0,1.0312425974263418e-29,1.5895302945917302
684,22.0,3.5826038093377333e-10,1.7465473955327815
685,11.0,0.07524841568580688,1.9278945055874912
686,44.0,6.2399678470390505e-12,1.9536539966409856
687,39.0,1.6990911126490246e-33,1.671122398131933
688,33.0,0.26671225140808297,1.8725403438914905
689,15.0,0.3032192332102002,2.046164353688558
690,18.0,7.445077694939304e-18,1.483751826816135
691,36.0,0.21806185260476868,2.1280571354760065
692,23.0,5.866169522899599e-21,1.6071607962898586
693,20.0,1.3594381852481287e-17,1.7975876092910767
694,15.0,0.12520550190854027,1.943803612391154
695,20.0,0.08212860673408777,1.8419385433197022
696,10.0,0.2050298146042806,2.277462911605835
697,9.0,1.0746787052507642e-13,1.2135082880655925
698,18.0,0.2853580059324855,2.728657854927911
699,40.0,2.571345707735079e-16,1.6917365431785583
700,21.0,2.5713457077350795e-58,1.331594671521868
701,19.0,2.5713457077350807e-96,1.3521414681484825
702,19.0,2.4895484721154718e-18,1.5543005340977718
703,29.0,0.18646827332829585,1.9628841137063915
704,16.0,0.02268252571376231,1.7918433845043182
705,64.0,4.1001594961397256e-26,1.775000460445881
706,22.0,0.19493240401176026,1.9497133601795544
707,28.0,0.16175753346926008,2.214445403644017
708,13.0,4.956703264779421e-24,1.1999102372389574
709,40.0,1.6436921075920507e-11,1.524273806810379
710,14.0,0.08282335923004598,2.2352374962397983
711,26.0,0.21655436675443157,2.559121920512273
712,13.0,4.820872010894132e-18,1.1702789893517127
713,24.0,0.07677198295875216,1.9982456763585408
714,21.0,2.812523675180157e-08,1.8011469386872792
715,18.0,2.8125236751801583e-44,1.536084943347507
716,21.0,1.1095091207444813e-07,1.963474364507766
717,20.0,9.174939993441059e-10,1.989748740196228
718,18.0,0.24193815385041412,2.111000272962782
719,21.0,2.3579050798223693e-36,1.356330054146903
720,20.0,0.1910904751435109,2.147807240486145
721,24.0,0.01683875458841717,1.8211400310198467
722,22.0,3.4889888718423432e-12,1.8398205800489946
723,15.0,0.12028479023761429,2.152625560760498
724,28.0,0.20600454140833063,2.2242713826043263
725,15.0,0.28400884759909,2.142345635096232
726,18.0,0.18090226135663048,2.005602889590793
727,23.0,1.2057758913090155e-17,1.712697112041971
728,31.0,0.02646423863241374,1.8739472050820627
729,23.0,5.116856459637427e-10,1.9474782736405083
730,25.0,0.24693682517290994,2.5525237464904786
731,44.0,6.114391000714256e-20,1.907387993552468
732,41.0,8.17181475024025e-20,1.833382024997618
733,57.0,3.7225913507711514e-11,1.8315444870998985
734,18.0,7.163782452679908e-18,1.712162176767985
735,35.0,1.1297294465573146e-32,1.9012577056884765
736,13.0,1.3695553559905293e-17,1.4833741921644945
737,19.0,1.3695553559905297e-55,1.4249452791715924
738,23.0,1.3695553559905305e-101,1.3666646376900051
739,23.0,0.41645012133539294,2.45503278400587
740,12.0,1.8172988944769025e-16,1.3257801532745361
741,29.0,1.103920809976845e-19,2.037533233905661
742,65.0,1.2289541518612327e-15,2.072573632460374
743,33.0,1.3840884257402523e-27,1.8109823140231045
744,12.0,2.5052807536447303e-12,1.9022589921951294
745,21.0,0.016362141374537478,1.9149801163446336
746,37.0,8.936970394539497e-16,1.914918564461373
747,14.0,0.2214633507171972,2.2493020806993758
748,20.0,4.3571693236198645e-21,1.7316669583320619
749,17.0,1.9235093213219872e-22,1.639433173572316
750,18.0,1.923509321321988e-58,1.4128408432006836
751,16.0,0.038142942533071225,1.8496369421482086
752,18.0,5.944381754829519e-12,1.6800768110487196
753,20.0,6.815791466206116e-22,1.8378745794296265
754,13.0,3.623132168707157e-20,1.669690645658053
755,24.0,0.030435611311430317,2.005867818991343
756,35.0,0.1345883896871766,2.28195013318743
757,13.0,0.18301465533407602,2.225714610173152
758,22.0,0.02399205792266002,1.8988061384721235
759,11.0,2.3992057922660022e-24,1.251590533690019
760,20.0,1.2795367867715954e-07,2.283358335494995
761,29.0,7.005760432984124e-08,2.1732765970558954
762,25.0,0.18311872597030787,2.441259250640869
763,30.0,0.17346156813059624,2.1987841447194416
764,40.0,0.039279530754069265,2.192200803756714
765,21.0,2.5868087318450432e-06,2.086572215670631
766,33.0,6.899220103604945e-50,1.5483639962745435
767,15.0,0.13694302371256434,2.4721428871154787
768,19.0,1.7155483161177194e-15,2.0510120391845703
769,31.0,0.012846329760160105,2.2716628812974498
770,42.0,1.373856345173375e-20,2.002373320715768
771,19.0,0.040412382614162,2.3263948340164986
772,12.0,1.3533618518246863e-09,1.9865628878275554
773,13.0,0.10840906380471285,2.3151286198542667
774,36.0,8.234900818471592e-18,2.1485895448260837
775,39.0,5.0996144705381494e-20,2.2600961465101976
776,16.0,1.2950334547005068e-15,2.200625777244568
777,25.0,1.0544202421999935e-21,1.9587437438964843
778,13.0,1.0544202421999936e-47,1.777469304891733
779,18.0,6.57877825138172e-22,1.804551362991333
780,24.0,3.958682375707375e-14,1.7452308535575867
781,12.0,0.03941368359168325,2.3549565076828003
782,21.0,9.44032836805256e-27,1.722525642031715
783,60.0,1.2119702155913338e-83,1.6284473260243735
784,44.0,8.662117881935473e-32,1.8680566440929065
785,104.0,1.3829606613143893e-96,1.5328642817643972
786,19.0,1.38296066131439e-134,1.1676972288834422
787,68.0,1.327759649085048e-76,1.5491998195648193
788,15.0,0.16258991478804916,2.0657907168070477
789,10.0,0.16013864974966915,2.00171537399292
790,13.0,0.1461790616130478,1.9702547146723821
791,30.0,0.13770023289409045,2.191327714920044
792,16.0,9.081500966204102e-10,1.5486711859703064
793,26.0,1.600382027424914e-09,1.9651307509495661
794,28.0,0.13301620676388295,2.280628034046718
795,20.0,0.1717613938624723,2.119229292869568
796,13.0,0.021450228161151167,2.040357919839712
797,21.0,1.1878144932960407e-09,1.944876784370059
798,35.0,6.886165863342226e-33,1.7638278961181642
799,11.0,6.886165863342226e-55,1.5839089913801714
800,25.0,1.548292825569936e-29,1.4208560180664063
801,20.0,1.5482928255699365e-69,1.5909883737564088
802,23.0,0.04809303949238301,1.9767881269040315
803,19.0,0.01655353082242273,1.7521234813489412
804,43.0,0.07462832224061944,1.922738374665726
805,30.0,7.680660715420653e-28,1.5908098379770914
806,16.0,3.018499960107933e-08,1.591246172785759
807,30.0,0.33536194987661416,2.279460652669271
808,21.0,0.4076567381211394,2.2223780495779857
809,21.0,0.5244237212669387,2.176375230153402
810,17.0,2.5805379180647952e-20,1.366342404309441
811,38.0,1.5761700536628457e-36,1.7453983331981457
812,13.0,0.2679704155341364,2.431726235609788
813,18.0,0.2302485269250902,1.6957671377393935
814,24.0,0.29107739297557983,2.1204430758953094
815,31.0,3.623079890362294e-10,1.7571562874701716
816,29.0,0.28744953673751805,2.238612914907521
817,14.0,1.5786559055617703e-17,1.2280726262501307
818,24.0,7.399809227705092e-14,2.0780171354611716
819,14.0,4.7357011236050154e-20,1.7285479818071638
820,20.0,0.04004548276606854,1.9938708305358888
821,20.0,1.0876412042390921e-19,2.0165905952453613
822,23.0,6.35368267646167e-28,1.5383499186971914
823,12.0,2.4842307365114967e-14,2.0024472872416177
824,13.0,0.006092069219142217,2.007153034210205
825,20.0,1.2332943775155998e-31,1.5264713048934937
826,33.0,7.82249595931337e-10,2.1777222373268823
827,18.0,0.2106072858485099,2.189749929640028
828,25.0,2.127175731397369e-22,1.7433158683776855
829,13.0,7.00532521845675e-08,2.180717651660626
830,13.0,7.669762060370272e-14,1.7820204404684215
831,10.0,7.669762060370274e-34,1.6345760345458984
832,20.0,5.052883100953543e-14,1.9663232088088989
833,14.0,0.06755607525323884,1.9397608212062292
834,18.0,0.08128181616943919,2.132075309753418
835,16.0,0.31441206106078773,2.6329425275325775
836,26.0,0.1888688434999906,2.2544682942903957
837,13.0,1.7443626745401105e-09,2.0344949869009166
838,36.0,3.283859148453531e-16,1.9228450854619343
839,14.0,1.5876650709265708e-09,2.520483749253409
840,17.0,4.430761701120462e-14,1.9806323331945084
841,15.0,4.430761701120465e-44,1.5133212407430012
842,22.0,3.937330412545158e-18,2.039780096574263
843,42.0,0.5279678303834475,2.4329066503615606
844,40.0,1.1823872957397115e-35,1.8853190064430236
845,35.0,2.438126653195945e-14,2.053417546408517
846,13.0,3.437212839613337e-11,1.9597437565143292
847,9.0,0.06873200043346309,2.162406656477186
848,18.0,0.35432509434261017,2.6295036209954157
849,65.0,1.2493056171907135e-20,1.8593898479755109
850,45.0,9.205181961777958e-61,1.7044358359442817
851,38.0,4.3445188189439537e-10,1.994195963207044
852,13.0,1.3917305359388548e-12,1.7665729522705078
853,15.0,0.02385429936304427,1.9463491439819336
854,16.0,2.346533025164001e-22,1.775806874036789
855,22.0,0.04593599676097691,1.9837083383039995
856,10.0,4.6883505614609527e-20,1.3878564357757568
857,17.0,1.0759865311589009e-07,2.4038467407226562
858,20.0,0.19875822015509212,2.338411545753479
859,15.0,0.042002616544248444,2.356976858774821
860,12.0,4.2002616544248456e-26,1.0178813139597576
861,16.0,4.200261654424847e-58,1.815635323524475
862,14.0,0.11228483490768774,2.285242438316345
863,10.0,3.728651976282304e-18,1.6440616130828858
864,43.0,3.728651976282308e-104,1.5222842526990314
865,18.0,3.7286519762823096e-140,1.4966958231396146
866,11.0,3.1192692835028402e-12,1.882624539462003
867,12.0,1.056982002042444e-18,1.2845555543899536
868,12.0,1.0569820020424443e-42,1.6764691670735676
869,28.0,2.4316041784789065e-36,1.4099583796092443
870,12.0,2.4316041784789073e-60,1.1991356213887532
871,29.0,0.3985791007964115,2.2830519347355285
872,23.0,0.5781393470488808,2.265873079714568
873,22.0,7.598031586056656e-08,1.8766296018253674
874,12.0,0.23168976367628574,2.09993839263916
875,14.0,0.18196856851822152,2.0308774198804582
876,10.0,0.11746115402854689,2.0274355888366697
877,17.0,0.0313314558471109,1.897517625023337
878,39.0,3.9970599518403565e-16,1.7868634492923052
879,51.0,1.1347445953257361e-09,2.0367240765515495
880,11.0,0.1735049103309549,2.1934918490323154
881,9.0,0.3191796614313176,2.3157863087124295
882,17.0,9.7860922718861e-12,1.6471021035138298
883,25.0,3.6020497187241164e-26,1.684959888458252
884,44.0,6.843875006692967e-18,2.0681405392560093
885,13.0,0.4032752751681875,2.8410012905414286
886,20.0,1.2963810000019174e-11,1.9544270992279054
887,9.0,1.2963810000019177e-29,1.496225463019477
888,14.0,0.15181275139958314,2.455536263329642
889,12.0,1.0837905396540923e-17,1.3687028884887695
890,15.0,1.0837905396540928e-47,1.826171620686849
891,10.0,1.0837905396540932e-67,1.4506275653839111
892,16.0,8.11482096103123e-17,1.592215210199356
893,24.0,0.007758991617700867,1.8737531105677288
894,54.0,6.779020223967745e-72,1.6528319164558694
895,13.0,5.078277437352392e-12,1.7567239908071666
896,25.0,1.147157984590857e-17,1.8149921607971191
897,12.0,1.1471579845908573e-41,1.2893197139104207
898,21.0,5.787610099981435e-24,1.7995244434901647
899,15.0,3.850644406592998e-18,1.7692904790242514
900,82.0,1.0169157446572782e-77,1.6884246395855416
901,19.0,0.2195099643233415,1.9251317475971423
902,18.0,0.27396457315304407,1.9633823765648737
903,28.0,0.13341048957653703,1.8188167129244124
904,20.0,0.1227178866022006,2.233393740653992
905,54.0,4.76224371106287e-12,1.9678914105450664
906,14.0,1.9754487453896906e-24,1.7665833405085973
907,37.0,7.693164082394373e-18,2.0717597458813644
908,14.0,0.32165271955913527,2.3187762669154575
909,19.0,0.1590330589993741,2.2020965375398336
910,9.0,0.24067269666934915,2.4399894608391657
911,18.0,0.009321027029245749,1.7687018182542589
912,11.0,0.0021395380292815046,1.9297591122713955
913,13.0,0.11622061985082227,2.1290999192457933
914,24.0,1.7170120388706376e-26,1.8214664856592815
915,19.0,4.3243260633900977e-16,2.064106539676064
916,44.0,4.534223957784178e-19,1.6867699948224155
917,22.0,4.53422395778418e-63,1.1722167947075584
918,42.0,0.42422713368008874,1.9342034544263567
919,14.0,0.13419646057290846,2.0635833740234375
920,21.0,0.08215734704306857,2.0135963757832847
921,23.0,7.866046019372984e-09,2.118970062421716
922,16.0,1.3770598787529475e-23,1.4146403670310974
923,31.0,0.47220568844571853,2.517676015054026
924,13.0,0.2507131861757267,2.22697324019212
925,24.0,3.192645037677797e-26,1.639058530330658
926,20.0,0.3538861537298198,2.3269443035125734
927,54.0,1.4588420494595346e-16,2.230063562039976
928,18.0,7.580609405334245e-34,1.518348839547899
929,12.0,7.580609405334247e-58,1.3653289675712585
930,18.0,8.031476724393261e-10,2.24650067753262
931,15.0,0.16021398024503736,2.2112635294596354
932,10.0,0.016219226464048785,1.9134862422943115
933,17.0,7.844386748093752e-34,1.7133374214172363
934,15.0,0.3122641371306004,2.250746568044027
935,21.0,5.389145561994097e-18,1.9785302025931222
936,45.0,2.8280585138831825e-34,1.6356657452053494
937,21.0,2.8280585138831834e-76,1.8034820329575312
938,24.0,0.025087908174925705,1.674877901871999
939,14.0,2.7143123161139274e-24,1.5129834583827428
940,31.0,0.02702556246067768,1.7268150391117219
941,13.0,1.1338524338087432e-08,1.659306104366596
942,24.0,4.3789282821716485e-28,1.4056973457336426
943,25.0,1.0393709529246477e-12,1.9268884658813477
944,9.0,1.0393709529246479e-30,1.709968990749783
945,21.0,1.3721782516109095e-20,1.6858424005054293
946,18.0,0.3352247725528764,2.2521535423066883
947,16.0,0.3885639609423418,2.4395810663700104
948,22.0,1.2008213463311231e-11,1.8842670050534336
949,46.0,0.06730093410657945,2.035010648810345
950,48.0,1.1419959871142027e-14,1.9593540728092194
951,15.0,2.634342693340182e-14,1.6618563969930014
952,17.0,2.6343426933401824e-48,1.4100978234234978
953,17.0,0.11623322933184752,2.0719980352065144
954,13.0,5.977665888933135e-14,1.5532961441920354
955,19.0,1.0492873164951057e-17,1.8322253980134662
956,19.0,0.2293564879610902,2.139065516622443
957,22.0,0.12215073426166628,1.6893361048264937
958,27.0,1.713434042853924e-21,2.0334005002622253
959,27.0,5.258864646614391e-44,1.423874607792607
960,21.0,4.816828168534561e-10,2.104316915784563
961,16.0,0.03978024259488989,1.9368664026260376
962,18.0,3.97802425948899e-38,0.9583435588412814
963,38.0,0.09257332067151713,1.8938114141163074
964,14.0,0.4622959994403098,2.508931432451521
965,20.0,7.678135113117702e-26,1.3878257036209107
966,42.0,1.891637603234911e-16,1.9053114652633667
967,16.0,0.08082194940526931,2.034191906452179
968,12.0,0.21188222138834858,2.0037054220835366
969,13.0,0.08094427528203675,1.930077002598689
970,13.0,0.03604689543557693,1.917413748227633
971,21.0,8.4330353437134e-16,1.5055956840515137
972,27.0,0.03201828232605687,1.891123409624453
973,16.0,2.088697455720132e-16,1.7429470121860504
974,16.0,0.11190897145074301,2.2235609889030457
975,14.0,5.5708532124119674e-14,1.7667656285422189
976,31.0,0.11655431955963429,1.8966858925357941
977,21.0,0.060439716653494464,1.8248573939005535
978,23.0,1.7662330756395699e-40,1.128839637922204
979,23.0,0.01505891639222051,1.9019338359003481
980,31.0,0.3566749883493767,2.1691229266505085
981,10.0,0.1035322172035703,1.8971651554107667
982,54.0,0.17158254518825694,2.2278409798940024
983,14.0,1.0472544332374501e-13,1.5370609589985438
984,25.0,2.5508378056166724e-16,2.1036066818237305
985,27.0,4.1207055502630316e-26,1.796776259386981
986,17.0,0.38450420373117833,2.2885717644410977
987,37.0,4.202630852871502e-10,1.8472461442689638
988,29.0,1.460439013966574e-15,1.8136742197234055
989,39.0,1.499842744685931e-60,1.5538588181520119
990,25.0,0.24730866458410466,2.155791072845459
991,21.0,0.04207958395330894,2.064024323508853
992,52.0,0.14883878910071213,1.8999618750352125
993,20.0,1.654795090692637e-07,2.1045361042022703
994,21.0,0.20088306733520486,2.434414329982939
995,30.0,0.001043064782517036,2.250724109013875
996,29.0,1.1841010217377656e-19,1.799605418895853
997,41.0,0.0033648597099804013,1.8582088423938286
998,17.0,0.06895797313255761,1.959132531109978
999,14.0,3.428348039420128e-12,1.8805517298834664
1000,20.0,0.4852157986559837,2.289148449897766
1001,30.0,1.5450336451529124e-57,1.1903058211008708
1002,19.0,1.1207024240253137e-11,1.9119085261696263
1003,14.0,6.0782568174841265e-12,1.6646425383431571
1004,49.0,9.726290292222202e-16,1.9240237742054218
1005,74.0,0.3687898842396859,2.169945169139553
1006,19.0,0.22874451057133213,1.858918591549522
1007,14.0,1.2991094034854842e-13,1.7518550327845983
1008,64.0,0.12484322481681295,2.2046035192906857
1009,11.0,0.18196871772137171,2.28281324559992
1010,12.0,0.19622336196811455,2.3581681648890176
1011,42.0,0.16561405462935533,1.911042088554019
1012,8.0,0.32980767069264033,2.411255896091461
1013,17.0,3.4318548893535362e-12,1.7577010603512035
1014,23.0,4.681508869800739e-20,1.8576803829358972
1015,48.0,0.20696181304320135,2.0358166992664337
1016,15.0,0.021687390300158982,1.790745703379313
1017,33.0,8.762926794485646e-16,1.827883850444447
1018,28.0,0.08002239706000068,2.1925022772380283
1019,14.0,5.948468249720201e-20,1.6312165090015955
1020,13.0,5.9484682497202025e-46,1.5359369057875414
1021,12.0,0.1350542460858371,2.146704991658529
1022,14.0,1.1404387582145441e-07,1.973847814968654
1023,12.0,1.1404387582145443e-31,1.2646483580271404
1024,20.0,0.0698124863057792,1.9078587770462037
1025,32.0,2.5239394098773312e-14,2.0281547605991364
1026,17.0,0.24069423361422493,2.3363766389734604
1027,13.0,2.5582216861114847e-21,1.4622476651118352
1028,17.0,0.2029390407268367,2.327964894911822
1029,13.0,9.028676590777215e-16,1.7289172686063325
1030,21.0,0.025348566062333024,2.000951585315523
1031,20.0,4.295641334706419e-16,1.8109376430511475
1032,24.0,5.293766700668475e-20,1.8564192652702332
1033,11.0,4.804259257762596e-23,1.7109807838093152
1034,13.0,0.18396573451338324,2.0651246217580943
1035,36.0,9.361546372589422e-18,1.9340165191226535
1036,13.0,6.73554575253189e-08,1.9664407143226037
1037,36.0,0.06612099624442454,1.9278407759136624
1038,29.0,0.7414614760689556,2.830788382168474
1039,13.0,6.629439688424034e-08,1.778419439609234
1040,33.0,6.841120621820741e-15,1.9146721435315681
1041,21.0,0.11573872738192784,2.0426325570969355
1042,59.0,2.3075455025219985e-10,2.2572302333379195
1043,13.0,0.13007512156759954,2.1974242467146654
1044,28.0,9.894956874571142e-14,2.3377772910254344
1045,20.0,1.4209495739031715e-09,2.188561129570007
1046,25.0,7.886455198631357e-33,1.7481508255004883
1047,51.0,0.15290104243383199,2.155645445281384
1048,13.0,2.5865138042450663e-16,1.8538545828599196
1049,15.0,0.0942239630666019,2.1195910135904947
1050,29.0,1.5189439600108783e-12,2.1379048906523606
1051,17.0,0.09871955596887069,2.3681611874524284
1052,27.0,0.06399011872211859,2.3991109000311956
1053,11.0,1.1182930532804176e-11,1.8106108578768643
1054,13.0,1.1182930532804178e-37,1.3023953071007361
1055,21.0,1.1182930532804184e-79,1.7850831690288724
1056,29.0,1.2156614026192702e-18,1.9682113055525154
1057,33.0,0.11644471090509553,1.8325981226834385
1058,18.0,3.622531545752592e-10,2.100886450873481
1059,22.0,1.1236554184682222e-29,1.7063017324967817
1060,48.0,0.3973236183518148,2.082401027282079
1061,27.0,0.09988775233684104,2.1789974106682672
1062,42.0,9.72833723251026e-50,1.7907475289844332
1063,22.0,4.933966063236945e-32,1.5542364120483398
1064,11.0,4.9339660632369466e-54,1.1094058210199529
1065,13.0,4.9339660632369485e-80,1.592894352399386
1066,23.0,0.08106670685413966,2.042900272037672
1067,11.0,8.106670685413968e-24,1.3805048682472922
1068,13.0,8.106670685413974e-50,1.6098375687232385
1069,40.0,0.21153166395736334,2.5169389486312865
1070,36.0,1.881111984519077e-11,2.017776449521383
1071,15.0,1.325534988482018e-17,1.941000239054362
1072,26.0,5.3016851652455e-26,1.8120952202723577
1073,54.0,1.4628159776056417e-21,2.1706802756698043
1074,11.0,1.4628159776056423e-43,1.8113460540771484
1075,24.0,2.9633505425896804e-46,1.7027693192164104
1076,26.0,0.47020682095402205,2.4236186284285326
1077,21.0,1.2675930661188444e-13,1.8692576317560106
1078,12.0,1.2675930661188447e-37,1.4874096711476643
1079,38.0,0.19376120437328961,1.759582707756444
1080,17.0,0.45830982409467824,2.1041879794176888
1081,31.0,0.43469878583359,2.388282452860186
1082,14.0,0.21319269289115256,2.2134797232491628
1083,40.0,4.240683350876633e-28,1.5547566771507264
1084,16.0,0.10497258385814418,2.166598826646805
1085,13.0,0.038350203937364734,1.8290416093973012
1086,16.0,0.016789701336964842,1.9053727686405182
1087,43.0,0.27629486612731396,2.2842231240383413
1088,15.0,7.673432836083088e-30,1.459754180908203
1089,11.0,0.13228341353338496,2.4028041579506616
1090,19.0,0.3995640961505239,2.350426197052002
1091,32.0,4.633016170285033e-14,2.106801614165306
1092,39.0,0.035450564628550146,2.14841645803207
1093,35.0,2.112880787049362e-20,1.778376647404262
1094,11.0,0.1491569703701899,2.199864214116877
1095,13.0,5.006126636958965e-16,1.7326739384577825
1096,43.0,1.0118563282423422e-59,1.719162763551224
1097,24.0,2.0837788205017805e-14,2.2559406558672586
1098,22.0,0.26866497805721623,1.8981977159326726
1099,13.0,8.09024289572204e-24,1.2203503572023833
1100,15.0,0.1414301871191304,2.1043372472127277
1101,15.0,5.2758472645487396e-20,1.6442074139912923
1102,53.0,0.2634246135426589,1.9583687512379773
1103,16.0,0.09830311645680735,2.1401190161705017
1104,35.0,0.21012421704956183,1.964193616594587
1105,13.0,0.33649637401951554,2.1639378987825832
1106,12.0,0.0061514945888170355,1.9185441335042317
1107,17.0,7.97952196993942e-17,1.8211081729215735
1108,14.0,0.24612224706535818,2.323084763118199
1109,43.0,0.06849040237848242,2.2317500447118004
1110,20.0,6.96733568600746e-30,1.7386476755142213
1111,12.0,0.2350210079907849,2.789542476336161
1112,20.0,5.394548344653993e-29,1.4245126485824584
1113,16.0,5.3945483446539944e-61,1.8535235822200775
1114,13.0,0.43408640349598754,2.9718277087578406
1115,20.0,0.12258086027461085,2.3722026109695435
1116,22.0,7.623005490532402e-28,1.7547442696311257
1117,52.0,1.0561653711340933e-67,1.8250492902902455
1118,15.0,5.8605913275701135e-28,1.6598087946573894
1119,56.0,0.4496638381618002,2.1404778701918468
1120,27.0,0.07126724155857685,1.8491794091683846
1121,32.0,1.4068691207881867e-25,1.9223445355892181
1122,12.0,2.799236526326537e-17,1.6619511246681213
1123,39.0,2.7992365263265395e-95,1.5674536411578839
1124,119.0,1.0080668366380252e-111,1.636516911642892
1125,22.0,0.015663828930796864,1.9022034948522395
1126,12.0,0.0006665240824716717,1.6168084144592285
1127,24.0,0.47395061846774994,2.164889613787333
1128,17.0,0.526852493594057,2.1998529995188996
1129,10.0,0.04800294510917443,1.5674691677093506
1130,26.0,0.3431093315510809,2.5427258564875674
1131,43.0,1.0858569395833205e-39,1.772262739580731
1132,18.0,1.0858569395833208e-75,1.6224437289767795
1133,13.0,1.3067298814106537e-17,1.6980828138498159
1134,36.0,0.6384485169731775,2.4750015205807157
1135,17.0,0.004526401313593156,1.837869545992683
1136,16.0,0.2603885672620902,2.0084493458271027
1137,35.0,5.228637351562461e-28,1.9194572857448033
1138,26.0,1.0362795985298502e-09,2.0845450988182654
1139,25.0,8.680161419548605e-18,1.923444061279297
1140,37.0,0.7098063952887094,2.4865455240816683
1141,20.0,0.21859800713754934,2.4761783361434935
1142,23.0,0.3444465796987534,1.8754719443943189
1143,25.0,0.10665433573152411,2.3552036094665527
1144,11.0,0.27166153540078053,2.5301683816042813
1145,13.0,1.2175833991789153e-21,1.195679261134221
1146,13.0,0.1772330215724768,2.59880308004526
1147,18.0,8.204740238253558e-30,1.530762129359775
1148,14.0,1.6602725341763784e-14,1.735518285206386
1149,10.0,0.08851795510801373,2.4119435787200927
1150,19.0,2.2255526270210085e-10,1.794202403018349
1151,17.0,2.2255526270210089e-44,1.2623846951652975
1152,11.0,0.2432907094259086,2.4323530847376045
1153,29.0,0.4373007907937274,2.6628213750905005
1154,29.0,0.10439592520810036,2.1449252325913
1155,17.0,0.0504726805092396,2.0197819541482365
1156,46.0,9.102846164759355e-43,1.8706401949343474
1157,20.0,4.058300398375116e-30,1.5391785144805907
1158,13.0,4.0583003983751165e-56,1.3902109953073354
1159,11.0,4.0583003983751175e-78,1.9228079535744407
1160,26.0,1.0845357517173097e-18,1.9644344403193548
1161,11.0,1.0845357517173101e-40,1.1630911827087402
1162,10.0,9.497003498433371e-19,2.001666021347046
1163,27.0,3.623017213294403e-16,1.942757906737151
1164,10.0,3.623017213294404e-36,1.285536813735962
1165,65.0,9.525733235068406e-32,1.971683538877047
1166,40.0,1.5746860489733874e-49,1.9261133909225463
1167,42.0,0.20310292835418545,2.219879070917765
1168,25.0,0.5246747524645408,2.573228569030762
1169,17.0,0.21120760713711265,1.9590158182031967
1170,22.0,0.3598929173712824,2.507813475348733
1171,18.0,4.1924743769262405e-14,1.974661694632636
1172,15.0,4.1924743769262404e-44,1.1563766638437907
1173,20.0,0.1878466686983939,2.282833290100098
1174,16.0,0.2154279539545943,2.1748220324516296
1175,12.0,0.1107674831073647,2.4217633803685508
1176,16.0,9.814012798545348e-18,1.9354818165302277
1177,38.0,0.2649804284036718,2.3686873787327816
1178,53.0,5.7870365592943246e-36,1.9653676051013875
1179,49.0,0.4393344480747896,2.2977069640646177
1180,16.0,0.05794480550016888,2.09904745221138
1181,23.0,2.001225871785134e-20,1.894245375757632
1182,23.0,3.974259481674669e-20,1.9008655133454695
1183,11.0,3.97425948167467e-42,1.6782210089943626
1184,32.0,1.5544649377069485e-23,1.804070845246315
1185,24.0,1.171596000476441e-25,1.6833268602689107
1186,18.0,0.03513169302730937,2.1262378957536487
1187,13.0,1.1703783303486279e-11,1.78473292864286
1188,20.0,6.036446707922564e-18,1.9728788137435913
1189,24.0,0.5675376996345619,2.6625075538953147
1190,12.0,0.24382405240160468,1.8099889357884724
1191,35.0,0.11040625963993068,2.000471496582031
1192,15.0,1.404341155445621e-23,1.6606307824452717
1193,41.0,1.0629170417835027e-19,2.041173830264952
1194,36.0,1.1081427693864691e-15,2.224591122733222
1195,16.0,1.2256820017568686e-26,1.7683204114437103
1196,40.0,0.08703927452873786,2.2877433776855467
1197,29.0,9.636622422716423e-31,1.8178080854744747
1198,26.0,1.5449879952589555e-18,2.068939346533555
1199,19.0,1.544987995258956e-56,1.7472822289717824
1200,27.0,3.91099223690173e-12,2.085284957179317
1201,30.0,0.05198672353110135,2.1075829029083253
1202,16.0,0.1295017832428317,2.3703175485134125
1203,59.0,1.060186766033772e-37,1.9189476886038053
1204,70.0,0.2879346325808428,2.1047409398215158
1205,36.0,2.4946692591020516e-10,2.1759513219197593
1206,39.0,8.614301285651171e-26,1.8639373595897968
1207,18.0,0.35835365375174266,2.4322301281823053
1208,17.0,0.09387770055345578,2.0963267578798184
1209,19.0,0.20243019968803583,2.0804950563531173
1210,11.0,4.668724302620216e-16,1.419161233035001
1211,19.0,1.3948419473881942e-12,2.0479249577773246
1212,11.0,1.5354026478282344e-19,1.7035466107455166
1213,21.0,0.3205148699384561,2.692818073999314
1214,23.0,0.7643954791805352,2.601190981657609
1215,15.0,0.2602005038768006,2.252760728200277
1216,12.0,0.2322744906375452,2.467319130897522
1217,57.0,1.8141416462014365e-30,2.233626390758314
1218,17.0,0.257984379249638,2.1859011369593
1219,18.0,0.9564559648542343,2.9184841050042047
1220,65.0,0.1373999914282716,2.253799526508038
1221,28.0,4.852595762795002e-28,2.1997142689568654
1222,47.0,8.200085713458972e-22,2.0180523091174187
1223,9.0,8.200085713458973e-40,1.5771523581610785
1224,15.0,8.200085713458977e-70,1.7323336283365884
1225,26.0,0.684678544146431,2.7962811359992394
1226,26.0,4.1853668040641476e-20,2.259625581594614
1227,28.0,9.894677673015293e-26,2.1660140241895403
1228,38.0,2.037150714835604e-46,1.971256080426668
1229,11.0,2.037150714835604e-68,1.9091447049921209
1230,21.0,0.05245320567442939,2.0140019825526645
1231,46.0,0.06048118568740477,2.0867368812146396
1232,15.0,8.372335877730309e-20,1.9602844874064127
1233,35.0,5.568882998223702e-18,2.356800617490496
1234,10.0,0.11124079538959515,2.8279034376144407
1235,23.0,7.139644820060822e-16,2.1486892700195312
1236,22.0,1.632975369397825e-08,1.9980678341605447
1237,13.0,1.6329753693978252e-34,1.9334712762099047
1238,18.0,1.6329753693978258e-70,1.687087959713406
1239,28.0,0.14678227147511638,2.2264755283083235
1240,46.0,5.3176344279187564e-30,1.8781793946805208
1241,12.0,5.317634427918757e-54,1.392687241236369
1242,13.0,5.317634427918757e-80,1.7300000924330492
1243,48.0,3.914544574834919e-18,2.056019127368927
1244,18.0,0.11576073975311443,2.2985839313930936
1245,21.0,1.442104622730045e-19,2.1290231432233537
1246,28.0,0.47557858209771303,2.5740491492407664
1247,11.0,8.230612347396244e-12,1.3669695854187012
1248,13.0,0.3995127255900737,2.6272426018348107
1249,19.0,0.4476530895712551,2.7410621643066406
1250,16.0,0.15884087544073502,2.39736208319664
1251,32.0,3.967616146986535e-18,2.30376635491848
1252,10.0,3.967616146986536e-38,1.98983473777771
1253,16.0,5.307793539137677e-32,1.4516519755125046
1254,41.0,5.307793539137678e-114,1.5564609911383651
1255,10.0,5.307793539137678e-134,1.3507467746734618
1256,19.0,0.49417409905530874,2.8386395354019966
1257,13.0,9.97269300770284e-10,1.497558437860929
1258,31.0,3.352325278196191e-18,2.0264976870629097
1259,30.0,4.886567212940483e-22,2.1127477804819743
1260,13.0,1.0126551141215916e-15,1.8151489954728346
1261,20.0,0.17091239213328754,1.8702763795852662
1262,19.0,0.3134709575290561,2.3848962281879627
1263,11.0,1.3988863097290687e-10,1.9386727159673518
1264,20.0,0.2311205115323404,2.176035439968109
1265,19.0,0.06515034009154612,2.197934125599108
1266,19.0,5.982558554574715e-12,1.9943189495488216
1267,20.0,0.1751970561272941,2.3229953765869142
1268,19.0,0.596040390769867,2.6016758366634973
1269,16.0,0.4682473628180227,2.3534216582775116
1270,23.0,0.2117567209524288,2.000845245693041
1271,44.0,1.9091214790727612e-50,1.7450363419272683
1272,68.0,0.1797869644814029,1.9914825663847082
1273,23.0,1.0007338652240298e-39,1.6777595748072085
1274,16.0,0.4980491615101598,2.220792919397354
1275,9.0,0.4149451838095786,2.4424152904086642
1276,21.0,0.8518517320708274,2.8797141029721214
1277,21.0,6.724222062660716e-12,1.8904082888648623
1278,30.0,2.7716454340481696e-31,2.0017470518747964
1279,29.0,1.1695438569359989e-26,2.1598932825285813
1280,13.0,7.30415486049847e-14,2.025197615990272
1281,25.0,7.304154860498474e-64,1.5036846160888673
1282,20.0,1.3282265819007072e-18,1.8618649005889893
1283,8.0,1.3282265819007076e-34,1.7850638628005981
1284,39.0,4.838425528878421e-16,1.9595920733916454
1285,52.0,1.1967889640608876e-17,1.788749676484328
1286,22.0,0.1574567593879869,2.076741261915727
1287,52.0,0.03323810185618475,1.9410833303744977
1288,18.0,2.370879603457776e-24,1.3422621091206868
1289,78.0,2.19154893831444e-86,1.5748800008724897
1290,12.0,0.03357392135259778,1.8756316502888997
1291,18.0,0.48277857971489996,2.1707079675462513
1292,23.0,0.2633261617422804,1.8865506130716074
1293,42.0,1.3161708399202147e-15,1.6115831761133104
1294,12.0,2.002952094306133e-20,1.6636295318603516
1295,21.0,0.2017049899789252,2.3457446552458263
1296,12.0,1.1089542093040871e-11,1.4593480825424194
1297,17.0,2.3476042926436298e-14,2.0750396532170914
1298,13.0,0.19327766219114034,2.0945777159470778
1299,25.0,1.6027934460985336e-09,2.450415554046631
1300,19.0,7.451121392978908e-13,1.9880678277266652
1301,15.0,7.451121392978909e-43,1.3332780838012694
1302,11.0,7.4511213929789095e-65,1.6331191062927246
1303,15.0,0.8340477362164415,3.084093761444092
1304,55.0,2.305067200483245e-08,2.094920877976851
1305,12.0,0.37248500480432495,2.3909621636072793
1306,51.0,2.6726955164689215e-36,2.1081194971121993
1307,15.0,1.3397875283105139e-19,1.85431858698527
1308,23.0,0.20569296278792934,2.1861106831094492
1309,16.0,5.658364319457477e-18,1.7766757011413574
1310,15.0,0.19933122268628575,2.3336739857991535
1311,21.0,4.849324572453937e-08,2.1982018379938033
1312,14.0,2.9155340943226816e-20,1.6240828377859933
1313,18.0,7.498724584665766e-20,1.7881512112087674
1314,37.0,1.6015976629297826e-17,1.8653794623710014
1315,23.0,0.002634774196945584,2.1138731293056323
1316,11.0,0.034916370907035095,1.9917979673905806
1317,19.0,0.23851879341376364,2.1343770529094495
1318,48.0,0.10832879542725876,2.2912966112295785
1319,16.0,4.0589143462093546e-12,1.8186906576156616
1320,12.0,4.0589143462093554e-36,1.8119016488393147
1321,32.0,0.07046925902444359,2.021388456225395
1322,12.0,8.296598782901668e-20,1.6846694946289062
1323,23.0,4.318690292718635e-38,1.6579557398091191
1324,17.0,0.08129534818550856,2.1697650516734406
1325,15.0,1.8284858729821023e-29,1.6754014174143472
1326,27.0,0.147678209738699,1.815464214042381
1327,11.0,0.36163262785529054,2.2118448344143955
1328,25.0,0.02643234345887197,2.0910184955596924
1329,39.0,0.07301222794263923,2.4959680361625476
1330,20.0,7.884938884811752e-16,2.0782883644104
1331,26.0,0.3057638218525234,2.341288713308481
1332,43.0,5.718160232949333e-54,1.8807340666305188
1333,19.0,5.718160232949335e-92,1.746941365693745
1334,11.0,5.7181602329493364e-114,1.360584930940108
1335,30.0,6.596752950264465e-16,1.9109848817189534
1336,16.0,3.8308119215919075e-14,1.7061455845832825
1337,21.0,0.15078287591542183,2.346769537244524
1338,12.0,9.005273273350669e-10,1.7889949878056843
1339,17.0,0.2864576455335758,2.4181048168855557
1340,60.0,3.60471268274973e-32,1.708735426266988
1341,22.0,0.012971044550796769,2.166978272524747
1342,71.0,0.1169843046978527,2.2433917018729197
1343,32.0,0.0920594940023298,1.9967270195484161
1344,12.0,0.12370567478049356,2.185758630434672
1345,14.0,3.9208705719604066e-20,1.6225525992257255
1346,30.0,0.545580879768855,1.8883650143941244
1347,21.0,0.12154646676415912,1.9420719827924455
1348,18.0,0.31506088042740693,2.717024803161621
1349,21.0,0.3611584442400949,2.26179609979902
1350,27.0,4.576078798410757e-26,1.8496682202374493
1351,34.0,0.19544337129991415,1.8560735337874468
1352,15.0,0.09775691259618088,2.0420521100362143
1353,43.0,1.2144624523203669,2.7702512186627057
1354,12.0,0.20609210118213078,1.7576864361763
1355,22.0,1.096660757196505e-15,2.1024037274447354
1356,25.0,0.2220574117939404,1.9194990921020507
1357,12.0,7.312063409516633e-14,1.9063757260640461
1358,15.0,7.312063409516637e-44,1.8082157293955485
1359,29.0,0.08761593126758076,2.127963066101074
1360,17.0,0.14241191299234354,1.7654269723331226
1361,16.0,0.1689322857586077,2.2315674126148224
1362,38.0,9.900738932563157e-06,2.0769698306133875
1363,22.0,8.125048019913923e-26,1.909480875188654
1364,21.0,0.016194220025373678,2.288788046155657
1365,13.0,0.09368005151721927,2.242203272306002
1366,14.0,7.124661826761775e-16,1.73137024470738
1367,20.0,0.3951124850674,2.0989042043685915
1368,33.0,0.005314218881886057,2.0404094060262046
1369,25.0,3.330757712932033e-14,2.008460922241211
1370,18.0,1.4040029105427906e-18,1.9922624958886042
1371,28.0,0.4811794247482821,2.297650728906904
1372,37.0,8.953245798684916e-16,2.2180917069718644
1373,15.0,8.95324579868492e-46,1.3823444366455078
1374,28.0,0.017195258839200027,2.0527100222451344
1375,12.0,1.719525883920003e-26,1.6159184376398723
1376,38.0,3.723933454017065e-76,1.7178827712410374
1377,10.0,6.148530863391311e-10,1.9764544486999511
1378,11.0,0.22248375100572432,2.2240014509721235
1379,33.0,0.26511240464753394,2.528517405192057
1380,13.0,1.43638307042782e-07,2.011136348430927
1381,16.0,0.008212528085720826,2.035605266690254
1382,35.0,8.731967661158834e-13,1.8530218396868026
1383,20.0,6.833825440876221e-12,1.82358238697052
1384,31.0,1.4719308090653162e-38,1.684920072555542
1385,26.0,0.3465980733940091,2.2250601144937368
1386,35.0,4.4293762846475753e-20,1.825083405630929
1387,31.0,1.3602125758707685e-13,1.880825734907581
1388,20.0,1.3602125758707688e-53,1.9297116279602051
1389,38.0,0.43570828176105686,2.0251659092150236
1390,13.0,0.025932407445671046,1.8796012951777532
1391,42.0,1.9857544323503124e-24,2.07388634908767
1392,35.0,1.9857544323503133e-94,1.630425889151437
1393,32.0,6.4615672218702925e-27,1.7303895503282547
1394,16.0,0.15828217905044134,2.5549764931201935
1395,61.0,2.471320516118082e-16,2.426117998654725
1396,13.0,9.338688220387212e-16,1.6053062952481782
1397,36.0,0.1596396307624027,1.9871097008387248
1398,25.0,1.304078946702923e-28,1.4555731201171875
1399,15.0,0.018634524198259013,1.981163247426351
1400,11.0,0.07166808575266978,2.013474637811834
1401,22.0,0.4080960537905243,1.7690168510783801
1402,39.0,0.1137010920748044,2.035635483570588
1403,26.0,0.20480336738778698,1.9493129620185266
1404,43.0,0.05460187391774188,2.1435903615729752
1405,11.0,0.0324824527261022,1.8732905821366743
1406,29.0,9.998734332117947e-17,1.89045708754967
1407,37.0,1.9547458644711527e-36,1.949272465061497
1408,45.0,0.10590474298084172,2.0482372283935546
1409,37.0,0.13427070066238397,2.2385970064111658
1410,17.0,1.7460734458270342e-31,1.5893612749436323
1411,63.0,4.3254403489042086e-104,1.4822262506636361
1412,19.0,0.6166342835811165,2.536428827988474
1413,9.0,0.03758304110230363,1.5927686161465116
1414,38.0,1.2987413854929339e-30,1.7782704579202753
1415,11.0,0.42258845928271566,2.4140841310674492
1416,50.0,6.735969766468792e-31,2.0034379863739016
1417,11.0,0.0010427074534615475,1.9300412698225542
1418,26.0,2.9795904672312765e-10,2.0113290456625132
1419,12.0,0.19881688794033092,2.1832831303278604
1420,18.0,0.032631559873362935,1.6870329115125868
1421,22.0,1.2186010631868675e-36,1.528142972425981
1422,15.0,8.931292516748448e-12,1.9473551591237386
1423,15.0,0.4064415875209425,2.05823122660319
1424,13.0,0.37121931392969965,1.9380074647756724
1425,16.0,0.06467015092829875,1.8364115357398987
1426,16.0,0.461178312586409,1.9602886736392975
1427,12.0,0.2569762599968732,2.017674287160238
1428,27.0,0.4615040070977317,2.3403262738828308
1429,51.0,5.562993533043523e-16,2.110023573333142
1430,13.0,1.184532170440109e-19,1.6387814925267146
1431,15.0,1.2369106501188702e-11,1.8433411757151286
1432,17.0,0.19692034886053109,2.309564197764677
1433,18.0,0.09965949778339354,2.3118299643198648
1434,14.0,0.3241384625997323,1.9798361914498466
1435,31.0,3.5328110014426135e-06,2.051105929959205
1436,14.0,0.20792648710279818,2.012470637048994
1437,13.0,0.1784073808428652,2.021958827972412
1438,10.0,1.4968603315390333e-17,1.4793386459350586
1439,15.0,0.06476777505145707,2.2586713790893556
1440,17.0,2.6568019965249176e-16,1.6847058184006636
1441,22.0,4.0010866301301843e-16,2.063499537381259
1442,16.0,0.18787870070751514,2.0843904614448547
1443,11.0,0.24137146984482702,2.168958230452104
1444,44.0,1.452214742308107e-10,2.1153216741301795
1445,24.0,0.313113233269969,2.0968735218048096
1446,19.0,1.4300361848355643e-15,1.9336946638006913
1447,16.0,5.154081615147132e-13,1.8690316379070282
1448,19.0,0.4041895201827946,2.4487505210073373
1449,16.0,0.14897831075403284,2.3154475390911102
1450,46.0,6.163557253472901e-09,2.3834766356841377
1451,20.0,0.0792361597217088,2.1524747371673585
1452,14.0,0.15724266092712438,2.097651175090245
1453,23.0,0.19527590094691907,2.2759394438370415
1454,30.0,2.739269133933588e-38,1.9581891218821208
1455,20.0,2.739269133933589e-78,1.3576864004135132
1456,33.0,4.191116982901277e-58,1.5338980356852214
1457,17.0,1.0731695328717909e-09,1.998727090218488
1458,36.0,1.0731695328717915e-81,1.5606094731224909
1459,15.0,1.319369146403873e-29,1.7758655230204263
1460,12.0,0.4711941738454211,2.457067688306173
1461,11.0,0.5677797781356836,2.6773933497342197
1462,26.0,0.2967074452817056,2.123407107133132
1463,38.0,4.512710022903133e-13,1.8034266170702482
1464,10.0,0.0024026643546304623,2.262804937362671
1465,25.0,1.479364317384454e-10,1.8072659301757812
1466,32.0,1.6156192623039373e-22,1.7464374154806137
1467,44.0,0.18523086831646965,1.9784208319403909
1468,18.0,0.02940201415305114,1.7377079327901204
1469,11.0,0.2511972372649404,2.2403740882873535
1470,29.0,0.5811276325085979,2.317578858342664
1471,33.0,4.9367410654074755e-24,1.795679338050611
1472,27.0,1.5048097678814336e-35,1.9411000145806208
1473,33.0,0.27505956421592304,2.3854211099220044
1474,15.0,4.604042361336139e-18,1.505140479405721
1475,28.0,1.9395131566225e-20,1.8496449163981847
1476,19.0,1.9395131566225005e-58,1.5281149713616622
1477,43.0,0.08172066576388487,1.9481309680051582
1478,23.0,0.11949272883644096,2.1616760336834453
1479,25.0,1.9241046541735714e-14,2.0043441963195803
1480,10.0,6.935874780441637e-20,1.7215160846710205
1481,35.0,0.41633410706799145,2.3123397963387626
1482,12.0,0.22065510341074926,2.144871791203817
1483,27.0,2.361155583713366e-24,1.7916765654528584
1484,22.0,2.3611555837133663e-68,1.7806583751331677
1485,17.0,0.0833984174681139,2.169051871580236
1486,30.0,0.5834965124837174,2.2981971740722655
1487,11.0,5.069209638061062e-18,1.0100943391973323
1488,23.0,0.09852608791564382,2.003876271455184
1489,14.0,3.2951334547617095e-12,1.6985646997179304
1490,31.0,0.0005644704148524617,1.880845723613616
1491,19.0,3.610828265948937e-24,1.7394303397128457
1492,19.0,6.316596715281855e-21,1.9155071660092002
1493,12.0,1.4514829846551142e-20,1.5690424640973408
1494,13.0,0.10502359857318787,2.3104784672076883
1495,23.0,6.101265261253672e-18,1.8089031965836235
1496,15.0,6.101265261253674e-48,1.4655805587768556
1497,13.0,6.101265261253675e-74,1.0367993941673865
1498,66.0,0.14842061101283405,2.2035849383383086
1499,12.0,0.22980948603090573,2.015488783518473
1500,19.0,7.667972714826791e-12,2.1093594525989734
1501,11.0,0.37380225167708275,2.345803369175304
1502,12.0,0.8133675962015935,2.771267851193746
1503,23.0,0.052458248861802954,1.850494384765625
1504,13.0,6.806515345107976e-16,1.8355224682734563
1505,25.0,0.05067145832932593,2.099547348022461
1506,13.0,2.412977069045134e-14,1.8439902525681715
1507,16.0,1.1405291744270682e-14,1.6753113269805908
1508,11.0,1.1405291744270686e-36,1.4158738743175159
1509,27.0,0.181849371543392,1.9990920137476038
1510,17.0,0.5146763989536969,2.3019278189715218
1511,10.0,0.07690338010946002,1.7483913898468018
1512,34.0,4.015390028216433e-24,2.097046403323903
1513,45.0,0.3110519757754916,2.354679075876872
1514,17.0,0.16154462976513273,1.939501033109777
1515,13.0,3.1440166675746395e-22,1.545387836603018
1516,13.0,0.11476168031070925,2.6474621846125674
1517,17.0,1.1476168031070926e-35,1.5978114464703728
1518,22.0,0.18002509387264481,2.0703068646517666
1519,12.0,0.1730867419199857,2.2057317892710366
1520,11.0,0.08196769414000143,2.0073695182800293
1521,21.0,1.0898405066221317e-13,2.09871176310948
1522,19.0,0.3181188331966275,1.7964521207307513
1523,23.0,0.3467571636546285,2.162899618563445
1524,67.0,2.4080909045495206e-34,1.7411289784445692
1525,19.0,2.408090904549521e-72,1.5825037203337018
1526,32.0,1.492246128357925e-14,2.1839559227228165
1527,35.0,1.4112828566654435e-37,1.7756862912859235
1528,17.0,3.389889615539872e-24,1.666319678811466
1529,12.0,0.41352115614333,2.049042264620463
1530,10.0,0.6446313524548462,2.458802843093872
1531,20.0,0.6038921382560869,2.5791321277618406
1532,9.0,0.2500746429928223,2.013679928249783
1533,20.0,1.5042517820403595e-13,1.7610318660736084
1534,13.0,1.071361910785806e-15,1.9482557956988995
1535,17.0,1.0713619107858063e-49,1.787434325498693
1536,15.0,0.25779490888191353,1.9807107289632162
1537,36.0,0.34897132708696654,2.2244746022754245
1538,52.0,0.2870803641940851,2.0453501756374655
1539,17.0,0.02089524133739305,2.0349814190584072
1540,15.0,0.2345606825470559,2.8343069394429525
1541,37.0,9.387516131850853e-18,2.1517571371954842
1542,10.0,0.10608824576538904,2.268927526473999
1543,30.0,0.03178856657235469,2.272206449508667
1544,63.0,0.5719980586222777,2.2341882690550787
1545,21.0,0.5162439551981987,2.5420202754792713
1546,33.0,1.3600853233874434e-59,1.7324549646088572
1547,12.0,0.36421181982484185,2.335991462071737
1548,13.0,0.6537724551160964,2.7858385672936072
1549,23.0,1.0536078511203398e-15,2.0471128380816914
1550,22.0,0.33452138791663366,2.4701695875688032
1551,19.0,2.864527931506566e-24,1.844451527846487
1552,27.0,0.3494992793725448,2.4192612259476274
1553,10.0,0.4545448359892367,2.794995594024658
1554,13.0,0.2645791489866828,2.4659790625939
1555,29.0,0.4090758941673225,2.868484086003797
1556,14.0,0.25562139151714164,2.4763732637677873
1557,36.0,5.097196033822154e-12,2.2372741765446134
1558,42.0,0.3476185776093387,2.1707672391619
1559,21.0,7.364073492424151e-30,1.7909708477201915
1560,19.0,6.599889367052942e-06,2.4415609962061833
1561,10.0,0.17458850997059233,2.4512566328048706
1562,17.0,0.12787154820323163,2.2385637900408577
1563,12.0,0.27358276671916454,2.3265140056610107
1564,48.0,2.576186683419085e-16,2.3992462754249573
1565,26.0,1.1637017126890407e-15,2.093053707709679
1566,13.0,9.240924546835041e-08,2.1579839816460242
1567,30.0,1.8334086627398427e-15,2.3787875334421793
1568,32.0,1.8334086627398432e-79,1.904376208782196
1569,17.0,3.199582822369776e-32,1.4312471081228817
1570,32.0,4.73399778764029e-52,1.9023717939853668
1571,30.0,0.7019547339967055,2.716976690292358
1572,13.0,0.35776652819772836,2.332545904012827
1573,13.0,0.4555248303085929,2.9033340307382436
1574,27.0,2.465086558935901e-42,1.595554369467276
1575,15.0,0.08516081019511619,2.348600323994954
1576,19.0,7.5223010665112e-16,2.0288112038060238
1577,16.0,0.06267933872099485,2.138485476374626
1578,10.0,6.267933872099485e-22,1.8388981342315673
1579,40.0,0.21297961442651742,2.0767187595367433
1580,38.0,1.9639142597475285e-68,1.4354156945881091
1581,27.0,0.03312738144685609,2.277339776357015
1582,25.0,4.097451039363826e-30,1.5691919326782227
1583,42.0,0.48245160480207583,2.2076377073923745
1584,13.0,0.2481096389267676,1.9932586596562312
1585,15.0,0.8844372972628805,3.057497564951579
1586,25.0,0.04846371974795378,2.1407307052612303
1587,21.0,0.585970885308645,2.394878614516485
1588,19.0,0.5377169642981865,2.3933574023999666
1589,13.0,4.101770513385406e-08,1.969729551902184
1590,37.0,8.406357259793857e-44,2.034608557417586
1591,34.0,0.11084006194422119,1.911184409085442
1592,62.0,1.1840606533206868e-23,1.6943467201725129
1593,12.0,0.24875433475370262,2.075709025065104
1594,15.0,0.42650032175094726,2.3824296315511067
1595,45.0,0.3329026023367108,1.951126554277208
1596,15.0,0.06580142807556161,1.8579371134440104
1597,27.0,0.44433724063191576,2.31013912624783
1598,24.0,1.6763795826345535e-08,2.3047351837158203
1599,28.0,7.73052911067182e-30,1.9880222082138062
1600,19.0,0.09650466125282134,1.8941837862918252
1601,20.0,0.4427796004411728,2.587489914894104
1602,28.0,0.6805488341383487,2.483528103147234
1603,18.0,0.648451513797469,2.3438618977864585
1604,36.0,3.648704610831653e-30,1.9248456027772691
1605,56.0,1.013249378008107e-55,2.281513214111328
1606,26.0,0.288861455542186,2.0953227006472073
1607,23.0,0.028855959753554143,1.9925338703653086
1608,38.0,0.15641478479292537,2.1764969449294242
1609,28.0,0.4196987091815416,1.8677456889833723
1610,39.0,4.055342773444224e-60,1.7360880925105169
1611,31.0,4.372625394976395e-26,1.8168427405818817
1612,11.0,0.22143119545835985,2.0732160048051314
1613,27.0,0.5513261179159129,2.6798570774219654
1614,19.0,0.0638124816342265,2.26828858726903
1615,24.0,0.12677719405968915,2.09149964650472
1616,15.0,2.1384432185502737e-08,2.08060671488444
1617,27.0,7.129784166666745e-08,2.418318024388066
1618,13.0,0.6314164616667475,2.559948371006892
1619,14.0,0.2397866485639612,2.091476712908064
1620,17.0,0.030077485181402734,1.8668777241426355
1621,18.0,9.065783673622434e-14,2.1475813918643527
1622,10.0,3.178964465504809e-08,1.9733675241470336
1623,15.0,7.1013841190785615e-12,1.8623009363810221
1624,12.0,0.0692790858594528,2.154469052950541
1625,19.0,6.927908585945285e-40,1.4950791158174213
1626,36.0,0.16599797622686627,2.539213650756412
1627,37.0,0.23661234793911815,2.327927035254401
1628,13.0,0.0010288392888990793,1.8283167618971605
1629,38.0,0.31701089425517115,2.209872935947619
1630,52.0,4.244307543692894e-10,2.039262537772839
1631,26.0,0.22367073706863724,2.667943936127883
1632,17.0,0.15268410223188714,2.236528340507956
1633,14.0,0.41381956672997194,2.6866295678274974
1634,33.0,5.3625965349679995e-46,1.6732182213754365
1635,37.0,0.11482638102396199,1.8221835832338076
1636,67.0,5.919161086138864e-12,2.0011599668815956
1637,53.0,0.25477806477118975,2.3092198551825756
1638,84.0,3.489421937651289e-36,2.0482321977615356
1639,14.0,3.489421937651289e-64,1.5824365956442696
1640,22.0,0.2741428160499091,2.8094904097643765
1641,15.0,1.1402270092868558e-20,1.7161832650502522
1642,20.0,0.14898392734600255,2.195641565322876
1643,13.0,0.004729362277469269,1.790012029501108
1644,32.0,9.229625714004497e-06,1.88035199791193
1645,29.0,0.09091387239791653,2.285435709460028
1646,39.0,0.06499544189723275,2.1606291135152182
1647,40.0,7.964344929039763e-60,1.66550315618515
1648,51.0,0.9691834141824804,2.2257557476268097
1649,14.0,0.2882129207893227,1.9670566490718298
1650,10.0,0.46087508366057733,2.325003147125244
1651,14.0,0.1487776659349236,2.087082420076643
1652,22.0,6.7319233466839535e-28,1.7508396235379307
1653,22.0,6.731923346683958e-72,1.5908850756558506
1654,15.0,6.731923346683961e-102,1.3579100926717123
1655,16.0,0.03276977511171656,2.136689469218254
1656,26.0,8.967764699476319e-13,2.14543447127709
1657,21.0,6.12169938853028e-12,1.9929774148123605
1658,14.0,6.121699388530282e-40,1.5425941262926375
1659,13.0,6.121699388530282e-66,2.023612242478591
1660,28.0,6.121699388530287e-122,1.6970270872116089
1661,20.0,0.7295970501143292,2.479251754283905
1662,23.0,0.6483319156390626,2.545547091442606
1663,16.0,0.14892212228263021,2.0809937119483948
1664,26.0,0.1464448921304486,1.8253644979917085
1665,12.0,7.277426888795507e-10,1.8518166144688923
1666,10.0,7.277426888795507e-30,1.1079027652740479
1667,47.0,0.42955047571496413,2.2753152948744755
1668,22.0,2.0202879552898162e-08,1.8813693740151145
1669,26.0,0.12089705375460336,1.9229161555950458
1670,18.0,6.3700766820093054e-15,2.0424434343973794
1671,21.0,6.370076682009308e-57,1.6721031325204032
1672,23.0,0.017019384738143274,2.371774321017058
1673,25.0,0.13991054576486425,1.8539988327026367
1674,33.0,0.15660575579323996,2.2312244212988652
1675,55.0,0.1665206051737394,1.82439096624201
1676,16.0,0.5473205552765154,2.224242329597473
1677,12.0,2.810068482874585e-10,1.530976374944051
1678,18.0,3.352007098763378e-14,2.1964812013838024
1679,12.0,3.3520070987633794e-38,1.6164454221725464
1680,19.0,3.352007098763382e-76,1.6883489458184493
1681,12.0,1.7390027072930106e-13,1.7600964109102886
1682,41.0,0.13503528425824657,2.1229435350836776
1683,21.0,0.0032340557647776423,2.082465444292341
1684,21.0,3.234055764777644e-45,1.3478130613054549
1685,33.0,0.459635128490104,1.9455918687762637
1686,19.0,0.23957018748678513,2.5038149984259355
1687,15.0,0.11460509397696293,1.8022504488627116
1688,17.0,0.19091288121264188,2.043893954333137
1689,63.0,0.5549856875402951,2.0045269481719488
1690,10.0,0.3328467209775585,2.1277894496917726
1691,45.0,0.4730528341036807,2.373565737406413
1692,14.0,4.367069121013391e-22,1.044982488666262
1693,26.0,0.06799555614938939,2.015591419660128
1694,31.0,0.7806888364086753,2.2717105188677387
1695,14.0,0.6147070333356718,2.6239884240286693
1696,13.0,0.1533234050834191,2.224026313194862
1697,28.0,2.610917166275108e-16,1.707464677946908
1698,11.0,1.5265937887502792e-18,1.8357578841122715
1699,13.0,0.0897281473118987,2.14782845056974
1700,23.0,0.5256063100087089,2.579486722531526
1701,15.0,0.6700053125427549,2.5557186126708986
1702,18.0,0.06253003701632176,1.9709586832258437
1703,18.0,0.026067971898196863,2.4217558569378324
1704,47.0,6.916372163427614e-15,1.9267123202060132
1705,33.0,0.7747063541484006,2.3191441333655156
1706,22.0,3.9119268710531304e-10,1.9453653639013118
1707,60.0,1.8192017814795525e-48,1.6951366901397704
1708,88.0,1.9591054465893509e-44,1.9182440746914258
1709,14.0,1.9591054465893519e-72,1.4724712712424142
1710,40.0,9.145754791970104e-15,2.2177966594696046
1711,10.0,0.5150636439544556,2.7859784603118896
1712,13.0,0.09303734308575341,1.7901007945720966
1713,42.0,1.2714885511133032e-15,2.0973362241472517
1714,20.0,1.046043964986023e-27,1.4288386106491089
1715,19.0,0.19664552422856343,2.3618612038461784
1716,15.0,0.19473893821295177,2.234192212422689
1717,12.0,0.8384116858170695,2.388831377029419
1718,32.0,0.1914823732383391,1.8204089552164078
1719,18.0,0.43415261358143153,2.1813866562313504
1720,24.0,5.895174404654442e-20,1.7692148288091023
1721,19.0,5.895174404654447e-58,1.4885376629076505
1722,26.0,7.400446688614719e-06,2.3581594137045054
1723,33.0,0.49213729395651995,2.167792392499519
1724,19.0,9.308043146357082e-16,1.7826755674261796
1725,63.0,1.1794551008199792e-35,2.0403297439454096
1726,14.0,0.21875465649070217,2.1529859134129117
1727,9.0,0.6752829549328448,2.766224225362142
1728,11.0,0.3715847413157586,2.164222847331654
1729,23.0,1.2614751725831448e-22,1.6904336058575173
1730,19.0,0.4959590300760229,2.5887273487291838
1731,16.0,0.17209553573760739,2.2886889278888702
1732,23.0,0.5597002743581762,2.690308259881061
1733,19.0,8.517304402931092e-30,1.4936794732746326
1734,12.0,1.0177554011362466e-14,2.1739815870920816
1735,11.0,1.0177554011362468e-36,1.5559360114010898
1736,37.0,0.13863176233562122,2.433902250753867
1737,26.0,0.1495768021033213,2.03055045237908
1738,16.0,4.6213593364588185e-06,2.101479947566986
1739,14.0,0.38611303201980274,2.61844539642334
1740,29.0,0.08924758294121292,1.6320185168036099
1741,10.0,0.322883622164592,2.2224746704101563
1742,25.0,0.15088003476559697,2.3974823188781738
1743,56.0,0.2851463657819279,1.915915208203452
1744,9.0,0.21109551783725283,1.9853399594624836
1745,16.0,0.5167097322060028,2.72968652844429
1746,13.0,1.4490271673967005e-07,1.8629877017094538
1747,11.0,0.019137535886805026,2.1367154121398926
1748,21.0,4.9793590967849033e-42,1.4811389105660575
1749,13.0,0.1046976081198444,2.201292478121244
1750,13.0,1.0469760811984442e-27,1.2288537392249475
1751,22.0,0.7499921886255444,2.1882467053153296
1752,31.0,0.24678393060803705,2.1629836328567995
1753,11.0,1.4564081539194348e-17,1.2943300333890049
1754,43.0,9.318188163104523e-62,1.6804210973340412
1755,25.0,0.06384837614718271,1.9240868759155274
1756,35.0,1.7424772369560547e-29,1.6573048795972551
1757,17.0,0.3085984645726635,2.18385716045604
1758,13.0,0.5917977408909765,2.4998879432678223
1759,14.0,0.3872374750271707,1.9676802839551653
1760,18.0,3.2184234432436274e-06,1.9484502342012193
1761,13.0,1.5431734128545348e-15,1.953373303780189
1762,22.0,0.347897312080968,2.131138324737549
1763,10.0,0.16655273046380661,1.8466235637664794
1764,11.0,0.48009665874510316,2.4714724800803443
1765,28.0,0.5647644266903562,2.1987095900944302
1766,12.0,0.08618818087538839,2.046388626098633
1767,62.0,0.042009293622609696,2.009756188238821
1768,12.0,0.2749969684737629,2.25083065032959
1769,14.0,0.026216469187322053,1.9548006398337228
1770,12.0,1.104211993986451e-21,1.6845107078552246
1771,30.0,1.1042119939864513e-81,1.4607510010401408
1772,13.0,0.29129992756517925,2.688299509195181
1773,12.0,2.2179531461993556e-12,1.5316433906555176
1774,9.0,0.3519903939009335,2.610303454928928
1775,27.0,1.285210113172218e-27,1.8367948708710846
1776,29.0,3.551883145713964e-22,1.6913186352828453
1777,25.0,0.19476505587429016,2.343394374847412
1778,19.0,1.5203609008601183e-15,1.8949233105308132
1779,22.0,0.7220230996547015,2.4002900340340356
1780,37.0,2.5555289067292562e-26,1.73100386439143
1781,44.0,0.5729943705194447,2.218091054396196
1782,23.0,1.0219322827913068e-33,1.4988634897314983
1783,54.0,1.003805182577258e-21,1.961888798960933
1784,26.0,0.08131765620017568,1.6538031651423528
1785,13.0,8.131765620017567e-28,1.2358411642221303
1786,15.0,0.22206984385541056,2.0914843559265135
1787,15.0,7.012446859053056e-30,1.540830930074056
1788,16.0,0.469826925381477,2.2109217941761017
1789,18.0,0.5497600140832554,2.4797777599758573
1790,26.0,0.5490798443634484,2.225808308674739
1791,59.0,4.718267725367671e-18,2.0937425969010692
1792,19.0,0.09401041391463232,2.002970820979068
1793,14.0,0.30860348932233744,2.0543973786490306
1794,31.0,0.10543738990460795,2.3376308256579983
1795,13.0,0.3911505001896375,2.4830434138958273
1796,30.0,0.29230733685122895,2.0146933078765867
1797,12.0,0.3540405580709158,2.0716455380121865
1798,10.0,0.5344659501118926,2.8638997077941895
1799,19.0,0.043469925501832374,1.7475257672761615
1800,20.0,1.0674673350971344e-33,1.842145824432373
1801,21.0,0.7672400783616204,2.357118084317162
1802,22.0,1.7871928177447966e-08,1.8160885789177634
1803,13.0,0.07368958825124029,1.9922928443321815
1804,15.0,7.368958825124031e-32,1.2739046414693196
1805,14.0,7.368958825124032e-60,1.3871165343693324
1806,26.0,7.368958825124039e-112,1.6897673790271466
1807,45.0,0.028835634427777566,2.1628222518497044
1808,67.0,0.22340515093464564,2.300036266668519
1809,22.0,0.07790224028835195,2.2364237200130117
1810,33.0,4.6949877742758645e-20,1.8736453634319883
1811,36.0,0.2623141112990076,2.048980805608961
1812,12.0,0.43060391947355214,2.4506611227989197
1813,35.0,5.082165923021007e-15,2.0331177847726005
1814,10.0,5.082165923021008e-35,1.484086799621582
1815,31.0,0.15893525466089406,2.446291346703806
1816,15.0,0.2621459588720827,2.4305136760075885
1817,49.0,0.06686326257173483,2.101361255256497
1818,20.0,0.2904438411734273,2.123794102668762
1819,46.0,0.12966140474719465,1.8795584595721702
1820,25.0,5.13221389641744e-44,1.57533616065979
1821,11.0,0.19659204901467342,2.195241104472767
1822,37.0,6.985523079805853e-06,1.7798886879070386
1823,20.0,0.14871134427389568,2.007139277458191
1824,51.0,0.6901441587725057,2.216422828973508
1825,21.0,4.149541707388632e-20,1.5789319447108678
1826,101.0,3.106408754120448e-48,1.8077752212486644
1827,81.0,0.14652044872203365,2.0243506843661083
1828,22.0,9.68538721246004e-25,1.7041481624950061
1829,50.0,7.962002342778889e-16,2.0383602237701415
1830,36.0,0.45682747412923524,1.899077640639411
1831,58.0,1.4919241100021331e-26,1.8193650903372929
1832,22.0,2.2096022252834442e-18,1.9416546821594238
1833,34.0,3.7332066118410444e-26,1.7127815835616167
1834,27.0,0.19667630406288222,2.0703648637842247
1835,13.0,7.814208919307459e-16,1.4759420614976149
1836,9.0,7.814208919307461e-34,1.7722416188981798
1837,33.0,0.27811535174151686,2.033485239202326
1838,55.0,0.3010004314551362,2.066766678203236
1839,21.0,0.6959304220436849,3.07204262415568
1840,16.0,2.4484752084996947e-20,1.5981325209140778
1841,11.0,2.448475208499695e-42,1.4078092575073242
1842,45.0,0.1779883727779417,1.7508461210462782
1843,13.0,0.08336341224913403,1.6924901008605957
1844,12.0,0.19838270057508559,2.0065304040908813
1845,23.0,0.22410589010699836,2.069103075110394
1846,33.0,0.5056812582154006,2.1748500592780835
1847,12.0,0.40660504570204037,2.2235751946767173
1848,41.0,8.854697266673573e-18,1.9070419392934659
1849,32.0,0.30034934290124204,2.190770298242569
1850,34.0,0.22826243942075972,2.0140918142655315
1851,13.0,0.31920694035675173,2.016610549046443
1852,19.0,0.6991053530338158,2.427988102561549
1853,15.0,0.6025608037551707,2.3961613019307455
1854,29.0,0.39196850020130053,2.474649865051796
1855,18.0,0.17387880194450994,2.4891619417402477
1856,21.0,2.589571196760324e-30,1.5608720098223006
1857,48.0,1.2260499469853962e-57,1.8493566115697224
1858,11.0,0.4692053313345416,2.852389855818315
1859,18.0,0.21512054106431638,2.0087113910251193
1860,11.0,0.6144044719129795,2.6830730004744097
1861,24.0,0.07925922417803512,2.0369076828161874
1862,38.0,2.9836404844744024e-42,1.8617567953310514
1863,23.0,0.0099896405010861,1.6794077002483865
1864,19.0,0.5626551262447519,2.337685911278976
1865,27.0,0.09661735181332685,1.8757067256503634
1866,20.0,9.661735181332689e-42,1.4467645168304444
1867,28.0,0.23176167709773568,1.9271650654929025
1868,10.0,7.584899259616902e-10,1.7724717140197754
1869,25.0,1.6445651099248808e-46,1.4161476325988769
1870,68.0,0.1384252702020147,1.8566966758054846
1871,11.0,0.1825114941505757,2.119840968738903
1872,28.0,1.5058777094351145e-13,1.909295882497515
1873,21.0,0.003797248108985871,1.8491462298801966
1874,27.0,5.339518599527429e-05,2.6149201304824263
1875,13.0,5.3395185995274325e-31,1.7309428361745982
1876,15.0,5.339518599527434e-61,1.6039859135945638
1877,26.0,0.678642846765048,2.79502901664147
1878,47.0,0.11602128738983042,1.9410098968668188
1879,76.0,5.996829173476732e-23,1.8080897393979525
1880,52.0,0.4049020410972526,2.29341419843527
1881,9.0,4.623317702164748e-08,1.4433403544955783
1882,42.0,0.8092963610988048,2.527189572652181
1883,25.0,0.13743982293091717,1.8596117782592774
1884,37.0,0.03822732264876006,1.7699315612380568
1885,14.0,0.21911371894434462,1.9051519802638464
1886,17.0,0.7915157966514397,2.8268602876102222
1887,26.0,9.65410774903708e-25,1.7672947920285738
1888,20.0,1.833289003643268e-23,1.891385281085968
1889,11.0,8.903684507365913e-20,1.9227093783291904
1890,13.0,8.238132208057623e-13,1.8724109209500825
1891,14.0,8.238132208057626e-41,1.6990193298884801
1892,18.0,1.2427714389418446e-08,2.3500855233934193
1893,12.0,0.5250086870854787,2.4627970854441323
1894,17.0,0.4913606778567096,2.75357125787174
1895,79.0,0.12779568612842507,2.0287992984433716
1896,35.0,0.10574160371515295,1.8825517995016916
1897,14.0,7.323274458655102e-25,1.7981648445129395
1898,14.0,4.0201195196018425e-16,1.721979788371495
1899,15.0,4.020119519601844e-46,1.551872762044271
1900,31.0,0.016852406501672027,1.8870233874167166
1901,45.0,0.15570890860376585,1.8419112629360623
1902,19.0,0.1777136602920003,1.8648327275326377
1903,45.0,0.5804119074739073,2.0432701534695097
1904,25.0,0.17204879116088911,1.94484561920166
1905,36.0,0.6097762573102771,1.9485625293519762
1906,41.0,1.8952009391211152e-50,1.7745689647953684
1907,21.0,0.13513478197050408,1.9696214766729445
1908,10.0,0.07837833910306952,1.7880393981933593
1909,11.0,0.26948458646465,2.178781422701749
1910,27.0,0.5028241701234097,1.9333251317342122
1911,21.0,6.8014887251464325e-22,1.7442106065295993
1912,13.0,0.29930266484118395,2.194375514984131
1913,13.0,0.11025141294606007,1.912463591648982
1914,26.0,0.0841861099839028,1.9465932846069336
1915,12.0,0.13655808816389264,2.221688667933146
1916,36.0,0.23118695746194481,1.776442633734809
1917,13.0,2.0700818985016777e-12,1.7476423703707182
1918,57.0,0.01053751304889693,2.158002811565734
1919,17.0,7.801853847058583e-10,2.225234031677246
1920,48.0,0.02025036874548795,2.098285883665085
1921,19.0,0.7583224443489432,2.5995476120396663
1922,23.0,0.03566486937029984,1.7007826307545537
1923,14.0,0.30773172920667946,2.198241574423654
1924,20.0,6.070603743226721e-23,1.81359806060791
1925,29.0,0.06992123737972027,1.9288310840212066
1926,34.0,0.27479203737011587,2.235427870469935
1927,17.0,0.38607955671383126,1.8968492956722485
1928,19.0,0.08957774493234709,2.1665447636654505
1929,43.0,0.49693366476479595,1.9376295888146688
1930,17.0,0.7515169680858211,2.291419169482063
1931,14.0,0.5610135607696823,2.621248688016619
1932,19.0,0.12503870487507615,1.9188993855526573
1933,19.0,0.2203965902552765,1.9921224242762516
1934,26.0,0.34373807981047727,2.1493214460519643
1935,18.0,1.6052596725805456e-14,1.8389838139216106
1936,13.0,0.1147073799074664,2.1774400747739353
1937,29.0,1.2877948619077788e-18,1.903139854299611
1938,20.0,0.14715540166989347,1.9963433265686035
1939,30.0,7.791012472810013e-16,1.9089199622472128
1940,18.0,1.305890984395374e-05,2.0672801203197904
1941,21.0,0.28740162447626655,2.1235919906979515
1942,13.0,0.9922656184051172,3.224472926213191
1943,36.0,1.7407335769516675e-14,1.9844511217541165
1944,11.0,0.0888435971992364,2.519800446250222
1945,20.0,4.306347154300325e-30,1.601275336742401
1946,20.0,3.744503777909124e-34,1.850743329524994
1947,26.0,0.46924680035361716,1.9372689907367413
1948,21.0,0.1363733942877625,1.9400064377557664
1949,14.0,2.9449630177141285e-14,1.8713891846793038
1950,15.0,0.754279943908581,2.6832863807678224
1951,11.0,0.09855601451913985,1.7165618376298384
1952,24.0,8.023519686327666e-24,1.7051704327265422
1953,33.0,0.10505259264799846,2.262384140130245
1954,11.0,3.738947941600112e-14,1.6617927984757856
1955,14.0,0.12289602701419464,2.188346658434187
1956,17.0,0.08997384564128107,2.060110428754021
1957,23.0,0.3175581057715816,2.1321547446043594
1958,24.0,8.886025229823293e-20,1.6811342239379883
1959,21.0,1.2992691376367986e-19,1.983568554832822
1960,20.0,0.019907096386745503,1.9128488540649413
1961,14.0,1.9907096386745507e-30,1.4901541471481323
1962,19.0,0.24730798527676165,2.087242502915232
1963,11.0,0.22443347488196677,2.6900069171732124
1964,20.0,0.19368290440510136,2.0564010381698608
1965,72.0,0.017284079219334572,1.8836045000288222
1966,14.0,0.07232423489763666,2.4267563990184238
1967,29.0,0.35709361628099295,2.4831165116408775
1968,56.0,7.099505009679103e-06,1.798033846276147
1969,52.0,0.41391988113266304,1.9641002324911265
1970,13.0,0.5427045670590164,2.2662402666532078
1971,38.0,0.4415655139236758,2.1466065707959627
1972,20.0,0.32004745632120646,2.216442179679871
1973,10.0,8.097908111770222e-14,1.2674306392669679
1974,10.0,0.36954087533409774,2.680546283721924
1975,14.0,0.37844324746945,2.4263553959982738
1976,17.0,0.500542359645024,2.3423788407269646
1977,29.0,0.016063424213987196,1.8607266195889176
1978,19.0,7.2611868503742486e-34,1.7400685235073692
1979,31.0,7.261186850374251e-96,1.3653974686899493
1980,20.0,0.11827737692490863,2.072012209892273
1981,10.0,1.732656698732579e-19,1.5436994075775146
1982,17.0,0.22685046081127,1.9864759725682877
1983,31.0,7.747058636049831e-11,1.7645378574248283
1984,17.0,7.747058636049833e-45,1.4558780894559973
1985,19.0,0.020105511084423492,2.1067263076179907
1986,21.0,0.8697990459651316,2.5387469700404575
1987,10.0,0.3355333569611154,1.9892304420471192
1988,16.0,0.030714940902614077,1.6527131795883179
1989,48.0,1.0789539107737333e-32,1.7803186277548473
1990,41.0,0.45305443082058056,2.002840065374607
1991,48.0,0.20225410182720346,2.1257046659787497
1992,20.0,0.19314918047590734,1.8141506910324097
1993,24.0,0.1796086599869541,2.055155118306478
1994,16.0,0.26349255003703953,1.8984176516532898
1995,33.0,0.16344573595590403,2.038950891205759
1996,28.0,0.29424407288292637,1.9853692054748535
1997,28.0,0.442369846372301,2.1804693596703664
1998,39.0,0.28521405704279446,2.251444303072416
1999,16.0,0.5050067074933463,2.4023742377758026
2000,23.0,0.4114065862029835,2.1942547715228535
2001,15.0,0.43301225267652493,2.128308645884196
2002,32.0,0.40059789281318436,2.2754237204790115
2003,42.0,0.19161185436694017,2.0486989248366583
2004,14.0,0.2949089788304992,2.3596419947487965
2005,11.0,0.11408902473762354,2.0714179385792124
2006,36.0,1.5462971837582333e-14,2.130304389529758
2007,10.0,0.10282477754851299,2.2490344047546387
2008,50.0,0.01512534367199202,2.353317184448242
2009,17.0,0.12590275188746244,1.7757123217863195
2010,34.0,0.3788650920470269,2.469958137063419
2011,27.0,9.16990314710401e-40,1.7019515920568395
2012,10.0,0.17534723553708262,2.287058782577515
2013,18.0,1.6063265771759903e-22,1.8024383121066623
2014,9.0,1.606326577175991e-40,1.2311913437313504
2015,9.0,0.12049310881171041,2.467515574561225
2016,14.0,0.29776417961391644,2.2810492515563965
2017,23.0,0.644942913504055,2.3678483755692192
2018,17.0,0.03929779054900196,1.917651372797349
2019,36.0,0.04575604507025359,1.816301213370429
2020,30.0,0.03867170794077202,2.3148063977559405
2021,21.0,0.25035549732510143,2.257594517299107
2022,13.0,0.1364310260133476,1.83819396679218
2023,14.0,0.45902790703074703,2.1085757528032576
2024,12.0,0.19378396932216765,1.9406179587046306
2025,10.0,0.5285756044198016,2.54649076461792
2026,27.0,0.6876178785554545,2.730963865915934
2027,15.0,0.3094641080675248,2.4215264161427816
2028,26.0,0.17050991861212778,2.5187349869654727
2029,48.0,1.0783607385133959e-42,2.03930534919103
2030,29.0,1.81308520525615e-23,2.0526100027150123
2031,42.0,0.7333096597275054,2.245723258881342
2032,15.0,0.164713165413811,2.3480424245198566
2033,15.0,7.052106286984892e-20,1.8059236526489257
2034,20.0,4.090330579319467e-24,1.8480964303016663
2035,22.0,4.09033057931947e-68,1.7743102637204258
2036,11.0,4.090330579319469e-90,2.0905642075972124
2037,13.0,1.0287790696986756,3.3815413621755748
2038,23.0,0.21140798154491847,2.0938214633775796
2039,13.0,8.288458857591952e-10,2.1228234951312723
2040,37.0,0.7901772001463833,2.506762156615386
2041,14.0,0.41376483724040275,2.487530095236642
2042,31.0,0.00018548497328919376,2.163044129648516
2043,20.0,0.26350194043563163,2.7386523723602294
2044,42.0,0.1344768451238245,1.6610999334426153
2045,22.0,0.7485937366221375,2.620078672062267
2046,35.0,0.49779099031951685,2.054339272635324
2047,25.0,0.11642448879203521,2.366610107421875
2048,16.0,7.651408351076939e-12,1.8100521862506866
2049,16.0,0.04713680487241705,2.3099268078804016
2050,25.0,0.13802390722415553,2.1687495040893556
2051,28.0,0.304937537427696,2.3399483476366316
2052,13.0,0.13004978656324268,1.8985861998337965
2053,14.0,6.741932674652609e-20,1.8350807939256941
2054,11.0,0.14165291652006085,2.048423420299183
2055,18.0,1.490236134388562e-25,1.5602745877371893
2056,18.0,5.9668152089170454e-30,1.7997798654768202
2057,18.0,5.966815208917048e-66,1.8576511012183294
2058,20.0,6.688110109174321e-26,1.6491709232330323
2059,15.0,3.779320501704241e-16,2.073773002624512
2060,16.0,3.7793205017042426e-48,1.8319689631462097
2061,26.0,0.5577801041099005,2.5660926928887
2062,18.0,0.7446019950752303,2.651185009214613
2063,71.0,0.0038442176474792426,2.01969399250729
2064,41.0,0.41566098342235863,2.034418117709276
2065,21.0,9.323523706002654e-16,1.7374292328244163
2066,17.0,0.22087018537736403,2.542368103476132
2067,21.0,1.1261405362546094e-23,1.740097341083345
2068,12.0,2.1949596227471233e-22,1.7268065611521404
2069,15.0,0.7368371165164033,3.2175424257914225
2070,16.0,0.08572381991580556,1.6361980736255646
2071,27.0,0.48534513762368753,2.2425418783117226
2072,18.0,9.938443239808775e-08,1.9909870624542236
2073,30.0,0.5629022069705827,2.6780434608459474
2074,25.0,0.29305369548392535,2.2921714782714844
2075,13.0,0.1440130812589032,1.821423237140362
2076,26.0,9.921547983536574e-44,1.6508754583505483
2077,40.0,1.1230598749752952e-41,1.8314091205596923
2078,18.0,6.463421078568244e-26,1.7465132872263591
2079,17.0,3.844506007342034e-32,1.9367756002089556
2080,14.0,0.21964534853331114,1.977818182536534
2081,18.0,0.04887478686883179,2.004431062274509
2082,10.0,0.21565781157426434,2.113045072555542
2083,14.0,3.6004884717809975e-16,1.7755028860909599
2084,13.0,0.03531122292978932,2.2211779814500074
2085,16.0,3.696270740277768e-24,1.668354332447052
2086,12.0,0.5534469727740609,2.7391481002171836
2087,33.0,0.4921407187141626,1.8495707367405747
2088,39.0,0.5266364157180184,2.3605856895446777
2089,17.0,5.074431836350213e-14,1.9002046865575455
2090,16.0,0.5775564106819153,2.6149986386299133
2091,10.0,2.0774176789359367e-07,1.8713849067687989
2092,40.0,0.5798089166498854,1.9980872869491577
2093,36.0,0.41255311285836627,2.419087807337443
2094,24.0,0.6186164620838329,2.749875565369924
2095,13.0,0.26353589430525154,2.4022763692415676
2096,10.0,0.4304823780574996,2.564998912811279
2097,10.0,0.1344539787700823,2.336227536201477
2098,21.0,0.22387004169951566,2.3705420948210216
2099,30.0,0.45649954666506887,2.024725818634033
2100,10.0,0.48052054106262454,2.206413459777832
2101,17.0,1.8941499978755232e-10,1.9929505516501034
2102,13.0,0.6599944324238757,2.812695870032677
2103,14.0,0.49465288355417514,2.2196860313415527
2104,36.0,1.465539045277035e-23,2.1033623417218528
2105,15.0,1.4655390452770357e-53,1.685868994394938
2106,15.0,5.996004089526178e-14,2.127532196044922
2107,25.0,0.31341009969154043,2.1167857170104982
2108,47.0,9.638613227173412e-30,2.115636024069279
2109,36.0,9.430539199245796e-18,2.2963918182584973
2110,85.0,2.3609064703246428e-54,2.0622325392330394
2111,21.0,0.46967693545212363,2.181729271298363
2112,18.0,0.37305883128111506,2.3693064053853354
2113,21.0,0.14825615215578253,1.92306121190389
2114,93.0,1.175418324348576e-109,1.9310648518223916
2115,29.0,0.4320307882805081,2.3335935987275223
2116,51.0,0.28446556730306305,1.9910331800872205
2117,14.0,0.1005454073547999,2.0734477383749828
2118,16.0,6.3170128338200536e-24,1.3984056413173676
2119,12.0,0.5348601070139902,2.882486581802368
2120,27.0,9.584347640436503e-19,1.9365300778989438
2121,23.0,0.1125959400976495,2.236398396284684
2122,45.0,0.2565679483016926,2.122593487633599
2123,14.0,0.9378568791014519,2.7407280036381314
2124,19.0,0.5141036352309416,2.4258256084040593
2125,18.0,0.6886223258997805,3.1424982812669544
2126,16.0,0.5831184110453859,2.311915338039398
2127,11.0,4.0372211374680335e-12,1.6953335783698342
2128,38.0,0.3183954748560248,2.080837425432707
2129,10.0,0.15562270857009428,2.3979415893554688
2130,11.0,4.21972496583542e-16,1.9301083521409468
2131,20.0,0.049539003562603094,1.5823350429534913
2132,18.0,0.2014262787519761,1.9419868257310655
2133,36.0,0.008529440486863224,2.0338708692126803
2134,26.0,0.4033658807551291,2.5648235449424157
2135,54.0,0.13935189643237492,2.034939412717466
2136,46.0,0.09680947741534862,2.157518013663914
2137,13.0,0.09405492605564443,2.169442653656006
2138,15.0,0.17301685739288652,2.1611382484436037
2139,26.0,0.05334363429657112,2.5402156573075514
2140,12.0,1.2789921208456956e-14,1.9227633078893025
2141,44.0,7.368686950177284e-31,1.8501836061477661
2142,27.0,0.331763868554806,2.1289640885812267
2143,25.0,4.205635052318002e-30,1.8248191642761231
2144,23.0,0.3299833947861859,2.714698148810345
2145,18.0,0.10948626385295612,1.8882256878746881
2146,11.0,0.27680961982597696,2.2108555056832055
2147,21.0,0.0071185369652849734,2.4772732825506303
2148,19.0,7.118536965284978e-41,1.6398618597733348
2149,59.0,1.581803217451572e-38,1.8741377329422255
2150,45.0,1.1740205912497358e-23,2.159974384307861
2151,31.0,3.7912333447732924e-42,1.7816875057835733
2152,24.0,4.213254669171628e-16,2.1860517064730325
2153,29.0,3.9347350369161815e-33,1.819225837444437
2154,53.0,0.4406158758339233,1.9396713364799067
2155,53.0,5.630644789631645e-92,1.3922470290705842
2156,21.0,0.14958810784585538,2.076682454063779
2157,10.0,0.3142075532551234,2.079640436172485
2158,36.0,0.44157354189453696,2.1535677909851074
2159,13.0,0.07147978452816829,1.9742303444789007
2160,25.0,0.22968442416174834,2.040395908355713
2161,20.0,0.872409876721903,2.6976331233978272
2162,19.0,0.14527406316249403,1.7393657031812166
2163,22.0,0.428893268645828,2.108978206461126
2164,10.0,1.5378886430774388e-15,1.3971758365631104
2165,30.0,0.487859442637676,1.9724336465199788
2166,37.0,0.20829371283805995,2.3888798275509395
2167,13.0,5.203179658368902e-26,1.4279043857867901
2168,52.0,3.0808475870999684e-42,1.8298927728946393
2169,13.0,9.865449342916873e-14,1.7521198346064641
2170,23.0,2.0340281416961272e-16,2.046329643415368
2171,22.0,0.5182206415957749,2.4697896242141724
2172,36.0,0.038277835844734584,2.1682128508885703
2173,16.0,0.19303162966506995,2.3287877440452576
2174,12.0,0.622448163660279,2.899750312169393
2175,20.0,2.6550454553277478e-20,1.6066588521003724
2176,15.0,2.6550454553277493e-50,1.3707052230834962
2177,15.0,0.11385877331773858,2.201314131418864
2178,26.0,0.2980173726093041,2.2041086783775916
2179,61.0,0.3614768792363949,2.150007935821033
2180,26.0,2.782673628043196e-10,2.227863522676321
2181,15.0,2.782673628043196e-40,1.6299697399139403
2182,21.0,2.782673628043198e-82,1.5106266680217924
2183,21.0,1.3430663107529452e-29,1.880157856714158
2184,17.0,0.11336499323736868,2.195208044613109
2185,12.0,1.4818435846618414e-09,2.0865368843078613
2186,13.0,0.03536070064498795,1.9806238687955415
2187,21.0,0.4328028076369057,2.4963568505786715
2188,15.0,0.27841452563476815,2.15378885269165
2189,35.0,0.19790327178428072,2.103714806692941
2190,11.0,0.28934401041984503,2.1437888578935103
2191,15.0,0.3279301786013104,1.9779383659362793
2192,17.0,2.2206923475556644e-10,1.9884529744877535
2193,16.0,2.2206923475556646e-42,1.7009273171424866
2194,13.0,0.1589322244386557,2.221538176903358
2195,36.0,0.37634024689439877,1.7742572757932875
2196,19.0,9.426854433978677e-16,1.893943661137631
2197,10.0,0.28806157258510146,2.408549451828003
2198,21.0,1.4010643389406359,2.611920197804769
2199,28.0,0.6675075017479688,2.1258832727159773
2200,21.0,0.20805474298059604,2.0693269911266507
2201,34.0,0.18293201390295222,2.070312598172356
2202,16.0,0.14345494737932385,1.7670296132564545
2203,38.0,1.595758468964842e-27,1.9962832676736932
2204,18.0,3.5156139731994162e-22,1.944617059495714
2205,10.0,0.5864751171165261,2.9358551025390627
2206,18.0,0.6641415661669704,2.9860710302988687
2207,34.0,3.486246850146156e-54,1.694769494673785
2208,52.0,9.34088405435469e-55,1.7897012829780579
2209,24.0,0.22199634900517418,2.184384028116862
2210,16.0,0.004778473784210572,1.9776052832603455
2211,30.0,0.47222004821418145,2.0651763916015624
2212,45.0,0.671020434698694,2.684265825483534
2213,49.0,9.718058264757248e-26,1.9709916504061953
2214,12.0,1.347151672837889e-22,1.7436668872833252
2215,28.0,0.533211438359743,2.0267739977155412
2216,32.0,0.351246754149887,2.2361295968294144
2217,22.0,0.28410715743528847,2.1873235919258813
2218,14.0,0.3408393096570361,2.2334753274917603
2219,14.0,0.04197422155400627,1.934790747506278
2220,35.0,0.1099757254760858,1.952897916521345
2221,12.0,2.2236522280923184e-24,1.6444002985954285
2222,17.0,0.6921970353280725,2.61702122407801
2223,17.0,0.04051775730897458,1.5976655202753403
2224,28.0,0.0396633061896382,2.0515667029789517
2225,28.0,0.5056673267338466,2.190354824066162
2226,19.0,0.07375991142875471,1.7700248768455105
2227,15.0,1.0113078176386692,3.2135572751363117
2228,15.0,0.49163279560182105,2.359999148050944
2229,15.0,0.3098728015890955,2.4235961278279623
2230,19.0,0.4329429689369778,2.454634114315635
2231,20.0,0.23195667151378369,2.2013391613960267
2232,17.0,0.5082215934689687,2.157980470096364
2233,32.0,0.2570628778664522,1.905709445476532
2234,28.0,0.6697273186430496,2.403805766786848
2235,43.0,4.131862292968456e-24,1.977731277776319
2236,32.0,0.0028584638462180547,2.522831544280052
2237,34.0,8.042558464889841e-38,1.9033097800086527
2238,15.0,0.08642659765287476,2.0456717173258463
2239,11.0,0.3088226327879559,2.2682489915327593
2240,11.0,1.0444370830246832,3.4254278486425225
2241,19.0,0.9839356192006772,2.8582312182376257
2242,19.0,5.1447041105206275e-12,1.9899442195892334
2243,35.0,5.1447041105206293e-82,1.818711130959647
2244,29.0,0.09396681079171329,2.1969127326176086
2245,20.0,0.19245887640088313,2.470803475379944
2246,50.0,9.644392746746876e-15,2.23685772895813
2247,25.0,2.3541686614068756e-34,1.8481427574157714
2248,72.0,0.18973812295659875,2.0737642579608493
2249,16.0,0.0006994957709139029,2.2567251920700073
2250,25.0,6.050307809879647e-32,1.7580804252624511
2251,12.0,6.050307809879648e-56,1.7079861362775166
2252,28.0,0.13885572777423383,1.9638479777744837
2253,18.0,0.39487505105975823,1.9447367721133761
2254,12.0,0.36384801312407067,2.37766432762146
2255,10.0,0.25491125219851024,2.1533774852752687
2256,24.0,0.2463159817015613,2.302283684412638
2257,43.0,1.7870705815404067e-59,1.729902378348417
2258,31.0,0.35890125118099886,2.4736172999105146
2259,15.0,4.5575302663210825e-24,1.4438851992289226
2260,25.0,0.4483753655961387,2.4004692935943606
2261,31.0,0.32990764268526657,1.998632384884742
2262,30.0,0.15997520131467363,2.2684370199839274
2263,11.0,6.695769396741517e-16,1.624765157699585
2264,17.0,0.6044744635490961,2.367627732894
2265,47.0,0.10852459081560245,1.8122563666485725
2266,32.0,0.5188108472665075,2.1210611313581467
2267,21.0,0.44649895809866313,2.2617942719232467
2268,65.0,0.10314674210057119,1.9460987677940955
2269,17.0,1.5324883904540997e-29,1.7470574098474838
2270,20.0,0.09757557317126611,1.9225524187088012
2271,31.0,0.5656592082452294,2.664609662948116
2272,17.0,0.02572961905748057,1.9786119180567123
2273,22.0,0.10670120284063386,1.8501881902868098
2274,12.0,4.8825550451712003e-20,1.5581800937652588
2275,18.0,0.3234538493717313,2.1168224811553955
2276,15.0,0.40460784261542543,2.049240748087565
2277,11.0,0.37529319348454504,2.4956819144162266
2278,23.0,0.1068515659096119,2.299983957539434
2279,23.0,0.16393998698743034,2.035227112148119
2280,32.0,0.9327927609516589,2.1732573062181473
2281,78.0,1.2729868834822181e-21,1.9029354437803612
2282,15.0,0.36770720301283216,2.6286678314208984
2283,30.0,0.4171237451890598,2.412689431508382
2284,30.0,1.395893410776338e-19,1.7483428716659546
2285,29.0,0.35799648696342085,2.0966524584540007
2286,30.0,6.983541583184916e-26,1.7920559565226237
2287,17.0,0.48371300926217276,2.5075026119456574
2288,17.0,4.3493325069010014e-18,1.908793898189769
2289,23.0,1.5625591233459237e-46,1.6198713675789211
2290,22.0,0.27185867942952197,2.089499993757768
2291,43.0,1.222811045940064e-25,1.9416449790777162
2292,15.0,1.2228110459400642e-55,1.6320737838745116
2293,16.0,0.3887590845523001,2.2068025022745132
2294,22.0,0.27695778013703204,1.9025575897910378
2295,22.0,2.1727571358352117e-34,1.674260507930409
2296,36.0,0.4603192298396873,2.319684280289544
2297,28.0,0.5225975095447534,2.3212049858910695
2298,34.0,0.015312748230265957,2.11453615917879
2299,13.0,0.6200953728023323,2.86748533982497
2300,46.0,0.7261900314050207,2.615717379943184
2301,19.0,0.4169716158396276,2.286271019985801
2302,34.0,0.6972921611980645,2.550492567174575
2303,12.0,0.4030755089099547,2.0029184023539224
2304,21.0,0.5827356221782375,2.3630934896923246
2305,21.0,0.15740947125268323,2.1558855147588822
2306,25.0,0.26899978767820015,2.992063627243042
2307,11.0,1.3625713624945643e-19,1.5628102909434924
2308,31.0,1.8206190622638978e-41,1.8648094977101972
2309,20.0,0.2853887913565088,2.2148091316223146
2310,13.0,0.46811965909079234,2.5346632370581994
2311,12.0,0.30324339469249995,2.039182941118876
2312,13.0,1.489073487224918e-23,1.3668770790100098
2313,12.0,1.4890734872249185e-47,2.0944164594014487
2314,22.0,6.696427844151487e-25,1.8807872425426135
2315,10.0,6.69642784415149e-45,1.7451367139816285
2316,17.0,2.842157568170336e-24,2.291420908535228
2317,64.0,2.7449064443993684e-18,1.985688790678978
2318,24.0,3.516153638373448e-17,1.8548167546590169
2319,15.0,0.11749102019362173,1.9312206586201985
2320,12.0,5.070403833032371e-16,1.541519562403361
2321,17.0,0.15298824640063682,2.299941203173469
2322,34.0,9.018822432954407e-24,2.050630485310274
2323,28.0,0.018970813844965746,2.115141357694353
2324,40.0,0.35346243342550354,2.0855802059173585
2325,10.0,0.8387139983200818,2.8246732711791993
2326,17.0,0.3286438031540116,1.8195510752060835
2327,18.0,0.07606949224701597,1.7882531219058566
2328,16.0,5.0321756668691e-31,1.4083363115787506
2329,25.0,0.07085119408958057,1.904283380508423
2330,16.0,0.10207118390700964,1.766238808631897
2331,29.0,8.330724405794386e-18,1.684451415621001
2332,16.0,2.0301566278794964e-17,1.9776855409145355
2333,20.0,0.36919982826474385,2.489519274234772
2334,19.0,1.0669010137909978,2.623352000587865
2335,36.0,0.3187569302097469,1.9309895038604736
2336,17.0,0.06501583647876572,1.7406603308284985
2337,42.0,5.274792449844042e-14,2.423546757016863
2338,27.0,6.768777813061948e-51,1.5847334420239483
2339,23.0,0.2726557642446941,1.8785186850506326
2340,30.0,0.569562182205619,2.2071969668070475
2341,14.0,0.6321238926853378,2.5064793143953596
2342,68.0,2.156199965023909e-28,1.725509597974665
2343,20.0,0.35357367424981706,2.4752931594848633
2344,22.0,0.29957299913453656,2.0129863999106665
2345,17.0,0.06835528042935943,1.9178856961867388
2346,17.0,5.113349828794921e-32,1.671013691846062
2347,13.0,5.1133498287949216e-58,1.618948532984807
2348,25.0,3.933628230821437e-30,1.8202840995788574
2349,26.0,0.4282414939597865,2.1234491788423977
2350,20.0,8.23972380411723e-10,2.163308298587799
2351,14.0,0.020697928576087418,1.964015347617013
2352,26.0,0.36758807175026714,2.1049532890319824
2353,19.0,0.4552289762201345,2.280667631249679
2354,36.0,0.3866028528013462,2.1209737989637585
2355,13.0,0.2333215911321198,2.0188477222736063
2356,22.0,0.11692237452740983,1.7726405967365613
2357,13.0,0.17027814882823375,2.0190792083740234
2358,11.0,0.5358025637189039,2.640344489704479
2359,24.0,0.22703364784583951,1.9142609238624573
2360,21.0,0.5161304734388243,2.431606020246233
2361,9.0,0.3960603036065309,2.1300401422712536
2362,17.0,0.6427268974777788,2.4341797828674316
2363,12.0,0.2694161881465657,2.2024624745051065
2364,13.0,0.1401763763788109,1.8522801399230957
2365,29.0,1.6824980483828887e-57,1.6225211373690902
2366,18.0,0.5837607937910179,2.074858638975355
2367,23.0,1.0297855875924182,2.7625059666840928
2368,21.0,0.3516965884404878,2.298031761532738
2369,36.0,6.232781621708325e-39,1.8825347820917766
2370,18.0,6.232781621708327e-75,1.8618563016255696
2371,28.0,1.2840270518925189e-55,1.5741874490465437
2372,10.0,0.5835293702555652,3.087055730819702
2373,27.0,0.6343019053809725,2.3709904882642956
2374,22.0,0.2757325321276845,2.1553095795891504
2375,12.0,1.205788054879646e-23,1.2309195597966511
2376,24.0,0.7669468898704409,2.497407158215841
2377,25.0,0.40293673253107876,2.3534373474121093
2378,26.0,0.22418323271966517,2.181771443440364
2379,22.0,0.861718885026638,2.585419849915938
2380,16.0,0.2135415133112218,1.8298914432525635
2381,31.0,0.576654713680537,2.2962011829499276
2382,30.0,0.17194013382798642,2.329001565774282
2383,35.0,0.02382754229874381,2.239315918513707
2384,24.0,0.5525481071545848,2.415554165840149
2385,18.0,0.33649754073704746,2.2950339317321777
2386,22.0,0.08223675679632578,2.123426762494174
2387,14.0,0.21995211466471204,2.234799827848162
2388,19.0,0.1600635664082117,2.135841043371903
2389,14.0,0.011932074831906442,2.2236778948988234
2390,10.0,1.1932074831906442e-22,1.9372833490371704
2391,32.0,0.49450617590576257,2.4417940974235535
2392,39.0,1.154545300209655e-59,1.7141750164521046
2393,24.0,0.7658662583918509,2.6669863065083823
2394,27.0,0.5800990345567092,2.363110754224989
2395,30.0,0.09212027707019355,2.1495830535888674
2396,24.0,0.08601138333399652,2.2334709564844766
2397,23.0,0.24097221883929312,2.345033832218336
2398,24.0,0.36249678427556187,2.3820562163988748
2399,20.0,0.0019594796229425566,2.2674642324447634
2400,32.0,9.890469931049505e-27,2.0444909185171127
2401,21.0,0.21021654276235938,2.0050043832688105
2402,10.0,0.3086462682623092,2.2638315677642824
2403,50.0,0.33096837170987947,1.8722525501251222
2404,23.0,0.22630987586345022,2.5510907795118247
2405,40.0,1.1186449386382786e-19,1.9580270573496819
2406,15.0,0.3967860718752333,2.5393712679545084
2407,40.0,0.46812439789256666,2.3267375349998476
2408,15.0,0.31331619065649413,2.5297707239786784
2409,16.0,1.4441349982007426e-25,1.515152171254158
2410,13.0,1.4441349982007428e-51,2.006152189694918
2411,18.0,1.444134998200743e-87,1.9123749732971191
2412,66.0,0.21408671368255286,1.9792721632755164
2413,30.0,0.06750604868422357,2.0437841415405273
2414,23.0,0.29487778228312855,2.192090552786122
2415,21.0,2.9677734948622057e-32,1.6154224531991142
2416,16.0,0.6113521854662087,2.538548767566681
2417,19.0,0.9585390095795251,2.8952424149764213
2418,24.0,0.7393229541293038,2.602967381477356
2419,48.0,0.604289266224243,2.591856708129247
2420,19.0,0.09301627149018209,2.0615554357829846
2421,14.0,0.15911337394676284,2.299616915839059
2422,20.0,0.2713087483944384,2.2739659190177917
2423,13.0,0.6877898447019031,2.5554690727820764
2424,12.0,0.41615557338132936,2.291796882947286
2425,13.0,1.6596754935199157e-15,1.4459791275171132
2426,31.0,0.039019540749726016,2.2833591161235685
2427,29.0,0.5133539341592377,2.8720930855849693
2428,38.0,6.664632870796905e-06,2.34907118897689
2429,22.0,0.31618943135042826,2.410017425363714
2430,30.0,0.011804587874872104,2.3836131572723387
2431,21.0,1.04731038913927e-21,1.9694524492536272
2432,58.0,1.3746305616245882e-19,1.95091765091337
2433,44.0,0.032568667437188364,2.0482238964600996
2434,21.0,1.3482181997773541e-21,1.8619132723127092
2435,16.0,0.6213532270074488,2.8793608844280243
2436,23.0,0.7638045610224052,2.5786645723425825
2437,12.0,0.2739712953335988,2.334314147631327
2438,55.0,1.2313192409799403e-13,2.0224933884360574
2439,33.0,2.157867908588669e-36,1.9764746608156147
2440,51.0,2.157867908588671e-138,1.7968106830821318
2441,20.0,0.34985222313980197,2.398001503944397
2442,11.0,0.13731620729672675,2.0200426361777564
2443,18.0,4.354213326819144e-12,2.0198254585266113
2444,14.0,4.253828822933286e-16,1.3272359030587333
2445,17.0,0.3266529533439888,2.353364299325382
2446,48.0,0.11126769020042049,2.115354041258494
2447,14.0,7.084155216585452e-24,1.4615791525159563
2448,14.0,0.03475788743594692,2.263279778616769
2449,16.0,0.39768042340831267,2.5507377684116364
2450,13.0,0.6697427482092453,2.496454348930946
2451,35.0,0.4599560699292807,2.0168377331324985
2452,45.0,0.8351453192334054,1.9272238307529026
2453,62.0,0.23876917124461589,1.9800319902358516
2454,34.0,1.4444829355419926e-39,1.758363695705638
2455,28.0,0.2884058950562676,2.3480337943349565
2456,34.0,1.5672631194055743e-27,1.8732601334066952
2457,10.0,1.5672631194055743e-47,1.1647466182708741
2458,10.0,0.9332171090744352,3.272917890548706
2459,40.0,0.2458660426623758,2.145224595069885
2460,12.0,0.22708981106158216,2.2088335355122886
2461,38.0,0.9681484279633065,2.4416527497140983
2462,56.0,0.6253651984041756,2.223250380584172
2463,26.0,2.9350295231801145e-17,1.7042515277862549
2464,11.0,2.935029523180116e-39,1.6425807259299539
2465,11.0,0.3452953815074021,2.2858372168107466
2466,9.0,0.3450875255593995,2.3446379237704806
2467,23.0,0.21962234223436247,2.031667999599291
2468,85.0,3.769086314541874e-22,2.0135165158440085
2469,24.0,0.6053802737615371,2.782911936442057
2470,13.0,0.5389197007182936,2.5312893574054423
2471,49.0,0.28035366990377353,2.0460307841398278
2472,22.0,0.30306906471860107,2.249652299014005
2473,18.0,0.5026187641073483,2.3647900687323675
2474,44.0,2.2829617352288295e-20,2.0383643453771416
2475,14.0,0.10430689632215633,2.1674608162471225
2476,12.0,1.0430689632215634e-25,1.3529822826385498
2477,13.0,1.0430689632215638e-51,1.4055901674123912
2478,10.0,0.3230937278822057,3.1026634693145754
2479,23.0,2.57692621990596e-14,1.9252855052118716
2480,11.0,0.0180463063644043,2.246602275154807
2481,15.0,0.41485377476617386,2.4825381596883136
2482,22.0,1.5458390660122966e-24,1.5655608610673384
2483,32.0,0.6320477150313883,2.403899058699608
2484,40.0,0.2038483360698668,1.9388341307640076
2485,44.0,0.46880372417090926,2.494600707834417
2486,32.0,3.8412017284358436e-24,1.8847889751195908
2487,29.0,1.0644895753699843e-51,1.747903034604829
2488,13.0,0.445927280209298,2.7163987709925723
2489,21.0,0.03309519063261601,2.069021054676601
2490,28.0,0.2493102244214324,1.8827982970646449
2491,39.0,2.2736654094738643e-18,2.0606346130371094
2492,27.0,1.3185487991738273e-13,2.1397127310434976
2493,20.0,0.09098805004033024,2.0132925271987916
2494,15.0,1.2804955605028635e-15,2.008849843343099
2495,11.0,1.280495560502864e-37,1.2698626734993674
2496,21.0,0.388568709629054,2.016618160974412
2497,30.0,0.7153746576761938,2.697983725865682
2498,16.0,0.25653169477411636,1.9095238745212555
2499,18.0,1.1492692272866802e-30,1.4178334342108831
2500,17.0,0.5190687211142272,2.325354912701775
2501,27.0,0.8958640645093128,2.505574350003843
2502,11.0,0.23748820545825675,1.8785565116188743
2503,12.0,0.007290193878717935,2.016025185585022
2504,17.0,9.084313585352181e-09,1.8203809401568245
2505,8.0,0.37231998054454174,2.8697969913482666
2506,82.0,6.756845380304013e-36,2.0466307488883415
2507,45.0,0.15101732607757207,2.0653078503078883
2508,13.0,0.20344128523041133,1.8460158568162184
2509,18.0,0.05053944088112033,1.9505084090762668
2510,12.0,0.7222976868359652,2.549655636151632
2511,21.0,6.717063207431442e-18,1.6937562397548132
2512,18.0,0.528134374297167,2.4890494346618652
2513,45.0,0.20239413521992108,2.461921649509006
2514,18.0,1.530026042384381e-29,1.3758089277479384
2515,28.0,2.29789426943084e-26,1.6260252680097307
2516,34.0,3.2747479090351344e-13,2.163521773674909
2517,30.0,0.7788073803690647,2.252702840169271
2518,36.0,0.8449547369927697,2.3117288748423257
2519,34.0,1.0929190300410696e-31,2.0436926869785084
2520,16.0,0.5304473489392826,2.3271655440330505
2521,47.0,0.1450022380796301,2.2184357237308583
2522,10.0,6.100671221502073e-20,1.142624807357788
2523,10.0,6.100671221502073e-40,1.0267223358154296
2524,13.0,0.0004931852877209562,1.838059819661654
2525,14.0,0.6146468956269043,2.872946568897792
2526,19.0,0.40576884897013255,2.106052975905569
2527,22.0,0.2750350250101598,1.901942859996449
2528,30.0,2.9097690860440015e-16,2.073874092102051
2529,15.0,0.4446266569597182,2.305543867746989
2530,27.0,0.5842982186857355,2.494300542054353
2531,28.0,1.0614133050707763e-10,1.9429138813699995
2532,40.0,0.23254885689049606,2.3640480279922484
2533,16.0,1.175276502598791e-25,1.8351757228374481
2534,30.0,1.1402794556917842e-29,1.9402923266092935
2535,31.0,0.4944645129379313,2.170542824652887
2536,25.0,0.5575781237233374,2.3452092361450196
2537,77.0,4.489511168305111e-50,1.860814788124778
2538,12.0,4.489511168305113e-74,1.9327192902565002
2539,42.0,1.0488012642466118e-08,1.97561514377594
2540,44.0,8.47416074594256e-22,1.92926640402187
2541,11.0,0.10634399203329994,1.7074973366477273
2542,38.0,0.07978520642436583,1.5917681643837376
2543,50.0,1.175497297254082e-09,2.6500014877319336
2544,11.0,5.258582271899501e-18,1.775669596411965
2545,51.0,5.1579576879923214e-30,1.7806162974413704
2546,46.0,0.4239753961718117,2.550655593042788
2547,15.0,0.14918642492904663,1.919544251759847
2548,18.0,1.4918642492904668e-37,1.5192174514134724
2549,14.0,0.28068830257720007,2.185616663524083
2550,25.0,0.15908825628892587,1.833380889892578
2551,12.0,0.7922124688111951,2.990388790766398
2552,12.0,0.6292814164722501,2.580016096433004
2553,17.0,0.15295195703868847,1.6830586265115177
2554,34.0,0.32135354732714394,1.9443869590759277
2555,49.0,1.4040571344905933e-65,1.7924931681886012
2556,14.0,0.4064670249514303,2.0617421013968333
2557,14.0,0.1076748242352178,2.0842461926596507
2558,54.0,0.30881509689473763,1.7444603708055284
2559,11.0,0.31794415445679947,2.0954129045659844
2560,10.0,1.3839471492683762e-19,1.2426884174346924
2561,47.0,0.47847280585524554,2.221215471308282
2562,14.0,1.6973808591547872e-16,1.2784956863948278
2563,26.0,0.3644721398937653,2.0091103590451755
2564,32.0,0.11011198807426811,2.0778041034936905
2565,13.0,0.46240071624338147,2.358636892758883
2566,27.0,0.17314692065789383,1.9659823488306116
2567,40.0,0.6864143029267654,2.3403857707977296
2568,52.0,1.032678505117698e-15,1.7501480487676768
2569,74.0,0.7133701719670658,2.159464964995513
2570,76.0,0.24477783875194375,1.9106644329271818
2571,49.0,0.38952873359736423,2.2055009822456206
2572,41.0,0.13838781411602488,2.184210719131842
2573,39.0,0.39788067552661965,2.257450690636268
2574,25.0,0.45704301613498843,2.4282643508911135
2575,27.0,4.759592431370547e-28,1.8919525146484375
2576,40.0,1.2647821973880368e-54,1.846797239780426
2577,11.0,0.3532030333617694,2.168219566345215
2578,43.0,0.6512467921125605,2.3275145264559014
2579,22.0,0.8610175346008211,2.757888013666326
2580,76.0,0.22468767361924222,1.6881019190738076
2581,48.0,0.553474348682576,2.1481785575548806
2582,24.0,0.5665688126800452,2.6220654050509133
2583,29.0,0.0850264255106807,2.28183940361286
2584,28.0,1.0982303454078192e-49,1.311062949044364
2585,13.0,1.0982303454078193e-75,2.1416215163010817
2586,28.0,0.8884538853633718,2.33604143347059
2587,30.0,0.17073623540724667,2.3784790515899656
2588,34.0,0.16808399148809913,1.6304522121653837
2589,30.0,0.6007401538779725,2.4740293979644776
2590,17.0,0.570063624237298,2.2497014438404754
2591,17.0,1.7341623260874802e-15,1.7949471333447624
2592,78.0,8.105156147868042e-18,1.9621899555890987
2593,50.0,0.49987551349561915,2.2399995040893557
2594,25.0,0.44742303643434866,2.426665229797363
2595,15.0,1.2872249220070688e-27,1.3780651092529297
2596,12.0,0.28034115616400185,2.2777950167655945
2597,35.0,0.1486503338087841,2.393953629902431
2598,12.0,0.10581738568295229,2.0066199700037637
2599,81.0,0.4496104516492212,2.1289154335304543
2600,14.0,0.19744762476066682,1.9738681656973702
2601,51.0,0.483184651461255,2.1302963238136443
2602,33.0,0.34495051964518364,2.227402166886763
2603,12.0,0.45559225484587523,2.625833014647166
2604,11.0,0.7226326281739286,2.5754381960088555
2605,14.0,0.5940813743629648,2.2613769939967563
2606,17.0,0.5507011147101334,2.4930333249709187
2607,20.0,0.8168618121782109,2.7603420495986937
2608,19.0,0.8375135250767427,2.926121059216951
2609,41.0,0.19369986417057308,2.0979049729137884
2610,25.0,0.37840332996144715,2.619016056060791
2611,18.0,0.43443689818828923,2.4302397304111056
2612,32.0,0.0540143844115703,2.1973210722208023
2613,33.0,9.730097151076929e-28,2.4107221256602895
2614,70.0,0.29280237318933366,2.0272161756243023
2615,30.0,0.7634016867916964,2.3814571221669514
2616,21.0,0.5888100577623554,2.3059716451735723
2617,38.0,0.45890154111330067,2.0925866051724085
2618,35.0,0.09939474124891193,1.971980367388044
2619,10.0,7.0426790164465e-19,1.558293342590332
2620,22.0,0.19765411079369669,2.6128007498654453
2621,11.0,0.4750587998052613,2.8306870460510254
2622,25.0,0.29877405326429085,2.483815097808838
2623,15.0,0.13667101279681507,2.2890446980794272
2624,19.0,5.523243914873198e-38,1.7899245086469149
2625,13.0,0.13704713868151341,2.1885322424081655
2626,33.0,0.06400858507800827,2.2463731693499014
2627,11.0,0.15761455398608792,2.4977236661044033
2628,33.0,0.40699032077367897,2.52070106159557
2629,12.0,7.406497219273853e-20,1.419049342473348
2630,21.0,1.343543345770559e-31,2.1556301344008673
2631,14.0,0.12740288844938077,2.081416436604091
2632,14.0,1.2740288844938082e-29,1.2127166134970528
2633,23.0,7.9413486888368e-30,1.9047375658284063
2634,20.0,0.038963193640811966,2.1732826948165895
2635,33.0,1.7868413486369654e-18,1.861084562359434
2636,26.0,0.01290576227107731,1.9498375562521129
2637,14.0,0.4486145958535801,2.436373097555978
2638,34.0,0.2545656759049458,2.3440157104940975
2639,24.0,1.5712490353212389e-27,1.9457005461057026
2640,13.0,0.5512623193675004,2.7928927494929385
2641,10.0,0.0008377963365846585,1.907940435409546
2642,29.0,0.7093030398569179,2.7484890839149214
2643,61.0,0.3920698544682659,1.8866881777028568
2644,104.0,2.5815567378704326e-90,1.8602092999678392
2645,27.0,1.4536068994259504e-10,2.1152343926606356
2646,14.0,1.4536068994259507e-38,1.6682587010519845
2647,49.0,0.19858465706552458,1.9663014995808503
2648,12.0,0.6202790517327021,2.381326675415039
2649,30.0,0.65357031316415,2.379752588272095
2650,27.0,1.503253119940805e-12,2.3074733239633067
2651,40.0,8.63095357193725e-26,1.8703235924243926
2652,36.0,0.9004269684251582,2.693890929222107
2653,27.0,0.5703629308877702,2.384351306491428
2654,14.0,0.17131872466686845,1.8052287101745605
2655,16.0,0.6858497098744591,2.9446269273757935
2656,35.0,0.14482022854872903,2.6071960040501185
2657,15.0,0.45345072420089116,2.761741352081299
2658,25.0,0.6101266233206196,2.45711067199707
2659,44.0,0.3507436620372968,2.4215365756641734
2660,11.0,0.42255337462380693,2.3973200104453345
2661,31.0,1.110234488322518e-29,1.6062580846971082
2662,41.0,0.11263343456356288,2.175866976016905
2663,12.0,3.512816150233461e-18,1.8552171389261882
2664,17.0,0.11100841450851409,2.0940949215608486
2665,92.0,0.16245157355567016,1.7756276441657024
2666,20.0,0.4033814973699742,2.6322948694229127
2667,32.0,0.1699813404658905,2.0482564866542816
2668,21.0,9.238776865648632e-18,2.1835610071818032
2669,10.0,0.06811397989459092,2.343641471862793
2670,29.0,0.9080218470889188,2.516357586301606
2671,36.0,2.037386670892442e-26,1.9632210731506348
2672,28.0,1.4268974207006404e-35,2.091054047857012
2673,33.0,3.0815631540862106e-16,2.020026004675663
2674,23.0,0.7301077991445154,2.3399919634279995
2675,18.0,1.0739409024708837,2.7180236180623374
2676,16.0,0.5679584335996126,2.276271015405655
2677,30.0,0.6979942121998101,2.3510112047195433
2678,13.0,0.24506429129815396,2.2544194735013523
2679,15.0,1.0427301282211997e-05,2.2317595799763996
2680,26.0,0.12103229620243518,2.038347831139198
2681,13.0,0.31796509923215277,2.2984239138089695
2682,54.0,1.4240708691674693e-26,2.147555598506221
2683,14.0,0.069168803303869,2.1679940053394864
2684,27.0,0.7947936364437617,2.6513996300873934
2685,33.0,0.198535662873503,2.3934463732170337
2686,16.0,6.30243475249974e-14,2.099270597100258
2687,14.0,6.302434752499741e-42,1.7322088309696742
2688,17.0,6.302434752499743e-76,1.9103200856377096
2689,20.0,0.3848420707991838,2.564355206489563
2690,30.0,0.1357137971702524,2.123234685262044
2691,14.0,2.431703358775189e-22,1.9652420793260847
2692,14.0,2.4317033587751893e-50,1.730774027960641
2693,24.0,1.0425670784670474e-07,2.369515061378479
2694,36.0,0.06579279743790248,2.38581919670105
2695,29.0,0.17634054012263645,1.830262825406831
2696,29.0,0.5771706410211833,2.4674636906590957
2697,24.0,0.5027059657063695,2.8909251391887665
2698,15.0,0.6391125409218755,2.763256072998047
2699,26.0,1.045369391851428,3.0630644468160777
2700,19.0,0.4522146261090065,2.280393600463867
2701,16.0,0.3225005610342004,2.619978591799736
2702,14.0,0.31624608602330073,2.3444896084921703
2703,22.0,0.0021243411216456164,2.1470996141433716
2704,23.0,2.1243411216456176e-49,1.6991226362145466
2705,43.0,2.3322563226047924e-67,1.6830232531525369
2706,30.0,0.10075598297573965,2.1508288383483887
2707,36.0,0.5963422654887254,2.389898247188992
2708,9.0,0.2688514549368785,2.449438042110867
2709,20.0,4.52076045448456e-14,2.15633909702301
2710,12.0,0.3243269958533276,2.5115399758021035
2711,17.0,1.2406979517929138e-19,1.571129462298225
2712,36.0,0.17177571246005144,2.038430518574185
2713,19.0,0.17795946461394033,2.008045146339818
2714,35.0,2.6435496866825365e-28,1.6251747131347656
2715,15.0,2.6435496866825374e-58,1.3635424613952636
2716,12.0,2.643549686682537e-82,2.2671554485956826
2717,19.0,0.14522651798945133,1.7297641603570235
2718,12.0,0.6406280625262913,2.4985578060150146
2719,17.0,6.169322170194718e-24,1.5487365161671358
2720,17.0,6.1693221701947225e-58,1.7268568207235897
2721,12.0,0.17690172054586406,2.1028438011805215
2722,11.0,0.5629663451614842,2.3211764855818315
2723,15.0,0.2799217778784087,2.0902102470397947
2724,36.0,0.514243017073976,2.228541758325365
2725,50.0,8.470393020581214e-16,1.9820371532440186
2726,18.0,0.3283830902896909,2.1767688857184515
2727,15.0,0.7121819521641907,2.7092838287353516
2728,13.0,0.14189759052424475,2.2049869757432203
2729,90.0,4.484300132901895e-92,1.7630915641784668
2730,39.0,0.8614470155963929,2.1390015406486316
2731,14.0,0.8609464458997049,2.720099789755685
2732,17.0,0.48778698185171276,2.087702246273265
2733,15.0,0.09567185422459247,2.090798091888428
2734,16.0,0.1624406491594497,2.256327047944069
2735,31.0,0.4293978019805681,2.2681270722419984
2736,20.0,1.8051920732921546e-13,1.9542309522628785
2737,14.0,9.13428420300168e-18,1.8176510334014893
2738,11.0,9.134284203001682e-40,1.6372536312450061
2739,28.0,0.9390193807452394,2.4229047979627336
2740,17.0,4.756831800476909e-16,1.8200596781337963
2741,44.0,0.0626752761109226,2.091870589689775
2742,12.0,0.7759562324129304,2.7634002367655435
2743,10.0,1.0371042560156762,2.7100729942321777
2744,18.0,0.7694168386930946,2.608264340294732
2745,19.0,0.10324867729236731,2.0240816568073474
2746,11.0,8.336145781954693e-20,1.7943654710596257
2747,11.0,0.10174903711597205,2.0664614764126865
2748,10.0,3.0288409377362865e-18,1.6724063873291015
2749,14.0,1.7977550160932396e-27,1.7223060131072998
2750,12.0,1.7977550160932402e-51,1.653279463450114
2751,30.0,0.5991182224497555,2.061677916844686
2752,86.0,0.2564533858744386,2.079768602238145
2753,17.0,0.5665605095551035,2.1576937507180607
2754,50.0,1.8522976773838088e-14,1.9155662536621094
2755,14.0,0.6784233652926464,2.532024247305734
2756,50.0,0.39804445155214246,1.9283188056945801
2757,22.0,0.3150113849112902,2.27699596231634
2758,12.0,0.4539750260697149,2.190654993057251
2759,11.0,0.09376492296917063,1.8116470250216397
2760,30.0,0.4628045733248857,2.046796417236328
2761,11.0,0.03878460872229136,1.7709062749689275
2762,36.0,0.23474995370370633,1.9348581896887884
2763,13.0,1.8712279266242022,4.069295883178711
2764,62.0,0.5373424590819608,2.0155492136555333
2765,35.0,0.16092488195455892,2.0316244670322963
2766,14.0,0.9250497240847593,2.78509589603969
2767,40.0,0.260891677786485,2.4674477338790894
2768,29.0,0.26852398891807117,2.029350182105755
2769,12.0,0.29161167429816265,2.0080896615982056
2770,15.0,0.5405382777846374,2.5610756238301593
2771,16.0,0.43063656882947005,2.1237730383872986
2772,21.0,0.08311900047632499,1.9847242037455242
2773,27.0,1.6698699996880085e-36,1.7583360142178006
2774,9.0,0.11285853103870516,2.2726227972242565
2775,13.0,0.00041695392657648407,1.7754523570720966
2776,14.0,2.8146966588609728e-14,1.978370189666748
2777,15.0,2.8146966588609736e-44,1.5805585543314615
2778,15.0,0.6131244548307779,2.7799546559651693
2779,22.0,0.28546834241848074,2.242667317390442
2780,22.0,0.6949879611377006,2.4841725609519263
2781,22.0,0.585417857792153,2.591804764487527
2782,39.0,0.1704684039196882,2.394569610938048
2783,30.0,1.5386004910560554e-25,1.8054824670155842
2784,21.0,1.0026434859711956e-08,2.0596564610799155
2785,38.0,2.6823603078040293e-38,1.9594773116864657
2786,13.0,0.10588891548706236,2.1441170619084287
2787,35.0,1.6967293892640866e-43,2.234256935119629
2788,17.0,0.07815944702179038,2.0784683788523957
2789,61.0,1.5949803113993737e-30,1.7826300761738763
2790,33.0,0.2028554029443383,2.1225324977527964
2791,13.0,0.35875434315556,2.2663348271296573
2792,33.0,2.063977371838763e-22,1.9192071972471294
2793,17.0,1.7575708836713452e-26,1.9425258355982162
2794,40.0,0.20448531633969066,2.1829989552497864
2795,21.0,0.11451565882832644,1.7363287040165492
2796,49.0,0.7224926256276011,2.021269720427844
2797,33.0,0.001544731462384494,1.7286773053082554
2798,21.0,0.2947355065668445,2.069723855881464
2799,20.0,2.9168659675590765e-14,1.9981911420822143
2800,18.0,0.03947954998736529,1.8469652599758573
2801,22.0,0.17664234859793357,1.792434193871238
2802,24.0,0.4420133727381634,2.0864232778549194
2803,18.0,0.3167084686205115,2.5660127798716226
2804,30.0,4.616658745145282e-20,2.27537571589152
2805,9.0,0.31563305705407046,2.2761045032077365
2806,14.0,0.5574986277264949,2.336566311972482
2807,57.0,0.8370089100480428,2.338091490561502
2808,17.0,0.11507318177473849,1.7063082526711857
2809,15.0,0.6557483187854283,2.7815359115600584
2810,36.0,0.11905479762761229,2.240688615375095
2811,24.0,7.454246589149288e-47,1.7663006782531738
2812,14.0,0.5480319627551424,2.860988582883562
2813,10.0,0.48512263208629247,2.237742853164673
2814,51.0,0.5346319140295362,2.1573757096832873
2815,51.0,0.8394833935104934,2.000397747638179
2816,29.0,1.8180444097996476e-12,2.156382840255211
2817,18.0,0.00021962803473138615,1.9155926373269823
2818,21.0,2.927999096173144e-07,1.6497479166303362
2819,17.0,0.8044286808464085,2.490925704731661
2820,61.0,0.07255254553205151,1.9498065729610254
2821,31.0,0.460502432842403,2.181869876000189
2822,17.0,0.3851792179680483,2.022385260638069
2823,40.0,1.9069949510721166e-20,1.913208532333374
2824,24.0,0.05649986700339535,1.7124293049176533
2825,8.0,0.39370422735681,2.628034293651581
2826,13.0,0.1728549922983009,2.1915429555452786
2827,88.0,1.3781113732880536e-71,1.686016397042708
2828,67.0,0.579253291006509,2.1766648150202053
2829,12.0,0.208673279604889,1.9784791072209675
2830,20.0,0.6822930090203364,2.3136137962341308
2831,31.0,0.8310167534080837,1.8754425664101877
2832,17.0,0.8532527512624649,2.380664124208338
2833,28.0,1.3045309415201587,2.767069901738848
2834,16.0,0.4500746316578765,2.344110056757927
2835,19.0,6.572506759860698e-20,2.034486118115877
2836,12.0,0.2533029320415333,2.069958051045736
2837,10.0,0.44889180264098055,2.3966155529022215
2838,40.0,0.09533896623221627,1.8929042100906373
2839,27.0,9.533896623221633e-56,1.6503371839170102
2840,14.0,9.325721457946003e-05,1.915821143559047
2841,18.0,0.4371543197312763,1.9030783971150715
2842,28.0,0.25839985199306503,2.2106660093579973
2843,24.0,0.2662588463731423,1.9029621481895447
2844,12.0,0.16583108111154402,2.1806896527608237
2845,61.0,0.7791277923369178,2.279888309416224
2846,15.0,0.255317412664264,2.3316976547241213
2847,24.0,0.19270906362643844,2.1635485688845315
2848,64.0,0.03248030966222282,2.063374824821949
2849,10.0,0.055804631131191385,2.1530101537704467
2850,23.0,0.46084610951742133,2.1525768404421597
2851,10.0,0.06897357992546255,1.787818431854248
2852,21.0,1.0708338889979043,2.9308883349100747
2853,56.0,1.2315972289163132e-24,1.9736102223396301
2854,14.0,0.008416660492232612,2.1039131028311595
2855,22.0,0.8477225551302116,2.6137096231633965
2856,24.0,0.1264080501191604,1.9703059991200764
2857,25.0,1.1676524894946512,2.4791296768188475
2858,22.0,0.2948682210582874,1.965256842699918
2859,26.0,4.2408093656367654e-14,2.309697939799382
2860,40.0,8.058177847763247e-20,2.18376629948616
2861,35.0,0.906464920017962,2.4495469774518694
2862,21.0,0.32739427004105665,2.0079900196620395
2863,30.0,0.2957479397569603,2.0096245606740317
2864,17.0,0.2044107493209449,2.1709230927860035
2865,12.0,0.4590008237160753,2.673943281173706
2866,22.0,0.3772140650838112,2.2717759175734087
2867,37.0,1.121879256545027e-34,2.1675331399247453
2868,22.0,0.3809409324216599,2.1340941949324175
2869,14.0,0.3988829187944675,2.5519327776772633
2870,33.0,0.13192433014723237,2.207181150263006
2871,27.0,1.077260745775619e-25,2.1730061813637063
2872,12.0,0.6138096945654435,2.734890262285868
2873,18.0,0.37722774011101057,2.03435919019911
2874,17.0,0.48797705568905997,2.476344613467946
2875,15.0,0.0499028931851702,1.9890460650126138
2876,17.0,4.9902893185170224e-36,1.5419946979073917
2877,25.0,1.2283765776678917e-24,2.0043575668334963
2878,34.0,0.4150060080769818,2.3363265570472267
2879,18.0,1.5390216230506024e-17,1.8095437155829535
2880,20.0,0.1595301460065606,2.193186545372009
2881,18.0,0.22633468956328526,1.8134518729315863
2882,51.0,0.3716595120649607,2.2137670049480365
2883,38.0,0.3932584580198015,2.3661613338872005
2884,31.0,0.927153275529081,2.6696703664718138
2885,16.0,0.15315410983011798,2.1591319292783737
2886,20.0,0.333309173783471,2.1366567373275758
2887,10.0,0.8591754082358645,3.175908696651459
2888,19.0,0.2760250608313387,1.9846711158752441
2889,15.0,5.364453928524695e-20,1.8578027725219726
2890,15.0,0.48389095776707863,2.504607168833415
2891,32.0,0.5770346621797424,2.3608438223600388
2892,40.0,1.1329893602803806e-35,1.9370469853281975
2893,16.0,0.19381863237690763,2.073030263185501
2894,17.0,0.9245993943653431,2.967705109540154
2895,19.0,0.621947154383879,2.5010665592394377
2896,16.0,0.9420079660478486,3.1008694171905518
2897,29.0,0.5608880985782771,2.669619247831147
2898,29.0,0.011782326246868742,2.521694249120252
2899,64.0,4.860692214511922e-36,2.0221628919243813
2900,16.0,0.10260877377126365,1.8636561036109924
2901,41.0,0.1574255119554782,2.1736771537036432
2902,17.0,0.18648604153531262,2.1426769004148594
2903,15.0,0.3401246058572367,2.5596845308939615
2904,10.0,0.36678800849019827,2.4859118938446043
2905,23.0,0.4836736022538162,2.34190092916074
2906,11.0,1.566879552940609e-07,2.0675406239249488
2907,34.0,0.7473559287399717,2.5703839274013744
2908,40.0,9.530683708737961e-60,1.8385102510452271
2909,14.0,0.001062217059938506,2.0812274728502547
2910,16.0,0.09288624750821993,2.2063050866127014
2911,63.0,0.02097463872088242,2.017353307633173
2912,62.0,1.0789937452268565e-43,2.102511759727232
2913,10.0,1.0509794608646763,3.5231578826904295
2914,30.0,0.670456729789763,2.3777167797088623
2915,9.0,0.1840746226008634,2.113878938886854
2916,17.0,0.18841352082001808,2.0573279156404385
2917,93.0,0.2782432294920227,2.1202394834128757
2918,13.0,0.8160845037921352,2.929960544292743
2919,22.0,0.7003789022510991,2.3651751388203013
2920,21.0,0.41481994869468325,2.678083056495303
2921,36.0,0.4696851763854719,2.2280608150694103
2922,17.0,1.3549552150956673e-21,1.599425764644847
2923,10.0,1.354955215095668e-41,2.0270750522613525
2924,16.0,1.5357333349618083,3.520255744457245
2925,10.0,0.023873796071310592,1.5078441858291627
2926,23.0,0.6567729679244302,2.6843679469564687
2927,25.0,0.008372796349145117,1.6831425285339356
2928,45.0,0.42275335799405306,2.4278825177086722
2929,23.0,3.3818019708570606e-12,2.352413218954335
2930,11.0,0.5667378869316397,2.674403754147616
2931,14.0,0.7190894655720786,2.6089301109313965
2932,16.0,0.9233571612663052,2.69078728556633
2933,44.0,0.06733927802010005,1.8904327262531628
2934,49.0,0.29534915433814457,2.1026879719325473
2935,23.0,0.44501243297035936,2.996299411939538
2936,25.0,0.5060911915335635,2.260780906677246
2937,13.0,1.0509628088861,2.908579716315636
2938,13.0,1.1580015057225025e-07,1.9137561504657452
2939,19.0,0.36557287634892194,2.0528441981265417
2940,28.0,0.5107793796566984,2.598519836153303
2941,10.0,0.02476528864211292,1.678264045715332
2942,15.0,2.476528864211293e-32,1.5949726104736328
2943,26.0,0.0803440986490766,2.0822565738971415
2944,20.0,8.034409864907664e-42,1.8052959203720094
2945,12.0,0.42807170429434893,2.516874154408773
2946,14.0,0.4100810490430848,2.611915247780936
2947,26.0,4.999206643075948e-18,2.0510234099168043
2948,46.0,0.14579374105764203,2.086187974266384
2949,33.0,3.618667864287429e-52,1.899988535678748
2950,18.0,0.07154157976147964,1.9291307661268446
2951,18.0,0.0009536710098911794,1.7397359212239583
2952,12.0,0.6360844327197848,2.958576043446859
2953,16.0,0.4727364192177887,2.636719524860382
2954,28.0,0.5045257992898304,2.5176961592265537
2955,31.0,0.3190063536487613,2.245072210988691
2956,26.0,1.1779736382372685e-51,1.5164504326306856
2957,11.0,1.177973638237269e-73,1.5688848061995073
2958,34.0,0.09692002997466728,2.1579167001387654
2959,18.0,0.11119511923140699,1.6964876784218683
2960,22.0,0.05916600968327121,2.269585132598877
2961,35.0,1.1051788985430274e-31,1.719237382071359
2962,13.0,0.30263747287779835,2.2386020513681264
2963,64.0,0.08682348185836834,1.8654429614543915
2964,13.0,1.330204908411874e-13,1.6163750428419847
2965,14.0,1.3302049084118742e-41,1.2933993339538574
2966,22.0,1.3302049084118745e-85,1.7390285621989856
2967,16.0,0.3052394178626442,2.197202116250992
2968,17.0,0.2575602393759348,2.012000981499167
2969,35.0,4.569667508160243e-08,1.9164486748831613
2970,11.0,0.28368923413913366,2.139398054643111
2971,17.0,0.43286383043063165,2.227349645951215
2972,15.0,0.8388545913092604,2.8437681833902997
2973,32.0,0.6331737935481523,2.1345001608133316
2974,28.0,0.6260183508658176,2.034120168004717
2975,24.0,0.44969637526015266,2.4509452184041343
2976,12.0,1.1002083051105417e-11,1.2310909827550252
2977,26.0,0.31103735632784735,2.0616969145261326
2978,11.0,0.3335291320262714,2.090215336192738
2979,51.0,0.8547282503262466,2.011878957935408
2980,17.0,0.518407723330625,2.3203017431146957
2981,14.0,0.3707106092287907,2.2089063099452426
2982,18.0,0.8636172132868405,2.3386109670003257
2983,18.0,0.3437114567773479,2.1817495822906494
2984,12.0,0.17473773255676392,1.7944595416386921
2985,17.0,0.6486952333294398,2.4797982889063217
2986,38.0,7.024247340619121e-24,2.304856676804392
2987,14.0,0.04891024457183578,1.9448185307638985
2988,19.0,0.024314007392589983,2.310059748197857
2989,11.0,0.3145362913944906,2.044710549441251
2990,24.0,0.0015661430604741106,1.965996076663335
2991,18.0,7.765489280754751e-30,1.9436848163604736
2992,38.0,2.8552154144960046e-60,1.6870599169480174
2993,14.0,0.0400036217878538,1.8864398002624512
2994,23.0,1.2477792399519314,3.0706193758093794
2995,79.0,5.0448752575415355e-61,1.8538497852373728
2996,38.0,7.169971563468068e-30,1.893054673546239
2997,23.0,0.3862020405891705,1.9580207907635232
2998,15.0,0.09568434845330541,1.9080523173014323
2999,39.0,1.083294309536884,2.4200867139376125
3000,16.0,0.3477725376888065,2.435717575252056
3001,33.0,0.37977944305054334,2.2558559648918384
3002,14.0,0.001186740202662301,2.105762473174504
3003,20.0,0.0945678514736233,2.2817527055740356
3004,30.0,0.23769254030866674,2.125023603439331
3005,18.0,0.349686049665826,2.5239695178137884
3006,46.0,7.550248122541788e-26,2.1297286800716235
3007,19.0,0.0005966564956476737,2.1114514752438196
3008,19.0,5.966564956476739e-42,1.4890605273999666
3009,33.0,0.4325066402908856,2.1335437803557427
3010,10.0,0.44542726332655835,2.267677164077759
3011,20.0,1.072778493343706,2.751081705093384
3012,23.0,1.1087777740465712,2.6972922656847085
3013,15.0,0.6403073710334518,2.7463385899861654
3014,18.0,0.4902378426688084,2.2109279897477894
3015,18.0,0.14321615758368322,2.161275413301256
3016,75.0,0.4734070803914683,2.120136400858561
3017,30.0,9.390697335322678e-14,2.208623162905375
3018,92.0,0.21115748890529265,2.04572682277016
3019,10.0,3.373792227280414e-20,1.3838719844818115
3020,12.0,0.8628586401287412,3.3471479217211404
3021,43.0,1.1207383281097986e-39,1.7854814972988395
3022,19.0,1.1207383281097993e-77,1.5139161160117702
3023,14.0,0.3974065846962651,2.462879249027797
3024,26.0,0.5727374561298779,2.2921906984769382
3025,18.0,1.389378932034211e-15,1.628793905178706
3026,12.0,0.2770648016188017,2.750202476978302
3027,14.0,1.48589000810984,3.3795486858912875
3028,14.0,0.9422067613372628,2.614072288785662
3029,30.0,0.05635530896291686,2.0174156347910563
3030,28.0,9.901715004076408e-08,2.253894874027797
3031,13.0,0.2478193548290248,2.130322823157677
3032,17.0,0.401151181961989,2.366886419408462
3033,23.0,0.6484332899971551,2.208793080371359
3034,30.0,1.0464698674707313,2.9080478032430013
3035,30.0,0.231243317301809,2.2102219343185423
3036,18.0,0.5080529896163511,2.5389459000693426
3037,23.0,0.5762557246162628,2.4566721708878227
3038,32.0,0.6307228778905971,2.575115919113159
3039,16.0,0.5337610457785564,2.7110048830509186
3040,32.0,0.3020625708077916,2.1393949687480927
3041,13.0,0.004864339934628203,2.2696772722097545
3042,34.0,1.2323525197714064e-38,2.1116417856777416
3043,9.0,0.5138880443632103,2.9303511248694525
3044,17.0,0.2984898373692041,2.1357148675357593
3045,28.0,5.452251323146934e-29,2.2892611707959856
3046,24.0,0.522750296596916,2.5838369131088257
3047,32.0,1.8996640237717003e-13,2.3491581976413727
3048,12.0,1.0571332290125335e-19,1.9543508688608806
3049,61.0,0.6768321750391321,2.385165675741727
3050,41.0,0.5039033037783316,2.2588723112897173
3051,44.0,0.8286673552879015,2.4005594036795874
3052,27.0,5.406779648749154e-25,2.071488309789587
3053,48.0,0.050711969251320654,1.8882436454296112
3054,11.0,0.09087176875213564,2.2765063589269463
3055,18.0,1.0083498635149277,2.772275527318319
3056,14.0,0.08009274121198103,1.9093465294156755
3057,19.0,9.744463028259043e-30,1.876961858649003
3058,24.0,0.20417919231039452,2.052346487840017
3059,29.0,0.43927834439327973,1.9514787937032765
3060,75.0,3.8453331827207774e-42,1.8065957387288412
3061,38.0,0.2591028024399872,2.4410073945396826
3062,20.0,0.29494916254388487,2.236644148826599
3063,14.0,0.16485988097635432,1.9677880491529192
3064,19.0,0.46047076964537687,2.685327981647692
3065,14.0,0.33477154448626983,2.193580286843436
3066,36.0,0.4618850156403327,2.1176882518662348
3067,13.0,3.99775395755952e-18,1.747711731837346
3068,44.0,0.23751649230421473,1.8276664018630981
3069,23.0,0.5324060852801751,2.369201597960099
3070,11.0,5.4874863679727375e-06,1.6641480922698975
3071,16.0,5.487486367972741e-38,1.5849094986915588
3072,27.0,5.487486367972745e-92,1.64266190705476
3073,34.0,0.10082925194257895,1.9363165602964514
3074,36.0,0.5414190983056891,2.231929063796997
3075,13.0,0.2504752120233243,1.9625642483051007
3076,30.0,0.8137478040132611,2.402215353647868
3077,74.0,1.0505171102818114e-15,2.2211195971514726
3078,25.0,0.15448983604392427,2.296750144958496
3079,16.0,3.8019437437105143e-16,1.948738694190979
3080,32.0,0.7119430185581271,1.9216067641973495
3081,11.0,0.6704906531129393,2.545222195712003
3082,22.0,0.9900185346484676,2.8269775347276167
3083,16.0,0.34250918959149174,2.299053341150284
3084,14.0,0.3419586543099831,2.1458126476832797
3085,34.0,1.310276157323423e-43,1.922754540162928
3086,13.0,6.726319402766714e-16,2.135959661923922
3087,22.0,0.5483420752977023,2.3686769008636475
3088,18.0,0.026637256558165134,2.0181671778361
3089,19.0,1.0892263596939884,2.7557122330916557
3090,20.0,0.4078634790507375,2.2275752067565917
3091,12.0,6.227993343426023e-16,1.5785313645998638
3092,12.0,0.09623849455230989,2.2917937437693277
3093,35.0,2.0859263826427006e-16,2.092215197426932
3094,14.0,0.5314818657079099,2.683774300983974
3095,58.0,0.22788037373470238,2.137992184737633
3096,14.0,0.4423903314723876,2.299995490482875
3097,8.0,1.010533082642838,3.4460330605506897
3098,30.0,1.0031925936439947,2.290647602081299
3099,18.0,0.0248026605027301,1.9509095615810819
3100,49.0,0.06527684860175852,2.270290131471595
3101,71.0,1.1504222651206862e-24,2.1189976410127023
3102,24.0,0.7370440705568398,2.239837964375814
3103,12.0,0.11301228195052093,1.8250062068303425
3104,13.0,7.447489876488481e-10,2.1204111025883603
3105,27.0,0.588930367322461,2.2505435590390808
3106,18.0,0.03729977772871752,2.04648404651218
3107,34.0,0.14818616635643128,1.8106620171490837
3108,44.0,0.08910689083654842,2.332778475501321
3109,37.0,0.28250581322992835,2.294511975468816
3110,32.0,1.005621419686643,2.9532829374074936
3111,20.0,0.5785290871120411,2.478138542175293
3112,22.0,1.75504469091737e-28,1.7119597304951062
3113,28.0,1.7550446909173706e-84,1.6088777950831823
3114,32.0,0.45877898745232676,2.5483430325984955
3115,59.0,0.46237380266514383,2.0102899923162947
3116,17.0,0.4310368429477098,2.203592580907485
3117,25.0,0.13919943386412703,2.193099594116211
3118,33.0,0.7239961561114447,2.35127236626365
3119,47.0,0.15025852652952237,1.948998512105739
3120,18.0,0.5503512494530846,2.4903707769181995
3121,54.0,0.28922686650335533,2.082008291173864
3122,45.0,0.5092274111083412,2.1530582004123264
3123,14.0,8.349818991268647e-14,1.5742846727371216
3124,34.0,3.640845811222064e-24,2.070265798007741
3125,36.0,0.8215197275530137,2.505431638823615
3126,21.0,1.0964559482998517,2.673533144451323
3127,71.0,0.3465096586779055,2.018612203463702
3128,10.0,0.766148170079617,2.64630708694458
3129,36.0,0.22848446246222404,2.19490208890703
3130,21.0,0.589177516472081,2.3722814605349587
3131,17.0,0.8467033308462756,2.532026599435245
3132,10.0,0.5402221144528494,2.094854497909546
3133,39.0,2.2950179826861544e-40,1.9597601768298027
3134,14.0,0.9450717705425072,2.717819486345564
3135,75.0,0.19085693964704875,1.7856306266784667
3136,16.0,0.2223176189732902,2.030553638935089
3137,18.0,0.31292592929632673,2.006709893544515
3138,17.0,4.1535304308172514e-16,1.5404607408186968
3139,19.0,4.1535304308172535e-54,1.6453975878263776
3140,15.0,1.7862916964509278e-07,2.206246185302734
3141,14.0,0.458429403752873,2.284102167401995
3142,18.0,0.6737515077318497,2.4440494113498263
3143,38.0,0.09858441759475503,2.164244300440738
3144,30.0,1.0353062571954337,2.4467826684316
3145,37.0,0.9258584221433147,2.461447458009462
3146,23.0,0.47394461585781644,2.464596188586691
3147,18.0,0.16185578572638976,2.087110254499647
3148,20.0,0.6136581026438799,2.3969385623931885
3149,19.0,0.011279225861206325,1.9445972442626953
3150,15.0,1.1279225861206327e-32,1.708693027496338
3151,22.0,0.43823536338338864,2.499404625459151
3152,24.0,2.3567752057689758e-20,1.8882980446020763
3153,73.0,1.568018371606639e-22,2.0390195389316506
3154,28.0,1.1130815404676948e-23,2.1191258089882985
3155,15.0,0.21248419815119685,2.2384211222330728
3156,30.0,0.03241488323835251,2.419108009338379
3157,32.0,0.5814119401648445,2.6503752321004868
3158,13.0,4.055375997093738e-06,1.7070772464458759
3159,9.0,0.0003577095038887194,2.166130092408922
3160,22.0,0.1786775149440946,2.4355076226321133
3161,36.0,0.22156256353053178,1.9501354429456923
3162,16.0,0.5489962211734678,2.2817253470420837
3163,24.0,0.6159305858192374,1.9757526715596516
3164,15.0,0.9656947005977512,2.8091094811757404
3165,42.0,0.6256772436459702,2.1384132362547374
3166,78.0,0.2868922400565316,2.4066163637699227
3167,16.0,8.726498231740525e-22,1.4424736946821213
3168,64.0,0.3738548645656031,2.084331229329109
3169,42.0,0.2131608749078727,1.9000034559340704
3170,38.0,0.2873573448682709,2.279577845021298
3171,51.0,0.4519709514237432,2.4245872404061113
3172,64.0,0.7665249735323454,1.797350563108921
3173,10.0,0.6724429475717565,2.70857195854187
3174,10.0,0.6982456163613867,2.472254514694214
3175,11.0,0.2186398558826953,1.8807998137040571
3176,17.0,1.6831906199828464e-25,1.8578073838177849
3177,17.0,0.5986007083359504,2.8727289648617016
3178,13.0,0.022225913447677267,1.7348745052631085
3179,18.0,4.597821466710941e-05,2.2594585948520236
3180,13.0,0.6622826682922051,2.747483363518348
3181,20.0,0.07420699258275187,1.938189435005188
3182,44.0,2.690209190778719e-16,1.960608796639876
3183,18.0,0.18016254444418603,1.8304163085089789
3184,22.0,0.8294820883241707,2.2019257111982866
3185,14.0,0.21230702805686674,1.9694643701825822
3186,14.0,8.183035541914666e-16,1.9545412744794572
3187,21.0,8.183035541914671e-58,1.6081519353957403
3188,16.0,0.394021264695693,2.2838055789470673
3189,21.0,1.093234301046928,3.009162630353655
3190,16.0,0.456927640537164,2.3226700127124786
3191,34.0,3.827435916724387e-14,2.109158151289996
3192,13.0,0.4034696156867902,2.5347803189204288
3193,12.0,4.585774482225276e-16,1.6137116352717082
3194,24.0,0.4607670803612796,2.4349915385246277
3195,28.0,0.01315681028400239,1.6109074183872767
3196,18.0,1.3156810284002393e-38,1.7228470775816176
3197,15.0,9.712864132247784e-22,1.8135540008544921
3198,85.0,0.36029989607618856,1.7707418890560374
3199,16.0,0.16549445306577698,1.9036372601985931
3200,23.0,1.6296072476754885e-17,1.9385628492935845
3201,12.0,0.1997403684919621,1.8898981014887493
3202,12.0,0.25762583085583923,1.9763620694478352
3203,58.0,8.83366650679738e-46,1.7855776589492272
3204,10.0,1.3437810454287744,3.7594983100891115
3205,22.0,0.7838052849604152,2.237528150731867
3206,14.0,3.6698473198033675e-10,1.4639409610203333
3207,28.0,0.8293758088144076,2.4034295422690257
3208,12.0,1.6903784393726995,3.7729923725128174
3209,12.0,0.8503167329986366,1.9969981114069622
3210,18.0,0.0007508779153303176,1.8133851687113445
3211,65.0,0.7380886979520928,2.241395847613995
3212,46.0,0.44048866116906654,2.083042994789455
3213,48.0,0.7216974421803342,2.0936826368172965
3214,38.0,1.4719204036816382e-13,1.897312791723954
3215,18.0,0.8765950013787422,2.7473895019955106
3216,34.0,0.5849048489467923,2.3514992629780487
3217,9.0,0.8223862806018575,2.8341117435031467
3218,46.0,0.06791175306197593,1.7440698716951453
3219,22.0,0.40067296914076767,2.1745165478099477
3220,18.0,5.955008113259671e-32,1.5380416711171467
3221,41.0,1.0033979528320147,2.58676253877035
3222,36.0,0.1190410695806074,2.0622326797909207
3223,15.0,0.10407416716965327,2.184897263844808
3224,34.0,0.3646350721067387,2.856795444208033
3225,48.0,8.022602483631421e-10,2.2404038508733115
3226,14.0,0.4915980413279226,2.67988920211792
3227,15.0,0.20666799833486257,1.90462646484375
3228,56.0,3.5713314625746493e-37,2.067666224070958
3229,37.0,0.22285743685753392,2.4544164038993217
3230,29.0,0.6315962224969184,2.3766398758723817
3231,13.0,0.42639941679832194,2.3551443173335147
3232,17.0,0.21530963512422133,2.111428176655489
3233,13.0,0.900332025501456,3.1896743774414062
3234,29.0,9.759641896835693e-37,1.6522273195200954
3235,18.0,0.15469799983273022,2.160864485634698
3236,24.0,0.8041629830976793,2.4863659938176474
3237,18.0,0.6375754128668549,2.580033991071913
3238,11.0,7.025398740756126e-16,1.3241022716869006
3239,19.0,7.025398740756127e-54,1.4618345812747353
3240,19.0,7.02539874075613e-92,1.7301056322298551
3241,23.0,7.025398740756134e-138,1.6168668995732847
3242,26.0,0.28260140046708215,1.7657888302436242
3243,15.0,2.913783287545182e-24,1.479090976715088
3244,88.0,0.3978858046847326,1.8921736966479907
3245,42.0,0.2517255023624182,2.4725106216612316
3246,43.0,0.20699435008444353,2.131352335907692
3247,16.0,3.8197490661158744e-23,1.5229848325252533
3248,30.0,0.5985078441702448,2.314079697926839
3249,13.0,0.5779527316100362,2.3682466653677134
3250,10.0,0.4868160938213363,2.4796338081359863
3251,47.0,1.1468320546059212e-33,1.9506976452279599
3252,25.0,0.06255039491665705,2.113685302734375
3253,42.0,0.15548816295184745,2.176368032182966
3254,39.0,1.0174994635575823,2.388462898058769
3255,14.0,0.550059666319203,2.415050608771188
3256,49.0,2.4640680655041755e-52,1.94113319747302
3257,36.0,0.4833754472220637,2.2317516936196222
3258,16.0,0.8128058352584009,2.228142589330673
3259,14.0,0.5791768482005375,2.4436618770871843
3260,26.0,0.37486200703479045,1.9867942149822528
3261,27.0,0.7076814957414094,2.40955674206769
3262,14.0,0.19785962280065647,2.015124593462263
3263,12.0,1.1982231302952701e-21,1.6523301204045613
3264,29.0,0.0690171009712318,2.1151276950178475
3265,33.0,0.675712928368506,2.221742225415779
3266,48.0,0.2718908441746605,2.2922593355178833
3267,13.0,0.23734501905214794,2.105016543315007
3268,40.0,0.32634304002652265,1.4569002032279967
3269,17.0,0.5443141783921421,2.36062759511611
3270,16.0,0.08672967383284123,2.417202949523926
3271,26.0,0.32200787585642865,1.9727397882021391
3272,14.0,0.3681515951232722,2.212135008403233
3273,13.0,0.7613682830166015,2.5797193967379055
3274,20.0,0.6040347877189064,2.792466640472412
3275,27.0,0.6304501834547036,1.97590646037349
3276,17.0,0.5682571737208777,2.3931568089653465
3277,26.0,0.2017105764263407,2.040154347052941
3278,42.0,1.4313593205682719e-39,2.1848854337419783
3279,16.0,1.4564889369994274e-16,1.9999698996543884
3280,23.0,0.10327313061240664,2.524139217708422
3281,17.0,8.29462916429703e-34,1.6485798779655905
3282,15.0,0.42137822927350765,2.359559440612793
3283,39.0,0.5114750153067317,2.338470752422626
3284,25.0,0.947736149171603,2.4986524963378907
3285,15.0,0.6009568509731926,2.4912601788838704
3286,17.0,0.1029038980332799,2.180785066941205
3287,40.0,0.18807414413360718,2.255851483345032
3288,39.0,7.655846185103573e-72,1.8478639309222882
3289,31.0,0.4147399291729062,2.531238832781392
3290,18.0,3.8951346336184835e-16,2.04798248079088
3291,58.0,0.7304012683948292,2.1944518664787553
3292,18.0,0.3604705315938189,2.1657864252726235
3293,23.0,0.2824485078861039,1.7394440485083538
3294,21.0,0.5800023894630983,2.0383212906973704
3295,14.0,0.4658621726381039,2.496164151600429
3296,36.0,0.18911806169318454,2.0574506521224976
3297,19.0,0.033206008652672946,2.5661684462898657
3298,44.0,2.9644781714145055e-46,2.011168122291565
3299,16.0,0.6096347807699175,2.46189484000206
3300,18.0,9.472604748626959e-32,1.6787774827745225
3301,40.0,0.5448936856196663,2.031529355049133
3302,16.0,2.2807408263816173e-18,1.6208291351795197
3303,39.0,0.898598664085421,2.2137592266767454
3304,27.0,0.7625671697076837,2.251052626857051
3305,14.0,0.2680995816600339,2.1564835139683316
3306,21.0,0.13412317433937343,1.914167699359712
3307,38.0,0.8645233937414922,2.4057574021188834
3308,51.0,0.3629704265647368,1.8026701422298657
3309,36.0,0.5537854878213814,1.9701894256803725
3310,16.0,6.322422659413364e-12,1.6916140168905258
3311,30.0,0.7515134306314604,2.3501938660939534
3312,76.0,5.346506423167064e-28,1.9189955309817666
3313,29.0,0.23642977241109872,2.1111119286767366
3314,18.0,0.7335764281590441,2.641792058944702
3315,21.0,0.5928852832934103,2.363518033708845
3316,43.0,0.4210392404814995,2.2445062592972156
3317,32.0,0.6893582410647863,2.143962562084198
3318,24.0,0.12107764483458029,1.8957704305648804
3319,23.0,0.27972190634093586,1.875294540239417
3320,13.0,1.1450542295231572e-13,1.89197327540471
3321,31.0,0.24482131061366708,2.120152965668709
3322,52.0,0.004591750476713834,1.7817943096160889
3323,50.0,0.5221680005833131,2.0310650634765626
3324,24.0,1.781475336762213e-30,1.5847520530223846
3325,14.0,0.529382422596311,2.614976337977818
3326,47.0,0.010202380232746737,1.9961883666667533
3327,19.0,0.5503859163023691,2.665465053759123
3328,13.0,0.2529309800625481,1.9103169808020959
3329,26.0,0.8156388560793759,2.39138755431542
3330,24.0,3.7005092684048515e-24,1.5678089062372844
3331,26.0,0.11005342937608369,1.9293268093696008
3332,44.0,0.23150207517340943,1.950890671123158
3333,45.0,0.9013951533433815,2.303007401360406
3334,31.0,0.5576965846696174,2.1670867589212235
3335,39.0,0.047332212764687874,1.8032915531060634
3336,16.0,0.33652908690896366,2.3871031999588013
3337,51.0,0.3426173854820505,2.058877253064922
3338,16.0,0.6314846825651197,2.1803573071956635
3339,33.0,0.8212196704862644,2.335405696522106
3340,50.0,0.9624365336067119,2.1306046199798585
3341,16.0,0.42231239845904534,2.210822343826294
3342,28.0,1.1399305823086736,2.9957700797489712
3343,22.0,0.22816475318628626,2.2939387451518667
3344,46.0,1.439542474752222e-79,1.590205545010774
3345,11.0,0.38686402020300853,2.3777368285439233
3346,20.0,1.604243048738329e-10,1.8846434354782104
3347,20.0,1.1670006752375686,2.789647340774536
3348,11.0,0.8758667523433177,2.5033273696899414
3349,12.0,1.528912998335488,3.4353654185930886
3350,21.0,1.7577183628784519e-13,1.858128615788051
3351,30.0,0.5109034505079972,2.599128023783366
3352,32.0,0.3353237063722459,2.1206706315279007
3353,33.0,0.851530718191434,2.5721928856589575
3354,13.0,1.1256954989412187e-13,1.8084568610558143
3355,11.0,1.125695498941219e-35,1.5501963008533826
3356,26.0,1.0950044122141749,2.560538512009841
3357,66.0,0.28983112263569066,1.9503922245719216
3358,16.0,0.2516834282815315,1.9783076047897339
3359,20.0,0.4074996008793898,2.3293025493621826
3360,11.0,0.2764786183470319,2.1267021786082876
3361,28.0,0.2021736678515395,2.3328956876482283
3362,10.0,0.2379946955650035,2.2261211395263674
3363,43.0,0.5539527861587689,2.392953451289687
3364,51.0,0.7557617083849398,2.1565605799357095
3365,21.0,0.4058762441961327,2.1289099284580777
3366,44.0,0.4061599039804725,1.899358337575739
3367,22.0,0.007093876513710637,1.9009159044785933
3368,35.0,1.147089368311411,2.520923042297363
3369,13.0,0.6440092288060666,2.3276001123281627
3370,66.0,6.636939082799911e-53,1.63449088009921
3371,50.0,1.6603306263631517,2.563186960220337
3372,19.0,0.3773386736479821,1.6311566202264083
3373,26.0,0.7811961963113857,2.340607056250939
3374,72.0,7.931749929210688e-38,1.8164334429634943
3375,16.0,0.4557325203338665,2.463502049446106
3376,15.0,0.7788996142192086,2.735886637369792
3377,23.0,1.7889224829609515e-23,1.878910147625467
3378,14.0,0.6186134906699955,2.7495114462716237
3379,13.0,0.7881484195120106,2.409595489501953
3380,34.0,0.23409848156440188,1.575636386871338
3381,28.0,0.4918228342731991,2.2548213515962874
3382,21.0,3.257376042428528e-24,1.7560394491468156
3383,22.0,0.13593993232250842,1.9893402619795366
3384,17.0,0.30099463274888655,1.9773997138528263
3385,21.0,1.4631803762039327e-27,1.7735246703738259
3386,12.0,0.2165735038047287,2.3162235418955484
3387,53.0,0.4710026476777472,2.1654319403306492
3388,44.0,0.37451336097979665,2.4895572662353516
3389,13.0,0.3526505462134343,2.3267698287963867
3390,59.0,1.5103564891040777e-46,1.8838622448808056
3391,18.0,1.5103564891040783e-82,1.3018205165863037
3392,40.0,0.709363372673047,2.470736932754517
3393,10.0,0.647991291728326,2.631645345687866
3394,48.0,0.8594249935030719,2.3171926538149514
3395,39.0,0.19775585198134696,2.18499179986807
3396,37.0,6.613094011663951e-62,1.564382011825974
3397,43.0,0.07936535367500552,1.9274248300596726
3398,22.0,0.6857094287023147,2.396714210510254
3399,19.0,0.981090315737205,2.8411949559261926
3400,23.0,4.338098521383931e-12,2.1523776054382324
3401,19.0,4.338098521383934e-50,1.3020777953298468
3402,15.0,0.26736848009584424,2.4498831113179524
3403,13.0,0.09045252297061165,1.7624930968651404
3404,25.0,0.7530614681995551,2.4554300689697266
3405,14.0,0.6321515786244218,2.709884371076311
3406,13.0,0.643408208697817,2.4678516387939453
3407,13.0,0.5227699379105899,2.609713627741887
3408,15.0,0.8257326872364503,2.541869290669759
3409,31.0,6.008859469437888e-24,1.8630101603846396
3410,22.0,0.34092431171664517,2.258429852398959
3411,53.0,0.6408994082815079,2.0554063185205997
3412,19.0,2.9278315035381806e-18,2.0198547212701095
3413,16.0,0.031231996696674928,1.9616225063800812
3414,15.0,0.41897543038983615,2.3850478808085125
3415,9.0,0.833649218837719,3.0492271847195096
3416,23.0,0.4342254716883812,2.541699927786122
3417,58.0,0.05955612602254946,2.0813011712041396
3418,22.0,0.27181031963552504,2.3423901254480537
3419,19.0,1.3056753408684763,2.9740305950767114
3420,12.0,0.48504827318523724,2.2245940963427224
3421,50.0,0.4132916104631786,2.193735370635986
3422,13.0,6.01021167582124e-16,1.8048846171452448
3423,28.0,3.702067252820875e-18,2.2431385857718333
3424,13.0,0.04253038115329605,1.8976135987501879
3425,10.0,0.4049487294862179,2.592760133743286
3426,30.0,0.7138225683051379,2.323881975809733
3427,14.0,0.5603992763624736,2.358349561691284
3428,12.0,0.8800064811846611,3.0386337836583457
3429,17.0,0.18484106224509686,1.9746097396401798
3430,13.0,0.12318096856658511,2.3319001564612756
3431,25.0,0.2293506328828474,2.281353530883789
3432,55.0,2.719082336395395e-46,2.0632012714039196
3433,15.0,0.44861532393887976,2.6875653584798176
3434,20.0,0.15062087626151344,1.9282342433929442
3435,25.0,0.4132270123227239,2.4478168869018555
3436,51.0,0.2999596946302139,2.133219316893933
3437,42.0,0.28021408431672534,1.9953808443886893
3438,44.0,0.12656347682707805,1.8930141492323442
3439,11.0,0.5841161591876781,2.7239486520940606
3440,44.0,0.29479643170015696,2.128552696921609
3441,34.0,0.4947688370841649,1.955145891974954
3442,18.0,1.2599597083273697,3.183716058731079
3443,18.0,0.3021557521385994,2.301544361644321
3444,14.0,0.8664975346083504,2.585201161248343
3445,42.0,0.8002996488600355,2.1190280006045388
3446,29.0,0.6673773026927261,2.120595405841696
3447,9.0,1.308015540169379,3.3777096536424427
3448,19.0,0.41510029556319383,2.449420502311305
3449,37.0,0.0587448863471533,1.7753170245402567
3450,46.0,0.04003352431672199,2.2833514420882515
3451,31.0,7.270057683656599e-26,2.083687336214127
3452,19.0,0.21442250286301168,2.227670067235043
3453,21.0,0.2505466430179729,2.2124353363400413
3454,33.0,1.770452270612272e-49,1.8214562300479773
3455,11.0,0.7545090278611111,3.0926617709073154
3456,61.0,0.8360343191226861,2.0413354576611127
3457,11.0,1.0406013732254327,2.7216682000593706
3458,35.0,0.10535105808990101,2.2014401299612865
3459,14.0,0.048821090539274345,1.9527785096849715
3460,67.0,3.1319818818294937e-18,1.9749974848619147
3461,35.0,0.206297886768009,2.2465340205601283
3462,15.0,0.03221679084138432,1.9558568000793457
3463,19.0,3.2365589464786666e-12,1.900635468332391
3464,13.0,3.2365589464786674e-38,1.8970746994018555
3465,24.0,0.4751832571746655,2.6535033782323203
3466,17.0,0.413685090066795,2.4544102724860695
3467,18.0,0.17572977174416524,2.321709076563517
3468,26.0,0.5367394972648368,2.3440716633429894
3469,16.0,6.641337483045391e-16,1.8088941872119904
3470,22.0,0.8316630781040013,2.9446830532767554
3471,21.0,0.6551121551039727,2.241586162930443
3472,22.0,1.4780090451052007e-19,1.9019414619965986
3473,18.0,0.2794462839719053,2.220991293589274
3474,40.0,0.5022122023267559,2.1296714544296265
3475,47.0,0.3409727849265743,2.0128772106576474
3476,17.0,0.3108703944238793,2.122294173521154
3477,22.0,1.2570293362463815e-29,1.6526073109019885
3478,22.0,0.22111138754425547,2.4240069822831587
3479,11.0,0.6671631916621868,2.7169470353560015
3480,16.0,1.3964334062491268,3.0937315821647644
3481,50.0,0.3437799009256998,2.222032699584961
3482,13.0,0.32837604251579844,2.4585687197171726
3483,12.0,5.214521868364563e-06,1.8326717217763264
3484,23.0,0.32221630241304583,1.9558036431022312
3485,19.0,0.2204101817693234,2.1465427248101485
3486,24.0,0.7397698154978847,2.3988982439041138
3487,41.0,0.23147795988427453,2.083258372981374
3488,32.0,0.8230371879212561,2.6825802624225616
3489,33.0,1.1206251375405693e-13,2.290471582701712
3490,13.0,1.012481192031463e-19,1.946037090741671
3491,19.0,0.13926037332618382,2.152123237911024
3492,40.0,0.8862296997455076,2.3838791489601134
3493,26.0,0.35855147356558936,2.2518851390251746
3494,45.0,0.46125384568430594,2.1755837546454537
3495,18.0,1.4657234823472024e-23,1.9139524300893147
3496,38.0,0.4703015607232999,2.5505011332662484
3497,27.0,0.6502702138304443,2.2220147803977683
3498,44.0,0.542822060402938,2.322459350932728
3499,35.0,0.2698208415523212,2.0428523063659667
3500,28.0,0.3137710135634916,2.2885881662368774
3501,20.0,0.35376873621009913,2.3746261835098266
3502,26.0,1.4211204089445315e-39,1.780886906843919
3503,21.0,1.4211204089445318e-81,2.001476969037737
3504,11.0,0.5416189980211843,2.495036255229603
3505,18.0,0.17064750007907215,1.8697228961520724
3506,15.0,0.20597537952288442,1.915542729695638
3507,36.0,9.818312647126622e-36,1.9069273273150127
3508,18.0,0.7711689257325819,3.1169113053215876
3509,26.0,5.244211569681088e-32,1.9370950093636146
3510,16.0,0.45916993112024757,2.100966453552246
3511,19.0,0.004206482164988512,1.6449505153455233
3512,11.0,0.9305482525651485,3.267544009468772
3513,23.0,0.22644238494158325,2.034058073292608
3514,26.0,0.7714354969875121,2.9351352820029626
3515,51.0,0.6458800663619493,2.5676945518044865
3516,11.0,0.036378294982361226,1.848222169009122
3517,11.0,0.5126652691303403,2.396541725505482
3518,15.0,0.13059338746644536,2.4188647588094074
3519,29.0,0.2990040152129359,2.004478224392595
3520,27.0,0.5168866498634432,2.1997046912157976
3521,29.0,9.51943118486937e-56,1.6026025476126835
3522,26.0,0.5940415737981259,2.3096479085775523
3523,25.0,0.6033518578759471,2.4303722953796387
3524,24.0,0.0004487917940908018,2.312149465084076
3525,34.0,7.636093270327572e-41,1.9208429771311142
3526,28.0,0.2485763881027957,2.2256105286734447
3527,66.0,7.604938131314513e-114,1.6604369300784487
3528,11.0,0.09843423320301434,2.437185775149952
3529,13.0,3.51582856520041e-11,1.7969629214360163
3530,25.0,0.9262699746598292,2.781671504974365
3531,25.0,0.7402162319177369,2.7974642181396483
3532,36.0,7.606013847855415e-42,1.8846294217639499
3533,15.0,0.9044321707479488,2.8648350715637205
3534,14.0,0.7720823265034285,2.421666077205113
3535,23.0,0.2476671278208357,1.8426953398663064
3536,69.0,0.7009982713281353,2.0301140788672627
3537,16.0,0.14979333099076853,2.048268973827362
3538,58.0,2.0469479177092177e-18,1.8986049767198234
3539,15.0,0.34080723743479985,2.3846773147583007
3540,23.0,0.5415750143075768,2.368517067121423
3541,48.0,0.3009204121340082,2.3897968331972756
3542,29.0,3.5101243594687688e-40,1.9145712688051422
3543,16.0,3.510124359468771e-72,2.0586907863616943
3544,31.0,0.452887505555657,2.398368404757592
3545,29.0,0.30389736016606544,2.1524846964869004
3546,21.0,6.822402054708253e-30,1.6547981670924596
3547,26.0,0.7304486367465541,2.217301973929772
3548,54.0,0.6902514276236401,1.965266510292336
3549,16.0,0.5377807456857979,2.336093842983246
3550,16.0,0.44645654860155765,2.3238898292183876
3551,31.0,6.743744019931571e-32,1.7910853432070823
3552,31.0,0.2892297379498506,2.567575393184539
3553,40.0,0.5524076931879272,2.3293609380722047
3554,41.0,0.3334968313351557,2.004071154245516
3555,15.0,0.5706149814393918,2.6475892384847004
3556,20.0,0.004980123324786474,1.9003989458084107
3557,12.0,0.37530587779459545,2.3897547721862793
3558,72.0,0.04924691144732558,2.148508310317993
3559,17.0,5.884031276675403e-22,1.506398733924417
3560,44.0,0.14816705331588106,2.0526757457039575
3561,19.0,0.006810663526692019,2.0162758074308695
3562,19.0,0.9533695500459223,2.689314992804276
3563,15.0,1.0367721470607192,2.8618611335754394
3564,20.0,0.3908131927899589,1.950308132171631
3565,13.0,1.5577788051582975,3.764513749342698
3566,44.0,0.8365471948350639,2.6154330752112647
3567,11.0,0.6571875929636533,2.4141456430608574
3568,15.0,0.02313625932245159,1.9531097094217935
3569,38.0,0.4832604482760463,2.087915018985146
3570,23.0,0.516220081961389,2.4435990167700727
3571,11.0,0.7076145046979867,2.773774407126687
3572,16.0,1.5221636456906725e-25,1.4639568030834198
3573,14.0,0.43258359519819045,2.596502031598772
3574,27.0,0.10807939879799468,1.878549823054561
3575,25.0,1.0790462399694476e-15,1.9431389236450196
3576,25.0,0.41855740232972405,2.1366783714294435
3577,15.0,0.017394705066481074,2.4103835582733155
3578,12.0,0.019250318065394234,1.793918291727702
3579,45.0,0.4377429287117506,2.5708286391364203
3580,15.0,0.24628687066353883,2.1313727696736655
3581,16.0,0.06413072485048461,2.2308667600154877
3582,28.0,0.1610610846273702,1.9348873581205095
3583,50.0,1.2307064822805778,2.3116377353668214
3584,14.0,0.5305420215708997,2.4010202884674072
3585,25.0,0.45349838497895667,2.5734524154663085
3586,19.0,0.5960981407579737,2.4587144098783793
3587,15.0,6.569512589939715e-06,1.7426777839660645
3588,30.0,0.27939849280029505,2.3019903818766276
3589,28.0,0.21585696468716503,2.0871513230460033
3590,13.0,0.11096961202387474,2.0670371789198656
3591,33.0,0.7849612610061214,2.202218416965369
3592,11.0,0.45909219994354733,2.6198526945981113
3593,28.0,0.16211668786627226,2.0330305099487305
3594,16.0,0.6413382519769735,2.3591522574424744
3595,46.0,1.3071594303269502e-87,1.533947986105214
3596,83.0,0.9234669559135119,2.0268495398831656
3597,20.0,0.43350755752858633,2.5066504955291746
3598,55.0,0.811166649158224,2.164570947126909
3599,14.0,0.1656474713935087,2.1396331787109375
3600,19.0,0.35469001661563654,2.2220641688296667
3601,16.0,0.30026089962409197,2.597589671611786
3602,17.0,0.48201696922481924,2.1612484875847313
3603,17.0,0.5175391592228048,2.1536087428822235
3604,14.0,1.582663014066741e-25,1.0292164598192488
3605,53.0,0.5241040986872539,1.8965312759831268
3606,78.0,0.22484663173766356,2.0528718752738757
3607,17.0,0.1939324181233713,2.0596523845897003
3608,56.0,0.8246177974655879,2.114890856402261
3609,11.0,0.97714361751384,2.3979459675875576
3610,40.0,0.2902162077808492,2.1825155377388
3611,55.0,0.18296200654976597,1.9196092172102495
3612,11.0,0.7332898601298171,2.6631828221407803
3613,29.0,1.1260825040128788,2.674280281724601
3614,59.0,3.6553926378552786e-22,1.9967162285820912
3615,36.0,0.2405313014802288,1.7451214128070407
3616,26.0,3.2390300996539362e-21,2.0305024202053366
3617,11.0,1.0243891363214396e-14,1.8835067749023438
3618,31.0,0.6566621154707104,2.1676766795496785
3619,23.0,0.6819216157650981,2.752839482348898
3620,14.0,0.781613624521806,2.4762511934552873
3621,26.0,1.2330540373970474e-21,1.5675216271327093
3622,56.0,1.3273519646380935e-16,1.8829429575375147
3623,19.0,1.327351964638094e-54,1.610220708345112
3624,14.0,3.4869178703983823e-14,2.3282625675201416
3625,33.0,0.380338807492042,2.174036806279963
3626,14.0,8.249066193797769e-14,1.7010146549769811
3627,42.0,0.6805193982176428,2.3506654103597007
3628,35.0,0.3018929083002578,2.1011460168021068
3629,37.0,0.8749292259846405,2.2171262921513737
3630,11.0,0.6921775337441282,2.586921908638694
3631,18.0,0.5541472016477079,2.073621484968397
3632,38.0,0.4095759907368471,2.113197922706604
3633,14.0,0.5149326470580059,2.060559477124895
3634,34.0,0.39942206287636894,2.418205078910379
3635,12.0,0.918876999643308,2.7504494984944663
3636,15.0,0.15759163935617718,2.0838687737782795
3637,11.0,0.3396261808935571,2.3850035667419434
3638,20.0,9.559685612540598e-22,1.8599202156066894
3639,61.0,5.588755313775766e-124,1.6906236898703653
3640,23.0,0.9232682579898407,2.37737396489019
3641,16.0,0.3631191898029352,2.013891726732254
3642,63.0,0.4175801723182451,2.196552594502767
3643,36.0,0.4365840226952136,2.197002331415812
3644,17.0,1.0875661908813408,2.437194683972527
3645,18.0,0.7197776553454798,2.311503012975057
3646,20.0,1.5743645902720653e-20,1.6535473108291625
3647,12.0,0.8748166388667699,3.2220007181167603
3648,19.0,5.429290961938244e-12,1.8673801673086066
3649,27.0,0.6139271148912658,1.946869143733272
3650,35.0,0.36853545667203935,2.1333369255065917
3651,16.0,0.44649822952723434,2.1512994170188904
3652,11.0,0.958088825096141,3.123094255273992
3653,51.0,8.574120126825089e-32,2.1316503823972215
3654,11.0,0.732674937972175,2.917228265242143
3655,10.0,0.6358192733842674,2.35912971496582
3656,49.0,0.7024427836640497,2.6143889913753586
3657,20.0,0.6386174429040807,2.3833996295928954
3658,14.0,1.2946379747981196,3.076681545802525
3659,13.0,0.6949615964222601,2.380460629096398
3660,56.0,0.2707739538589574,2.3897604090826854
3661,24.0,0.5945719666500766,2.6021151542663574
3662,10.0,0.12579763582814593,2.1281655550003054
3663,59.0,6.1850242838939746e-30,2.0523838431148205
3664,72.0,0.026395168318597916,2.0144222180048623
3665,40.0,0.6307254387659582,2.387425196170807
3666,35.0,0.2462881546388978,2.0753559248788016
3667,31.0,8.574944343189757e-17,1.921827700830275
3668,66.0,0.21638077996790087,2.169452833406853
3669,12.0,0.0009615274167942015,2.203188955783844
3670,57.0,0.11032465218376836,2.015723287013539
3671,37.0,0.0009408436616743628,2.260187497010102
3672,42.0,0.02395609320906681,1.7681263060796828
3673,16.0,0.19159838675451618,1.9541352838277817
3674,13.0,2.1702601789514215e-14,1.7463976786686823
3675,20.0,0.8974376635921654,2.875139665603638
3676,21.0,4.7482045582875174e-12,1.9736750693548293
3677,17.0,0.4918846031288684,2.390239911920884
3678,11.0,0.9871325384814172,2.948407606645064
3679,35.0,0.24301297442452605,1.8866014753069196
3680,28.0,1.2508382675596086,2.470761333193098
3681,26.0,0.11433460189566018,1.7928803700667162
3682,32.0,0.20153097277456072,2.4431687146425247
3683,40.0,6.5619321222059956e-24,1.9736678004264832
3684,9.0,0.0006652526684679528,2.4176228841145835
3685,12.0,0.09700612094392523,2.112740675608317
3686,20.0,0.34628718689378013,2.2245119333267214
3687,11.0,3.739355190909251e-21,1.2253195589238948
3688,26.0,0.7230938937450901,2.3348386104290304
3689,44.0,0.24036390292089999,1.8792673024264248
3690,30.0,0.5015857600678453,2.28729993502299
3691,14.0,0.05933072979197008,1.7091248376028878
3692,26.0,0.14845288088960837,2.1524820511157694
3693,27.0,0.14275990388155682,2.2243613953943604
3694,13.0,0.6683190459840816,2.562704012944148
3695,14.0,1.0648201284915182,3.0511949402945384
3696,49.0,0.5003165505771924,2.219933792036407
3697,14.0,1.9001080134033752,3.662426676068987
3698,59.0,1.9534493135832608e-26,2.007386498532053
3699,18.0,1.9534493135832616e-62,1.9481468730502658
3700,57.0,0.20407146870473583,1.7860929254899944
3701,20.0,0.6217132415081092,2.1640668869018556
3702,40.0,4.789156479209767e-06,2.188047695159912
3703,42.0,0.21552892643735896,2.316884313310896
3704,22.0,1.4402516326682888,3.085097247903997
3705,31.0,9.16465256823195e-26,1.9224566798056326
3706,48.0,0.11606649520995618,1.9347295661767323
3707,23.0,6.424807816040658e-22,2.0478826294774595
3708,17.0,0.26535150029210625,2.5074706077575684
3709,11.0,0.3297932506478263,2.3136051784862173
3710,13.0,0.7749313923494453,3.003367167252761
3711,50.0,1.4572596076563064e-31,2.072457542419434
3712,22.0,0.5466992343172283,2.1666779301383277
3713,23.0,0.3338229077841961,2.260638651640519
3714,25.0,0.13575861806678008,2.495540781021118
3715,110.0,0.6809133996128088,2.1014394413341178
3716,9.0,1.2647646128213201,3.4526059892442493
3717,32.0,0.4264951030010302,2.205973744392395
3718,18.0,6.367613021157586e-08,2.1209164990319147
3719,62.0,0.500677682729587,2.2046291751246296
3720,14.0,0.6971560677483721,2.600787503378732
3721,21.0,0.5239386316359989,2.1251237960088822
3722,27.0,4.267521106270859e-08,2.0503576596577964
3723,15.0,0.03579361590157577,2.3407937049865724
3724,50.0,0.6386419829317145,2.0189686393737794
3725,14.0,0.3491914870134804,2.28036972454616
3726,61.0,0.7799346506104374,2.123915656668241
3727,18.0,0.9531034239147368,2.986378881666395
3728,12.0,0.09443822943041777,1.6037873427073162
3729,20.0,1.3013664493819168e-22,1.7676495611667633
3730,22.0,9.966562719659118e-11,2.111978530883789
3731,16.0,0.29251725404475964,2.722448408603668
3732,18.0,0.8469611023077404,2.673327181074354
3733,17.0,0.5677255671615702,2.229730213389677
3734,14.0,0.6118495616568504,2.308300154549735
3735,21.0,0.09174769450949424,1.8443115552266438
3736,47.0,0.24826102986536355,2.257426840193728
3737,69.0,1.743963440484282e-64,1.8797619722891545
3738,17.0,0.39621528274950957,2.2351383882410385
3739,14.0,1.6253779498380201e-21,1.5274698393685477
3740,14.0,1.2773290680834415,3.0866129057747975
3741,10.0,0.0003296481594991677,1.4636922121047973
3742,12.0,1.1325110377089409e-23,1.6527342398961384
3743,15.0,0.7819323092452571,2.645636526743571
3744,29.0,0.18319127981776862,2.164778314787766
3745,19.0,3.5231188605186666e-34,1.3608478495949192
3746,17.0,3.523118860518667e-68,2.184776418349322
3747,19.0,0.2899556051307299,2.4014458656311035
3748,10.0,8.062066347905144e-20,1.4581655502319335
3749,21.0,0.1545881277517256,1.8412555739993142
3750,72.0,5.485886419792174e-18,1.9204246865378485
3751,49.0,0.13024851205585836,2.0304654763669383
3752,12.0,0.34599478394612165,2.30411958694458
3753,12.0,0.3580726940177403,2.2863531510035195
3754,23.0,0.5216705744267174,2.2293209200320034
3755,20.0,0.5473093187370391,2.3395516872406006
3756,31.0,0.7664966903398531,2.300440849796418
3757,69.0,0.9919734253749897,2.2559815697048022
3758,25.0,0.6528295982079672,2.5069986152648926
3759,9.0,1.6674875048712383,3.990107854207357
3760,36.0,1.5011843170607155,2.52520391676161
3761,14.0,0.7601226423981087,2.8911939007895335
3762,11.0,0.9678374754251033,3.2120097333734687
3763,19.0,0.911021607794436,2.8926656873602616
3764,21.0,1.1993656926059628,2.6043029739743186
3765,11.0,1.398652875555658,3.2253577925942163
3766,23.0,1.3868288261637788e-29,1.657785001008407
3767,23.0,0.1843267867395846,1.8848718974901282
3768,19.0,0.8738082337412514,2.9132956454628394
3769,8.0,0.5887264514620271,2.266907811164856
3770,11.0,0.3548021286209638,2.403762860731645
3771,22.0,0.6395558237776502,2.4659923856908623
3772,13.0,7.3576093706767086e-06,1.8423651915330153
3773,20.0,0.0007945426372156777,1.9747919201850892
3774,33.0,0.3417963731412942,2.4378271825385815
3775,10.0,0.45955847675806827,2.4466185569763184
3776,20.0,0.6633242355366201,2.6024425983428956
3777,41.0,1.0711463709555566,2.459293784164801
3778,17.0,0.5259206031512226,2.3833615920122933
3779,25.0,1.4290377391158557,2.6731056594848632
3780,30.0,0.19618244555777037,2.191524855295817
3781,40.0,5.584859601114939e-37,1.949676239490509
3782,11.0,5.5848596011149405e-59,1.814032337882302
3783,12.0,5.5848596011149425e-83,1.7499113480250041
3784,25.0,1.344522576486821,2.9459425163269044
3785,44.0,1.0575928706999438,2.7614483508196743
3786,21.0,0.6147129265411356,2.427498635791597
3787,16.0,0.6254793583214944,2.5711841583251953
3788,17.0,3.957902698963892e-06,2.055501292733585
3789,29.0,1.1416555629922683e-51,1.633997111484922
3790,15.0,1.1416555629922685e-81,1.9991331418355307
3791,35.0,1.409006083180612e-57,1.9669324806758335
3792,48.0,0.016939597275653234,2.0082130829493203
3793,57.0,0.9711538397121756,2.0539371423554003
3794,15.0,1.0093181625997867,2.488983217875163
3795,32.0,0.0006173668840191297,1.7405455559492111
3796,45.0,1.3287722408442744,2.5920817693074545
3797,14.0,0.6728307386625079,2.2870426518576488
3798,24.0,0.014815712682362888,2.059141919016838
3799,34.0,0.7463057359960114,2.3862680126638973
3800,26.0,1.0347155361219393,2.4657462193415713
3801,11.0,1.1035707260669134e-13,1.1818788918581875
3802,24.0,1.1035707260669139e-61,1.8230835596720378
3803,13.0,0.143002761969233,2.3202539590688853
3804,22.0,2.782958382508922e-06,1.9516291618347168
3805,12.0,0.15854802514552535,2.0789868434270224
3806,22.0,0.4670286188077229,2.346188631924716
3807,21.0,1.2572193097824734e-06,1.9784692923227947
3808,28.0,1.0852072613465027e-05,2.262758868081229
3809,56.0,8.607074570213184e-24,1.9486122131347656
3810,83.0,0.46854168502619853,2.0297930499157273
3811,43.0,1.0922777388401192,2.309066506319268
3812,24.0,0.39631965828043497,2.119754950205485
3813,36.0,1.0211390768243618,2.2730764150619507
3814,58.0,0.36179975442968687,1.7007651863426998
3815,10.0,0.22609465729357156,2.1952844142913817
3816,32.0,0.20269369426600392,1.677334040403366
3817,13.0,0.8958345142796714,2.830505664532001
3818,57.0,0.45353865646613384,2.0092143677828607
3819,21.0,0.3857711329113061,2.208411534627279
3820,50.0,0.3170352683763655,1.9882623767852783
3821,48.0,1.1583047265888378,2.2030784686406455
3822,28.0,3.002947881523772e-32,1.7455227034432548
3823,17.0,0.32743289432444134,2.452010519364301
3824,25.0,2.3487074777860845e-22,1.8433610725402831
3825,22.0,0.5619702409151771,2.178409121253274
3826,31.0,2.522780010390615e-22,2.0618817190970145
3827,19.0,0.5319455718149589,2.5297583529823706
3828,22.0,0.2866644777368516,2.0604716647755015
3829,17.0,0.3470996186594748,2.0784258561975815
3830,15.0,0.5952132716241662,2.507279713948568
3831,16.0,9.58741121329512e-18,1.6819944083690643
3832,33.0,0.04503898867662704,1.9943990273909136
3833,20.0,0.5211382624841813,2.369999575614929
3834,14.0,1.17147996086318,3.0788027899605885
3835,19.0,0.18341973485637783,1.9675554978220087
3836,25.0,0.46999499400050154,2.5773415184020996
3837,19.0,0.8315295844526319,2.861301346829063
3838,22.0,0.7131481953259794,2.4446184635162354
3839,21.0,0.7459469744508634,2.556784357343401
3840,36.0,0.3516231349330716,1.9476750956641302
3841,32.0,0.7353755496732851,2.5197222232818604
3842,24.0,0.9244604225176645,2.8056694666544595
3843,12.0,0.9041950617007691,2.5218801498413086
3844,40.0,0.6709911882131602,2.1089643478393554
3845,38.0,1.0451109812536032,2.5829631152905916
3846,13.0,7.362507582823622e-07,1.7396773558396559
3847,55.0,0.7314745024699042,2.0425420414317736
3848,50.0,1.1168348444920254e-41,2.0153373146057127
3849,40.0,2.0067246604140286e-31,1.9833878755569458
3850,55.0,0.5250042011991053,2.0965896346352317
3851,12.0,0.8470346953348049,2.6885526180267334
3852,12.0,0.6807360399380222,2.637369990348816
3853,31.0,5.018065643073446e-22,2.0231835765223347
3854,25.0,0.5218965103636224,2.2043114471435548
3855,89.0,0.0891432176981417,1.8916750382841303
3856,44.0,0.038043263702171544,1.7575950134884228
3857,13.0,0.7766921565249337,2.878337126511794
3858,74.0,0.18188755556341432,1.8373927425693821
3859,31.0,0.5753097921428255,2.2998808968451714
3860,31.0,1.5755076411857755e-22,1.9927687952595372
3861,14.0,0.0013305974588865984,2.1539258105414256
3862,44.0,0.8842433282632185,2.112561507658525
3863,23.0,1.5039735066792908e-19,1.7836227209671685
3864,28.0,0.17059835828751846,2.2768066695758273
3865,22.0,0.9330798910014775,2.48372145132585
3866,26.0,0.5167577265272657,2.1458409015948954
3867,26.0,0.1519890302558629,2.1212324362534742
3868,12.0,1.248845990605846,3.2165361642837524
3869,12.0,0.7013759618899432,2.3771204153696694
3870,54.0,3.2047192946703485e-28,1.8713479218659577
3871,41.0,0.852650782047595,2.2007607948489305
3872,42.0,0.6064257338114355,2.544124660037813
3873,27.0,0.5306917305210258,2.3858767262211553
3874,21.0,0.028764691676828224,1.8455717450096494
3875,10.0,0.0020358794323905235,2.1181694626808167
3876,15.0,0.43547355107673025,2.2432023366292317
3877,54.0,0.28957101030929155,2.1444528191177934
3878,55.0,9.85314375605326e-24,1.9933670737526634
3879,29.0,0.946561175880054,2.344233677305024
3880,30.0,0.0020102132230942604,2.222104485829671
3881,85.0,1.0121656086316668,1.9701003242941464
3882,39.0,1.1916930552713898,2.5009660720825195
3883,13.0,0.596788207338937,2.4407881590036244
3884,44.0,0.2036692661277625,1.9235478531230579
3885,15.0,0.7975944289122002,2.742139689127604
3886,21.0,0.9695546286500991,2.4698329880124046
3887,17.0,0.5539599511207972,2.671886640436509
3888,64.0,0.2408992899336917,1.7552756369113922
3889,17.0,0.30509773047611294,2.3540222224067238
3890,33.0,0.07151943940961668,2.043757612054998
3891,71.0,1.1439112560481686,2.0187982975597114
3892,21.0,0.6921495107055882,2.280466397603353
3893,25.0,0.7296081679366679,2.4827984523773194
3894,18.0,0.368608845197317,2.270390404595269
3895,32.0,0.6287641085912213,2.0117192566394806
3896,11.0,0.8541605806478617,2.6264583847739478
3897,24.0,0.5009294333343953,2.170669893423716
3898,18.0,0.43215216614835916,2.0660844643910727
3899,43.0,4.634869715354923e-22,1.8727756877278172
3900,40.0,0.21642365698268903,1.9283594489097595
3901,52.0,0.3354105291597174,2.165014468706571
3902,20.0,0.04937386873309541,1.8665389537811279
3903,24.0,6.595827013603976e-10,1.8025603393713634
3904,24.0,1.1979250940402881,3.0386467576026917
3905,9.0,1.570532383916467,3.6005513932969837
3906,21.0,0.879586993596649,2.1355738185700917
3907,58.0,1.5331486261431475,2.4522404835141938
3908,49.0,0.5076741586279699,2.234665481411681
3909,15.0,0.0520207540652252,2.2104619344075522
3910,14.0,0.602748482196697,2.982016222817557
3911,14.0,0.3554454529377078,2.3775344576154436
3912,13.0,0.46323785281973107,2.3577200082632213
3913,13.0,0.5271350797952306,2.33950688288762
3914,27.0,1.9111378903875596e-41,1.5245248167603105
3915,16.0,1.9111378903875604e-73,1.7239456474781036
3916,15.0,0.3795402015869233,2.5009473164876304
3917,22.0,0.4985335373211327,2.1472944996573706
3918,44.0,0.792856582593678,2.317629586566578
3919,15.0,9.205836601249101e-10,1.8341088771820069
3920,23.0,0.657314020551676,2.233771241229513
3921,31.0,0.5089651048928829,2.054470354510892
3922,21.0,8.079339034786438e-26,1.6733484949384416
3923,20.0,0.7327225810124953,2.34293155670166
3924,16.0,0.7692436324527314,2.1884075105190277
3925,11.0,0.522767774552826,2.352779605171897
3926,34.0,5.570042365484854e-10,2.046937521766214
3927,35.0,3.2107321107065946e-24,1.7642854963030135
3928,11.0,0.322532943966655,2.386195746335116
3929,24.0,0.43670103357068246,1.8953851461410522
3930,15.0,1.3697766848958186,2.935011800130208
3931,18.0,1.2629725854385605,2.5987244182162814
3932,34.0,0.5508856755289407,2.1321146347943474
3933,18.0,0.7470256831238467,2.4812868701087103
3934,59.0,0.39600552269289696,2.187699285604186
3935,19.0,1.374358717262698e-34,1.4174659377650212
3936,33.0,0.28934725351990265,2.306829683708422
3937,24.0,0.9331375544016098,2.5293753345807395
3938,62.0,1.4255357614714421,2.252090015719014
3939,18.0,0.09593052560748269,1.9117316140068903
3940,26.0,0.5996783418657947,1.9515184255746694
3941,24.0,0.7547218290817532,2.435257693131765
3942,22.0,0.4080868643169656,2.1403425606814297
3943,39.0,0.41629489189492175,2.1860776803432365
3944,48.0,2.2116457056871263e-18,2.2376015881697335
3945,10.0,0.3952281203241559,2.675497817993164
3946,16.0,0.5290704734496517,2.5317600071430206
3947,16.0,0.26947513615160174,2.388992428779602
3948,25.0,0.23907438883998464,2.152667236328125
3949,20.0,0.7135891894178712,2.387108635902405
3950,23.0,0.7922973734492018,2.8792825989101245
3951,15.0,8.206085834784945e-12,1.9389288902282715
3952,47.0,3.8003405828315275e-20,2.2548385275171157
3953,47.0,5.084637802973114e-32,2.280360607390708
3954,15.0,0.36999577761315106,2.444640858968099
3955,17.0,0.525428122586218,2.0574801949893726
3956,19.0,0.32104341499496664,1.9306081470690275
3957,16.0,0.24054042009229729,2.3724740743637085
3958,23.0,1.122098165814077e-19,2.1335270923116934
3959,16.0,3.4688258079456536e-16,2.008336089551449
3960,13.0,3.468825807945654e-42,1.4505735544057994
3961,9.0,0.1826765778201902,2.8097844388749866
3962,20.0,1.3112829772499661,2.923608112335205
3963,46.0,4.0063265838752244e-22,2.0083817399066426
3964,23.0,0.3175387863417331,2.609355283820111
3965,55.0,0.5622529621425844,2.323033298145641
3966,17.0,6.586809705987726e-12,1.8112569837009205
3967,20.0,1.3405915751012256,3.250116562843323
3968,11.0,0.9971507126642638,2.998560168526389
3969,44.0,1.1622818797504297,2.612705718387257
3970,27.0,0.5285142749308214,2.479875953109176
3971,55.0,2.1656613011306766e-29,2.114706594293768
3972,11.0,0.8291638751292425,2.964511437849565
3973,18.0,0.4107842318307373,1.8190158738030329
3974,10.0,0.8416131025699454,2.812040376663208
3975,15.0,0.09659420973464207,1.850472625096639
3976,13.0,0.0016721954420871158,2.0933095125051646
3977,80.0,0.9579828380232315,2.312139618396759
3978,20.0,0.021575278278431472,1.7912344455718994
3979,70.0,0.20113311340364054,1.8702809470040458
3980,33.0,8.52684162275537e-20,2.142535599795255
3981,23.0,0.8885062153172664,2.1479171877321988
3982,39.0,0.3169448544816048,1.6992007280007386
3983,48.0,1.5642533889915322,2.3780284623305
3984,16.0,0.4717120078129978,1.835120677947998
3985,24.0,0.6099357682667684,2.396794001261393
3986,14.0,0.17591390358367834,2.2101663521357944
3987,27.0,4.1913606617609525e-38,1.6605347350791648
3988,25.0,9.328122600852715e-18,2.054935836791992
3989,26.0,0.44010355020397707,2.0399716083820048
3990,22.0,1.4233120261829981e-27,1.6291591687635942
3991,21.0,0.26946225211167,1.9487866447085427
3992,11.0,0.37944242666452654,2.3279776139692827
3993,51.0,0.6662478746421724,2.562428399628284
3994,10.0,1.197796184289622,3.36513991355896
3995,32.0,0.34962213832515016,2.2037689834833145
3996,24.0,0.23797233657223185,2.0424582163492837
3997,17.0,1.1749912965031864e-21,1.6398109407985912
3998,17.0,0.7924665120990063,2.496889787561753
3999,17.0,1.0732425146099145,2.783709974849925
4000,80.0,4.294526488269633e-120,1.8368850827217102
4001,54.0,0.7999851665694918,2.069743350700096
4002,12.0,1.0301866219086195,2.9062103033065796
4003,52.0,0.8242216279175454,2.305812872373141
4004,46.0,0.047153665114486605,1.908765284911446
4005,35.0,0.7185744513844314,2.485398864746094
4006,52.0,0.0001760258660682034,2.2760840379274807
4007,41.0,1.7602586606820353e-86,1.747250917481213
4008,15.0,1.568027818132309,3.7709175745646157
4009,49.0,0.23553403343009133,1.941459237312784
4010,55.0,7.428472704853548e-13,1.9741676677357067
4011,22.0,0.6804966617681137,2.3501028364354912
4012,31.0,1.0471423161255657,2.5855390794815554
4013,22.0,0.6052350297015722,2.3308038928292016
4014,40.0,0.07582758785457086,1.6777655601501464
4015,29.0,0.28014225337469695,2.304022525918895
4016,21.0,1.209891598870669e-31,1.7596334048679896
4017,12.0,0.2617767737472699,2.2915623982747397
4018,13.0,0.6544738189342919,2.6299358147841234
4019,14.0,0.040668105773968746,1.7114921978541784
4020,34.0,0.4004477503674694,1.9618916792028092
4021,25.0,0.10615462286971265,1.9418518257141113
4022,12.0,0.7117914126807628,2.639782110850016
4023,31.0,1.0518266472858246,2.476462056559901
4024,16.0,0.5175503869598947,2.3590243756771088
4025,11.0,1.5893474092928266,3.9881903041492808
4026,25.0,0.2172446973973093,2.1443627166748045
4027,20.0,0.751968287744002,2.532393550872803
4028,25.0,0.00023344542573287843,1.771410117149353
4029,50.0,0.18032273812717742,2.170230770111084
4030,35.0,0.2671508582820242,2.6187643596104215
4031,16.0,0.4150815919034301,2.3465881943702698
4032,24.0,0.48730136858218137,2.276345749696096
4033,28.0,0.04054470824404076,2.150526319231306
4034,9.0,3.9629366548278725e-12,1.801956335703532
4035,22.0,1.786735814408582e-05,2.088235681707209
4036,21.0,0.6377201425534644,2.550223940894717
4037,24.0,0.5028919527812906,2.0647268096605935
4038,10.0,0.12311303509162216,2.059192085266113
4039,9.0,0.19742631843535377,1.989784346686469
4040,17.0,1.1026137180693145,2.797283677493825
4041,26.0,0.23680023448503026,2.229850695683406
4042,17.0,0.18433420787703425,2.1183312640470615
4043,14.0,9.128350163580338e-28,1.355574301310948
4044,16.0,0.016330957111765656,2.3172094523906708
4045,41.0,0.37644413375449465,2.309312855325094
4046,31.0,0.9977154221263138,2.566363057782573
4047,23.0,0.2880493358524315,2.2180689521457837
4048,39.0,0.8167490560900421,2.3099456444764748
4049,17.0,0.6802860970088821,2.275294303894043
4050,18.0,0.2676984878108762,1.9956991407606337
4051,28.0,0.20719127255698153,2.215409687587193
4052,41.0,0.2858162275139539,1.8078129582288789
4053,17.0,0.986316081192622,3.0241140477797566
4054,23.0,0.1211452564846636,1.8799240070840586
4055,24.0,4.9794257891451055e-34,2.0300353169441223
4056,36.0,3.130215854291772e-56,1.8418479081657197
4057,17.0,0.9703792134796538,3.171226319144754
4058,15.0,0.4844545423864952,2.0979402542114256
4059,12.0,1.0159976529895551,2.713836113611857
4060,23.0,0.4024465895282701,2.009712032649828
4061,24.0,1.4736513437888419,3.129119594891866
4062,10.0,0.9349874351765363,2.3635158061981203
4063,24.0,0.7497504666619835,2.252306858698527
4064,15.0,0.5577941246862063,2.3056269963582356
4065,27.0,0.3022937231872085,2.398097762355098
4066,57.0,0.5015765738051858,2.2272435907731976
4067,71.0,0.16136453575165277,2.0951727376857274
4068,36.0,0.09187903458096061,2.2607654796706305
4069,17.0,0.18303569917086573,2.324386708876666
4070,40.0,0.7911632154984988,2.28538122177124
4071,41.0,0.85001611758471,2.5365337511388266
4072,15.0,6.30992463660108e-14,1.8695852279663085
4073,21.0,1.4586612538815187,2.9648429325648715
4074,21.0,0.42880079335101584,2.2533050718761625
4075,28.0,0.34882155686880606,2.4151523453848704
4076,24.0,0.9477708601989343,2.7060316999753318
4077,27.0,0.6363317830188615,2.0702532132466636
4078,18.0,0.3194128279219247,1.8354326619042292
4079,14.0,1.2567106490753228,3.1969540119171143
4080,14.0,1.1022343801354424,2.692427158355713
4081,24.0,0.381626050425173,1.977030595143636
4082,38.0,5.026044140566652e-38,2.093909790641383
4083,9.0,0.5739823839453149,3.0885530047946506
4084,14.0,1.0008852804813425e-23,1.5640055792672294
4085,45.0,0.035508390780847165,1.9885439766777886
4086,20.0,0.5041976401538131,2.32610821723938
4087,79.0,0.23759787625266598,2.0257024885732915
4088,21.0,0.0011054671386947865,1.7696959177652996
4089,41.0,1.0831701523821664,2.342937888168707
4090,20.0,0.5867467731298488,2.225068283081055
4091,49.0,0.686415330450437,2.518648439524125
4092,21.0,1.4681713723892302e-23,1.803684223265875
4093,14.0,1.4054949576909281,3.5621649537767683
4094,62.0,0.5410191005707722,2.3181991115693124
4095,31.0,0.9281505273068908,2.2904718152938353
4096,15.0,0.9183279791054008,2.5331310272216796
4097,34.0,0.015079565192727285,2.101830608704511
4098,42.0,0.47193669195190513,2.4636729785374234
4099,13.0,1.0004246888428323,2.988047819871169
4100,57.0,1.8483127386059357e-37,1.8876446422777677
4101,37.0,0.11126697688749636,2.1040417568103686
4102,18.0,0.9126002081728768,2.5845140881008573
4103,26.0,0.7383580996505892,2.518718192210564
4104,31.0,0.6114516050564303,2.1105354678246284
4105,24.0,0.4458062705453114,2.303465704123179
4106,23.0,1.9458325714510156e-45,1.6498727280160654
4107,26.0,0.8265469730048024,2.5352609157562256
4108,45.0,0.8073215395753703,2.5098895178900826
4109,15.0,0.6342236512145247,2.4953845659891765
4110,39.0,0.42462492410465236,2.0948877456860666
4111,19.0,0.036854284967996344,2.22381812020352
4112,15.0,0.041931076352226704,2.1411437034606933
4113,12.0,4.1931076352226726e-26,1.516591747601827
4114,33.0,0.23270141105614636,2.067708391131777
4115,18.0,1.3400271542675082,2.896281109915839
4116,15.0,1.8013857381424747,3.2614671071370442
4117,19.0,0.0021523150139075515,2.2147969509425915
4118,16.0,0.22467324194206212,2.420298546552658
4119,21.0,0.26415362676411086,2.0915966033935547
4120,16.0,0.9667224191160012,2.637756645679474
4121,16.0,0.19243976961804715,2.0091981887817383
4122,31.0,0.31731511134093954,2.017919171241022
4123,24.0,0.6491159647663544,2.791268547375997
4124,16.0,0.6830037273268191,2.7572834193706512
4125,37.0,0.18844617309070785,2.127918320733148
4126,23.0,0.31642611302391377,2.1579319912454356
4127,29.0,0.69620298098823,2.390523647439891
4128,38.0,0.8990547654053316,2.4757346855966667
4129,15.0,0.5562139875966644,2.116039594014486
4130,20.0,4.3667282045680995e-21,2.048036217689514
4131,23.0,0.3396109102187461,2.397484188494475
4132,10.0,0.19055479692341856,2.242855453491211
4133,14.0,0.32811240510512163,2.5738844871520996
4134,41.0,0.6407569877533175,2.191041318381705
4135,15.0,1.0032642534820833,2.6453926086425783
4136,41.0,0.20468857239538482,2.215725468426216
4137,16.0,0.09097464272779708,2.418490767478943
4138,57.0,1.2621205356595843e-61,1.8668288264358253
4139,16.0,1.262120535659585e-93,1.8889583945274353
4140,35.0,0.6284000406931842,2.31207207271031
4141,46.0,1.2678216922900827,2.4815573174020518
4142,19.0,0.6293282432581129,2.0246728094000566
4143,25.0,3.2893577463937144e-14,2.069176712036133
4144,14.0,0.1854048559998378,2.009566034589495
4145,15.0,0.38347583621222747,2.0065089225769044
4146,20.0,0.19492314981609665,2.0192447185516356
4147,30.0,0.675498586611223,2.2990313529968263
4148,30.0,0.013672812386791843,1.86942773660024
4149,47.0,0.49404273098338497,1.979788435266373
4150,27.0,0.7052233939994134,2.683650422979284
4151,20.0,0.6378261843869506,2.157278823852539
4152,19.0,0.26256532712993524,2.377773636265805
4153,19.0,1.0915824717955351e-20,2.1113780674181486
4154,13.0,0.23456892478450228,2.279229237483098
4155,13.0,0.7540866514104873,2.925295793093168
4156,14.0,0.614093756400888,2.1700622694832936
4157,22.0,0.6823981166563075,2.3845693414861504
4158,36.0,5.1593088129472806e-26,1.9973096979988947
4159,11.0,0.14199279237145598,2.116267117587003
4160,32.0,0.537224263891711,2.1220017969608307
4161,10.0,0.17909964246316923,2.429375982284546
4162,24.0,8.453484410746655e-20,1.9252822399139404
4163,20.0,8.453484410746658e-60,1.8128028392791748
4164,24.0,0.503971419020416,2.2012316385904946
4165,14.0,0.7864211258093742,2.6619633606501987
4166,22.0,0.6433857421108689,2.2121373306621206
4167,40.0,1.5867749282542134e-37,1.867830228805542
4168,8.0,0.1069294192718653,2.3944811820983887
4169,24.0,0.10021613619757748,1.8624670108159382
4170,51.0,1.351385516570678,2.5181549016167137
4171,67.0,9.922952266216545e-08,2.4129093938799047
4172,25.0,0.14453077360712002,2.361557807922363
4173,29.0,0.09133889919009151,2.1019231862035292
4174,20.0,0.3004752501526697,2.3097471237182616
4175,13.0,0.31362211067672685,2.1677564474252553
4176,13.0,0.5674661708689088,2.569392497722919
4177,14.0,0.2637904643620745,2.124917677470616
4178,16.0,7.015786621696605e-32,1.5510191172361374
4179,19.0,0.9856364751979594,3.046547212098774
4180,99.0,0.29390110249800333,1.8296859336621834
4181,14.0,0.22984441213768134,2.2068283557891846
4182,48.0,0.04167853710319436,1.9984143674373627
4183,41.0,0.48499025385868505,2.0398263582369176
4184,15.0,0.6748203196483916,2.4519288380940756
4185,28.0,0.5781280705999484,2.2459229741777693
4186,20.0,0.5703321067139956,2.241929221153259
4187,15.0,0.06638231449833702,2.0476124763488768
4188,26.0,6.330617429750956e-36,1.7447815124805157
4189,20.0,0.2644883723007871,2.3387412309646605
4190,9.0,8.470362340539821e-07,1.5868875715467665
4191,19.0,0.7076878672680459,2.365378555498625
4192,39.0,0.16376481558435999,2.127874716734275
4193,32.0,0.594803281879426,2.323814332485199
4194,26.0,0.8499969821346629,2.6003170563624454
4195,23.0,0.614302698318629,2.3899683330370034
4196,15.0,0.6509795008805057,2.761680539449056
4197,39.0,0.18659883461876245,2.162805838462634
4198,25.0,5.553946881226042e-17,2.0231409454345703
4199,22.0,0.15115618006150838,2.130041382529519
4200,15.0,0.33192300629357346,2.0755961100260416
4201,22.0,0.5286052583650621,2.580430572683161
4202,16.0,0.0956084287993506,1.875973254442215
4203,26.0,0.39652842412212586,1.8033214715810924
4204,36.0,0.759819100274391,2.2403456502490573
4205,15.0,1.8655590470433152,3.5129993120829264
4206,27.0,5.532873444016212e-24,1.9231955916793257
4207,31.0,1.0266567631372232,2.9557882816560808
4208,13.0,0.13035900444493492,1.8315246655390813
4209,13.0,0.15299341776179,1.9765540636502779
4210,14.0,0.11564429073246608,2.357717139380319
4211,17.0,1.0293998778417883,3.051547835854923
4212,24.0,0.516921073585145,2.3110200564066568
4213,17.0,0.7821627536125861,2.5220789628870346
4214,16.0,0.20097191212493415,1.8775261044502258
4215,37.0,0.16266766295780108,1.8426219063836176
4216,29.0,0.6932696025820685,2.337545559324067
4217,66.0,4.8357664759474695e-46,2.0137319709315444
4218,24.0,0.3506225283401267,2.3834192355473838
4219,58.0,0.6152499136952057,2.0887523601795066
4220,27.0,0.4461539530525434,2.32744531278257
4221,58.0,0.41507257059882424,1.9221324920654297
4222,30.0,0.9759036235783469,2.4110665639241535
4223,46.0,0.31158620966516276,1.8903116143268088
4224,19.0,0.544663023158908,2.3232036640769556
4225,15.0,0.9208431271368616,2.8377291361490884
4226,24.0,0.5235481126220038,2.1891669432322183
4227,13.0,0.7916101585652677,2.6222707491654615
4228,44.0,0.9847775155805202,2.4858275543559682
4229,33.0,0.4395879671009173,2.362534205118815
4230,29.0,0.7625869313668778,2.1752781539127746
4231,18.0,2.0714184440718725e-20,1.6016069518195257
4232,22.0,0.7477499007319979,2.486186829480258
4233,33.0,0.1027267453996484,2.0084507682106714
4234,50.0,0.07135484518794186,2.182592010498047
4235,31.0,3.098237248673139e-50,1.8939936237950479
4236,45.0,0.2997073670083156,2.113185660044352
4237,15.0,0.8044476653793515,2.3083796819051106
4238,20.0,0.6085564603975873,2.4689440727233887
4239,16.0,0.43864422476490017,2.286181330680847
4240,24.0,0.39613195570989645,2.61151031156381
4241,20.0,8.050867087568106e-28,1.7491137504577636
4242,17.0,9.865788803843788e-18,2.371272788328283
4243,20.0,0.2118159483970945,2.104116916656494
4244,15.0,0.7171087681529533,2.507052008310954
4245,16.0,0.1989091136251978,2.003532826900482
4246,20.0,0.2345466830347388,2.146564269065857
4247,14.0,0.9647249549612409,2.7783760683877126
4248,14.0,0.7755450432860924,2.5039303643362865
4249,22.0,0.7867818408466356,2.38985107161782
4250,136.0,0.13041573364012815,2.153800270136665
4251,18.0,0.36560611410407157,2.1701546245151095
4252,24.0,0.7707093685509052,2.4954569141070047
4253,25.0,0.036840546566981096,1.765494899749756
4254,30.0,0.0013880046390210743,1.8620052337646484
4255,30.0,0.34506958556807193,2.185180330276489
4256,28.0,0.1005819619916962,1.8886453764779227
4257,19.0,3.4621552715947207e-16,1.9581816949342425
4258,11.0,3.462155271594722e-38,1.631323510950262
4259,13.0,0.3688463493413695,2.3136359728299656
4260,24.0,0.5753362479732622,2.4414294163386026
4261,14.0,1.1546261129029654,2.976681811468942
4262,14.0,0.4056067663276071,2.0326931135995046
4263,39.0,0.9391772923281442,2.1197857551085644
4264,11.0,0.16174032938724606,1.9037124135277488
4265,78.0,0.18436805917449223,1.846569313452794
4266,43.0,0.44784448016938394,2.0279404396234555
4267,35.0,0.6846030909770449,2.0110488891601563
4268,50.0,0.0004034050909818319,2.1473139572143554
4269,13.0,1.6953960416620217,3.726597785949707
4270,17.0,0.1856066937559063,2.057434502769919
4271,18.0,0.5874469468856021,2.265028264787462
4272,31.0,0.7472810668058059,2.324875408603299
4273,8.0,0.5880883368483396,2.4692229628562927
4274,23.0,0.5448472572953115,2.0685894178307573
4275,46.0,0.8052174306644704,2.277918235115383
4276,11.0,1.327599221236441,3.3767407590692695
4277,17.0,0.716648663609896,2.3993095930884865
4278,17.0,0.1301619565228766,2.153391725876752
4279,19.0,1.3016195652287667e-39,1.7244239104421515
4280,24.0,1.8900892507284405e-45,1.6089354157447815
4281,11.0,1.8900892507284407e-67,2.082110274921764
4282,12.0,1.8900892507284412e-91,1.7143622636795044
4283,15.0,0.7572717567247834,3.0281944274902344
4284,66.0,0.8151160959696683,2.0796935124830767
4285,67.0,0.037451618809989554,1.890097041628254
4286,25.0,5.567346564160263e-06,1.9253449440002441
4287,37.0,0.16967597637235546,1.6536305917275917
4288,16.0,0.801941973401494,2.3756369948387146
4289,13.0,0.6857378560305365,2.1769878680889425
4290,44.0,0.4747991941997932,1.8486439314755527
4291,17.0,2.183641834690904e-06,1.8422923649058622
4292,40.0,1.360351011790371,2.5305881261825562
4293,20.0,0.8732300472952697,2.250590467453003
4294,16.0,1.1400727438532237,2.751009911298752
4295,23.0,1.005018475309391,2.549758952596913
4296,15.0,5.62353351756722e-16,1.6642123222351075
4297,22.0,1.373836140489522,2.847613735632463
4298,29.0,0.9349634235824441,2.435996022717706
4299,56.0,1.5627103791591433e-39,1.9487120594297136
4300,12.0,0.32651653206992687,2.3813998699188232
4301,16.0,0.4770899715749313,2.2274952828884125
4302,20.0,0.13661982299682887,1.959973120689392
4303,83.0,9.35573008543666e-80,1.7298032117177204
4304,10.0,0.4666478780925028,2.8910662651062013
4305,13.0,0.3929346160074718,2.4551093028141904
4306,20.0,1.4003215282090647e-22,1.8131802797317504
4307,45.0,0.273236216189049,1.7440241389804416
4308,11.0,0.6220648786139916,2.4972223368558017
4309,23.0,1.7134168314174804e-29,1.4180147544197415
4310,18.0,0.321730837149309,1.9954229725731745
4311,33.0,0.6747548613487018,2.388036987998269
4312,29.0,0.7162434980444842,2.24995729841035
4313,51.0,0.09013958489526586,1.764451363507439
4314,14.0,0.4685768735490369,2.442636387688773
4315,8.0,0.5921762847334122,2.5145944356918335
4316,33.0,0.08193862511591775,2.007014838131991
4317,31.0,0.829442533154618,2.6947469403666835
4318,19.0,0.26626516252308297,1.7028162102950246
4319,15.0,0.48244378741000565,2.1655649185180663
4320,24.0,0.44992020198392463,2.0731434424718223
4321,17.0,2.1943891595204585e-10,1.8313695963691263
4322,21.0,2.1943891595204593e-52,1.522713499409812
4323,30.0,0.6172648742945088,2.064044984181722
4324,48.0,0.5229052426712261,2.0056947668393454
4325,14.0,0.16136272101115517,2.2726213932037354
4326,43.0,7.168368254249935e-34,1.8616308611492778
4327,29.0,1.2607633950913107e-40,1.827303985069538
4328,11.0,0.9487614067730437,3.129150065508756
4329,55.0,0.9432992171990952,2.3632115277377044
4330,31.0,0.17404786780898315,1.8098980226824362
4331,19.0,0.3822996072471092,1.9637592717220909
4332,20.0,0.37547628185049853,1.9856002807617188
4333,47.0,0.6157155027724535,2.3336202743205616
4334,12.0,0.7227574824087843,2.4889883995056152
4335,28.0,0.7561555839114915,2.098339557647705
4336,15.0,0.10352983686397195,1.9786142349243163
4337,16.0,1.472280725894261e-17,1.9978923499584198
4338,15.0,1.4722807258942618e-47,1.3279701232910157
4339,93.0,0.430366442294831,2.0285024027670584
4340,46.0,1.1865954608300247,2.0387360324030337
4341,12.0,0.19085716660907087,1.8427068789800007
4342,19.0,0.10800720670138815,2.0380748196652063
4343,12.0,0.6835770726598424,2.325219670931498
4344,21.0,0.4013110850412453,2.1638806206839427
4345,22.0,1.0365989318714237,2.3328626372597436
4346,39.0,0.14481464891633278,2.129146783779829
4347,48.0,0.19853134694295826,2.1525794665018716
4348,17.0,0.515582365878521,2.229393482208252
4349,24.0,0.6547836747216723,2.02652108669281
4350,21.0,0.3769717668646956,2.129129614148821
4351,49.0,0.2601983245071693,2.1765978968873316
4352,14.0,1.0535917844363811,2.8911644390651157
4353,15.0,0.8103761764692388,2.208726660410563
4354,14.0,0.44341711655239,2.491244741848537
4355,48.0,0.44235165622818046,2.2949437697728476
4356,19.0,0.14227986415643187,2.234319762179726
4357,12.0,0.16529747548691837,2.2139710585276284
4358,13.0,0.42640217767071864,2.2158641815185547
4359,23.0,1.075249430324552,2.4656070211659307
4360,20.0,0.8374390254023734,2.5545226097106934
4361,13.0,0.2731732026851447,2.0139323014479418
4362,32.0,0.29423264986690084,2.3938795924186707
4363,12.0,1.5966375640800585e-15,1.8752513925234477
4364,56.0,0.7516122955311569,2.1573062453951155
4365,10.0,0.46910180738887963,2.4079035997390745
4366,18.0,2.019634597653839e-31,1.7307711442311604
4367,13.0,0.3328396441775149,2.212471746481382
4368,22.0,1.038558476446288,2.5944859331304375
4369,45.0,0.2016589670041288,1.9650426970587835
4370,13.0,0.9819890811715034,2.9940905570983887
4371,16.0,0.4532570896907535,2.14851051568985
4372,23.0,4.482494564140171e-40,1.640993947568147
4373,12.0,0.1651705802322055,2.1922024885813394
4374,16.0,0.4325449766524401,2.1568577885627747
4375,20.0,0.6168597391178561,2.500013864040375
4376,46.0,0.3674770781548907,1.9525163795637048
4377,26.0,0.9558212127794554,2.458969097871047
4378,11.0,0.36380403489310137,2.1286187171936035
4379,22.0,0.9445128844182838,2.2763111157850786
4380,19.0,0.45541938100190316,2.05433998609844
4381,18.0,0.674654232084927,2.4502044253879123
4382,33.0,0.4944072106669127,2.439014889977195
4383,59.0,0.007104242095543989,2.093553648156635
4384,19.0,0.5053526656081548,2.3691024780273438
4385,62.0,0.40068623577900775,2.157178525001772
4386,30.0,0.016681495586298247,1.9028947989145915
4387,37.0,0.46913891541633984,2.1501405947917216
4388,12.0,1.8225451709452254,3.6430060068766275
4389,15.0,0.6420880906492372,2.320054562886556
4390,13.0,0.009651993288323484,1.8238816994887133
4391,28.0,0.5228310482820808,2.184513177190508
4392,18.0,0.4773945643028092,2.3833170069588556
4393,16.0,0.7508501273307923,2.358179807662964
4394,30.0,0.3008893327135776,2.2499399185180664
4395,32.0,0.6152021468080484,2.244539886713028
4396,24.0,0.19943419229043965,1.7131012280782063
4397,24.0,1.6147732183666574,2.8813490072886148
4398,30.0,0.8821058099540545,2.535792907079061
4399,17.0,0.25494719959866335,2.0557118864620434
4400,23.0,0.0452333486607077,1.9996781763823137
4401,20.0,0.390322477139636,2.2002525091171266
4402,9.0,0.22492424884920517,2.147270096672906
4403,14.0,2.635630752718823e-16,1.9269961970193046
4404,36.0,9.450697306629905e-62,1.9980831676059299
4405,9.0,0.07418139516988531,2.399635155995687
4406,15.0,1.0028334712525837,2.6979446411132812
4407,51.0,0.4718471626187809,2.0102113181469488
4408,16.0,0.43223073547315477,2.513211190700531
4409,14.0,0.40703317444707593,2.137526512145996
4410,17.0,0.24143192639740998,2.1338920032276825
4411,19.0,4.2084699992317675e-22,1.6622033370168585
4412,19.0,0.06765339606732403,2.2504838642321134
4413,85.0,0.6125943216855126,2.140282013837029
4414,14.0,0.26127701043567986,2.1038893290928433
4415,19.0,0.513300223558644,2.48677386735615
4416,32.0,0.5429556122990499,1.796581357717514
4417,23.0,1.3376760562744758,2.4951048311979873
4418,34.0,0.4760347113665023,2.236867497949039
4419,37.0,0.3356181731138475,1.9011606912355166
4420,32.0,0.8304079554483316,2.46387979388237
4421,14.0,3.074581111952509e-20,1.4832194532666887
4422,42.0,0.2560908025626055,1.7357498237064906
4423,77.0,0.3407383888008191,2.0233586546662568
4424,19.0,0.8263751786838947,2.412186120685778
4425,14.0,0.5196782871848183,2.264727694647653
4426,19.0,1.3167441208049202,3.0527283266970984
4427,23.0,0.006555480761839504,2.264494564222253
4428,17.0,0.7663294310961829,2.7977328440722298
4429,26.0,0.0608463285997625,1.9913383630605845
4430,49.0,1.061265338628775,2.3166987166112785
4431,60.0,0.02732961328484469,1.6506598949432374
4432,39.0,0.15936161835727408,1.8138160338768592
4433,38.0,0.32318481561639584,1.6631116051422923
4434,10.0,0.31475102645660774,2.0851577281951905
4435,44.0,1.2128497731990804,2.2895343520424585
4436,10.0,0.3051475851570569,1.9568933069705963
4437,36.0,0.1092564185814583,1.90606603357527
4438,23.0,0.5603634218390108,2.2034668715103813
4439,14.0,1.0186289230907872,2.561910016196115
4440,24.0,0.27183678747691464,2.1118379831314087
4441,81.0,0.264243503447009,1.980718736295347
4442,14.0,0.393416185470469,2.485336116382054
4443,29.0,0.2603174189732455,1.8133027964624866
4444,30.0,0.6699009882808786,2.0970949014027913
4445,21.0,0.16739808137200263,1.5603505543300085
4446,46.0,0.125496955652081,1.8869160776552947
4447,31.0,0.7922890407816969,2.380837978855256
4448,14.0,0.45544640800522707,1.812091282435826
4449,41.0,0.3764521225731823,1.946850357986078
4450,14.0,0.19035953760750518,1.6530823366982597
4451,76.0,0.440473441758118,2.0171914414355627
4452,47.0,0.7266780259469001,2.217851608357531
4453,9.0,0.7712778979823162,2.443203396267361
4454,18.0,0.9723851217126264,2.309941980573866
4455,21.0,3.866923752546508e-18,1.3962422268731254
4456,9.0,0.33323182141628943,2.923614925808377
4457,19.0,0.6628280079202163,2.6208558584514416
4458,39.0,0.5679934905472145,1.7786881251212878
4459,24.0,0.9962685206471623,2.546391228834788
4460,17.0,0.770978356258764,2.5784427698920753
4461,10.0,1.5622310279011173,3.494388294219971
4462,35.0,5.440514400260327e-16,1.9035186903817314
4463,10.0,1.2647386220918095,3.4195417404174804
4464,50.0,0.6061351321402884,2.0078931999206544
4465,84.0,5.960321346346025e-70,2.016315785192308
4466,61.0,0.4368902701807487,2.229856475454862
4467,39.0,0.6947971881832208,2.8145542633839145
4468,24.0,2.6374013010962778e-20,1.938625266154607
4469,56.0,1.0215523704525764,1.8714409640857153
4470,20.0,0.10228400381419463,2.018346095085144
4471,19.0,0.38114292788627835,2.300381760848196
4472,49.0,0.0015604905849383882,1.7386003221784319
4473,32.0,1.1200666318554897,2.4793468713760376
4474,153.0,0.055749251486470586,1.8341149442336138
4475,53.0,0.4736394106043079,2.1451925511630074
4476,28.0,0.5564026545844366,1.9563742620604379
4477,57.0,0.47554238473957483,1.9353224436442058
4478,25.0,0.7202473855690158,2.2920272064208986
4479,21.0,0.08179362109412118,2.0816244738442555
4480,14.0,0.3264156350267353,2.3174205166952953
4481,41.0,0.40376595074265254,1.850931563028475
4482,15.0,0.6219605034199766,2.2437971750895183
4483,37.0,1.1762213287213932,2.1017410175220386
4484,38.0,0.4560381237255257,2.122773973565353
4485,70.0,0.3248766540865463,1.9787928989955357
4486,39.0,0.4023386624198669,2.079298667418651
4487,40.0,0.5570574649233916,1.9695794820785522
4488,19.0,0.21183554445882555,1.939801297689739
4489,36.0,0.6968151042259813,2.0758639838960438
4490,58.0,3.7855032100319885e-26,1.7509225935771549
4491,27.0,0.9127363162313438,2.8097016193248607
4492,12.0,1.0231353317873961,2.8406875133514404
4493,12.0,1.1211180895208157,2.8538888096809387
4494,40.0,0.03957629327455668,1.851047694683075
4495,16.0,8.844804473718233e-22,1.945384442806244
4496,35.0,0.2727393294652843,2.1433504104614256
4497,18.0,5.789236355140277e-22,1.663950549231635
4498,40.0,0.826499289168198,1.8986700296401977
4499,33.0,0.009584415981406358,1.9398762529546565
4500,16.0,0.7540768713440178,2.3898304104804993
4501,25.0,0.8079364445215567,2.5777385377883912
4502,13.0,1.5719782119106835,3.5915926419771633
4503,24.0,0.9191745831391274,2.111417849858602
4504,27.0,0.26407471655953885,1.9625643182683874
4505,43.0,0.5662480860138664,2.293024551036746
4506,75.0,5.738136652282263e-124,1.6610420672098796
4507,9.0,0.5925409425689118,2.913872824774848
4508,29.0,1.3123362304110273,2.4819524205964187
4509,14.0,0.8960824896488093,2.3644304956708635
4510,24.0,1.4066714872188792,2.7675575017929077
4511,37.0,0.8523516635284205,2.495501273387187
4512,45.0,1.2782628625165702,2.196205711364746
4513,20.0,9.370678664467706e-05,1.980183184146881
4514,14.0,0.1825011711024032,2.126821756362915
4515,32.0,0.240827728019337,2.1802218556404114
4516,30.0,1.182811000252608e-34,1.9664662679036458
4517,17.0,0.9119283320521936,2.478402249953326
4518,22.0,0.8164291877126112,2.553133964538574
4519,28.0,0.17011235188283225,2.1302146230425154
4520,16.0,0.786055973441074,2.54917374253273
4521,27.0,0.4542750819579556,2.2872377324987343
4522,14.0,0.2170126909679506,2.0132033484322682
4523,24.0,0.22214966181986898,2.171403100093206
4524,112.0,0.2952385148708172,1.8864538839885168
4525,33.0,0.680658926072278,2.252811576380874
4526,11.0,1.7820776098638396,3.7318267822265625
4527,22.0,0.6309916023562232,2.1154825470664282
4528,18.0,5.063494540191066e-22,1.7828902933332655
4529,28.0,0.5294654518519022,2.173915675708226
4530,14.0,0.37526868989143963,2.387981857572283
4531,16.0,3.984652241008221e-26,1.3935311436653137
4532,18.0,0.4656043966564081,2.393107149336073
4533,21.0,0.3779892252049073,1.9499235153198242
4534,48.0,0.8364959681681303,1.913050393263499
4535,14.0,1.102751149154726,2.766256025859288
4536,23.0,1.0524996770431307,2.5245321315267812
4537,18.0,0.7947452840107334,2.0860755443573
4538,43.0,0.8540969944576494,2.123789820560189
4539,44.0,0.6894963585434124,2.0867436799136074
4540,26.0,1.6241846234524395,2.7205146642831655
4541,83.0,1.1649690243876205,2.1547707477247857
4542,12.0,0.5413818031860879,2.265663226445516
4543,25.0,9.007198210616102e-36,1.6597026634216308
4544,32.0,1.0581752436506848,2.2738361954689026
4545,14.0,0.43789299892812894,2.0673766817365373
4546,23.0,0.38500823207332646,1.8181905331818953
4547,14.0,6.128890911622534e-12,1.8590490647724696
4548,28.0,0.4575111291997882,2.4497802768434798
4549,13.0,0.02508094053949656,1.8780290897075946
4550,13.0,0.5859983563166146,2.4789171585669885
4551,16.0,0.41807735363208665,2.1431400179862976
4552,15.0,1.6026572512151398,3.3288723627726235
4553,16.0,1.1762171066474467,2.8395153284072876
4554,14.0,0.958577326320165,2.61022881099156
4555,67.0,0.4972702848611289,2.1135522073774196
4556,16.0,0.499424542018477,2.1703611612319946
4557,76.0,1.3941345009778748e-95,1.7570130009400218
4558,23.0,0.6091176323927437,2.176212621771771
4559,18.0,0.9313530570214278,2.836168554094103
4560,32.0,0.5241006341878318,1.8039975017309189
4561,20.0,0.7190779186515586,2.2216039657592774
4562,27.0,0.5139211931118759,2.3065774175855847
4563,74.0,1.617869311223022,2.1740152964720854
4564,46.0,0.638900013018169,2.387822285942409
4565,9.0,0.3392705550161731,2.029508603943719
4566,12.0,1.8238373722509775,4.1443776686986284
4567,70.0,0.46260168537010515,2.2092509950910295
4568,13.0,5.653784114810042e-14,1.6972926946786733
4569,23.0,0.07842518610270093,2.399464524310568
4570,17.0,0.9582330618220191,2.771568438586067
4571,59.0,4.429125855112608e-43,2.0207210880214883
4572,20.0,0.6643453749193815,2.514230155944824
4573,17.0,0.7101435648303028,2.505992384517894
4574,69.0,1.0579780301818004e-51,1.8971548080444336
4575,14.0,0.5612988081047084,2.6851304939814975
4576,75.0,0.3245333034638218,1.8801416524251302
4577,21.0,0.089652740205439,2.0146473475864957
4578,22.0,0.5371397054769408,2.889271757819436
4579,14.0,0.6384637557406225,2.416412046977452
4580,13.0,0.5164065427935606,2.3722804142878604
4581,37.0,0.45044137289717945,1.8008501723005965
4582,27.0,3.852082039140615e-28,1.946126593483819
4583,16.0,0.6163954424337538,2.6582557260990143
4584,31.0,0.0027854066786534284,2.063313038118424
4585,17.0,3.4976452632986798e-34,1.728529088637408
4586,34.0,1.3821851212464475,2.5252561849706314
4587,39.0,0.5313784838311443,1.9754902399503267
4588,55.0,0.1659704326174673,2.013331161845814
4589,16.0,0.4680541128175071,2.448011666536331
4590,14.0,2.1308747389373325e-19,1.741194418498448
4591,20.0,0.7720103658047979,2.94932222366333
4592,25.0,0.2533115437950138,1.6496804428100587
4593,15.0,5.341930321412966e-30,1.3674527009328206
4594,19.0,0.8593441317062275,2.5751398990028784
4595,9.0,0.44710525287776376,2.4726039833492703
4596,20.0,0.0019582097579312722,2.2057244181632996
4597,53.0,0.4081279718691276,1.9220747497846495
4598,54.0,1.221750171076099,2.2757302743417247
4599,44.0,1.0135607126160386e-28,1.932947191325101
4600,17.0,1.3602398432398988,3.1606475886176613
4601,14.0,0.8376955732971381,2.4737826074872697
4602,21.0,0.448560057211372,2.1575071471078053
4603,20.0,0.10771269669427444,1.973141360282898
4604,34.0,1.2555661398717322,2.4457904310787426
4605,21.0,0.40278039411074157,2.2279273441859653
4606,11.0,1.0884387407392877,3.020111257379705
4607,26.0,0.3407058107647936,2.40191441315871
4608,30.0,1.5305518964849785,3.0234368960062663
4609,11.0,0.6826246220321781,2.070401495153254
4610,31.0,6.036616093080655e-42,1.6635724806016492
4611,34.0,0.3547857997404729,1.9379551270428825
4612,14.0,1.2166217037783638,3.035878998892648
4613,26.0,0.9668229671076224,2.1641050485464244
4614,15.0,1.228931998679705,3.21733185450236
4615,16.0,0.6051009632702143,2.4134521484375
4616,49.0,0.5789019403591174,2.153322881581832
4617,26.0,0.18505860525473206,1.8491132809565618
4618,15.0,1.3499180578444596e-20,1.885009765625
4619,18.0,1.3499180578444601e-56,1.6914542648527358
4620,19.0,1.1549535769359143,3.0835700537029065
4621,36.0,0.5497991000829704,2.218759967221154
4622,14.0,1.5006404437684964,3.359590087618147
4623,51.0,1.5835359880336853e-74,1.8100923650404985
4624,33.0,0.648819540376854,2.3680600253018467
4625,52.0,0.14357408517983244,2.0377366909613976
4626,16.0,1.3031197205576073,2.9722819328308105
4627,13.0,4.515150068370625e-06,1.5595700098918035
4628,16.0,0.4544937033204673,2.578815668821335
4629,75.0,1.17491060280772,2.3910101572672526
4630,28.0,7.090023612101174e-40,1.6110034329550607
4631,38.0,7.090023612101177e-116,1.740510968785537
4632,17.0,1.0521701562296217,2.759170644423541
4633,50.0,5.070345399620093e-12,2.2192903423309325
4634,16.0,1.2643782005375608,3.1082674860954285
4635,26.0,0.8089920392242923,2.7302056275881252
4636,14.0,0.38613669501448666,2.198117767061506
4637,15.0,0.1733171520849062,2.0602779070536297
4638,15.0,0.18450606042350526,2.1406797409057616
4639,28.0,0.9715947907091919,2.6318215302058627
4640,44.0,1.7172311475601298e-06,2.0825812058015303
4641,41.0,0.501059535312896,1.9816224749495344
4642,20.0,0.9225238585585909,2.652792191505432
4643,15.0,0.09094763725324062,1.899685001373291
4644,27.0,0.5472361774702805,2.267170782442446
4645,15.0,0.5801103452342192,2.313348738352458
4646,33.0,4.801417865351631e-16,2.0609116265268037
4647,39.0,0.377853701397648,1.9999532088255272
4648,30.0,0.5347578049302225,1.9453500429789226
4649,17.0,1.2521326209246344,3.1858810537001667
4650,54.0,6.463976765735918e-30,2.337084823184543
4651,22.0,6.463976765735921e-74,1.7922229333357378
4652,39.0,0.8353472799619073,2.134333781706981
4653,17.0,0.6775200422942201,2.3187435935525333
4654,29.0,1.242934042221024,2.5036066647233635
4655,23.0,1.0698410089036048,2.8235244129015054
4656,56.0,0.6571246514180242,1.8609883274350847
4657,20.0,2.0908494588575034e-30,1.4827506780624389
4658,46.0,0.9042825565823108,2.1437270641326904
4659,21.0,5.921875647747812e-05,1.921938839412871
4660,34.0,4.74604512223553e-20,2.117111991433536
4661,17.0,4.746045122235534e-54,1.5570742382722742
4662,75.0,1.585657935577988,2.2888468360900878
4663,13.0,0.670908561576874,2.137632590073806
4664,24.0,1.064198147476006,2.487836221853892
4665,12.0,0.7727763192420529,2.376567522684733
4666,24.0,4.491843560693083e-06,1.9040851990381877
4667,11.0,4.491843560693084e-28,1.474389986558394
4668,13.0,0.23772195692936154,2.404982089996338
4669,24.0,1.1003488781062973,2.9082042376200357
4670,14.0,1.1998008946704208,3.2028234686170305
4671,11.0,0.8070803461204773,2.2024124318903144
4672,18.0,0.534229023085374,2.724058449268341
4673,60.0,0.3480837440751917,1.9896323362986246
4674,21.0,0.6178122990032119,2.1912453061058406
4675,15.0,0.5357997644123023,2.248083146413167
4676,101.0,7.794029762129794e-30,2.1245747273511224
4677,19.0,0.3605286999577831,2.1907094403317102
4678,14.0,1.4749740810043976,3.3940395627702986
4679,35.0,3.337162570931352e-50,1.641559750693185
4680,10.0,0.43969874098281614,2.550386667251587
4681,16.0,0.416452788190782,2.521986484527588
4682,10.0,1.1549175038806967,3.1532078266143797
4683,28.0,0.6038540469767522,2.1391258239746094
4684,19.0,0.528238242852636,2.047225701181512
4685,18.0,0.5847793537034033,2.6252685917748346
4686,15.0,0.7096072744090549,2.8577073097229
4687,23.0,0.8960844815944204,2.5367896867835005
4688,12.0,0.7324387414885034,2.6408756971359253
4689,15.0,0.7430506741621223,3.1388426780700684
4690,39.0,1.0411245940675355,2.7117106853387294
4691,20.0,0.6547467248243349,2.433404231071472
4692,36.0,0.4851222352427818,2.3340324693255954
4693,29.0,0.6167728655009777,1.956904279774633
4694,18.0,0.04403616937726841,1.949876520368788
4695,26.0,0.12616939603106292,2.2505796872652493
4696,11.0,0.3168177060296396,2.3153967423872515
4697,60.0,1.2289820112183063,2.237037499745687
4698,22.0,0.7497760850952199,2.3935717235911977
4699,36.0,0.8335136760476038,2.3651395506329007
4700,64.0,0.1219432370996063,1.8990940526127815
4701,13.0,0.5954437846738503,2.7511677742004395
4702,12.0,0.8082557038700332,2.484859069188436
4703,12.0,0.7750670150132313,2.6749118169148765
4704,23.0,1.6707422536385155,3.0695863392042075
4705,16.0,0.3998309558178537,2.152084708213806
4706,25.0,0.4349340020067318,2.0961111640930175
4707,26.0,4.260771198020564e-51,1.7115075771625226
4708,13.0,0.931234620582147,3.118717853839581
4709,22.0,1.6828122342617867e-15,2.218778371810913
4710,70.0,0.6234293236703662,2.168337147576468
4711,25.0,0.704551015984754,2.237558364868164
4712,35.0,9.078997947032598e-42,1.8137544223240443
4713,10.0,9.0789979470326e-62,1.502293300628662
4714,32.0,0.9060321892836638,2.063288167119026
4715,11.0,0.8577221710190827,2.8691980188543145
4716,33.0,0.5582648554741119,2.247160651467063
4717,11.0,0.7403821484123941,2.725719625299627
4718,19.0,1.2473512895997079,2.9283791843213534
4719,20.0,0.24153152837879108,2.24887068271637
4720,15.0,0.1860022510093516,2.0892783482869466
4721,11.0,0.476622382886882,2.2327199415727095
4722,17.0,0.2698586264425998,2.0536500145407284
4723,38.0,1.5454846330794751,2.2861821024041427
4724,41.0,0.8564420473853613,1.975811365174084
4725,13.0,0.2952932544347619,2.122241203601544
4726,33.0,2.5650304044132226e-18,2.1003235614661016
4727,14.0,0.9342330719988226,2.722829512187413
4728,17.0,1.3996881481318322e-25,1.631852528628181
4729,11.0,0.024935448635402528,2.229925675825639
4730,69.0,1.1803435632899515,1.8573939903922703
4731,46.0,1.147305977035471,2.3806063817894976
4732,10.0,0.4892288198557001,1.8361400604248046
4733,22.0,0.26016420426208414,2.1100331869992344
4734,26.0,0.7520237226756429,2.4552550866053653
4735,12.0,0.6637437734388819,2.5873459577560425
4736,59.0,0.012317272388879568,1.8470775394116419
4737,16.0,0.009441690051497682,1.809352546930313
4738,67.0,0.5434337502503038,2.155670429343608
4739,20.0,0.5359588398981212,2.3341560840606688
4740,26.0,0.1820483782173141,1.6218506556290846
4741,12.0,8.57120897767593e-24,1.6067450046539307
4742,18.0,0.7924707520851079,2.6846302350362143
4743,30.0,0.8783057503868492,2.3565113226572674
4744,34.0,1.3697722226981846e-23,1.7944529898026411
4745,27.0,0.929973912667279,2.547504283763744
4746,26.0,0.6624879790337284,2.2680483047778788
4747,58.0,0.4654288294548681,2.1230301528141418
4748,32.0,0.5264743586225505,2.489488586783409
4749,57.0,0.6462907417404158,2.2734862210457787
4750,16.0,0.16580770532673011,1.8410564661026
4751,88.0,1.3617287074014945,1.829490672458302
4752,28.0,1.0267583243253682,2.630243641989572
4753,47.0,0.4962446912086967,1.993342714106783
4754,58.0,0.970040671637689,1.8094432600613297
4755,24.0,0.5819707969719045,2.4246203899383545
4756,40.0,0.06933587887636064,1.8907857298851014
4757,16.0,1.4624658469795468,3.0802900195121765
4758,9.0,0.8479405029787055,2.380137284596761
4759,51.0,0.8110253164110016,2.031144974278469
4760,26.0,0.2491287720367241,1.9336917400360107
4761,53.0,0.9553708639037353,2.17878224714747
4762,28.0,0.6942178531495318,2.284928185599191
4763,33.0,0.4030866984401946,2.0507373809814453
4764,17.0,1.0006417692235696,2.489829231710995
4765,18.0,0.3427809292335386,1.9629947079552545
4766,23.0,0.026656452053557836,1.7499368916387144
4767,41.0,0.6964991800483142,2.2400772746016337
4768,24.0,0.636237359824141,2.3414397637049356
4769,14.0,0.7766464308441631,2.6307136671883717
4770,16.0,0.7774256072949194,2.652857154607773
4771,37.0,0.3491195469757961,2.109910758765968
4772,45.0,0.12647985291322358,2.111916160583496
4773,38.0,0.4000502169059637,2.1068019741459896
4774,16.0,0.04618884863658359,2.0666937828063965
4775,20.0,0.12491615078837096,1.9080268383026122
4776,16.0,0.21103208526589393,2.460873693227768
4777,40.0,0.6319964834554538,2.1453326821327208
4778,16.0,0.6194728443454262,2.1980418264865875
4779,22.0,0.6317757737838288,2.4211460893804375
4780,20.0,1.555672555869601e-09,1.87371084690094
4781,19.0,0.1673620451193733,1.9878020537526984
4782,24.0,1.6004284526986776,2.8243233362833657
4783,29.0,0.5506833689092994,2.028837171094171
4784,21.0,0.52514597274483,2.200859614780971
4785,55.0,0.6235034662363945,2.517856857993386
4786,14.0,0.5674356021802968,2.282231228692191
4787,36.0,2.250629249859987e-19,1.9818642669253879
4788,15.0,2.2506292498599876e-49,1.8715158144632975
4789,22.0,2.250629249859989e-93,1.709674510088834
4790,11.0,0.6171211119216837,3.1395029588179155
4791,51.0,0.35453904487188553,2.1757590723972693
4792,11.0,0.10062486935255704,2.1443435062061655
4793,29.0,2.0047694299499427e-27,2.0811831868928055
4794,11.0,2.0047694299499437e-49,1.497392015023665
4795,41.0,0.8738098418689028,2.351922291081126
4796,27.0,0.5688370221980086,2.115564964435719
4797,43.0,1.3827223301462317,2.5576791319736216
4798,38.0,0.37618453800924717,1.9770164113295705
4799,67.0,0.6361899376735293,2.5202905882650346
4800,20.0,0.2544923331194018,2.550117516517639
4801,52.0,0.5797086969406059,1.9272427558898926
4802,55.0,0.7017548420914984,2.469790718772195
4803,16.0,0.16537316305819175,2.0663434267044067
4804,21.0,0.7915189308938125,2.539608183361235
4805,10.0,0.2989052147118434,1.9859666347503662
4806,37.0,0.9377460169287609,2.4082521619023503
4807,41.0,8.368609061513075e-30,2.057427499352432
4808,56.0,0.11460612350308697,2.2581081560679843
4809,25.0,0.5909027019474677,2.2741981887817384
4810,21.0,0.8811554703270308,2.4516065688360307
4811,11.0,0.6590886123946392,2.357606194236062
4812,32.0,1.0154479662927067,2.4976364374160767
4813,11.0,0.0002741388018795233,1.762768268585205
4814,19.0,0.05240705388559315,1.892251215483013
4815,11.0,1.219487650205743,3.5799681923606177
4816,11.0,1.1547606028774278,2.8502619049765845
4817,31.0,0.4997114286914886,2.2658148734800276
4818,16.0,1.2138557925989804,3.059342861175537
4819,17.0,0.5259239292178884,2.1811320360969093
4820,38.0,0.23195966326569623,1.9811274001472874
4821,54.0,0.257703796256562,1.6707136895921495
4822,18.0,0.669057559875909,2.6025131278567843
4823,31.0,0.4522075627437994,2.1096457665966404
4824,42.0,1.3160010510577588e-75,1.6869438943408785
4825,11.0,1.103700917932826,3.1767463250593706
4826,50.0,1.1500812450626265,2.2112547159194946
4827,22.0,0.4459980555996419,2.251024918122725
4828,12.0,5.663094327400911e-12,1.8489281634489696
4829,44.0,0.06380897734601496,1.9023611437190662
4830,19.0,0.4213889870486788,2.323603479485763
4831,24.0,0.4056445980084385,1.9966294368108113
4832,35.0,0.219005367349329,2.0369862147739957
4833,13.0,0.3497276619593593,2.071117694561298
4834,37.0,0.489984655465185,2.313055167327056
4835,14.0,0.18725654130727415,1.7570206778390067
4836,48.0,0.569417860800741,2.210798554122448
4837,15.0,0.7240289449128705,2.4266794204711912
4838,15.0,0.8981197375987789,2.4597304026285807
4839,16.0,0.26639133148934035,2.0056520998477936
4840,16.0,0.4565312263678581,2.298323333263397
4841,45.0,0.8506276718338752,2.0302352905273438
4842,9.0,1.3402911611282577,3.3413321706983776
4843,21.0,0.4311319835808832,2.0132718767438615
4844,52.0,0.5126778370293948,2.1630592346191406
4845,29.0,1.3063440586272173,2.440819099031646
4846,22.0,0.4211591343322222,2.1227219754999336
4847,17.0,0.08007151818860744,2.120255245881922
4848,18.0,0.6247145062773622,2.36754486295912
4849,34.0,0.8163458271852574,2.311923349604887
4850,12.0,1.5800307650351986,3.797295957803726
4851,11.0,0.5795298992271495,2.11629412390969
4852,68.0,0.5153714602705347,2.0858329744899975
4853,24.0,0.7251554759346467,2.4895919958750405
4854,26.0,0.6835949549041169,2.305583256941575
4855,18.0,1.3927914807319286,2.890534930759006
4856,37.0,0.5876620083755887,2.131505991961505
4857,28.0,0.9238930068050888,2.4914954730442593
4858,15.0,0.39421128205141526,2.3431639035542804
4859,52.0,0.036321745480507504,1.8464531669249902
4860,10.0,0.7671162828618217,3.033082103729248
4861,62.0,0.17170666162551448,1.8086657754836544
4862,30.0,0.6177787997371311,2.1392010688781737
4863,53.0,0.33873740119283663,1.6985252668272774
4864,31.0,1.0939154507151712,2.4470573702166156
4865,44.0,0.2280668079484691,2.0026802799918433
4866,21.0,0.8518841823446005,2.3639090174720403
4867,11.0,0.4902942362006949,2.0435446825894443
4868,22.0,0.427330314458557,2.0342693112113257
4869,32.0,0.035482427326428326,2.1815388798713684
4870,25.0,0.49974096005089536,1.867217845916748
4871,16.0,0.4285661041792806,2.369624614715576
4872,27.0,1.1931653415207006,2.4548358387417264
4873,73.0,0.2336065782063317,1.9824571152255959
4874,69.0,0.7125917268802795,1.97681690990061
4875,27.0,0.7589644596733484,2.2214208708869085
4876,53.0,0.5473973697227332,2.478672612388179
4877,23.0,0.7931048350223981,2.423333810723346
4878,75.0,0.968819937277126,2.218235969543457
4879,14.0,0.22549102841081647,1.911557640348162
4880,22.0,0.33069325300694524,1.7884387536482378
4881,23.0,0.5068981548028694,2.32540516231371
4882,36.0,1.1619875110134832,2.460192243258158
4883,35.0,2.4993642584594753e-05,2.048516913822719
4884,8.0,0.0299267780111651,2.072935402393341
4885,17.0,0.863662305944061,2.9678007013657512
4886,50.0,0.8507033577247085,2.137729606628418
4887,15.0,0.5447126176546718,2.272993882497152
4888,35.0,0.9426919476633822,2.3948251724243166
4889,30.0,0.7007126552863536,2.4281800746917725
4890,19.0,0.6531939597955639,2.370275723306756
4891,12.0,1.2530060261999306e-15,1.761531114578247
4892,45.0,0.8386555740257827,2.00867371029324
4893,22.0,0.6109689854666638,2.4547044797377153
4894,25.0,0.3619890096529141,2.135841884613037
4895,51.0,0.23287754534562868,1.8957730087579465
4896,12.0,0.07254268105087522,1.975426157315572
4897,16.0,0.5716746209115433,2.457099139690399
4898,18.0,1.982528741797919e-13,1.600125577714708
4899,29.0,1.1907978110325745,2.5102097741488754
4900,29.0,8.001748661267638e-48,1.5069034839498585
4901,27.0,1.1823647786222562,2.6499115979229964
4902,12.0,0.7238771038522964,2.542665402094523
4903,22.0,0.6604333300708455,2.337226304140958
4904,23.0,0.2715144738607191,2.234405061473017
4905,16.0,0.19973007362451764,2.08131143450737
4906,27.0,1.965776096832536,2.7495763213546187
4907,10.0,0.9405358047873265,2.342237138748169
4908,9.0,1.046973419356891,3.0825749503241644
4909,25.0,1.3032888063157306,2.8437105941772463
4910,19.0,1.2990025173402602,2.963248554028963
4911,31.0,0.46629253805342236,2.403386254464426
4912,22.0,0.2750233419649907,2.1993818283081055
4913,63.0,0.77661114583779,2.4360901590377564
4914,16.0,0.4517736738284926,2.5004724264144897
4915,67.0,0.06262605801832791,1.9399498754472875
4916,24.0,1.1578809471095626,2.8427637616793313
4917,44.0,0.9744272861395319,2.3708380569111216
4918,12.0,1.1110713980733498,2.942919055620829
4919,25.0,1.7190296555608728,3.1876321029663086
4920,14.0,0.3834164916484847,2.2972812993185863
4921,29.0,0.3633239794444799,1.8629480888103616
4922,35.0,0.8991853466293818,2.115093639918736
4923,16.0,1.416972899567298e-06,1.8522448390722275
4924,31.0,0.3124536455830583,2.0787675765252884
4925,34.0,0.6133852400621503,2.298624263090246
4926,28.0,0.6545588540423777,1.9582888909748621
4927,14.0,0.5878957891630779,2.448638677597046
4928,63.0,0.43386591072261327,1.9777779957604786
4929,20.0,0.38283310531870385,2.2060535192489623
4930,71.0,0.6142244721664613,2.141878557876802
4931,50.0,0.9968228534373168,2.1823799991607666
4932,26.0,0.5129672331801987,2.2259618685795712
4933,13.0,2.4347823320068276,4.525383582481971
4934,17.0,0.5970750745719291,2.3215322494506836
4935,20.0,8.324383112436667e-20,1.902405023574829
4936,12.0,0.6904822887795399,2.708906332651774
4937,15.0,0.25362455516765287,2.018693733215332
4938,15.0,0.6096982849385494,2.6986865202585855
4939,25.0,0.3228496333782286,2.2335039520263673
4940,38.0,0.19362733642814006,2.016475062621267
4941,16.0,1.0586693298605943,2.8850846588611603
4942,21.0,1.1158497956838715,2.5837703432355608
4943,8.0,1.2177802536142717,3.2169857025146484
4944,23.0,0.6254712717018088,2.3871674123017685
4945,30.0,0.28358743616491167,2.3469804763793944
4946,30.0,0.9584338507703811,2.546818987528483
4947,37.0,0.9176683601882849,2.231641692084235
4948,19.0,0.2503033895506464,2.2805263996124268
4949,40.0,0.6705172213661185,1.9871712684631349
4950,39.0,0.38147411188350056,2.189846161084297
4951,19.0,1.0239478205366375,2.9346262530276648
4952,26.0,1.0307908958181837,2.343736465160663
4953,20.0,0.849105344192528,2.3480360984802244
4954,39.0,0.20589173303991493,2.039370243365948
4955,33.0,0.7206110222850621,2.0826558922276353
4956,14.0,0.020823855872941322,1.6216136046818324
4957,21.0,0.4560475884344889,2.3219313394455683
4958,19.0,7.311077138528586e-34,1.6950235115854364
4959,23.0,1.3405557387152556,2.7757074936576513
4960,20.0,0.4258392429691319,1.8743598461151123
4961,12.0,0.11383643227111552,2.18668540318807
4962,33.0,1.2929135181253923,2.4442026831886987
4963,9.0,1.3842219884138363,2.992388195461697
4964,37.0,1.668244455306457e-35,1.903232278050603
4965,33.0,0.8407153572528322,2.500406193010735
4966,17.0,0.4990884493188812,2.3400656475740322
4967,11.0,0.12990882160472947,2.2764264345169067
4968,52.0,0.12322929316882084,1.8963436621886034
4969,17.0,1.2655613029948087,2.881498280693503
4970,38.0,0.5514086837013533,2.500512198397988
4971,45.0,1.2685120769159899,2.6793717702229816
4972,38.0,1.6095000259933671e-47,1.8551472111752159
4973,26.0,0.8904897686118871,2.565441975226769
4974,56.0,0.30391800197766816,1.9653145159993852
4975,33.0,0.36303689468359923,2.1289183659987017
4976,56.0,0.2251600653681696,1.9494577135358537
4977,63.0,0.7010265787583292,2.0880636449844117
4978,39.0,0.6381737212833197,2.0386276000585313
4979,71.0,0.2966080647692501,1.9968690469231405
4980,22.0,0.045155525425457796,2.097904096950184
4981,42.0,0.43344997551164044,1.7492623442695254
4982,47.0,7.493989654384989e-33,1.757982538101521
4983,12.0,1.0157356991299051,3.252319653828939
4984,17.0,1.0364269392215582,2.4234214670517864
4985,16.0,0.3651356692557455,1.9602716267108917
4986,82.0,8.503112138800399e-07,1.8950709889574748
4987,17.0,8.503112138800401e-41,1.6146444713368135
4988,13.0,1.5710502097293082,3.6160050538870006
4989,37.0,0.7848251408620474,2.7171578987224683
4990,34.0,0.9132970664494382,2.340833159054027
4991,80.0,0.6304970128755707,1.7655502378940582
4992,13.0,0.44971014953707183,2.3431752645052395
4993,41.0,0.23897340147773102,1.9248526038193121
4994,13.0,0.21162022148100126,2.218391886124244
4995,48.0,1.0726877724380215,2.018417775630951
4996,14.0,0.8168251222336103,2.5377468041011264
4997,32.0,1.1792562092973276,2.3373703062534332
4998,26.0,0.010677915267319739,1.9815109509688158
4999,24.0,1.307276155507463,3.0007847944895425
5000,26.0,7.171477827449467e-26,1.808342456817627
5001,20.0,0.6180034661313218,2.503793144226074
5002,13.0,0.1433890696679198,2.3886404037475586
5003,18.0,0.009759639353003531,2.1752669281429715
5004,32.0,0.8034445695479246,2.3335918486118317
5005,12.0,1.266473259102263,3.2013115088144937
5006,18.0,0.5130360872837155,2.2490985658433704
5007,18.0,0.7580251887661601,2.471719821294149
5008,11.0,0.7177450748902757,2.8597347953102807
5009,15.0,7.434727025321266e-21,1.744793669382731
5010,10.0,1.4954960934665206e-20,2.077822971343994
5011,16.0,0.3439138196938566,2.254370331764221
5012,13.0,8.804898723609853e-16,1.7991438645582933
5013,20.0,0.036701069190178535,2.150126028060913
5014,19.0,0.30009826506884846,2.064644135926899
5015,10.0,1.0254575601923097,3.4522995948791504
5016,18.0,0.563058843502277,2.3252374860975475
5017,10.0,0.5695188918626111,2.5265539646148683
5018,20.0,0.05117417783357864,2.0736354112625124
5019,12.0,0.46524188204579986,2.490679383277893
5020,13.0,0.18120990280566776,2.0220604676466722
5021,12.0,1.290985516692905,3.6431198914845786
5022,19.0,0.53539363551585,2.0049441237198677
5023,25.0,0.19952341974365903,2.320126552581787
5024,21.0,0.3721757574551819,2.624634720030285
5025,14.0,0.5786616135246189,2.5365570953914096
5026,15.0,0.24395671291289095,2.4292903741200766
5027,29.0,1.0502824657752987,2.4343783937651535
5028,9.0,1.139060210654045,3.169229507446289
5029,15.0,1.3005918868493753,2.87581361134847
5030,22.0,0.6725702948394278,2.384831428527832
5031,27.0,0.39483128116942096,2.0540827645195856
5032,34.0,0.817225083602179,2.437621228835162
5033,17.0,0.6651104053906944,2.4167333490708294
5034,11.0,0.05582264193501421,1.893514958294955
5035,20.0,0.4293978830073135,2.370300316810608
5036,12.0,0.48396117663148,2.2874205112457275
5037,21.0,0.6704518800475833,2.6598682630629766
5038,19.0,1.2988980022227268,2.694653034210205
5039,10.0,0.904387557792645,2.901938533782959
5040,12.0,1.0048094790530413,3.098467310269674
5041,11.0,0.7261073898271825,2.6556272506713867
5042,14.0,1.1518358273605338,3.3904944487980435
5043,12.0,0.7634363090671398,2.3407753308614097
5044,17.0,0.8331299492186992,2.8850134400760425
5045,15.0,1.121816022452505,2.9088025728861493
5046,13.0,0.07539289625794804,1.81580873636099
5047,16.0,0.5767578832006134,2.8615895956754684
5048,14.0,0.39349734776323436,2.307321207863944
5049,13.0,0.6417193095891707,2.9173947481008677
5050,16.0,0.4647487393524965,2.5616151690483093
5051,16.0,7.290497713366101e-20,1.9931734502315521
5052,22.0,7.290497713366105e-64,1.6141115535389294
5053,19.0,0.5157630908618824,2.447342320492393
5054,9.0,0.8250379787408153,2.809303813510471
5055,16.0,1.739439408330131,3.4444459080696106
5056,14.0,1.7819469958938254,3.8450767312731062
5057,14.0,0.16781770418320502,2.0695293971470425
5058,29.0,1.6435588730206069e-57,2.0471505132214776
5059,12.0,0.19052616389509736,2.2391700744628906
5060,30.0,8.340326128047995e-46,1.9610262870788575
5061,9.0,0.8401500930888718,3.705077807108561
5062,20.0,9.888871666628464e-34,1.7947277545928955
5063,43.0,1.0226201158403725,2.302716621132784
5064,20.0,0.05607983549046185,2.155823254585266
5065,22.0,0.03650847051921991,1.936844988302751
5066,27.0,0.17307858960181027,1.945505177533185
5067,13.0,0.2717989230360442,2.1494705493633566
5068,11.0,0.09646122601695159,2.041415734724565
5069,18.0,9.64612260169516e-38,1.6105886300404866
5070,17.0,0.8302972359952386,2.690556021297679
5071,13.0,0.32808138442997886,2.0963498995854306
5072,17.0,2.0264992358239304,3.757608273450066
5073,21.0,0.6510285677075421,2.547839641571045
5074,12.0,0.3000871726003632,2.3542394638061523
5075,10.0,0.06392743333922474,2.19707670211792
5076,22.0,0.373898732455234,1.9181754372336648
5077,10.0,1.6018706042836304,3.7557741165161134
5078,14.0,1.5965259723742256,3.0749126843043735
5079,20.0,0.21971976144306107,2.0635873317718505
5080,21.0,1.081588946980079,2.8319154466901506
5081,14.0,1.455606282811746,3.2011715344020297
5082,12.0,1.3432015086673803,3.0969398021698
5083,25.0,0.18789934587251772,2.0151250076293947
5084,11.0,0.565994837707262,2.8211959058588203
5085,20.0,0.8161124037581049,2.589196705818176
5086,11.0,0.9407253339962554,3.002956433729692
5087,34.0,0.9291960436205763,2.14077231463264
5088,16.0,6.752861770552115e-22,1.804733783006668
5089,48.0,0.46374383596187796,1.9090534249941509
5090,19.0,0.19834081675979587,2.427375316619873
5091,29.0,1.0171290859272013,2.9237362434124123
5092,13.0,1.2786974825072013,3.1918034920325646
5093,17.0,0.630377835922068,2.736669484306784
5094,25.0,0.3709277381616048,1.9360035896301269
5095,24.0,7.311605109326813e-35,2.036337435245514
5096,13.0,7.311605109326814e-61,1.3271059439732478
5097,18.0,7.311605109326815e-97,1.5249977906545003
5098,26.0,7.31160510932682e-149,1.6624195759113019
5099,16.0,0.29749354963344155,2.600748658180237
5100,17.0,0.7915170131112362,2.451391977422378
5101,26.0,1.5319673601925492,2.654325741987962
5102,23.0,0.34203054717960996,2.2127523007600205
5103,12.0,0.3987348399941723,2.0959182580312095
5104,25.0,1.3882168937230602e-29,1.9603672981262208
5105,10.0,1.1441770805577114,3.720243453979492
5106,16.0,0.7122167671272522,2.2955859899520874
5107,9.0,1.4064549594590363,3.5960713492499456
5108,18.0,1.650946613515298,3.2767617172665067
5109,11.0,1.3252328050262587,2.966642878272317
5110,20.0,0.970919429407715,2.5738589763641357
5111,39.0,0.07342557115901904,1.64977660545936
5112,15.0,0.491687887969576,2.5330517450968424
5113,9.0,0.38739018283005455,2.4120916260613336
5114,11.0,1.4169837076444625,3.837370612404563
5115,11.0,0.1582535159904768,1.6633838306773792
5116,17.0,0.029355357520536408,2.4563349836012898
5117,15.0,3.0908726295796724e-30,1.7113304773966471
5118,79.0,0.14872711677267345,1.7859198413317716
5119,36.0,0.12660537207822342,1.9246725771162245
5120,12.0,1.0074922899282215e-19,1.8091636896133423
5121,22.0,0.5479186699524101,2.1171472506089644
5122,20.0,0.5267959313717556,2.1751967430114747
5123,21.0,0.8010151053003094,2.3046975362868536
5124,15.0,0.19775729067755393,1.883731492360433
5125,19.0,1.2427866789385427,2.7594118620219983
5126,60.0,6.071994697278931e-49,1.851577983299891
5127,11.0,0.6597180074028431,2.671116915616122
5128,17.0,4.629263015092431e-15,1.9430288146523869
5129,21.0,0.3794229814049349,2.346073854537237
5130,24.0,1.0976079862950374,2.787087102731069
5131,8.0,0.8363774303027615,2.329430341720581
5132,10.0,0.5813847038760288,2.1171788215637206
5133,11.0,1.283905465509939,3.1671021201393823
5134,16.0,0.7651161748331771,2.552387058734894
5135,13.0,0.255182529558312,2.0840043288010817
5136,11.0,0.8360741785133089,2.633402954448353
5137,21.0,0.30992963466262463,2.311572710673014
5138,14.0,0.6274502637437667,2.4881389481680736
5139,17.0,1.9003119903015282,3.725975148818072
5140,17.0,0.828647667111871,2.748689791735481
5141,26.0,1.3761703654042134,2.6421566743117113
5142,17.0,0.2689729928733488,2.0447748128105614
5143,16.0,0.589679470968793,2.6321462839841843
5144,10.0,0.5611697295069089,2.7517496585845946
5145,20.0,0.18875658148323132,2.2028088092803957
5146,11.0,3.611258465790734e-13,1.7115741643038662
5147,22.0,0.5159974695471508,2.4682103503834116
5148,14.0,0.833013748893201,2.859584535871233
5149,10.0,0.42270048584297015,2.5199628353118895
5150,17.0,1.2841365606812727,3.1778031797970043
5151,14.0,0.278244684621334,1.9016548565455846
5152,13.0,5.972206466905603e-22,1.5743048741267278
5153,14.0,0.22789259026171335,2.798776796885899
5154,21.0,0.042997272254041125,2.1241820880344937
5155,16.0,0.30549222393942954,2.844870947301388
5156,29.0,0.7577670540182829,2.2649091523269127
5157,23.0,0.04110595987702928,2.1018733978271484
5158,41.0,0.32147856518681506,2.164008896525313
5159,11.0,0.549352519999932,3.0001915097236633
5160,13.0,0.3609556491604377,2.1849986956669736
5161,13.0,0.1318220046124164,2.251453399658203
5162,15.0,0.3125896195040113,2.166032822926839
5163,15.0,1.007297040914579e-23,1.8864600817362467
5164,17.0,0.6826270684320335,2.425475372987635
5165,11.0,0.2820754044314614,2.1860842271284624
5166,13.0,0.8824820922386095,2.7280302414527307
5167,21.0,1.510835836217943,2.8813927060081843
5168,38.0,1.471375320041643,2.636993019204391
5169,32.0,0.6903196353228997,2.147589683532715
5170,12.0,0.3903979656649117,2.0290021101633706
5171,18.0,0.39029047749432627,2.638126850128174
5172,11.0,3.007795123180812e-14,2.1379035169428047
5173,32.0,1.048294532044158e-55,1.907780721783638
5174,17.0,1.0482945320441585e-89,2.146811092601103
5175,10.0,0.8352275466595753,3.371533489227295
5176,15.0,1.3937014344374783,3.5258914629618325
5177,12.0,1.4750232348342773,3.3944798707962036
5178,18.0,0.42874735110801765,2.2264117929670544
5179,12.0,8.175411392026474e-18,2.033735911051432
5180,57.0,0.4113181407749741,1.982943434464304
5181,14.0,0.7778475834032287,2.5934716633387973
5182,14.0,1.0290030898449961e-07,1.8628784588405065
5183,24.0,0.07644589656821611,1.9981109499931335
5184,16.0,2.2214062729432795e-32,1.4507595896720886
5185,14.0,2.22140627294328e-60,1.7987734930855888
5186,36.0,0.9537813877952366,2.1742388804753623
5187,19.0,1.426209462203238,2.60099102321424
5188,18.0,1.243046391062441,2.5881651507483587
5189,12.0,1.228674455469703,3.188519597053528
5190,14.0,1.2271996587350396,2.8814174107142856
5191,10.0,0.8340734120189388,3.0257347583770753
5192,10.0,0.3626640953831145,2.087307929992676
5193,12.0,0.4088590895835057,2.4226827025413513
5194,25.0,8.58131901703895e-44,1.6388126277923585
5195,14.0,8.581319017038952e-72,1.9861641100474767
5196,17.0,0.4474870468839351,2.6257662352393654
5197,17.0,0.017390110402324636,1.9667331190670239
5198,15.0,0.9428666015338283,2.7432416598002116
5199,27.0,7.840350630721089e-16,1.8112681000321
5200,43.0,0.6756457964506722,2.0005815639052282
5201,18.0,0.2855265299293348,1.9767083062065973
5202,26.0,1.2048968926232024,2.927133853618915
5203,25.0,0.9577705035213837,2.296632766723633
5204,12.0,2.0345926095683375,4.321693142255147
5205,52.0,0.9044179779696586,2.283688866175138
5206,22.0,0.8963521786114125,2.7536642117933794
5207,11.0,0.2822236320484652,2.178270860151811
5208,22.0,0.4418785369668424,2.127407269044356
5209,26.0,0.9255445687902658,2.3721479315024157
5210,19.0,0.6821481450259175,2.7003720434088456
5211,22.0,0.23414385971786975,1.9820553606206721
5212,19.0,9.292528409501e-36,1.6637403839512874
5213,23.0,0.6468504661813689,2.362092992533808
5214,23.0,0.7196913375073637,2.4877585535464077
5215,16.0,0.8799541365031506,2.8540129363536835
5216,13.0,0.4117570227460404,2.524093114412748
5217,16.0,0.13170823898014972,2.385139137506485
5218,15.0,0.05797423188447315,1.9575050671895344
5219,19.0,0.7907804174262723,2.7121770758377877
5220,32.0,5.667935280188799e-46,1.653120033442974
5221,22.0,1.2792991876485198,2.926541198383678
5222,33.0,0.2675458185655765,2.2200383706526323
5223,15.0,0.19221932329463007,1.8546024958292644
5224,14.0,0.24043879983115157,2.3812080110822404
5225,14.0,0.8697947883020558,2.816605363573347
5226,15.0,0.2475311969769244,2.046615473429362
5227,9.0,1.113064883738769,3.5518036948310003
5228,11.0,0.3121008554683808,2.233698151328347
5229,15.0,0.008064752189861878,2.1374094327290853
5230,15.0,0.01449973492170959,1.9272678057352701
5231,27.0,1.0324732418955227,2.479068915049235
5232,13.0,0.9287215758255642,2.528943318587083
5233,53.0,1.271129354499722e-82,1.7857625844343654
5234,12.0,0.44667441243620554,2.432398001352946
5235,11.0,0.029608685485195813,1.8442171270197087
5236,24.0,2.960868548519583e-50,1.7631000479062398
5237,12.0,0.0011329878899448763,1.893897811571757
5238,9.0,0.42983175897857817,2.875884691874186
5239,32.0,3.0905705712879838e-06,1.8205868601799011
5240,15.0,1.133482777845193,3.4216675758361816
5241,21.0,0.2049730974973224,1.9080030577523368
5242,18.0,1.1615893705079272,3.212163978152805
5243,15.0,0.7971580666171072,2.3425504684448244
5244,15.0,5.197986341130366e-06,1.8884561856587727
5245,24.0,0.6189304226300348,2.25286994377772
5246,32.0,0.6143817899401776,1.765994369983673
5247,10.0,0.7353720080784809,2.641996693611145
5248,18.0,0.9190489220172866,2.44205379486084
5249,25.0,1.4482306481677237e-35,1.7541130447387696
5250,13.0,1.0611410388804092,2.998129991384653
5251,13.0,0.4955732868185899,2.263535499572754
5252,10.0,1.826967463797809e-17,1.5561583518981934
5253,17.0,0.8050396099809619,2.503821148591883
5254,13.0,3.0145095693142887e-16,1.636764379648062
5255,23.0,1.578704126379273,2.8173092551853345
5256,18.0,0.49717631356304687,2.2149470382266574
5257,10.0,0.659653220453924,2.7737659931182863
5258,13.0,0.05776014200503118,2.0546268683213453
5259,11.0,0.25465325452800125,2.428220098668879
5260,15.0,0.7658794711867604,2.7605462710062665
5261,30.0,0.8674864590791536,2.448154640197754
5262,40.0,1.5800156385368356e-61,1.7391623258590698
5263,11.0,0.75419215615343,3.067365689711137
5264,62.0,0.013274486596724304,1.8775264755372079
5265,10.0,0.48216265079439946,2.595863914489746
5266,18.0,0.7969632849334,2.554875267876519
5267,17.0,0.3340546634595802,1.895851780386532
5268,17.0,0.11245451905418699,2.0074384492986344
5269,57.0,0.561291470004149,2.1857535713597347
5270,24.0,2.1784320305351183e-20,1.9133809506893158
5271,36.0,0.07485410354804815,1.8794105582767062
5272,17.0,7.214496623811584e-07,1.8844225266400505
5273,16.0,0.1309543209097596,2.2015047669410706
5274,12.0,0.5309034945157857,2.3751967748006186
5275,15.0,0.6966307638922272,2.165314261118571
5276,13.0,1.7867570957233412,3.63367616213285
5277,13.0,0.5062859921145219,2.1389510814960184
5278,20.0,0.08891514357864934,1.9327409744262696
5279,12.0,0.25362233754077196,2.254173199335734
5280,29.0,0.9841689154393009,2.3029228407761146
5281,14.0,0.873518142397161,2.7777233804975237
5282,17.0,1.2134526717574725,2.8692386010113884
5283,27.0,0.5499624869772959,2.3850441862035683
5284,14.0,0.3248607902012096,2.0355823380606517
5285,15.0,0.9421847680830688,2.785368220011393
5286,12.0,1.2410507535749689,3.1824492613474527
5287,22.0,0.041361251764716854,1.6909066980535334
5288,12.0,4.1361251764716875e-26,1.7299957275390625
5289,13.0,0.4124700763990117,2.598450257227971
5290,33.0,0.7490240356392788,2.1553284616181343
5291,19.0,0.1608275258372145,1.968187733700401
5292,11.0,0.563700561360371,2.7054669206792656
5293,26.0,0.47392225480849803,2.0630475741166334
5294,15.0,0.34784215734609975,2.5867908000946045
5295,14.0,0.18515256801291324,2.318075009754726
5296,50.0,0.30450679399151853,2.0962342834472656
5297,12.0,0.03667314210230313,1.9577037493387859
5298,18.0,0.5995145682076877,2.2232646412319608
5299,21.0,0.6675035961312119,2.3202178591773626
5300,11.0,0.6561164450038055,2.6170265024358574
5301,13.0,0.7030552495787933,2.4980407494765062
5302,22.0,0.3693941691880614,1.9596499096263538
5303,13.0,0.6979375200107416,2.239045950082632
5304,13.0,0.909967498866811,2.7407887898958645
5305,20.0,0.5598129805528879,2.2519874811172484
5306,21.0,0.09596025437261237,2.2001588685171947
5307,17.0,0.782969724337701,2.6465222975786995
5308,16.0,0.17992380102934594,2.3928895592689514
5309,17.0,0.5463198496204913,2.3680258638718548
5310,20.0,0.275241292208115,2.0890592098236085
5311,15.0,0.947173110661149,2.7497002601623537
5312,34.0,1.2986139894780544e-53,1.7153119199416216
5313,30.0,0.6418371010386934,2.369773356119792
5314,13.0,0.7394603111770272,2.6109066009521484
5315,11.0,0.25900741042165953,2.147817785089666
5316,17.0,0.9045057133714876,2.6382513607249543
5317,12.0,0.5919335644907794,2.5043863455454507
5318,26.0,9.878747273547965e-46,1.7221949834090013
5319,16.0,0.6616556279667481,2.2848848402500153
5320,20.0,0.526390925447396,2.301750659942627
5321,25.0,0.7004715601583107,2.0557797241210936
5322,12.0,0.7105898137665646,2.7291654348373413
5323,20.0,2.0194910227436364e-35,1.2016393661499023
5324,11.0,2.0194910227436368e-57,1.8501320752230557
5325,17.0,0.6750642412305059,2.58812635085162
5326,27.0,1.0317919478634487,2.1212071312798395
5327,11.0,0.8978533054385746,2.5896177725358442
5328,14.0,0.0002410482847966319,1.5532460042408534
5329,20.0,0.2929768128044469,2.028360962867737
5330,14.0,0.7631636168400319,2.4966338021414622
5331,13.0,0.11984653904087053,2.0815988320570726
5332,34.0,0.4637746118653703,2.2003910962273094
5333,12.0,1.0543573714279835,2.746766209602356
5334,12.0,0.45261622397180146,2.3166530529658
5335,12.0,0.6523367376767016,2.9465885162353516
5336,28.0,0.40655452138362375,2.08407838003976
5337,11.0,0.24756022880619594,2.0875333439220083
5338,21.0,0.16866271227512994,2.333076658703032
5339,31.0,1.0444370482749127e-55,1.4806351815500567
5340,17.0,0.34971494978078677,2.3027300554163315
5341,24.0,0.34354091181160196,2.299703280131022
5342,23.0,0.5881317014692558,2.0742092547209365
5343,20.0,6.037394673727776e-22,1.730785608291626
5344,12.0,0.2045157809201508,2.1549946864446006
5345,14.0,0.7716563503562123,2.615504707608904
5346,12.0,1.4123274301371367,3.560762176911036
5347,11.0,0.16040350710620654,1.6946530125357888
5348,27.0,0.4020268063616449,1.9012245425471552
5349,14.0,0.5946179805283006,2.2167560032435825
5350,24.0,0.1314048152590345,1.6737549304962158
5351,19.0,1.0093081323346538,2.6740462654515316
5352,12.0,0.7412677990908414,2.347933053970337
5353,10.0,0.21211764436059183,1.9912147045135498
5354,21.0,1.1149766608327742,2.6241933277675082
5355,21.0,0.7416084162900658,2.2362669308980307
5356,21.0,0.9522292028997308,2.3665162268139066
5357,13.0,0.3373716705195032,1.9711641852672284
5358,35.0,0.45192647509629436,2.118993868146624
5359,11.0,1.4583740765616837,3.482924287969416
5360,29.0,0.4882892119267233,2.1585014277491075
5361,19.0,0.8855943815529915,2.4830921574642786
5362,12.0,1.4859950307577556,3.4528011083602905
5363,9.0,1.3584029495880885,3.5857580767737494
5364,16.0,0.31740639640968504,1.8305044770240784
5365,10.0,0.5613474886265872,2.5792465209960938
5366,13.0,0.30511287088461,2.165239224067101
5367,8.0,0.7935786405969162,3.1646112203598022
5368,24.0,1.044731480667805,2.4748706022898355
5369,10.0,0.0363680593412146,1.6816603183746337
5370,11.0,0.5181822243187155,2.5417243350635874
5371,15.0,5.075334139542362e-20,1.7757121006647745
5372,17.0,0.293781488747965,2.4813930287080654
5373,17.0,2.295244520913703e-30,1.4469052763546215
5374,25.0,2.2952445209137037e-80,1.7762984371185302
5375,33.0,0.0004885998005535836,1.945093010411118
5376,15.0,0.4765523321315399,2.6477089722951255
5377,17.0,1.2836543931361308,2.9186785361346077
5378,13.0,0.16864707333531964,1.629816202016977
5379,12.0,0.8933805112998595,2.8636142015457153
5380,13.0,1.2942762444201914,3.00958644426786
5381,20.0,0.9425675200197703,2.5264968872070312
5382,12.0,0.8507809977529849,2.743314266204834
5383,13.0,0.0009864430249259119,1.8647114863762488
5384,11.0,9.864430249259119e-26,1.786565520546653
5385,18.0,0.37867371335791566,2.4372959401872425
5386,12.0,0.1731722779318339,2.1713019212086997
5387,39.0,0.39049572834287993,2.149294388599885
5388,11.0,0.6617973069400986,2.6972441239790483
5389,27.0,0.19040427936659762,1.8165543874104817
5390,13.0,1.6708436646731287e-26,1.379654939358051
5391,15.0,0.8538215056240003,2.7307987213134766
5392,8.0,1.1775240946048282,3.204235315322876
5393,9.0,0.7559442468609155,2.1642616060045032
5394,9.0,0.42045547568689795,2.113286442226834
5395,18.0,0.2481872518507777,2.5257893403371177
5396,27.0,1.0216868108750026,2.2437281431975187
5397,12.0,0.5104739606035323,2.1666886806488037
5398,19.0,0.1360164401647999,1.916977606321636
5399,17.0,2.2933752906764404e-34,1.7219328880310059
5400,24.0,2.7868401697999896e-34,1.8850120703379314
5401,21.0,5.291183040720944e-06,1.8927362305777413
5402,12.0,0.5791019511124861,2.5250757535298667
5403,12.0,0.8126730999758831,2.9110427300135293
5404,17.0,0.0001835513581533317,1.7252704676459818
5405,8.0,0.006803770198007695,1.9409522414207458
5406,14.0,0.7002184895328712,2.8878555638449535
5407,19.0,0.09596825344991129,2.001624257940995
5408,15.0,0.20073605993384536,2.3241747856140136
5409,16.0,1.2685743986315847,3.0739668011665344
5410,15.0,0.794712861772132,2.3312373797098798
5411,18.0,0.7911325601957211,2.482753806644016
5412,22.0,1.2158054766910558,2.6629150130532007
5413,52.0,9.040998689390084e-80,1.79435389316999
5414,14.0,0.30164954775813685,2.3063694749559676
5415,18.0,0.20724878550089318,1.846790737575955
5416,22.0,0.28682904178202645,2.2211388566277246
5417,18.0,0.7108045728240348,2.3556615511576333
5418,18.0,0.39696252020269196,2.07824436823527
5419,20.0,0.1382086194149493,1.9400224685668945
5420,23.0,0.022063491996952594,2.0285906377046006
5421,11.0,6.120883068812708e-19,1.8700455752286045
5422,57.0,0.2871425763307413,1.8843962184169836
5423,19.0,0.9582797627084219,2.4625593988518966
5424,16.0,1.38470778371939,2.9793522655963898
5425,13.0,0.30409617210828305,1.8073091140160193
5426,11.0,0.18862350485341248,2.039841413497925
5427,12.0,0.6533273386638438,2.9627801974614463
5428,33.0,2.7576474020914053e-22,1.938290176969586
5429,26.0,0.12107402295452942,1.7145644151247466
5430,9.0,0.3902526051449564,2.3723713556925454
5431,14.0,0.8112297589794892,2.3123742512294223
5432,11.0,1.0115981265301828,2.7953661571849477
5433,17.0,0.10533862850172096,1.9752229382010067
5434,15.0,1.2834699655235468e-30,1.8792662620544434
5435,19.0,0.37393027318154237,2.35441918122141
5436,16.0,4.996802090257724e-20,1.5529671013355255
5437,12.0,0.45015445161963,2.493268291155497
5438,27.0,0.1598034818880787,1.9547286740055791
5439,13.0,0.564123022666335,2.6483785922710714
5440,15.0,0.5102504634921401,2.2218259811401366
5441,18.0,0.5257462016849163,2.252384159300062
5442,11.0,0.47456633629633865,2.1062990968877617
5443,11.0,1.3207247410083848e-17,1.5051424720070579
5444,10.0,1.147025648215839,3.3946699142456054
5445,22.0,0.05500411790690523,1.3901046839627353
5446,24.0,0.6816426218368749,2.4098084966341653
5447,12.0,0.929194310537925,2.8275014956792197
5448,20.0,0.7895612284402019,2.4452510595321657
5449,14.0,7.41377290540208e-06,1.9371861730303084
5450,11.0,9.33658221951911e-20,1.8541584014892578
5451,15.0,0.07866810431206984,2.033288256327311
5452,11.0,1.0099580971186708,3.261315259066495
5453,22.0,0.9882773395193164,2.4251181103966455
5454,14.0,0.4536715196008453,2.1565400872911726
5455,13.0,0.3450892866498203,2.103148130270151
5456,33.0,0.8062200868696543,2.1647029356522993
5457,15.0,0.05535269538748215,1.6650893529256185
5458,19.0,0.16901225679387682,2.3038746181287264
5459,15.0,0.20585102203302036,2.3756767908732095
5460,14.0,0.854259230859748,2.713408555303301
5461,13.0,0.6297636320348055,2.3255802668057957
5462,38.0,0.37887824213438526,2.040998433765612
5463,27.0,0.9446631408823679,2.4215400483873157
5464,13.0,0.8333778390915871,2.710944359119122
5465,14.0,0.07167275994710635,1.6665764876774378
5466,17.0,0.7207856805674623,2.781312381519991
5467,10.0,1.0874167021285746,3.1735587120056152
5468,28.0,1.8473244309943349,2.6047828027180264
5469,20.0,1.7740194048183364,3.328182029724121
5470,18.0,1.0430659498206014,2.4640196429358587
5471,15.0,5.436968218624122e-16,1.8624386151631673
5472,18.0,0.2196382683560639,2.3465218014187283
5473,13.0,0.6200546828001282,2.6796075380765476
5474,13.0,0.00013601255041413888,1.8609439776493952
5475,11.0,0.409382303615886,2.6783035451715644
5476,13.0,1.6335839883310745,3.8956311299250674
5477,16.0,0.7033038156627609,2.544372648000717
5478,52.0,7.025422889597704e-94,1.81019192475539
5479,23.0,0.4905113512645469,2.077389281728993
5480,11.0,0.7541588088340063,2.7147717475891113
5481,19.0,1.838953469909915e-28,1.5321659790842157
5482,22.0,1.8389534699099155e-72,1.9005652232603594
5483,26.0,0.8105097898319966,2.510854115852943
5484,44.0,0.25953390456158076,2.125289949503812
5485,9.0,0.39843322725479585,2.361014074749417
5486,12.0,0.01878368395982253,1.7271989186604817
5487,18.0,0.540499214948014,2.306988981035021
5488,17.0,0.44019481224432355,2.3640394491307877
5489,16.0,0.7882800287320331,2.6940125823020935
5490,15.0,0.3096182959911736,2.309896945953369
5491,10.0,0.5912311309996556,2.597540092468262
5492,22.0,1.1312418748041018,2.4550699320706455
5493,17.0,0.19149227708695404,2.035863119013169
5494,21.0,0.717808940785009,2.1187146050589427
5495,18.0,0.8232765506813007,2.5466354158189564
5496,20.0,7.700537844577025e-28,1.7456589043140411
5497,27.0,0.5630041106180068,2.1870004336039224
5498,16.0,1.1610579131324903,2.665735200047493
5499,16.0,1.1575761943422938,2.378127247095108
5500,16.0,2.855626202546751e-14,1.764051467180252
5501,13.0,0.3711202501435719,2.479604409291194
5502,17.0,0.0002664729738964705,1.737356704824111
5503,18.0,0.734765614662564,2.441053099102444
5504,24.0,1.5449641466282809,2.86274516582489
5505,12.0,0.45103525514117326,1.9705911080042522
5506,12.0,0.7695630781830894,2.7908979256947837
5507,20.0,0.0005030123734265845,1.9449662208557128
5508,11.0,0.010332060121879696,1.8822460608048872
5509,13.0,0.6620228907639802,2.6766516978924093
5510,18.0,0.3453513237800622,2.3736434512668185
5511,50.0,0.3643759255635696,2.1080726909637453
5512,14.0,7.598768630444446e-26,1.3323995939322881
5513,14.0,0.053112352700446036,2.0313135385513306
5514,14.0,1.0452610536645035,3.0944560936519077
5515,14.0,0.7731155313181536,2.304868595940726
5516,12.0,0.9263446638907784,2.869196573893229
5517,20.0,0.7773685410176371,2.5818901538848875
5518,9.0,0.8123435127391955,2.7563448746999106
5519,12.0,0.42810886220362887,2.2295841773351035
5520,17.0,0.9574276767399152,2.7316683600930607
5521,10.0,0.40700725381376446,2.124080228805542
5522,23.0,0.8315036343203518,2.706194421519404
5523,17.0,6.385318527981874e-16,1.9440174102783203
5524,19.0,0.4256086741846338,2.2682672299836812
5525,16.0,1.2371832485570042,3.2214683890342712
5526,19.0,0.88149182083901,2.715563692544636
5527,11.0,1.3143902317345084,3.442646850239147
5528,30.0,3.9969012449082365e-49,1.6910857518513998
5529,9.0,3.9969012449082375e-67,2.007130755318536
5530,19.0,1.4592564962812824,3.21115127362703
5531,13.0,1.5640212354090381,3.4207017605121317
5532,9.0,0.732105667078556,2.738958954811096
5533,13.0,1.1964551281219926,2.9445990048922024
5534,14.0,0.40178770923890306,2.0314198221479143
5535,16.0,0.08267461703788463,1.9811259508132935
5536,27.0,0.8690026134136967,2.581992502565737
5537,12.0,7.992935245342706e-18,1.6034151713053386
5538,16.0,0.18789862959252318,2.2463642358779907
5539,24.0,0.5594392250473852,2.408267080783844
5540,27.0,5.443608452095543e-38,1.9387647487499096
5541,32.0,0.7269472906827905,1.978515088558197
5542,23.0,0.5207074463844678,2.1520042626754097
5543,26.0,0.19783087655991696,2.282883570744441
5544,14.0,0.644915843018134,2.537497247968401
5545,20.0,1.2064531283846727,2.789550447463989
5546,25.0,1.0025570808747921,2.7848689651489256
5547,48.0,0.6376053778785796,2.1652082800865173
5548,20.0,0.3135784936231963,2.1880467414855955
5549,15.0,0.5873403387921938,2.3584568023681642
5550,86.0,0.029095630175861413,1.6329411905865336
5551,27.0,0.9049553706105993,2.3559746742248535
5552,11.0,0.7515630523874073,2.9858128374273125
5553,17.0,0.4553875121401616,2.166925682741053
5554,17.0,0.12939072349813185,2.0143036982592415
5555,25.0,0.00044496891567869656,2.0137195014953613
5556,16.0,4.449689156786967e-36,1.609277606010437
5557,12.0,0.01631613935239132,1.869846264521281
5558,19.0,0.16436192755004075,1.9191457848799856
5559,13.0,1.7186828881310963,3.3519237224872294
5560,17.0,0.6438371476032302,2.170727898092831
5561,16.0,0.0011890853045778123,2.0202085077762604
5562,13.0,0.48307975102089695,2.4284366094149075
5563,12.0,0.11229006298195204,1.6976965268452961
5564,11.0,0.00030135345133957387,1.8758007829839534
5565,20.0,1.0666902699624567,2.5669938802719114
5566,14.0,0.622290325767274,2.4275271551949635
5567,11.0,0.0695523819222659,2.188373739069158
5568,14.0,6.95523819222659e-30,1.4602972950254167
5569,12.0,6.955238192226591e-54,1.5506166617075603
5570,55.0,0.25230018160658696,2.015663077614524
5571,15.0,1.0646043767803735,3.0533924102783203
5572,12.0,0.6149824665062941,1.992281436920166
5573,12.0,2.037686398785978,4.11774496237437
5574,59.0,0.18677183644759307,1.909301967944129
5575,14.0,0.048456664411086925,1.7870619297027588
5576,17.0,0.4233941292794072,2.2273840062758503
5577,12.0,1.517777873750711,3.4284234841664634
5578,11.0,0.6145623291870835,2.125962083989924
5579,18.0,4.720438628868923e-22,1.7844915787378948
5580,25.0,0.2553072074667435,1.964060173034668
5581,11.0,0.12085188374501693,2.0667530731721357
5582,15.0,1.2085188374501697e-31,1.7976087888081869
5583,24.0,0.28145144443756026,2.3030196825663247
5584,12.0,0.4583996878541897,2.73270175854365
5585,13.0,0.65193073383127,2.1863474479088416
5586,27.0,0.0009131350280220299,2.0846696076569735
5587,11.0,0.41234707955545935,2.35459227995439
5588,48.0,0.019200495433991115,1.5682853211959202
5589,29.0,0.2382860793528953,2.1764174165396857
5590,12.0,0.6063164562597521,2.2480789025624595
5591,12.0,0.25367799116115575,2.1588176488876343
5592,23.0,3.520893907619291e-20,2.0666884339374043
5593,9.0,0.0884183223832379,2.216774251725939
5594,11.0,1.3750739491994728,3.3275762037797407
5595,16.0,0.6055999650047379,2.065855249762535
5596,19.0,0.532774842660145,1.9119800015499717
5597,25.0,0.33832567695930427,2.0236850929260255
5598,28.0,4.3403501107733106e-48,1.6117334876741682
5599,17.0,0.8344371976349438,2.8940254940706143
5600,14.0,0.694525081703692,2.350127935409546
5601,20.0,0.651644250598169,2.72299987077713
5602,14.0,0.09690795732718446,1.8755602836608887
5603,23.0,0.10239771112894014,1.7093210634977922
5604,18.0,0.8015400333133237,2.0702902211083307
5605,14.0,0.9654030987227809,2.253610610961914
5606,10.0,0.3117795341622283,2.039848804473877
5607,14.0,0.8664432360896374,2.6469406400408064
5608,12.0,1.0780992739305915,3.177267849445343
5609,13.0,0.35387002285551344,2.3531128626603346
5610,21.0,0.17347729056723435,1.7858942803882418
5611,17.0,0.878954141242391,2.8976761874030617
5612,17.0,0.8616272816046127,2.4861474738401523
5613,13.0,1.5706079720793336,3.2075240795428934
5614,13.0,0.8176321450822585,2.4350580068734975
5615,18.0,0.7536115761885637,2.54502542813619
5616,15.0,1.6588597653366598e-17,1.823641045888265
5617,12.0,0.805337344064239,2.9412425756454468
5618,22.0,1.3550964516483481,2.9648775187405674
5619,17.0,0.3070332765637853,1.842647720785702
5620,12.0,0.3412624189379974,2.154997626940409
5621,14.0,1.0843941487300013,2.893129450934274
5622,24.0,0.9869002855202962,2.366502046585083
5623,20.0,0.35551322341696584,2.084439277648926
5624,16.0,0.4175587351537943,2.313837319612503
5625,18.0,0.9280901787667297,2.5452990531921387
5626,18.0,0.5735235559542549,2.4260043832990856
5627,17.0,1.1080493865164734e-31,1.4527133492862476
5628,12.0,0.1018767921978011,2.3523643215497336
5629,19.0,0.6941805401325715,2.8905987112145675
5630,23.0,0.35218772790728164,2.0493370139080547
5631,11.0,1.0627788865707055,3.2021427154541016
5632,18.0,0.20265580841201414,2.021658844417996
5633,19.0,1.2965020490148404e-06,2.373330367238898
5634,17.0,8.143707066714014e-26,2.072508026571835
5635,16.0,0.4366781292702527,2.532525599002838
5636,34.0,0.03184039796040934,1.6633740733651554
5637,9.0,0.4347771026487622,2.649393399556478
5638,15.0,0.4876292016386549,2.5363752683003744
5639,12.0,0.03520399837230987,1.8241628011067708
5640,21.0,0.5046635713696866,2.1802634511675154
5641,25.0,1.2739344220907658,2.6592938613891604
5642,11.0,0.3179125892358138,2.1115163456309927
5643,13.0,1.007837806606637,2.748636172367976
5644,13.0,1.363610831557735,3.0593694173372707
5645,21.0,0.7513357974061182,2.4971073468526206
5646,9.0,0.2794645615323168,2.20398571756151
5647,9.0,0.49659507633927685,2.550183508131239
5648,15.0,0.42667663817954893,2.7429115454355877
5649,27.0,1.7481877096269645,2.824605111722593
5650,22.0,0.052758171255371425,2.00845649025657
5651,12.0,1.4451972057762508,3.695983370145162
5652,27.0,0.11764514151535245,2.3321077028910318
5653,10.0,6.152030937797102e-08,1.8740952968597413
5654,17.0,0.8601871524406365,2.7460519005270565
5655,22.0,7.94550789126702e-06,1.974736281416633
5656,9.0,0.0009792592701290243,2.367263740963406
5657,10.0,0.9305737389988268,3.473410797119141
5658,21.0,0.38852700917132893,2.4378114427839006
5659,9.0,0.5056682517870056,2.4406285285949707
5660,15.0,0.07521268301152455,2.2218550046284995
5661,24.0,7.521268301152457e-50,2.03356596827507
5662,13.0,0.052397612830883136,2.1895680060753455
5663,13.0,0.6372176848569714,2.907704756810115
5664,26.0,0.8299330917622937,2.464932790169349
5665,14.0,1.951146878566206,3.7304832254137312
5666,15.0,0.5386494249104864,2.283948294321696
5667,10.0,0.6409398817013154,2.8645909786224366
5668,15.0,4.0271449616214144e-26,1.694955857594808
5669,57.0,0.17338181713356135,2.3288382814641584
5670,16.0,2.3841093300523376e-14,1.9224711135029793
5671,18.0,0.5301654843121243,2.4538874096340604
5672,23.0,0.32451185970180635,2.0445632105288296
5673,13.0,1.1213749859433057e-15,1.9957791108351488
5674,22.0,0.2453140455868712,2.2491121725602583
5675,26.0,0.2497636287301242,2.049230722280649
5676,9.0,0.8519291948698564,3.1350939008924694
5677,13.0,0.10727169775575618,1.9494943618774414
5678,17.0,1.0558567848387346,3.031883955001831
5679,20.0,2.0069595138911978e-09,1.9599595069885254
5680,17.0,0.20411246874407796,2.486576367827023
5681,32.0,0.20537616861334226,2.0065984576940536
5682,23.0,0.4072316159952395,2.7288052206454068
5683,35.0,7.021931249035069e-68,1.5583795411246164
5684,11.0,1.2726200088443452e-13,1.9559879302978516
5685,19.0,0.10279691632185842,1.903428027504369
5686,13.0,0.2599474251126507,2.3089052713834324
5687,16.0,0.4279635972682976,2.1797921657562256
5688,29.0,0.25887334696746517,2.168612496606235
5689,9.0,1.1817129773578676,3.9170601897769504
5690,28.0,0.6065322215611971,2.005202054977417
5691,13.0,0.8361133243524235,2.7777556822850156
5692,27.0,0.23227912460655337,1.9988964575308341
5693,11.0,0.717631138890354,2.7685525200583716
5694,14.0,1.0563351651240036,2.8677899496895924
5695,12.0,0.6153500426075987,2.05878480275472
5696,20.0,1.4194048077360877e-21,1.8790533781051635
5697,9.0,0.5520198259977434,3.06687249077691
5698,14.0,0.2625780582659849,2.2319499935422624
5699,57.0,2.3421805458893228e-94,1.7814246395178008
5700,20.0,0.7415605860812023,2.3016444206237794
5701,12.0,0.12153669374673509,2.001493493715922
5702,24.0,1.6605168827576517,2.980732242266337
5703,14.0,1.4643701160286318,2.9570129939488004
5704,42.0,0.0014240167005548764,1.9034724746431624
5705,15.0,1.3452095254826846,3.5382323900858563
5706,17.0,0.44275104899366535,1.7960060344022863
5707,15.0,0.7193698877462765,2.7086674054463704
5708,40.0,1.0763233234546244e-29,2.0335286974906923
5709,20.0,0.8162573784875782,2.364872455596924
5710,25.0,0.8761417653761653,2.4330041122436525
5711,16.0,0.46514339489886325,2.2957601845264435
5712,12.0,0.05259623656824713,1.9721506834030151
5713,12.0,0.5736968469175778,2.766514162222544
5714,15.0,3.729554844972129e-20,1.6531914393107097
5715,32.0,3.729554844972131e-84,1.6892751455307007
5716,17.0,0.4097101188709004,2.5123079524320713
5717,24.0,1.2779001322060427e-37,1.76213272412618
5718,19.0,1.018858551952942,2.424086470352976
5719,15.0,0.8238954430603577,2.350038782755534
5720,20.0,3.915443227539745e-08,1.9287273406982421
5721,9.0,0.41027943222299434,2.683193736606174
5722,14.0,0.8134663311045647,2.6147891112736295
5723,11.0,0.15639222428453972,1.8006770827553489
5724,11.0,0.6962748117738247,2.514888113195246
5725,12.0,1.1660685634114405,2.8680437008539834
5726,11.0,1.0658958828834895,2.751651026985862
5727,23.0,8.566698977158844e-14,1.8996231866919475
5728,12.0,8.566698977158846e-38,1.8790016174316406
5729,71.0,0.7455867907682162,2.015349092617841
5730,15.0,1.3193016049889894,2.9161505699157715
5731,36.0,0.10586604893252134,1.8414612346225314
5732,23.0,7.722568355876714e-46,1.8462339276852815
5733,14.0,0.9577448406283399,2.9649703843253
5734,20.0,0.1477229447516268,1.820427370071411
5735,12.0,1.1896517982343788,3.4173172314961753
5736,9.0,0.42749891879735213,2.082161797417535
5737,14.0,0.4746060509259197,2.4731341770717075
5738,33.0,1.4660649106588852e-57,1.5557879823626894
5739,15.0,0.5588738683979187,2.3412169933319094
5740,10.0,1.540238273292696,3.6838926315307616
5741,9.0,0.7823323682409218,2.2875801192389593
5742,20.0,1.4408907139636428e-25,1.5686192393302918
5743,24.0,0.46499601694381054,2.0999489227930703
5744,14.0,1.097426482989266e-19,1.7773655482700892
5745,11.0,0.723822888857348,2.866173440759832
5746,15.0,1.6843912854690974e-13,1.7245612462361655
5747,41.0,1.6843912854690995e-95,1.4966122057379745
5748,20.0,0.234951686274933,1.8685436248779297
5749,27.0,0.7103150233780307,2.5516737831963434
5750,21.0,0.2958245890500332,2.0018259230114164
5751,20.0,1.3758915607232,2.796887469291687
5752,13.0,0.899481153661849,2.510122482593243
5753,27.0,0.49214577570710977,1.8660298100224249
5754,17.0,0.2936008644734644,2.2616105360143326
5755,11.0,0.7208180573696542,2.687482617118142
5756,15.0,0.14628767873807058,1.5873968760172525
5757,12.0,1.462876787380706e-25,0.9243946075439453
5758,21.0,0.15330002690910252,2.0858268510727656
5759,9.0,0.33456978962685757,2.207041793399387
5760,20.0,1.4269580752999393,2.6424720525741576
5761,15.0,0.7997483681089596,2.1377089818318686
5762,14.0,0.32973734447227376,2.1025348731449673
5763,25.0,0.6648331218111447,2.256109504699707
5764,17.0,1.1659788737666008,2.86174976124483
5765,11.0,0.4112887976296955,2.033397674560547
5766,17.0,0.7830876174594121,2.5746199383455166
5767,16.0,0.6164415751919894,2.4145533740520477
5768,13.0,1.6068050462701589,3.1687532571645884
5769,15.0,0.4229838696186251,1.939266300201416
5770,13.0,1.4833606670408646,3.114738647754376
5771,11.0,1.0847032541445458,2.840258771722967
5772,14.0,0.2665340656291636,1.9392807143075126
5773,20.0,1.4701176607786314e-39,1.0979398488998413
5774,11.0,1.4701176607786319e-61,1.3429761799899014
5775,12.0,0.4450862396563661,2.623843232790629
5776,10.0,0.9790688344419141,2.99534158706665
5777,16.0,0.8475565252209541,2.6239702850580215
5778,14.0,0.34547826453265773,2.0681588649749756
5779,42.0,1.2366662586736636,2.1951143401009694
5780,35.0,0.18720356258812415,1.8960949625287737
5781,15.0,0.7322488770183112,2.4241673787434896
5782,16.0,0.49764205186201554,2.1714922189712524
5783,16.0,0.01500152495915438,1.6835380494594574
5784,11.0,0.6262648140921353,2.4618633443659004
5785,9.0,1.0198407202788076,3.1036561330159507
5786,17.0,0.32064181286393556,1.964660728678984
5787,28.0,0.26988995436275537,1.8864683083125524
5788,13.0,0.01967144945907096,1.9852993671710675
5789,36.0,1.4411779160511478,2.2713661193847656
5790,16.0,0.10999545841076838,1.6362583637237549
5791,31.0,6.888951738776642e-06,1.8022053857003488
5792,15.0,0.1739741365981846,2.162242539723714
5793,10.0,0.11126872919532156,1.8834876537322998
5794,14.0,0.406486255871246,2.103612559182303
5795,10.0,0.3655640779940507,2.0855767726898193
5796,34.0,3.9023810972556634e-64,1.7406606253455668
5797,9.0,0.22557902511923736,2.4225507577260337
5798,11.0,0.3237833128681625,2.220317927273837
5799,12.0,0.4884833535318996,2.389411131540934
5800,28.0,1.4126036689150432,2.7498303822108676
5801,20.0,0.4197135169744832,2.1272064208984376
5802,20.0,4.273446393728092e-36,1.4980903267860413
5803,23.0,0.6065324621230972,2.16638650064883
5804,10.0,0.8105847859375519,2.6508928298950196
5805,15.0,2.7586644617521923e-14,1.4101654688517253
5806,23.0,0.40669115931975275,1.7678037933681323
5807,14.0,0.33452718584711627,2.110116822378976
5808,16.0,0.49923708043161497,2.1767563223838806
5809,13.0,0.087542512652219,1.6490202316871057
5810,16.0,0.5794946983783509,2.054855465888977
5811,17.0,0.005655121780929598,2.000247366288129
5812,12.0,0.2298499821736624,1.8587661186854045
5813,28.0,3.046329109047717e-10,1.791884524481637
5814,23.0,0.5916748422870058,2.4919647341189175
5815,18.0,0.9866534961360088,2.315212196773953
5816,19.0,1.5607981608410928,2.9316576405575403
5817,9.0,1.6112331044216692,3.3421441184149847
5818,13.0,0.6290591282097245,2.3883545948908877
5819,13.0,0.8554395536869218,3.007765458180354
5820,9.0,1.1922911795578666,3.2476883464389377
5821,31.0,1.0106737377239851e-51,1.58567262464954
5822,9.0,0.22181481632213257,2.4700093136893377
5823,18.0,1.3247694614575416e-17,2.0108649730682373
5824,21.0,0.16517822602080903,1.7936755929674422
5825,12.0,0.12561121404722192,1.9299745162328084
5826,12.0,0.27708183870524955,2.149954080581665
5827,14.0,0.011168767759165659,1.7667569603238786
5828,11.0,0.3776340007578492,2.6995223977349023
5829,12.0,0.6606413789927661,2.614057501157125
5830,30.0,0.6210884274873977,2.1492661476135253
5831,13.0,0.32167272283209397,2.3715594731844387
5832,9.0,0.3382011687719554,2.2031323379940457
5833,11.0,2.6939771475152778e-08,1.5856641856106846
5834,15.0,0.43892099852163213,2.2048216501871747
5835,11.0,0.3061893655717912,2.0342640443281694
5836,10.0,0.6634909324551069,2.4764058113098146
5837,22.0,0.5513606100267556,1.90831411968578
5838,14.0,0.20381460587820738,2.051060812813895
5839,15.0,3.7775789867236893e-28,1.4961017608642577
5840,11.0,3.77757898672369e-50,1.110292673110962
5841,12.0,0.700138640892569,2.654323180516561
5842,13.0,0.34752782887558664,1.9022738750164325
5843,11.0,1.3732306624293011,3.205452702262185
5844,25.0,0.34540551686092535,1.9733414077758789
5845,17.0,1.1237401197292163,2.6211541680728687
5846,14.0,0.7804783082648533,2.4181189026151384
5847,42.0,0.6703388363152744,1.8986820039295016
5848,10.0,0.0002392504916144675,1.3767277657985688
5849,12.0,0.6196375764584212,2.3497473001480103
5850,23.0,0.6723157161306667,2.2803029392076577
5851,23.0,0.8123772758646401,2.0051618244336997
5852,18.0,0.5183829663587614,2.3357868724399142
5853,18.0,0.10590483652900436,2.0283136102888317
5854,14.0,0.34962981511053,2.2328257049833025
5855,8.0,0.15691160067125323,1.9562350511550903
5856,15.0,8.733582517818012e-31,1.4377923806508381
5857,22.0,3.4373010700110163e-16,1.840332117947665
5858,55.0,0.037751889647003926,1.8575479420748624
5859,15.0,0.32556486669236945,1.9454811096191407
5860,15.0,0.948995133297813,2.4596872965494794
5861,30.0,0.28592575595551395,1.913955561319987
5862,18.0,0.8850632109901443,2.384336233139038
5863,17.0,0.19685676529502275,1.8103016685037052
5864,11.0,1.3058057543273436,3.1501370776783335
5865,10.0,0.810314597264757,2.213581371307373
5866,11.0,0.2818808524061254,1.8331522941589355
5867,21.0,0.24762038252911606,1.7893154280526298
5868,9.0,0.02967135706397478,1.9226284821828206
5869,12.0,0.4484320186989261,2.19752303759257
5870,31.0,0.8004612078894261,1.9018371028284873
5871,17.0,1.7656248887331634,3.152605926289278
5872,13.0,0.3347375764908848,1.5744495391845703
5873,26.0,1.0042301549366135,2.3183026863978458
5874,15.0,0.3516782134839615,2.33914999961853
5875,20.0,6.217838240325795e-06,2.007506561279297
5876,13.0,1.6651954601979593,3.315679220052866
5877,22.0,0.3854102337230281,2.1711075089194556
5878,14.0,0.5006609319680818,2.550982986177717
5879,17.0,0.522491433295152,2.343125146978042
5880,13.0,0.9959596188607498,2.5929388266343336
5881,20.0,3.3364972705332695e-20,1.5555647134780883
5882,29.0,0.35817551014468424,2.064536456404061
5883,13.0,0.4570619582142297,2.387685482318585
5884,31.0,1.0150038394405076,2.4361701934568343
5885,18.0,0.8870629185146915,2.5313049025005765
5886,18.0,0.29924801234286785,2.070100016064114
5887,10.0,0.18867369737816317,2.1810060024261473
5888,31.0,0.4284129709106865,2.3226235681964504
5889,15.0,0.7891607896716555,2.3323159853617352
5890,35.0,0.0008808895380922463,2.1472937856401715
5891,34.0,0.9190286164257184,2.164614207604352
5892,14.0,1.6525387099547808,3.002396583557129
5893,9.0,1.6575572438214141,3.4492015838623047
5894,16.0,1.0356107578290068,2.7689313888549805
5895,12.0,0.45808256837326355,2.363068381945292
5896,11.0,0.5245901446632371,2.8073201829736885
5897,28.0,0.045805209369991544,1.7254044583865575
5898,21.0,0.7179110824612169,2.4984764598664784
5899,12.0,0.05756683087899557,1.8937610785166423
5900,13.0,0.37986374001565293,2.1993960600632887
5901,22.0,0.6710593965718482,2.2331398833881724
5902,10.0,0.5152386238256297,2.3837886810302735
5903,17.0,1.0800730522958668,2.8882957767037785
5904,27.0,0.7345817608724116,1.8848654782330547
5905,16.0,0.00040598543074961104,1.8766033574938774
5906,26.0,0.8892498602229686,2.4043287313901462
5907,35.0,0.7071856374537495,2.2606802667890276
5908,18.0,0.6376151518727668,2.3518293963538275
5909,13.0,0.5096135639516578,2.505743356851431
5910,14.0,0.5047561341732532,2.2967052459716797
5911,9.0,0.18523257219032055,2.0494739479488797
5912,22.0,2.564682460603124e-42,1.3941509290175005
5913,11.0,0.2243290406140191,2.330887707796964
5914,19.0,1.446110568255752,3.1028816323531303
5915,16.0,0.19784286621168443,1.7043659687042236
5916,19.0,1.0787556039164492,2.5037871410972192
5917,43.0,0.9687517183001664,2.57315937308378
5918,11.0,0.16404068572265396,1.7093952785838733
5919,11.0,0.12859042569707388,2.209689140319824
5920,50.0,0.17336401139868687,2.070140199661255
5921,16.0,0.5783443771461484,2.560359448194504
5922,21.0,0.3346189844864469,2.2577721050807407
5923,13.0,1.5675640342852386,3.5298580756554236
5924,32.0,0.7490120278357556,1.97747702896595
5925,12.0,0.000951778644093296,1.9198258519172668
5926,17.0,6.990057946815175e-30,1.7514592058518355
5927,13.0,0.0003028167497268516,2.067686764093546
5928,23.0,0.36856320768863343,2.0267204201739766
5929,10.0,0.8127326718859292,2.8947247505187987
5930,18.0,1.6100143221636946e-27,1.492439243528578
5931,21.0,1.2811129894291725e-42,1.7032705261593772
5932,14.0,1.2811129894291727e-70,1.55866197177342
5933,21.0,0.8890500542548756,2.428124632154192
5934,19.0,0.6706196175566359,2.3003023047196236
5935,15.0,0.505071117810274,2.457592995961507
5936,25.0,0.5918153775033038,2.609126424789429
5937,17.0,0.30387434983548783,2.234273770276238
5938,16.0,0.6165754354436813,2.4921411275863647
5939,19.0,0.769157061179067,2.4574500134116724
5940,18.0,0.952197201926148,2.7495937877231174
5941,16.0,0.24072219701256084,2.1360065639019012
5942,48.0,0.42747383509077225,2.0131076276302338
5943,18.0,0.5609146864935175,2.3977714114718967
5944,23.0,1.555485442688742e-29,1.8098351022471553
5945,20.0,0.0990617185242176,2.000889229774475
5946,14.0,9.906171852421763e-30,1.5190560817718506
5947,33.0,0.3163455229705022,1.8014244888768052
5948,23.0,0.0018827575842571653,1.8115242926970772
5949,28.0,0.623877590946334,1.9250112431389945
5950,23.0,0.00034551245371551006,1.807170059369958
5951,22.0,0.025444438982712585,2.0597964958711104
5952,9.0,0.011729133500032183,1.929995960659451
5953,20.0,5.48778381254859e-38,1.7627277135849
5954,15.0,0.27394595523873316,2.0714226722717286
5955,33.0,1.02631669890197,1.879518899050626
5956,23.0,0.818281713630074,2.139334958532582
5957,13.0,0.9317078523623455,2.364854885981633
5958,16.0,0.6400087826133328,1.9981034696102142
5959,19.0,1.185367332417263,2.5393823071529993
5960,23.0,0.5976071124053385,2.3309657470039697
5961,26.0,0.34242203112191477,2.1140641615940976
5962,10.0,0.09918200475295123,1.7556992053985596
5963,19.0,5.615365218774427e-38,1.6428671510596025
5964,12.0,5.6153652187744285e-62,1.5584990580876668
5965,15.0,0.8388483489956259,2.5698280175526937
5966,17.0,0.6077202562926348,2.1245426290175495
5967,11.0,1.7890213750418764,3.515026005831632
5968,28.0,0.48195456398275477,2.1605704171316966
5969,26.0,0.28645376089166547,1.8169867671453035
5970,14.0,0.6014093229738028,2.242602382387434
5971,17.0,1.4892206168910935,2.6048536861644074
5972,20.0,0.1274474447210667,1.7846654415130616
5973,12.0,0.3203467514044246,2.0816538333892822
5974,37.0,0.7818451955368538,1.8888338707588814
5975,28.0,0.4095448693919317,1.8627369744437081
5976,11.0,0.7678451029399685,2.6081641804088247
5977,46.0,1.7666510435563574e-27,1.8535102553989575
5978,10.0,0.7585216152779432,2.8085019111633303
5979,17.0,1.0044109499968321e-05,1.795264019685633
5980,9.0,1.0044109499968323e-23,1.692423767513699
5981,12.0,0.4505632078492146,2.2713990608851113
5982,11.0,0.2562569008385408,2.149660587310791
5983,17.0,0.5868946497046742,2.768698986838846
5984,75.0,1.1627480732622201e-73,1.6452593612670898
5985,12.0,1.0171396962497783,2.9023550351460776
5986,19.0,8.282742359514982e-13,1.7016112553445917
5987,22.0,0.40017970285472476,1.954770565032959
5988,16.0,0.2742802514511284,1.9704048931598663
5989,25.0,0.7429468262848646,1.9712314796447754
5990,8.0,1.0127334939700925,2.896525025367737
5991,32.0,0.5424885584355231,1.667781949043274
5992,15.0,0.8203647472491608,2.530630413691203
5993,19.0,0.587330661132642,2.302392031017103
5994,13.0,0.924854930987798,2.5127060963557315
5995,23.0,0.48918797934985014,2.1193356928618057
5996,15.0,0.25814461530393495,2.0912110964457193
5997,11.0,0.5590999742372917,2.580809376456521
5998,13.0,2.346026721652756e-20,1.4632548185495229
5999,30.0,2.346026721652757e-80,1.6194631258646648
6000,14.0,0.7700772336306908,2.4487793104989186
6001,42.0,0.32105785254914443,1.872186439377921
6002,19.0,1.1217209084863367e-29,1.1357011795043945
6003,17.0,0.4017604639522372,2.0225714795729695
6004,13.0,0.2427725447855748,2.0093876031728892
6005,14.0,1.4439003149917554e-22,1.5251924310411726
6006,13.0,0.436715479763336,2.3668257089761586
6007,14.0,0.6847948471596572,2.387072835649763
6008,13.0,1.1081549282922023,2.588883253244253
6009,36.0,0.7071076489227587,1.9721918635898166
6010,17.0,1.7404756833596775,3.4496759246377384
6011,19.0,0.6876770425257868,2.352840624357525
6012,13.0,3.1994548661628727e-16,1.1515697699326735
6013,23.0,0.679437909237182,2.1845230641572373
6014,11.0,0.7327278772977074,2.3453267487612637
6015,17.0,0.30887663438922125,1.9362253301283892
6016,22.0,0.633658397686,2.1066208319230513
6017,15.0,9.2362389404809e-06,1.6862900098164877
6018,9.0,9.236238940480903e-24,1.001504209306505
6019,33.0,0.8038167318500605,1.946760033116196
6020,42.0,0.927896735430003,2.027639400391352
6021,19.0,0.33455306649536115,1.7866622272290682
6022,12.0,0.6018264361065959,2.5037967363993325
6023,14.0,0.018571663201818297,1.7568383940628596
6024,43.0,4.887625789703434e-50,1.7354513988938443
6025,15.0,0.49845998894517207,2.2676122188568115
6026,17.0,0.6214108270878992,2.213060940013212
6027,29.0,1.4659225243622853,2.217142285971806
6028,13.0,0.400650904440418,1.710487072284405
6029,16.0,8.430883194957162e-28,1.5278280377388
6030,16.0,0.7757110790968815,2.3678489923477173
6031,10.0,0.2006322792471477,1.8056887626647948
6032,18.0,0.7655655109073557,2.400642176469167
6033,11.0,1.0023014676382629,2.8340917067094282
6034,19.0,0.857188026868311,2.301252189435457
6035,16.0,0.7512499519758447,2.1804756224155426
6036,19.0,0.982301680534543,2.4537035038596704
6037,28.0,0.11681306164878069,1.6977112633841378
6038,13.0,0.7874897768575657,2.471741346212534
6039,11.0,0.15782756145123272,1.7278068715875798
6040,12.0,0.5599552393783812,2.106289863586426
6041,31.0,0.013070415991144703,1.5272169266977618
6042,13.0,0.6748757920238672,2.4940929412841797
6043,17.0,1.1791969819432033,2.697235514135922
6044,20.0,0.7940882822176315,2.2506818175315857
6045,17.0,1.2405772387801113,2.8350206543417538
6046,12.0,0.2372311084624229,1.607919971148173
6047,16.0,0.9813159159021887,2.656995475292206
6048,15.0,0.8310987280778613,2.381030813852946
6049,41.0,0.6370266542996251,1.7833345110823469
6050,9.0,1.555852435436138,3.502345085144043
6051,48.0,0.5514027824284893,1.7549356122811635
6052,18.0,0.45956500796418853,1.8888577355278864
6053,13.0,0.44783068658026726,1.933849994952862
6054,15.0,5.41876216329065e-26,0.935722541809082
6055,36.0,0.43961146515694716,1.890778727001614
6056,28.0,0.9104157152787538,1.948299092905862
6057,13.0,0.9792978698436964,2.4341102746816783
6058,9.0,7.181149488086289e-06,1.309406042098999
6059,19.0,0.6441754034065801,2.62170756490607
6060,13.0,0.6031117370566516,2.665758829850417
6061,20.0,0.6018079511853847,2.358452320098877
6062,16.0,0.25732890420303545,1.8314837664365768
6063,21.0,3.9194689181638605e-20,1.9004188719249906
6064,25.0,3.919468918163863e-70,1.5244950199127196
6065,24.0,3.9194689181638657e-118,1.0907332102457683
6066,17.0,0.5585652987656731,2.5481290536768295
6067,28.0,0.7739287819178581,2.402736016682216
6068,13.0,0.3674762968140841,2.13755831351647
6069,24.0,0.02808247785684875,1.5976618528366089
6070,14.0,1.08735201909334,2.6839309419904436
6071,23.0,0.6862852834978027,1.9545432173687478
6072,10.0,0.5642321535590359,2.3081570625305177
6073,15.0,1.525069138848111,3.0880743980407717
6074,8.0,1.1725172789061842,2.7336339354515076
6075,21.0,0.8753136957497041,2.314608028956822
6076,20.0,1.0927375569832787,2.4449623823165894
6077,27.0,1.0098882906775835,2.3957081547489874
6078,12.0,1.171439278224182,3.284254550933838
6079,11.0,0.6156255338201959,2.2411128390919077
6080,17.0,0.07966025314185082,1.7513945523430319
6081,36.0,1.1973772997903436,2.0964389642079673
6082,30.0,0.1015360420420875,1.4714691241582234
6083,14.0,1.1464027215069332,2.966889892305647
6084,20.0,1.0807126453643225,2.5868102312088013
6085,27.0,0.8465117545496411,2.4900993594416865
6086,12.0,0.9369623299590573,2.7348018884658813
6087,16.0,0.689489439968987,2.412710130214691
6088,10.0,0.37501082811195385,2.1034570217132567
6089,20.0,0.9119634348416559,2.675149393081665
6090,15.0,1.9997637313716716,3.748662503560384
6091,21.0,0.3777681314435123,2.2484764598664784
6092,15.0,0.13133542150423358,1.7931013107299805
6093,12.0,3.540103838343392e-16,2.0840173761049905
6094,24.0,1.4499742287405026e-19,2.3026236097017923
6095,32.0,0.18158627024925406,1.982710525393486
6096,10.0,0.37134478504059104,2.34369215965271
6097,17.0,0.4014119938628935,2.5540275713976692
6098,11.0,4.4488634762077703e-13,1.495628367770802
6099,31.0,0.3066538340116228,1.9963208321602113
6100,22.0,0.9071946278245906,2.311937830664895
6101,10.0,0.618216795141285,2.4835041522979737
6102,13.0,7.144202085122842e-10,1.7408964817340558
6103,19.0,1.625323616472785e-29,1.6233413595902293
6104,13.0,0.8526896728869874,2.550183442922739
6105,59.0,1.4261357901401663,2.297477439298468
6106,11.0,0.3807834774363366,2.1162486509843306
6107,26.0,0.1120359987899195,1.9929223794203539
6108,19.0,9.659734775825253e-08,1.7936778194025944
6109,23.0,0.7552086776875273,2.395038065703019
6110,28.0,0.9880124043852384,2.4863308497837613
6111,32.0,0.7803092667964207,1.9981224834918976
6112,16.0,1.6698081000454775e-23,1.2439263761043549
6113,11.0,0.394023310770994,2.415857445109974
6114,14.0,0.7073598201341074,2.445302997316633
6115,21.0,3.2772937666051236e-28,1.6843761943635487
6116,26.0,1.624051553907342,2.411792590067937
6117,14.0,0.9137955297061842,2.3436329705374583
6118,18.0,0.508111473798366,2.181036260392931
6119,11.0,0.9343182297658696,3.1136884689331055
6120,19.0,1.2485390076387328,2.5390712587456954
6121,15.0,0.3135647511802129,1.9937374432881674
6122,25.0,0.8692348905100796,2.3294332313537596
6123,19.0,0.40676116200596385,2.082027836849815
6124,46.0,0.35677891694551905,1.5824042817820674
6125,20.0,0.48627668742258623,1.9591472446918488
6126,13.0,0.001146565020722609,1.6004681587219238
6127,16.0,0.47534780756067085,2.473889023065567
6128,8.0,1.6140251575108215,4.087451457977295
6129,16.0,0.6452612920230321,2.1918447762727737
6130,16.0,0.1310385738834987,1.7411255240440369
6131,10.0,1.636474813646683,4.013135194778442
6132,12.0,1.1048989576722614,2.7701741059621177
6133,17.0,0.9501324385988955,2.639950345544254
6134,12.0,3.969081897362733e-14,1.4220789670944214
6135,26.0,0.11255216782170827,1.6955546232370229
6136,12.0,0.23886947729199487,2.1289382576942444
6137,19.0,0.419993166707983,1.9432952811843471
6138,18.0,0.42362252348902596,2.0057998763190374
6139,33.0,0.7593601157167178,2.1059555140408603
6140,61.0,0.6724339176877994,2.0116743416082663
6141,17.0,0.8498195911457381,2.412765615126666
6142,10.0,0.9788589281675094,3.159684419631958
6143,18.0,1.1834069243878123e-25,1.6646115514967177
6144,14.0,0.844061144118327,2.84126387323652
6145,11.0,0.727928664525442,2.7338814301924272
6146,16.0,0.0007515787809933733,1.7437734603881836
6147,11.0,1.2985486531737516,3.305241021243009
6148,29.0,0.04487610558330656,1.8524032461232152
6149,15.0,1.5140215115316644e-15,2.2587982177734376
6150,13.0,0.056665528741824005,1.8608738092275767
6151,25.0,0.35474557557661185,1.8978129386901856
6152,26.0,0.21893463872946275,2.062162050834069
6153,70.0,4.6758925657807524e-70,1.9479057175772532
6154,18.0,0.7714252245942712,2.5107973946465387
6155,23.0,8.456392521251367e-24,1.620282567065695
6156,18.0,0.505338236238632,2.208824714024862
6157,19.0,0.8087984048057189,2.2378165094475997
6158,12.0,0.43878940242994896,2.1830098628997803
6159,13.0,0.5380845460526286,2.460672195141132
6160,25.0,0.4629072800584048,2.067114734649658
6161,21.0,1.1098946117009172,2.7492042041960216
6162,19.0,0.719446663060349,2.07117896330984
6163,17.0,1.0869097558668182,2.5453383501838234
6164,36.0,0.29640011463845,1.736664182609982
6165,24.0,0.38667436439157293,2.058566908041636
6166,10.0,0.6547345159089917,2.524917411804199
6167,19.0,0.6492634204135433,2.280742971520675
6168,16.0,0.1586477695301308,2.1308250725269318
6169,10.0,0.5340518450736181,2.597532773017883
6170,34.0,0.00108145588377528,1.8436324315912582
6171,17.0,0.8614186645679667,2.3476796851438633
6172,30.0,0.9212632778093766,2.494375546773275
6173,16.0,0.2643183655376177,2.0649592727422714
6174,20.0,0.49816750886855077,2.2135488986968994
6175,14.0,1.6430645511236054e-22,1.3116657393319267
6176,16.0,1.6430645511236058e-54,1.5492680668830872
6177,18.0,1.2569328766398518,2.653211143281725
6178,16.0,1.0123680758960652e-15,1.5846711993217468
6179,9.0,0.738563351883781,3.2886087629530163
6180,20.0,0.6850339743332724,2.441899371147156
6181,11.0,2.267575544948362,4.409580620852384
6182,21.0,0.9970318842497417,2.5890709332057407
6183,12.0,1.1919376256421899,2.9564096132914224
6184,17.0,0.5460783760440678,2.15255599863389
6185,25.0,0.5593763517828749,2.1997805976867677
6186,15.0,0.6840229074695802,2.603183396657308
6187,22.0,0.25587526469062616,1.9951050281524658
6188,12.0,0.8559942395151902,2.8887879053751626
6189,22.0,9.340732523739205e-26,1.840062054720792
6190,12.0,1.0358346249354733,2.9946727752685547
6191,17.0,0.2051869244293705,2.068037650164436
6192,58.0,0.4574955285192446,1.920893356717866
6193,12.0,1.3291260585813451,3.1771740118662515
6194,18.0,0.5054534425834534,2.33025500509474
6195,17.0,2.5374803278397244e-22,1.819120435153737
6196,27.0,1.1188262958692627e-51,1.6921068650704842
6197,33.0,0.5299605856476202,1.9553534189860027
6198,24.0,3.4409820119934734e-44,1.5095605452855427
6199,24.0,0.7299906246424249,2.189344843228658
6200,40.0,0.4330981299651931,1.740989339351654
6201,18.0,1.1583242981084032,2.8957197931077747
6202,11.0,1.0978067370356774,2.7230334281921387
6203,10.0,1.7058773796873061,3.595079803466797
6204,16.0,0.32076748254679743,2.0393045395612717
6205,14.0,0.15114330881167293,2.003901175090245
6206,23.0,0.5066975878942747,2.1685624951901645
6207,13.0,0.7245799013198144,2.72057320521428
6208,17.0,0.796206180611251,2.261278937844669
6209,15.0,0.33852498985479995,1.9295845031738281
6210,19.0,1.5784658631437768e-31,1.5496489374261153
6211,12.0,0.2937396106322814,2.232431173324585
6212,12.0,0.775200134895325,2.4956271251042685
6213,21.0,0.2311084168874099,2.103986376807803
6214,22.0,2.0240249696459376,3.368023092096502
6215,39.0,0.11382402574619462,1.9691982085888202
6216,19.0,0.568535354531221,2.0439265150772896
6217,21.0,0.09025031916954496,1.780634221576509
6218,11.0,0.04806339513428212,2.111537673256614
6219,22.0,1.3492862709029783e-27,1.8674610744823108
6220,21.0,1.0589496161585226,2.545968759627569
6221,12.0,0.4669276767526015,2.2127906878789267
6222,16.0,0.6290779884166857,2.424683630466461
6223,9.0,0.10585946788366776,1.8566304842631023
6224,15.0,0.7934438317963853,2.857602818806966
6225,12.0,1.3712090803152612,3.2501248518625894
6226,17.0,0.5604400150720258,1.9407986472634708
6227,17.0,0.7588174961113097,2.32391918406767
6228,36.0,0.11450891233214298,1.7570024993684557
6229,14.0,8.291725877842089e-10,1.7572975839887346
6230,19.0,8.291725877842092e-48,1.5255112146076404
6231,17.0,0.5077848242205186,2.304346701678108
6232,19.0,5.072560415961268e-18,1.6940801206387972
6233,18.0,0.22033717004613856,1.9827562703026667
6234,47.0,0.10055071227789115,1.6842725429129093
6235,19.0,5.125011675990203e-28,1.5224367693850869
6236,12.0,5.125011675990204e-52,1.6752928892771404
6237,10.0,0.8818334057491688,2.9585123538970945
6238,17.0,0.8401979231467853,2.407143648932962
6239,13.0,0.0005274494490639843,1.7520339855780969
6240,14.0,0.4839185328340335,2.2737252371651784
6241,13.0,1.0934558698587568e-19,1.4807294698861928
6242,37.0,0.2757422854422722,1.9997762731603674
6243,14.0,0.03452974682188285,2.149801356451852
6244,28.0,0.4808604043990483,1.8993022782461983
6245,15.0,0.43765543920640687,2.1527695020039874
6246,15.0,7.334095764514089e-20,1.63462340037028
6247,21.0,1.3749024191352774e-31,1.6253477051144554
6248,13.0,0.598540168185842,2.4170455932617188
6249,39.0,0.7192290541638027,2.0471686888963747
6250,16.0,0.8391873157843369,2.808613955974579
6251,13.0,0.10182720068784883,1.651431413797232
6252,14.0,0.9623268335579127,2.616224459239415
6253,13.0,1.3661650882480556,2.7692553446843076
6254,23.0,1.609822508033352,2.6246420611505923
6255,32.0,0.08990921982755805,1.9547162652015686
6256,16.0,0.8349835990624687,2.540562152862549
6257,13.0,0.5645724375326324,2.2227081885704627
6258,39.0,0.015186334624701057,1.8697869196916237
6259,15.0,0.6468915560607823,2.4501514434814453
6260,15.0,0.06286885166413107,1.6700571616490683
6261,31.0,0.14900074396900095,1.6429039739793347
6262,8.0,0.5441029267375297,2.5690425634384155
6263,17.0,0.11186267574287967,1.9308477850521313
6264,15.0,0.9047989616026969,2.640063015619914
6265,10.0,0.4498253611208268,1.9031736373901367
6266,18.0,1.2910066025089586,2.7271839247809515
6267,13.0,0.09262608531051317,1.6243214240440955
6268,43.0,0.4236041552977214,1.909117809561796
6269,10.0,1.9919709190013886,4.056520652770996
6270,22.0,0.4430895807118283,2.0380098169500176
6271,23.0,1.2492464208367255,2.5822051504383916
6272,11.0,1.3431510389658683,2.7589339776472612
6273,52.0,0.3757547479180299,1.7906959331952608
6274,13.0,0.31490473937862107,2.221782794365516
6275,16.0,1.328752975471672,3.001282811164856
6276,15.0,0.5775434923906193,2.1706713994344073
6277,10.0,0.3678219254932974,2.1097257137298584
6278,14.0,0.15163870959269282,1.9290297712598528
6279,14.0,0.6607944168498167,2.749420779091971
6280,10.0,0.4721606840574677,2.3277723491191864
6281,39.0,0.7228530967824353,2.0110203425089517
6282,19.0,0.06532501761509457,1.8040455391532497
6283,12.0,0.6853964527251392,2.5812093019485474
6284,34.0,0.8090723476408767,1.9222781097187716
6285,13.0,0.8323845533697761,2.7250003814697266
6286,20.0,0.22076842716125472,1.9441993355751037
6287,12.0,4.669905357337096e-24,1.6070925394694011
6288,16.0,4.669905357337097e-56,1.5748771876096725
6289,41.0,0.9410690478719945,2.072817174399771
6290,31.0,1.481456271170464,2.4587346507656958
6291,13.0,0.49612919351851814,2.0554973895733175
6292,15.0,0.42356620685484087,2.134095573425293
6293,32.0,0.003362403445104447,1.7981485947966576
6294,28.0,0.4257278106377002,2.1993221385138377
6295,15.0,0.6478439263772888,2.2530162811279295
6296,30.0,2.794485527297489e-54,1.3601721286773683
6297,11.0,0.5286977440842396,2.5698738531632856
6298,16.0,0.10864533192241993,1.9005255699157715
6299,9.0,0.1195258517510125,2.1964183383517795
6300,10.0,0.2876226028887079,2.4025460481643677
6301,14.0,0.6679900580826028,2.667297124862671
6302,24.0,1.6081596613744567,3.0487042466799417
6303,18.0,0.0010208547277047553,1.5722440083821614
6304,12.0,0.39021175836308786,2.476549744606018
6305,14.0,0.046489546510007584,1.9168367385864258
6306,23.0,1.3285891340559684e-09,1.92002664959949
6307,15.0,1.3285891340559684e-39,1.708517026901245
6308,29.0,0.15419266027408038,1.8444315482830178
6309,15.0,1.1314624388806307,2.6357858339945475
6310,18.0,1.0726015530634856,2.4288825723859997
6311,10.0,1.252386268215779e-05,1.4559189796447753
6312,11.0,0.5100361217575309,2.379876830361106
6313,15.0,0.8567719312855107,2.2965291341145835
6314,11.0,0.9018480610412785,2.412255980751731
6315,17.0,0.3272665918309381,1.9010382329716402
6316,21.0,0.8219767574001199,2.624843120574951
6317,14.0,0.7435991264260682,2.3940745081220354
6318,14.0,0.8063893000259404,2.3070437567574635
6319,17.0,0.6806654442733482,2.4319421263302075
6320,14.0,0.40598937071136243,2.0102959190096175
6321,17.0,0.20255001574233686,2.0617143687079933
6322,61.0,0.4776965114721526,2.0402305556125326
6323,13.0,1.037445398741322,2.803195623251108
6324,18.0,0.24796887418017632,2.1926964388953314
6325,23.0,0.3752894113245031,1.9447991329690684
6326,11.0,9.168049096912392e-06,1.7369013916362415
6327,20.0,0.0009125313442527836,2.0631454229354858
6328,15.0,1.4527485963234057,3.015415827433268
6329,12.0,0.856644794212005,2.220243811607361
6330,32.0,0.0018827097338913995,1.9599433541297913
6331,11.0,1.8827097338913997e-25,1.5140804810957476
6332,35.0,1.8827097338914002e-95,1.4537041868482317
6333,10.0,0.29011072664649357,2.4247552394866942
6334,15.0,0.6148699703461133,2.2533552169799806
6335,13.0,5.327845774346343e-06,1.8213820090660682
6336,28.0,0.02812063750407082,1.8386446748461043
6337,15.0,0.3829714500033468,2.1393165906270344
6338,29.0,0.4766133657328888,1.6755232317694302
6339,20.0,0.20077028187193713,1.968116855621338
6340,17.0,6.973337842605349e-10,1.7135302038753735
6341,14.0,0.13570864307690217,1.9665735449109758
6342,17.0,0.8306012750921361,2.259505917044247
6343,23.0,1.1309428210810997,2.517813433771548
6344,31.0,0.7404264402202476,1.7195903716548797
6345,23.0,0.45098525384755545,2.1364592883897866
6346,11.0,9.077087962017081e-18,1.45894485170191
6347,10.0,0.9455790131974549,3.150848913192749
6348,46.0,0.604633595836738,1.8472516640372898
6349,34.0,1.8303609843820081,2.67926446129294
6350,13.0,0.9264520557921327,2.2482539323660045
6351,23.0,0.048044188620528165,1.8791230657826299
6352,19.0,0.3775497366671537,1.8681081470690275
6353,17.0,0.6091528765582557,2.2404479419483856
6354,28.0,0.1717992602931014,1.7727430377687727
6355,32.0,8.567224436845432e-62,1.3102643564343452
6356,20.0,0.7392629780111416,2.5245885848999023
6357,23.0,1.8715254556126906,2.891205538874087
6358,11.0,0.3941328721699298,1.7415126453746448
6359,13.0,1.1873915332198255e-19,1.2129281850961537
6360,20.0,0.8821885559310294,2.849232006072998
6361,23.0,0.26013704096515045,2.0448158927585767
6362,15.0,2.0425804489634332e-07,1.7670886198679605
6363,10.0,2.0425804489634332e-27,1.5949236750602722
6364,12.0,0.44274895189861097,2.406028628349304
6365,18.0,1.0962706953899521e-15,1.8932660155826144
6366,54.0,0.7488818291917881,1.8696501784854465
6367,19.0,0.1526611400893681,1.6056658468748395
6368,15.0,0.04439650988355617,1.7342064698537192
6369,37.0,1.0268722234504586,1.9930636947219436
6370,14.0,1.3669981702306715,2.9833195550101146
6371,18.0,1.2517097404471884,2.2995355129241943
6372,11.0,1.4242134831188542,3.123674912886186
6373,11.0,1.4182506239867951,3.092018560929732
6374,17.0,0.34729927320733356,1.9528669469496782
6375,9.0,1.7155012206485971e-16,1.5946444935268826
6376,8.0,1.0786881451432866,3.5272698998451233
6377,17.0,0.6400655160858681,2.208882219651166
6378,12.0,0.40422261888398486,2.147668480873108
6379,11.0,1.03150561181773,3.0582325241782446
6380,33.0,1.425227870959225,2.466817754687685
6381,10.0,1.0646343236181743,2.572084903717041
6382,13.0,1.6826980919770169e-06,1.8431604091937726
6383,24.0,0.2561239627615613,1.999727487564087
6384,35.0,0.20043058596931207,1.6395332540784564
6385,10.0,0.03378530391728447,1.96240291595459
6386,12.0,0.16729265881950864,2.2305933833122253
6387,20.0,0.59837041422813,2.1419885635375975
6388,18.0,0.33148028930187345,2.085195541381836
6389,14.0,1.3264721023808064,2.9924910409109935
6390,14.0,0.425177338542807,1.993692329951695
6391,15.0,0.2517042503373472,2.0674083391825357
6392,10.0,1.7820420347635577,3.944694185256958
6393,12.0,0.8380463175694415,2.2384857734044394
6394,11.0,0.3232046379805337,2.0231497937982734
6395,12.0,0.2984171126641213,2.229207237561544
6396,19.0,0.2753909540489005,1.9052939164011102
6397,10.0,0.47488143776605796,2.382948112487793
6398,13.0,0.03910573490324526,2.225638426267184
6399,12.0,0.7926192253060338,2.9713548024495444
6400,21.0,0.024535453208794283,1.9547422954014368
6401,15.0,0.6282136757152379,2.4603110631306966
6402,16.0,0.5339524099995608,2.4652029871940613
6403,28.0,4.8931212163723996e-34,1.9509366580418177
6404,22.0,4.893121216372401e-78,1.6640562360936946
6405,11.0,1.7987418013562254e-06,2.019021684473211
6406,20.0,0.5458208947006647,2.4004424571990968
6407,14.0,1.5523623707277656,3.182023899895804
6408,13.0,0.1851858377452517,1.8731699723463793
6409,19.0,7.150250955586392e-34,1.6036196005971808
6410,38.0,0.05190325129540662,1.7348367791426809
6411,14.0,8.939938385655286e-28,1.3659431423459734
6412,9.0,0.4517167205100551,2.952123906877306
6413,19.0,0.6615164556465157,2.5084102028294613
6414,38.0,8.990409605006198e-64,1.5107573835473311
6415,15.0,0.9936358035562168,2.8754341125488283
6416,15.0,1.1973728461443307e-07,1.5287130355834961
6417,23.0,1.1973728461443317e-53,1.601091312325519
6418,36.0,0.6038723925161386,2.06853104962243
6419,16.0,1.5381391640163344,2.9523541927337646
6420,17.0,0.40176548297885645,1.7967321451972513
6421,9.0,1.1146330887470972,3.050883558061388
6422,13.0,1.1238254650962434,2.792259252988375
6423,14.0,0.6507891342410745,2.4046837942940846
6424,19.0,0.37025925880309885,1.6804529491223787
6425,20.0,0.16201563942898772,1.9774637460708617
6426,13.0,0.2574960702730957,2.319777121910682
6427,18.0,7.587090096332641e-36,1.3069508009486728
6428,28.0,0.0012397668146722429,1.7718539237976074
6429,13.0,0.9110244786508287,2.329920475299542
6430,9.0,0.000559602342466369,1.3318564494450886
6431,12.0,0.30863642010952685,2.0598782698313394
6432,12.0,0.5527857227720082,2.356470743815104
6433,10.0,1.3757300855243884,3.6026369094848634
6434,17.0,0.7923875595991166,2.2641328923842488
6435,36.0,0.6037666328038946,1.9639149241977267
6436,9.0,2.0657622087592115e-05,1.5746727519565158
6437,50.0,0.42914121973408226,2.2778948593139647
6438,39.0,0.919649836724225,2.25957814241067
6439,11.0,0.5252096618085518,2.2220686999234287
6440,16.0,0.329642843869316,1.9256015419960022
6441,9.0,0.568746719507912,2.742952346801758
6442,38.0,1.1657530548775166,2.291433861381129
6443,16.0,0.06703266158206309,1.9474096149206161
6444,14.0,0.7371030874301245,2.875297478267125
6445,29.0,0.6937085275635827,2.3549125276762863
6446,10.0,0.5011238233160478,2.2020105361938476
6447,20.0,0.4280333968260824,2.2296549558639525
6448,9.0,0.9409027572184323,3.1038610670301647
6449,22.0,0.17673074019644872,2.0337433598258277
6450,28.0,0.17134536000817,1.7189155987330846
6451,16.0,0.4739916539476181,2.564275860786438
6452,22.0,0.9889623471693795,2.407994877208363
6453,10.0,0.16010721587256424,1.920259141921997
6454,23.0,1.6010721587256432e-47,1.5468944881273352
6455,16.0,0.2959169524364824,2.1584512889385223
6456,9.0,1.799999268075432,4.284842809041341
6457,34.0,7.360249085529569e-53,1.3214297715355368
6458,22.0,0.7596557573811346,2.4125818772749468
6459,24.0,0.5120323390601493,2.1661664247512817
6460,21.0,0.1542211910715842,1.9023332368759882
6461,13.0,3.292815699301153e-26,1.672399218265827
6462,45.0,1.0477406959291044e-47,1.8385382811228435
6463,17.0,1.0477406959291045e-81,2.046286933562335
6464,13.0,1.650180059633055,3.554264343701876
6465,14.0,0.9026081701197319,2.227229527064732
6466,18.0,1.349671032227853,3.291186941994561
6467,28.0,8.975676384402493e-06,2.1467124819755554
6468,25.0,0.8227255471931127,2.0295851707458494
6469,14.0,0.8146226701791474,2.5896830218178883
6470,17.0,1.48704810647712,2.985167335061466
6471,14.0,0.3771665496896239,1.909541130065918
6472,39.0,0.4715972579178339,2.2673541949345517
6473,26.0,1.9505476233989172,3.2004506771381083
6474,18.0,0.4785422550281751,2.1245950063069663
6475,16.0,0.11800964450312411,1.7927822470664978
6476,11.0,0.13065422656649264,1.9481426585804333
6477,30.0,0.06841308642259131,1.618151028951009
6478,14.0,6.841308642259133e-30,1.484543698174613
6479,15.0,0.45604955747705667,2.472753620147705
6480,15.0,1.0971099128200802e-25,1.4352344512939452
6481,52.0,0.34171981285767855,1.6310682663550744
6482,34.0,0.995338217569788,1.9469570833093979
6483,10.0,0.29384432594596255,1.961887103319168
6484,16.0,0.46678337006499665,2.153864949941635
6485,16.0,0.5001278512818045,2.1851494908332825
6486,46.0,0.2653008329488529,1.7597636036250903
6487,15.0,1.251134624772915,3.1772591908772787
6488,20.0,0.8273249869463929,2.245787739753723
6489,21.0,0.3396819297635116,1.8946281614757718
6490,16.0,0.41137800157231036,2.222030460834503
6491,26.0,0.9329243167205565,2.1599086981553297
6492,23.0,0.0011635525717140723,1.7497919227765955
6493,13.0,0.014048557363645261,1.7690467100877028
6494,14.0,0.2164317624692687,2.026644195829119
6495,10.0,0.16170822660878345,1.8777700424194337
6496,22.0,1.661092792956661e-45,1.5100609172474255
6497,14.0,2.7856707961608835e-26,1.6893061910356795
6498,19.0,0.9390035848399324,2.648316057104813
6499,15.0,0.6264982420985864,2.360546429951986
6500,24.0,0.12976083267831803,1.846486488978068
6501,23.0,0.4304282090610849,1.968445280323858
6502,35.0,0.2037743252939195,1.7904891899653843
6503,28.0,0.7000807616132139,1.8068983895438058
6504,16.0,0.9853548968878233,2.601432830095291
6505,20.0,0.001445167270760474,1.603806471824646
6506,18.0,0.7189619924425658,2.3133090337117515
6507,9.0,0.5326740633884914,2.0958791308932834
6508,13.0,0.8836304533111494,2.349198451408973
6509,14.0,0.785594989724604,2.3847407272883823
6510,19.0,0.41526574944529826,2.223796794289037
6511,13.0,0.14354181348932973,1.8103634760929987
6512,13.0,0.569849504567486,2.5074909925460815
6513,26.0,1.9613067078075988e-47,1.207401835001432
6514,26.0,1.4587044233999131,2.5114986896514893
6515,18.0,1.159111489538411,2.150248818927341
6516,39.0,1.0089764351026942,1.9580781154143505
6517,18.0,0.17078099493237373,1.6630340682135687
6518,12.0,0.51456609971904,2.354009429613749
6519,14.0,1.753502497653808,3.1296438489641463
6520,25.0,1.2934219920116132,2.5422111701965333
6521,15.0,0.6153682656123974,2.065822696685791
6522,26.0,2.0169445110610247,2.9872676592606764
6523,12.0,0.8947271799900774,2.3052886724472046
6524,16.0,0.881565634821744,2.5480493307113647
6525,12.0,0.4519910503976318,2.577372392018636
6526,18.0,5.050451424692402e-35,1.5524689488940768
6527,46.0,0.25592247659816225,2.0526309324347456
6528,13.0,1.7598514829933372,3.540250007922833
6529,17.0,0.9051871297134426,2.370991959291346
6530,26.0,2.2682989915310825e-39,1.7668745334331806
6531,12.0,2.2682989915310836e-63,1.5822737514972687
6532,13.0,0.344402227103949,2.506629833808312
6533,10.0,0.2184880729130884,2.0827752113342286
6534,27.0,1.2200912245271196,2.433275787918656
6535,14.0,1.0173093319531128,2.8791593483516147
6536,14.0,0.7818172407041485,2.4775283677237376
6537,16.0,0.833558779559617,2.387316554784775
6538,15.0,0.546621408187769,2.3134449323018393
6539,16.0,0.38695560647175326,2.516881547868252
6540,16.0,1.2624636397334487e-29,1.5240376591682434
6541,26.0,0.8391910503340022,2.3558935935680685
6542,13.0,0.7040953757542014,2.5086381985591006
6543,11.0,0.413101150502696,2.029488216746937
6544,12.0,0.7879780253507926,2.75554883480072
6545,14.0,0.7601328133034835,2.4812438828604564
6546,25.0,2.1908118282734192e-29,1.7346507167816163
6547,15.0,2.190811828273419e-59,1.7524045785268147
6548,18.0,0.8373101394145617,2.363193882836236
6549,23.0,1.0124327561561892,2.668848182844079
6550,14.0,0.6728668449261801,2.2936974252973283
6551,22.0,8.522055576165848e-36,1.2873219576748935
6552,14.0,1.2409939904101244,3.383173942565918
6553,17.0,0.07824715873665358,1.957953509162454
6554,18.0,0.9903092513881268,2.7029228740268283
6555,17.0,0.2057980404051836,2.1273050869212433
6556,15.0,0.05396707235905628,1.9394087553024293
6557,17.0,5.3967072359056305e-36,1.7178736294017118
6558,24.0,0.35153535682119647,1.9934278925259907
6559,29.0,0.31143570671984977,1.9370467087318157
6560,15.0,1.5942446501279255,3.011308034261068
6561,14.0,1.0843259206599876,2.8039242880684987
6562,16.0,0.7586098737270757,2.3512867987155914
6563,25.0,0.27585803978970463,2.4504847621917722
6564,13.0,1.1584052189636462e-21,1.8461143787090595
6565,17.0,0.3948126649224038,2.0993090236888214
6566,14.0,1.5950137078646032,3.2972980567387173
6567,15.0,0.4814674633386103,2.2239695231119794
6568,35.0,0.38145393467874567,2.1541669368743896
6569,17.0,5.709110983043436e-07,1.794712129761191
6570,18.0,0.222185735286275,2.150014109081692
6571,23.0,3.551970435047473e-44,1.301793036253556
6572,12.0,0.5382691083218203,2.7673489650090537
6573,25.0,1.2558973958549145e-35,1.7220956563949585
6574,14.0,0.3203967184807978,2.149822916303362
6575,15.0,0.00014920456338058522,1.6731600761413574
6576,13.0,0.010586373454245495,1.7584708287165716
6577,17.0,0.46642421729954997,2.098412934471579
6578,9.0,1.537724718121883,3.790958351559109
6579,23.0,1.5864302186551718e-34,1.185861815576968
6580,32.0,0.7289567303694711,2.196716994047165
6581,23.0,0.34857731580601764,1.9392976138902747
6582,10.0,0.7319478960855209,2.6743194580078127
6583,9.0,0.7849825896728516,2.5653715663486056
6584,11.0,0.0007154754020536083,1.6116163730621338
6585,14.0,0.17046427409065204,2.1115847315107072
6586,21.0,0.35009453881290864,1.8536595162891207
6587,33.0,1.0833405814999213,2.013278701088645
6588,40.0,0.795000336164883,1.9747199058532714
6589,17.0,0.48400453013654066,2.105817289913402
6590,21.0,0.7174793401129482,2.3394256773449125
6591,18.0,0.9146657125119322,2.708924267027113
6592,18.0,0.11044546836920849,1.8566327889760335
6593,25.0,0.6711494780881403,1.9744093894958497
6594,35.0,0.30069820225062166,1.5604969705854144
6595,17.0,0.37522206719046625,2.2393505994011376
6596,12.0,0.6087116450555873,2.3307352463404336
6597,12.0,0.7073591925223017,2.386493722597758
6598,17.0,0.9368955685747474,2.6332400546354404
6599,31.0,0.05598209510558552,1.6170436489966609
6600,17.0,0.00035513897137331145,2.000470392844256
6601,14.0,0.05868670945431936,2.001202413014003
6602,13.0,1.1061330452169953,2.918155156649076
6603,17.0,0.4816078633816557,2.1157180561738858
6604,18.0,4.917664073406523e-15,1.7020419438680012
6605,23.0,1.4450513031782832,2.8015618324279785
6606,15.0,0.0013346880865109535,1.6307658354441326
6607,12.0,1.334688086510954e-27,1.383612036705017
6608,13.0,0.35304458860282445,2.439109334578881
6609,18.0,9.097202526855525e-34,1.3233579794565837
6610,32.0,0.6778861388626821,1.9330249428749084
6611,32.0,0.314572271398038,1.7398915886878967
6612,18.0,0.49528024229142226,2.1594476434919567
6613,13.0,0.5522878231466664,2.2558118884380045
6614,32.0,0.726766113337967,2.1599178165197372
6615,46.0,0.7409612842336887,2.101426943488743
6616,11.0,0.9307709826210675,2.695449482310902
6617,32.0,0.41853287225359914,1.9298821985721588
6618,14.0,0.6419032405447882,2.37001701763698
6619,16.0,0.6764359360201617,2.3157471418380737
6620,35.0,1.0023218473912876,2.0229284831455776
6621,18.0,0.24766260682326754,1.8812973499298096
6622,18.0,0.452958236835486,2.0305353005727134
6623,16.0,0.4777997681293037,2.2302308082580566
6624,54.0,0.004026371607315315,1.62164952578368
6625,10.0,0.536676921188082,2.4986413955688476
6626,22.0,8.521989405441195e-28,1.5199397693980823
6627,11.0,0.6493447304554141,3.093029087240046
6628,12.0,0.061740074245985446,1.835145930449168
6629,14.0,0.28004376683455806,2.21944454738072
6630,14.0,0.5629814010539942,2.3004622629710605
6631,10.0,0.6865646376420462,2.483221006393433
6632,13.0,0.06558969549063431,1.8478580254774828
6633,12.0,0.9019941904062249,2.5620975494384766
6634,15.0,0.4619496513623049,2.253884283701579
6635,28.0,7.847302656149681e-51,1.4157442705971854
6636,13.0,0.596135689718454,2.398769598740798
6637,15.0,7.056997215353653e-18,1.6021726767222086
6638,13.0,0.42782432014828137,2.160239953261155
6639,12.0,0.6439553031878845,2.1931011279424033
6640,11.0,0.40912062448492303,2.083014791662043
6641,15.0,8.987312698125435e-06,1.531335441271464
6642,23.0,1.0414094396620401,2.5594414213429326
6643,14.0,1.659927958998744,3.2040277889796664
6644,30.0,1.2429589580152822e-33,1.672899881998698
6645,18.0,1.2429589580152826e-69,1.608098030090332
6646,9.0,1.242958958015283e-87,1.2845351960923936
6647,13.0,1.2429589580152835e-113,1.280426758986253
6648,31.0,0.6486222290775174,2.1978478893156974
6649,17.0,1.3786081451029266,3.0297502910389618
6650,17.0,1.5079272989786898,2.8578511967378506
6651,23.0,0.9951279092631975,2.3628633125968603
6652,11.0,0.9866862615528581,2.5831512104381216
6653,16.0,0.1377574322927581,1.7156686782836914
6654,14.0,0.5966988562226234,2.5052639416285922
6655,20.0,0.09352434417772532,1.9544090747833252
6656,30.0,0.4000606066824372,1.994549322128296
6657,15.0,1.426879350248252e-19,1.721451473236084
6658,19.0,0.3494732343564756,2.3111676667865955
6659,11.0,7.439725959038968e-20,1.4611058668656782
6660,16.0,0.11030448647964569,2.0853686928749084
6661,12.0,0.3379028292716809,2.3722442189852395
6662,37.0,1.5948851467247917e-63,1.4385163977339461
6663,19.0,1.7792258539825616,3.2791529454683004
6664,21.0,1.6801677062068305,3.2617560795375278
6665,20.0,0.9098137040322071,2.2099542379379273
6666,28.0,0.00039574750901548336,1.7477308639458247
6667,23.0,0.5095412847404144,2.040158282155576
6668,12.0,1.0249983087044556,2.8588000535964966
6669,14.0,0.2985681255404479,1.8915633474077498
6670,19.0,1.2837262978332356e-35,1.6885261284677606
6671,25.0,0.2292668492422616,2.2458884811401365
6672,13.0,0.3689247877370067,2.084648902599628
6673,16.0,1.7047381271694335e-31,1.459412157535553
6674,29.0,0.6075246273115527,1.92399996724622
6675,27.0,1.3007547244500526,2.565420768879078
6676,13.0,1.5405209281312666,2.848589933835543
6677,20.0,0.27716599692174554,1.9201785326004028
6678,14.0,0.6206153672472671,2.3790198394230435
6679,15.0,0.0008939708062325681,1.7175941467285156
6680,28.0,0.3022029409728677,1.962940045765468
6681,14.0,3.6239176574518623e-22,1.2467784881591797
6682,17.0,3.6239176574518643e-56,1.5078512500314152
6683,25.0,0.9713816439360206,2.21030029296875
6684,23.0,0.3806604695196536,2.263282921003259
6685,14.0,6.225079889133994e-24,1.622912015233721
6686,13.0,1.5485899255131816,3.297341456780067
6687,26.0,1.2389680644741814,2.379654334141658
6688,9.0,0.677656823948545,2.1241271230909557
6689,13.0,0.956680443598843,2.41592315527109
6690,23.0,0.2994319463401246,1.912406879922618
6691,26.0,0.855778853076637,2.1206636062035193
6692,17.0,1.1645215656749621,2.6330686176524445
6693,10.0,1.0554416081470492,2.566656303405762
6694,15.0,0.3678455074022656,2.1043599446614585
6695,11.0,1.5743764201694857e-16,1.6200112863020464
6696,32.0,1.1251984590884498,2.4127639681100845
6697,24.0,1.6227323294340361e-28,1.5365201036135356
6698,27.0,0.10956440010116567,1.6694938606686063
6699,13.0,0.5946798358061358,2.263132095336914
6700,8.0,0.3223409983556779,1.9583377540111542
6701,12.0,7.3293432020720995e-06,1.5761663913726807
6702,30.0,0.41132025450488796,1.8486529191335042
6703,24.0,0.714815375151988,2.1271309653917947
6704,15.0,0.7025812464670034,2.2441208362579346
6705,29.0,0.0006250368559933501,1.750463526824425
6706,20.0,0.6443941487439249,2.052843952178955
6707,13.0,0.9195040759141212,2.636056826664851
6708,9.0,1.6328461659341134,3.8465903600056968
6709,11.0,1.358167354084968,3.2264700802889736
6710,26.0,0.29419902815182375,1.8235735159653883
6711,11.0,0.958945782348581,2.9295846332203257
6712,32.0,0.4268346871061992,1.8086416982114315
6713,15.0,0.7305474952955054,2.397941780090332
6714,15.0,0.8459163012178504,2.2113452275594074
6715,30.0,0.07326189707488502,1.5914310057957968
6716,23.0,0.15077917413454764,2.056948692902275
6717,10.0,4.04421325408978e-18,1.6638217449188233
6718,23.0,0.23555858938511778,2.266122444816258
6719,17.0,0.9072137594469974,2.6618136658388027
6720,12.0,0.052456447368819076,1.5574913322925568
6721,14.0,0.4162314891873061,2.268066167831421
6722,33.0,0.23861739171567126,1.724029252023408
6723,17.0,0.8827807355155041,2.5813430617837345
6724,10.0,0.6556015898018895,2.2697819232940675
6725,35.0,1.3181099916325987,2.165206139428275
6726,9.0,0.6013567305868472,2.096930464108785
6727,26.0,0.4914396405976236,2.0350443308170023
6728,14.0,0.23864223818385594,2.0220564774104526
6729,14.0,0.4236148724299385,2.0633553096226285
6730,29.0,5.127859542494536e-06,1.8677688220451618
6731,34.0,2.4853278180106263e-34,1.617272468174205
6732,22.0,0.056340551148806005,1.4878153584220193
6733,23.0,1.1048512603002536,2.2870296602663784
6734,19.0,0.0015063734408948418,1.607950536828292
6735,11.0,0.7734383953884001,2.857118606567383
6736,10.0,0.2956260468953721,1.9297863006591798
6737,11.0,1.907395823155401e-18,1.1337146108800715
6738,11.0,0.8659262236986981,3.139317815954035
6739,13.0,1.1978354510852682,2.6376858857961802
6740,11.0,7.3859715936290785e-06,1.0476879206570713
6741,11.0,0.18821533946393493,2.2147687565196645
6742,28.0,0.28722390924062635,1.8458923271724157
6743,13.0,0.07418415555828868,2.016437127039983
6744,54.0,0.9396273646675423,2.2501119860896357
6745,39.0,8.141873943528215e-40,1.7652633495819874
6746,33.0,1.2478492153749843,2.3086714311079546
6747,23.0,0.8642285508337194,2.470094452733579
6748,11.0,0.28759401617471086,1.876340389251709
6749,12.0,0.0939005956028116,1.6526946028073628
6750,16.0,0.7270714859208515,2.4861613512039185
6751,13.0,0.23965480982912274,1.8178206590505748
6752,17.0,1.0825483289924618,2.6662152514738193
6753,11.0,0.708671029351327,2.6926937103271484
6754,13.0,0.0007988464121743638,1.5267161956200233
6755,14.0,0.36210477193112767,2.369739600590297
6756,11.0,0.5178910133798982,2.2554489482532847
6757,14.0,0.9650340166194434,2.800114563533238
6758,20.0,0.2719975647921987,1.7834635972976685
6759,13.0,1.3573359452313105,3.5281513654268704
6760,22.0,0.2022943038247719,1.947670654817061
6761,14.0,1.1531232263985185e-23,1.6336064338684082
6762,20.0,1.1531232263985188e-63,2.012842130661011
6763,11.0,1.3296346858019936,3.6318479017777876
6764,54.0,0.29349927619699895,2.0504139264424643
6765,12.0,0.20614561601329773,2.014760971069336
6766,10.0,0.5307966216160241,2.524325656890869
6767,18.0,0.9607305688547387,2.4048708544837103
6768,22.0,0.7655910027906189,2.3331680514595727
6769,17.0,0.7837058235066443,2.385081824134378
6770,10.0,0.22770866568295872,1.743687915802002
6771,35.0,5.785391356434457e-54,1.6639282975878034
6772,25.0,0.01447301250699741,1.7813932418823242
6773,10.0,0.30164223626436576,1.9955291748046875
6774,10.0,0.5999050004405666,2.4751640796661376
6775,21.0,0.059992216037269924,1.8210117249261766
6776,12.0,0.9866595706003273,2.9028826157251992
6777,41.0,0.2659032096634357,1.7598548051787586
6778,15.0,0.5984087296415694,1.9592979431152344
6779,35.0,0.3371701546526988,1.6425862312316895
6780,18.0,0.903996407791447,2.5008311006757946
6781,18.0,0.17129667268845683,1.728030072318183
6782,23.0,1.7567355134360072,2.763041537740956
6783,12.0,0.0003087464141105023,0.9720678925514221
6784,12.0,0.36905760105162383,2.029705305894216
6785,11.0,4.613082983932226e-06,1.5101391835646196
6786,9.0,0.7213953500743893,2.894717905256483
6787,13.0,0.09263172159204085,2.1388517159682054
6788,28.0,1.3463089997957134,2.268349920000349
6789,21.0,0.4375916881188161,2.130930809747605
6790,12.0,0.3277519822145518,2.10778538386027
6791,15.0,8.702663723426867e-09,1.785944398244222
6792,13.0,0.2147542718779533,1.970540266770583
6793,12.0,1.0725554892580522,3.078392505645752
6794,27.0,0.33923355944256095,1.8014742180153176
6795,34.0,0.510160261753635,1.8481085721184225
6796,20.0,0.7550802752614488,2.1350809574127196
6797,14.0,0.5189551678396619,1.97486526625497
6798,16.0,4.707812125882253e-12,1.3668001592159271
6799,28.0,0.29137703138995896,2.119213785443987
6800,28.0,0.7961710630155729,2.0709151881081715
6801,15.0,0.10328281559857971,1.8599773248036702
6802,11.0,0.4367233318112608,2.2635123946449975
6803,18.0,0.6644991369831569,2.1053172482384577
6804,14.0,0.39150525442593026,1.8365564005715507
6805,14.0,0.9620801818835952,2.657163602965219
6806,12.0,0.9177512959640264,2.50968861579895
6807,17.0,1.9873211529224425e-25,1.204980120939367
6808,37.0,0.26178398120371615,1.765110222068993
6809,14.0,1.0994102480197918,2.6779070581708635
6810,22.0,0.3054775983904173,2.0302097363905474
6811,11.0,1.313680720636815,3.212924003601074
6812,33.0,0.7794803741145355,1.8590950243400806
6813,20.0,0.5831313428406508,2.0126977443695067
6814,14.0,0.11305888804011094,1.7200162070138114
6815,12.0,0.7820502330177145,2.2845401763916016
6816,16.0,0.7573969924056236,2.177594840526581
6817,17.0,0.3435616533413215,2.134806240306181
6818,11.0,0.1190781885306799,2.03607498515736
6819,11.0,1.2397125655898506e-22,0.9297436367381703
6820,8.0,1.2397125655898509e-38,1.7917591333389282
6821,14.0,1.2397125655898512e-66,1.7355762209211076
6822,20.0,0.20602081873313907,1.8106322526931762
6823,24.0,1.7854222749745425e-42,1.58353790640831
6824,20.0,1.1530878056788323,2.3980030536651613
6825,14.0,0.36018076788225695,1.854414973940168
6826,19.0,8.846853544544136e-06,1.6780544707649632
6827,13.0,1.0362301696203438e-06,1.6390317403353178
6828,14.0,0.8676687801448895,2.6879286084856306
6829,35.0,0.48327083424883027,1.7858960696629116
6830,14.0,0.3758804747694805,1.982421636581421
6831,34.0,8.448146817568472e-23,1.6006900843452005
6832,12.0,0.8166042716868407,2.687634547551473
6833,15.0,0.6127854195447763,2.0579933961232504
6834,11.0,0.4528119921429151,2.0503536571155894
6835,16.0,0.5857407810634817,2.3670262694358826
6836,12.0,0.13963432729563083,1.6932737231254578
6837,14.0,0.007495657985598427,1.7764902455466134
6838,22.0,6.157430129638548e-32,1.6875177188353105
6839,20.0,0.8909411745030775,2.248026943206787
6840,17.0,0.4379365774839053,1.937469201929429
6841,19.0,1.085965563627963,2.381139353701943
6842,11.0,1.298582052747967,2.904710986397483
6843,24.0,0.28614917837203824,1.9113288919130962
6844,20.0,0.9936445220863089,2.683081531524658
6845,28.0,0.24608687601621582,1.6872565235410417
6846,26.0,0.46884912598562467,1.8293431172004113
6847,24.0,0.4596244594760355,1.9519380927085876
6848,29.0,1.2537393036023377,2.2839540613108666
6849,21.0,0.8946173109853485,2.0623878978547596
6850,15.0,1.2305444662093424e-17,1.4898019631703694
6851,18.0,6.628613816329588e-32,1.696930620405409
6852,14.0,0.8497408140191007,2.6352658782686507
6853,43.0,0.7766980751434684,1.8128904131955879
6854,19.0,0.3137357290581709,1.8931815875203986
6855,26.0,4.1489540077946144e-06,1.9010160061029286
6856,20.0,4.1489540077946154e-46,1.6842762589454652
6857,28.0,0.26073975992994286,1.81330064364842
6858,21.0,0.41450545957553864,1.9540462266831171
6859,34.0,0.26547081024247815,1.631984738742604
6860,14.0,0.3684145513561969,2.1105641296931674
6861,40.0,6.016002589416565e-66,1.4073044061660767
6862,14.0,1.7590657995042827,3.3994643007005965
6863,15.0,0.5854803079822741,1.798705768585205
6864,13.0,0.48335661702689714,2.046107292175293
6865,13.0,1.4268852521931054e-21,1.0446088314056396
6866,12.0,1.4268852521931055e-45,1.2906388243039448
6867,26.0,1.043421006709131,2.221232771873474
6868,13.0,1.1892499301724806,2.644983254946195
6869,35.0,0.4722791725090401,1.8341648646763393
6870,23.0,1.137553791940953,2.7220492362976074
6871,23.0,0.06171762077970152,1.6169565864231275
6872,17.0,0.14209364971923122,1.8284845632665299
6873,36.0,0.7311389574380649,2.058967285686069
6874,21.0,0.3902670707483835,1.7791556176685153
6875,15.0,0.35647008618876214,1.8378386179606119
6876,12.0,0.6172885875339047,2.121168375015259
6877,13.0,0.2708778930962694,1.970431456199059
6878,37.0,0.5285439833723431,1.9395218282132536
6879,12.0,0.9255974539261846,2.76791779200236
6880,21.0,0.8078246611735355,2.24828424907866
6881,15.0,0.7296667326298454,2.3957691828409833
6882,15.0,0.28667963507783095,1.8484260241190593
6883,15.0,2.2508140463480156e-24,1.2689132809638977
6884,26.0,0.7638430858921001,2.2601215289189267
6885,26.0,0.3418428726617882,1.9943315432621882
6886,23.0,0.5513865909981713,2.10847688757855
6887,22.0,0.12757737271167954,1.609893874688582
6888,12.0,1.2290817999870893,3.176039775212606
6889,19.0,0.9664648658023883,2.5759956460250053
6890,11.0,0.9321685120779282,2.5819866440512915
6891,69.0,0.2871683441213421,2.0043317407801533
6892,10.0,0.3767610820521092,2.173336410522461
6893,21.0,0.9688176081680792,2.238182158697219
6894,32.0,0.8259082952983353,2.0681792199611664
6895,10.0,1.3274030499412113,2.964744281768799
6896,11.0,0.4613029834202283,1.901349956339056
6897,16.0,6.567241198937504e-24,1.7270921468734741
6898,14.0,0.31455199337354695,1.8264169692993164
6899,21.0,0.293871476871466,2.023194085984003
6900,10.0,0.5875388347004229,2.2853062629699705
6901,17.0,0.17214403981447618,1.6856012063867905
6902,15.0,0.8822434016897217,2.474570910135905
6903,13.0,0.2247741736090102,1.861767475421612
6904,16.0,0.12201065386065908,1.8456966429948807
6905,12.0,0.20460483019702544,1.7884008884429932
6906,18.0,0.1526426591827714,1.8209318187501695
6907,14.0,0.5655397150188555,2.5413354294640675
6908,26.0,0.785490603133844,1.8557489285102258
6909,10.0,0.5144828122382177,2.4198487281799315
6910,34.0,1.0946318633613414,2.2064547959495995
6911,10.0,0.6644587010507678,1.991624641418457
6912,40.0,0.646866083829539,1.6338049173355103
6913,29.0,0.5516918892700494,1.961150103601916
6914,18.0,2.5743195283928063e-30,1.1309745576646593
6915,18.0,0.7435704550964776,1.946817954381307
6916,18.0,1.4308207016278234,2.488392856385973
6917,34.0,0.8272112981815796,1.8125015356961418
6918,18.0,0.6871465740053299,2.163442015647888
6919,37.0,3.7283284382366e-30,1.5218326078878868
6920,17.0,0.7826314504361779,2.030458366169649
6921,14.0,0.6460742526750749,2.2681124891553606
6922,11.0,0.6658559855611886,2.216883962804621
6923,18.0,0.6893695468480538,2.2947971291012235
6924,14.0,1.5949024787450956,3.209296294621059
6925,16.0,0.21962828964045522,1.8293699771165848
6926,17.0,0.785282796039414,2.598276573068955
6927,37.0,1.1340479240183398e-19,1.4212164749970306
6928,12.0,1.1340479240183402e-43,1.5280245542526245
6929,16.0,0.67136880189455,2.2044817209243774
6930,26.0,0.5746597887469509,1.7129545211791992
6931,13.0,1.0893588286709501,2.617458857022799
6932,14.0,0.0010569413676494396,1.4943865026746477
6933,18.0,0.6484179296133612,2.070220126046075
6934,17.0,0.8179791327236535,2.4263427397784065
6935,18.0,7.11983617359496e-30,1.2382436328464084
6936,20.0,1.222317392169145,2.4170295715332033
6937,14.0,0.5038478360001586,2.2835605144500732
6938,20.0,9.739417585397272e-26,1.4373126745223999
6939,17.0,0.3344139947862493,1.8793183635262882
6940,20.0,6.062949316148402e-08,1.5485922336578368
6941,24.0,6.062949316148406e-56,1.487772007783254
6942,15.0,0.3473717110074793,1.9516506989796956
6943,14.0,0.7862007079194524,2.1434993062700545
6944,11.0,1.3583958858578749,2.9493680867281826
6945,9.0,0.8348241710589434,2.384183340602451
6946,10.0,0.7847357193987919,2.4436905860900877
6947,11.0,0.38381141002568037,1.8639417561617764
6948,15.0,0.24417370445117317,1.8655385653177896
6949,11.0,7.185837464881649e-22,1.0501881079240278
6950,38.0,0.6868866936605087,1.8611716973154169
6951,12.0,1.992500932150578,3.7739646832148233
6952,15.0,1.6970411414857085,2.955317751566569
6953,10.0,0.6199099542839557,1.850880002975464
6954,13.0,1.2142359164527514,3.205119591492873
6955,11.0,0.41120366519186907,1.6445724747397683
6956,28.0,0.22430845024126714,1.7126132079533167
6957,20.0,0.8745560170716724,2.7927978515625
6958,52.0,0.5101400408439987,2.025536289581886
6959,11.0,0.10861275287721199,1.9013633511283181
6960,13.0,8.751918885833011e-26,1.73947627727802
6961,28.0,0.8682337482544971,1.932917833328247
6962,28.0,1.5712793493605382e-14,1.7686224366937364
6963,22.0,1.5712793493605392e-58,1.615445527163419
6964,14.0,0.11698068397910968,2.1142378875187466
6965,10.0,0.8555239688181214,2.838011932373047
6966,13.0,0.6869086311609013,2.623871839963473
6967,10.0,0.6190050303606008,2.58982572555542
6968,24.0,0.007111090538339926,1.6632129351298015
6969,11.0,0.2973031572819729,2.0403932224620474
6970,20.0,0.8254291808181629,2.3066156625747682
6971,13.0,0.5093705615132442,2.182469918177678
6972,14.0,0.20537950994003443,2.036391394478934
6973,35.0,0.9445890138351465,2.042454678671701
6974,24.0,0.12054097934557872,1.8049585123856862
6975,15.0,5.597753086840953e-08,1.8271291335423787
6976,25.0,0.3861160810532347,1.772876272201538
6977,17.0,0.2055868127133938,1.7934891476350672
6978,9.0,1.13797722234978e-18,1.421778678894043
6979,23.0,0.3703203104506589,2.1576106030008066
6980,18.0,1.3961967963494584,2.968002955118815
6981,15.0,0.7839467668403848,2.4477413654327393
6982,35.0,5.231483546692436e-56,1.0322820663452148
6983,12.0,0.3198012328014423,2.3453610142072043
6984,12.0,0.08619467036658005,1.8855512638886769
6985,11.0,0.0070357465567787185,1.8091264204545454
6986,10.0,1.902359281522301,4.558013868331909
6987,19.0,0.45631504731961153,1.94095358095671
6988,18.0,0.2903422461692915,1.822346846262614
6989,12.0,0.35543981198821223,2.078291674455007
6990,17.0,0.021329220133096592,1.52263142080868
6991,12.0,0.4202830845184174,2.205618063608805
6992,29.0,0.8041269545173159,2.2088986265248267
6993,16.0,0.18738934472319918,1.8696100413799286
6994,9.0,0.5873251974987821,2.3265137142605252
6995,11.0,1.0353655546010532,2.516820127313787
6996,17.0,0.6861778985674812,2.0816977865555706
6997,20.0,0.6679967564223259,2.0227550745010374
6998,13.0,0.6910752609514459,2.381825639651372
6999,12.0,0.9663093901709402,2.8372460206349692
7000,12.0,0.4096335456204562,1.880043586095174
7001,26.0,1.4847505572470967,2.757321651165302
7002,12.0,1.1664915648971739,2.6819798946380615
7003,27.0,0.05205887415239782,1.4839556305496782
7004,10.0,0.9032429618565107,2.9389893054962157
7005,24.0,6.743153635500895e-06,1.5063639680544536
7006,24.0,0.747591686254266,2.1186237136522927
7007,10.0,7.435061778234941e-14,1.2547318458557128
7008,16.0,1.3590685749873312,2.9570531249046326
7009,17.0,0.8585214394875039,2.167976407443776
7010,13.0,0.6417536193114822,2.157629508238572
7011,13.0,1.405198120751231,3.0993009347182054
7012,16.0,0.5660612428008214,2.108816981315613
7013,10.0,0.650954553482482,2.449338674545288
7014,15.0,0.3755427269294121,2.4595091501871744
7015,15.0,0.9306440716898646,2.4733015378316243
7016,16.0,0.26452166305601715,1.7453150749206543
7017,21.0,0.29170119320545596,2.1203710465204146
7018,25.0,0.31256721173011764,2.0319660186767576
7019,18.0,0.23711447780297748,2.0968604617648654
7020,13.0,0.0018148437588068383,1.729098494236286
7021,10.0,0.9618919825404844,3.0781789779663087
7022,17.0,0.38241181759785703,1.9582809560439165
7023,25.0,0.4623790234891025,2.1176338958740235
7024,10.0,0.3231638359298864,2.1457815170288086
7025,18.0,1.4677685436226118,3.095268964767456
7026,29.0,1.6164353575263748,2.388093422199118
7027,14.0,1.5011370329561724,2.8822316782815114
7028,14.0,1.0152196900152386,2.4782462120056152
7029,8.0,0.6661639644423714,2.372158110141754
7030,9.0,0.5877561168134932,2.7376602490743003
7031,40.0,2.1318768344241767e-71,1.625022041797638
7032,17.0,2.1318768344241775e-105,1.5880963662091423
7033,20.0,2.1318768344241787e-145,1.509027561545372
7034,21.0,2.788028347142473e-05,1.7865348543439592
7035,12.0,2.788028347142473e-29,1.515687624613444
7036,15.0,2.788028347142474e-59,1.694437313079834
7037,45.0,1.0070606135816917,2.2219334920247396
7038,13.0,0.31841063614523313,2.01439461341271
7039,13.0,1.6574020538739447,3.301693659562331
7040,22.0,0.6163720513535931,2.236431663686579
7041,13.0,0.5665727697554781,2.3525168162125807
7042,16.0,1.659975991063154e-25,1.574380874633789
7043,20.0,0.41069938615974705,2.0776923656463624
7044,19.0,0.25140213769126774,1.762467108274761
7045,11.0,0.5513541708513713,2.615260687741366
7046,13.0,0.3336555236644834,1.945391526589027
7047,11.0,1.8931724264718075,3.871469324285334
7048,39.0,0.43323420823601494,1.700032998354007
7049,11.0,0.6350826043157337,2.284879511052912
7050,18.0,2.2923917153347333e-10,1.8289164702097576
7051,22.0,0.06630207084018003,1.7491428852081299
7052,11.0,7.278865858119371e-18,1.733353311365301
7053,15.0,0.8809508038130175,2.679003111521403
7054,19.0,0.35708094480073377,1.9648470376667224
7055,17.0,0.5288105766846845,2.5391265364254223
7056,19.0,0.4074239810485009,1.9687053278872841
7057,18.0,4.746078487496971e-12,1.5591157012515597
7058,17.0,4.7460784874969715e-46,1.6438784529181087
7059,30.0,0.34233721616693863,1.76221661567688
7060,38.0,1.0525785988963376,1.9684087477232282
7061,49.0,0.788187010942394,1.908039618511589
7062,26.0,0.22630901134767922,1.5701252863957331
7063,9.0,0.7105153307510499,2.776658958858914
7064,17.0,1.902671856313141,2.874545994926901
7065,13.0,2.181070622566025,3.6322717666625977
7066,63.0,9.852572775693163e-12,1.6350960731506348
7067,28.0,0.4638158330404374,1.8133196830749512
7068,15.0,0.8575391073040187,2.7373506863911947
7069,21.0,8.780843801069115e-14,1.6150282110486711
7070,14.0,0.14489027224942186,1.8136839185442244
7071,16.0,0.9234310213221933,2.3176356852054596
7072,17.0,0.35473788685444657,1.9482733642353731
7073,26.0,0.047730787696736075,1.5553493866553674
7074,16.0,0.8040114959861144,2.612712413072586
7075,14.0,1.5366366530530076,3.174440554210118
7076,11.0,1.1067452241754125,2.555892294103449
7077,26.0,0.7223269226123132,2.2767222202741184
7078,10.0,0.8170858392655822,2.547629404067993
7079,22.0,0.8961235322450903,2.1752518090334805
7080,14.0,0.8661558585499816,2.613971676145281
7081,9.0,1.3642426567943826,3.6194132698906794
7082,27.0,0.3516250005404886,1.8145409160190158
7083,32.0,0.15993572338582146,1.9643813073635101
7084,9.0,0.2443810547871236,2.2533967759874134
7085,11.0,1.0623289743684847,2.9514203505082564
7086,17.0,0.3210801690956876,1.9073005564072554
7087,12.0,0.5127417517545706,2.2336596647898355
7088,61.0,0.19687836239042053,1.60790283171857
7089,19.0,1.5982699884114535,2.5831940801520097
7090,9.0,1.5585500101001488,2.9980079332987466
7091,18.0,0.9327977136250649,2.518666214413113
7092,34.0,0.45855802360604786,2.14837682948393
7093,15.0,2.742479177840069e-22,1.1676984469095866
7094,11.0,0.15077902774137064,2.4328233762220903
7095,13.0,0.6301991168895055,2.4119016573979306
7096,48.0,0.12037203444425142,1.7423722644646962
7097,24.0,1.9380519989908251,3.144337852795919
7098,13.0,0.24651875229613482,1.3657094148489146
7099,10.0,0.722700496141355,2.5221290588378906
7100,14.0,0.769011020012136,2.7659319128308977
7101,45.0,0.336446051948536,1.9869329770406088
7102,50.0,0.5591921893949847,1.7725531768798828
7103,30.0,0.18383865809902944,1.5823281288146973
7104,12.0,0.3317281128907423,2.3729130824406943
7105,69.0,0.880507611644257,1.7068486559218254
7106,13.0,0.7710195638685314,2.2859611878028283
7107,14.0,0.23523837090159583,1.7178725515093123
7108,11.0,5.1858772517404384e-18,1.253354245966131
7109,14.0,0.9244594826950422,2.9370010239737376
7110,56.0,0.8145851405298488,1.9878258875438146
7111,20.0,0.7170082098445097,1.968312931060791
7112,19.0,0.2407372832933423,1.5543947219848633
7113,18.0,0.9128759950038963,2.617369678285387
7114,10.0,0.3949623561540807,1.8908589363098145
7115,18.0,0.26445378898152083,1.634731584125095
7116,25.0,0.4499523200214415,1.961306667327881
7117,16.0,1.9147688977384698,3.3647691011428833
7118,16.0,1.3700759902209043,2.5143473744392395
7119,31.0,2.825479473723014e-44,1.5165751672560168
7120,48.0,0.7085366608827862,2.088611900806427
7121,17.0,0.35647679995489395,1.8361008588005514
7122,34.0,1.3627423099276226,1.962713732438929
7123,28.0,0.19789842303733682,1.8026710322925024
7124,22.0,0.03782543426769482,1.6257359331304377
7125,27.0,0.5305390754285003,1.9996220270792644
7126,19.0,0.21046747684593392,1.6909150826303583
7127,14.0,0.09151890808320225,1.8245858805520194
7128,22.0,0.05444516451127932,1.7512235966595737
7129,30.0,1.6003721484749174,2.268733501434326
7130,10.0,1.430172056356128,2.7986642837524416
7131,11.0,0.5915040131962697,2.059532490643588
7132,15.0,1.4467677232991667,3.3152204831441243
7133,16.0,0.4913412406117694,1.9375263452529907
7134,10.0,0.21088409510102868,1.993492603302002
7135,59.0,0.0958594475690476,1.8698808702371887
7136,11.0,0.7778276097586807,2.5500690286809746
7137,30.0,7.354670791692844e-22,1.9673191865285238
7138,9.0,1.2643817765854264,3.693865087297228
7139,9.0,1.1864129801287624,2.7172037760416665
7140,28.0,0.03183976293222003,1.7961722442081995
7141,24.0,0.4033695408613033,1.872291088104248
7142,32.0,0.08664286860240021,1.8134813904762268
7143,20.0,0.2015138746985699,2.436953139305115
7144,10.0,0.8513180831075451,2.845917558670044
7145,22.0,0.5138693021944841,2.246071533723311
7146,11.0,1.554796824776886e-11,1.4909977479414507
7147,10.0,0.9860806163339988,3.265145778656006
7148,26.0,2.547573449668958e-34,1.3935335645308862
7149,15.0,2.547573449668959e-64,1.872294553120931
7150,21.0,0.9330643542340451,2.222098078046526
7151,44.0,1.352912700509217e-37,1.6243958906693892
7152,11.0,0.29218827377324774,2.196412216533314
7153,23.0,2.148699220272394e-34,1.4792442425437595
7154,17.0,0.3731301951793119,2.1322859736049877
7155,13.0,1.3988124617354145e-23,1.1255717277526855
7156,15.0,0.2832000145700196,2.2434736251831056
7157,25.0,1.4229259206139864,2.5649898052215576
7158,22.0,6.664764430724076e-10,1.6798855391415684
7159,15.0,1.1914069558023486,3.012963390350342
7160,10.0,0.2359977501962825,1.5202318668365478
7161,13.0,0.6187956516840053,2.1527301348172703
7162,26.0,0.576761216653964,2.0295670215900126
7163,25.0,0.978847254726241,2.318396682739258
7164,16.0,0.4266286273278525,1.9589031040668488
7165,20.0,0.08593484604609776,1.6394703388214111
7166,22.0,1.145487590678992,2.5481206720525567
7167,31.0,0.7809218515645094,1.925989535547072
7168,15.0,0.741404891213355,2.280552927652995
7169,22.0,0.6430547357215369,2.3695808215574785
7170,19.0,1.0380472611537437,2.6761839891734875
7171,12.0,0.517198628560374,2.462725192308426
7172,25.0,0.12609468338969004,1.6586696052551269
7173,18.0,1.7433176213105783e-32,1.6132137642966375
7174,16.0,1.088592480356039,2.8805260956287384
7175,11.0,0.9096912396152517,2.6888642744584517
7176,50.0,0.3304219742409203,1.8014917945861817
7177,10.0,0.6328926811820524,2.479720115661621
7178,16.0,0.6702115721324087,2.3523989617824554
7179,13.0,1.1477279121838193,2.695044444157527
7180,41.0,0.12774304507951634,1.8298366127944574
7181,12.0,0.5534512397330703,2.4074732065200806
7182,12.0,1.2220417056052708,3.167794108390808
7183,22.0,0.8346629764566976,2.2893254106695
7184,11.0,1.162976063147805,2.7479394565929067
7185,17.0,1.2755350270676613,2.829553576076732
7186,20.0,4.975312722950039e-06,1.763800811767578
7187,27.0,0.014435925161859672,1.6841343773735895
7188,36.0,0.2744448836247453,1.8196802139282227
7189,13.0,0.4699946255010267,1.9153581765981822
7190,14.0,1.3888278732098394,3.0307929515838623
7191,13.0,0.3484595192893821,1.8891120690565844
7192,11.0,0.9852929056007235,3.046696099368009
7193,15.0,0.49846790816199515,2.1377335866292317
7194,20.0,0.646395058902142,2.169436883926392
7195,35.0,0.8873034874279554,2.1739952904837474
7196,12.0,2.0517464983433658,3.7400129238764444
7197,26.0,0.054867094172401196,1.5938935096447284
7198,26.0,5.486709417240122e-54,1.1708718079787035
7199,17.0,0.015873196211623208,2.2340907489552215
7200,18.0,1.0760719747821117,2.4986340469784207
7201,15.0,1.2683242113048347,2.8518914858500164
7202,31.0,0.2555453550302385,1.8047692852635537
7203,13.0,0.04800799132109593,2.138625034919152
7204,26.0,1.6368235797720448e-25,1.9496561747330885
7205,14.0,1.6368235797720453e-53,1.1604019573756628
7206,12.0,1.6368235797720456e-77,2.1825464963912964
7207,33.0,0.5495871978217238,1.7126426263289019
7208,15.0,0.8319441088616514,2.4388086477915447
7209,9.0,0.36009778129180625,2.0219033824072943
7210,18.0,0.2405872146635815,2.1333245966169567
7211,12.0,0.2725043175132977,1.9929913679758708
7212,19.0,0.22166559845406777,1.8942111416866905
7213,11.0,0.9111542574162892,2.503021413629705
7214,16.0,0.03577218718517772,1.7964914068579674
7215,12.0,1.486899581589446,3.333612322807312
7216,15.0,1.1330967926303803,2.29917262395223
7217,10.0,0.624724348588755,2.007455825805664
7218,17.0,0.9852215121307033,2.6729706175187053
7219,20.0,0.5146624648873698,2.0152304649353026
7220,11.0,0.4297036183049437,2.2512955882332544
7221,19.0,1.2093332879366388e-29,1.446167174138521
7222,18.0,0.7438245435562654,2.6650581624772816
7223,12.0,0.4594484744416438,2.0420919259389243
7224,13.0,0.7038941067867028,2.373075375190148
7225,15.0,0.17650790592867155,2.048850345611572
7226,17.0,0.6107627624089377,2.580880613888011
7227,12.0,1.3626494307647134e-19,1.0856516758600872
7228,21.0,0.6932380680367309,2.1562143734523227
7229,31.0,9.379225287506408e-54,1.5843393802642822
7230,13.0,0.010355606025728851,1.9229890016409068
7231,23.0,1.4065072361158875e-43,1.377756761467975
7232,39.0,1.406507236115889e-121,1.5577213580791767
7233,18.0,1.3984040348873206,2.482069041993883
7234,12.0,1.2959496146071798,2.9800831079483032
7235,11.0,0.994278806659151,2.210817423733798
7236,26.0,0.7392863240719935,2.281417278143076
7237,24.0,0.1469976984375952,2.006284217039744
7238,12.0,1.0896799102612058,2.9227061669031777
7239,10.0,0.1266986871839329,1.4580010652542115
7240,18.0,0.515895310590141,2.049868212805854
7241,12.0,0.31549678231054124,1.870970646540324
7242,11.0,0.3946964449067096,2.2379720427773218
7243,28.0,0.47380436246605623,2.0021498032978604
7244,20.0,0.8669556974929045,2.392963004112244
7245,10.0,0.5535055121418633,2.1676674842834474
7246,25.0,0.3725454819152256,1.8020568561553956
7247,12.0,0.22811470408228218,1.9851117730140686
7248,10.0,1.7477149533779632,4.1117466449737545
7249,12.0,0.4119762959993864,1.7682330807050068
7250,11.0,0.7330214103357697,2.8195565830577505
7251,11.0,0.4555276250282664,2.1617164611816406
7252,9.0,0.022548441979984374,1.8763733042611017
7253,69.0,2.254844197998441e-140,1.6824975912121758
7254,16.0,0.9322813436186832,2.3947439193725586
7255,34.0,9.520329594865988e-22,1.6771976386799532
7256,17.0,0.1304178627095066,2.228267894071691
7257,13.0,1.3284040887334072,3.0895533928504357
7258,13.0,0.001530065159276311,1.5811085334190955
7259,16.0,0.05543854786332954,1.682050347328186
7260,22.0,0.3223270614714351,2.0225168358195913
7261,88.0,1.0564064658559087,2.0381375551223755
7262,14.0,0.4968234325899393,2.1652020386287143
7263,12.0,0.14819597598113773,1.8869473536809285
7264,14.0,0.8104245660657976,2.3700151443481445
7265,30.0,0.06908857801202965,1.9948877255121866
7266,39.0,0.7518866727026877,1.8004233286930964
7267,19.0,1.6680485207393058e-09,1.9108046230516935
7268,19.0,0.8946807460956318,2.3319066198248612
7269,11.0,1.137352726528987,2.8060734922235664
7270,18.0,0.6797650589128482,2.1206194029914007
7271,17.0,1.0397190441416886,2.264925676233628
7272,20.0,5.514599443551926e-16,1.562747097015381
7273,22.0,0.2252121421201224,1.7104468562386252
7274,49.0,0.7887985773256371,1.8200032759685905
7275,10.0,0.7068390991806506,2.194860744476318
7276,25.0,0.47728686084982874,1.8659715843200684
7277,12.0,1.0885534433814272,2.823080619176229
7278,13.0,0.018834465996097643,1.6117550134658813
7279,14.0,1.883446599609765e-30,1.741084132875715
7280,14.0,0.966455443241248,2.847594244139535
7281,18.0,1.5739120583828865,2.599643733766344
7282,25.0,1.0589376329056306,2.395648899078369
7283,11.0,0.3319041046800809,1.8685273257168857
7284,16.0,0.6541871593146661,2.214364469051361
7285,43.0,0.7928045398608579,1.816017472466757
7286,11.0,0.3494229998720431,1.8723185712640935
7287,22.0,0.017801742941008565,1.6201330748471348
7288,17.0,0.03566644719638297,1.660764077130486
7289,23.0,0.5620799475054772,2.28688090780507
7290,17.0,0.5401656738393434,2.1884340678944305
7291,11.0,0.8490261212221326,2.714903484691273
7292,20.0,1.1896424187614958,2.7060195922851564
7293,14.0,0.25452295030994543,1.7977782487869263
7294,18.0,0.91089386208968,2.6252583662668862
7295,13.0,0.6463374162142305,2.175809933589055
7296,28.0,0.07493660260441436,1.8781729425702776
7297,20.0,0.017768803474390124,2.023162341117859
7298,10.0,1.0849980076844412,2.994441843032837
7299,12.0,1.3589178795660122,3.128743370374044
7300,9.0,0.7167610968463018,2.286295360989041
7301,14.0,1.3978955436514142,3.435499736240932
7302,18.0,1.6009587695215267e-17,1.7904862032996283
7303,11.0,1.6009587695215267e-39,1.5973884409124202
7304,15.0,0.4644871810039164,2.2200508594512938
7305,10.0,0.9059647262149385,2.8662607192993166
7306,10.0,1.018020816579556,2.7595714569091796
7307,10.0,0.3329181471783656,2.1562110662460325
7308,19.0,0.829733778967997,2.4315387073316073
7309,33.0,0.7621766745149811,2.004686081048214
7310,24.0,1.4340376579233924e-31,1.6843677858511608
7311,18.0,1.0634249205357393,2.881521357430352
7312,23.0,0.10354913846042084,1.7524324189061704
7313,17.0,1.0354913846042087e-35,1.6601518462685978
7314,16.0,0.3356525679271768,1.9190751612186432
7315,22.0,6.392969768790168e-18,1.9622647979042747
7316,20.0,0.4308116739024022,2.006907844543457
7317,24.0,0.6283156174767037,2.3236435651779175
7318,22.0,0.2261294758632633,2.086852648041465
7319,23.0,6.940176891876426e-33,1.776530385017395
7320,11.0,0.7191382839769992,2.6089713356711646
7321,18.0,0.0669545031009256,1.9182147979736328
7322,15.0,4.0611892182980474e-30,1.5513883749643962
7323,11.0,4.061189218298048e-52,1.3647652539339932
7324,10.0,0.35906195283383224,2.4770578384399413
7325,26.0,1.7938452673848833e-36,1.6087666658254771
7326,11.0,0.8631751064032603,2.8521675630049272
7327,13.0,9.355302552868604e-18,1.2753653893103967
7328,16.0,1.0641998658979948,3.051465928554535
7329,21.0,0.6025871997042612,1.9804588726588659
7330,11.0,0.1102868935039466,1.7248509363694624
7331,10.0,2.6884255046026217e-06,1.629919743537903
7332,11.0,0.37150442033395237,2.336830962787975
7333,24.0,1.139307408090011e-11,1.9044033288955688
7334,45.0,0.30270823670556396,1.914617813958062
7335,17.0,0.7191464164580285,2.453590926002054
7336,16.0,0.10650141770972013,1.8860646784305573
7337,45.0,0.17712948664911957,1.5795587009853786
7338,11.0,0.6656385331404836,2.6774818247014824
7339,28.0,1.1043874783276557,2.241341471672058
7340,14.0,0.16879289672282502,1.8871926750455583
7341,38.0,0.972361297283919,2.2495604314302144
7342,19.0,0.4867479437924982,2.0769883958916915
7343,14.0,0.3328034051857977,1.8259104830878121
7344,11.0,1.1027443320166435,3.1019196943803267
7345,10.0,0.3542443208759504,1.7118124485015869
7346,18.0,0.5122025057740227,2.0392571555243597
7347,12.0,0.7519814732139866,2.425644278526306
7348,15.0,1.2882790873104386,2.7145345052083334
7349,12.0,0.9171811610823419,2.439392924308777
7350,11.0,1.0363443578775071,2.6713434132662686
7351,24.0,0.18167450760883855,1.687567005554835
7352,18.0,0.4104845900858826,1.9045322206285265
7353,26.0,0.7542715060075209,2.138180769406832
7354,37.0,1.5164486621690747e-61,1.5319112700385016
7355,9.0,1.1030979295891201,3.1901380750868054
7356,19.0,1.6964475486308068,2.954790843160529
7357,20.0,0.8034802019453363,2.4955674171447755
7358,13.0,0.758827594982878,2.30826080762423
7359,19.0,0.5840302259667126,2.293743660575465
7360,44.0,1.0863320549273285e-34,2.1105543808503584
7361,40.0,0.10502068109684108,1.651600730419159
7362,29.0,0.34039021094366345,2.418888371566246
7363,19.0,1.259194792918585e-31,1.641871358218946
7364,79.0,0.8534391145977938,1.7361510494087316
7365,14.0,0.2855464862544648,1.679938588823591
7366,10.0,0.13999694913042773,1.7291324615478516
7367,20.0,0.8002127882932716,2.3656613349914553
7368,30.0,0.3058164755156682,1.5094516436258951
7369,12.0,0.27304902354851995,2.1012595097223916
7370,20.0,0.01895078535915127,1.794395637512207
7371,15.0,0.21677486430883308,2.155721155802409
7372,15.0,0.41901513457718365,2.070289214452108
7373,34.0,0.031254986958782635,1.6926977704553043
7374,10.0,0.89363303225597,2.942706489562988
7375,19.0,1.5963531751968458,2.7474445041857267
7376,22.0,0.3881785441619312,1.9971335584467107
7377,11.0,0.43334456912181446,2.107447320764715
7378,25.0,0.5857073842599334,2.21305290222168
7379,17.0,1.155383831220955e-23,1.7222150073331945
7380,15.0,1.1553838312209553e-53,1.737910525004069
7381,33.0,0.49098528317353185,2.031816208001339
7382,25.0,0.10248009192245489,1.8303051948547364
7383,10.0,0.8391912687506499,2.577115869522095
7384,14.0,0.6917664214409037,2.4159276826041087
7385,18.0,0.11527369795993402,1.7462713453504775
7386,11.0,0.6596239497368572,2.6295420039783823
7387,12.0,4.461106867237529e-14,1.174802303314209
7388,28.0,0.5092680012962321,1.883164303643363
7389,11.0,0.350879188543183,2.039157433943315
7390,38.0,0.28040512790544275,1.7873467771630538
7391,14.0,0.24238923239578206,2.1333916698183333
7392,13.0,0.1352854951012906,1.7608165374168983
7393,14.0,0.9435058617338966,2.6531751496451244
7394,13.0,0.8370491784024833,2.1367792716393104
7395,18.0,1.0649970947558436,2.547559128867255
7396,56.0,0.6909743781435232,1.7855981928961617
7397,21.0,1.1845786389584783,2.2576894078935896
7398,36.0,1.4764258912065129e-43,1.619244270854526
7399,56.0,1.4764258912065142e-155,1.506111741065979
7400,60.0,0.41602369940647416,1.8568268060684203
7401,14.0,0.3411196320382838,2.018260989870344
7402,11.0,0.4745090200216174,2.2198420112783257
7403,16.0,2.042328234236045e-05,1.4776787757873535
7404,28.0,2.0423282342360462e-61,1.3953022956848145
7405,11.0,0.050606046709460555,1.796713568947532
7406,19.0,0.5256552011898716,2.0939699474133944
7407,26.0,0.7466522868381461,1.8760254016289344
7408,20.0,0.15476389833967233,1.7957118988037108
7409,15.0,1.7438117565290898,3.353375244140625
7410,27.0,1.5090724728339195,2.853009753757053
7411,34.0,1.6192051076332448,2.376659295138191
7412,31.0,1.57477362526236,2.476455642331031
7413,22.0,0.4676876960662022,1.9958677075125955
7414,22.0,0.5085290601209248,1.8945423039523037
7415,21.0,0.16365381417916575,1.9824501673380535
7416,21.0,0.17176510558088778,1.9494078499930245
7417,19.0,0.3595310135357679,2.0027660068712736
7418,14.0,1.2260799862135732,2.5172436918531145
7419,13.0,0.6203528507517685,2.134719646894015
7420,10.0,1.5764449862452539,3.5545489311218263
7421,36.0,0.22016902698735752,1.7323823306295607
7422,16.0,0.9949021037276717,2.578542560338974
7423,13.0,1.3157453480855947,2.978960083081172
7424,27.0,0.9294776903384565,2.554975403679742
7425,18.0,0.1392038692807028,2.020744694603814
7426,18.0,0.8107080921405261,2.5865663157569037
7427,10.0,0.7431584691807842,2.380423974990845
7428,19.0,0.302982424353927,1.9455461000141345
7429,14.0,0.032378980924883165,1.7866339683532715
7430,12.0,1.0538123232991436,2.805426597595215
7431,18.0,0.6373267222938136,2.086243152618408
7432,10.0,0.1895898139515983,1.7970288276672364
7433,20.0,0.45377216906354795,1.8698992729187012
7434,15.0,0.1596686879887974,2.0930342117945355
7435,14.0,0.4798718813358681,2.352846077510289
7436,19.0,0.4742261514067096,2.096320905183491
7437,20.0,0.2273317388198039,2.0030601024627686
7438,28.0,0.5404565677305343,2.083978865827833
7439,13.0,1.1750109860011184,2.8611479172339807
7440,14.0,0.7686609042193341,2.3869098935808455
7441,14.0,2.1299266347428527,3.752896342958723
7442,14.0,0.7847637902157768,2.3241310119628906
7443,16.0,1.3566611337357122e-21,1.5009845495224
7444,12.0,0.7514882648891215,2.8012295961380005
7445,25.0,0.4205396020271971,2.374251117706299
7446,24.0,0.8073488056560398,2.5156331658363342
7447,19.0,0.001236081093791358,2.221916989276284
7448,17.0,0.13370923846951915,2.12724147123449
7449,14.0,8.663248090647951e-14,1.7393461295536585
7450,17.0,0.2682928134895266,2.210393653196447
7451,60.0,0.45102502439785236,1.6375735759735108
7452,20.0,0.06628792600390164,2.025304436683655
7453,18.0,1.199872367442527,2.8623653517829046
7454,11.0,0.5317891443121906,2.3576633713462134
7455,27.0,0.45578835882109436,2.1031629067880138
7456,15.0,0.6168955159012821,2.3230356216430663
7457,42.0,6.753013097164224e-06,1.753100145430792
7458,8.0,6.753013097164226e-22,1.9098408222198486
7459,10.0,0.12350286704401872,2.156683349609375
7460,14.0,0.207873424703342,2.0646022047315324
7461,20.0,0.4408652579609472,2.025026965141296
7462,10.0,4.154228436951131e-14,1.2258620262145996
7463,13.0,0.2570254545514498,2.343074395106389
7464,20.0,0.6174289914030515,2.834029722213745
7465,19.0,4.131743363020024e-05,1.7919158935546875
7466,15.0,0.24358132112208955,2.06072883605957
7467,15.0,5.726622068147705e-18,1.782821528116862
7468,24.0,0.8352792894160114,2.3131420016288757
7469,26.0,0.7372515737408015,2.213934201460618
7470,11.0,0.1857743331919558,1.8957850716330789
7471,17.0,0.4875073732214499,2.0401700805215275
7472,17.0,0.7608385907910364,2.3051371574401855
7473,10.0,1.4011343903870481,3.1724398612976072
7474,15.0,0.7663599948336565,2.3477150917053224
7475,16.0,1.2441706886660908,3.0461239367723465
7476,72.0,0.2845696050132358,1.6710741519927979
7477,13.0,0.20916930744193651,1.9123079960162823
7478,21.0,1.319027023360041,2.3688027291070846
7479,16.0,1.4157551022008177,2.869041860103607
7480,13.0,0.6076456752216502,1.927591397212102
7481,13.0,0.16700156285928178,1.8918084731468787
7482,18.0,0.42511117843281293,2.199089527130127
7483,36.0,1.6274526418088465e-37,1.818112360106574
7484,20.0,0.34761348320498675,1.9382696390151977
7485,18.0,1.223921184337505e-35,1.4502516322665744
7486,14.0,0.2621444942208193,2.1304917505809238
7487,11.0,0.41013303898257014,2.233394969593395
7488,22.0,0.6512525463982031,2.2019486860795454
7489,12.0,0.5060091577392535,2.2989871899286904
7490,17.0,0.27951242378922087,1.9994193525875317
7491,12.0,0.5933724617984958,2.614505191644033
7492,20.0,6.042042101822248e-21,1.761617660522461
7493,11.0,0.49921537128330323,2.5293603376908735
7494,23.0,1.0231862189585083e-39,1.2773089201554009
7495,24.0,0.4529488771384655,2.229249636332194
7496,57.0,1.0489900910038163,1.9618469372130276
7497,10.0,0.9366297003851795,2.5710288286209106
7498,25.0,1.3038575239851111,2.806436424255371
7499,32.0,9.072717050329863e-48,1.4852371402084827
7500,10.0,1.608033967971408,3.8215068340301515
7501,38.0,0.2666195319709738,1.7548660981027704
7502,17.0,0.644111123561738,2.4512459530549893
7503,18.0,0.8411515532718299,2.30014705657959
7504,44.0,1.3296550223958807,2.396204287355596
7505,18.0,1.1471310834244,2.5169666608174643
7506,14.0,0.35012556068707096,2.167738275868552
7507,16.0,0.42463337328411915,2.3807494938373566
7508,16.0,1.0602192816266542,2.777246117591858
7509,15.0,0.8877975939465451,2.7095585505167645
7510,21.0,6.353596651536131e-28,1.7182298614865257
7511,17.0,0.9031142662889358,2.958963618558996
7512,14.0,0.47404724732528003,2.0794033323015486
7513,36.0,0.44424717489136306,1.8432484865188599
7514,15.0,0.08419458232288292,1.795529047648112
7515,14.0,0.23307574502639478,2.0786502020699635
7516,38.0,2.296558765497661e-66,1.6662523997457404
7517,13.0,0.58223454810492,2.5622141177837667
7518,13.0,1.70914637697291,3.526013594407302
7519,18.0,0.2848869974517065,1.8047247992621527
7520,16.0,0.799647303817805,2.5138956904411316
7521,19.0,0.6467114908145082,2.264310259568064
7522,10.0,0.5227203189384195,2.084112596511841
7523,12.0,0.22726063971324598,1.8333298365275066
7524,30.0,3.1110259746446505e-58,1.2921186208724975
7525,15.0,0.5226013605578073,2.4925218423207602
7526,22.0,3.3391929362686885e-30,1.648697397925637
7527,14.0,3.339192936268689e-58,1.5823270763669695
7528,50.0,0.48481311014319006,2.0197835063934324
7529,20.0,0.38771287096827556,2.101287293434143
7530,24.0,1.568308049362721,2.6538381775220237
7531,14.0,0.6326801660480492,1.9048476219177246
7532,14.0,1.1291177400913681,2.479500940867833
7533,11.0,0.8280421626962191,2.74177546934648
7534,17.0,0.38300626352351097,2.18346710766063
7535,16.0,7.229053252841943e-20,1.8695265352725983
7536,19.0,0.8979710179703031,2.4797832589400444
7537,12.0,1.2390519265736462,2.8831437031428018
7538,14.0,0.44192970610593485,2.127889803477696
7539,21.0,0.6803630652719592,2.390853836422875
7540,15.0,0.34113682841996934,2.1307719548543296
7541,30.0,0.5943126234717535,2.2638678550720215
7542,11.0,0.19445299448954398,1.7876020778309216
7543,12.0,0.3028873764599345,2.0158825318018594
7544,9.0,0.18144183966962382,2.0531846152411566
7545,13.0,0.1551640820266029,2.049080867033738
7546,9.0,1.5516408202660287e-19,1.5385849210951064
7547,18.0,0.7909184906098622,2.634831110636393
7548,37.0,0.32733611794704237,2.0697385298239217
7549,19.0,8.410715106301054e-36,1.414975947455356
7550,11.0,1.1458867532966477,3.454999576915394
7551,16.0,0.8877749215138012,2.287904053926468
7552,26.0,0.1395359618484053,1.9355081503207867
7553,20.0,1.395359618484054e-41,1.503383183479309
7554,15.0,0.13690662529717088,2.2269330819447837
7555,22.0,0.6678696291995472,2.240981687198986
7556,12.0,0.5375888877947652,2.4617577393849692
7557,21.0,0.1473361789787062,2.2222157887050082
7558,40.0,0.6283604777674735,1.9661375045776368
7559,25.0,1.0234232011142248e-05,1.695366382598877
7560,26.0,0.19578710210421027,1.7712638194744403
7561,20.0,1.1036253198007953,2.5452291488647463
7562,19.0,8.023743963310365e-29,1.2613557263424522
7563,17.0,5.1266543756003914e-20,1.9032991353203268
7564,13.0,0.21199201301288012,2.030744736011212
7565,10.0,1.1598922286088829,3.2992412567138674
7566,15.0,0.24716681255605796,1.9406476020812988
7567,35.0,0.3527257131148298,1.7213013308388847
7568,15.0,9.620831950642978e-28,0.9230376402537028
7569,17.0,0.21285525556611873,2.0490377650541416
7570,17.0,0.19982491634477192,1.7604111783644731
7571,10.0,7.936528321674896e-19,1.5291792631149292
7572,13.0,0.30528781576000774,2.145871712611272
7573,22.0,0.5496639088838419,1.8434996930035679
7574,20.0,5.41578769959554e-29,1.5340785443782807
7575,10.0,0.30651890806078885,2.0828341960906984
7576,15.0,0.007122485558079982,1.642286443710327
7577,10.0,7.122485558079982e-23,1.2152900457382203
7578,20.0,0.7346639856217971,2.328915762901306
7579,16.0,0.5703824623472383,2.377086251974106
7580,39.0,0.23688040596490537,1.6560647120842567
7581,11.0,0.7147339806541395,2.5955224470658735
7582,20.0,0.5091972338976541,2.1668928623199464
7583,12.0,0.18278631288852562,1.8067298928896587
7584,15.0,0.754119563101878,2.2989126205444337
7585,15.0,0.7974691266630738,2.5469253857930503
7586,14.0,1.7883756542670698e-08,1.4361635957445418
7587,17.0,0.30988179030793017,1.7860040945165299
7588,19.0,0.8843296195739804,2.271341449336002
7589,15.0,1.3514921856553397,2.912757968902588
7590,12.0,1.5075019839060706,3.0899445613225303
7591,33.0,0.3701464834816586,2.237172777002508
7592,55.0,1.0349998820957915e-101,1.3998709938742897
7593,10.0,1.6665208323002885,3.928408646583557
7594,60.0,0.5995861041380265,1.9516551971435547
7595,23.0,1.0959036805729476,2.5005341612774394
7596,16.0,1.2176277464914305,2.465213567018509
7597,32.0,0.3719545330895636,1.6524814665317535
7598,16.0,1.3142195426129306,3.017448827624321
7599,14.0,0.7319469350606435,2.1412855216435025
7600,28.0,0.2083282389560475,2.0964766229901994
7601,13.0,0.5494574682923343,2.4861857340886044
7602,36.0,1.2217605373027562,2.547871152559916
7603,25.0,0.2570836949702574,1.9836005401611327
7604,17.0,0.23894541321610838,2.2047379157122444
7605,17.0,1.4215671448999203,2.9947910869822785
7606,42.0,0.799287805102317,1.9391013327099027
7607,11.0,0.6136804325459037,2.396796616640958
7608,22.0,1.860613508783983e-21,1.9399548443880947
7609,14.0,0.015102795290031681,2.1816201891217912
7610,40.0,1.5102795290031686e-82,1.511909830570221
7611,15.0,0.04605668765434188,1.9724309285481771
7612,19.0,4.605668765434192e-40,1.7598166716726202
7613,13.0,4.1829211019101955e-19,1.7953584744380071
7614,18.0,0.01638784704045014,1.8976348241170247
7615,16.0,0.3509996277308991,2.286553919315338
7616,28.0,0.13395714378302867,1.7232883487428938
7617,13.0,0.0026471885295484077,1.6524739999037523
7618,38.0,9.653319812451808e-48,1.6775842842302824
7619,21.0,0.7832994500441914,2.188770543961298
7620,26.0,0.44948247068348685,2.19638178898738
7621,19.0,0.8041312215164528,2.5494487411097477
7622,14.0,0.5885769811904675,2.168438570840018
7623,14.0,0.4393611256210362,2.4808594158717563
7624,18.0,0.41949720928670386,1.8771795166863336
7625,17.0,0.5908768888287561,2.3223259308758903
7626,17.0,0.7376175506078594,2.2542990796706257
7627,12.0,0.18999320023463706,1.8591771920522053
7628,10.0,1.0901301017859963,3.2432334184646607
7629,13.0,0.7543844359464068,2.5570154923659105
7630,12.0,0.6924970391661461,2.4177331924438477
7631,10.0,1.3255496522830479,3.2082995414733886
7632,29.0,3.6877802298595565e-36,1.686428398921572
7633,13.0,0.13110365718268283,2.266837927011343
7634,29.0,1.139953003426149,2.237387048787084
7635,17.0,0.0005491847018327222,1.5665729817222147
7636,17.0,0.3065441787322157,2.418713653788847
7637,33.0,1.2186765012344871,1.902462453553171
7638,23.0,7.725300760361227e-21,1.6516540879788606
7639,19.0,0.2904991895301653,2.275559851997777
7640,16.0,1.157409184644964,2.8012006878852844
7641,20.0,1.8312131487084853,3.0442028522491453
7642,9.0,1.320347124946687,2.6478279961480036
7643,19.0,0.04111397906479567,1.6569738639028448
7644,13.0,1.096804708702265,3.064359554877648
7645,13.0,0.4984551613759365,2.1280934443840613
7646,10.0,0.40720288438497615,2.252944564819336
7647,30.0,0.8247381328988049,2.102602481842041
7648,17.0,1.2396095055530845,3.059841604793773
7649,29.0,0.20349481003221292,1.9310153270589894
7650,15.0,9.2393973335068e-24,1.842839241027832
7651,9.0,1.5468631771218364,4.060558213127984
7652,10.0,1.40466747001365,2.827993702888489
7653,12.0,2.002156039763114,3.7642889420191445
7654,16.0,0.6298972659018962,2.189713954925537
7655,24.0,1.4043022144006733e-38,1.2761520743370056
7656,12.0,1.4043022144006737e-62,1.2059396306673686
7657,19.0,1.3565433640883768,2.6396225126166093
7658,13.0,0.8027886901616179,2.5548873314490685
7659,12.0,1.6625553179665442,3.4224675496419272
7660,22.0,1.4029165009810485,2.815387899225408
7661,19.0,0.0002475521990138757,1.576676657325343
7662,40.0,1.083321754567482,2.1205233216285704
7663,13.0,0.14240076062713325,1.984638470869798
7664,22.0,0.2543829354785346,2.1048464341597124
7665,17.0,0.061571446934727596,1.7461040440727682
7666,25.0,6.1571446934727636e-52,1.3590213012695314
7667,16.0,0.28660510560237257,2.0106119513511658
7668,12.0,0.27741723679101,1.9977163473765056
7669,10.0,0.5406281816655317,2.5780359268188477
7670,17.0,2.925633346674176e-20,1.767848014831543
7671,41.0,0.467614651921189,2.1549728440075384
7672,13.0,1.1861877163121632,3.012608528137207
7673,10.0,0.04935500740181824,1.5257152438163757
7674,10.0,0.3551008457570826,2.6718015670776367
7675,13.0,0.5583874965201882,2.239189808185284
7676,18.0,0.00034300496112756436,1.5943375163608127
7677,25.0,0.45947123024526526,2.153422431945801
7678,10.0,0.8231191048985095,2.456119346618652
7679,25.0,0.27877694275274234,1.9004364204406738
7680,14.0,0.33731637310292767,2.018382958003453
7681,13.0,0.15914941420426762,2.030245230748103
7682,9.0,0.1702542816133567,2.1705560154385037
7683,17.0,0.11919066289430355,1.8497818778542912
7684,19.0,0.5894732796403078,2.127579789412649
7685,14.0,0.21043632323499933,1.8283226149422782
7686,53.0,0.21953792173043496,1.7384995064645443
7687,19.0,0.001077157456718101,1.8152212343717877
7688,30.0,1.0543485547021536,2.0086336453755695
7689,13.0,0.7377706074373017,2.26364594239455
7690,17.0,0.19131590152973738,2.0125776178696575
7691,25.0,7.00573268627614e-15,1.5747162437438964
7692,44.0,0.19223306979796842,1.9461253122849898
7693,34.0,1.3189636550323642,2.0627644482780907
7694,12.0,0.8028668479528778,2.317160169283549
7695,15.0,0.46645625778630806,2.0836209615071613
7696,14.0,0.6645776851324331,2.261920315878732
7697,28.0,1.005392924745994e-23,1.613683044910431
7698,25.0,0.33654273988078526,1.693388900756836
7699,12.0,0.19400254125541758,1.8737303018569946
7700,14.0,5.681467815134916e-26,1.3775955268314906
7701,17.0,0.5731439169915787,2.0528911141788257
7702,31.0,1.0882841026405006,2.2311622096646215
7703,22.0,0.4362061038393756,2.324551994150335
7704,11.0,0.8946699946965746,2.6045155091719194
7705,23.0,0.36231020232634686,1.8068166504735532
7706,30.0,1.4518458532277214,2.4460721174875895
7707,12.0,0.7229594361444465,2.130410353342692
7708,24.0,0.05631932442920534,1.6873073081175487
7709,9.0,5.631932442920536e-20,1.3681571284929912
7710,35.0,0.402654479247685,1.9198041643415178
7711,13.0,0.46464255702340684,2.287858486175537
7712,36.0,0.7355892712352705,1.9342709117465549
7713,11.0,0.1787899467457193,1.9458414207805286
7714,22.0,0.6663207976190524,2.074028903787786
7715,15.0,1.3023467630688037e-25,1.349229923884074
7716,78.0,0.12444808738762249,1.6575818550892365
7717,16.0,0.26690559687125914,1.902215838432312
7718,11.0,0.9343274119897325,2.703015370802446
7719,14.0,0.8549758030927234,2.3594979218074252
7720,22.0,0.14156851848590382,1.8945693969726562
7721,39.0,0.13259569529683815,1.575447638829549
7722,13.0,0.22623536505811262,2.120902281541091
7723,17.0,1.18521192150879,2.8673741396735695
7724,13.0,1.7065972419838638,3.1087783666757436
7725,12.0,1.4538101953444154,2.713121473789215
7726,12.0,1.2537393796909688,2.510770042737325
7727,39.0,2.0014248984823772e-54,1.3188910912244747
7728,54.0,1.3155575169869143,2.049083842171563
7729,9.0,1.0126363257125017,2.6149808035956488
7730,11.0,0.4806529420753604,1.8869138197465376
7731,14.0,0.6543052019414869,2.1890920230320523
7732,36.0,1.5203453003057454e-29,1.650499767727322
7733,13.0,0.35840691191459095,2.458218996341412
7734,20.0,0.05285013486712011,1.787066102027893
7735,13.0,0.4392606226813604,2.318811526665321
7736,27.0,0.9948246037608907,2.0185869534810386
7737,14.0,0.7219015946534504,2.257641315460205
7738,17.0,9.76330741641366e-26,1.460424170774572
7739,27.0,0.8709291198413958,2.165289525632505
7740,11.0,0.9755196349423381,2.757794813676314
7741,13.0,1.3520748265080962,2.7530105664179874
7742,20.0,1.330611408289731e-17,1.5874559164047242
7743,63.0,0.8688567261434111,2.2225355118040055
7744,16.0,0.7556261613260117,2.251835376024246
7745,12.0,0.20847668556681778,1.9577195644378662
7746,13.0,0.4681359846199211,2.249278948857234
7747,22.0,1.920733918601971,3.2100575403733687
7748,19.0,1.1397339660218464,2.662875777796695
7749,51.0,0.5297377567881396,1.6299552730485505
7750,25.0,0.7710992884783819,2.0483154296875
7751,19.0,1.2629196379892425e-24,1.4698258387415033
7752,20.0,0.7350205207166164,2.6370412826538088
7753,40.0,1.13155609866996e-05,1.5788699209690094
7754,23.0,1.1315560986699607e-51,1.541166243345841
7755,9.0,1.1315560986699607e-69,1.7052563031514485
7756,11.0,0.6233343190909979,2.6587590737776323
7757,34.0,0.2269383294734057,1.8474423920407015
7758,14.0,0.8324508398690295,2.472604990005493
7759,25.0,0.20181298341868906,1.78467041015625
7760,51.0,6.544346021350897e-24,1.6252807729384477
7761,42.0,0.6624280790581297,1.714285589399792
7762,11.0,0.9074724202213342,2.654818469827825
7763,22.0,0.09810893966518658,1.9145285324616865
7764,54.0,0.35510177517301494,1.5557486569439922
7765,11.0,0.7425338751715164,2.409775647250089
7766,10.0,0.030234569248048977,1.3208360433578492
7767,18.0,0.9287808270245416,2.5813904338412814
7768,18.0,0.2143618353067436,1.897278865178426
7769,14.0,0.7507306521841944,2.4455892869404385
7770,12.0,1.2295375920645466,3.1127427021662393
7771,20.0,0.054740465809521445,1.7458654165267944
7772,19.0,0.9215446059995595,2.6389463324295845
7773,13.0,0.7178167460902936,2.1023569107055664
7774,20.0,0.695778714330304,2.169254755973816
7775,11.0,0.5263820751855961,1.8482578017494895
7776,13.0,1.1702376324905757,2.7412701019873986
7777,29.0,1.0493429963482772,2.112329598130851
7778,14.0,1.476154168511689e-13,1.3985302448272705
7779,44.0,0.4010595947197849,1.7987138791517778
7780,44.0,0.376479194689183,2.22324307940223
7781,18.0,0.11234057847490224,1.7706926928626165
7782,17.0,0.8614139251422834,2.5288300233728744
7783,25.0,0.365416606592171,1.8111814117431642
7784,8.0,0.9530919381057176,3.010989546775818
7785,18.0,0.8744862660527842,2.6985209782918296
7786,15.0,0.796867698527943,2.3075661659240723
7787,15.0,0.9743603852365984,2.4053061485290526
7788,15.0,0.5382298344201677,2.172926680246989
7789,59.0,6.562654859543442e-28,1.8491897825467385
7790,29.0,0.741535150132673,1.9869678431543811
7791,14.0,0.44266769574874515,2.1628002609525407
7792,11.0,0.676220645837516,2.492243159901012
7793,24.0,0.1777671339249247,2.0366349120934806
7794,17.0,4.49829808607164e-34,1.5525980837204878
7795,11.0,8.491860543097185e-20,1.776110822504217
7796,22.0,0.3886189434354957,2.386943643743342
7797,23.0,4.465770590872444e-36,1.4095765611399775
7798,10.0,0.37318067729116844,2.7372217178344727
7799,17.0,0.8656864830964114,2.4989999883315144
7800,16.0,0.19513646086221678,1.8643122762441635
7801,15.0,2.571651555658782e-28,1.4632472356160482
7802,45.0,0.4257910479158739,1.8909606827629937
7803,16.0,0.7937213091175721,2.244078576564789
7804,9.0,0.06584070734396584,1.5115051799350314
7805,15.0,0.12538194704084665,1.9762579917907714
7806,17.0,0.7698252663539406,2.4812417591319367
7807,10.0,1.0743956613282948,2.828772020339966
7808,10.0,0.9331439638341932,2.639938735961914
7809,17.0,1.0963719951940209e-13,1.6051776268902946
7810,22.0,0.38414579766791224,2.082199053330855
7811,139.0,1.3375842497607462,1.8658131867003955
7812,12.0,1.4668261182398161,3.0914023717244468
7813,15.0,0.5533085136645353,2.1282052516937258
7814,10.0,0.694544366494762,2.585239601135254
7815,10.0,1.1156946058584174,2.931998777389526
7816,12.0,0.031942890993161256,1.7020911127328873
7817,16.0,0.86116095660864,2.81950980424881
7818,43.0,0.616561657823744,2.007181677707406
7819,17.0,1.258258719399409,2.707633270936854
7820,11.0,1.721348863821798,3.3442984494295986
7821,11.0,0.7779381146357705,2.0554908405650747
7822,23.0,1.4853622993102824,2.5962932835454526
7823,22.0,0.4263855229405609,2.0742477720434014
7824,22.0,4.97887681837561e-40,1.628392371264371
7825,15.0,0.43509086580427475,2.135782750447591
7826,26.0,0.12108254639037289,1.9598781695732703
7827,15.0,0.003072766179161377,1.8367167790730794
7828,17.0,0.9375864172330487,2.613686112796559
7829,17.0,0.3624152875938927,1.9222016334533691
7830,22.0,6.186950517155313e-30,1.554123499176719
7831,15.0,0.8261576897016648,2.6877697944641112
7832,27.0,0.047579972295064527,1.5152647230360243
7833,15.0,0.717570130951005,2.497700881958008
7834,13.0,0.29135341761377925,1.8469842764047475
7835,17.0,0.05484728602883646,1.601962117587819
7836,14.0,0.7143918926668866,2.379406758717128
7837,30.0,4.39130818729785e-35,1.6837754249572754
7838,12.0,1.28842388887313,3.1334397395451865
7839,31.0,1.2167323401597372,2.3550468106423654
7840,31.0,0.7463212090003902,1.9970349650229178
7841,53.0,0.17751869520606056,1.6918826373118274
7842,14.0,0.46291492750076085,2.199522171701704
7843,25.0,0.6481491033572004,2.279539394378662
7844,14.0,1.2054125562623734,2.840193407876151
7845,11.0,1.063289318555078,2.6137056133963843
7846,38.0,0.5533096386887181,1.9189607218692177
7847,51.0,0.18477220379380213,1.6660057890648936
7848,37.0,7.567934375343584e-74,1.4249265129501756
7849,17.0,0.23157258138408657,1.920367857989143
7850,28.0,0.6403677106667423,1.9529792496136256
7851,19.0,0.7034034266200806,2.207853580776014
7852,13.0,0.06589053498492514,1.441262410237239
7853,15.0,0.35617160278862453,2.1406174023946125
7854,16.0,0.5905718828162457,2.366270288825035
7855,11.0,0.9167883494898955,2.5840801759199663
7856,28.0,2.4211370178449127e-06,1.8383339302880424
7857,19.0,0.49212745347271347,2.0463108514484607
7858,11.0,1.0303747031338535,2.651576215570623
7859,27.0,0.5879046852055959,2.0894078501948603
7860,12.0,0.7023478736442971,2.3893852631251016
7861,17.0,1.7586961205207128e-06,1.4550628031001371
7862,13.0,3.3924342139236363e-06,1.689910155076247
7863,13.0,1.1772947109507872,2.813591957092285
7864,15.0,0.40301223915356227,1.7093515714009604
7865,16.0,0.9635007637501606,2.4547145068645477
7866,17.0,0.33538799709380146,2.204109219943776
7867,22.0,1.060812423677344,2.556830406188965
7868,9.0,0.8824948237415643,2.473329332139757
7869,9.0,1.5371066995971394,3.527616606818305
7870,9.0,2.3651539368002727,4.639979309505886
7871,19.0,1.6504449303836455e-19,1.3810429824026007
7872,13.0,0.18845693351303477,2.2689087941096377
7873,12.0,0.5266466859167879,2.31016210714976
7874,9.0,0.8559253674168487,2.6761937141418457
7875,16.0,0.5950374926508758,2.1373270750045776
7876,11.0,0.6272736866594752,2.502734054218639
7877,17.0,2.2417152825171056e-16,1.8032880109899185
7878,22.0,0.9337559622680467,2.3616766929626465
7879,18.0,0.23681450508152782,2.0222406917148166
7880,24.0,9.580528748636929e-49,1.4339149693648021
7881,21.0,9.580528748636935e-91,1.7324768531890142
7882,45.0,0.12057474735094559,1.7211419423421224
7883,39.0,0.4996344676938979,1.8087269709660456
7884,20.0,1.2619942349314e-37,1.405810284614563
7885,19.0,3.466795673334843e-16,1.9978140529833341
7886,27.0,0.9708261614895708,2.103984320605243
7887,12.0,0.9415722310443562,2.534632762273153
7888,50.0,0.07242648507133664,1.4939289093017578
7889,19.0,0.026239247036044893,1.623280600497597
7890,14.0,0.7020727989012758,2.3733445576259067
7891,16.0,0.44862029564280254,2.1298638582229614
7892,12.0,0.286213622950691,1.8185002009073894
7893,24.0,1.3470320666494722,2.7624120116233826
7894,32.0,0.8127730345425072,2.216456577181816
7895,14.0,1.0938082162624012,2.739321265901838
7896,33.0,0.5121566279183308,1.6978405461166843
7897,41.0,1.738024751275246e-18,1.8235362855399526
7898,23.0,0.8016871941085,2.2530290562173594
7899,13.0,0.6449682970545126,2.2062642757709208
7900,33.0,1.0510498422550012,2.2474435459483755
7901,25.0,0.3090746037095115,1.9818761825561524
7902,36.0,2.389344338017271e-68,1.5704916053348117
7903,17.0,0.7889317815420651,2.3121370988733627
7904,12.0,0.3706923449557251,2.2888535261154175
7905,34.0,1.0769595469579167,1.9686907599954044
7906,12.0,0.2431230074049246,1.6565845410029094
7907,17.0,1.0890185064451823,2.73990639518289
7908,23.0,0.17717760214537132,1.7116351231284763
7909,17.0,0.385606885356722,1.9793516607845532
7910,19.0,1.7031143106918956,2.7347415120978105
7911,12.0,0.8562255982638164,2.2924707730611167
7912,19.0,0.9267910384323453,2.29567299391094
7913,24.0,1.7109745607444115e-07,1.9598639011383057
7914,23.0,1.1951031947579351,2.149783943010413
7915,9.0,1.0587411818217483,2.616765922970242
7916,10.0,0.6166303256495198,2.0874608516693116
7917,33.0,0.15155414902335984,1.9053441827947444
7918,14.0,0.06096036079106691,1.9918371268681117
7919,10.0,1.2246312048970156,3.3789913654327393
7920,14.0,1.0004003550158185,2.921517951147897
7921,12.0,0.6949160142607793,2.630661884943644
7922,17.0,1.040884987584427,2.849889138165642
7923,41.0,5.832502340747527e-70,1.4754693857053431
7924,15.0,5.832502340747527e-100,1.879542636871338
7925,28.0,0.9682484098641266,2.397330812045506
7926,15.0,0.7265825681643004,2.3998899459838867
7927,12.0,5.860177403290246e-16,1.4438425302505493
7928,37.0,0.3244224665487344,1.8137966104455896
7929,13.0,0.15621590266560956,1.726979402395395
7930,15.0,1.2447555643658479,3.1392376899719237
7931,15.0,0.16830433120518223,1.8708546797434489
7932,15.0,1.334815035095054e-05,1.869948395093282
7933,22.0,1.0369668190600179,2.7024815299294214
7934,15.0,0.6305028434746623,2.2298754692077636
7935,21.0,1.3661521862370288e-19,2.029296727407546
7936,23.0,0.9684572896260176,2.5164105166559634
7937,24.0,0.3948291337280368,2.0388473669687905
7938,42.0,9.835394484399394e-82,1.476797648838588
7939,25.0,0.9231330229217535,2.156214504241943
7940,24.0,1.3302594619935324,2.6349674661954245
7941,14.0,1.611102094460624,2.95293174471174
7942,19.0,0.8454319438637742,2.1267057469016626
7943,12.0,0.8711538744847609,2.7012545267740884
7944,11.0,0.07510477153434811,1.7300486781380393
7945,42.0,2.042580146335423,2.4120089213053384
7946,27.0,0.45833454977138993,1.9126155111524794
7947,11.0,0.7603066194465813,2.79749718579379
7948,31.0,5.993208250894332e-06,1.98048520857288
7949,10.0,1.1258581629445907,3.242017698287964
7950,46.0,0.717524129122852,1.8033756380495818
7951,13.0,0.32061029247176076,2.3388034380399265
7952,24.0,0.8385653731100523,2.5332011580467224
7953,21.0,0.6173742605994866,1.974912234715053
7954,15.0,0.05869731806696265,1.5604000568389893
7955,16.0,5.869731806696267e-34,1.6631813645362854
7956,12.0,2.206932807960422e-18,1.7420615355173747
7957,20.0,1.0276238213375248,2.7170371055603026
7958,46.0,0.32760485313692833,1.7070103313611902
7959,16.0,0.975513361374289,2.3683740198612213
7960,9.0,0.4122343763790241,1.881202883190579
7961,15.0,2.0040499984457626e-07,1.5203207015991211
7962,12.0,2.0040499984457633e-31,1.3592816193898518
7963,16.0,0.05583990807786851,1.8374676406383514
7964,16.0,0.7595094023832551,2.3097708225250244
7965,15.0,0.987496585697061,2.578429698944092
7966,21.0,4.298174230129659e-34,1.3539725712367467
7967,11.0,0.12085633673066368,2.10628249428489
7968,17.0,0.35530030741472624,2.192564368247986
7969,14.0,0.2220038026139707,2.012678555079869
7970,14.0,0.5124836701550963,2.043544360569545
7971,20.0,0.4322251332784219,1.989740777015686
7972,36.0,0.8878551440293336,1.9074735244115193
7973,13.0,1.0113581200111508,2.520435406611516
7974,10.0,0.6835395465703961,2.2821086168289186
7975,16.0,0.4162596981855465,1.8884038031101227
7976,15.0,1.0910605041771293,2.4943341573079425
7977,8.0,1.1667331918142514,2.85606986284256
7978,16.0,0.14383595039039246,1.8622062355279922
7979,12.0,0.6531185596964646,2.3945616086324057
7980,39.0,5.670203713973063e-26,1.699324558942746
7981,21.0,0.00010385236464212579,1.8222575130916776
7982,14.0,0.34519344521396206,2.2996308462960378
7983,15.0,0.6170834439545637,2.2358691851298014
7984,12.0,0.6287085092740351,2.287913203239441
7985,20.0,1.777749260775406,2.746935749053955
7986,11.0,0.254532288541971,1.4548266584222966
7987,13.0,0.25579692016340577,1.8975215324988732
7988,18.0,0.8072686042336694,2.6438663800557456
7989,10.0,0.7021599512123898,2.4822590827941893
7990,13.0,1.1321709769245185,2.69834775191087
7991,11.0,0.21574924429972567,1.7070565223693848
7992,16.0,0.4158257293819985,2.2438251078128815
7993,15.0,0.7599032931215571,2.4560344060262045
7994,14.0,0.06889437065830685,1.7670564992087228
7995,12.0,1.2275826837152228,2.9193429152170816
7996,12.0,0.5738209995462269,1.8867628177007039
7997,10.0,0.6723544635727872,2.5810983300209047
7998,12.0,0.8251971904134372,2.760090788205465
7999,20.0,6.389878423581981e-25,1.4160713315010072
8000,16.0,0.18159920064024807,2.089101165533066
8001,13.0,0.12762965092349726,2.077209160878108
8002,17.0,0.8300013100980982,2.551745470832376
8003,24.0,0.4826737552415192,2.0822706818580627
8004,13.0,0.9871916845543309,2.516206374535194
8005,31.0,0.0014344218168056086,1.604630947113037
8006,20.0,8.112259089922622e-05,1.7445395112037658
8007,19.0,1.4836185918443303,3.0253688661675704
8008,15.0,0.8592887893721826,2.2242536226908367
8009,20.0,0.0015704189093986196,1.786588191986084
8010,24.0,0.47165648318506437,1.7752478917439778
8011,19.0,0.32771491198213837,1.9122388111917596
8012,28.0,0.6493087198035316,1.8607570273535592
8013,16.0,0.43152443249863065,2.4321254789829254
8014,14.0,1.0261688831068232,2.674685069492885
8015,29.0,1.1836512713960603,2.4480665798844963
8016,18.0,9.810216739691205e-27,1.404400560590956
8017,17.0,0.0016851636590627052,1.7382819792803597
8018,41.0,0.5323555367968416,1.783785854897848
8019,9.0,0.7036458450363512,2.3789415889316134
8020,19.0,0.19869269329019784,1.9339938101015592
8021,23.0,1.3466342417326719e-37,1.68426571721616
8022,14.0,0.6681605139795749,2.464994158063616
8023,27.0,0.7728656458508776,2.1507709291246204
8024,15.0,1.0163368861069793,2.5473176002502442
8025,16.0,1.1622953460937844,2.443734794855118
8026,17.0,0.4967862757480703,2.1747851371765137
8027,17.0,0.825788234057191,2.4332157303305233
8028,31.0,2.058655022071917e-44,1.5830082047370173
8029,38.0,1.2226085694717894,2.4464156502171566
8030,18.0,0.5964254036040005,2.255184041129218
8031,13.0,1.794853715762834,3.502609142890343
8032,12.0,1.0466384039271797,2.4883070389429727
8033,21.0,1.437137839060106,2.7251803874969482
8034,19.0,1.6071547403842159e-25,1.4465110678421824
8035,13.0,0.788099820437638,2.9085643474872294
8036,17.0,0.5668586591772168,2.1679435898275936
8037,16.0,1.5488017840250898e-21,1.8376387357711792
8038,12.0,0.17348213571782758,2.2306628823280334
8039,16.0,0.2827628982987251,1.8578912019729614
8040,17.0,0.4331441383021783,1.8800638984231388
8041,23.0,0.15998273760117526,2.054390223129936
8042,25.0,0.13034865483483055,1.7920145416259765
8043,53.0,8.311498546476562e-103,1.4366453998493698
8044,25.0,1.0548396924508816,2.5544184494018554
8045,10.0,0.8015663832300935,2.227329206466675
8046,20.0,0.7889312576847926,2.38594446182251
8047,10.0,0.7092359193807372,2.4182690143585206
8048,11.0,2.6880075689339706e-07,1.2166714072227478
8049,20.0,0.030471559411897185,1.7502530336380004
8050,16.0,0.3079001055647483,1.9125670790672302
8051,12.0,5.586224239286107e-08,1.7026103734970093
8052,24.0,1.731778167724725e-27,1.898989458878835
8053,12.0,0.2128929198497937,1.822100857893626
8054,13.0,0.43969597357380863,2.1833260242755594
8055,14.0,0.35332032258270174,2.020502141543797
8056,12.0,0.2196468994104425,2.1356019377708435
8057,12.0,0.6614252564959103,2.3966779311498008
8058,10.0,0.29038299945831464,2.2590569972991945
8059,19.0,0.9187273788109043,2.25960289804559
8060,14.0,0.1464720541068786,1.77026971748897
8061,36.0,0.7940865991528868,2.174139208263821
8062,13.0,0.40116950517787914,2.002176101391132
8063,15.0,0.627813362739633,2.234643491109212
8064,16.0,2.9977025778892564e-08,1.4513859823346138
8065,21.0,0.5439089380893041,2.0718906493414018
8066,13.0,0.48758982572811876,2.125354913564829
8067,34.0,0.7840416175867639,1.9915328727048986
8068,16.0,2.398278007496741e-08,1.5692516267299652
8069,32.0,0.11215450643333416,1.8776694536209106
8070,29.0,0.33775073922603277,2.0743684686463455
8071,11.0,0.6794442713466133,2.7946168292652476
8072,17.0,0.26262948119323404,2.0089354234583237
8073,19.0,0.7017362962169406,2.2455387868379293
8074,19.0,1.0535439480897348,2.903887020914178
8075,11.0,0.8066560807363791,2.723879088055004
8076,12.0,0.6517069750938481,2.2109674413998923
8077,13.0,0.27483178477700493,1.741165858048659
8078,22.0,1.1287552919635382,2.392462968826294
8079,12.0,0.6902394145547462,2.55802454551061
8080,11.0,5.5081290922307786e-12,1.591498006473888
8081,8.0,5.57120374753941e-10,1.8155889511108398
8082,19.0,0.32623522360064944,2.0818059318944027
8083,9.0,1.3882538272646217,3.617741266886393
8084,23.0,0.2748572786873605,2.0808309264805005
8085,25.0,0.7030773978897797,2.338585033416748
8086,12.0,0.8634018796540179,2.827575922012329
8087,20.0,4.931869016161029e-24,1.5897685050964356
8088,12.0,0.07611251083068965,2.1737303336461387
8089,13.0,1.171366281758741,3.1940970420837402
8090,28.0,0.8476445728995728,2.1038821084158763
8091,18.0,0.6436831916755769,2.2123493353525796
8092,18.0,0.6458933176610686,2.19583441151513
8093,21.0,6.412840296281705e-30,1.5384065877823603
8094,17.0,6.412840296281707e-64,1.6184653815101175
8095,16.0,0.7044542649777262,2.541791081428528
8096,17.0,0.2841098512853044,2.0952738874098835
8097,17.0,5.894964535075728e-26,1.5738139713511747
8098,24.0,0.5342061472060787,2.093441605567932
8099,14.0,2.7845727370391123e-22,1.5074408735547746
8100,23.0,0.8953041306335072,2.5523065276767896
8101,35.0,0.18309323278466588,1.7357732500348773
8102,19.0,0.412411434008543,1.8653420649076764
8103,24.0,9.733932539168544e-20,1.790886362393697
8104,15.0,0.22084939911476917,2.2533742904663088
8105,13.0,1.4335250198648777,3.118101340073806
8106,10.0,0.8243484803872593,2.206019067764282
8107,12.0,0.07013586454700371,1.8780741294225056
8108,15.0,0.22050680958865448,1.9633063316345214
8109,11.0,0.09838312748469288,1.892396254972978
8110,26.0,0.5560264628993833,2.055253945864164
8111,29.0,0.24235541468192398,1.8287233977482236
8112,15.0,0.2320478651320396,2.0910754998524985
8113,11.0,0.3971488790372612,2.4361561211672695
8114,17.0,0.7144832335758248,2.495146302615895
8115,19.0,0.5495631937774051,1.9914144967731677
8116,12.0,0.6532388750956438,2.4554404417673745
8117,16.0,0.3836649202873705,2.150955781340599
8118,20.0,5.393871266186105e-36,1.4393467664718629
8119,12.0,0.27299151909380515,2.2221329609553018
8120,17.0,0.8368321005057863,2.328826427459717
8121,17.0,0.09772022819217872,1.8631969620199764
8122,10.0,0.4995017555145377,2.2182619094848635
8123,11.0,0.3644132387720732,2.1869492530822754
8124,21.0,0.37058201282780207,1.9641575586228144
8125,16.0,0.07388330389081882,2.011053591966629
8126,22.0,0.6042205138326396,2.3703192364085806
8127,47.0,0.06414456305200887,1.848721037519739
8128,46.0,0.008651959004624094,1.6756544527800188
8129,23.0,8.651959004624096e-49,1.4977594303048176
8130,13.0,1.0992034499101095,2.733845564035269
8131,14.0,1.2077111428017662,2.890108346939087
8132,15.0,0.4382842923483439,2.1756649096806844
8133,31.0,1.9407479994959933,2.866812659848121
8134,20.0,0.6445566030339295,2.2156906485557557
8135,11.0,7.473272297376355e-08,1.621688495982777
8136,18.0,7.473272297376354e-44,1.4822585582733154
8137,42.0,0.6086504144959534,2.3901588122049966
8138,11.0,0.4333610733726234,2.03299973227761
8139,12.0,0.3815369537534509,2.1541091402371726
8140,12.0,0.15616220743230252,1.8023942708969116
8141,14.0,0.4149845451553541,2.2505320821489607
8142,25.0,0.08475234193865805,1.7366498374938966
8143,14.0,0.19596216692044635,1.858522926058088
8144,14.0,0.362467744973019,2.1652932167053223
8145,11.0,8.725010772621127e-18,1.405959346077659
8146,14.0,0.4358599193564571,2.3786247798374722
8147,21.0,1.1203532383908739,2.458218915121896
8148,16.0,1.032160232079697,2.5542816892266273
8149,12.0,2.964472345142686e-14,1.1075026790301006
8150,23.0,0.27765935920143053,1.6997680249421492
8151,17.0,0.419898557025235,1.964219331741333
8152,16.0,0.4966726253564522,1.9699471592903137
8153,27.0,0.3737814019780693,1.9419602111533836
8154,10.0,0.2678501941934978,1.8414809703826904
8155,37.0,0.9232317714742265,2.193938654822272
8156,35.0,6.29227999447743e-44,1.5760868344988141
8157,13.0,0.8035924231474441,2.925465840559739
8158,12.0,1.0402410910667255,2.918509364128113
8159,10.0,0.5648194954036027,2.24745135307312
8160,26.0,0.194360524573196,1.7627925139207106
8161,17.0,1.056216071101002,2.5709649254294002
8162,13.0,0.4553233701442767,2.0967436937185435
8163,27.0,6.433232512122869e-36,1.5733823069819697
8164,30.0,0.29679463637648656,1.9918804963429768
8165,19.0,0.4397509856867838,1.9274262880024158
8166,25.0,8.295888773994912e-45,1.3705419731140136
8167,19.0,0.7356466108135346,2.248316915411698
8168,17.0,0.0017850176532305708,1.8222469582277185
8169,25.0,1.5207992006975676e-26,1.7898713302612306
8170,13.0,1.355308709931772,3.147137531867394
8171,15.0,0.7640058148382377,2.0941951115926107
8172,10.0,2.3525391502259403,4.244073724746704
8173,16.0,0.7650991417074403,1.8268329799175262
8174,13.0,6.427831841638041e-10,1.3376869238339937
8175,9.0,1.073400925236184,3.5286306275261774
8176,14.0,0.4205115759229221,2.044174909591675
8177,24.0,0.3677860401645603,2.1972613831361136
8178,13.0,1.6605852250130516e-25,1.4304634974553034
8179,24.0,0.5280534000379613,1.8221381107966106
8180,28.0,0.0004774569036236631,1.9998533810888017
8181,10.0,0.39471974271869154,2.3039559841156008
8182,15.0,0.10845840329487808,1.8778549393018087
8183,51.0,0.5802363875922718,2.0846793978821996
8184,11.0,1.1924241270365585,2.9643113829872827
8185,8.0,1.288835557991044,2.9939500391483307
8186,41.0,0.29643582592950046,1.5846626933028058
8187,22.0,0.4824609443941674,1.8243515274741433
8188,15.0,0.48674699609785477,2.215361563364665
8189,15.0,0.7708604616707369,2.5734930992126466
8190,18.0,0.24367060136768562,1.8837657239702013
8191,10.0,0.21389426494039138,2.055957889556885
8192,13.0,0.7386849843530382,2.526712124164288
8193,22.0,0.3911243846573503,1.6566490693525835
8194,23.0,0.758307672868683,2.2104862876560376
8195,17.0,0.6457047514170652,2.269293925341438
8196,14.0,0.16538463675873288,1.9370647328240531
8197,18.0,0.7080084901631281,2.2343039446406894
8198,20.0,0.00037818557628134536,1.6904556632041932
8199,9.0,1.3857713345397504,3.77655029296875
8200,14.0,1.4701551430923208,2.798384257725307
8201,20.0,0.0009522573076359579,1.61221085190773
8202,26.0,0.28883212302409345,1.8116600880256066
8203,10.0,0.5198780495280162,2.425385570526123
8204,16.0,4.1045431165096957e-20,1.681329607963562
8205,12.0,0.2110563644526551,2.170060674349467
8206,12.0,0.06665370439078679,1.8174203137556713
8207,15.0,0.4002332115707905,2.0201765060424806
8208,10.0,0.699799195297113,2.435958433151245
8209,20.0,0.534812391539137,2.1522073984146117
8210,14.0,0.2608715245130147,2.1501560551779613
8211,42.0,0.8992204873099345,1.922002871831258
8212,11.0,0.5326120154679986,2.1526553414084693
8213,14.0,1.2729286419837889,2.841759068625314
8214,23.0,0.19764313172325096,1.9066414625748345
8215,13.0,1.97643131723251e-27,1.3787620984590971
8216,10.0,1.318127030600421,3.435846471786499
8217,12.0,1.671487962730428,3.1522907813390098
8218,17.0,0.0009762069581060138,1.5526478430804085
8219,11.0,9.76206958106014e-26,1.8644740364768289
8220,41.0,0.2835178344318316,1.778518269701702
8221,11.0,0.7567550082644717,2.47765792499889
8222,56.0,2.9121858049288884e-95,1.5557524817330497
8223,12.0,0.03098168987083662,1.7844585577646892
8224,13.0,1.0527951928109557e-23,1.520148570720966
8225,72.0,0.4237946587257054,1.8064379162258573
8226,20.0,0.048572960892777385,1.7832082033157348
8227,22.0,0.5458801381467654,1.8306164958260276
8228,36.0,0.30453331893954666,1.5088472366333008
8229,32.0,0.5495962915685622,1.8789636343717575
8230,16.0,0.0006482941262286533,1.4453840553760529
8231,9.0,0.14549634550065124,2.0634873708089194
8232,10.0,0.44374650273150307,2.020924711227417
8233,14.0,1.7026578981145588,3.342400176184518
8234,29.0,1.3347651267190888,2.546315341160215
8235,24.0,0.5175130463024716,2.1382567286491394
8236,16.0,0.06691262638148442,1.5658746659755707
8237,24.0,6.6912626381484425e-50,1.4364287654558818
8238,9.0,0.4823679084369666,2.5804369714525013
8239,25.0,0.57724083140243,1.7987506866455079
8240,47.0,0.4848047929344273,1.8714931264836738
8241,12.0,0.2281829251387994,1.8123016754786174
8242,17.0,0.5983975727906038,2.2142014503479004
8243,17.0,5.809836632608528e-18,1.4691936549018412
8244,11.0,0.876707512049986,2.701450824737549
8245,14.0,1.5972095106122948e-11,1.521080732345581
8246,32.0,6.5521803351425406e-52,1.6180244982242584
8247,16.0,6.552180335142544e-84,1.6339642405509949
8248,21.0,0.13380242809483522,1.704665910629999
8249,10.0,0.2748062953498232,2.1835162162780763
8250,26.0,0.18866503120060227,1.9110988286825328
8251,9.0,0.6437447356514164,2.5322572390238443
8252,19.0,0.6900924655758253,2.0068887158444055
8253,50.0,0.2772946707892467,1.289969539642334
8254,9.0,0.3905721322811811,2.0640278392367892
8255,19.0,0.732653235416004,1.8298923843785335
8256,21.0,0.9635067844306411,2.110095296587263
8257,15.0,1.6921656453219254,3.010360336303711
8258,8.0,1.722717911336992,3.3469565510749817
8259,14.0,0.591520960054777,1.9993507862091064
8260,37.0,0.6409781312330622,1.8550525355983425
8261,25.0,3.081380489412958e-32,1.4788242721557616
8262,21.0,1.46037790708208,2.4559777123587474
8263,49.0,1.201357123428994e-47,1.7416182440154406
8264,17.0,0.12253701840274434,1.9477918288286995
8265,35.0,1.25252583171746,2.0905825206211635
8266,12.0,1.3445991865301854,2.980396111806234
8267,12.0,0.5340083576935498,1.9904720783233643
8268,16.0,1.0280818621400603,2.1519366204738617
8269,26.0,0.9518219328735467,2.03596542431758
8270,15.0,0.027062071948203207,1.5044617573420207
8271,12.0,2.706207194820321e-26,1.409582535425822
8272,15.0,1.0248188997072407,2.7854291280110677
8273,24.0,0.46593314172191347,1.9234344959259033
8274,47.0,0.21360811932591137,1.7125377452119868
8275,21.0,1.7043982262585853,2.743384769984654
8276,21.0,0.2823928463087862,2.0200786817641485
8277,22.0,0.4074718443035873,2.1507890007712622
8278,12.0,1.4140005788659558,3.1050921281178794
8279,10.0,1.059233958153172,2.7033976554870605
8280,22.0,6.254416822469381e-24,1.5317550030621616
8281,17.0,0.9092794923989637,2.5309907688814053
8282,12.0,0.38121102473280927,1.9936659336090088
8283,13.0,1.3180590547751216,3.2604451913100023
8284,12.0,0.6239771547254479,2.011216680208842
8285,17.0,4.830148905854162e-24,1.522099999820485
8286,10.0,0.65057180883707,2.7225925445556642
8287,21.0,1.6201714680147141,2.841796284630185
8288,10.0,1.3968434442779534,2.865632152557373
8289,12.0,0.5910990109448947,1.935983141263326
8290,18.0,1.4571432974248538e-29,1.5061486032274034
8291,11.0,0.21208248430553914,2.1884641430594702
8292,43.0,0.40548216021894884,1.8219352322955464
8293,15.0,0.1243902794680922,1.8642249743143717
8294,11.0,0.640552086123962,2.5634908242659136
8295,21.0,0.5946443699040305,2.054478577205113
8296,11.0,0.6974945884795875,2.4172703569585625
8297,10.0,0.20983471592137556,1.8382516860961915
8298,55.0,0.11652451915778153,1.3956436070528897
8299,13.0,1.1735609422821955,2.604733026944674
8300,15.0,0.4092942210948447,2.1602749188741046
8301,31.0,6.840375531630842e-34,1.5975163675123645
8302,27.0,0.5647423830458835,2.114959310602259
8303,29.0,0.06878644044441809,1.744840901473473
8304,21.0,1.0636391828028808,2.476694424947103
8305,22.0,0.454581697199927,1.9055155190554531
8306,15.0,0.0005602903735447679,1.9335625807444254
8307,18.0,0.07250317334571924,1.6547853416866727
8308,15.0,0.25526307463260645,1.8743404706319173
8309,22.0,0.12889414989256992,1.7247267961502075
8310,12.0,0.7021629216732824,2.603366176287333
8311,16.0,0.5428536756729848,2.1709276884794235
8312,9.0,1.3663025608573878,3.15514866511027
8313,14.0,1.33617715400223,3.036034039088658
8314,18.0,0.17709483022810238,1.6846954425175984
8315,18.0,4.1462801450635987e-22,1.7455580764346652
8316,18.0,4.146280145063602e-58,1.3544102509816487
8317,34.0,0.4268190559461896,1.8682579573462992
8318,20.0,0.06695272836349088,1.8795285940170288
8319,34.0,0.7173321964237918,1.8494389618144316
8320,10.0,0.9835806850139467,2.787297821044922
8321,17.0,1.5324664805704171,2.752872943878174
8322,10.0,0.16011675462440353,1.2009359359741212
8323,14.0,0.793339066698653,2.4389287744249617
8324,10.0,1.0585334410867215,2.7470082998275758
8325,20.0,0.1700979608567574,2.1103715658187867
8326,30.0,0.6025488965761817,1.9913494427998861
8327,15.0,0.422046800276629,1.9523935317993164
8328,10.0,0.34812867805929115,2.2823287725448607
8329,35.0,1.620477334820108e-61,1.5826692581176758
8330,18.0,0.39589933564258284,2.2123549779256186
8331,42.0,0.45249444575963005,1.8824855713617235
8332,11.0,0.6976174782857423,2.5210254192352295
8333,20.0,0.22127232757749946,1.7211731195449829
8334,19.0,0.6490553723502792,2.2198633645710193
8335,16.0,0.6756718690515043,2.3587841987609863
8336,14.0,2.0005479672925395,3.528292792184012
8337,21.0,1.037376399538842,2.47157951763698
8338,16.0,1.3410232675464109e-19,1.5291213542222977
8339,14.0,0.31198763058419215,2.0716853822980608
8340,12.0,7.272709501941848e-20,1.5289676189422607
8341,11.0,0.7839576921546324,2.9542599591341885
8342,13.0,0.14214836365763475,1.7770096338712251
8343,39.0,0.1152157123644996,1.407443181062356
8344,18.0,1.400747766989628,2.69848993089464
8345,14.0,1.162686733857461,2.750251599720546
8346,20.0,1.0936331810429458,2.314995002746582
8347,10.0,1.0273185090526205,2.745537805557251
8348,14.0,1.8510393558457736,3.2515478134155273
8349,17.0,0.014233201025531354,1.816002607345581
8350,17.0,1.423320102553136e-36,1.4395534010494457
8351,9.0,0.9273465571880074,3.509290960099962
8352,20.0,0.06682297022392933,1.8156168341636658
8353,16.0,0.6459924909405297,2.4401026368141174
8354,13.0,0.7007618535134362,2.5705501483036923
8355,12.0,1.0476075372878897,2.923378864924113
8356,16.0,6.289985316153904e-18,1.479866087436676
8357,14.0,0.643945778120647,2.5598024300166538
8358,16.0,0.2602563260068371,1.8196208775043488
8359,21.0,0.0927870184151072,1.6502410343715124
8360,16.0,0.3525209321764321,2.2489946484565735
8361,13.0,0.7114623566740217,2.7638492584228516
8362,35.0,0.7470463893153757,2.1538100515093124
8363,15.0,0.5761626143462746,2.0683873176574705
8364,15.0,0.2420052073340979,1.7677473386128744
8365,13.0,0.18873023561343144,1.9017636225773737
8366,38.0,0.3767780557358398,1.9931964246850264
8367,49.0,0.15003043303875407,1.8561251309453224
8368,12.0,0.09782454356273447,1.8879613975683849
8369,9.0,0.5175555780567047,2.4301824039883084
8370,13.0,0.9239220092792203,2.3749653009267955
8371,14.0,0.32789689663080246,1.9282130002975464
8372,21.0,1.2915958585735878,2.72892579578218
8373,16.0,0.6713336991341189,2.404050588607788
8374,47.0,0.6866848940318366,1.9972029543937522
8375,11.0,0.012092848515456393,1.4942491271279075
8376,14.0,4.220292986618073e-28,1.5838409491947718
8377,30.0,4.220292986618076e-88,1.39341690937678
8378,22.0,0.150375092897216,1.9419233798980713
8379,16.0,0.8192121386411525,2.499422609806061
8380,16.0,0.6778642747970895,2.1563787162303925
8381,30.0,0.638077294224147,2.167932955423991
8382,26.0,4.544808443485182e-48,1.4511737456688514
8383,17.0,0.324288051652379,2.2042438282686123
8384,11.0,1.2416493194712013,3.362436294555664
8385,19.0,0.25572082066141655,1.9858584153024774
8386,24.0,1.5279888520007678,2.731856385866801
8387,13.0,1.1182325174181933,2.761867853311392
8388,9.0,0.047856893518458475,1.403106689453125
8389,25.0,0.1293544151208677,2.030915551185608
8390,9.0,7.362726452392855e-18,1.5656472312079535
8391,40.0,0.2563553056493579,1.7427795648574829
8392,18.0,0.8280643185372525,2.335633807712131
8393,37.0,0.27321434714822485,2.017962591068165
8394,63.0,0.04365974788814614,1.619468953874376
8395,15.0,0.2758096750266692,2.034886900583903
8396,34.0,0.9405221763919919,2.278732215656954
8397,9.0,0.9679900286024528,2.726668781704373
8398,15.0,0.15274613159940156,1.6992643356323243
8399,14.0,0.264297012747071,2.1165286813463484
8400,17.0,0.8521476115550015,2.5028713450712314
8401,38.0,1.2239405167447062,1.957608888023778
8402,27.0,0.679589618561437,2.1532431531835488
8403,19.0,1.3646771684751287,3.0019874823720833
8404,22.0,0.22687458531616145,1.6485575112429531
8405,17.0,0.04890987422953463,1.5455502341775333
8406,61.0,0.06470960615880439,1.709806715855833
8407,13.0,0.9196610706648626,2.5319549487187314
8408,27.0,0.05488278253963173,2.0043280212967485
8409,14.0,0.18178328934603183,1.9784963130950928
8410,19.0,0.3279537331458934,1.897982070320531
8411,9.0,0.3580646317252123,2.075083997514513
8412,11.0,0.6316419987258227,2.2212670066139917
8413,22.0,0.7894266102245959,1.9152965979142622
8414,15.0,0.47654618478618377,1.8214332262674968
8415,12.0,1.0399170092098529,2.4501812060674033
8416,13.0,1.1798885113441095,2.741365836216853
8417,16.0,0.8655925783240952,2.162000685930252
8418,16.0,0.29872992162637235,1.8869730085134506
8419,14.0,0.09239890931332163,1.8316624334880285
8420,17.0,2.236125496610197e-10,1.8835614428800695
8421,17.0,0.8143734879783749,2.3820736828972313
8422,23.0,0.3788943702237487,1.8506705035334048
8423,29.0,0.7479458102870413,1.9707028290321087
8424,25.0,0.4720963404184053,2.0790023612976074
8425,24.0,0.10463161534507057,2.1669089595476785
8426,14.0,0.0013510119697368584,1.986043895993914
8427,36.0,0.3264392488829887,1.7774778207143147
8428,18.0,1.506325227139653e-29,1.6209813091490004
8429,22.0,0.10030494231031589,1.6913500374013728
8430,11.0,0.9460328727277815,2.717299071225253
8431,43.0,0.23468544215771936,1.7432237669479016
8432,17.0,0.26880654517333735,2.2581037633559284
8433,13.0,0.569336428916922,2.0036955980154185
8434,12.0,0.9219224536412652,2.7167086601257324
8435,17.0,0.14274366732227564,1.9420661084792192
8436,12.0,1.2337990012808957,2.9615210692087808
8437,16.0,0.10171431737784814,1.8043513894081116
8438,11.0,1.0171431737784816e-23,1.0741137157786975
8439,12.0,0.5985225945976816,2.5792901118596396
8440,36.0,0.7901546565737846,1.961951322025723
8441,18.0,0.16973997743606825,1.9072614444626703
8442,33.0,1.6434453574447754e-59,1.5077192277619333
8443,25.0,0.06485818560141227,1.656554298400879
8444,20.0,0.859382454394483,2.244673824310303
8445,9.0,0.3265566659937198,1.8969817161560059
8446,16.0,0.0008344795537234571,1.7883018851280212
8447,12.0,1.2879494303285433,3.113979617754618
8448,16.0,0.7975972989294449,1.8817874789237976
8449,13.0,0.23515340344353874,2.188031930189866
8450,33.0,5.650233771446371e-45,1.6562718478116123
8451,34.0,0.25982723835517246,1.6060078144073486
8452,40.0,0.6006110092960464,1.906619143486023
8453,12.0,0.41536494050840234,1.7994273900985718
8454,16.0,0.8071730401869401,2.08051073551178
8455,12.0,0.5391827739549198,1.8626705010732014
8456,88.0,0.6176593130689912,1.9428432096134534
8457,37.0,0.010258521149394875,1.5247768195899758
8458,13.0,0.8647101808812896,2.6711832193227916
8459,20.0,0.9369179901553593,2.5781410932540894
8460,14.0,1.5009345582725062,2.882073470524379
8461,21.0,4.908412202955776e-24,1.3062957922617595
8462,14.0,0.6786129683887322,2.5006652900150845
8463,20.0,1.3302263526729792,2.6882805109024046
8464,11.0,2.032139763342607,3.4649681611494585
8465,17.0,0.16806551643440829,1.667696139391731
8466,10.0,0.24423888809253677,2.10105357170105
8467,27.0,6.588073326566924e-54,1.2139193923385054
8468,19.0,0.4546414795022472,2.199439625991018
8469,28.0,1.1834864434475838,2.061593702861241
8470,17.0,0.13297122698873504,1.878914945265826
8471,11.0,0.109926671148315,1.711230538108132
8472,31.0,0.5940575478018902,1.9540069795423938
8473,12.0,0.04558861130026486,1.7105179627736409
8474,21.0,0.34440869279288516,1.7904449644542875
8475,57.0,1.787302303219162,2.118433433666564
8476,14.0,0.853437572763747,2.3680765288216725
8477,24.0,0.15258955390505483,2.0214441617329917
8478,18.0,0.25371910770161926,1.5011657079060872
8479,12.0,0.5526063182637411,2.2862444321314492
8480,33.0,0.178280687316369,1.7709053068450002
8481,35.0,0.4344311467091662,2.2104697363717216
8482,12.0,0.7173266682036322,2.1861475308736167
8483,14.0,6.677905929458653e-12,1.702939850943429
8484,26.0,6.677905929458656e-64,1.5054492216843824
8485,13.0,9.119542127024873e-26,1.3625038953927846
8486,23.0,0.11357891371146883,2.0748333516328232
8487,11.0,2.6591092651024346e-14,1.6224547191099687
8488,8.0,2.659109265102435e-30,1.5568691492080688
8489,12.0,0.4598128563362073,2.477796713511149
8490,10.0,4.14447639794017e-12,1.4018630504608154
8491,35.0,0.7364166501403943,1.9574009622846331
8492,27.0,1.2658937876567958e-35,1.4586383325082284
8493,14.0,1.2658937876567964e-63,1.7612899882452828
8494,20.0,6.852040980114587e-32,1.432611846923828
8495,17.0,0.5573934378723885,1.9282463298124426
8496,14.0,1.7772542419387245e-20,1.347570504461016
8497,13.0,0.709117228912948,2.336776146521935
8498,25.0,0.9420160481813507,2.1162434959411622
8499,14.0,0.7290755214705636,2.1301729679107666
8500,18.0,0.36008487335210604,1.8405520651075575
8501,33.0,1.339569232422189,2.1960889064904414
8502,14.0,0.1459368119969163,1.4998787300927299
8503,10.0,1.2390583833602677,3.281269836425781
8504,10.0,0.37980717880318493,1.4209738731384278
8505,18.0,0.6380100653615383,2.059604366620382
8506,28.0,0.6706397484733536,2.092446667807443
8507,18.0,0.17809264973228864,1.6977386209699843
8508,15.0,0.038981137924261,1.890001392364502
8509,31.0,0.4857448595980001,1.9190698900530416
8510,31.0,0.3212086321254849,1.7874168119122904
8511,22.0,0.31674302144382976,1.8880262591622092
8512,14.0,1.9894308739529516,3.4621244839259555
8513,19.0,0.4438332445213162,2.062033025841964
8514,19.0,0.9829454043951369,2.4192754343936316
8515,14.0,0.23489226192548696,1.7829137529645647
8516,18.0,0.8908620564685237,2.545353094736735
8517,22.0,0.4141022688226118,1.8830859010869807
8518,11.0,0.6797844899822252,2.5156267122788862
8519,22.0,1.0766120891862494e-37,1.2966623089530251
8520,16.0,0.8039290064133001,2.2478431463241577
8521,26.0,2.07508652517554e-25,1.5919209443605864
8522,18.0,2.07508652517554e-61,1.2413258420096502
8523,20.0,1.0374269087275299,2.3114909172058105
8524,11.0,0.34946977965150566,2.007447448643771
8525,30.0,0.8901955510822144,2.4028073151906333
8526,28.0,0.491726719738279,1.9603104931967599
8527,19.0,1.2045678962041904,2.5859258049412777
8528,24.0,1.28813360457622,2.3950560092926025
8529,30.0,0.46297369926948784,1.8270831425984702
8530,12.0,0.23166355162958396,1.888900597890218
8531,17.0,1.0945089226575406,2.4311139162848976
8532,12.0,0.9120772857175526,2.453422466913859
8533,46.0,0.22783379957466857,1.5775189814360246
8534,13.0,1.3422576326431632,3.0214716837956357
8535,20.0,1.183270482785337,2.3970853805541994
8536,25.0,0.7363980807516554,2.184586944580078
8537,11.0,0.056413443979830856,1.880109797824513
8538,26.0,0.12878953885304675,1.951682714315561
8539,21.0,0.8222203805469298,2.2517265592302596
8540,12.0,1.3431760329356823,2.9845876693725586
8541,17.0,0.9934940829925849,2.590660712298225
8542,8.0,1.0470995693620426,2.62379914522171
8543,46.0,3.0594264240707744e-48,2.043052051378333
8544,44.0,0.09376156643387726,1.5302876775914973
8545,28.0,0.5451633492468486,1.649703127997262
8546,15.0,0.71611828866205,2.725895818074544
8547,22.0,0.290318298657484,2.0947622169147837
8548,21.0,0.43284310271922866,1.9042502811976842
8549,14.0,0.08755201370499853,1.6137007645198278
8550,10.0,0.3390797848186739,2.4919678211212157
8551,27.0,1.0524338666448063,2.4512045471756547
8552,31.0,0.004748651226011247,1.6325070934910928
8553,36.0,0.5071578951733301,1.8548213905758328
8554,22.0,0.018479459180304823,1.95453481240706
8555,22.0,0.4078369080255827,1.903796065937389
8556,16.0,0.2006233477400612,1.9156681299209595
8557,31.0,0.8234604413370089,2.0794659276162424
8558,14.0,0.0006011424037059597,1.4729408877236503
8559,14.0,6.0114240370596e-32,1.1882665327617101
8560,15.0,0.37355197648014676,1.9568240801493326
8561,11.0,0.2324379536089348,1.832770044153387
8562,20.0,0.6721986701042065,2.12203471660614
8563,17.0,0.21866156720241195,1.7077446264379166
8564,14.0,0.8159591098910253,2.199477059500558
8565,13.0,0.8976081030801674,2.3503608336815467
8566,19.0,0.7920871138274098,2.298527240753174
8567,15.0,0.15835677111554583,1.8129131952921549
8568,15.0,0.7409856061922141,2.171383190155029
8569,43.0,0.641091955949922,2.058369525643282
8570,15.0,0.31889628292215394,2.0398659070332843
8571,17.0,0.7505886493378904,2.2480319528018726
8572,13.0,0.21896461024125194,1.878143310546875
8573,50.0,0.4130471681614045,1.9301478719711305
8574,18.0,1.5567811013924629e-31,1.6606429153018527
8575,59.0,9.841553963179623e-06,1.663123070183447
8576,18.0,0.511451124348166,2.0587554110421076
8577,12.0,0.45892181801027254,2.4396799008051553
8578,17.0,1.2760589088481278,2.7203016000635483
8579,38.0,1.1755560816025163,2.031903028488159
8580,17.0,1.076409485255508,2.3337379623861874
8581,11.0,0.031726325825047384,1.3590454188260166
8582,13.0,0.4100210076765437,2.058169438288762
8583,14.0,0.045043559423338916,1.6984965120043074
8584,14.0,1.0505380545988179,2.75096252986363
8585,18.0,1.0996377726226814,2.30708384513855
8586,12.0,0.33199983029797037,1.8270179828008015
8587,12.0,0.4867913615003992,2.2725390593210855
8588,20.0,0.03651603708745479,1.6052223563194274
8589,28.0,0.5654034342172977,1.887461713382176
8590,14.0,0.5309348124720532,2.1052455561501637
8591,26.0,0.11646512255637721,1.8811761782719538
8592,15.0,0.7339233200296452,2.4680075645446777
8593,19.0,0.06839283596687312,1.933009524094431
8594,10.0,0.07394548857554505,1.8922788500785828
8595,17.0,0.8738950872615489,2.193284876206342
8596,27.0,0.23951001704406127,1.6646335743091725
8597,14.0,2.2587918151854088e-26,1.2565573496477944
8598,13.0,0.0008908980177473274,1.626129265014942
8599,15.0,0.1784193697304617,1.972598711649577
8600,19.0,0.4283069575222009,2.08031029450266
8601,17.0,0.49526356283144307,2.1306207881254307
8602,28.0,0.23808877306578538,1.768317426953997
8603,20.0,0.5957137657549376,1.9463696718215941
8604,17.0,0.9048532690145277,2.267780332004323
8605,33.0,0.3031402691051329,1.764213431965221
8606,13.0,0.17231867452311272,1.6216100912827711
8607,28.0,0.4503365152510274,1.9501524482454573
8608,21.0,1.1160283987485085,2.782908734821138
8609,24.0,0.11742165079116364,1.5046414931615193
8610,9.0,0.8603352395454923,2.860030015309652
8611,27.0,0.30930191528837786,1.9403153172245733
8612,14.0,3.230946997912079e-08,1.6127321464674813
8613,24.0,0.07114167969294412,1.5402012368043263
8614,14.0,0.8767003362800482,2.44647969518389
8615,18.0,0.042540802971392046,1.9102815257178412
8616,11.0,4.254080297139206e-24,1.4089739972894841
8617,16.0,0.9922354170503576,2.3655309975147247
8618,42.0,0.591227400469585,1.9796999522617884
8619,9.0,0.2035866424352212,1.662705421447754
8620,18.0,0.8780176856407963,2.3283567428588867
8621,21.0,0.8393867128090226,1.9604535556974865
8622,17.0,0.16990989651051286,1.7015415640438305
8623,24.0,0.4968149751565256,1.6683971683184307
8624,16.0,1.0621615644469087,2.792184978723526
8625,21.0,1.0091460375487618,2.265627588544573
8626,15.0,0.8399513283557585,2.482772445678711
8627,14.0,1.0628812906749328,2.8704702172960554
8628,15.0,0.8244916860720054,2.2957887013753253
8629,28.0,0.07781169811929278,1.7199344975607735
8630,29.0,0.2935575044228806,1.9791272426473683
8631,20.0,1.3668501341054644,2.9368061780929566
8632,17.0,0.28968636609279946,2.0995175698224235
8633,14.0,0.30060683092241297,2.122440917151315
8634,20.0,0.6445102877333229,2.603714197874069
8635,18.0,0.3617798821537685,1.9257466263241239
8636,14.0,0.43373771468093525,2.2506944281714305
8637,17.0,0.43406750118736326,2.0343314900117764
8638,33.0,0.2946783108004186,1.952525789087469
8639,21.0,3.5661217018153956e-40,1.3128693444388253
8640,46.0,0.9400368046989577,2.455776712168818
8641,12.0,0.6627196147587343,2.2951269149780273
8642,13.0,0.6720345833031075,2.6035362023573656
8643,22.0,0.6316678109344944,2.36932373046875
8644,17.0,1.112129404372682e-23,1.6735093733843636
8645,40.0,1.2745824050765091e-71,1.7098864555358886
8646,63.0,0.7113923050785825,1.6617406739128961
8647,14.0,1.3136628125777627,2.9031472546713695
8648,25.0,0.903428683392447,1.9440720081329346
8649,29.0,0.7140423441583152,2.203120264513739
8650,10.0,0.14475477835178047,1.6697842597961425
8651,18.0,1.0605819718731424,2.497755342059665
8652,35.0,1.137486936477324e-19,1.9939434119633266
8653,25.0,0.9622719805901132,2.306843681335449
8654,10.0,5.836523050912106e-09,1.076260018348694
8655,19.0,0.7680145541353955,2.2549758459392346
8656,12.0,1.0526891622123133,3.0073425571123757
8657,63.0,0.27859198128740964,1.4558955449906608
8658,11.0,0.8991038541525311,2.781391143798828
8659,9.0,1.2252026200196806,3.143399132622613
8660,48.0,1.2753740271439492e-24,1.747735470533371
8661,12.0,0.5717702305497091,2.348368525505066
8662,17.0,1.1079256698613842,2.583156669841093
8663,17.0,3.023959758127486e-22,1.2726850860259111
8664,17.0,0.09838562586791486,1.758341256309958
8665,10.0,0.4266910084062753,2.4875269651412966
8666,20.0,5.3886908203764e-08,1.882783555984497
8667,15.0,1.1088103876208701,2.7674080530802407
8668,30.0,1.0906224539216076,2.5254316012064617
8669,16.0,9.502919957208874e-08,1.6022717505693436
8670,19.0,1.4828939048244119,2.84141028554816
8671,33.0,2.73469605619218e-30,1.662197156385942
8672,47.0,0.962499791167996,1.8079894045565992
8673,14.0,0.9618639590241588,2.3654331820351735
8674,14.0,0.4583558535726789,1.8911819798605782
8675,15.0,0.8901942168645541,2.585110410054525
8676,27.0,0.8970668446007631,2.025725152757433
8677,12.0,1.0716933510686502,2.914038300514221
8678,18.0,0.000978590059387295,1.553716089990404
8679,20.0,0.36289267858632385,1.9167025327682494
8680,15.0,0.0009564403633228662,1.7298353672027589
8681,12.0,0.2906401955314574,2.1776859760284424
8682,28.0,1.3759563339876892,2.6124117374420166
8683,40.0,7.817235319794743e-51,1.6823747485876084
8684,13.0,7.817235319794746e-77,1.3109806317549486
8685,26.0,0.8679757063132112,2.1858002772698035
8686,16.0,1.361724074828961,2.7353165447711945
8687,85.0,0.39883256950917806,1.3600342582253848
8688,26.0,1.2992154678880987,2.288178774026724
8689,21.0,0.5636362993436115,1.7606395880381267
8690,30.0,0.6290725993708772,2.4262718677520754
8691,18.0,0.79193943853799,2.164839585622152
8692,22.0,0.33591618998834705,1.9752084341916172
8693,15.0,0.20868688296164403,1.875264549255371
8694,15.0,0.29628156750170115,2.0140835762023928
8695,25.0,3.897064647305354e-40,1.5623893356323242
8696,35.0,2.435961360189103e-11,1.6706821714128768
8697,12.0,0.47534682452357996,2.384165644645691
8698,19.0,1.9254241100363403e-21,1.642143726348877
8699,14.0,0.11084545406949388,1.8943015592438834
8700,21.0,0.35974619588743684,1.978395314443679
8701,17.0,0.656629247009104,2.2754385611590218
8702,25.0,0.19502647490458577,1.7884487724304199
8703,24.0,1.0982983370241184,2.5265100797017417
8704,30.0,0.48957744296815414,1.803340482711792
8705,20.0,0.47498530910464964,2.02894150018692
8706,11.0,0.21814103272355845,1.6676064404574307
8707,31.0,0.014577720225974493,1.60228850764613
8708,12.0,1.4577720225974497e-26,1.6573738257090251
8709,23.0,1.5043086133680412,2.6438070587489917
8710,16.0,0.632070265224271,2.1208000034093857
8711,10.0,0.7108399045499237,2.5053069591522217
8712,14.0,0.6392157057097099,2.2258839266640797
8713,15.0,0.08602011403851403,2.0685678482055665
8714,10.0,1.6519863150952683,4.012654161453247
8715,37.0,0.4240675306544129,1.6790083034618482
8716,47.0,0.4189001598064937,1.7996362726739112
8717,29.0,1.4919036492823776,2.1970167817740607
8718,41.0,0.6067133952408501,1.980304380742515
8719,15.0,0.47504934780648334,1.853390343983968
8720,42.0,0.36224993156626684,1.7187692324320476
8721,13.0,0.7469133850495392,2.1771919910724344
8722,11.0,0.5923731007060563,2.152276646007191
8723,14.0,0.2766451071804569,1.891540425164359
8724,17.0,0.9338367241502104,2.521008477491491
8725,27.0,0.031263530352146136,1.6045309172736273
8726,12.0,0.299419440561012,2.2491624553998313
8727,47.0,0.701437113187831,1.7376932387656354
8728,22.0,1.2937758484533855e-31,1.2858785715970127
8729,35.0,1.5339708400274668,2.1960444041660856
8730,43.0,0.8415169335742849,1.96855828928393
8731,16.0,0.5923545698127585,2.131131410598755
8732,17.0,0.09201326695650165,1.8799467647776884
8733,22.0,0.568497637534918,2.0621067610653965
8734,25.0,1.0866161093107638,2.216908721923828
8735,37.0,0.4608084036175554,1.7665371894836426
8736,23.0,0.9710389424117749,2.397858868474546
8737,28.0,0.693773014968148,1.9489386422293526
8738,15.0,0.008588852989105679,1.7203739007314047
8739,25.0,8.15463788661286e-06,1.7273780727386474
8740,15.0,3.0387555746591284e-20,1.5639814376831054
8741,17.0,0.7897296077234012,2.186076276442584
8742,25.0,1.4244807464658586,2.579590072631836
8743,14.0,0.5986301771819452,1.99961633341653
8744,13.0,0.0007911361169431636,1.8560930031996508
8745,17.0,7.911361169431637e-38,1.3333460443160112
8746,17.0,0.2202440272989856,1.9807753562927246
8747,24.0,0.8848557440116215,1.9138697584470112
8748,23.0,0.6264520283768873,2.437205812205439
8749,12.0,0.7264663316580778,2.3651360670725503
8750,22.0,0.6573331289564182,1.9025529514659534
8751,50.0,0.00188615143639393,1.7055171394348145
8752,14.0,0.33562603274287484,2.0931412833077565
8753,25.0,1.1487919163130353,2.4278746223449708
8754,16.0,0.7016465133462313,2.170767940580845
8755,27.0,5.787566822026368e-40,1.3520967695448134
8756,12.0,0.0073623560867715375,2.0961219469706216
8757,19.0,0.8120020944467371,2.2543306225224544
8758,9.0,0.9239237902881617,2.6084473397996693
8759,13.0,1.933548588245381,3.6372478925264797
8760,31.0,1.1519684381041915,2.2116567857803835
8761,17.0,0.8312762138474286,2.2169771474950455
8762,24.0,0.7193851905632627,2.177760740121206
8763,26.0,0.22495009806367666,1.9671371166522686
8764,20.0,0.5997807374511631,2.1795769572257995
8765,22.0,0.10149186836864436,1.6184699860486118
8766,14.0,0.5980491772760681,2.4245964799608504
8767,17.0,0.3594018206261507,2.02997246910544
8768,14.0,0.9129295634843482,2.2730325630732944
8769,27.0,0.003525917299955106,1.5765266595063385
8770,26.0,0.2578970459417836,1.8200011207507207
8771,37.0,0.6582540917818408,1.9811551764204696
8772,34.0,0.2636523102039883,1.8629672667559456
8773,10.0,1.1509514479164815,3.2622567653656005
8774,14.0,0.30804538987646185,1.8734162534986223
8775,11.0,1.1098688424917716e-19,1.3761591044339267
8776,38.0,0.8852699363129933,1.7688630756578947
8777,24.0,0.7124989341707386,2.263970692952474
8778,16.0,1.317396098802613,2.671598494052887
8779,37.0,0.4930598853656569,2.0013150137823983
8780,24.0,0.4499036423244276,1.8691544632116954
8781,16.0,0.803333208380968,2.6745928525924683
8782,26.0,3.1540197721829854e-36,1.3451255468221812
8783,19.0,1.0073774897061551,2.5303483260305306
8784,22.0,0.24195381860983112,1.7823672511360862
8785,15.0,0.1358870682256907,1.8763517220815022
8786,11.0,0.0005609749552763357,1.6458822597156872
8787,12.0,0.4483518512738484,2.3638870318730674
8788,17.0,0.6999818633926107,2.336780632243437
8789,9.0,0.30864483335018233,2.009398831261529
8790,24.0,0.44558369851460605,2.073304315408071
8791,13.0,0.6492556084000574,2.189166784286499
8792,22.0,0.18444101100066468,1.879669037732211
8793,18.0,0.009723473486472739,1.6577601300345526
8794,19.0,0.5170243900610241,2.198836502275969
8795,18.0,0.9177670930365344,2.5772931045956082
8796,14.0,0.08525036311288665,1.6174886567252023
8797,15.0,0.5193776269666756,2.459936841328939
8798,20.0,0.464626655038645,1.9993721961975097
8799,18.0,0.8098704782225034,2.3653215302361383
8800,15.0,0.521475955220362,2.0392669677734374
8801,26.0,0.7812364561970498,2.4033442460573635
8802,15.0,0.6841264893665642,2.542627302805583
8803,12.0,0.7006385926573387,2.319067597389221
8804,18.0,0.10000976188297149,1.8795044157240126
8805,9.0,0.7196417398974279,2.915688011381361
8806,15.0,1.7639823332871388e-21,1.4873789469401042
8807,14.0,1.7639823332871394e-49,1.2608354943139213
8808,21.0,0.269991771458428,2.060930615379697
8809,12.0,8.836515321964984e-14,1.5347688595453899
8810,69.0,0.9424290986960853,1.894389650096064
8811,14.0,3.840555169090624e-12,1.2856198719569616
8812,14.0,0.532942927022416,2.27326352255685
8813,20.0,0.0005831394565765982,1.7401276588439942
8814,14.0,0.6693726119867968,2.4892513070787703
8815,20.0,0.9042158420564445,2.068323826789856
8816,14.0,1.5957370491734217,3.1052341801779613
8817,12.0,0.4394929481113802,1.8843289216359456
8818,38.0,5.1514025624232616e-05,2.013777161899366
8819,21.0,0.6659682334517587,2.2680880342211043
8820,43.0,0.5452965917126312,1.7709546144618544
8821,10.0,0.9391847718411256,2.5860487461090087
8822,32.0,0.9790671052132683,2.3354972302913666
8823,16.0,0.8920118481292649,2.566149950027466
8824,20.0,4.759533360487987e-28,1.4589138269424438
8825,14.0,4.759533360487988e-56,1.6621082339968
8826,13.0,0.31255084865739924,2.5688453821035533
8827,20.0,1.1122696449687175,2.273143839836121
8828,12.0,0.20866924934341044,1.6621891458829243
8829,12.0,0.11635095013629855,2.0402634143829346
8830,26.0,1.7198218438515642,2.5818753242492676
8831,20.0,1.5874162005694283,2.8160114765167235
8832,18.0,0.6611586046087957,2.3435608545939126
8833,16.0,2.6043777510658703e-28,1.2926246672868729
8834,16.0,0.08190792373818108,1.8168490827083588
8835,11.0,0.19897945360836175,1.9946090958335183
8836,27.0,0.5277666793347955,1.8748664679350677
8837,13.0,0.39758515593841237,2.1628754138946533
8838,23.0,1.2003481098399833,2.3297644698101543
8839,32.0,0.0002216092880693465,1.9770999997854233
8840,53.0,0.2808287320829187,1.7898002120683778
8841,22.0,1.1389394208063854,2.2210850715637207
8842,21.0,0.7393137797718422,2.2652504330589656
8843,17.0,1.5333062168216792e-27,1.2007352604585535
8844,32.0,0.08353435881033973,1.9009571075439453
8845,32.0,0.0009200203735550648,2.043276146054268
8846,14.0,0.9152239564439311,2.530616181237357
8847,37.0,0.5716321270271513,1.8678411406439703
8848,27.0,0.5450359192484449,2.0895305386296026
8849,27.0,0.7066584877835371,2.0062288354944298
8850,18.0,0.6153607970175687,2.1022896236843533
8851,16.0,0.47355834816700254,2.081431061029434
8852,14.0,2.734837330743209e-16,1.5912188461848669
8853,16.0,2.73483733074321e-48,1.0892117321491241
8854,9.0,0.3366117784972722,2.3827460606892905
8855,26.0,4.421245101443709e-46,1.6731212230829091
8856,22.0,0.7057470752790631,2.3571017438715156
8857,26.0,1.1163638738973545e-37,1.3207893188183124
8858,24.0,0.32811015643955177,2.1191550691922507
8859,19.0,1.2039558352282915,2.5338210055702612
8860,22.0,1.2317490937536564,2.3462316773154517
8861,20.0,0.4206945747169036,2.015210223197937
8862,8.0,1.1467346639900937,3.160593867301941
8863,16.0,1.4452413957308332,2.7581816613674164
8864,11.0,1.237622367840222,2.994197975505482
8865,32.0,0.8966410639043293,2.05184069275856
8866,22.0,1.0644036714702148,2.236721775748513
8867,21.0,0.7713625254724374,2.1870721862429665
8868,38.0,0.0753128382771129,2.0054701503954435
8869,13.0,0.9331844173700121,2.7649396382845364
8870,18.0,0.16539439430192335,1.7338490618599787
8871,26.0,0.7523924629496448,2.336051482420701
8872,9.0,5.027308159802709e-06,1.1705940034654405
8873,15.0,5.02730815980271e-36,1.461670462290446
8874,26.0,5.027308159802711e-88,1.7005871075850267
8875,12.0,0.7611897562080795,2.9584875106811523
8876,33.0,0.2367863884007368,1.9061795870463054
8877,12.0,0.8373988097982377,2.8098373413085938
8878,50.0,1.6229986502752648e-74,1.4709584093093873
8879,15.0,1.6229986502752655e-104,1.2539618333180746
8880,20.0,1.622998650275266e-144,1.6846321105957032
8881,11.0,0.13137162742079936,1.936488758433949
8882,9.0,1.2391990771622854,3.3034514321221247
8883,19.0,1.1558498070510677,2.700401130475496
8884,14.0,0.6638453708486436,1.9362190450940813
8885,20.0,0.24265841007368083,1.4713725566864013
8886,18.0,4.263071118620395e-32,1.7132414446936712
8887,19.0,0.07111413475820204,1.6614058394181102
8888,50.0,9.950080678104539e-26,1.7400167274475098
8889,57.0,1.1018166343950739e-53,1.5563565471716094
8890,19.0,0.24397863813878537,1.8614212337293123
8891,14.0,0.20301274070847444,1.8416481528963362
8892,18.0,0.21728399961425335,1.6856606271531847
8893,31.0,1.376669206612551,2.3284353286989274
8894,11.0,1.52282642592432,3.0283831249583852
8895,11.0,1.6383377566141308,3.0806786797263404
8896,17.0,1.2629616987030217,2.355845675748937
8897,12.0,0.6080824134412448,1.9623899857203166
8898,11.0,3.406460286949061e-06,1.550061355937611
8899,17.0,3.4064602869490624e-40,1.5862294926362879
8900,18.0,0.03971782300628437,1.6047499974568684
8901,23.0,0.193478217570228,1.7613377882086712
8902,23.0,0.3112228503112254,1.6452609559764033
8903,27.0,0.2728342116151713,1.7937815454271104
8904,10.0,0.382316827043502,1.998591995239258
8905,12.0,3.1316538974529703e-06,1.4705692728360493
8906,18.0,0.00034473203708403093,2.1244635581970215
8907,35.0,0.9096634733101848,1.8876529966081892
8908,25.0,4.008774497564913e-16,1.6926731872558594
8909,18.0,0.08160055885882278,1.912344839837816
8910,13.0,0.3870017608888979,1.9189380499032826
8911,17.0,0.8142996106113723,2.2476694724139046
8912,12.0,0.44080186952315153,2.0787154833475747
8913,15.0,1.2976845902546105e-22,1.4761156717936197
8914,14.0,2.3580272525892718e-08,1.7336572408676147
8915,20.0,0.8594825750569494,2.1270440816879272
8916,8.0,0.981866860493173,2.747395694255829
8917,18.0,1.1059795269937343,2.493975188997057
8918,9.0,0.5730757572664291,1.938024467892117
8919,10.0,0.9570719413926829,2.722898530960083
8920,17.0,1.084128223542055,2.3875612651600555
8921,18.0,0.9003614205208453,2.314235395855374
8922,9.0,0.7320285898369139,2.347868071662055
8923,17.0,0.03965265129623044,1.4283261579625748
8924,27.0,3.9652651296230464e-56,1.4515825730782967
8925,16.0,1.720074439149602,3.2430155277252197
8926,20.0,1.8460832395159659,2.8935141563415527
8927,10.0,0.6133298340437141,1.7110024213790893
8928,18.0,8.53149426513097e-32,1.3979365560743544
8929,16.0,0.028557971441433697,1.854548990726471
8930,10.0,0.8126840784912972,2.7132025718688966
8931,19.0,0.9711290802680476,2.335976901807283
8932,16.0,0.7303810105399998,2.0109184086322784
8933,36.0,0.029203368859246695,1.803718434439765
8934,21.0,1.6330153075740884e-35,1.5044797261555989
8935,14.0,0.19911936722200535,1.9820974894932337
8936,12.0,0.4283114694368182,2.0440817872683206
8937,16.0,0.6606855828361975,2.149997264146805
8938,44.0,1.0819612336197233,2.1176105846058237
8939,28.0,7.509468938757669e-43,1.3658643322331565
8940,16.0,0.7449726297297754,2.578019231557846
8941,17.0,1.1781046678969622,2.6165411051581886
8942,18.0,0.02597262304101791,1.7664422061708238
8943,9.0,0.8371620266543918,3.1093663109673395
8944,16.0,0.8733401187240428,2.523868501186371
8945,12.0,1.3596228913398614,3.083250125249227
8946,23.0,0.937508439863013,2.315558620121168
8947,54.0,0.4047075558174493,1.9343213593518291
8948,59.0,0.6683965704820541,1.6144378306502003
8949,17.0,0.41569243079321083,2.291595178491929
8950,30.0,0.33818315755726347,1.7806836764017742
8951,17.0,0.00019593039491520154,1.7656551529379452
8952,68.0,0.17655384615733427,1.799523437724394
8953,14.0,0.15668776183889713,1.7620389120919364
8954,21.0,0.643730582351674,1.8208647909618558
8955,16.0,0.4167006704250497,1.9921982288360596
8956,16.0,0.4271052335115267,1.9167375266551971
8957,16.0,1.3567124145289329,2.8271265029907227
8958,16.0,0.1604193428012696,1.686457872390747
8959,16.0,1.0561157366612548,2.423520863056183
8960,13.0,0.8848794140899389,2.3929369266216574
8961,48.0,0.6967018119205182,2.0798908472061157
8962,13.0,0.42916961295760975,2.037840586442214
8963,76.0,1.1192144076648227,1.813638593021192
8964,21.0,0.42808541955059115,1.5330130940391904
8965,32.0,0.12217490456735113,1.743610754609108
8966,15.0,0.6215062213715125,2.3256421724955243
8967,24.0,0.22067980408172438,1.9178816080093384
8968,26.0,0.21819805096836634,1.5665856691507192
8969,17.0,0.04198849249498557,1.7509007664287792
8970,15.0,1.7087312368019898,3.2408190727233888
8971,16.0,2.4467738956711432e-08,1.3046152293682098
8972,24.0,1.2150080340707268,2.1718228459358215
8973,8.0,1.134439158381959,2.8476967215538025
8974,36.0,1.821588904660785e-33,1.5228145254982843
8975,13.0,0.2903411457036591,2.1186634577237644
8976,19.0,0.2402364455623137,1.6542718410491943
8977,17.0,1.7952063558097653,3.2936924205106846
8978,14.0,0.40248042791440924,1.6447556359427316
8979,41.0,0.3901888606009534,1.791047561459425
8980,15.0,1.4718714207432941,2.960295232137044
8981,20.0,0.08128386491218363,1.6162892580032349
8982,14.0,0.9231431445122995,2.7839219910757884
8983,12.0,0.6344941950141902,2.175626754760742
8984,11.0,0.836496419986182,2.5272376320578833
8985,15.0,1.7146063563874299,3.3893874486287436
8986,20.0,0.2571010951227505,1.7586102962493897
8987,15.0,0.048742396103071794,1.5686794916788738
8988,11.0,0.6740939479431216,2.4829002076929267
8989,18.0,0.42095627147501347,2.171168883641561
8990,22.0,0.1749894529797706,1.9355738162994385
8991,22.0,1.42614984384418,2.972555095499212
8992,12.0,1.2877486047107456,2.751864790916443
8993,17.0,0.3530060310711837,2.0113734918482162
8994,18.0,0.9759949423788036,2.794186274210612
8995,24.0,1.1985087432188632e-33,1.5185863077640533
8996,14.0,1.4262705045272945,3.244504349572318
8997,23.0,0.4145907565258722,1.939722662386687
8998,35.0,0.7959882123946692,2.028677000318255
8999,21.0,0.9271088612949805,2.1674306960332963
9000,17.0,0.637830860834279,2.117290076087503
9001,14.0,0.004049352579626614,1.8548798220498222
9002,25.0,4.049352579626615e-53,1.6377699279785156
9003,11.0,0.8733443231104767,3.08527794751254
9004,26.0,1.5064039701022534e-45,1.3728749385246863
9005,47.0,0.9914165166814095,1.793404700908255
9006,14.0,0.1478694543656803,1.812826088496617
9007,12.0,0.23934226575151393,2.052292307217916
9008,17.0,0.04058902570643989,1.994053973871119
9009,29.0,5.2784855959773904e-36,1.9535019151095687
9010,15.0,0.7734668313213828,2.2406057039896647
9011,19.0,0.19594399352718192,1.7757660213269686
9012,22.0,0.09309043103952226,1.81562969901345
9013,21.0,1.3082217681362545,2.5570272718157088
9014,15.0,0.51366441332615,2.138404369354248
9015,13.0,1.409269042814972,3.1310457449692946
9016,10.0,0.5423613744037208,1.9707051038742065
9017,18.0,0.3572483501589738,2.154207600487603
9018,17.0,0.7831704150301984,2.2833683911491844
9019,15.0,8.276780156310762e-15,1.4040618419647217
9020,10.0,4.199343393810278e-06,1.704580307006836
9021,27.0,0.2899597585684567,1.7017358320730704
9022,10.0,1.1880927756850943,3.3211246490478517
9023,18.0,0.16234101968882966,2.1693854994244046
9024,14.0,1.174184374168382,2.475428513118199
9025,16.0,1.6490886371571444e-18,1.4320791065692902
9026,15.0,0.9185596113762665,2.7077046394348145
9027,26.0,0.33608784850917395,1.8832776363079364
9028,24.0,1.2383432342340486,2.633106231689453
9029,23.0,1.3111244390739527,2.462713220845098
9030,12.0,1.8705068386267776,3.361093203226725
9031,19.0,0.3553460107017797,1.7326446081462659
9032,9.0,0.02556543637219165,1.78039640850491
9033,15.0,0.6663509459124868,2.2060993194580076
9034,25.0,4.864173630924715e-30,1.6500099945068358
9035,16.0,0.08928353085180661,1.9656240940093994
9036,25.0,8.928353085180663e-52,0.9977917957305908
9037,13.0,0.018679210420755328,1.72335173533513
9038,13.0,1.0719343830648158,3.0587398455693173
9039,25.0,0.2997118721360654,1.8514874649047852
9040,13.0,1.0382101953387419e-25,1.1203914147156935
9041,13.0,1.0382101953387421e-51,1.7901166769174428
9042,26.0,0.7713763470912909,2.128489952820998
9043,20.0,0.3957750769249882,1.893665885925293
9044,15.0,0.8026709472241799,2.34065154393514
9045,12.0,0.4966997496407764,2.0900349815686545
9046,13.0,0.5755336046720799,2.267607908982497
9047,26.0,2.6097001884854614e-38,1.3215966774867132
9048,20.0,0.6132877221936973,2.528926634788513
9049,16.0,1.0267534088365118,2.598828434944153
9050,29.0,0.4544179082800499,2.179971925143538
9051,15.0,0.0017048706412195022,1.8284245133399963
9052,16.0,7.820585072660123e-17,1.7074307575821877
9053,14.0,0.11605852639934726,2.081169673374721
9054,17.0,1.0487116987445848,2.6313825214610382
9055,34.0,1.0497078331106156,1.9153309850131763
9056,11.0,0.8199260079671385,2.470570044084029
9057,12.0,0.8384780846866782,2.496869524319967
9058,18.0,4.892220199957886e-10,1.5546259548929002
9059,10.0,4.8922201999578885e-30,1.388156032562256
9060,12.0,0.2494711712907404,2.217611074447632
9061,12.0,1.153745276158946,3.215603152910868
9062,44.0,0.04264442567538657,1.585701498118314
9063,20.0,0.2979561943446687,2.1863886594772337
9064,26.0,0.1342022261071066,1.8936816729032075
9065,19.0,1.0023180076171208,2.685995679152639
9066,11.0,1.4939375215892723,3.237229347229004
9067,14.0,0.20122243084329072,2.0118488584245955
9068,16.0,0.28092337820431107,1.920150801539421
9069,12.0,0.4160154490969808,2.2111997604370117
9070,12.0,1.0393500915448697,2.7631502946217856
9071,14.0,0.666592368413078,2.2279471499579295
9072,13.0,0.37777213781966296,2.1974788262293887
9073,10.0,7.15351416688491e-08,1.685687255859375
9074,13.0,0.054371963137263224,1.8454630374908447
9075,28.0,0.768209553174417,2.1056483132498607
9076,13.0,1.3666331429288918e-05,1.5195418963065515
9077,34.0,1.3666331429288924e-73,1.3262201757992016
9078,30.0,1.2297578139917572e-05,2.0500990549723306
9079,15.0,0.4103804974615729,2.0345975875854494
9080,15.0,1.7258754742314724,3.574370257059733
9081,18.0,0.12287400481728428,1.5279773871103923
9082,19.0,0.43069864799067453,1.9692235243947882
9083,26.0,0.302815448108359,1.9090488873995268
9084,44.0,9.087101070502369e-52,1.589657794345509
9085,14.0,1.3340736988681698,3.2136385440826416
9086,20.0,0.24152316552647826,1.8028690576553346
9087,13.0,0.3265482568198117,2.087445075695331
9088,14.0,0.05644738239725261,1.8011733463832311
9089,15.0,0.9766337235669699,2.731227429707845
9090,12.0,0.7165366501905543,2.222342928250631
9091,18.0,1.3365663078093775,2.9011132982042103
9092,28.0,0.20154660898735377,1.5757662057876587
9093,16.0,0.4225447640635628,1.895249754190445
9094,10.0,0.1353447691504552,1.9459503412246704
9095,17.0,0.3207458311762659,2.165788874906652
9096,12.0,0.0004143003459554267,1.7060021956761677
9097,15.0,0.4182544006638325,2.0072181383768717
9098,25.0,1.3351340235926235,2.4012099170684813
9099,24.0,0.0010033425739691083,1.802729606628418
9100,15.0,0.0019093131158012069,1.8962260484695435
9101,31.0,0.05695940186242714,1.7126722489633868
9102,18.0,0.6342511753754533,2.3107409477233887
9103,15.0,0.4255448662157897,2.0783546765645347
9104,17.0,0.1363662554983983,1.4748155369478113
9105,13.0,0.862022502677917,2.7396657650287333
9106,19.0,2.6864890762141267e-12,1.6784477233886719
9107,19.0,0.19183652777818724,1.7714589771471525
9108,14.0,0.8121701066355644,2.9280005863734653
9109,12.0,1.1484490052674234,2.93469246228536
9110,22.0,0.2513913639222213,1.9093968651511453
9111,13.0,0.7218425305030053,2.5428742262033315
9112,11.0,0.8864988228870428,2.329503796317361
9113,50.0,1.345099426427681e-49,1.5319076824188231
9114,14.0,0.7126200936162912,2.7296294484819685
9115,23.0,1.360663009629141,2.4584263511326
9116,22.0,0.1504255551996665,1.715387691151012
9117,15.0,0.39445341016826546,2.0785274505615234
9118,19.0,1.375889380426152,2.3859822373641166
9119,15.0,0.8283391091969508,2.1973651885986327
9120,31.0,0.7010088233316508,1.744804197742093
9121,37.0,0.9358151323158894,1.8897515632010795
9122,31.0,0.6031805808258565,1.86933655892649
9123,27.0,0.6609749011848923,1.7583116425408258
9124,29.0,0.8673878762098303,2.407817741920208
9125,17.0,0.10092057290522612,1.729088643017937
9126,18.0,0.5953740051674066,2.1485472917556763
9127,13.0,0.47160095927845413,2.3994613060584435
9128,10.0,0.3856186855801587,2.0591409683227537
9129,18.0,0.7025618633841875,2.0837404463026257
9130,15.0,0.6071775630976372,2.322007338205973
9131,28.0,1.1889635267611938,2.5042452812194824
9132,16.0,0.6241536824592149,2.137344479560852
9133,33.0,0.6383704117358117,2.0622327110984107
9134,26.0,4.945663046869642e-46,1.3723991925899799
9135,10.0,0.6968856274110279,2.6820396900177004
9136,48.0,0.0005050515367874638,1.7612421611944835
9137,71.0,0.45484299675653594,1.686581034055898
9138,21.0,1.194838565737093,2.3710416839236306
9139,26.0,0.6558710310292284,1.9054513711195726
9140,21.0,0.4412015004622663,2.0363273393540156
9141,17.0,0.46400000847346085,1.915806868497063
9142,16.0,1.3260347989572017,3.186587631702423
9143,18.0,0.9904891868532646,2.3008005619049072
9144,29.0,1.0838923173808222e-05,1.5174131064579404
9145,10.0,1.2043756861018213,3.201417255401611
9146,34.0,0.161532860402156,1.7527426972108728
9147,35.0,0.30114465363315013,2.0805165427071706
9148,13.0,0.7029062948965947,2.469500321608323
9149,10.0,0.632071110224394,2.1823424339294433
9150,9.0,1.04531246850443,2.777243243323432
9151,21.0,0.4416945447025851,2.080439805984497
9152,22.0,0.4538071327810704,2.27998685836792
9153,12.0,0.0011963231743876955,1.6905836760997772
9154,17.0,0.9563890726969382,2.732892457176657
9155,23.0,3.811555754928624e-26,1.6276513752729997
9156,13.0,0.9980931875852513,3.070542023732112
9157,16.0,0.6064231028766172,2.189258486032486
9158,24.0,0.14757581577427273,1.8186965932448704
9159,56.0,0.0733829873487498,1.8123320426259721
9160,13.0,0.4869710155489392,2.2848814267378588
9161,12.0,0.3203165183309931,1.9704646666844685
9162,22.0,0.033624241563487985,1.6635652455416592
9163,14.0,4.899456395472802e-19,1.4233704209327698
9164,17.0,0.7317779266781484,2.331400927375345
9165,42.0,0.5828673557107676,1.8580953166598366
9166,11.0,0.3527950431047205,1.922353050925515
9167,28.0,1.656407365492751e-37,1.7081228835242135
9168,11.0,1.2402011545480776,3.260699228806929
9169,20.0,6.804216373472056e-06,1.6120667934417725
9170,12.0,6.804216373472059e-30,1.1067583560943604
9171,22.0,0.04099630569791995,1.6229169151999734
9172,30.0,0.26812331590387284,1.818918530146281
9173,16.0,0.4732410678549184,1.9992480874061584
9174,13.0,0.5681730912441032,2.233928533700796
9175,14.0,0.8798414418892232,2.580800942012242
9176,13.0,0.20838559279612204,1.5283342049672053
9177,22.0,0.5713425231171412,1.8866329409859397
9178,10.0,0.4780591656281403,2.085873031616211
9179,44.0,0.31837003892722093,1.5663623484698208
9180,13.0,1.5961666059103903,3.4649303876436672
9181,19.0,1.0754995513788332,2.3365852142635144
9182,15.0,0.44935260564878804,1.8936468919118246
9183,10.0,0.0007204364711612288,1.4062342643737793
9184,18.0,0.41957184556680593,2.002481804953681
9185,60.0,0.7567570712989002,1.8866685191790262
9186,15.0,0.9630925955806882,2.6007430076599123
9187,17.0,0.5954096364557454,1.9976434707641602
9188,28.0,6.041593325641317e-48,1.5139159560203552
9189,33.0,0.2870901178102065,1.866678729201808
9190,13.0,0.3885580359232324,2.184855241041917
9191,11.0,0.47631636926959314,2.090791008689187
9192,19.0,0.9370810035180549,2.229368862352873
9193,16.0,1.0448234718508986,2.545543074607849
9194,25.0,1.5315864503137602e-19,1.7652355194091798
9195,17.0,1.3089072639261132,3.0999714346492993
9196,21.0,0.06524079953599407,1.6387562978835333
9197,21.0,0.38777338776611225,2.18050970349993
9198,18.0,0.46544212003462887,2.124112049738566
9199,21.0,0.36473308316028347,1.883247210865929
9200,14.0,0.06270244668876829,1.9933379888534546
9201,18.0,0.7613415714534197,2.526134067111545
9202,31.0,0.06160339638688512,1.66254222777582
9203,12.0,0.23799167772966773,2.3572052319844565
9204,13.0,0.11795085195377439,1.8740744223961463
9205,11.0,0.026463494609833032,1.7505820231004194
9206,53.0,1.1950939240614311,2.100174975845049
9207,15.0,0.7795219984322488,2.2997604688008626
9208,20.0,4.703081762647907e-28,1.5450788259506225
9209,11.0,0.6279437965710319,2.5343648303638804
9210,10.0,1.1610384030918794e-05,1.5386958837509155
9211,23.0,1.1610384030918799e-51,1.3859885671864385
9212,10.0,0.44989782563772135,2.6371954441070558
9213,18.0,0.3413533015427817,1.8340938753551908
9214,14.0,0.8714969915623333,2.6409095355442593
9215,14.0,0.5696035525177754,2.1653288432529996
9216,19.0,0.2639143300874537,2.057963672437166
9217,12.0,0.3086565494551254,2.0411314566930137
9218,16.0,1.7722818733215193,3.1317168176174164
9219,12.0,1.3799595916471943,2.774269421895345
9220,38.0,0.4393189436445245,1.7949470469826145
9221,15.0,0.17763706869060078,1.9538664182027181
9222,22.0,0.5291039664426599,2.0947197567332876
9223,16.0,0.4499342559565897,2.1816176921129227
9224,18.0,1.0834082496257,2.512903610865275
9225,16.0,4.114804306750924e-06,1.441162258386612
9226,10.0,0.6321647541572972,3.016288948059082
9227,45.0,0.4174379135480642,1.6762930764092339
9228,11.0,0.41442667277122264,2.0473761558532715
9229,11.0,0.1509069648121127,2.089007767764005
9230,10.0,0.4409206544795103,2.3666573047637938
9231,14.0,1.772366730258314,3.24007180758885
9232,13.0,0.8716987919445347,2.445406730358417
9233,17.0,0.3656208484606014,2.3047726294573616
9234,15.0,6.151541954874764e-25,1.325334628423055
9235,18.0,1.4001483572917106,2.9708775679270425
9236,10.0,0.07158871586110259,1.2399033069610597
9237,14.0,0.37442493062714455,2.4095966134752547
9238,12.0,0.5644823112367358,2.317141850789388
9239,18.0,0.4015493176171246,2.1090855068630643
9240,30.0,0.12312995933272528,1.7672683715820312
9241,17.0,8.937590723544127e-10,1.8443774896509506
9242,29.0,0.3192007424073153,1.725784367528455
9243,24.0,2.95055774867317e-46,1.4674463073412578
9244,15.0,0.009930622228345594,1.6755596160888673
9245,12.0,1.1209436678757931,2.953121304512024
9246,15.0,1.330668015406397,2.6929012616475423
9247,50.0,4.651570946249247e-34,1.7511218547821046
9248,36.0,0.25834210203089536,1.6707116762797039
9249,11.0,0.6517324334446104,2.4718518257141113
9250,16.0,1.041610543804992,2.4052025377750397
9251,11.0,0.5971544850985424,2.121970783580433
9252,20.0,2.2711908123738067e-32,1.4031058728694916
9253,15.0,1.5504088612304339,2.8520650545756023
9254,17.0,0.5425100657549027,2.048375192810507
9255,14.0,0.4752700929868183,2.1208615643637523
9256,11.0,0.35845139678990656,2.0971068035472524
9257,25.0,2.1189531494846895e-36,1.3970903587341308
9258,17.0,0.08400948975140927,1.8993066899916704
9259,11.0,0.2507428797839264,2.34483586658131
9260,16.0,0.13074009568138545,1.8851241767406464
9261,14.0,1.0112897996936374,2.6009114469800676
9262,24.0,0.10421854523300669,2.146144608656565
9263,27.0,0.6875912651849904,2.465171354788321
9264,25.0,4.733136065146042e-42,1.1693159866333007
9265,49.0,1.5229561145743815e-55,1.7239517192451321
9266,54.0,0.6216883679652103,1.7764850899025246
9267,38.0,0.07636433314692236,1.744705319404602
9268,14.0,0.20071033067047114,1.9410705396107264
9269,12.0,0.5635137319719047,2.44269327322642
9270,11.0,1.2086686225181245,2.910616571252996
9271,23.0,0.8853026575557346,2.0471207369928774
9272,22.0,0.2369280576356995,1.9215092333880337
9273,15.0,0.175286702531195,1.9465049902598064
9274,15.0,1.3683511633185457,3.31382106145223
9275,17.0,0.20966458985500908,1.5189810079686783
9276,44.0,4.0404937197150264e-37,1.5525811152024702
9277,17.0,0.5891610961959521,2.31373826195212
9278,12.0,2.2124407190093375e-06,1.5073583324750264
9279,17.0,2.2124407190093383e-40,1.565823190352496
9280,21.0,0.6078782606728063,2.071873119899205
9281,12.0,0.9525332063481613,2.7336161533991494
9282,22.0,0.031442885191243275,1.5888218717141585
9283,34.0,1.260547235332076e-19,1.7248117783490349
9284,21.0,1.2264135047003687e-35,1.4595308757963634
9285,14.0,5.298046134053257e-28,1.3014868327549525
9286,19.0,0.6792406689741382,2.3540872021725305
9287,12.0,0.08667060240445378,1.670269211133321
9288,38.0,0.4166139011246461,1.926168391579076
9289,27.0,0.07142461265297327,1.9635194937388103
9290,14.0,0.41098870509252966,2.0271573066711426
9291,23.0,1.085066021267189,2.256568494050399
9292,15.0,1.031839036586877,2.456578985850016
9293,17.0,0.875977937827295,2.384515706230612
9294,12.0,0.48531533267889093,1.9704057375590007
9295,34.0,1.359986359774832,2.1978008887347054
9296,23.0,2.6155118008771828e-14,1.521822804990022
9297,23.0,0.6886931978776334,2.4915920547817065
9298,11.0,0.6550502850525333,2.5400544079867275
9299,14.0,0.40866739978113875,2.0078988075256348
9300,17.0,1.0184248840531505,2.512477958903593
9301,39.0,0.29858824097962405,1.7018989905332909
9302,28.0,0.3666884308522909,1.9602775062833513
9303,22.0,6.563278346338588e-26,1.644279051910747
9304,11.0,0.8427534430685908,2.783341884613037
9305,12.0,0.6995225305406337,2.3523244063059487
9306,16.0,1.52120515966943,2.9685868620872498
9307,21.0,0.4931658326055777,2.2440162840343656
9308,35.0,0.042669186526649125,1.81811797278268
9309,13.0,0.9289864984767103,2.980931722200834
9310,24.0,0.39101385084164136,2.2450904697179794
9311,41.0,0.41342005670593246,1.9518071383964726
9312,20.0,0.3116510168486484,2.0866034984588624
9313,16.0,1.1252440789010718,2.8147397339344025
9314,23.0,0.0956492890365668,1.8007903306380562
9315,22.0,0.1516855672145361,1.7311391830444336
9316,36.0,1.0646046883567435,2.200345595677694
9317,10.0,2.1804570820967926,4.602077460289001
9318,26.0,0.36235626509844615,2.073653826346764
9319,21.0,0.6550634584495366,2.2690017563956126
9320,21.0,0.8629861067583136,2.4984266871497747
9321,24.0,0.5365094526989784,2.0666531920433044
9322,13.0,0.08040308061628917,1.8131912304804876
9323,44.0,0.1522564389620368,1.8652168295600198
9324,15.0,0.3958206816816316,2.186374886830648
9325,17.0,0.5211836221683364,2.2972953179303337
9326,48.0,4.7965319883334235e-78,1.4822034935156505
9327,23.0,1.211905408125623,2.5681753158569336
9328,28.0,0.9253584927375419,2.073965447289603
9329,14.0,0.6193253198578963,2.3960804598672047
9330,27.0,0.9460786477162967,2.151836801458288
9331,19.0,1.4849601257345173,2.46980619430542
9332,12.0,0.8135781988544694,2.3604018886884055
9333,22.0,8.638733590658172e-32,1.5183142748746006
9334,11.0,0.7158069432333893,2.787854541431774
9335,9.0,0.11674427968409111,1.505761014090644
9336,19.0,0.5627340257038269,2.1855513422112716
9337,16.0,0.4195352414947271,2.0276416540145874
9338,28.0,2.768997382445914e-38,1.617319141115461
9339,41.0,3.137467872117326e-40,1.7363389701378056
9340,19.0,0.7124827343548302,2.453985415006939
9341,11.0,0.8204155598828957,2.443780855699019
9342,43.0,0.7944343617830135,1.7913712346276571
9343,22.0,1.3531930167878916e-12,1.593985378742218
9344,16.0,0.5125791276587425,2.2243822440505028
9345,37.0,2.0623454132273503e-32,1.7927080553931158
9346,18.0,0.4309516704257309,2.2501033941904702
9347,11.0,1.218517592772791,3.0533797957680444
9348,11.0,0.3695652228571526,1.8946122256192295
9349,34.0,0.12404381785903897,1.9416904589709114
9350,9.0,1.222840337176647,3.301769044664171
9351,10.0,0.7203257642182543,2.190078115463257
9352,33.0,9.683333291965706e-29,1.6330524935866848
9353,15.0,0.1865574563141373,1.8784956296284994
9354,15.0,0.43240017027582434,2.1044541358947755
9355,13.0,1.2247107461106734,3.050184359917274
9356,18.0,0.6858031582729167,2.0278014871809216
9357,63.0,0.5559769088405068,1.669794097779289
9358,52.0,0.9956439702046,1.9224615463843713
9359,22.0,0.7238954809876963,1.7601654746315696
9360,29.0,0.8942315479226834,2.1450122635940025
9361,16.0,0.12280046752017429,1.9393700957298279
9362,29.0,0.6431964374102337,2.0074139545703757
9363,18.0,0.5730965750649668,1.9869290987650554
9364,15.0,0.0016009822380095384,1.4261605580647787
9365,13.0,1.600982238009539e-29,1.5836440599881685
9366,14.0,0.4520427246971772,2.0166104521070207
9367,17.0,1.6022461948605327,2.9118800163269043
9368,22.0,0.3050820267832843,1.78256648237055
9369,14.0,4.135586346952578e-06,1.6293146099363054
9370,14.0,0.9141808117180351,2.525316442762102
9371,15.0,0.11512094435452211,1.6291073004404704
9372,14.0,0.5439908727767532,2.089965581893921
9373,18.0,0.7988163464420506,2.1281914446089
9374,16.0,0.8814990812157931,2.3231564462184906
9375,35.0,0.1285820512229966,1.9351041112627303
9376,25.0,1.285820512229967e-51,1.5974536514282227
9377,12.0,1.2858205122299673e-75,1.0358689626057942
9378,33.0,0.3121906452293152,1.715899843158144
9379,24.0,0.35578946443550874,1.9934204916159313
9380,23.0,0.5160987167772635,2.365250292031661
9381,33.0,0.5705914833471233,1.734811291550145
9382,15.0,0.46536658631429023,1.9348416646321616
9383,19.0,4.656196911854429e-28,1.4094479460465281
9384,17.0,0.23848152058443534,1.8817650570588953
9385,11.0,0.7799518180374495,2.7909468087283047
9386,13.0,1.30867146913426,2.807949029482328
9387,27.0,1.340261560159013e-29,1.4565556137650102
9388,19.0,0.6557794576560058,2.350483618284527
9389,23.0,0.9639373254795294,2.3532462120056152
9390,18.0,0.19039862701798277,1.9902743498484294
9391,45.0,0.07167436711279639,1.8831655184427898
9392,20.0,0.7558525612149217,2.23448166847229
9393,11.0,1.0557067844121342,3.176627657630227
9394,28.0,0.7486105309317892,2.1404440062386647
9395,14.0,0.3127773184264649,2.0080333096640453
9396,22.0,1.3232822967905071,2.982032125646418
9397,10.0,0.8152456734233289,2.416780710220337
9398,61.0,1.1385132935588125e-54,1.9210168807232966
9399,18.0,0.8491321615587017,2.363369199964735
9400,20.0,0.25899531143369653,1.9759730100631714
9401,13.0,5.47937491783236e-24,1.3253527237818792
9402,12.0,0.11135693510331886,2.094816525777181
9403,11.0,0.6332410861702641,2.6451422517949883
9404,15.0,0.5824018487749969,2.027357006072998
9405,19.0,1.345341080598771e-21,1.424512700030678
9406,9.0,0.1765948725454095,2.409479671054416
9407,21.0,0.18179581054043195,2.013575939905076
9408,14.0,0.9514115042079865,2.803354706083025
9409,36.0,0.8280061337290578,1.94145753648546
9410,38.0,7.841754372860787e-05,1.65642469807675
9411,16.0,7.841754372860788e-37,1.622575730085373
9412,11.0,0.9535742945327262,3.02783203125
9413,19.0,1.1188361655108365e-17,1.3435880259463662
9414,24.0,0.13094190144877205,2.006726841131846
9415,18.0,0.09397367096905745,1.765230033132765
9416,9.0,0.8160643025461906,3.0655457178751626
9417,39.0,0.4230649562513374,2.0726888240912023
9418,29.0,0.5224335894439702,2.0221249152874123
9419,18.0,1.765492336658307,3.0420177512698703
9420,20.0,1.3892240995393172,2.480950355529785
9421,19.0,0.6021844954406952,2.187897355932938
9422,11.0,0.6909149738300764,2.483613447709517
9423,56.0,1.440925637422406e-53,1.8069524339267187
9424,18.0,0.447154807631762,2.267981638511022
9425,18.0,1.0405328225288226,2.6847605175442166
9426,22.0,0.19737847074471382,2.102187460119074
9427,13.0,0.32247732921047073,1.8951798585745006
9428,12.0,0.359503268685833,2.0559760332107544
9429,28.0,1.0594107198709775,1.9792883396148682
9430,13.0,0.38422881445273765,1.8342936955965483
9431,10.0,1.0058218648761845,3.1375996112823485
9432,9.0,1.3024178613026745,3.0233556429545083
9433,15.0,0.06766818668905593,1.536392370859782
9434,31.0,0.9626975311644319,2.2719525137255268
9435,15.0,4.459333224509294e-16,1.5978358268737793
9436,16.0,0.01775230789248211,2.110824540257454
9437,15.0,0.2584648882311921,1.9420286496480306
9438,11.0,0.7928124621162027,2.5426399491050025
9439,10.0,1.4644043892441325,3.722925090789795
9440,15.0,0.678244957706054,2.181848748524984
9441,10.0,0.731945275317293,2.5110037326812744
9442,17.0,0.26031875066457016,1.8696357502656824
9443,22.0,0.06199781499360328,1.8650245666503906
9444,14.0,0.8606643295713647,2.5549043927873885
9445,32.0,1.3412389098810255e-55,1.542875649407506
9446,24.0,0.4703837047044973,2.139916996161143
9447,12.0,0.013020245513977994,1.6329890092213948
9448,13.0,0.07754280487270349,2.0243882491038394
9449,22.0,0.34795513621316326,1.9452378749847412
9450,24.0,1.0103548601088997e-43,1.457520325978597
9451,26.0,0.691084527079653,2.0465832490187426
9452,25.0,1.542028194176799e-41,1.6262458419799806
9453,21.0,0.5298118279312006,2.282961913517543
9454,41.0,1.0620530770554013,2.1635610068716655
9455,23.0,0.44148817289437275,2.074008381885031
9456,10.0,0.10063175090619514,1.8333829283714294
9457,32.0,0.038840004997865246,1.638124167919159
9458,16.0,0.5207533592193428,1.9942719340324402
9459,16.0,0.7949229544600669,2.4333750903606415
9460,13.0,1.6527779878353588,3.409445982712966
9461,30.0,1.714512986072222,2.602829933166504
9462,14.0,2.0626706246556625,3.447870663234166
9463,16.0,0.09413344291851228,1.7194562703371048
9464,18.0,1.2089633500349206e-33,1.8272223472595215
9465,13.0,0.22170165996386526,2.1549191108116736
9466,10.0,0.9283537221213732,3.058649253845215
9467,13.0,1.2691954076435088,3.0434914368849535
9468,27.0,0.2543706351603457,2.311173191776982
9469,44.0,0.7540328690603927,1.8597896640950984
9470,31.0,0.6615405946758985,2.171558303217734
9471,18.0,0.9945582298311991,2.5575581656561956
9472,30.0,6.5353297375699285e-40,1.7586992422739665
9473,20.0,0.35628904784053883,1.9718016147613526
9474,11.0,0.28377108955118396,2.1917676708915015
9475,10.0,0.2570416145004739,2.1346477031707765
9476,11.0,3.399465575215998e-08,1.602397615259344
9477,26.0,0.8403643819520058,2.3322398295769324
9478,22.0,1.0146427565268457,2.3464987494728784
9479,22.0,0.08866714319920095,1.8700112212787976
9480,16.0,1.6223568641924471e-32,1.5235960185527802
9481,12.0,0.6273171187540701,2.883534789085388
9482,31.0,0.3191010470546819,1.9663922248348114
9483,11.0,3.333321625404525e-08,1.601001869548451
9484,17.0,0.4242976942657049,2.1080375278697296
9485,17.0,7.201457127102957e-13,1.5639089696547563
9486,10.0,0.43016632168911506,2.479063034057617
9487,17.0,0.30978059470525615,1.9843394055086023
9488,36.0,0.0973106686456401,1.7268744442198012
9489,17.0,0.5422180337195864,2.0232097962323357
9490,12.0,0.6049907312821526,2.427469849586487
9491,11.0,1.496688850230842,3.5676260861483486
9492,24.0,9.154458997026805e-26,1.5526848336060841
9493,16.0,0.852476611398786,2.650578111410141
9494,29.0,0.7202064285640946,2.0943243421357254
9495,12.0,1.089224843476543,2.7380473613739014
9496,13.0,1.221842144323843,3.0826818759624777
9497,15.0,1.6495418029778512,3.244690767923991
9498,20.0,0.5145721012364364,2.5081643581390383
9499,49.0,0.542193277165843,1.9361233224674148
9500,15.0,0.6742044298201123,2.5452914873758954
9501,58.0,0.10961607516668345,2.339167068744528
9502,46.0,0.2901717123262206,1.698072858478712
9503,38.0,2.6622192505417784e-64,1.6286800393932743
9504,35.0,3.6797411515451463e-54,1.7248111997331892
9505,9.0,0.6208311309014849,3.069850974612766
9506,9.0,0.6606775388527468,2.34118922551473
9507,25.0,0.5745919549262901,2.3194084930419923
9508,14.0,5.060386371691142e-06,1.6090267428330012
9509,26.0,5.060386371691145e-58,1.443521811411931
9510,48.0,0.8479588570774266,1.9147784511248271
9511,15.0,0.16847842056270315,1.7224035580952963
9512,18.0,0.11712783603646587,2.0051636695861816
9513,13.0,0.7516825194481493,2.4216498595017653
9514,28.0,1.280164659137659,2.3948937484196255
9515,16.0,0.5894228578042643,2.2310046553611755
9516,47.0,0.15538605384623608,1.806666151006171
9517,19.0,0.24765272843139483,1.7760068742852462
9518,33.0,5.458781119443346e-22,1.6189591378876658
9519,16.0,0.1352812811697031,1.8444002717733383
9520,14.0,0.6996437751647996,2.3722808361053467
9521,22.0,0.48197502549613097,2.3310253728519785
9522,37.0,0.48991209425854987,1.9636646348076898
9523,17.0,1.8999063581486673e-16,1.6515377549564136
9524,12.0,0.06891856691597646,1.8596014579137166
9525,17.0,6.891856691597648e-36,1.50296090630924
9526,19.0,0.8228859712306398,2.378891894691869
9527,22.0,6.844125219007383e-30,1.4270236925645308
9528,15.0,0.26299846702627244,2.036787255605062
9529,20.0,5.735471791202415e-20,1.5538161277770997
9530,38.0,0.6563549376312399,2.228656637041192
9531,24.0,1.3890352521930442,2.462904771169027
9532,13.0,0.7974060637047841,2.283547511467567
9533,13.0,0.8220391303276997,2.3177397067730245
9534,29.0,0.5606793899746012,1.9188864477749528
9535,20.0,0.5048587974477218,2.103501796722412
9536,11.0,0.617791919145737,2.2752205675298516
9537,29.0,0.1425694843944936,1.8938450484440243
9538,9.0,0.2719951564611095,2.223508742120531
9539,31.0,0.17657700224772271,1.7467106234642766
9540,18.0,0.4144161621224206,2.013680338859558
9541,20.0,4.2905015883782386e-30,1.0943359076976775
9542,20.0,0.9666023819558728,2.6059563517570496
9543,24.0,2.467305537695601,3.0738425254821777
9544,9.0,1.284357084305062,2.5125028822157116
9545,24.0,5.887484438310627e-16,1.7501091361045837
9546,14.0,0.48841840812407966,2.1953931535993303
9547,30.0,0.31341853790855256,2.1437307834625243
9548,39.0,0.07517990719687358,1.941629402148418
9549,15.0,0.5180833086198675,2.4102034250895183
9550,19.0,0.7148491433250458,2.226016923000938
9551,13.0,0.4098898411684726,2.1265969643226037
9552,45.0,1.4031378446243445,2.204602665371365
9553,29.0,1.204132361884137e-41,1.3131051556817417
9554,41.0,1.0505076151611938,2.063270266463117
9555,46.0,0.7959715850973863,1.9489924700363823
9556,14.0,0.39421815231505775,1.941114834376744
9557,13.0,0.23975719358799719,2.086118844839243
9558,18.0,0.35031901239058405,1.7783913877275255
9559,22.0,0.38974249520362714,2.039145968177102
9560,15.0,0.6811439621614996,2.3568474769592287
9561,33.0,1.1698816057660633,2.203413154139663
9562,18.0,0.19407457158938032,1.711479902267456
9563,24.0,0.314774087822538,1.6262785196304321
9564,9.0,0.6853406502856628,2.7728746202256946
9565,9.0,0.6594318439930335,2.5577747556898327
9566,20.0,0.1902396805925799,1.758505630493164
9567,49.0,0.8721840700071162,1.711773512314777
9568,21.0,0.562070996583162,2.0683624176752
9569,11.0,0.8034411097905629,2.758974010294134
9570,30.0,0.5324557158295518,1.894998343785604
9571,38.0,1.248119439508046,2.2281493889658073
9572,22.0,1.4017726655032798,2.659787958318537
9573,16.0,0.5114691752225246,1.6554846465587616
9574,12.0,0.3884189148511065,2.318482518196106
9575,37.0,0.0008503902119898672,1.537790143812025
9576,18.0,1.2757022749389057e-29,1.7765518691804674
9577,12.0,0.48522055055341645,2.148517449696859
9578,44.0,1.3110185158159422,2.0485523722388526
9579,14.0,0.8169275743272233,2.179900680269514
9580,25.0,1.229915689109667,2.595798149108887
9581,11.0,0.5978612896614763,2.2331345948305996
9582,18.0,0.40379722934214723,2.0896152920193143
9583,11.0,3.618579481316158e-10,1.575208924033425
9584,13.0,3.618579481316159e-36,1.321312005703266
9585,14.0,0.16741854039665174,2.3809551852090016
9586,34.0,2.800252553272302e-48,1.6296781932606417
9587,33.0,0.7218896319929297,2.1453863779703775
9588,15.0,0.5133925753200608,2.177110465367635
9589,12.0,0.6945939625810182,2.362593690554301
9590,15.0,0.7594278571461854,2.2971808433532717
9591,35.0,0.8753010333977083,2.0705634525844028
9592,17.0,1.6764114420238315e-21,1.141030564027674
9593,19.0,0.19707412866442645,1.9712514877319336
9594,24.0,0.24101458168456336,1.810545563697815
9595,38.0,0.6229886459546939,1.9030902260228206
9596,12.0,0.8182397782951145,2.384955644607544
9597,8.0,1.4319675149437305,3.4543235898017883
9598,33.0,0.8417185338405018,2.517377824494333
9599,19.0,0.2507753040267555,1.7736748896147077
9600,14.0,0.702461481150618,2.445943457739694
9601,13.0,0.7538944469699185,2.5223007202148438
9602,30.0,0.18373960313682255,1.539118719100952
9603,17.0,1.0563645831018715,2.5094636468326343
9604,18.0,1.1392331383880645,2.587701188193427
9605,21.0,0.5904502149967653,2.2438401040576754
9606,13.0,0.6605325883063142,2.331806861437284
9607,30.0,1.4942915516024842,2.4554996649424234
9608,80.0,1.3229715357000389e-81,1.7970000684261322
9609,17.0,1.3046856184748885,2.9387221616857193
9610,14.0,1.4685043287869093,2.9261506966182163
9611,17.0,0.4066277311110008,1.8312543700723087
9612,28.0,9.628927940410095e-50,1.541600031512124
9613,22.0,9.6289279404101e-94,1.847632884979248
9614,49.0,0.9099315682520152,2.042777392329002
9615,17.0,0.3046230013404294,1.9594768075382007
9616,24.0,6.164875989445651e-34,1.7559273838996887
9617,15.0,4.908429988980381e-10,1.6475072224934897
9618,15.0,0.47366426474553075,2.3274428685506185
9619,26.0,0.7621917438749332,2.0931414732566247
9620,27.0,1.1195598177577095,2.0260644842077187
9621,9.0,0.1180870082229017,1.4296940167744954
9622,45.0,7.757776828311835e-25,1.6783795462714302
9623,18.0,0.00035899656786906475,1.929046048058404
9624,41.0,0.48339793923034635,1.992856642095054
9625,17.0,6.020491705014823e-26,1.4585863421945011
9626,21.0,0.3100953695092274,2.2328093619573686
9627,16.0,1.0995812272282819,2.595050483942032
9628,32.0,0.0663083455308897,1.6940540075302124
9629,14.0,0.9404640096673214,2.897186483655657
9630,51.0,0.26737408093536386,1.8643339007508521
9631,9.0,6.3399944471771e-11,1.7282943725585938
9632,19.0,0.34710828485707435,1.8379619748968827
9633,11.0,0.40259577573769234,2.1586466052315454
9634,24.0,1.3690545432757453,2.53030796845754
9635,25.0,0.4561447378215099,2.0263006019592287
9636,46.0,1.0385153481823601,1.9836362341175908
9637,11.0,1.209584986803216,2.719251025806774
9638,16.0,0.5245570533014443,2.174477279186249
9639,33.0,1.2508283300246867,2.260539575056596
9640,39.0,0.08916358386877209,1.6612067283728185
9641,14.0,0.5406062158149658,2.2655010563986644
9642,14.0,0.007742794370629914,1.8370044231414795
9643,19.0,7.633620719332279e-26,1.728019024196424
9644,38.0,7.633620719332286e-102,1.5550347252895957
9645,56.0,0.8038625780386383,2.1210828508649553
9646,14.0,0.06808169711262745,1.5753349236079626
9647,10.0,0.7905860724124378,2.5341269969940186
9648,12.0,1.1575798798070345,2.722216546535492
9649,36.0,0.3654347838008969,1.9427572753694322
9650,33.0,0.13260293482723887,1.7033588525020715
9651,22.0,0.8795885823642395,2.1078113209117544
9652,35.0,1.2695153014209558e-25,1.6921109744480678
9653,19.0,0.17084830758603817,1.950306264977706
9654,15.0,1.836647537883369,3.533759355545044
9655,16.0,0.5010842070642391,1.869385838508606
9656,31.0,0.3550728534465427,1.7269671040196573
9657,62.0,9.242786639496729e-76,1.5330686723032305
9658,12.0,9.24278663949673e-100,1.530346949895223
9659,34.0,1.476333698105942,2.1603080244625317
9660,13.0,0.32388749001545003,1.735191822052002
9661,11.0,0.035374966024931724,1.824695435437289
9662,40.0,0.71781716943544,1.7244778215885161
9663,15.0,2.4533746419610036,3.586171531677246
9664,8.0,1.128151210813143,1.8509936928749084
9665,18.0,0.7482397181832612,2.3718101183573403
9666,34.0,0.9548733547533494,2.1412063065697167
9667,14.0,0.9430251269129523,2.5647847993033275
9668,33.0,0.06518733633045337,1.7945060802228523
9669,13.0,0.27390776398903316,1.8205578510577862
9670,10.0,0.8398314872962083,2.7381959915161134
9671,16.0,0.40336933464572283,2.0391680002212524
9672,12.0,0.48006456121517327,2.4287481705347695
9673,20.0,0.4775332534311524,2.3710307359695433
9674,15.0,1.1660224016084886,2.9993146578470866
9675,54.0,8.437330822992704e-76,1.6376169699209708
9676,18.0,0.49660408549672586,2.3102438979678683
9677,14.0,0.2464929451152208,1.8352603912353516
9678,13.0,0.7111338073275176,2.6490042943220873
9679,11.0,0.3228450919426698,1.938964150168679
9680,32.0,3.1755582164989512e-52,1.6496648639440536
9681,20.0,1.9062147631657178,3.2662723302841186
9682,21.0,1.7899097570882265,3.021318095070975
9683,23.0,0.0006071672180969202,1.7231716902359673
9684,20.0,1.288312598219899e-31,1.8157905459403991
9685,25.0,0.5489274977445688,2.3785723495483397
9686,33.0,9.314008487455871e-60,1.4902066028479375
9687,22.0,0.002118729474229828,2.0326383980837734
9688,24.0,0.6780669187493341,2.1647273898124695
9689,17.0,0.31178406457852653,1.8370934374192183
9690,12.0,1.1813424413601759e-23,1.5487792491912842
9691,16.0,1.4530613138944996e-17,1.7921754717826843
9692,9.0,0.3215970151969171,2.4263340632120767
9693,16.0,0.24041837950897535,2.2643173784017563
9694,26.0,0.42619772476146034,2.0804519653320312
9695,21.0,0.6380504564027806,2.2017538206917897
9696,17.0,0.8247666019657721,2.3145744099336514
9697,14.0,0.7326607082462528,2.2761891910008023
9698,10.0,1.1349236176015274,3.273495578765869
9699,25.0,1.0886187693341154,2.212530403137207
9700,8.0,0.9220581833333668,2.6318811774253845
9701,21.0,0.45721316238718857,1.8409598895481654
9702,18.0,0.5271961269615141,2.2458496623569064
9703,52.0,0.7609725200356874,1.9163232491566584
9704,15.0,0.49014695096196803,2.018666116396586
9705,12.0,0.4367486730836652,2.2755912244319916
9706,22.0,0.44319842745820404,2.169126445596868
9707,11.0,0.05297681806164521,1.9594636180184104
9708,17.0,2.255978407362458e-26,1.8943023120655733
9709,21.0,0.37436501380819814,2.22980649130685
9710,16.0,1.2791032179527516e-25,1.5562238544225693
9711,11.0,0.09253731266100909,2.1181417378512295
9712,27.0,0.6452966372844259,1.8794180728771068
9713,18.0,1.0945708747123462,2.6770533190833197
9714,35.0,6.841832237365995e-09,1.445923342023577
9715,21.0,0.12722868302226387,1.7251711856751215
9716,21.0,1.1212873228852973,2.5403111094520208
9717,11.0,0.6353628567210359,2.0850940617648037
9718,14.0,0.28609222576583804,1.8695372428212846
9719,11.0,0.16445429799867692,1.9068542827259412
9720,21.0,6.098498192634901e-28,1.7421513057890392
9721,11.0,6.0984981926349015e-50,1.5444676659323953
9722,38.0,0.5666568479930437,2.2544408848411157
9723,16.0,0.4778248212376632,2.096199482679367
9724,10.0,0.9183340513404978,2.759368896484375
9725,23.0,0.47736484308268456,1.7843551635742188
9726,20.0,0.8322294429349955,2.144957709312439
9727,28.0,8.314704622577855e-32,1.3870253222329276
9728,28.0,0.024941713938497603,1.4307936770575387
9729,38.0,0.7677463200740864,1.9548479130393581
9730,38.0,0.7009599984327268,1.6432614075510126
9731,11.0,0.6266917341293362,2.264250235124068
9732,22.0,1.1654829549878465,2.469866557554765
9733,17.0,0.2541651342561757,1.736789023174959
9734,13.0,0.7863120891403826,2.2888870239257812
9735,11.0,1.130923677854007,2.691368644887751
9736,20.0,0.18564175566269928,1.662091612815857
9737,14.0,0.6399285085082818,2.479753221784319
9738,22.0,0.4257674228522117,1.9254334406419233
9739,12.0,0.2016218864338377,1.9267064730326335
9740,11.0,0.49225857889390867,2.340200901031494
9741,10.0,0.34374780256825166,2.1075391292572023
9742,14.0,0.421898717818344,2.0454123190471103
9743,53.0,0.5251994125199106,1.8411204320079875
9744,14.0,0.6470136318204799,2.233772243772234
9745,23.0,0.693988754126569,2.174531231755796
9746,11.0,0.2108768977374239,2.050755088979548
9747,12.0,0.6221393698163593,2.53364896774292
9748,18.0,0.8034215025968507,2.210755639606052
9749,17.0,0.04374570993668438,2.007962367113899
9750,18.0,0.20881159805668514,2.0557838678359985
9751,14.0,2.4555522051817946e-28,1.6453906467982702
9752,19.0,0.6166859021062681,2.0724828243255615
9753,26.0,1.264994054891315,2.4098892028515158
9754,9.0,0.7662320808749711,2.1929560237460666
9755,14.0,0.1994134928038325,1.8743010759353638
9756,11.0,9.978097101278008e-16,1.7603732455860486
9757,10.0,0.2958675792005397,2.352150392532349
9758,30.0,0.2599255187797028,1.9907549381256104
9759,27.0,0.4620342736511193,1.867232569941768
9760,27.0,1.800379361544508e-31,1.8725796982094094
9761,15.0,1.8003793615445084e-61,1.5816205660502116
9762,9.0,0.3189738300570717,2.439371109008789
9763,12.0,0.2993193270121318,2.206470330556234
9764,31.0,0.038148425897760976,1.9172519176237044
9765,14.0,1.520650691202865,3.21994720186506
9766,16.0,0.5072233338279082,1.9450726360082626
9767,28.0,0.5377552817564442,2.0420519624437605
9768,31.0,0.9184953003032977,2.1532570162127094
9769,39.0,1.3376805613754287e-06,1.5820760849194648
9770,22.0,0.8846139332758848,2.3266921910372647
9771,27.0,0.3442889153868896,1.966954266583478
9772,15.0,0.7826047027123227,2.2846007347106934
9773,43.0,1.1108059522994194,2.1467971136403636
9774,9.0,0.712920220853503,2.1455980406867132
9775,15.0,0.10271885914189038,1.6446112950642904
9776,11.0,0.48363430832852283,2.3760211034254595
9777,15.0,1.3633986770875572e-09,1.6213287035624186
9778,18.0,0.33537106102618675,2.1999767886267767
9779,27.0,0.3425384500383668,1.7261985672844782
9780,14.0,0.0457388111712837,1.5469449247632707
9781,48.0,0.23627502214229906,1.6644932329654694
9782,21.0,1.0451675134880694,2.2276607240949358
9783,10.0,0.4525952847379544,2.160382258892059
9784,61.0,0.8103465810175206,1.9483988871339892
9785,18.0,1.2958012927033862,3.0531825489468045
9786,33.0,0.42913402831525466,1.9070790753220066
9787,20.0,6.078244650670595e-20,1.3931039094924926
9788,20.0,0.023166126547764235,1.9234225273132324
9789,13.0,0.27790206046601024,2.3053712936548085
9790,20.0,0.14559438044881248,1.7444942116737365
9791,12.0,0.45468287891955417,2.2598892052968345
9792,11.0,1.2905371173461588,3.081128467213024
9793,17.0,0.6703345051540396,1.9397348516127642
9794,19.0,0.13116136185772193,1.823873193640458
9795,15.0,1.21332880630213e-25,1.2873099168141684
9796,16.0,0.5469458570247973,2.493099123239517
9797,38.0,0.2880490829740794,1.6222045296116878
9798,19.0,0.3356901803669888,1.8266292873181795
9799,17.0,0.7993336438272424,1.989327683168299
9800,15.0,0.9066168409910637,2.440219688415527
9801,23.0,5.603380385433236e-28,1.6131121386652407
9802,26.0,5.6033803854332395e-80,1.3514058589935303
9803,43.0,1.2318291887871413,2.1034273325010786
9804,20.0,0.4821617080975048,2.089843225479126
9805,19.0,0.41037047689727835,2.0445414844312166
9806,18.0,0.31406529539287775,2.1921795739067926
9807,28.0,0.4820645821991911,1.9319677352905273
9808,14.0,0.6879780157018229,2.1905272347586497
9809,15.0,8.588639439223869e-06,1.7444234609603881
9810,26.0,0.0002875579430696617,1.8226512716366694
9811,17.0,0.4680173870372799,2.3269903519574333
9812,17.0,0.8352593971367482,2.3528404376086067
9813,13.0,0.12238819121201806,1.6732734166658843
9814,37.0,0.002145135702050331,1.8570775470218144
9815,44.0,0.21813975720502243,1.9792184938083996
9816,15.0,1.0450933349390772,2.5973159154256185
9817,17.0,1.7171271897163882,3.0380621517405793
9818,18.0,0.6471275149323986,2.3514231310950384
9819,10.0,1.2326791206315195,3.1917561531066894
9820,14.0,0.3051979555200194,1.799212898526873
9821,20.0,0.000786686705601336,1.7242215633392335
9822,20.0,1.4362012627298433,3.043254244327545
9823,10.0,0.39169680841324744,1.727575922012329
9824,19.0,0.10819254970363137,1.8880752262316252
9825,11.0,5.251906432549507e-10,1.8367189060557971
9826,19.0,0.5744526361123793,2.396942565315648
9827,21.0,0.7220731172679418,2.1909232139587402
9828,11.0,0.14595242530190905,1.9416416666724465
9829,19.0,1.4595242530190911e-39,1.486806593443218
9830,16.0,0.3752339928407439,2.2154301702976227
9831,32.0,0.3738349805914073,2.029466461390257
9832,14.0,0.5609672451533843,2.135199887411935
9833,25.0,0.785995111895574,2.5393679618835447
9834,14.0,0.9837170872343697,2.614290271486555
9835,32.0,0.45823005466518724,2.248368561267853
9836,20.0,0.5083713675099545,1.9738159418106078
9837,11.0,0.5223651858905167,2.5045632882551714
9838,50.0,0.6204792006658195,2.1121147871017456
9839,23.0,0.21522004475335435,1.7477774723716404
9840,45.0,0.5051084942969523,1.8552825821770562
9841,31.0,0.7830090918989125,2.378366747210103
9842,39.0,4.857875141688164e-46,1.6887171329596105
9843,14.0,0.6792669001229069,2.3964238507407054
9844,9.0,1.0797285000506809,2.9612453248765735
9845,32.0,0.016149064153121298,2.059822157025337
9846,29.0,0.2715255312123623,2.300428242518984
9847,12.0,2.0070483834018456e-05,1.7355913718541462
9848,23.0,2.007048383401846e-51,1.5735310989877451
9849,61.0,1.7834997292109978,2.191915316659896
9850,13.0,1.3959382277863617,2.68100775205172
9851,12.0,0.3428234004756868,1.7981353203455608
9852,24.0,1.709533668288548,2.5807756185531616
9853,16.0,1.9512651245692187,3.184205502271652
9854,22.0,0.9556456445994674,2.4905995564027266
9855,16.0,1.837501814894328,3.35497185587883
9856,19.0,9.179547027424368e-20,1.5945247223502712
9857,15.0,9.17954702742437e-50,1.4384663422902426
9858,12.0,0.813156797218883,3.0346416234970093
9859,23.0,1.0215182551007692e-25,1.8921079117318857
9860,21.0,1.044511385152007,2.6647517567589167
9861,10.0,0.7601798857728312,2.5783735036849977
9862,20.0,0.42335029525975143,1.9971058130264283
9863,19.0,1.099441879226342,2.731346105274401
9864,13.0,1.1629637969361055,2.859266941363995
9865,29.0,7.896406082346871e-36,1.9078685497415477
9866,24.0,0.7119315940287799,2.0857219298680625
9867,13.0,0.5980093984238657,2.3343246900118313
9868,53.0,7.962355529977616e-64,1.7446690325467091
9869,12.0,1.0209478866725614,3.341544230779012
9870,14.0,0.0539020702375887,1.7121495349066598
9871,15.0,0.5710604220190729,2.537147855758667
9872,13.0,0.5091819008730979,2.708628544440636
9873,17.0,1.571041788952252e-26,1.3934927547679228
9874,29.0,0.17216999438404493,2.159657856513714
9875,11.0,0.6455883593991799,2.984033844687722
9876,20.0,1.653027820574297,2.985847735404968
9877,16.0,0.17301727148481055,1.7602830231189728
9878,65.0,0.7681140324315564,2.0359355486356296
9879,32.0,0.640218129773447,2.1812122017145157
9880,33.0,0.8597734002832724,2.2804552714029946
9881,26.0,1.307282041739259e-18,1.7625606977022612
9882,11.0,1.3072820417392593e-40,1.7105545564131304
9883,17.0,0.19663658630002567,1.976571195265826
9884,28.0,0.32359219782929105,1.6592210190636771
9885,39.0,5.871582215070331e-66,1.5188601322663136
9886,19.0,5.871582215070334e-104,1.5982991017793353
9887,19.0,0.14605438763978584,2.0255399252239026
9888,13.0,0.3150503135521205,2.1599067816367516
9889,12.0,2.9490260007802624e-23,1.430319905281067
9890,14.0,0.9909126918011572,2.746925251824515
9891,19.0,1.2057142679127684,2.829549513365093
9892,33.0,0.5560112777576195,1.9580369718147046
9893,9.0,1.4321442659428363e-05,1.4452021386888292
9894,13.0,0.3070091732773733,2.324839500280527
9895,18.0,1.019280354221479,2.691730605231391
9896,17.0,0.7768831666120972,2.6280289397520176
9897,9.0,0.8525844735874253,2.7312492264641657
9898,48.0,0.3602460814096937,2.1618335445721946
9899,51.0,3.680891160319239e-52,1.86984089309094
9900,10.0,0.903256742329437,3.339327669143677
9901,21.0,0.5720342912828529,2.2114624295915877
9902,14.0,1.5931358287933381,3.5195372104644775
9903,17.0,0.8722456641230313,2.3655998286078956
9904,21.0,0.4313375048215771,1.9873527912866502
9905,39.0,0.25383383913649143,1.927606986119197
9906,11.0,0.529053068511756,2.465804799036546
9907,42.0,0.08155341447207119,1.7553985232398623
9908,12.0,0.0018004486145210767,1.935256560643514
9909,22.0,0.1503168317938046,1.972231388092041
9910,18.0,0.3974609505681996,1.836373872227139
9911,71.0,1.2834708634424286e-40,1.6417462120593433
9912,27.0,1.4022402700955412,2.3991454265735768
9913,34.0,0.07814722088956665,1.8762458352481617
9914,16.0,0.0010448103383220045,1.7368406355381012
9915,21.0,1.0548139181995735,2.68457825978597
9916,9.0,0.4574250020642099,2.0790344874064126
9917,12.0,0.0059335059423801205,1.8553477724393208
9918,13.0,0.8873327278724048,2.470330678499662
9919,12.0,0.8543566145159807,2.4627209901809692
9920,17.0,0.3430641279629378,2.094717642840217
9921,32.0,0.11951289616975362,1.6314659267663956
9922,28.0,0.23872136606885314,2.2687306233814786
9923,24.0,1.2361949442321623,2.624256153901418
9924,12.0,0.002572817378015113,1.576205054918925
9925,13.0,0.0007830958488032952,1.6392994293799767
9926,19.0,0.4227487389258016,2.213217484323602
9927,10.0,0.1402469698201589,1.752432656288147
9928,11.0,0.21676968656399945,1.9595906951210715
9929,17.0,1.403022740735984,2.9033058531144085
9930,15.0,0.9137443231199321,2.2172595580418903
9931,28.0,6.781950760829471e-22,1.7126454881259374
9932,12.0,0.9066199078980526,2.7751819690068564
9933,22.0,0.2544910972782372,1.7684058059345593
9934,36.0,1.3528985701763885e-32,1.943780051337348
9935,63.0,8.766560998402268e-40,1.735602272881402
9936,43.0,0.0003035395381637329,1.813826926918917
9937,13.0,0.42432190080960563,2.1892148164602427
9938,29.0,0.16687213778556578,1.9229767569180192
9939,10.0,0.5398702745116184,2.422730040550232
9940,26.0,0.7010244111335265,2.3106451217944803
9941,27.0,1.6577531633886364,2.6435849401685925
9942,21.0,0.7744383250278599,2.0667622202918645
9943,24.0,1.7994966740445184e-27,1.8606808980305989
9944,17.0,1.799496674044519e-61,1.5099472719080307
9945,41.0,0.4705413942376481,1.8913324751505038
9946,12.0,0.23715212747544756,2.1375231742858887
9947,44.0,1.380813998793367,2.535751126029275
9948,20.0,0.04120715249681795,1.7107189893722534
9949,13.0,4.1207152496817955e-28,1.3095131654005785
9950,40.0,0.5584814514814129,1.951421844959259
9951,13.0,1.092106111148639,2.7605400819044847
9952,12.0,0.5407261014218474,2.354691803455353
9953,17.0,0.9375594166722061,2.5466599464416504
9954,18.0,0.503017514490749,2.197232445081075
9955,17.0,5.319276131019841e-18,1.5233768294839298
9956,12.0,0.9711804689428803,2.987796107927958
9957,13.0,0.4259795052124961,1.9990810981163611
9958,15.0,0.4656108260484154,2.4135070482889813
9959,16.0,1.0463284556896413e-19,1.4547393023967743
9960,48.0,0.8005017482226245,1.8852697014808655
9961,48.0,0.10466041938361954,2.053019384543101
9962,24.0,0.693221016136315,2.2667959133783975
9963,19.0,0.6064542000589783,1.9572423131842362
9964,17.0,0.48359812354579046,2.2668706809773163
9965,32.0,0.46144490605439836,2.0489798188209534
9966,19.0,0.26497005252692757,2.0471183626275313
9967,10.0,0.2073025912940417,2.095652627944946
9968,36.0,0.8103546017042995,2.3590465121799045
9969,58.0,0.471880751025136,1.8497098972057473
9970,19.0,0.15749261885164673,1.7454989332901805
9971,14.0,1.2720548722690697,3.2240589686802457
9972,22.0,0.837553192969079,2.604254137385975
9973,10.0,0.5844403751422914,2.202465772628784
9974,10.0,1.0084665113362126,2.96543025970459
9975,14.0,0.9616819176634998,2.359323808125087
9976,18.0,1.068275588717674,2.2745345963372126
9977,18.0,0.08646873892548075,1.9374269511964586
9978,12.0,4.4117924493705343e-16,2.019535462061564
9979,16.0,0.08019609503140793,2.0993438065052032
9980,17.0,0.8197962470436801,2.793517645667581
9981,15.0,0.8070753025215532,2.473033094406128
9982,33.0,0.390810432168601,1.889461459535541
9983,11.0,2.296655160793524,4.658257441087202
9984,44.0,0.003358132298892178,1.9993775757876309
9985,15.0,3.3581322988921806e-33,1.552095063527425
9986,8.0,3.358132298892181e-49,2.2698334455490112
9987,11.0,0.02304497730104194,2.0646044557744805
9988,40.0,0.06612787753121589,1.6576964616775514
9989,12.0,0.39270750322558406,2.164269129435221
9990,21.0,0.8315785732324489,2.516471476781936
9991,29.0,1.4851872369689698,2.713125672833673
9992,10.0,0.7483699485343391,2.391654300689697
9993,57.0,0.2378125662683731,1.8953183826647306
9994,34.0,0.7136208090984099,2.3799756064134487
9995,12.0,0.15948794621934645,1.9328323205312092
9996,14.0,0.05045098256095553,1.6540540286472865
9997,10.0,0.2938031252034843,1.869868564605713
9998,20.0,1.4812640577280092,2.784385013580322
9999,27.0,0.9474106048641239,2.121526523872658
